/home/yw4636/.conda/envs/verl/lib/python3.12/site-packages/verl/trainer/main_ppo.py:181: UserWarning: Disabled critic as algorithm.adv_estimator != gae. If it is not intended, please set critic.enable=True
  use_critic=need_critic(config),
WARNING: val_batch_size is deprecated. Validation datasets are sent to inference engines as a whole batch, which will schedule the memory themselves.
/home/yw4636/.conda/envs/verl/lib/python3.12/site-packages/verl/workers/engine/__init__.py:31: UserWarning: torchtitan engine is not available: ModuleNotFoundError("No module named 'torchtitan'")
  warnings.warn(f"torchtitan engine is not available: {e!r}", stacklevel=1)
/home/yw4636/.conda/envs/verl/lib/python3.12/site-packages/verl/workers/engine/__init__.py:40: UserWarning: veomni engine is not available: ModuleNotFoundError("No module named 'veomni'")
  warnings.warn(f"veomni engine is not available: {e!r}", stacklevel=1)
/home/yw4636/.conda/envs/verl/lib/python3.12/site-packages/verl/workers/engine/__init__.py:49: UserWarning: automodel engine is not available: ModuleNotFoundError("No module named 'nemo_automodel'")
  warnings.warn(f"automodel engine is not available: {e!r}", stacklevel=1)
/home/yw4636/.conda/envs/verl/lib/python3.12/site-packages/verl/workers/engine/mindspeed/transformer_impl.py:24: UserWarning: NPU not support router replay for now.
  from verl.utils.megatron.router_replay_patch import RouterReplay
/home/yw4636/.conda/envs/verl/lib/python3.12/site-packages/verl/workers/engine/__init__.py:59: UserWarning: mindspeed engine is not available: ModuleNotFoundError("No module named 'megatron'")
  warnings.warn(f"mindspeed engine is not available: {e!r}", stacklevel=1)
/home/yw4636/.conda/envs/verl/lib/python3.12/site-packages/verl/workers/engine/__init__.py:69: UserWarning: megatron engine is not available: ModuleNotFoundError("No module named 'megatron'")
  warnings.warn(f"megatron engine is not available: {e!r}", stacklevel=1)
[validate_config] All configuration checks passed successfully!
[2026-08-30 19:36:14,991][__main__][WARNING] - Legacy trainer `main_ppo_v0.py` is deprecated, and wil be removed in v0.9.0.Please set `trainer.use_v1=True` in config to use V1 trainer.
2026-08-30 19:36:20,982	INFO worker.py:2015 -- Started a local Ray instance. View the dashboard at [1m[32mhttp://127.0.0.1:8266 [39m[22m
[36m(pid=4172461)[0m /home/yw4636/.conda/envs/verl/lib/python3.12/site-packages/verl/workers/engine/__init__.py:31: UserWarning: torchtitan engine is not available: ModuleNotFoundError("No module named 'torchtitan'")
[36m(pid=4172461)[0m   warnings.warn(f"torchtitan engine is not available: {e!r}", stacklevel=1)
[36m(pid=4172461)[0m /home/yw4636/.conda/envs/verl/lib/python3.12/site-packages/verl/workers/engine/__init__.py:40: UserWarning: veomni engine is not available: ModuleNotFoundError("No module named 'veomni'")
[36m(pid=4172461)[0m   warnings.warn(f"veomni engine is not available: {e!r}", stacklevel=1)
[36m(pid=4172461)[0m /home/yw4636/.conda/envs/verl/lib/python3.12/site-packages/verl/workers/engine/__init__.py:49: UserWarning: automodel engine is not available: ModuleNotFoundError("No module named 'nemo_automodel'")
[36m(pid=4172461)[0m   warnings.warn(f"automodel engine is not available: {e!r}", stacklevel=1)
[36m(pid=4172461)[0m /home/yw4636/.conda/envs/verl/lib/python3.12/site-packages/verl/workers/engine/mindspeed/transformer_impl.py:24: UserWarning: NPU not support router replay for now.
[36m(pid=4172461)[0m   from verl.utils.megatron.router_replay_patch import RouterReplay
[36m(pid=4172461)[0m /home/yw4636/.conda/envs/verl/lib/python3.12/site-packages/verl/workers/engine/__init__.py:59: UserWarning: mindspeed engine is not available: ModuleNotFoundError("No module named 'megatron'")
[36m(pid=4172461)[0m   warnings.warn(f"mindspeed engine is not available: {e!r}", stacklevel=1)
[36m(pid=4172461)[0m /home/yw4636/.conda/envs/verl/lib/python3.12/site-packages/verl/workers/engine/__init__.py:69: UserWarning: megatron engine is not available: ModuleNotFoundError("No module named 'megatron'")
[36m(pid=4172461)[0m   warnings.warn(f"megatron engine is not available: {e!r}", stacklevel=1)
ray init kwargs: {'num_cpus': None, 'object_store_memory': 25769803776, 'runtime_env': {'env_vars': {'TOKENIZERS_PARALLELISM': 'true', 'NCCL_DEBUG': 'WARN', 'VLLM_LOGGING_LEVEL': 'WARN', 'VLLM_ALLOW_RUNTIME_LORA_UPDATING': 'true', 'VLLM_DISABLE_COMPILE_CACHE': '1', 'HCCL_HOST_SOCKET_PORT_RANGE': 'auto', 'HCCL_NPU_SOCKET_PORT_RANGE': 'auto', 'HSA_NO_SCRATCH_RECLAIM': '1', 'VERL_FULL_DETERMINISM': '0', 'VLLM_BATCH_INVARIANT': '0', 'VERL_RL_INSIGHT_ENABLE': '0'}, 'working_dir': None}}
[36m(TaskRunner pid=4172461)[0m TaskRunner hostname: srv1-lg2.bed.cosmos-lab.org, PID: 4172461
[36m(TaskRunner pid=4172461)[0m {'actor_rollout_ref': {'actor': {'_target_': 'verl.workers.config.FSDPActorConfig',
[36m(TaskRunner pid=4172461)[0m                                  'calculate_entropy': False,
[36m(TaskRunner pid=4172461)[0m                                  'calculate_sum_pi_squared': False,
[36m(TaskRunner pid=4172461)[0m                                  'checkpoint': {'_target_': 'verl.trainer.config.CheckpointConfig',
[36m(TaskRunner pid=4172461)[0m                                                 'async_save': False,
[36m(TaskRunner pid=4172461)[0m                                                 'load_contents': ['model',
[36m(TaskRunner pid=4172461)[0m                                                                   'optimizer',
[36m(TaskRunner pid=4172461)[0m                                                                   'extra'],
[36m(TaskRunner pid=4172461)[0m                                                 'save_contents': ['model',
[36m(TaskRunner pid=4172461)[0m                                                                   'optimizer',
[36m(TaskRunner pid=4172461)[0m                                                                   'extra'],
[36m(TaskRunner pid=4172461)[0m                                                 'strict': True},
[36m(TaskRunner pid=4172461)[0m                                  'clip_ratio': 0.2,
[36m(TaskRunner pid=4172461)[0m                                  'clip_ratio_c': 3.0,
[36m(TaskRunner pid=4172461)[0m                                  'clip_ratio_high': 0.2,
[36m(TaskRunner pid=4172461)[0m                                  'clip_ratio_low': 0.2,
[36m(TaskRunner pid=4172461)[0m                                  'data_loader_seed': 42,
[36m(TaskRunner pid=4172461)[0m                                  'entropy_checkpointing': False,
[36m(TaskRunner pid=4172461)[0m                                  'entropy_coeff': 0,
[36m(TaskRunner pid=4172461)[0m                                  'entropy_from_logits_chunk_size': 2048,
[36m(TaskRunner pid=4172461)[0m                                  'entropy_from_logits_with_chunking': False,
[36m(TaskRunner pid=4172461)[0m                                  'freeze_vision_tower': False,
[36m(TaskRunner pid=4172461)[0m                                  'fsdp_config': {'_target_': 'verl.workers.config.FSDPEngineConfig',
[36m(TaskRunner pid=4172461)[0m                                                  'dtype': 'bfloat16',
[36m(TaskRunner pid=4172461)[0m                                                  'entropy_checkpointing': False,
[36m(TaskRunner pid=4172461)[0m                                                  'entropy_from_logits_chunk_size': 2048,
[36m(TaskRunner pid=4172461)[0m                                                  'entropy_from_logits_with_chunking': False,
[36m(TaskRunner pid=4172461)[0m                                                  'forward_only': False,
[36m(TaskRunner pid=4172461)[0m                                                  'forward_prefetch': False,
[36m(TaskRunner pid=4172461)[0m                                                  'fsdp_size': -1,
[36m(TaskRunner pid=4172461)[0m                                                  'full_determinism': False,
[36m(TaskRunner pid=4172461)[0m                                                  'model_dtype': 'fp32',
[36m(TaskRunner pid=4172461)[0m                                                  'offload_policy': False,
[36m(TaskRunner pid=4172461)[0m                                                  'optimizer_offload': False,
[36m(TaskRunner pid=4172461)[0m                                                  'pad_to_length': False,
[36m(TaskRunner pid=4172461)[0m                                                  'pad_to_length_bucket': 1024,
[36m(TaskRunner pid=4172461)[0m                                                  'param_offload': False,
[36m(TaskRunner pid=4172461)[0m                                                  'qat': {'_target_': 'verl.workers.config.QATEngineConfig',
[36m(TaskRunner pid=4172461)[0m                                                          'activation_observer': 'static_minmax',
[36m(TaskRunner pid=4172461)[0m                                                          'enable': False,
[36m(TaskRunner pid=4172461)[0m                                                          'group_size': 16,
[36m(TaskRunner pid=4172461)[0m                                                          'ignore_patterns': ['lm_head',
[36m(TaskRunner pid=4172461)[0m                                                                              'embed_tokens',
[36m(TaskRunner pid=4172461)[0m                                                                              're:.*mlp.gate$'],
[36m(TaskRunner pid=4172461)[0m                                                          'mode': 'w4a16',
[36m(TaskRunner pid=4172461)[0m                                                          'quantization_config_path': None},
[36m(TaskRunner pid=4172461)[0m                                                  'reshard_after_forward': True,
[36m(TaskRunner pid=4172461)[0m                                                  'seed': 42,
[36m(TaskRunner pid=4172461)[0m                                                  'strategy': 'fsdp',
[36m(TaskRunner pid=4172461)[0m                                                  'ulysses_sequence_parallel_size': 1,
[36m(TaskRunner pid=4172461)[0m                                                  'use_orig_params': False,
[36m(TaskRunner pid=4172461)[0m                                                  'use_torch_compile': True,
[36m(TaskRunner pid=4172461)[0m                                                  'wrap_policy': {'min_num_params': 0}},
[36m(TaskRunner pid=4172461)[0m                                  'grad_clip': 1.0,
[36m(TaskRunner pid=4172461)[0m                                  'kl_loss_coef': 0.001,
[36m(TaskRunner pid=4172461)[0m                                  'kl_loss_type': 'low_var_kl',
[36m(TaskRunner pid=4172461)[0m                                  'loss_agg_mode': 'token-mean',
[36m(TaskRunner pid=4172461)[0m                                  'loss_scale_factor': None,
[36m(TaskRunner pid=4172461)[0m                                  'optim': {'_target_': 'verl.workers.config.FSDPOptimizerConfig',
[36m(TaskRunner pid=4172461)[0m                                            'betas': [0.9, 0.999],
[36m(TaskRunner pid=4172461)[0m                                            'clip_grad': 1.0,
[36m(TaskRunner pid=4172461)[0m                                            'lr': 1e-05,
[36m(TaskRunner pid=4172461)[0m                                            'lr_scheduler_type': 'cosine',
[36m(TaskRunner pid=4172461)[0m                                            'lr_warmup_steps': -1,
[36m(TaskRunner pid=4172461)[0m                                            'lr_warmup_steps_ratio': 0.0,
[36m(TaskRunner pid=4172461)[0m                                            'min_lr_ratio': 0.1,
[36m(TaskRunner pid=4172461)[0m                                            'num_cycles': 0.5,
[36m(TaskRunner pid=4172461)[0m                                            'optimizer': 'AdamW',
[36m(TaskRunner pid=4172461)[0m                                            'optimizer_impl': 'torch.optim',
[36m(TaskRunner pid=4172461)[0m                                            'override_optimizer_config': None,
[36m(TaskRunner pid=4172461)[0m                                            'total_training_steps': -1,
[36m(TaskRunner pid=4172461)[0m                                            'warmup_style': None,
[36m(TaskRunner pid=4172461)[0m                                            'weight_decay': 0.01,
[36m(TaskRunner pid=4172461)[0m                                            'zero_indexed_step': True},
[36m(TaskRunner pid=4172461)[0m                                  'pad_to_length': False,
[36m(TaskRunner pid=4172461)[0m                                  'policy_loss': {'_target_': 'verl.workers.config.PolicyLossConfig',
[36m(TaskRunner pid=4172461)[0m                                                  'clip_cov_lb': 1.0,
[36m(TaskRunner pid=4172461)[0m                                                  'clip_cov_ratio': 0.0002,
[36m(TaskRunner pid=4172461)[0m                                                  'clip_cov_ub': 5.0,
[36m(TaskRunner pid=4172461)[0m                                                  'dro_beta': None,
[36m(TaskRunner pid=4172461)[0m                                                  'kl_cov_ratio': 0.0002,
[36m(TaskRunner pid=4172461)[0m                                                  'loss_mode': 'vanilla',
[36m(TaskRunner pid=4172461)[0m                                                  'ppo_kl_coef': 0.1},
[36m(TaskRunner pid=4172461)[0m                                  'ppo_epochs': 1,
[36m(TaskRunner pid=4172461)[0m                                  'ppo_max_token_len_per_gpu': 24576,
[36m(TaskRunner pid=4172461)[0m                                  'ppo_micro_batch_size': None,
[36m(TaskRunner pid=4172461)[0m                                  'ppo_micro_batch_size_per_gpu': None,
[36m(TaskRunner pid=4172461)[0m                                  'ppo_mini_batch_size': 8,
[36m(TaskRunner pid=4172461)[0m                                  'profiler': {'_target_': 'verl.utils.profiler.ProfilerConfig',
[36m(TaskRunner pid=4172461)[0m                                               'all_ranks': False,
[36m(TaskRunner pid=4172461)[0m                                               'enable': False,
[36m(TaskRunner pid=4172461)[0m                                               'ranks': [],
[36m(TaskRunner pid=4172461)[0m                                               'save_path': 'outputs/profile',
[36m(TaskRunner pid=4172461)[0m                                               'tool': None,
[36m(TaskRunner pid=4172461)[0m                                               'tool_config': {'npu': {'_target_': 'verl.utils.profiler.config.NPUToolConfig',
[36m(TaskRunner pid=4172461)[0m                                                                       'analysis': True,
[36m(TaskRunner pid=4172461)[0m                                                                       'contents': [],
[36m(TaskRunner pid=4172461)[0m                                                                       'discrete': False,
[36m(TaskRunner pid=4172461)[0m                                                                       'level': 'level0'},
[36m(TaskRunner pid=4172461)[0m                                                               'nsys': {'_target_': 'verl.utils.profiler.config.NsightToolConfig',
[36m(TaskRunner pid=4172461)[0m                                                                        'discrete': False},
[36m(TaskRunner pid=4172461)[0m                                                               'precision_debugger': {'_target_': 'verl.utils.profiler.config.PrecisionDebuggerToolConfig',
[36m(TaskRunner pid=4172461)[0m                                                                                      'config_path': None,
[36m(TaskRunner pid=4172461)[0m                                                                                      'stages': None,
[36m(TaskRunner pid=4172461)[0m                                                                                      'steps': None,
[36m(TaskRunner pid=4172461)[0m                                                                                      'strict': False},
[36m(TaskRunner pid=4172461)[0m                                                               'torch': {'_target_': 'verl.utils.profiler.config.TorchProfilerToolConfig',
[36m(TaskRunner pid=4172461)[0m                                                                         'contents': [],
[36m(TaskRunner pid=4172461)[0m                                                                         'discrete': False,
[36m(TaskRunner pid=4172461)[0m                                                                         'schedule': {'_target_': 'verl.utils.profiler.config.TorchProfilerScheduleConfig',
[36m(TaskRunner pid=4172461)[0m                                                                                      'active': 0,
[36m(TaskRunner pid=4172461)[0m                                                                                      'repeat': 0,
[36m(TaskRunner pid=4172461)[0m                                                                                      'skip_first': 0,
[36m(TaskRunner pid=4172461)[0m                                                                                      'wait': 0,
[36m(TaskRunner pid=4172461)[0m                                                                                      'warmup': 0}},
[36m(TaskRunner pid=4172461)[0m                                                               'torch_memory': {'_target_': 'verl.utils.profiler.config.TorchMemoryToolConfig',
[36m(TaskRunner pid=4172461)[0m                                                                                'stack_depth': 32,
[36m(TaskRunner pid=4172461)[0m                                                                                'trace_alloc_max_entries': 100000}}},
[36m(TaskRunner pid=4172461)[0m                                  'qat': {'activation_observer': 'static_minmax',
[36m(TaskRunner pid=4172461)[0m                                          'enable': False,
[36m(TaskRunner pid=4172461)[0m                                          'group_size': 16,
[36m(TaskRunner pid=4172461)[0m                                          'ignore_patterns': ['lm_head',
[36m(TaskRunner pid=4172461)[0m                                                              'embed_tokens',
[36m(TaskRunner pid=4172461)[0m                                                              're:.*mlp.gate$'],
[36m(TaskRunner pid=4172461)[0m                                          'mode': 'w4a16',
[36m(TaskRunner pid=4172461)[0m                                          'quantization_config_path': None},
[36m(TaskRunner pid=4172461)[0m                                  'rollout_n': 16,
[36m(TaskRunner pid=4172461)[0m                                  'router_replay': {'_target_': 'verl.workers.config.RouterReplayConfig',
[36m(TaskRunner pid=4172461)[0m                                                    'mode': 'disabled',
[36m(TaskRunner pid=4172461)[0m                                                    'record_file': None,
[36m(TaskRunner pid=4172461)[0m                                                    'replay_file': None},
[36m(TaskRunner pid=4172461)[0m                                  'shuffle': False,
[36m(TaskRunner pid=4172461)[0m                                  'strategy': 'fsdp2',
[36m(TaskRunner pid=4172461)[0m                                  'tau_neg': 1.05,
[36m(TaskRunner pid=4172461)[0m                                  'tau_pos': 1.0,
[36m(TaskRunner pid=4172461)[0m                                  'ulysses_sequence_parallel_size': 1,
[36m(TaskRunner pid=4172461)[0m                                  'use_dynamic_bsz': True,
[36m(TaskRunner pid=4172461)[0m                                  'use_fused_kernels': False,
[36m(TaskRunner pid=4172461)[0m                                  'use_kl_loss': True,
[36m(TaskRunner pid=4172461)[0m                                  'use_prefix_grouper': False,
[36m(TaskRunner pid=4172461)[0m                                  'use_remove_padding': True,
[36m(TaskRunner pid=4172461)[0m                                  'use_torch_compile': True},
[36m(TaskRunner pid=4172461)[0m                        'hybrid_engine': True,
[36m(TaskRunner pid=4172461)[0m                        'model': {'_target_': 'verl.workers.config.HFModelConfig',
[36m(TaskRunner pid=4172461)[0m                                  'custom_chat_template': None,
[36m(TaskRunner pid=4172461)[0m                                  'enable_activation_offload': False,
[36m(TaskRunner pid=4172461)[0m                                  'enable_gradient_checkpointing': True,
[36m(TaskRunner pid=4172461)[0m                                  'exclude_modules': '.*visual.*',
[36m(TaskRunner pid=4172461)[0m                                  'external_lib': None,
[36m(TaskRunner pid=4172461)[0m                                  'fused_kernel_options': {'impl_backend': 'torch'},
[36m(TaskRunner pid=4172461)[0m                                  'hf_config_path': None,
[36m(TaskRunner pid=4172461)[0m                                  'lora': {'a2a_experimental': False,
[36m(TaskRunner pid=4172461)[0m                                           'adapter_path': None,
[36m(TaskRunner pid=4172461)[0m                                           'alpha': 32,
[36m(TaskRunner pid=4172461)[0m                                           'dropout': 0.0,
[36m(TaskRunner pid=4172461)[0m                                           'dropout_position': 'pre',
[36m(TaskRunner pid=4172461)[0m                                           'dtype': None,
[36m(TaskRunner pid=4172461)[0m                                           'exclude_modules': [],
[36m(TaskRunner pid=4172461)[0m                                           'freeze_language_model': True,
[36m(TaskRunner pid=4172461)[0m                                           'freeze_vision_model': True,
[36m(TaskRunner pid=4172461)[0m                                           'freeze_vision_projection': True,
[36m(TaskRunner pid=4172461)[0m                                           'lora_A_init_method': 'xavier',
[36m(TaskRunner pid=4172461)[0m                                           'lora_B_init_method': 'zero',
[36m(TaskRunner pid=4172461)[0m                                           'merge': False,
[36m(TaskRunner pid=4172461)[0m                                           'rank': 0,
[36m(TaskRunner pid=4172461)[0m                                           'target_modules': ['linear_qkv',
[36m(TaskRunner pid=4172461)[0m                                                              'linear_proj',
[36m(TaskRunner pid=4172461)[0m                                                              'linear_fc1',
[36m(TaskRunner pid=4172461)[0m                                                              'linear_fc2'],
[36m(TaskRunner pid=4172461)[0m                                           'type': 'lora'},
[36m(TaskRunner pid=4172461)[0m                                  'lora_adapter_path': None,
[36m(TaskRunner pid=4172461)[0m                                  'lora_alpha': 32,
[36m(TaskRunner pid=4172461)[0m                                  'lora_rank': 16,
[36m(TaskRunner pid=4172461)[0m                                  'mtp': {'_target_': 'verl.workers.config.MtpConfig',
[36m(TaskRunner pid=4172461)[0m                                          'detach_encoder': False,
[36m(TaskRunner pid=4172461)[0m                                          'enable': False,
[36m(TaskRunner pid=4172461)[0m                                          'enable_rollout': False,
[36m(TaskRunner pid=4172461)[0m                                          'enable_train': False,
[36m(TaskRunner pid=4172461)[0m                                          'method': 'mtp',
[36m(TaskRunner pid=4172461)[0m                                          'mtp_loss_scaling_factor': 0.1,
[36m(TaskRunner pid=4172461)[0m                                          'num_speculative_tokens': 1,
[36m(TaskRunner pid=4172461)[0m                                          'speculative_algorithm': 'EAGLE',
[36m(TaskRunner pid=4172461)[0m                                          'speculative_eagle_topk': 1,
[36m(TaskRunner pid=4172461)[0m                                          'speculative_num_draft_tokens': 4,
[36m(TaskRunner pid=4172461)[0m                                          'speculative_num_steps': 3},
[36m(TaskRunner pid=4172461)[0m                                  'override_config': {},
[36m(TaskRunner pid=4172461)[0m                                  'path': '/home/yw4636/agentic-tvg/results/sft-mix/merged',
[36m(TaskRunner pid=4172461)[0m                                  'target_modules': 'all-linear',
[36m(TaskRunner pid=4172461)[0m                                  'tiled_mlp': {'enabled': False,
[36m(TaskRunner pid=4172461)[0m                                                'num_shards': 4},
[36m(TaskRunner pid=4172461)[0m                                  'tokenizer_path': None,
[36m(TaskRunner pid=4172461)[0m                                  'trust_remote_code': False,
[36m(TaskRunner pid=4172461)[0m                                  'use_fused_kernels': False,
[36m(TaskRunner pid=4172461)[0m                                  'use_liger': False,
[36m(TaskRunner pid=4172461)[0m                                  'use_remove_padding': True,
[36m(TaskRunner pid=4172461)[0m                                  'use_shm': False},
[36m(TaskRunner pid=4172461)[0m                        'nccl_timeout': 600,
[36m(TaskRunner pid=4172461)[0m                        'ref': {'_target_': 'verl.workers.config.FSDPActorConfig',
[36m(TaskRunner pid=4172461)[0m                                'entropy_checkpointing': False,
[36m(TaskRunner pid=4172461)[0m                                'entropy_from_logits_chunk_size': 2048,
[36m(TaskRunner pid=4172461)[0m                                'entropy_from_logits_with_chunking': False,
[36m(TaskRunner pid=4172461)[0m                                'fsdp_config': {'_target_': 'verl.workers.config.FSDPEngineConfig',
[36m(TaskRunner pid=4172461)[0m                                                'dtype': 'bfloat16',
[36m(TaskRunner pid=4172461)[0m                                                'entropy_checkpointing': False,
[36m(TaskRunner pid=4172461)[0m                                                'entropy_from_logits_chunk_size': 2048,
[36m(TaskRunner pid=4172461)[0m                                                'entropy_from_logits_with_chunking': False,
[36m(TaskRunner pid=4172461)[0m                                                'forward_only': True,
[36m(TaskRunner pid=4172461)[0m                                                'forward_prefetch': False,
[36m(TaskRunner pid=4172461)[0m                                                'fsdp_size': -1,
[36m(TaskRunner pid=4172461)[0m                                                'full_determinism': False,
[36m(TaskRunner pid=4172461)[0m                                                'model_dtype': 'fp32',
[36m(TaskRunner pid=4172461)[0m                                                'offload_policy': False,
[36m(TaskRunner pid=4172461)[0m                                                'optimizer_offload': False,
[36m(TaskRunner pid=4172461)[0m                                                'pad_to_length': False,
[36m(TaskRunner pid=4172461)[0m                                                'pad_to_length_bucket': 1024,
[36m(TaskRunner pid=4172461)[0m                                                'param_offload': False,
[36m(TaskRunner pid=4172461)[0m                                                'qat': {'_target_': 'verl.workers.config.QATEngineConfig',
[36m(TaskRunner pid=4172461)[0m                                                        'activation_observer': 'static_minmax',
[36m(TaskRunner pid=4172461)[0m                                                        'enable': False,
[36m(TaskRunner pid=4172461)[0m                                                        'group_size': 16,
[36m(TaskRunner pid=4172461)[0m                                                        'ignore_patterns': ['lm_head',
[36m(TaskRunner pid=4172461)[0m                                                                            'embed_tokens',
[36m(TaskRunner pid=4172461)[0m                                                                            're:.*mlp.gate$'],
[36m(TaskRunner pid=4172461)[0m                                                        'mode': 'w4a16',
[36m(TaskRunner pid=4172461)[0m                                                        'quantization_config_path': None},
[36m(TaskRunner pid=4172461)[0m                                                'reshard_after_forward': True,
[36m(TaskRunner pid=4172461)[0m                                                'seed': 42,
[36m(TaskRunner pid=4172461)[0m                                                'strategy': 'fsdp',
[36m(TaskRunner pid=4172461)[0m                                                'ulysses_sequence_parallel_size': 1,
[36m(TaskRunner pid=4172461)[0m                                                'use_orig_params': False,
[36m(TaskRunner pid=4172461)[0m                                                'use_torch_compile': True,
[36m(TaskRunner pid=4172461)[0m                                                'wrap_policy': {'min_num_params': 0}},
[36m(TaskRunner pid=4172461)[0m                                'log_prob_max_token_len_per_gpu': 24576,
[36m(TaskRunner pid=4172461)[0m                                'log_prob_micro_batch_size': None,
[36m(TaskRunner pid=4172461)[0m                                'log_prob_micro_batch_size_per_gpu': None,
[36m(TaskRunner pid=4172461)[0m                                'log_prob_use_dynamic_bsz': True,
[36m(TaskRunner pid=4172461)[0m                                'pad_to_length': False,
[36m(TaskRunner pid=4172461)[0m                                'profiler': {'_target_': 'verl.utils.profiler.ProfilerConfig',
[36m(TaskRunner pid=4172461)[0m                                             'all_ranks': False,
[36m(TaskRunner pid=4172461)[0m                                             'enable': False,
[36m(TaskRunner pid=4172461)[0m                                             'ranks': [],
[36m(TaskRunner pid=4172461)[0m                                             'save_path': 'outputs/profile',
[36m(TaskRunner pid=4172461)[0m                                             'tool': None,
[36m(TaskRunner pid=4172461)[0m                                             'tool_config': {'npu': {'_target_': 'verl.utils.profiler.config.NPUToolConfig',
[36m(TaskRunner pid=4172461)[0m                                                                     'analysis': True,
[36m(TaskRunner pid=4172461)[0m                                                                     'contents': [],
[36m(TaskRunner pid=4172461)[0m                                                                     'discrete': False,
[36m(TaskRunner pid=4172461)[0m                                                                     'level': 'level0'},
[36m(TaskRunner pid=4172461)[0m                                                             'nsys': {'_target_': 'verl.utils.profiler.config.NsightToolConfig',
[36m(TaskRunner pid=4172461)[0m                                                                      'discrete': False},
[36m(TaskRunner pid=4172461)[0m                                                             'precision_debugger': {'_target_': 'verl.utils.profiler.config.PrecisionDebuggerToolConfig',
[36m(TaskRunner pid=4172461)[0m                                                                                    'config_path': None,
[36m(TaskRunner pid=4172461)[0m                                                                                    'stages': None,
[36m(TaskRunner pid=4172461)[0m                                                                                    'steps': None,
[36m(TaskRunner pid=4172461)[0m                                                                                    'strict': False},
[36m(TaskRunner pid=4172461)[0m                                                             'torch': {'_target_': 'verl.utils.profiler.config.TorchProfilerToolConfig',
[36m(TaskRunner pid=4172461)[0m                                                                       'contents': [],
[36m(TaskRunner pid=4172461)[0m                                                                       'discrete': False,
[36m(TaskRunner pid=4172461)[0m                                                                       'schedule': {'_target_': 'verl.utils.profiler.config.TorchProfilerScheduleConfig',
[36m(TaskRunner pid=4172461)[0m                                                                                    'active': 0,
[36m(TaskRunner pid=4172461)[0m                                                                                    'repeat': 0,
[36m(TaskRunner pid=4172461)[0m                                                                                    'skip_first': 0,
[36m(TaskRunner pid=4172461)[0m                                                                                    'wait': 0,
[36m(TaskRunner pid=4172461)[0m                                                                                    'warmup': 0}},
[36m(TaskRunner pid=4172461)[0m                                                             'torch_memory': {'_target_': 'verl.utils.profiler.config.TorchMemoryToolConfig',
[36m(TaskRunner pid=4172461)[0m                                                                              'stack_depth': 32,
[36m(TaskRunner pid=4172461)[0m                                                                              'trace_alloc_max_entries': 100000}}},
[36m(TaskRunner pid=4172461)[0m                                'rollout_n': 16,
[36m(TaskRunner pid=4172461)[0m                                'router_replay': {'_target_': 'verl.workers.config.RouterReplayConfig',
[36m(TaskRunner pid=4172461)[0m                                                  'mode': 'disabled',
[36m(TaskRunner pid=4172461)[0m                                                  'record_file': None,
[36m(TaskRunner pid=4172461)[0m                                                  'replay_file': None},
[36m(TaskRunner pid=4172461)[0m                                'strategy': 'fsdp2',
[36m(TaskRunner pid=4172461)[0m                                'ulysses_sequence_parallel_size': 1,
[36m(TaskRunner pid=4172461)[0m                                'use_torch_compile': True},
[36m(TaskRunner pid=4172461)[0m                        'rollout': {'_target_': 'verl.workers.config.RolloutConfig',
[36m(TaskRunner pid=4172461)[0m                                    'agent': {'_target_': 'verl.workers.config.AgentLoopConfig',
[36m(TaskRunner pid=4172461)[0m                                              'agent_loop_config_path': None,
[36m(TaskRunner pid=4172461)[0m                                              'custom_async_server': {'_target_': 'verl.workers.config.CustomAsyncServerConfig',
[36m(TaskRunner pid=4172461)[0m                                                                      'name': None,
[36m(TaskRunner pid=4172461)[0m                                                                      'path': None},
[36m(TaskRunner pid=4172461)[0m                                              'default_agent_loop': 'tool_agent',
[36m(TaskRunner pid=4172461)[0m                                              'num_workers': 8},
[36m(TaskRunner pid=4172461)[0m                                    'calculate_log_probs': True,
[36m(TaskRunner pid=4172461)[0m                                    'checkpoint_engine': {'_target_': 'verl.workers.config.CheckpointEngineConfig',
[36m(TaskRunner pid=4172461)[0m                                                          'backend': 'naive',
[36m(TaskRunner pid=4172461)[0m                                                          'custom_backend_module': None,
[36m(TaskRunner pid=4172461)[0m                                                          'engine_kwargs': {},
[36m(TaskRunner pid=4172461)[0m                                                          'update_weights_bucket_megabytes': 2048},
[36m(TaskRunner pid=4172461)[0m                                    'cudagraph_capture_sizes': None,
[36m(TaskRunner pid=4172461)[0m                                    'data_parallel_size': 1,
[36m(TaskRunner pid=4172461)[0m                                    'disable_log_stats': True,
[36m(TaskRunner pid=4172461)[0m                                    'disaggregation': {'bootstrap_port': None,
[36m(TaskRunner pid=4172461)[0m                                                       'decode_replicas': 1,
[36m(TaskRunner pid=4172461)[0m                                                       'decode_tensor_model_parallel_size': None,
[36m(TaskRunner pid=4172461)[0m                                                       'enabled': False,
[36m(TaskRunner pid=4172461)[0m                                                       'ib_device': None,
[36m(TaskRunner pid=4172461)[0m                                                       'prefill_replicas': 1,
[36m(TaskRunner pid=4172461)[0m                                                       'transfer_backend': 'nixl'},
[36m(TaskRunner pid=4172461)[0m                                    'do_sample': True,
[36m(TaskRunner pid=4172461)[0m                                    'dtype': 'bfloat16',
[36m(TaskRunner pid=4172461)[0m                                    'enable_chunked_prefill': True,
[36m(TaskRunner pid=4172461)[0m                                    'enable_prefix_caching': True,
[36m(TaskRunner pid=4172461)[0m                                    'enable_rollout_routing_replay': False,
[36m(TaskRunner pid=4172461)[0m                                    'enforce_eager': False,
[36m(TaskRunner pid=4172461)[0m                                    'engine_kwargs': {'sglang': {},
[36m(TaskRunner pid=4172461)[0m                                                      'trtllm': {},
[36m(TaskRunner pid=4172461)[0m                                                      'vllm': {'mm_processor_kwargs': {'max_pixels': 150528}}},
[36m(TaskRunner pid=4172461)[0m                                    'expert_parallel_size': 1,
[36m(TaskRunner pid=4172461)[0m                                    'free_cache_engine': True,
[36m(TaskRunner pid=4172461)[0m                                    'full_determinism': False,
[36m(TaskRunner pid=4172461)[0m                                    'gpu_memory_utilization': 0.65,
[36m(TaskRunner pid=4172461)[0m                                    'ignore_eos': False,
[36m(TaskRunner pid=4172461)[0m                                    'layered_summon': True,
[36m(TaskRunner pid=4172461)[0m                                    'limit_images': 112,
[36m(TaskRunner pid=4172461)[0m                                    'load_format': 'safetensors',
[36m(TaskRunner pid=4172461)[0m                                    'log_prob_max_token_len_per_gpu': 24576,
[36m(TaskRunner pid=4172461)[0m                                    'log_prob_micro_batch_size': None,
[36m(TaskRunner pid=4172461)[0m                                    'log_prob_micro_batch_size_per_gpu': None,
[36m(TaskRunner pid=4172461)[0m                                    'log_prob_use_dynamic_bsz': True,
[36m(TaskRunner pid=4172461)[0m                                    'logprobs_mode': 'processed_logprobs',
[36m(TaskRunner pid=4172461)[0m                                    'max_model_len': 20992,
[36m(TaskRunner pid=4172461)[0m                                    'max_num_batched_tokens': 24576,
[36m(TaskRunner pid=4172461)[0m                                    'max_num_seqs': 256,
[36m(TaskRunner pid=4172461)[0m                                    'mode': 'async',
[36m(TaskRunner pid=4172461)[0m                                    'moe_load_balance_metrics_interval': 0,
[36m(TaskRunner pid=4172461)[0m                                    'mtp': {'_target_': 'verl.workers.config.MtpConfig',
[36m(TaskRunner pid=4172461)[0m                                            'detach_encoder': False,
[36m(TaskRunner pid=4172461)[0m                                            'enable': False,
[36m(TaskRunner pid=4172461)[0m                                            'enable_rollout': False,
[36m(TaskRunner pid=4172461)[0m                                            'enable_train': False,
[36m(TaskRunner pid=4172461)[0m                                            'method': 'mtp',
[36m(TaskRunner pid=4172461)[0m                                            'mtp_loss_scaling_factor': 0.1,
[36m(TaskRunner pid=4172461)[0m                                            'num_speculative_tokens': 1,
[36m(TaskRunner pid=4172461)[0m                                            'speculative_algorithm': 'EAGLE',
[36m(TaskRunner pid=4172461)[0m                                            'speculative_eagle_topk': 1,
[36m(TaskRunner pid=4172461)[0m                                            'speculative_num_draft_tokens': 4,
[36m(TaskRunner pid=4172461)[0m                                            'speculative_num_steps': 3},
[36m(TaskRunner pid=4172461)[0m                                    'multi_stage_wake_up': False,
[36m(TaskRunner pid=4172461)[0m                                    'multi_turn': {'_target_': 'verl.workers.config.MultiTurnConfig',
[36m(TaskRunner pid=4172461)[0m                                                   'enable': True,
[36m(TaskRunner pid=4172461)[0m                                                   'format': 'hermes',
[36m(TaskRunner pid=4172461)[0m                                                   'function_tool_path': None,
[36m(TaskRunner pid=4172461)[0m                                                   'max_assistant_turns': 4,
[36m(TaskRunner pid=4172461)[0m                                                   'max_parallel_calls': 1,
[36m(TaskRunner pid=4172461)[0m                                                   'max_tool_response_length': 2048,
[36m(TaskRunner pid=4172461)[0m                                                   'max_user_turns': 3,
[36m(TaskRunner pid=4172461)[0m                                                   'num_repeat_rollouts': None,
[36m(TaskRunner pid=4172461)[0m                                                   'tokenization_sanity_check_mode': 'strict',
[36m(TaskRunner pid=4172461)[0m                                                   'tool_config_path': '/home/yw4636/agentic-tvg/crop_video_tool.yaml',
[36m(TaskRunner pid=4172461)[0m                                                   'tool_response_truncate_side': 'middle',
[36m(TaskRunner pid=4172461)[0m                                                   'use_inference_chat_template': False},
[36m(TaskRunner pid=4172461)[0m                                    'n': 16,
[36m(TaskRunner pid=4172461)[0m                                    'n_gpus_per_node': 1,
[36m(TaskRunner pid=4172461)[0m                                    'name': 'vllm',
[36m(TaskRunner pid=4172461)[0m                                    'nnodes': 0,
[36m(TaskRunner pid=4172461)[0m                                    'over_sample_rate': 0,
[36m(TaskRunner pid=4172461)[0m                                    'pipeline_model_parallel_size': 1,
[36m(TaskRunner pid=4172461)[0m                                    'profiler': {'_target_': 'verl.utils.profiler.ProfilerConfig',
[36m(TaskRunner pid=4172461)[0m                                                 'all_ranks': False,
[36m(TaskRunner pid=4172461)[0m                                                 'enable': False,
[36m(TaskRunner pid=4172461)[0m                                                 'ranks': [],
[36m(TaskRunner pid=4172461)[0m                                                 'save_path': 'outputs/profile',
[36m(TaskRunner pid=4172461)[0m                                                 'tool': None,
[36m(TaskRunner pid=4172461)[0m                                                 'tool_config': {'npu': {'_target_': 'verl.utils.profiler.config.NPUToolConfig',
[36m(TaskRunner pid=4172461)[0m                                                                         'analysis': True,
[36m(TaskRunner pid=4172461)[0m                                                                         'contents': [],
[36m(TaskRunner pid=4172461)[0m                                                                         'discrete': False,
[36m(TaskRunner pid=4172461)[0m                                                                         'level': 'level0',
[36m(TaskRunner pid=4172461)[0m                                                                         'profile_token_end': None,
[36m(TaskRunner pid=4172461)[0m                                                                         'profile_token_start': None},
[36m(TaskRunner pid=4172461)[0m                                                                 'precision_debugger': {'_target_': 'verl.utils.profiler.config.PrecisionDebuggerToolConfig',
[36m(TaskRunner pid=4172461)[0m                                                                                        'config_path': None,
[36m(TaskRunner pid=4172461)[0m                                                                                        'stages': None,
[36m(TaskRunner pid=4172461)[0m                                                                                        'steps': None,
[36m(TaskRunner pid=4172461)[0m                                                                                        'strict': False},
[36m(TaskRunner pid=4172461)[0m                                                                 'torch': {'_target_': 'verl.utils.profiler.config.TorchProfilerToolConfig',
[36m(TaskRunner pid=4172461)[0m                                                                           'contents': [],
[36m(TaskRunner pid=4172461)[0m                                                                           'discrete': False,
[36m(TaskRunner pid=4172461)[0m                                                                           'profile_token_end': None,
[36m(TaskRunner pid=4172461)[0m                                                                           'profile_token_start': None}}},
[36m(TaskRunner pid=4172461)[0m                                    'prometheus': {'_target_': 'verl.workers.config.PrometheusConfig',
[36m(TaskRunner pid=4172461)[0m                                                   'enable': False,
[36m(TaskRunner pid=4172461)[0m                                                   'file': '/tmp/ray/session_latest/metrics/prometheus/prometheus.yml',
[36m(TaskRunner pid=4172461)[0m                                                   'port': 9090,
[36m(TaskRunner pid=4172461)[0m                                                   'served_model_name': '/home/yw4636/agentic-tvg/results/sft-mix/merged'},
[36m(TaskRunner pid=4172461)[0m                                    'prompt_length': 4608,
[36m(TaskRunner pid=4172461)[0m                                    'qat': {'_target_': 'verl.workers.config.QATEngineConfig',
[36m(TaskRunner pid=4172461)[0m                                            'activation_observer': 'static_minmax',
[36m(TaskRunner pid=4172461)[0m                                            'enable': False,
[36m(TaskRunner pid=4172461)[0m                                            'group_size': 16,
[36m(TaskRunner pid=4172461)[0m                                            'ignore_patterns': ['lm_head',
[36m(TaskRunner pid=4172461)[0m                                                                'embed_tokens',
[36m(TaskRunner pid=4172461)[0m                                                                're:.*mlp.gate$'],
[36m(TaskRunner pid=4172461)[0m                                            'mode': 'w4a16',
[36m(TaskRunner pid=4172461)[0m                                            'quantization_config_path': None},
[36m(TaskRunner pid=4172461)[0m                                    'quantization': None,
[36m(TaskRunner pid=4172461)[0m                                    'quantization_config_file': None,
[36m(TaskRunner pid=4172461)[0m                                    'response_length': 16384,
[36m(TaskRunner pid=4172461)[0m                                    'scheduling_policy': 'fcfs',
[36m(TaskRunner pid=4172461)[0m                                    'seed': 42,
[36m(TaskRunner pid=4172461)[0m                                    'skip_tokenizer_init': True,
[36m(TaskRunner pid=4172461)[0m                                    'temperature': 1.0,
[36m(TaskRunner pid=4172461)[0m                                    'tensor_model_parallel_size': 1,
[36m(TaskRunner pid=4172461)[0m                                    'top_k': -1,
[36m(TaskRunner pid=4172461)[0m                                    'top_p': 1,
[36m(TaskRunner pid=4172461)[0m                                    'trace': {'_target_': 'verl.workers.config.TraceConfig',
[36m(TaskRunner pid=4172461)[0m                                              'backend': None,
[36m(TaskRunner pid=4172461)[0m                                              'experiment_name': 'grpo_vanilla',
[36m(TaskRunner pid=4172461)[0m                                              'max_samples_per_step_per_worker': None,
[36m(TaskRunner pid=4172461)[0m                                              'project_name': 'agentic-tvg',
[36m(TaskRunner pid=4172461)[0m                                              'token2text': False},
[36m(TaskRunner pid=4172461)[0m                                    'val_kwargs': {'_target_': 'verl.workers.config.SamplingConfig',
[36m(TaskRunner pid=4172461)[0m                                                   'do_sample': False,
[36m(TaskRunner pid=4172461)[0m                                                   'n': 1,
[36m(TaskRunner pid=4172461)[0m                                                   'temperature': 0,
[36m(TaskRunner pid=4172461)[0m                                                   'top_k': -1,
[36m(TaskRunner pid=4172461)[0m                                                   'top_p': 1.0}}},
[36m(TaskRunner pid=4172461)[0m  'algorithm': {'_target_': 'verl.trainer.config.AlgoConfig',
[36m(TaskRunner pid=4172461)[0m                'adv_estimator': 'grpo',
[36m(TaskRunner pid=4172461)[0m                'filter_groups': {'_target_': 'verl.trainer.config.FilterGroupsConfig',
[36m(TaskRunner pid=4172461)[0m                                  'enable': False,
[36m(TaskRunner pid=4172461)[0m                                  'max_inflight_gen_batches': 1,
[36m(TaskRunner pid=4172461)[0m                                  'max_num_gen_batches': 0,
[36m(TaskRunner pid=4172461)[0m                                  'metric': None},
[36m(TaskRunner pid=4172461)[0m                'gamma': 1.0,
[36m(TaskRunner pid=4172461)[0m                'kl_ctrl': {'_target_': 'verl.trainer.config.KLControlConfig',
[36m(TaskRunner pid=4172461)[0m                            'horizon': 10000,
[36m(TaskRunner pid=4172461)[0m                            'kl_coef': 0.001,
[36m(TaskRunner pid=4172461)[0m                            'target_kl': 0.1,
[36m(TaskRunner pid=4172461)[0m                            'type': 'fixed'},
[36m(TaskRunner pid=4172461)[0m                'kl_penalty': 'kl',
[36m(TaskRunner pid=4172461)[0m                'lam': 1.0,
[36m(TaskRunner pid=4172461)[0m                'norm_adv_by_std_in_grpo': True,
[36m(TaskRunner pid=4172461)[0m                'pf_ppo': {'reweight_method': 'pow', 'weight_pow': 2.0},
[36m(TaskRunner pid=4172461)[0m                'rollout_correction': {'bypass_mode': False,
[36m(TaskRunner pid=4172461)[0m                                       'loss_type': 'ppo_clip',
[36m(TaskRunner pid=4172461)[0m                                       'rollout_is': None,
[36m(TaskRunner pid=4172461)[0m                                       'rollout_is_batch_normalize': False,
[36m(TaskRunner pid=4172461)[0m                                       'rollout_is_threshold': 2.0,
[36m(TaskRunner pid=4172461)[0m                                       'rollout_rs': None,
[36m(TaskRunner pid=4172461)[0m                                       'rollout_rs_threshold': None},
[36m(TaskRunner pid=4172461)[0m                'use_kl_in_reward': False,
[36m(TaskRunner pid=4172461)[0m                'use_pf_ppo': False},
[36m(TaskRunner pid=4172461)[0m  'critic': {'_target_': 'verl.workers.config.FSDPCriticConfig',
[36m(TaskRunner pid=4172461)[0m             'checkpoint': {'_target_': 'verl.trainer.config.CheckpointConfig',
[36m(TaskRunner pid=4172461)[0m                            'async_save': False,
[36m(TaskRunner pid=4172461)[0m                            'load_contents': ['model', 'optimizer', 'extra'],
[36m(TaskRunner pid=4172461)[0m                            'save_contents': ['model', 'optimizer', 'extra']},
[36m(TaskRunner pid=4172461)[0m             'cliprange_value': 0.5,
[36m(TaskRunner pid=4172461)[0m             'data_loader_seed': 42,
[36m(TaskRunner pid=4172461)[0m             'enable': None,
[36m(TaskRunner pid=4172461)[0m             'forward_max_token_len_per_gpu': 32768,
[36m(TaskRunner pid=4172461)[0m             'forward_micro_batch_size': None,
[36m(TaskRunner pid=4172461)[0m             'forward_micro_batch_size_per_gpu': None,
[36m(TaskRunner pid=4172461)[0m             'fsdp': {'_target_': 'verl.workers.config.FSDPEngineConfig',
[36m(TaskRunner pid=4172461)[0m                      'dtype': 'bfloat16',
[36m(TaskRunner pid=4172461)[0m                      'entropy_checkpointing': False,
[36m(TaskRunner pid=4172461)[0m                      'entropy_from_logits_chunk_size': 2048,
[36m(TaskRunner pid=4172461)[0m                      'entropy_from_logits_with_chunking': False,
[36m(TaskRunner pid=4172461)[0m                      'forward_only': False,
[36m(TaskRunner pid=4172461)[0m                      'forward_prefetch': False,
[36m(TaskRunner pid=4172461)[0m                      'fsdp_size': -1,
[36m(TaskRunner pid=4172461)[0m                      'full_determinism': False,
[36m(TaskRunner pid=4172461)[0m                      'model_dtype': 'fp32',
[36m(TaskRunner pid=4172461)[0m                      'offload_policy': False,
[36m(TaskRunner pid=4172461)[0m                      'optimizer_offload': False,
[36m(TaskRunner pid=4172461)[0m                      'pad_to_length': False,
[36m(TaskRunner pid=4172461)[0m                      'pad_to_length_bucket': 1024,
[36m(TaskRunner pid=4172461)[0m                      'param_offload': False,
[36m(TaskRunner pid=4172461)[0m                      'qat': {'_target_': 'verl.workers.config.QATEngineConfig',
[36m(TaskRunner pid=4172461)[0m                              'activation_observer': 'static_minmax',
[36m(TaskRunner pid=4172461)[0m                              'enable': False,
[36m(TaskRunner pid=4172461)[0m                              'group_size': 16,
[36m(TaskRunner pid=4172461)[0m                              'ignore_patterns': ['lm_head',
[36m(TaskRunner pid=4172461)[0m                                                  'embed_tokens',
[36m(TaskRunner pid=4172461)[0m                                                  're:.*mlp.gate$'],
[36m(TaskRunner pid=4172461)[0m                              'mode': 'w4a16',
[36m(TaskRunner pid=4172461)[0m                              'quantization_config_path': None},
[36m(TaskRunner pid=4172461)[0m                      'reshard_after_forward': True,
[36m(TaskRunner pid=4172461)[0m                      'seed': 42,
[36m(TaskRunner pid=4172461)[0m                      'strategy': 'fsdp',
[36m(TaskRunner pid=4172461)[0m                      'ulysses_sequence_parallel_size': 1,
[36m(TaskRunner pid=4172461)[0m                      'use_orig_params': False,
[36m(TaskRunner pid=4172461)[0m                      'use_torch_compile': True,
[36m(TaskRunner pid=4172461)[0m                      'wrap_policy': {'min_num_params': 0}},
[36m(TaskRunner pid=4172461)[0m             'grad_clip': 1.0,
[36m(TaskRunner pid=4172461)[0m             'loss_agg_mode': 'token-mean',
[36m(TaskRunner pid=4172461)[0m             'loss_scale_factor': None,
[36m(TaskRunner pid=4172461)[0m             'model': {'_target_': 'verl.workers.config.HFModelConfig',
[36m(TaskRunner pid=4172461)[0m                       'custom_chat_template': None,
[36m(TaskRunner pid=4172461)[0m                       'enable_activation_offload': False,
[36m(TaskRunner pid=4172461)[0m                       'enable_gradient_checkpointing': True,
[36m(TaskRunner pid=4172461)[0m                       'exclude_modules': None,
[36m(TaskRunner pid=4172461)[0m                       'external_lib': None,
[36m(TaskRunner pid=4172461)[0m                       'fused_kernel_options': {'impl_backend': 'torch'},
[36m(TaskRunner pid=4172461)[0m                       'hf_config_path': None,
[36m(TaskRunner pid=4172461)[0m                       'lora': {'a2a_experimental': False,
[36m(TaskRunner pid=4172461)[0m                                'adapter_path': None,
[36m(TaskRunner pid=4172461)[0m                                'alpha': 32,
[36m(TaskRunner pid=4172461)[0m                                'dropout': 0.0,
[36m(TaskRunner pid=4172461)[0m                                'dropout_position': 'pre',
[36m(TaskRunner pid=4172461)[0m                                'dtype': None,
[36m(TaskRunner pid=4172461)[0m                                'exclude_modules': [],
[36m(TaskRunner pid=4172461)[0m                                'freeze_language_model': True,
[36m(TaskRunner pid=4172461)[0m                                'freeze_vision_model': True,
[36m(TaskRunner pid=4172461)[0m                                'freeze_vision_projection': True,
[36m(TaskRunner pid=4172461)[0m                                'lora_A_init_method': 'xavier',
[36m(TaskRunner pid=4172461)[0m                                'lora_B_init_method': 'zero',
[36m(TaskRunner pid=4172461)[0m                                'merge': False,
[36m(TaskRunner pid=4172461)[0m                                'rank': 0,
[36m(TaskRunner pid=4172461)[0m                                'target_modules': ['linear_qkv',
[36m(TaskRunner pid=4172461)[0m                                                   'linear_proj',
[36m(TaskRunner pid=4172461)[0m                                                   'linear_fc1',
[36m(TaskRunner pid=4172461)[0m                                                   'linear_fc2'],
[36m(TaskRunner pid=4172461)[0m                                'type': 'lora'},
[36m(TaskRunner pid=4172461)[0m                       'lora_adapter_path': None,
[36m(TaskRunner pid=4172461)[0m                       'lora_alpha': 16,
[36m(TaskRunner pid=4172461)[0m                       'lora_rank': 0,
[36m(TaskRunner pid=4172461)[0m                       'mtp': {'_target_': 'verl.workers.config.MtpConfig',
[36m(TaskRunner pid=4172461)[0m                               'detach_encoder': False,
[36m(TaskRunner pid=4172461)[0m                               'enable': False,
[36m(TaskRunner pid=4172461)[0m                               'enable_rollout': False,
[36m(TaskRunner pid=4172461)[0m                               'enable_train': False,
[36m(TaskRunner pid=4172461)[0m                               'method': 'mtp',
[36m(TaskRunner pid=4172461)[0m                               'mtp_loss_scaling_factor': 0.1,
[36m(TaskRunner pid=4172461)[0m                               'num_speculative_tokens': 1,
[36m(TaskRunner pid=4172461)[0m                               'speculative_algorithm': 'EAGLE',
[36m(TaskRunner pid=4172461)[0m                               'speculative_eagle_topk': 1,
[36m(TaskRunner pid=4172461)[0m                               'speculative_num_draft_tokens': 4,
[36m(TaskRunner pid=4172461)[0m                               'speculative_num_steps': 3},
[36m(TaskRunner pid=4172461)[0m                       'override_config': {},
[36m(TaskRunner pid=4172461)[0m                       'path': '~/models/deepseek-llm-7b-chat',
[36m(TaskRunner pid=4172461)[0m                       'target_modules': 'all-linear',
[36m(TaskRunner pid=4172461)[0m                       'tiled_mlp': {'enabled': False, 'num_shards': 4},
[36m(TaskRunner pid=4172461)[0m                       'tokenizer_path': None,
[36m(TaskRunner pid=4172461)[0m                       'trust_remote_code': False,
[36m(TaskRunner pid=4172461)[0m                       'use_fused_kernels': False,
[36m(TaskRunner pid=4172461)[0m                       'use_liger': False,
[36m(TaskRunner pid=4172461)[0m                       'use_remove_padding': True,
[36m(TaskRunner pid=4172461)[0m                       'use_shm': False},
[36m(TaskRunner pid=4172461)[0m             'optim': {'_target_': 'verl.workers.config.FSDPOptimizerConfig',
[36m(TaskRunner pid=4172461)[0m                       'betas': [0.9, 0.999],
[36m(TaskRunner pid=4172461)[0m                       'clip_grad': 1.0,
[36m(TaskRunner pid=4172461)[0m                       'lr': 1e-05,
[36m(TaskRunner pid=4172461)[0m                       'lr_scheduler_type': 'constant',
[36m(TaskRunner pid=4172461)[0m                       'lr_warmup_steps': -1,
[36m(TaskRunner pid=4172461)[0m                       'lr_warmup_steps_ratio': 0.0,
[36m(TaskRunner pid=4172461)[0m                       'min_lr_ratio': 0.0,
[36m(TaskRunner pid=4172461)[0m                       'num_cycles': 0.5,
[36m(TaskRunner pid=4172461)[0m                       'optimizer': 'AdamW',
[36m(TaskRunner pid=4172461)[0m                       'optimizer_impl': 'torch.optim',
[36m(TaskRunner pid=4172461)[0m                       'override_optimizer_config': None,
[36m(TaskRunner pid=4172461)[0m                       'total_training_steps': -1,
[36m(TaskRunner pid=4172461)[0m                       'warmup_style': None,
[36m(TaskRunner pid=4172461)[0m                       'weight_decay': 0.01,
[36m(TaskRunner pid=4172461)[0m                       'zero_indexed_step': True},
[36m(TaskRunner pid=4172461)[0m             'ppo_epochs': 1,
[36m(TaskRunner pid=4172461)[0m             'ppo_max_token_len_per_gpu': 32768,
[36m(TaskRunner pid=4172461)[0m             'ppo_micro_batch_size': None,
[36m(TaskRunner pid=4172461)[0m             'ppo_micro_batch_size_per_gpu': None,
[36m(TaskRunner pid=4172461)[0m             'ppo_mini_batch_size': 8,
[36m(TaskRunner pid=4172461)[0m             'profiler': {'_target_': 'verl.utils.profiler.ProfilerConfig',
[36m(TaskRunner pid=4172461)[0m                          'all_ranks': False,
[36m(TaskRunner pid=4172461)[0m                          'enable': False,
[36m(TaskRunner pid=4172461)[0m                          'ranks': [],
[36m(TaskRunner pid=4172461)[0m                          'save_path': 'outputs/profile',
[36m(TaskRunner pid=4172461)[0m                          'tool': None,
[36m(TaskRunner pid=4172461)[0m                          'tool_config': {'npu': {'_target_': 'verl.utils.profiler.config.NPUToolConfig',
[36m(TaskRunner pid=4172461)[0m                                                  'analysis': True,
[36m(TaskRunner pid=4172461)[0m                                                  'contents': [],
[36m(TaskRunner pid=4172461)[0m                                                  'discrete': False,
[36m(TaskRunner pid=4172461)[0m                                                  'level': 'level0'},
[36m(TaskRunner pid=4172461)[0m                                          'nsys': {'_target_': 'verl.utils.profiler.config.NsightToolConfig',
[36m(TaskRunner pid=4172461)[0m                                                   'discrete': False},
[36m(TaskRunner pid=4172461)[0m                                          'precision_debugger': {'_target_': 'verl.utils.profiler.config.PrecisionDebuggerToolConfig',
[36m(TaskRunner pid=4172461)[0m                                                                 'config_path': None,
[36m(TaskRunner pid=4172461)[0m                                                                 'stages': None,
[36m(TaskRunner pid=4172461)[0m                                                                 'steps': None,
[36m(TaskRunner pid=4172461)[0m                                                                 'strict': False},
[36m(TaskRunner pid=4172461)[0m                                          'torch': {'_target_': 'verl.utils.profiler.config.TorchProfilerToolConfig',
[36m(TaskRunner pid=4172461)[0m                                                    'contents': [],
[36m(TaskRunner pid=4172461)[0m                                                    'discrete': False,
[36m(TaskRunner pid=4172461)[0m                                                    'schedule': {'_target_': 'verl.utils.profiler.config.TorchProfilerScheduleConfig',
[36m(TaskRunner pid=4172461)[0m                                                                 'active': 0,
[36m(TaskRunner pid=4172461)[0m                                                                 'repeat': 0,
[36m(TaskRunner pid=4172461)[0m                                                                 'skip_first': 0,
[36m(TaskRunner pid=4172461)[0m                                                                 'wait': 0,
[36m(TaskRunner pid=4172461)[0m                                                                 'warmup': 0}},
[36m(TaskRunner pid=4172461)[0m                                          'torch_memory': {'_target_': 'verl.utils.profiler.config.TorchMemoryToolConfig',
[36m(TaskRunner pid=4172461)[0m                                                           'stack_depth': 32,
[36m(TaskRunner pid=4172461)[0m                                                           'trace_alloc_max_entries': 100000}}},
[36m(TaskRunner pid=4172461)[0m             'rollout_n': 16,
[36m(TaskRunner pid=4172461)[0m             'shuffle': False,
[36m(TaskRunner pid=4172461)[0m             'strategy': 'fsdp',
[36m(TaskRunner pid=4172461)[0m             'ulysses_sequence_parallel_size': 1,
[36m(TaskRunner pid=4172461)[0m             'use_dynamic_bsz': True},
[36m(TaskRunner pid=4172461)[0m  'custom_reward_function': {'name': None, 'path': None},
[36m(TaskRunner pid=4172461)[0m  'data': {'apply_chat_template_kwargs': {},
[36m(TaskRunner pid=4172461)[0m           'audio_key': 'audios',
[36m(TaskRunner pid=4172461)[0m           'continuous_token': {'enable': False, 'model_family': 'auto'},
[36m(TaskRunner pid=4172461)[0m           'custom_cls': {'name': None, 'path': None},
[36m(TaskRunner pid=4172461)[0m           'dataloader_num_workers': 8,
[36m(TaskRunner pid=4172461)[0m           'filter_overlong_prompts': False,
[36m(TaskRunner pid=4172461)[0m           'filter_overlong_prompts_workers': 1,
[36m(TaskRunner pid=4172461)[0m           'function_tool_path': None,
[36m(TaskRunner pid=4172461)[0m           'gen_batch_size': None,
[36m(TaskRunner pid=4172461)[0m           'image_key': 'images',
[36m(TaskRunner pid=4172461)[0m           'image_patch_size': 16,
[36m(TaskRunner pid=4172461)[0m           'max_prompt_length': 4608,
[36m(TaskRunner pid=4172461)[0m           'max_response_length': 16384,
[36m(TaskRunner pid=4172461)[0m           'mm_processor_kwargs': {},
[36m(TaskRunner pid=4172461)[0m           'prompt_key': 'prompt',
[36m(TaskRunner pid=4172461)[0m           'return_full_prompt': False,
[36m(TaskRunner pid=4172461)[0m           'return_multi_modal_inputs': True,
[36m(TaskRunner pid=4172461)[0m           'return_raw_chat': True,
[36m(TaskRunner pid=4172461)[0m           'return_raw_input_ids': False,
[36m(TaskRunner pid=4172461)[0m           'reward_fn_key': 'data_source',
[36m(TaskRunner pid=4172461)[0m           'seed': None,
[36m(TaskRunner pid=4172461)[0m           'shuffle': True,
[36m(TaskRunner pid=4172461)[0m           'tokenizer': None,
[36m(TaskRunner pid=4172461)[0m           'tool_config_path': '/home/yw4636/agentic-tvg/crop_video_tool.yaml',
[36m(TaskRunner pid=4172461)[0m           'train_batch_size': 8,
[36m(TaskRunner pid=4172461)[0m           'train_files': '/home/yw4636/agentic-tvg/data/processed/rl_train.parquet',
[36m(TaskRunner pid=4172461)[0m           'train_max_samples': -1,
[36m(TaskRunner pid=4172461)[0m           'truncation': 'error',
[36m(TaskRunner pid=4172461)[0m           'trust_remote_code': False,
[36m(TaskRunner pid=4172461)[0m           'use_shm': False,
[36m(TaskRunner pid=4172461)[0m           'val_batch_size': 2,
[36m(TaskRunner pid=4172461)[0m           'val_files': '/home/yw4636/agentic-tvg/data/processed/rl_val.parquet',
[36m(TaskRunner pid=4172461)[0m           'val_max_samples': -1,
[36m(TaskRunner pid=4172461)[0m           'validation_shuffle': False,
[36m(TaskRunner pid=4172461)[0m           'video_key': 'videos'},
[36m(TaskRunner pid=4172461)[0m  'distillation': {'_target_': 'verl.workers.config.DistillationConfig',
[36m(TaskRunner pid=4172461)[0m                   'distillation_loss': {'_target_': 'verl.workers.config.DistillationLossConfig',
[36m(TaskRunner pid=4172461)[0m                                         'clip_ratio': 0.2,
[36m(TaskRunner pid=4172461)[0m                                         'clip_ratio_high': 0.2,
[36m(TaskRunner pid=4172461)[0m                                         'clip_ratio_low': 0.2,
[36m(TaskRunner pid=4172461)[0m                                         'distillation_loss_coef': 1.0,
[36m(TaskRunner pid=4172461)[0m                                         'log_prob_min_clamp': None,
[36m(TaskRunner pid=4172461)[0m                                         'loss_max_clamp': None,
[36m(TaskRunner pid=4172461)[0m                                         'loss_mode': 'k3',
[36m(TaskRunner pid=4172461)[0m                                         'policy_loss_mode': 'vanilla',
[36m(TaskRunner pid=4172461)[0m                                         'topk': 32,
[36m(TaskRunner pid=4172461)[0m                                         'use_policy_gradient': False,
[36m(TaskRunner pid=4172461)[0m                                         'use_task_rewards': True},
[36m(TaskRunner pid=4172461)[0m                   'enabled': False,
[36m(TaskRunner pid=4172461)[0m                   'n_gpus_per_node': 8,
[36m(TaskRunner pid=4172461)[0m                   'nnodes': 0,
[36m(TaskRunner pid=4172461)[0m                   'teacher_key': 'data_source',
[36m(TaskRunner pid=4172461)[0m                   'teacher_models': {'teacher_model': {'_target_': 'verl.workers.config.DistillationTeacherModelConfig',
[36m(TaskRunner pid=4172461)[0m                                                        'inference': {'_target_': 'verl.workers.config.RolloutConfig',
[36m(TaskRunner pid=4172461)[0m                                                                      'cudagraph_capture_sizes': None,
[36m(TaskRunner pid=4172461)[0m                                                                      'data_parallel_size': 1,
[36m(TaskRunner pid=4172461)[0m                                                                      'disable_log_stats': True,
[36m(TaskRunner pid=4172461)[0m                                                                      'dtype': 'bfloat16',
[36m(TaskRunner pid=4172461)[0m                                                                      'enable_chunked_prefill': True,
[36m(TaskRunner pid=4172461)[0m                                                                      'enable_prefix_caching': True,
[36m(TaskRunner pid=4172461)[0m                                                                      'enforce_eager': True,
[36m(TaskRunner pid=4172461)[0m                                                                      'engine_kwargs': {},
[36m(TaskRunner pid=4172461)[0m                                                                      'expert_parallel_size': 1,
[36m(TaskRunner pid=4172461)[0m                                                                      'free_cache_engine': True,
[36m(TaskRunner pid=4172461)[0m                                                                      'gpu_memory_utilization': 0.5,
[36m(TaskRunner pid=4172461)[0m                                                                      'limit_images': None,
[36m(TaskRunner pid=4172461)[0m                                                                      'load_format': 'auto',
[36m(TaskRunner pid=4172461)[0m                                                                      'max_model_len': None,
[36m(TaskRunner pid=4172461)[0m                                                                      'max_num_batched_tokens': 8192,
[36m(TaskRunner pid=4172461)[0m                                                                      'max_num_seqs': 1024,
[36m(TaskRunner pid=4172461)[0m                                                                      'name': 'vllm',
[36m(TaskRunner pid=4172461)[0m                                                                      'prompt_length': 4608,
[36m(TaskRunner pid=4172461)[0m                                                                      'response_length': 16384,
[36m(TaskRunner pid=4172461)[0m                                                                      'skip_tokenizer_init': True,
[36m(TaskRunner pid=4172461)[0m                                                                      'temperature': 1.0,
[36m(TaskRunner pid=4172461)[0m                                                                      'tensor_model_parallel_size': 2},
[36m(TaskRunner pid=4172461)[0m                                                        'key': None,
[36m(TaskRunner pid=4172461)[0m                                                        'model_path': None,
[36m(TaskRunner pid=4172461)[0m                                                        'num_replicas': 0}}},
[36m(TaskRunner pid=4172461)[0m  'global_profiler': {'_target_': 'verl.utils.profiler.ProfilerConfig',
[36m(TaskRunner pid=4172461)[0m                      'global_tool_config': {'nsys': {'_target_': 'verl.utils.profiler.config.NsightToolConfig',
[36m(TaskRunner pid=4172461)[0m                                                      'controller_nsight_options': {'cuda-graph-trace': 'graph',
[36m(TaskRunner pid=4172461)[0m                                                                                    'cuda-memory-usage': 'true',
[36m(TaskRunner pid=4172461)[0m                                                                                    'trace': 'cuda,nvtx,cublas,ucx'},
[36m(TaskRunner pid=4172461)[0m                                                      'discrete': False,
[36m(TaskRunner pid=4172461)[0m                                                      'worker_nsight_options': {'capture-range': 'cudaProfilerApi',
[36m(TaskRunner pid=4172461)[0m                                                                                'capture-range-end': None,
[36m(TaskRunner pid=4172461)[0m                                                                                'cuda-graph-trace': 'graph',
[36m(TaskRunner pid=4172461)[0m                                                                                'cuda-memory-usage': 'true',
[36m(TaskRunner pid=4172461)[0m                                                                                'kill': 'none',
[36m(TaskRunner pid=4172461)[0m                                                                                'trace': 'cuda,nvtx,cublas,ucx'}},
[36m(TaskRunner pid=4172461)[0m                                             'precision_debugger': {'_target_': 'verl.utils.profiler.config.PrecisionDebuggerToolConfig',
[36m(TaskRunner pid=4172461)[0m                                                                    'config_path': None,
[36m(TaskRunner pid=4172461)[0m                                                                    'stages': None,
[36m(TaskRunner pid=4172461)[0m                                                                    'steps': None,
[36m(TaskRunner pid=4172461)[0m                                                                    'strict': False},
[36m(TaskRunner pid=4172461)[0m                                             'torch_memory': {'context': 'all',
[36m(TaskRunner pid=4172461)[0m                                                              'kw_args': {},
[36m(TaskRunner pid=4172461)[0m                                                              'stack_depth': 32,
[36m(TaskRunner pid=4172461)[0m                                                              'stacks': 'all',
[36m(TaskRunner pid=4172461)[0m                                                              'trace_alloc_max_entries': 100000}},
[36m(TaskRunner pid=4172461)[0m                      'profile_continuous_steps': False,
[36m(TaskRunner pid=4172461)[0m                      'save_path': 'outputs/profile',
[36m(TaskRunner pid=4172461)[0m                      'steps': None,
[36m(TaskRunner pid=4172461)[0m                      'tool': None},
[36m(TaskRunner pid=4172461)[0m  'model_engine': 'dp',
[36m(TaskRunner pid=4172461)[0m  'ray_kwargs': {'ray_init': {'num_cpus': None,
[36m(TaskRunner pid=4172461)[0m                              'object_store_memory': 25769803776},
[36m(TaskRunner pid=4172461)[0m                 'timeline_json_file': None},
[36m(TaskRunner pid=4172461)[0m  'reward': {'_target_': 'verl.workers.config.RewardConfig',
[36m(TaskRunner pid=4172461)[0m             'custom_reward_function': {'name': 'compute_score_qa',
[36m(TaskRunner pid=4172461)[0m                                        'path': '/home/yw4636/agentic-tvg/agentic_tvg/reward.py'},
[36m(TaskRunner pid=4172461)[0m             'num_workers': 8,
[36m(TaskRunner pid=4172461)[0m             'reward_manager': {'_target_': 'verl.workers.config.reward.RewardManagerConfig',
[36m(TaskRunner pid=4172461)[0m                                'module': {'_target_': 'verl.trainer.config.config.ModuleConfig',
[36m(TaskRunner pid=4172461)[0m                                           'name': 'custom_reward_manager',
[36m(TaskRunner pid=4172461)[0m                                           'path': None},
[36m(TaskRunner pid=4172461)[0m                                'name': 'naive',
[36m(TaskRunner pid=4172461)[0m                                'source': 'register'},
[36m(TaskRunner pid=4172461)[0m             'reward_model': {'_target_': 'verl.workers.config.RewardModelConfig',
[36m(TaskRunner pid=4172461)[0m                              'enable': False,
[36m(TaskRunner pid=4172461)[0m                              'enable_resource_pool': False,
[36m(TaskRunner pid=4172461)[0m                              'model_path': None,
[36m(TaskRunner pid=4172461)[0m                              'n_gpus_per_node': 8,
[36m(TaskRunner pid=4172461)[0m                              'nnodes': 0,
[36m(TaskRunner pid=4172461)[0m                              'rollout': {'_target_': 'verl.workers.config.RolloutConfig',
[36m(TaskRunner pid=4172461)[0m                                          'cudagraph_capture_sizes': None,
[36m(TaskRunner pid=4172461)[0m                                          'data_parallel_size': 1,
[36m(TaskRunner pid=4172461)[0m                                          'disable_log_stats': True,
[36m(TaskRunner pid=4172461)[0m                                          'disaggregation': {'bootstrap_port': None,
[36m(TaskRunner pid=4172461)[0m                                                             'decode_replicas': 1,
[36m(TaskRunner pid=4172461)[0m                                                             'decode_tensor_model_parallel_size': None,
[36m(TaskRunner pid=4172461)[0m                                                             'enabled': False,
[36m(TaskRunner pid=4172461)[0m                                                             'ib_device': None,
[36m(TaskRunner pid=4172461)[0m                                                             'prefill_replicas': 1,
[36m(TaskRunner pid=4172461)[0m                                                             'transfer_backend': 'nixl'},
[36m(TaskRunner pid=4172461)[0m                                          'do_sample': True,
[36m(TaskRunner pid=4172461)[0m                                          'dtype': 'bfloat16',
[36m(TaskRunner pid=4172461)[0m                                          'enable_chunked_prefill': True,
[36m(TaskRunner pid=4172461)[0m                                          'enable_prefix_caching': True,
[36m(TaskRunner pid=4172461)[0m                                          'enforce_eager': True,
[36m(TaskRunner pid=4172461)[0m                                          'engine_kwargs': {},
[36m(TaskRunner pid=4172461)[0m                                          'expert_parallel_size': 1,
[36m(TaskRunner pid=4172461)[0m                                          'free_cache_engine': True,
[36m(TaskRunner pid=4172461)[0m                                          'full_determinism': False,
[36m(TaskRunner pid=4172461)[0m                                          'gpu_memory_utilization': 0.5,
[36m(TaskRunner pid=4172461)[0m                                          'ignore_eos': False,
[36m(TaskRunner pid=4172461)[0m                                          'layered_summon': False,
[36m(TaskRunner pid=4172461)[0m                                          'limit_images': None,
[36m(TaskRunner pid=4172461)[0m                                          'load_format': 'auto',
[36m(TaskRunner pid=4172461)[0m                                          'max_model_len': None,
[36m(TaskRunner pid=4172461)[0m                                          'max_num_batched_tokens': 8192,
[36m(TaskRunner pid=4172461)[0m                                          'max_num_seqs': 1024,
[36m(TaskRunner pid=4172461)[0m                                          'mtp': None,
[36m(TaskRunner pid=4172461)[0m                                          'multi_stage_wake_up': False,
[36m(TaskRunner pid=4172461)[0m                                          'n': 1,
[36m(TaskRunner pid=4172461)[0m                                          'name': '???',
[36m(TaskRunner pid=4172461)[0m                                          'pipeline_model_parallel_size': 1,
[36m(TaskRunner pid=4172461)[0m                                          'prompt_length': 2048,
[36m(TaskRunner pid=4172461)[0m                                          'quantization': None,
[36m(TaskRunner pid=4172461)[0m                                          'quantization_config_file': None,
[36m(TaskRunner pid=4172461)[0m                                          'response_length': 2048,
[36m(TaskRunner pid=4172461)[0m                                          'scheduling_policy': 'fcfs',
[36m(TaskRunner pid=4172461)[0m                                          'seed': 42,
[36m(TaskRunner pid=4172461)[0m                                          'skip_tokenizer_init': False,
[36m(TaskRunner pid=4172461)[0m                                          'temperature': 1.0,
[36m(TaskRunner pid=4172461)[0m                                          'tensor_model_parallel_size': 2,
[36m(TaskRunner pid=4172461)[0m                                          'top_k': -1,
[36m(TaskRunner pid=4172461)[0m                                          'top_p': 1}},
[36m(TaskRunner pid=4172461)[0m             'sandbox_fusion': {'_target_': 'verl.workers.config.SandboxFusionConfig',
[36m(TaskRunner pid=4172461)[0m                                'max_concurrent': 64,
[36m(TaskRunner pid=4172461)[0m                                'memory_limit_mb': 1024,
[36m(TaskRunner pid=4172461)[0m                                'url': None}},
[36m(TaskRunner pid=4172461)[0m  'reward_model': {'enable': None,
[36m(TaskRunner pid=4172461)[0m                   'enable_resource_pool': None,
[36m(TaskRunner pid=4172461)[0m                   'model': {'external_lib': None,
[36m(TaskRunner pid=4172461)[0m                             'path': None,
[36m(TaskRunner pid=4172461)[0m                             'trust_remote_code': None},
[36m(TaskRunner pid=4172461)[0m                   'n_gpus_per_node': None,
[36m(TaskRunner pid=4172461)[0m                   'nnodes': None,
[36m(TaskRunner pid=4172461)[0m                   'num_workers': None,
[36m(TaskRunner pid=4172461)[0m                   'reward_loop_class_name': None,
[36m(TaskRunner pid=4172461)[0m                   'reward_loop_module_path': None,
[36m(TaskRunner pid=4172461)[0m                   'reward_loop_source': None,
[36m(TaskRunner pid=4172461)[0m                   'reward_manager': None,
[36m(TaskRunner pid=4172461)[0m                   'rollout': {'cudagraph_capture_sizes': None,
[36m(TaskRunner pid=4172461)[0m                               'data_parallel_size': None,
[36m(TaskRunner pid=4172461)[0m                               'disable_log_stats': None,
[36m(TaskRunner pid=4172461)[0m                               'dtype': None,
[36m(TaskRunner pid=4172461)[0m                               'enable_chunked_prefill': None,
[36m(TaskRunner pid=4172461)[0m                               'enable_prefix_caching': None,[36m(TaskRunner pid=4172461)[0m /home/yw4636/.conda/envs/verl/lib/python3.12/site-packages/verl/trainer/main_ppo_v0.py:182: UserWarning: Disabled critic as algorithm.adv_estimator != gae. If it is not intended, please set critic.enable=True
[36m(TaskRunner pid=4172461)[0m   use_critic=need_critic(config),

[36m(TaskRunner pid=4172461)[0m                               'enforce_eager': None,
[36m(TaskRunner pid=4172461)[0m                               'engine_kwargs': None,
[36m(TaskRunner pid=4172461)[0m                               'expert_parallel_size': None,
[36m(TaskRunner pid=4172461)[0m                               'free_cache_engine': None,
[36m(TaskRunner pid=4172461)[0m                               'gpu_memory_utilization': None,
[36m(TaskRunner pid=4172461)[0m                               'limit_images': None,
[36m(TaskRunner pid=4172461)[0m                               'load_format': None,
[36m(TaskRunner pid=4172461)[0m                               'max_model_len': None,
[36m(TaskRunner pid=4172461)[0m                               'max_num_batched_tokens': None,
[36m(TaskRunner pid=4172461)[0m                               'max_num_seqs': None,
[36m(TaskRunner pid=4172461)[0m                               'name': None,
[36m(TaskRunner pid=4172461)[0m                               'prompt_length': None,
[36m(TaskRunner pid=4172461)[0m                               'response_length': None,
[36m(TaskRunner pid=4172461)[0m                               'skip_tokenizer_init': None,
[36m(TaskRunner pid=4172461)[0m                               'tensor_model_parallel_size': None}},
[36m(TaskRunner pid=4172461)[0m  'sandbox_fusion': {'max_concurrent': None,
[36m(TaskRunner pid=4172461)[0m                     'memory_limit_mb': None,
[36m(TaskRunner pid=4172461)[0m                     'url': None},
[36m(TaskRunner pid=4172461)[0m  'skip': {'_target_': 'verl.utils.skip.SkipManagerConfig',
[36m(TaskRunner pid=4172461)[0m           'async_rollout': {'action': 'cache',
[36m(TaskRunner pid=4172461)[0m                             'dump_dir': '~/.verl/rollout_dump',
[36m(TaskRunner pid=4172461)[0m                             'enable': False,
[36m(TaskRunner pid=4172461)[0m                             'steps': []},
[36m(TaskRunner pid=4172461)[0m           'rollout': {'action': 'cache',
[36m(TaskRunner pid=4172461)[0m                       'dump_dir': '~/.verl/rollout_dump',
[36m(TaskRunner pid=4172461)[0m                       'enable': False,
[36m(TaskRunner pid=4172461)[0m                       'steps': []},
[36m(TaskRunner pid=4172461)[0m           'rollout_tq': {'action': 'cache',
[36m(TaskRunner pid=4172461)[0m                          'dump_dir': '~/.verl/rollout_dump',
[36m(TaskRunner pid=4172461)[0m                          'enable': False,
[36m(TaskRunner pid=4172461)[0m                          'steps': []}},
[36m(TaskRunner pid=4172461)[0m  'trainer': {'balance_batch': True,
[36m(TaskRunner pid=4172461)[0m              'critic_warmup': 0,
[36m(TaskRunner pid=4172461)[0m              'default_hdfs_dir': None,
[36m(TaskRunner pid=4172461)[0m              'default_local_dir': '/home/yw4636/agentic-tvg/results/grpo-vanilla/ckpt',
[36m(TaskRunner pid=4172461)[0m              'del_local_ckpt_after_load': False,
[36m(TaskRunner pid=4172461)[0m              'device': 'cuda',
[36m(TaskRunner pid=4172461)[0m              'esi_redundant_time': 0,
[36m(TaskRunner pid=4172461)[0m              'experiment_name': 'grpo_vanilla',
[36m(TaskRunner pid=4172461)[0m              'log_val_generations': 0,
[36m(TaskRunner pid=4172461)[0m              'logger': ['console', 'tensorboard'],
[36m(TaskRunner pid=4172461)[0m              'max_actor_ckpt_to_keep': 1,
[36m(TaskRunner pid=4172461)[0m              'max_critic_ckpt_to_keep': None,
[36m(TaskRunner pid=4172461)[0m              'n_gpus_per_node': 1,
[36m(TaskRunner pid=4172461)[0m              'nnodes': 1,
[36m(TaskRunner pid=4172461)[0m              'project_name': 'agentic-tvg',
[36m(TaskRunner pid=4172461)[0m              'ray_wait_register_center_timeout': 300,
[36m(TaskRunner pid=4172461)[0m              'resume_from_path': None,
[36m(TaskRunner pid=4172461)[0m              'resume_mode': 'auto',
[36m(TaskRunner pid=4172461)[0m              'rollout_data_dir': '/home/yw4636/agentic-tvg/results/grpo-vanilla/rollouts',
[36m(TaskRunner pid=4172461)[0m              'save_freq': 20,
[36m(TaskRunner pid=4172461)[0m              'test_freq': 20,
[36m(TaskRunner pid=4172461)[0m              'total_epochs': 100,
[36m(TaskRunner pid=4172461)[0m              'total_training_steps': 267,
[36m(TaskRunner pid=4172461)[0m              'use_v1': False,
[36m(TaskRunner pid=4172461)[0m              'v1': {'colocate_async': {'num_warmup_batches': 1},
[36m(TaskRunner pid=4172461)[0m                     'sampler': {'custom_sampler': {'name': None, 'path': None},
[36m(TaskRunner pid=4172461)[0m                                 'max_off_policy_strategy': 'drop',
[36m(TaskRunner pid=4172461)[0m                                 'max_off_policy_threshold': 8,
[36m(TaskRunner pid=4172461)[0m                                 'sampler_kwargs': {},
[36m(TaskRunner pid=4172461)[0m                                 'sync_refill_failed_groups': False},
[36m(TaskRunner pid=4172461)[0m                     'separate_async': {'num_warmup_batches': 1,
[36m(TaskRunner pid=4172461)[0m                                        'parameter_sync_step': 4},
[36m(TaskRunner pid=4172461)[0m                     'sync': {},
[36m(TaskRunner pid=4172461)[0m                     'trainer_mode': 'sync'},
[36m(TaskRunner pid=4172461)[0m              'val_before_train': False,
[36m(TaskRunner pid=4172461)[0m              'val_only': False,
[36m(TaskRunner pid=4172461)[0m              'validation_data_dir': '/home/yw4636/agentic-tvg/results/grpo-vanilla/val_rollouts'},
[36m(TaskRunner pid=4172461)[0m  'transfer_queue': {'backend': {'MooncakeStore': {'auto_init': False,
[36m(TaskRunner pid=4172461)[0m                                                   'device_name': '',
[36m(TaskRunner pid=4172461)[0m                                                   'global_segment_size': 4294967296,
[36m(TaskRunner pid=4172461)[0m                                                   'local_buffer_size': 1073741824,
[36m(TaskRunner pid=4172461)[0m                                                   'local_hostname': 'localhost',
[36m(TaskRunner pid=4172461)[0m                                                   'master_server_address': 'localhost:50124',
[36m(TaskRunner pid=4172461)[0m                                                   'metadata_server': 'localhost:50123',
[36m(TaskRunner pid=4172461)[0m                                                   'protocol': 'tcp'},
[36m(TaskRunner pid=4172461)[0m                                 'SimpleStorage': {'num_data_storage_units': 8,
[36m(TaskRunner pid=4172461)[0m                                                   'total_storage_size': 100000},
[36m(TaskRunner pid=4172461)[0m                                 'storage_backend': 'SimpleStorage'},
[36m(TaskRunner pid=4172461)[0m                     'enable': False,
[36m(TaskRunner pid=4172461)[0m                     'metrics': {'enabled': False, 'port': 0}}}
[36m(TaskRunner pid=4172461)[0m WARNING: val_batch_size is deprecated. Validation datasets are sent to inference engines as a whole batch, which will schedule the memory themselves.
[36m(TaskRunner pid=4172461)[0m [validate_config] All configuration checks passed successfully!
[36m(TaskRunner pid=4172461)[0m Using dataset class: RLHFDataset
[36m(TaskRunner pid=4172461)[0m {
[36m(TaskRunner pid=4172461)[0m   "type": "function",
[36m(TaskRunner pid=4172461)[0m   "function": {
[36m(TaskRunner pid=4172461)[0m     "name": "crop_video",
[36m(TaskRunner pid=4172461)[0m     "description": "Inspect a time interval of the current video closely: returns 30 higher-resolution frames sampled evenly from [start_time, end_time], each labeled with its timestamp in seconds.",
[36m(TaskRunner pid=4172461)[0m     "parameters": {
[36m(TaskRunner pid=4172461)[0m       "type": "object",
[36m(TaskRunner pid=4172461)[0m       "properties": {
[36m(TaskRunner pid=4172461)[0m         "start_time": {
[36m(TaskRunner pid=4172461)[0m           "type": "number",
[36m(TaskRunner pid=4172461)[0m           "description": "Interval start in seconds, >= 0."[36m(TaskRunner pid=4172461)[0m /home/yw4636/.conda/envs/verl/lib/python3.12/site-packages/verl/trainer/main_ppo_v0.py:218: FutureWarning: Warning: Class 'verl.trainer.ppo.ray_trainer.RayPPOTrainer' is deprecated. Please use 'Legacy trainer is deprecated, and wil be removed in v0.9.0. Please use `trainer.use_v1=True` instead.' instead.
[36m(TaskRunner pid=4172461)[0m   trainer = RayPPOTrainer(
[36m(TaskRunner pid=4172461)[0m /home/yw4636/.conda/envs/verl/lib/python3.12/site-packages/verl/trainer/ppo/ray_trainer.py:348: UserWarning: Disabled critic as algorithm.adv_estimator != gae. If it is not intended, please set critic.enable=True
[36m(TaskRunner pid=4172461)[0m   self.use_critic = need_critic(self.config)
[36m(WorkerDict pid=4173015)[0m /home/yw4636/.conda/envs/verl/lib/python3.12/site-packages/verl/workers/engine/__init__.py:31: UserWarning: torchtitan engine is not available: ModuleNotFoundError("No module named 'torchtitan'")
[36m(WorkerDict pid=4173015)[0m   warnings.warn(f"torchtitan engine is not available: {e!r}", stacklevel=1)
[36m(WorkerDict pid=4173015)[0m /home/yw4636/.conda/envs/verl/lib/python3.12/site-packages/verl/workers/engine/__init__.py:40: UserWarning: veomni engine is not available: ModuleNotFoundError("No module named 'veomni'")
[36m(WorkerDict pid=4173015)[0m   warnings.warn(f"veomni engine is not available: {e!r}", stacklevel=1)
[36m(WorkerDict pid=4173015)[0m /home/yw4636/.conda/envs/verl/lib/python3.12/site-packages/verl/workers/engine/__init__.py:49: UserWarning: automodel engine is not available: ModuleNotFoundError("No module named 'nemo_automodel'")
[36m(WorkerDict pid=4173015)[0m   warnings.warn(f"automodel engine is not available: {e!r}", stacklevel=1)
[36m(WorkerDict pid=4173015)[0m /home/yw4636/.conda/envs/verl/lib/python3.12/site-packages/verl/workers/engine/mindspeed/transformer_impl.py:24: UserWarning: NPU not support router replay for now.
[36m(WorkerDict pid=4173015)[0m   from verl.utils.megatron.router_replay_patch import RouterReplay
[36m(WorkerDict pid=4173015)[0m /home/yw4636/.conda/envs/verl/lib/python3.12/site-packages/verl/workers/engine/__init__.py:59: UserWarning: mindspeed engine is not available: ModuleNotFoundError("No module named 'megatron'")
[36m(WorkerDict pid=4173015)[0m   warnings.warn(f"mindspeed engine is not available: {e!r}", stacklevel=1)
[36m(WorkerDict pid=4173015)[0m /home/yw4636/.conda/envs/verl/lib/python3.12/site-packages/verl/workers/engine/__init__.py:69: UserWarning: megatron engine is not available: ModuleNotFoundError("No module named 'megatron'")
[36m(WorkerDict pid=4173015)[0m   warnings.warn(f"megatron engine is not available: {e!r}", stacklevel=1)
[36m(WorkerDict pid=4173015)[0m [transformers] Flash Attention 2 only supports torch.float16 and torch.bfloat16 dtypes, but the current dype in Qwen3VLForConditionalGeneration is torch.float32. You should run training or inference using Automatic Mixed-Precision via the `with torch.autocast(device_type='torch_device'):` decorator, or load the model with the `dtype` argument. Example: `model = AutoModel.from_pretrained("meta-llama/Llama-3.2-1B", attn_implementation="flash_attention_2", dtype=torch.float16)`
[36m(WorkerDict pid=4173015)[0m [transformers] Flash Attention 2 only supports torch.float16 and torch.bfloat16 dtypes, but the current dype in Qwen3VLModel is torch.float32. You should run training or inference using Automatic Mixed-Precision via the `with torch.autocast(device_type='torch_device'):` decorator, or load the model with the `dtype` argument. Example: `model = AutoModel.from_pretrained("meta-llama/Llama-3.2-1B", attn_implementation="flash_attention_2", dtype=torch.float16)`
[36m(WorkerDict pid=4173015)[0m [transformers] Flash Attention 2 only supports torch.float16 and torch.bfloat16 dtypes, but the current dype in Qwen3VLVisionModel is torch.float32. You should run training or inference using Automatic Mixed-Precision via the `with torch.autocast(device_type='torch_device'):` decorator, or load the model with the `dtype` argument. Example: `model = AutoModel.from_pretrained("meta-llama/Llama-3.2-1B", attn_implementation="flash_attention_2", dtype=torch.float16)`
[36m(WorkerDict pid=4173015)[0m [transformers] Flash Attention 2 only supports torch.float16 and torch.bfloat16 dtypes, but the current dype in Qwen3VLTextModel is torch.float32. You should run training or inference using Automatic Mixed-Precision via the `with torch.autocast(device_type='torch_device'):` decorator, or load the model with the `dtype` argument. Example: `model = AutoModel.from_pretrained("meta-llama/Llama-3.2-1B", attn_implementation="flash_attention_2", dtype=torch.float16)`
[36m(WorkerDict pid=4173015)[0m Loading weights:   0%|          | 0/713 [00:00<?, ?it/s]
[36m(WorkerDict pid=4173015)[0m Loading weights:   0%|          | 1/713 [00:00<06:20,  1.87it/s]
[36m(WorkerDict pid=4173015)[0m Loading weights:  19%|█▉        | 136/713 [00:00<00:02, 285.39it/s]
[36m(WorkerDict pid=4173015)[0m Loading weights:  30%|███       | 215/713 [00:00<00:01, 284.61it/s]
[36m(WorkerDict pid=4173015)[0m Loading weights:  38%|███▊      | 271/713 [00:01<00:01, 283.03it/s]
[36m(WorkerDict pid=4173015)[0m Loading weights:  44%|████▍     | 316/713 [00:01<00:01, 282.62it/s]
[36m(WorkerDict pid=4173015)[0m Loading weights:  50%|████▉     | 355/713 [00:01<00:01, 271.77it/s]
[36m(WorkerDict pid=4173015)[0m Loading weights:  55%|█████▍    | 389/713 [00:01<00:01, 272.89it/s]
[36m(WorkerDict pid=4173015)[0m Loading weights:  85%|████████▌ | 608/713 [00:01<00:00, 678.54it/s]
[36m(WorkerDict pid=4173015)[0m Loading weights: 100%|██████████| 713/713 [00:01<00:00, 408.94it/s]
[36m(WorkerDict pid=4173015)[0m WARNING:2026-08-30 19:36:53,514:Setting the sleep level to 1 may cause a memory overflow.
[36m(vLLMHttpServer pid=4173685)[0m [transformers] The `use_fast` parameter is deprecated and will be removed in a future version. Use `backend="torchvision"` instead of `use_fast=True`, or `backend="pil"` instead of `use_fast=False`.
[36m(vLLMHttpServer pid=4173685)[0m (Worker pid=4174508) [transformers] The `use_fast` parameter is deprecated and will be removed in a future version. Use `backend="torchvision"` instead of `use_fast=True`, or `backend="pil"` instead of `use_fast=False`.
[36m(vLLMHttpServer pid=4173685)[0m (Worker pid=4174508) Loading safetensors checkpoint shards:   0% Completed | 0/1 [00:00<?, ?it/s]
[36m(vLLMHttpServer pid=4173685)[0m (Worker pid=4174508) Loading safetensors checkpoint shards: 100% Completed | 1/1 [00:01<00:00,  1.28s/it]
[36m(vLLMHttpServer pid=4173685)[0m (Worker pid=4174508) Loading safetensors checkpoint shards: 100% Completed | 1/1 [00:01<00:00,  1.28s/it]
[36m(vLLMHttpServer pid=4173685)[0m (Worker pid=4174508) 

[36m(TaskRunner pid=4172461)[0m         },
[36m(TaskRunner pid=4172461)[0m         "end_time": {
[36m(TaskRunner pid=4172461)[0m           "type": "number",
[36m(TaskRunner pid=4172461)[0m           "description": "Interval end in seconds, > start_time, <= video duration."
[36m(TaskRunner pid=4172461)[0m         }
[36m(TaskRunner pid=4172461)[0m       },
[36m(TaskRunner pid=4172461)[0m       "required": [
[36m(TaskRunner pid=4172461)[0m         "start_time",
[36m(TaskRunner pid=4172461)[0m         "end_time"
[36m(TaskRunner pid=4172461)[0m       ]
[36m(TaskRunner pid=4172461)[0m     }
[36m(TaskRunner pid=4172461)[0m   }
[36m(TaskRunner pid=4172461)[0m }
[36m(TaskRunner pid=4172461)[0m dataset len: 1068
[36m(TaskRunner pid=4172461)[0m Using dataset class: RLHFDataset
[36m(TaskRunner pid=4172461)[0m {
[36m(TaskRunner pid=4172461)[0m   "type": "function",
[36m(TaskRunner pid=4172461)[0m   "function": {
[36m(TaskRunner pid=4172461)[0m     "name": "crop_video",
[36m(TaskRunner pid=4172461)[0m     "description": "Inspect a time interval of the current video closely: returns 30 higher-resolution frames sampled evenly from [start_time, end_time], each labeled with its timestamp in seconds.",
[36m(TaskRunner pid=4172461)[0m     "parameters": {
[36m(TaskRunner pid=4172461)[0m       "type": "object",
[36m(TaskRunner pid=4172461)[0m       "properties": {
[36m(TaskRunner pid=4172461)[0m         "start_time": {
[36m(TaskRunner pid=4172461)[0m           "type": "number",
[36m(TaskRunner pid=4172461)[0m           "description": "Interval start in seconds, >= 0."
[36m(TaskRunner pid=4172461)[0m         },
[36m(TaskRunner pid=4172461)[0m         "end_time": {
[36m(TaskRunner pid=4172461)[0m           "type": "number",
[36m(TaskRunner pid=4172461)[0m           "description": "Interval end in seconds, > start_time, <= video duration."
[36m(TaskRunner pid=4172461)[0m         }
[36m(TaskRunner pid=4172461)[0m       },
[36m(TaskRunner pid=4172461)[0m       "required": [
[36m(TaskRunner pid=4172461)[0m         "start_time",
[36m(TaskRunner pid=4172461)[0m         "end_time"
[36m(TaskRunner pid=4172461)[0m       ]
[36m(TaskRunner pid=4172461)[0m     }
[36m(TaskRunner pid=4172461)[0m   }
[36m(TaskRunner pid=4172461)[0m }
[36m(TaskRunner pid=4172461)[0m dataset len: 114
[36m(TaskRunner pid=4172461)[0m Size of train dataloader: 133, Size of val dataloader: 57
[36m(TaskRunner pid=4172461)[0m Total training steps: 267
[36m(TaskRunner pid=4172461)[0m colocated worker base class <class 'verl.single_controller.base.worker.Worker'>
[36m(WorkerDict pid=4173015)[0m Warning: Failed to set NUMA affinity: libnuma.so: cannot open shared object file: No such file or directory
[36m(WorkerDict pid=4173015)[0m Monkey patch Qwen3VLForConditionalGeneration model forward
[36m(WorkerDict pid=4173015)[0m Monkey patch _flash_attention_forward in transformers.integrations.flash_attention
[36m(WorkerDict pid=4173015)[0m Skipping monkey patch for Qwen3VLForConditionalGeneration as use_fused_kernels is False or fused_kernels_backend is torch
[36m(WorkerDict pid=4173015)[0m PeftModelForCausalLM contains 4.47B parameters
[36m(WorkerDict pid=4173015)[0m Before FSDP, memory allocated (GB): 0.00, memory reserved (GB): 0.00, device memory used/total (GB): 18.12/79.27
[36m(WorkerDict pid=4173015)[0m After FSDP, memory allocated (GB): 16.76, memory reserved (GB): 18.74, device memory used/total (GB): 19.67/79.27
[36m(WorkerDict pid=4173015)[0m Total steps: 267, num_warmup_steps: 0
[36m(vLLMHttpServer pid=4173685)[0m ['serve',
[36m(vLLMHttpServer pid=4173685)[0m  '/home/yw4636/agentic-tvg/results/sft-mix/merged',
[36m(vLLMHttpServer pid=4173685)[0m  '--dtype',
[36m(vLLMHttpServer pid=4173685)[0m  'bfloat16',
[36m(vLLMHttpServer pid=4173685)[0m  '--load_format',
[36m(vLLMHttpServer pid=4173685)[0m  'safetensors',
[36m(vLLMHttpServer pid=4173685)[0m  '--distributed_executor_backend',
[36m(vLLMHttpServer pid=4173685)[0m  'mp',
[36m(vLLMHttpServer pid=4173685)[0m  '--worker_extension_cls',
[36m(vLLMHttpServer pid=4173685)[0m  'verl.workers.rollout.vllm_rollout.utils.vLLMColocateWorkerExtension',
[36m(vLLMHttpServer pid=4173685)[0m  '--max_model_len',
[36m(vLLMHttpServer pid=4173685)[0m  '20992',
[36m(vLLMHttpServer pid=4173685)[0m  '--max_num_seqs',
[36m(vLLMHttpServer pid=4173685)[0m  '256',
[36m(vLLMHttpServer pid=4173685)[0m  '--enable_chunked_prefill',
[36m(vLLMHttpServer pid=4173685)[0m  '--max_num_batched_tokens',
[36m(vLLMHttpServer pid=4173685)[0m  '24576',
[36m(vLLMHttpServer pid=4173685)[0m  '--enable_prefix_caching',
[36m(vLLMHttpServer pid=4173685)[0m  '--enable_sleep_mode',
[36m(vLLMHttpServer pid=4173685)[0m  '--logprobs_mode',
[36m(vLLMHttpServer pid=4173685)[0m  'processed_logprobs',
[36m(vLLMHttpServer pid=4173685)[0m  '--gpu_memory_utilization',
[36m(vLLMHttpServer pid=4173685)[0m  '0.65',
[36m(vLLMHttpServer pid=4173685)[0m  '--disable_log_stats',
[36m(vLLMHttpServer pid=4173685)[0m  '--tensor_parallel_size',
[36m(vLLMHttpServer pid=4173685)[0m  '1',
[36m(vLLMHttpServer pid=4173685)[0m  '--seed',
[36m(vLLMHttpServer pid=4173685)[0m  '42',
[36m(vLLMHttpServer pid=4173685)[0m  '--override_generation_config',
[36m(vLLMHttpServer pid=4173685)[0m  '{"temperature": 1.0, "top_k": -1, "top_p": 1, "repetition_penalty": 1.0, '
[36m(vLLMHttpServer pid=4173685)[0m  '"max_new_tokens": 16384}',
[36m(vLLMHttpServer pid=4173685)[0m  '--hf_overrides',
[36m(vLLMHttpServer pid=4173685)[0m  '{}',
[36m(vLLMHttpServer pid=4173685)[0m  '--scheduling_policy',
[36m(vLLMHttpServer pid=4173685)[0m  'fcfs',
[36m(vLLMHttpServer pid=4173685)[0m  '--compilation_config',
[36m(vLLMHttpServer pid=4173685)[0m  '{"cudagraph_mode": "FULL_AND_PIECEWISE"}',
[36m(vLLMHttpServer pid=4173685)[0m  '--mm_processor_kwargs',
[36m(vLLMHttpServer pid=4173685)[0m  '{"max_pixels": 150528}',
[36m(vLLMHttpServer pid=4173685)[0m  '--limit_mm_per_prompt',
[36m(vLLMHttpServer pid=4173685)[0m  '{"image": 112}',
[36m(vLLMHttpServer pid=4173685)[0m  '--enable_lora',
[36m(vLLMHttpServer pid=4173685)[0m  '--max_loras',
[36m(vLLMHttpServer pid=4173685)[0m  '1',
[36m(vLLMHttpServer pid=4173685)[0m  '--max_lora_rank',
[36m(vLLMHttpServer pid=4173685)[0m  '16']
[36m(vLLMHttpServer pid=4173685)[0m WARNING 08-30 19:37:10 [system_utils.py:157] We must use the `spawn` multiprocessing start method. Overriding VLLM_WORKER_MULTIPROC_METHOD to 'spawn'. See https://docs.vllm.ai/en/latest/usage/troubleshooting.html#python-multiprocessing for more information. Reasons: In a Ray actor and can only be spawned; CUDA is initialized
[36m(vLLMHttpServer pid=4173685)[0m (Worker pid=4174508) WARNING 08-30 19:37:31 [model_manager.py:401] Regarding Qwen3VLForConditionalGeneration, no matching PunicaWrapper is found; visual.patch_embed.proj will be ignored.
[36m(vLLMHttpServer pid=4173685)[0m (Worker pid=4174508) WARNING 08-30 19:37:31 [model_manager.py:401] Regarding Qwen3VLForConditionalGeneration, no matching PunicaWrapper is found; visual.merger.linear_fc1 will be ignored.
[36m(vLLMHttpServer pid=4173685)[0m (Worker pid=4174508) WARNING 08-30 19:37:31 [model_manager.py:401] Regarding Qwen3VLForConditionalGeneration, no matching PunicaWrapper is found; visual.merger.linear_fc2 will be ignored.
[36m(vLLMHttpServer pid=4173685)[0m (Worker pid=4174508) WARNING 08-30 19:37:31 [model_manager.py:401] Regarding Qwen3VLForConditionalGeneration, no matching PunicaWrapper is found; visual.deepstack_merger_list.0.linear_fc1 will be ignored.
[36m(vLLMHttpServer pid=4173685)[0m (Worker pid=4174508) WARNING 08-30 19:37:31 [model_manager.py:401] Regarding Qwen3VLForConditionalGeneration, no matching PunicaWrapper is found; visual.deepstack_merger_list.0.linear_fc2 will be ignored.
[36m(vLLMHttpServer pid=4173685)[0m (Worker pid=4174508) WARNING 08-30 19:37:31 [model_manager.py:401] Regarding Qwen3VLForConditionalGeneration, no matching PunicaWrapper is found; visual.deepstack_merger_list.1.linear_fc1 will be ignored.
[36m(vLLMHttpServer pid=4173685)[0m (Worker pid=4174508) WARNING 08-30 19:37:31 [model_manager.py:401] Regarding Qwen3VLForConditionalGeneration, no matching PunicaWrapper is found; visual.deepstack_merger_list.1.linear_fc2 will be ignored.
[36m(vLLMHttpServer pid=4173685)[0m (Worker pid=4174508) WARNING 08-30 19:37:31 [model_manager.py:401] Regarding Qwen3VLForConditionalGeneration, no matching PunicaWrapper is found; visual.deepstack_merger_list.2.linear_fc1 will be ignored.
[36m(vLLMHttpServer pid=4173685)[0m (Worker pid=4174508) WARNING 08-30 19:37:31 [model_manager.py:401] Regarding Qwen3VLForConditionalGeneration, no matching PunicaWrapper is found; visual.deepstack_merger_list.2.linear_fc2 will be ignored.
[36m(vLLMHttpServer pid=4173685)[0m (Worker pid=4174508) WARNING 08-30 19:37:31 [model_manager.py:401] Regarding Qwen3VLForConditionalGeneration, no matching PunicaWrapper is found; visual.blocks.0.attn.qkv will be ignored.
[36m(vLLMHttpServer pid=4173685)[0m (Worker pid=4174508) WARNING 08-30 19:37:31 [model_manager.py:401] Regarding Qwen3VLForConditionalGeneration, no matching PunicaWrapper is found; visual.blocks.0.attn.proj will be ignored.
[36m(vLLMHttpServer pid=4173685)[0m (Worker pid=4174508) WARNING 08-30 19:37:31 [model_manager.py:401] Regarding Qwen3VLForConditionalGeneration, no matching PunicaWrapper is found; visual.blocks.0.mlp.linear_fc1 will be ignored.
[36m(vLLMHttpServer pid=4173685)[0m (Worker pid=4174508) WARNING 08-30 19:37:31 [model_manager.py:401] Regarding Qwen3VLForConditionalGeneration, no matching PunicaWrapper is found; visual.blocks.0.mlp.linear_fc2 will be ignored.
[36m(vLLMHttpServer pid=4173685)[0m (Worker pid=4174508) WARNING 08-30 19:37:31 [model_manager.py:401] Regarding Qwen3VLForConditionalGeneration, no matching PunicaWrapper is found; visual.blocks.1.attn.qkv will be ignored.
[36m(vLLMHttpServer pid=4173685)[0m (Worker pid=4174508) WARNING 08-30 19:37:31 [model_manager.py:401] Regarding Qwen3VLForConditionalGeneration, no matching PunicaWrapper is found; visual.blocks.1.attn.proj will be ignored.
[36m(vLLMHttpServer pid=4173685)[0m (Worker pid=4174508) WARNING 08-30 19:37:31 [model_manager.py:401] Regarding Qwen3VLForConditionalGeneration, no matching PunicaWrapper is found; visual.blocks.1.mlp.linear_fc1 will be ignored.
[36m(vLLMHttpServer pid=4173685)[0m (Worker pid=4174508) WARNING 08-30 19:37:31 [model_manager.py:401] Regarding Qwen3VLForConditionalGeneration, no matching PunicaWrapper is found; visual.blocks.1.mlp.linear_fc2 will be ignored.
[36m(vLLMHttpServer pid=4173685)[0m (Worker pid=4174508) WARNING 08-30 19:37:31 [model_manager.py:401] Regarding Qwen3VLForConditionalGeneration, no matching PunicaWrapper is found; visual.blocks.2.attn.qkv will be ignored.
[36m(vLLMHttpServer pid=4173685)[0m (Worker pid=4174508) WARNING 08-30 19:37:31 [model_manager.py:401] Regarding Qwen3VLForConditionalGeneration, no matching PunicaWrapper is found; visual.blocks.2.attn.proj will be ignored.
[36m(vLLMHttpServer pid=4173685)[0m (Worker pid=4174508) WARNING 08-30 19:37:31 [model_manager.py:401] Regarding Qwen3VLForConditionalGeneration, no matching PunicaWrapper is found; visual.blocks.2.mlp.linear_fc1 will be ignored.
[36m(vLLMHttpServer pid=4173685)[0m (Worker pid=4174508) WARNING 08-30 19:37:31 [model_manager.py:401] Regarding Qwen3VLForConditionalGeneration, no matching PunicaWrapper is found; visual.blocks.2.mlp.linear_fc2 will be ignored.
[36m(vLLMHttpServer pid=4173685)[0m (Worker pid=4174508) WARNING 08-30 19:37:31 [model_manager.py:401] Regarding Qwen3VLForConditionalGeneration, no matching PunicaWrapper is found; visual.blocks.3.attn.qkv will be ignored.
[36m(vLLMHttpServer pid=4173685)[0m (Worker pid=4174508) WARNING 08-30 19:37:31 [model_manager.py:401] Regarding Qwen3VLForConditionalGeneration, no matching PunicaWrapper is found; visual.blocks.3.attn.proj will be ignored.
[36m(vLLMHttpServer pid=4173685)[0m (Worker pid=4174508) WARNING 08-30 19:37:31 [model_manager.py:401] Regarding Qwen3VLForConditionalGeneration, no matching PunicaWrapper is found; visual.blocks.3.mlp.linear_fc1 will be ignored.
[36m(vLLMHttpServer pid=4173685)[0m (Worker pid=4174508) WARNING 08-30 19:37:31 [model_manager.py:401] Regarding Qwen3VLForConditionalGeneration, no matching PunicaWrapper is found; visual.blocks.3.mlp.linear_fc2 will be ignored.
[36m(vLLMHttpServer pid=4173685)[0m (Worker pid=4174508) WARNING 08-30 19:37:31 [model_manager.py:401] Regarding Qwen3VLForConditionalGeneration, no matching PunicaWrapper is found; visual.blocks.4.attn.qkv will be ignored.
[36m(vLLMHttpServer pid=4173685)[0m (Worker pid=4174508) WARNING 08-30 19:37:31 [model_manager.py:401] Regarding Qwen3VLForConditionalGeneration, no matching PunicaWrapper is found; visual.blocks.4.attn.proj will be ignored.
[36m(vLLMHttpServer pid=4173685)[0m (Worker pid=4174508) WARNING 08-30 19:37:31 [model_manager.py:401] Regarding Qwen3VLForConditionalGeneration, no matching PunicaWrapper is found; visual.blocks.4.mlp.linear_fc1 will be ignored.
[36m(vLLMHttpServer pid=4173685)[0m (Worker pid=4174508) WARNING 08-30 19:37:31 [model_manager.py:401] Regarding Qwen3VLForConditionalGeneration, no matching PunicaWrapper is found; visual.blocks.4.mlp.linear_fc2 will be ignored.
[36m(vLLMHttpServer pid=4173685)[0m (Worker pid=4174508) WARNING 08-30 19:37:31 [model_manager.py:401] Regarding Qwen3VLForConditionalGeneration, no matching PunicaWrapper is found; visual.blocks.5.attn.qkv will be ignored.
[36m(vLLMHttpServer pid=4173685)[0m (Worker pid=4174508) WARNING 08-30 19:37:31 [model_manager.py:401] Regarding Qwen3VLForConditionalGeneration, no matching PunicaWrapper is found; visual.blocks.5.attn.proj will be ignored.
[36m(vLLMHttpServer pid=4173685)[0m (Worker pid=4174508) WARNING 08-30 19:37:31 [model_manager.py:401] Regarding Qwen3VLForConditionalGeneration, no matching PunicaWrapper is found; visual.blocks.5.mlp.linear_fc1 will be ignored.
[36m(vLLMHttpServer pid=4173685)[0m (Worker pid=4174508) WARNING 08-30 19:37:31 [model_manager.py:401] Regarding Qwen3VLForConditionalGeneration, no matching PunicaWrapper is found; visual.blocks.5.mlp.linear_fc2 will be ignored.
[36m(vLLMHttpServer pid=4173685)[0m (Worker pid=4174508) WARNING 08-30 19:37:31 [model_manager.py:401] Regarding Qwen3VLForConditionalGeneration, no matching PunicaWrapper is found; visual.blocks.6.attn.qkv will be ignored.
[36m(vLLMHttpServer pid=4173685)[0m (Worker pid=4174508) WARNING 08-30 19:37:31 [model_manager.py:401] Regarding Qwen3VLForConditionalGeneration, no matching PunicaWrapper is found; visual.blocks.6.attn.proj will be ignored.
[36m(vLLMHttpServer pid=4173685)[0m (Worker pid=4174508) WARNING 08-30 19:37:31 [model_manager.py:401] Regarding Qwen3VLForConditionalGeneration, no matching PunicaWrapper is found; visual.blocks.6.mlp.linear_fc1 will be ignored.
[36m(vLLMHttpServer pid=4173685)[0m (Worker pid=4174508) WARNING 08-30 19:37:31 [model_manager.py:401] Regarding Qwen3VLForConditionalGeneration, no matching PunicaWrapper is found; visual.blocks.6.mlp.linear_fc2 will be ignored.
[36m(vLLMHttpServer pid=4173685)[0m (Worker pid=4174508) WARNING 08-30 19:37:31 [model_manager.py:401] Regarding Qwen3VLForConditionalGeneration, no matching PunicaWrapper is found; visual.blocks.7.attn.qkv will be ignored.
[36m(vLLMHttpServer pid=4173685)[0m (Worker pid=4174508) WARNING 08-30 19:37:31 [model_manager.py:401] Regarding Qwen3VLForConditionalGeneration, no matching PunicaWrapper is found; visual.blocks.7.attn.proj will be ignored.
[36m(vLLMHttpServer pid=4173685)[0m (Worker pid=4174508) WARNING 08-30 19:37:31 [model_manager.py:401] Regarding Qwen3VLForConditionalGeneration, no matching PunicaWrapper is found; visual.blocks.7.mlp.linear_fc1 will be ignored.
[36m(vLLMHttpServer pid=4173685)[0m (Worker pid=4174508) WARNING 08-30 19:37:31 [model_manager.py:401] Regarding Qwen3VLForConditionalGeneration, no matching PunicaWrapper is found; visual.blocks.7.mlp.linear_fc2 will be ignored.
[36m(vLLMHttpServer pid=4173685)[0m (Worker pid=4174508) WARNING 08-30 19:37:31 [model_manager.py:401] Regarding Qwen3VLForConditionalGeneration, no matching PunicaWrapper is found; visual.blocks.8.attn.qkv will be ignored.
[36m(vLLMHttpServer pid=4173685)[0m (Worker pid=4174508) WARNING 08-30 19:37:31 [model_manager.py:401] Regarding Qwen3VLForConditionalGeneration, no matching PunicaWrapper is found; visual.blocks.8.attn.proj will be ignored.
[36m(vLLMHttpServer pid=4173685)[0m (Worker pid=4174508) WARNING 08-30 19:37:31 [model_manager.py:401] Regarding Qwen3VLForConditionalGeneration, no matching PunicaWrapper is found; visual.blocks.8.mlp.linear_fc1 will be ignored.
[36m(vLLMHttpServer pid=4173685)[0m (Worker pid=4174508) WARNING 08-30 19:37:31 [model_manager.py:401] Regarding Qwen3VLForConditionalGeneration, no matching PunicaWrapper is found; visual.blocks.8.mlp.linear_fc2 will be ignored.
[36m(vLLMHttpServer pid=4173685)[0m (Worker pid=4174508) WARNING 08-30 19:37:31 [model_manager.py:401] Regarding Qwen3VLForConditionalGeneration, no matching PunicaWrapper is found; visual.blocks.9.attn.qkv will be ignored.
[36m(vLLMHttpServer pid=4173685)[0m (Worker pid=4174508) WARNING 08-30 19:37:31 [model_manager.py:401] Regarding Qwen3VLForConditionalGeneration, no matching PunicaWrapper is found; visual.blocks.9.attn.proj will be ignored.
[36m(vLLMHttpServer pid=4173685)[0m (Worker pid=4174508) WARNING 08-30 19:37:31 [model_manager.py:401] Regarding Qwen3VLForConditionalGeneration, no matching PunicaWrapper is found; visual.blocks.9.mlp.linear_fc1 will be ignored.
[36m(vLLMHttpServer pid=4173685)[0m (Worker pid=4174508) WARNING 08-30 19:37:31 [model_manager.py:401] Regarding Qwen3VLForConditionalGeneration, no matching PunicaWrapper is found; visual.blocks.9.mlp.linear_fc2 will be ignored.
[36m(vLLMHttpServer pid=4173685)[0m (Worker pid=4174508) WARNING 08-30 19:37:31 [model_manager.py:401] Regarding Qwen3VLForConditionalGeneration, no matching PunicaWrapper is found; visual.blocks.10.attn.qkv will be ignored.
[36m(vLLMHttpServer pid=4173685)[0m (Worker pid=4174508) WARNING 08-30 19:37:31 [model_manager.py:401] Regarding Qwen3VLForConditionalGeneration, no matching PunicaWrapper is found; visual.blocks.10.attn.proj will be ignored.
[36m(vLLMHttpServer pid=4173685)[0m (Worker pid=4174508) WARNING 08-30 19:37:31 [model_manager.py:401] Regarding Qwen3VLForConditionalGeneration, no matching PunicaWrapper is found; visual.blocks.10.mlp.linear_fc1 will be ignored.
[36m(vLLMHttpServer pid=4173685)[0m (Worker pid=4174508) WARNING 08-30 19:37:31 [model_manager.py:401] Regarding Qwen3VLForConditionalGeneration, no matching PunicaWrapper is found; visual.blocks.10.mlp.linear_fc2 will be ignored.
[36m(vLLMHttpServer pid=4173685)[0m (Worker pid=4174508) WARNING 08-30 19:37:31 [model_manager.py:401] Regarding Qwen3VLForConditionalGeneration, no matching PunicaWrapper is found; visual.blocks.11.attn.qkv will be ignored.
[36m(vLLMHttpServer pid=4173685)[0m (Worker pid=4174508) WARNING 08-30 19:37:31 [model_manager.py:401] Regarding Qwen3VLForConditionalGeneration, no matching PunicaWrapper is found; visual.blocks.11.attn.proj will be ignored.
[36m(vLLMHttpServer pid=4173685)[0m (Worker pid=4174508) WARNING 08-30 19:37:31 [model_manager.py:401] Regarding Qwen3VLForConditionalGeneration, no matching PunicaWrapper is found; visual.blocks.11.mlp.linear_fc1 will be ignored.
[36m(vLLMHttpServer pid=4173685)[0m (Worker pid=4174508) WARNING 08-30 19:37:31 [model_manager.py:401] Regarding Qwen3VLForConditionalGeneration, no matching PunicaWrapper is found; visual.blocks.11.mlp.linear_fc2 will be ignored.
[36m(vLLMHttpServer pid=4173685)[0m (Worker pid=4174508) WARNING 08-30 19:37:31 [model_manager.py:401] Regarding Qwen3VLForConditionalGeneration, no matching PunicaWrapper is found; visual.blocks.12.attn.qkv will be ignored.
[36m(vLLMHttpServer pid=4173685)[0m (Worker pid=4174508) WARNING 08-30 19:37:31 [model_manager.py:401] Regarding Qwen3VLForConditionalGeneration, no matching PunicaWrapper is found; visual.blocks.12.attn.proj will be ignored.
[36m(vLLMHttpServer pid=4173685)[0m (Worker pid=4174508) WARNING 08-30 19:37:31 [model_manager.py:401] Regarding Qwen3VLForConditionalGeneration, no matching PunicaWrapper is found; visual.blocks.12.mlp.linear_fc1 will be ignored.
[36m(vLLMHttpServer pid=4173685)[0m (Worker pid=4174508) WARNING 08-30 19:37:31 [model_manager.py:401] Regarding Qwen3VLForConditionalGeneration, no matching PunicaWrapper is found; visual.blocks.12.mlp.linear_fc2 will be ignored.
[36m(vLLMHttpServer pid=4173685)[0m (Worker pid=4174508) WARNING 08-30 19:37:31 [model_manager.py:401] Regarding Qwen3VLForConditionalGeneration, no matching PunicaWrapper is found; visual.blocks.13.attn.qkv will be ignored.
[36m(vLLMHttpServer pid=4173685)[0m (Worker pid=4174508) WARNING 08-30 19:37:31 [model_manager.py:401] Regarding Qwen3VLForConditionalGeneration, no matching PunicaWrapper is found; visual.blocks.13.attn.proj will be ignored.
[36m(vLLMHttpServer pid=4173685)[0m (Worker pid=4174508) WARNING 08-30 19:37:31 [model_manager.py:401] Regarding Qwen3VLForConditionalGeneration, no matching PunicaWrapper is found; visual.blocks.13.mlp.linear_fc1 will be ignored.
[36m(vLLMHttpServer pid=4173685)[0m (Worker pid=4174508) WARNING 08-30 19:37:31 [model_manager.py:401] Regarding Qwen3VLForConditionalGeneration, no matching PunicaWrapper is found; visual.blocks.13.mlp.linear_fc2 will be ignored.
[36m(vLLMHttpServer pid=4173685)[0m (Worker pid=4174508) WARNING 08-30 19:37:31 [model_manager.py:401] Regarding Qwen3VLForConditionalGeneration, no matching PunicaWrapper is found; visual.blocks.14.attn.qkv will be ignored.
[36m(vLLMHttpServer pid=4173685)[0m (Worker pid=4174508) WARNING 08-30 19:37:31 [model_manager.py:401] Regarding Qwen3VLForConditionalGeneration, no matching PunicaWrapper is found; visual.blocks.14.attn.proj will be ignored.
[36m(vLLMHttpServer pid=4173685)[0m (Worker pid=4174508) WARNING 08-30 19:37:31 [model_manager.py:401] Regarding Qwen3VLForConditionalGeneration, no matching PunicaWrapper is found; visual.blocks.14.mlp.linear_fc1 will be ignored.
[36m(vLLMHttpServer pid=4173685)[0m (Worker pid=4174508) WARNING 08-30 19:37:31 [model_manager.py:401] Regarding Qwen3VLForConditionalGeneration, no matching PunicaWrapper is found; visual.blocks.14.mlp.linear_fc2 will be ignored.
[36m(vLLMHttpServer pid=4173685)[0m (Worker pid=4174508) WARNING 08-30 19:37:31 [model_manager.py:401] Regarding Qwen3VLForConditionalGeneration, no matching PunicaWrapper is found; visual.blocks.15.attn.qkv will be ignored.
[36m(vLLMHttpServer pid=4173685)[0m (Worker pid=4174508) WARNING 08-30 19:37:31 [model_manager.py:401] Regarding Qwen3VLForConditionalGeneration, no matching PunicaWrapper is found; visual.blocks.15.attn.proj will be ignored.
[36m(vLLMHttpServer pid=4173685)[0m (Worker pid=4174508) WARNING 08-30 19:37:31 [model_manager.py:401] Regarding Qwen3VLForConditionalGeneration, no matching PunicaWrapper is found; visual.blocks.15.mlp.linear_fc1 will be ignored.
[36m(vLLMHttpServer pid=4173685)[0m (Worker pid=4174508) WARNING 08-30 19:37:31 [model_manager.py:401] Regarding Qwen3VLForConditionalGeneration, no matching PunicaWrapper is found; visual.blocks.15.mlp.linear_fc2 will be ignored.
[36m(vLLMHttpServer pid=4173685)[0m (Worker pid=4174508) WARNING 08-30 19:37:31 [model_manager.py:401] Regarding Qwen3VLForConditionalGeneration, no matching PunicaWrapper is found; visual.blocks.16.attn.qkv will be ignored.
[36m(vLLMHttpServer pid=4173685)[0m (Worker pid=4174508) WARNING 08-30 19:37:31 [model_manager.py:401] Regarding Qwen3VLForConditionalGeneration, no matching PunicaWrapper is found; visual.blocks.16.attn.proj will be ignored.
[36m(vLLMHttpServer pid=4173685)[0m (Worker pid=4174508) WARNING 08-30 19:37:31 [model_manager.py:401] Regarding Qwen3VLForConditionalGeneration, no matching PunicaWrapper is found; visual.blocks.16.mlp.linear_fc1 will be ignored.
[36m(vLLMHttpServer pid=4173685)[0m (Worker pid=4174508) WARNING 08-30 19:37:31 [model_manager.py:401] Regarding Qwen3VLForConditionalGeneration, no matching PunicaWrapper is found; visual.blocks.16.mlp.linear_fc2 will be ignored.
[36m(vLLMHttpServer pid=4173685)[0m (Worker pid=4174508) WARNING 08-30 19:37:31 [model_manager.py:401] Regarding Qwen3VLForConditionalGeneration, no matching PunicaWrapper is found; visual.blocks.17.attn.qkv will be ignored.
[36m(vLLMHttpServer pid=4173685)[0m (Worker pid=4174508) WARNING 08-30 19:37:31 [model_manager.py:401] Regarding Qwen3VLForConditionalGeneration, no matching PunicaWrapper is found; visual.blocks.17.attn.proj will be ignored.[36m(vLLMHttpServer pid=4173685)[0m (Worker pid=4174508) Capturing CUDA graphs (mixed prefill-decode, PIECEWISE):   0%|          | 0/102 [00:00<?, ?it/s]
[36m(vLLMHttpServer pid=4173685)[0m Capturing CUDA graphs (mixed prefill-decode, PIECEWISE):   1%|          | 1/102 [00:00<00:15,  6.44it/s]
[36m(vLLMHttpServer pid=4173685)[0m Capturing CUDA graphs (mixed prefill-decode, PIECEWISE):   3%|▎         | 3/102 [00:00<00:08, 11.12it/s]
[36m(vLLMHttpServer pid=4173685)[0m Capturing CUDA graphs (mixed prefill-decode, PIECEWISE):   5%|▍         | 5/102 [00:00<00:07, 12.74it/s]
[36m(vLLMHttpServer pid=4173685)[0m Capturing CUDA graphs (mixed prefill-decode, PIECEWISE):   7%|▋         | 7/102 [00:00<00:07, 13.44it/s]
[36m(vLLMHttpServer pid=4173685)[0m Capturing CUDA graphs (mixed prefill-decode, PIECEWISE):   9%|▉         | 9/102 [00:00<00:06, 13.89it/s]
[36m(vLLMHttpServer pid=4173685)[0m Capturing CUDA graphs (mixed prefill-decode, PIECEWISE):  11%|█         | 11/102 [00:00<00:06, 14.10it/s]
[36m(vLLMHttpServer pid=4173685)[0m Capturing CUDA graphs (mixed prefill-decode, PIECEWISE):  13%|█▎        | 13/102 [00:00<00:06, 14.21it/s]
[36m(vLLMHttpServer pid=4173685)[0m Capturing CUDA graphs (mixed prefill-decode, PIECEWISE):  15%|█▍        | 15/102 [00:01<00:06, 14.32it/s]
[36m(vLLMHttpServer pid=4173685)[0m Capturing CUDA graphs (mixed prefill-decode, PIECEWISE):  17%|█▋        | 17/102 [00:01<00:05, 14.39it/s]
[36m(vLLMHttpServer pid=4173685)[0m Capturing CUDA graphs (mixed prefill-decode, PIECEWISE):  19%|█▊        | 19/102 [00:01<00:05, 14.48it/s]
[36m(vLLMHttpServer pid=4173685)[0m Capturing CUDA graphs (mixed prefill-decode, PIECEWISE):  21%|██        | 21/102 [00:01<00:05, 14.54it/s]
[36m(vLLMHttpServer pid=4173685)[0m Capturing CUDA graphs (mixed prefill-decode, PIECEWISE):  23%|██▎       | 23/102 [00:01<00:05, 14.52it/s]
[36m(vLLMHttpServer pid=4173685)[0m Capturing CUDA graphs (mixed prefill-decode, PIECEWISE):  25%|██▍       | 25/102 [00:01<00:05, 14.49it/s]
[36m(vLLMHttpServer pid=4173685)[0m Capturing CUDA graphs (mixed prefill-decode, PIECEWISE):  26%|██▋       | 27/102 [00:01<00:05, 14.53it/s]
[36m(vLLMHttpServer pid=4173685)[0m Capturing CUDA graphs (mixed prefill-decode, PIECEWISE):  28%|██▊       | 29/102 [00:02<00:05, 14.04it/s]
[36m(vLLMHttpServer pid=4173685)[0m Capturing CUDA graphs (mixed prefill-decode, PIECEWISE):  30%|███       | 31/102 [00:02<00:05, 14.18it/s]
[36m(vLLMHttpServer pid=4173685)[0m Capturing CUDA graphs (mixed prefill-decode, PIECEWISE):  32%|███▏      | 33/102 [00:02<00:04, 14.32it/s]
[36m(vLLMHttpServer pid=4173685)[0m Capturing CUDA graphs (mixed prefill-decode, PIECEWISE):  34%|███▍      | 35/102 [00:02<00:04, 13.84it/s]
[36m(vLLMHttpServer pid=4173685)[0m Capturing CUDA graphs (mixed prefill-decode, PIECEWISE):  36%|███▋      | 37/102 [00:02<00:04, 14.01it/s]
[36m(vLLMHttpServer pid=4173685)[0m Capturing CUDA graphs (mixed prefill-decode, PIECEWISE):  38%|███▊      | 39/102 [00:02<00:04, 14.11it/s]
[36m(vLLMHttpServer pid=4173685)[0m Capturing CUDA graphs (mixed prefill-decode, PIECEWISE):  40%|████      | 41/102 [00:02<00:04, 14.20it/s]
[36m(vLLMHttpServer pid=4173685)[0m Capturing CUDA graphs (mixed prefill-decode, PIECEWISE):  42%|████▏     | 43/102 [00:03<00:04, 14.29it/s]
[36m(vLLMHttpServer pid=4173685)[0m Capturing CUDA graphs (mixed prefill-decode, PIECEWISE):  44%|████▍     | 45/102 [00:03<00:03, 14.30it/s]
[36m(vLLMHttpServer pid=4173685)[0m Capturing CUDA graphs (mixed prefill-decode, PIECEWISE):  46%|████▌     | 47/102 [00:03<00:03, 14.21it/s]
[36m(vLLMHttpServer pid=4173685)[0m Capturing CUDA graphs (mixed prefill-decode, PIECEWISE):  48%|████▊     | 49/102 [00:03<00:03, 14.27it/s]
[36m(vLLMHttpServer pid=4173685)[0m Capturing CUDA graphs (mixed prefill-decode, PIECEWISE):  50%|█████     | 51/102 [00:03<00:03, 14.25it/s]
[36m(vLLMHttpServer pid=4173685)[0m Capturing CUDA graphs (mixed prefill-decode, PIECEWISE):  52%|█████▏    | 53/102 [00:03<00:03, 14.25it/s]
[36m(vLLMHttpServer pid=4173685)[0m Capturing CUDA graphs (mixed prefill-decode, PIECEWISE):  54%|█████▍    | 55/102 [00:03<00:03, 14.24it/s]
[36m(vLLMHttpServer pid=4173685)[0m Capturing CUDA graphs (mixed prefill-decode, PIECEWISE):  56%|█████▌    | 57/102 [00:04<00:03, 14.21it/s]
[36m(vLLMHttpServer pid=4173685)[0m Capturing CUDA graphs (mixed prefill-decode, PIECEWISE):  58%|█████▊    | 59/102 [00:04<00:03, 14.18it/s]
[36m(vLLMHttpServer pid=4173685)[0m Capturing CUDA graphs (mixed prefill-decode, PIECEWISE):  60%|█████▉    | 61/102 [00:04<00:02, 14.20it/s]
[36m(vLLMHttpServer pid=4173685)[0m Capturing CUDA graphs (mixed prefill-decode, PIECEWISE):  62%|██████▏   | 63/102 [00:04<00:02, 14.17it/s]
[36m(vLLMHttpServer pid=4173685)[0m Capturing CUDA graphs (mixed prefill-decode, PIECEWISE):  64%|██████▎   | 65/102 [00:04<00:02, 14.17it/s]
[36m(vLLMHttpServer pid=4173685)[0m Capturing CUDA graphs (mixed prefill-decode, PIECEWISE):  66%|██████▌   | 67/102 [00:04<00:02, 13.84it/s]
[36m(vLLMHttpServer pid=4173685)[0m Capturing CUDA graphs (mixed prefill-decode, PIECEWISE):  68%|██████▊   | 69/102 [00:04<00:02, 13.70it/s]
[36m(vLLMHttpServer pid=4173685)[0m Capturing CUDA graphs (mixed prefill-decode, PIECEWISE):  70%|██████▉   | 71/102 [00:05<00:02, 13.77it/s]
[36m(vLLMHttpServer pid=4173685)[0m Capturing CUDA graphs (mixed prefill-decode, PIECEWISE):  72%|███████▏  | 73/102 [00:05<00:02, 13.79it/s]
[36m(vLLMHttpServer pid=4173685)[0m Capturing CUDA graphs (mixed prefill-decode, PIECEWISE):  74%|███████▎  | 75/102 [00:05<00:01, 13.81it/s]
[36m(vLLMHttpServer pid=4173685)[0m Capturing CUDA graphs (mixed prefill-decode, PIECEWISE):  75%|███████▌  | 77/102 [00:05<00:01, 13.88it/s]
[36m(vLLMHttpServer pid=4173685)[0m Capturing CUDA graphs (mixed prefill-decode, PIECEWISE):  77%|███████▋  | 79/102 [00:05<00:01, 13.92it/s]
[36m(vLLMHttpServer pid=4173685)[0m Capturing CUDA graphs (mixed prefill-decode, PIECEWISE):  79%|███████▉  | 81/102 [00:05<00:01, 13.97it/s]
[36m(vLLMHttpServer pid=4173685)[0m Capturing CUDA graphs (mixed prefill-decode, PIECEWISE):  81%|████████▏ | 83/102 [00:05<00:01, 13.93it/s]
[36m(vLLMHttpServer pid=4173685)[0m Capturing CUDA graphs (mixed prefill-decode, PIECEWISE):  83%|████████▎ | 85/102 [00:06<00:01, 13.94it/s]
[36m(vLLMHttpServer pid=4173685)[0m Capturing CUDA graphs (mixed prefill-decode, PIECEWISE):  85%|████████▌ | 87/102 [00:06<00:01, 13.89it/s]
[36m(vLLMHttpServer pid=4173685)[0m Capturing CUDA graphs (mixed prefill-decode, PIECEWISE):  87%|████████▋ | 89/102 [00:06<00:00, 13.92it/s]
[36m(vLLMHttpServer pid=4173685)[0m Capturing CUDA graphs (mixed prefill-decode, PIECEWISE):  89%|████████▉ | 91/102 [00:06<00:00, 14.01it/s]
[36m(vLLMHttpServer pid=4173685)[0m Capturing CUDA graphs (mixed prefill-decode, PIECEWISE):  91%|█████████ | 93/102 [00:06<00:00, 14.01it/s]
[36m(vLLMHttpServer pid=4173685)[0m Capturing CUDA graphs (mixed prefill-decode, PIECEWISE):  93%|█████████▎| 95/102 [00:06<00:00, 14.05it/s]
[36m(vLLMHttpServer pid=4173685)[0m Capturing CUDA graphs (mixed prefill-decode, PIECEWISE):  95%|█████████▌| 97/102 [00:06<00:00, 14.01it/s]
[36m(vLLMHttpServer pid=4173685)[0m Capturing CUDA graphs (mixed prefill-decode, PIECEWISE):  97%|█████████▋| 99/102 [00:07<00:00, 13.38it/s]
[36m(vLLMHttpServer pid=4173685)[0m Capturing CUDA graphs (mixed prefill-decode, PIECEWISE):  99%|█████████▉| 101/102 [00:07<00:00, 12.54it/s]Capturing CUDA graphs (mixed prefill-decode, PIECEWISE): 100%|██████████| 102/102 [00:07<00:00, 13.91it/s]
[36m(vLLMHttpServer pid=4173685)[0m (Worker pid=4174508) Capturing CUDA graphs (decode, FULL):   0%|          | 0/70 [00:00<?, ?it/s]
[36m(vLLMHttpServer pid=4173685)[0m Capturing CUDA graphs (decode, FULL):   1%|▏         | 1/70 [00:00<00:10,  6.57it/s]
[36m(vLLMHttpServer pid=4173685)[0m Capturing CUDA graphs (decode, FULL):   4%|▍         | 3/70 [00:00<00:06, 10.98it/s]
[36m(vLLMHttpServer pid=4173685)[0m Capturing CUDA graphs (decode, FULL):   7%|▋         | 5/70 [00:00<00:05, 12.74it/s]
[36m(vLLMHttpServer pid=4173685)[0m Capturing CUDA graphs (decode, FULL):  10%|█         | 7/70 [00:00<00:04, 13.65it/s]
[36m(vLLMHttpServer pid=4173685)[0m Capturing CUDA graphs (decode, FULL):  13%|█▎        | 9/70 [00:00<00:04, 14.10it/s]
[36m(vLLMHttpServer pid=4173685)[0m Capturing CUDA graphs (decode, FULL):  16%|█▌        | 11/70 [00:00<00:04, 14.48it/s]
[36m(vLLMHttpServer pid=4173685)[0m Capturing CUDA graphs (decode, FULL):  19%|█▊        | 13/70 [00:00<00:03, 14.52it/s]
[36m(vLLMHttpServer pid=4173685)[0m Capturing CUDA graphs (decode, FULL):  21%|██▏       | 15/70 [00:01<00:03, 14.70it/s]
[36m(vLLMHttpServer pid=4173685)[0m Capturing CUDA graphs (decode, FULL):  24%|██▍       | 17/70 [00:01<00:03, 14.83it/s]
[36m(vLLMHttpServer pid=4173685)[0m Capturing CUDA graphs (decode, FULL):  27%|██▋       | 19/70 [00:01<00:03, 14.86it/s]
[36m(vLLMHttpServer pid=4173685)[0m Capturing CUDA graphs (decode, FULL):  30%|███       | 21/70 [00:01<00:03, 14.92it/s]
[36m(vLLMHttpServer pid=4173685)[0m Capturing CUDA graphs (decode, FULL):  33%|███▎      | 23/70 [00:01<00:03, 14.95it/s]
[36m(vLLMHttpServer pid=4173685)[0m Capturing CUDA graphs (decode, FULL):  36%|███▌      | 25/70 [00:01<00:03, 14.97it/s]
[36m(vLLMHttpServer pid=4173685)[0m Capturing CUDA graphs (decode, FULL):  39%|███▊      | 27/70 [00:01<00:02, 15.00it/s]
[36m(vLLMHttpServer pid=4173685)[0m Capturing CUDA graphs (decode, FULL):  41%|████▏     | 29/70 [00:02<00:02, 14.83it/s]
[36m(vLLMHttpServer pid=4173685)[0m Capturing CUDA graphs (decode, FULL):  44%|████▍     | 31/70 [00:02<00:02, 14.91it/s]
[36m(vLLMHttpServer pid=4173685)[0m Capturing CUDA graphs (decode, FULL):  47%|████▋     | 33/70 [00:02<00:02, 14.95it/s]
[36m(vLLMHttpServer pid=4173685)[0m Capturing CUDA graphs (decode, FULL):  50%|█████     | 35/70 [00:02<00:02, 14.96it/s]
[36m(vLLMHttpServer pid=4173685)[0m Capturing CUDA graphs (decode, FULL):  53%|█████▎    | 37/70 [00:02<00:02, 14.97it/s]
[36m(vLLMHttpServer pid=4173685)[0m Capturing CUDA graphs (decode, FULL):  56%|█████▌    | 39/70 [00:02<00:02, 14.92it/s]
[36m(vLLMHttpServer pid=4173685)[0m Capturing CUDA graphs (decode, FULL):  59%|█████▊    | 41/70 [00:02<00:01, 14.93it/s]
[36m(vLLMHttpServer pid=4173685)[0m Capturing CUDA graphs (decode, FULL):  61%|██████▏   | 43/70 [00:02<00:01, 14.91it/s]
[36m(vLLMHttpServer pid=4173685)[0m Capturing CUDA graphs (decode, FULL):  64%|██████▍   | 45/70 [00:03<00:01, 14.96it/s]
[36m(vLLMHttpServer pid=4173685)[0m Capturing CUDA graphs (decode, FULL):  67%|██████▋   | 47/70 [00:03<00:01, 15.01it/s]
[36m(vLLMHttpServer pid=4173685)[0m Capturing CUDA graphs (decode, FULL):  70%|███████   | 49/70 [00:03<00:01, 14.94it/s]
[36m(vLLMHttpServer pid=4173685)[0m Capturing CUDA graphs (decode, FULL):  73%|███████▎  | 51/70 [00:03<00:01, 14.99it/s]
[36m(vLLMHttpServer pid=4173685)[0m Capturing CUDA graphs (decode, FULL):  76%|███████▌  | 53/70 [00:03<00:01, 15.01it/s]
[36m(vLLMHttpServer pid=4173685)[0m Capturing CUDA graphs (decode, FULL):  79%|███████▊  | 55/70 [00:03<00:00, 15.07it/s]
[36m(vLLMHttpServer pid=4173685)[0m Capturing CUDA graphs (decode, FULL):  81%|████████▏ | 57/70 [00:03<00:00, 15.14it/s]
[36m(vLLMHttpServer pid=4173685)[0m Capturing CUDA graphs (decode, FULL):  84%|████████▍ | 59/70 [00:04<00:00, 15.06it/s]
[36m(vLLMHttpServer pid=4173685)[0m Capturing CUDA graphs (decode, FULL):  87%|████████▋ | 61/70 [00:04<00:00, 14.99it/s]
[36m(vLLMHttpServer pid=4173685)[0m Capturing CUDA graphs (decode, FULL):  90%|█████████ | 63/70 [00:04<00:00, 15.08it/s]
[36m(vLLMHttpServer pid=4173685)[0m Capturing CUDA graphs (decode, FULL):  93%|█████████▎| 65/70 [00:04<00:00, 15.11it/s]
[36m(vLLMHttpServer pid=4173685)[0m Capturing CUDA graphs (decode, FULL):  96%|█████████▌| 67/70 [00:04<00:00, 15.09it/s]
[36m(vLLMHttpServer pid=4173685)[0m Capturing CUDA graphs (decode, FULL):  99%|█████████▊| 69/70 [00:04<00:00, 15.00it/s]Capturing CUDA graphs (decode, FULL): 100%|██████████| 70/70 [00:04<00:00, 14.78it/s]
[36m(vLLMHttpServer pid=4173685)[0m (EngineCore pid=4174400) [transformers] The `use_fast` parameter is deprecated and will be removed in a future version. Use `backend="torchvision"` instead of `use_fast=True`, or `backend="pil"` instead of `use_fast=False`.

[36m(vLLMHttpServer pid=4173685)[0m (Worker pid=4174508) WARNING 08-30 19:37:31 [model_manager.py:401] Regarding Qwen3VLForConditionalGeneration, no matching PunicaWrapper is found; visual.blocks.17.mlp.linear_fc1 will be ignored.
[36m(vLLMHttpServer pid=4173685)[0m (Worker pid=4174508) WARNING 08-30 19:37:31 [model_manager.py:401] Regarding Qwen3VLForConditionalGeneration, no matching PunicaWrapper is found; visual.blocks.17.mlp.linear_fc2 will be ignored.
[36m(vLLMHttpServer pid=4173685)[0m (Worker pid=4174508) WARNING 08-30 19:37:31 [model_manager.py:401] Regarding Qwen3VLForConditionalGeneration, no matching PunicaWrapper is found; visual.blocks.18.attn.qkv will be ignored.
[36m(vLLMHttpServer pid=4173685)[0m (Worker pid=4174508) WARNING 08-30 19:37:31 [model_manager.py:401] Regarding Qwen3VLForConditionalGeneration, no matching PunicaWrapper is found; visual.blocks.18.attn.proj will be ignored.
[36m(vLLMHttpServer pid=4173685)[0m (Worker pid=4174508) WARNING 08-30 19:37:31 [model_manager.py:401] Regarding Qwen3VLForConditionalGeneration, no matching PunicaWrapper is found; visual.blocks.18.mlp.linear_fc1 will be ignored.
[36m(vLLMHttpServer pid=4173685)[0m (Worker pid=4174508) WARNING 08-30 19:37:31 [model_manager.py:401] Regarding Qwen3VLForConditionalGeneration, no matching PunicaWrapper is found; visual.blocks.18.mlp.linear_fc2 will be ignored.
[36m(vLLMHttpServer pid=4173685)[0m (Worker pid=4174508) WARNING 08-30 19:37:31 [model_manager.py:401] Regarding Qwen3VLForConditionalGeneration, no matching PunicaWrapper is found; visual.blocks.19.attn.qkv will be ignored.
[36m(vLLMHttpServer pid=4173685)[0m (Worker pid=4174508) WARNING 08-30 19:37:31 [model_manager.py:401] Regarding Qwen3VLForConditionalGeneration, no matching PunicaWrapper is found; visual.blocks.19.attn.proj will be ignored.
[36m(vLLMHttpServer pid=4173685)[0m (Worker pid=4174508) WARNING 08-30 19:37:31 [model_manager.py:401] Regarding Qwen3VLForConditionalGeneration, no matching PunicaWrapper is found; visual.blocks.19.mlp.linear_fc1 will be ignored.
[36m(vLLMHttpServer pid=4173685)[0m (Worker pid=4174508) WARNING 08-30 19:37:31 [model_manager.py:401] Regarding Qwen3VLForConditionalGeneration, no matching PunicaWrapper is found; visual.blocks.19.mlp.linear_fc2 will be ignored.
[36m(vLLMHttpServer pid=4173685)[0m (Worker pid=4174508) WARNING 08-30 19:37:31 [model_manager.py:401] Regarding Qwen3VLForConditionalGeneration, no matching PunicaWrapper is found; visual.blocks.20.attn.qkv will be ignored.
[36m(vLLMHttpServer pid=4173685)[0m (Worker pid=4174508) WARNING 08-30 19:37:31 [model_manager.py:401] Regarding Qwen3VLForConditionalGeneration, no matching PunicaWrapper is found; visual.blocks.20.attn.proj will be ignored.
[36m(vLLMHttpServer pid=4173685)[0m (Worker pid=4174508) WARNING 08-30 19:37:31 [model_manager.py:401] Regarding Qwen3VLForConditionalGeneration, no matching PunicaWrapper is found; visual.blocks.20.mlp.linear_fc1 will be ignored.
[36m(vLLMHttpServer pid=4173685)[0m (Worker pid=4174508) WARNING 08-30 19:37:31 [model_manager.py:401] Regarding Qwen3VLForConditionalGeneration, no matching PunicaWrapper is found; visual.blocks.20.mlp.linear_fc2 will be ignored.
[36m(vLLMHttpServer pid=4173685)[0m (Worker pid=4174508) WARNING 08-30 19:37:31 [model_manager.py:401] Regarding Qwen3VLForConditionalGeneration, no matching PunicaWrapper is found; visual.blocks.21.attn.qkv will be ignored.
[36m(vLLMHttpServer pid=4173685)[0m (Worker pid=4174508) WARNING 08-30 19:37:31 [model_manager.py:401] Regarding Qwen3VLForConditionalGeneration, no matching PunicaWrapper is found; visual.blocks.21.attn.proj will be ignored.
[36m(vLLMHttpServer pid=4173685)[0m (Worker pid=4174508) WARNING 08-30 19:37:31 [model_manager.py:401] Regarding Qwen3VLForConditionalGeneration, no matching PunicaWrapper is found; visual.blocks.21.mlp.linear_fc1 will be ignored.
[36m(vLLMHttpServer pid=4173685)[0m (Worker pid=4174508) WARNING 08-30 19:37:31 [model_manager.py:401] Regarding Qwen3VLForConditionalGeneration, no matching PunicaWrapper is found; visual.blocks.21.mlp.linear_fc2 will be ignored.
[36m(vLLMHttpServer pid=4173685)[0m (Worker pid=4174508) WARNING 08-30 19:37:31 [model_manager.py:401] Regarding Qwen3VLForConditionalGeneration, no matching PunicaWrapper is found; visual.blocks.22.attn.qkv will be ignored.
[36m(vLLMHttpServer pid=4173685)[0m (Worker pid=4174508) WARNING 08-30 19:37:31 [model_manager.py:401] Regarding Qwen3VLForConditionalGeneration, no matching PunicaWrapper is found; visual.blocks.22.attn.proj will be ignored.
[36m(vLLMHttpServer pid=4173685)[0m (Worker pid=4174508) WARNING 08-30 19:37:31 [model_manager.py:401] Regarding Qwen3VLForConditionalGeneration, no matching PunicaWrapper is found; visual.blocks.22.mlp.linear_fc1 will be ignored.
[36m(vLLMHttpServer pid=4173685)[0m (Worker pid=4174508) WARNING 08-30 19:37:31 [model_manager.py:401] Regarding Qwen3VLForConditionalGeneration, no matching PunicaWrapper is found; visual.blocks.22.mlp.linear_fc2 will be ignored.
[36m(vLLMHttpServer pid=4173685)[0m (Worker pid=4174508) WARNING 08-30 19:37:31 [model_manager.py:401] Regarding Qwen3VLForConditionalGeneration, no matching PunicaWrapper is found; visual.blocks.23.attn.qkv will be ignored.
[36m(vLLMHttpServer pid=4173685)[0m (Worker pid=4174508) WARNING 08-30 19:37:31 [model_manager.py:401] Regarding Qwen3VLForConditionalGeneration, no matching PunicaWrapper is found; visual.blocks.23.attn.proj will be ignored.
[36m(vLLMHttpServer pid=4173685)[0m (Worker pid=4174508) WARNING 08-30 19:37:31 [model_manager.py:401] Regarding Qwen3VLForConditionalGeneration, no matching PunicaWrapper is found; visual.blocks.23.mlp.linear_fc1 will be ignored.
[36m(vLLMHttpServer pid=4173685)[0m (Worker pid=4174508) WARNING 08-30 19:37:31 [model_manager.py:401] Regarding Qwen3VLForConditionalGeneration, no matching PunicaWrapper is found; visual.blocks.23.mlp.linear_fc2 will be ignored.
[36m(vLLMHttpServer pid=4173685)[0m (Worker pid=4174508) WARNING 08-30 19:37:52 [utils.py:279] Using default LoRA kernel configs
[36m(vLLMHttpServer pid=4173685)[0m WARNING 08-30 19:38:13 [api_router.py:30] LoRA dynamic loading & unloading is enabled in the API server. This should ONLY be used for local development!
[36m(vLLMHttpServer pid=4173685)[0m WARNING 08-30 19:38:13 [model.py:1477] Default vLLM sampling parameters have been overridden by the model's `generation_config.json`: `{'repetition_penalty': 1.0, 'temperature': 1.0, 'top_k': -1, 'top_p': 1, 'max_tokens': 16384}`. If this is not intended, please relaunch vLLM instance with `--generation-config vllm`.
[36m(TaskRunner pid=4172461)[0m LLMServerManager: ['10.110.2.5:42865']
[36m(TaskRunner pid=4172461)[0m Saving tensorboard log to /home/yw4636/agentic-tvg/results/grpo-vanilla/tb.
[36m(TaskRunner pid=4172461)[0m Found checkpoint: %s /home/yw4636/agentic-tvg/results/grpo-vanilla/ckpt/global_step_260
[36m(TaskRunner pid=4172461)[0m Load from checkpoint folder: /home/yw4636/agentic-tvg/results/grpo-vanilla/ckpt/global_step_260
[36m(TaskRunner pid=4172461)[0m Setting global step to 260
[36m(TaskRunner pid=4172461)[0m Resuming from /home/yw4636/agentic-tvg/results/grpo-vanilla/ckpt/global_step_260
[36m(AgentLoopWorker pid=4175605)[0m Using dataset class: RLHFDataset
[36m(AgentLoopWorker pid=4175605)[0m {
[36m(AgentLoopWorker pid=4175605)[0m   "type": "function",
[36m(AgentLoopWorker pid=4175605)[0m   "function": {
[36m(AgentLoopWorker pid=4175605)[0m     "name": "crop_video",
[36m(AgentLoopWorker pid=4175605)[0m     "description": "Inspect a time interval of the current video closely: returns 30 higher-resolution frames sampled evenly from [start_time, end_time], each labeled with its timestamp in seconds.",
[36m(AgentLoopWorker pid=4175605)[0m     "parameters": {
[36m(AgentLoopWorker pid=4175605)[0m       "type": "object",
[36m(AgentLoopWorker pid=4175605)[0m       "properties": {
[36m(AgentLoopWorker pid=4175605)[0m         "start_time": {
[36m(AgentLoopWorker pid=4175605)[0m           "type": "number",
[36m(AgentLoopWorker pid=4175605)[0m           "description": "Interval start in seconds, >= 0."[36m(WorkerDict pid=4173015)[0m INFO:2026-08-30 19:38:58,711:[Rank 0] Loaded model from /home/yw4636/agentic-tvg/results/grpo-vanilla/ckpt/global_step_260/actor/model_world_size_1_rank_0.pt
[36m(WorkerDict pid=4173015)[0m INFO:2026-08-30 19:38:59,254:[Rank 0] Loaded optimizer from /home/yw4636/agentic-tvg/results/grpo-vanilla/ckpt/global_step_260/actor/optim_world_size_1_rank_0.pt
[36m(WorkerDict pid=4173015)[0m INFO:2026-08-30 19:38:59,256:[Rank 0] Loaded rng from /home/yw4636/agentic-tvg/results/grpo-vanilla/ckpt/global_step_260/actor/extra_state_world_size_1_rank_0.pt
[36m(WorkerDict pid=4173015)[0m INFO:2026-08-30 19:38:59,256:[Rank 0] Loaded lr_scheduler from /home/yw4636/agentic-tvg/results/grpo-vanilla/ckpt/global_step_260/actor/extra_state_world_size_1_rank_0.pt
[36m(WorkerDict pid=4173015)[0m /home/yw4636/.conda/envs/verl/lib/python3.12/site-packages/verl/plugin/platform/platform_cuda.py:99: FutureWarning: torch.cuda._set_allocator_settings is deprecated. Use torch._C._accelerator_setAllocatorSettings instead.
[36m(WorkerDict pid=4173015)[0m   torch.cuda.memory._set_allocator_settings(settings)
[36m(WorkerDict pid=4173015)[0m /home/yw4636/.conda/envs/verl/lib/python3.12/site-packages/verl/plugin/platform/platform_cuda.py:99: FutureWarning: torch.cuda._set_allocator_settings is deprecated. Use torch._C._accelerator_setAllocatorSettings instead.
[36m(WorkerDict pid=4173015)[0m   torch.cuda.memory._set_allocator_settings(settings)
[36m(TaskRunner pid=4172461)[0m Training Progress:  97%|█████████▋| 260/267 [00:00<?, ?it/s]
[36m(AgentLoopWorker pid=4175611)[0m qwen-vl-utils using torchcodec to read video.
[36m(TaskRunner pid=4172461)[0m W0830 19:41:37.630000 4172461 site-packages/torch/fx/_symbolic_trace.py:53] is_fx_tracing will return true for both fx.symbolic_trace and torch.export. Please use is_fx_tracing_symbolic_tracing() for specifically fx.symbolic_trace or torch.compiler.is_compiling() for specifically torch.export/compile.
[36m(AgentLoopWorker pid=4175610)[0m qwen-vl-utils using torchcodec to read video.[32m [repeated 7x across cluster][0m
[36m(WorkerDict pid=4173015)[0m [rank0]:W0830 19:42:16.662000 4173015 site-packages/torch/fx/_symbolic_trace.py:53] is_fx_tracing will return true for both fx.symbolic_trace and torch.export. Please use is_fx_tracing_symbolic_tracing() for specifically fx.symbolic_trace or torch.compiler.is_compiling() for specifically torch.export/compile.
[36m(WorkerDict pid=4173015)[0m /home/yw4636/.conda/envs/verl/lib/python3.12/site-packages/verl/plugin/platform/platform_cuda.py:99: FutureWarning: torch.cuda._set_allocator_settings is deprecated. Use torch._C._accelerator_setAllocatorSettings instead.
[36m(WorkerDict pid=4173015)[0m   torch.cuda.memory._set_allocator_settings(settings)

[36m(AgentLoopWorker pid=4175605)[0m         },
[36m(AgentLoopWorker pid=4175605)[0m         "end_time": {
[36m(AgentLoopWorker pid=4175605)[0m           "type": "number",
[36m(AgentLoopWorker pid=4175605)[0m           "description": "Interval end in seconds, > start_time, <= video duration."
[36m(AgentLoopWorker pid=4175605)[0m         }
[36m(AgentLoopWorker pid=4175605)[0m       },
[36m(AgentLoopWorker pid=4175605)[0m       "required": [
[36m(AgentLoopWorker pid=4175605)[0m         "start_time",
[36m(AgentLoopWorker pid=4175605)[0m         "end_time"
[36m(AgentLoopWorker pid=4175605)[0m       ]
[36m(AgentLoopWorker pid=4175605)[0m     }
[36m(AgentLoopWorker pid=4175605)[0m   }
[36m(AgentLoopWorker pid=4175605)[0m }
[36m(vLLMHttpServer pid=4173685)[0m WARNING 08-30 19:39:21 [input_processor.py:157] vLLM has deprecated support for supporting different tokenizers for different LoRAs. By default, vLLM uses base model's tokenizer. If you are using a LoRA with its own tokenizer, consider specifying `--tokenizer [lora_path]` to use the LoRA tokenizer.
[36m(vLLMHttpServer pid=4173685)[0m WARNING 08-30 19:39:21 [input_processor.py:282] Passing raw prompts to InputProcessor is deprecated and will be removed in v0.18. You should instead pass the outputs of Renderer.render_cmpl() or Renderer.render_chat().
[36m(AgentLoopWorker pid=4175613)[0m Using dataset class: RLHFDataset[32m [repeated 7x across cluster] (Ray deduplicates logs by default. Set RAY_DEDUP_LOGS=0 to disable log deduplication, or see https://docs.ray.io/en/master/ray-observability/user-guides/configure-logging.html#log-deduplication for more options.)[0m
[36m(AgentLoopWorker pid=4175608)[0m {[32m [repeated 7x across cluster][0m
[36m(AgentLoopWorker pid=4175608)[0m   "type": "function",[32m [repeated 7x across cluster][0m
[36m(AgentLoopWorker pid=4175608)[0m   "function": {[32m [repeated 7x across cluster][0m
[36m(AgentLoopWorker pid=4175608)[0m     "name": "crop_video",[32m [repeated 7x across cluster][0m
[36m(AgentLoopWorker pid=4175608)[0m     "description": "Inspect a time interval of the current video closely: returns 30 higher-resolution frames sampled evenly from [start_time, end_time], each labeled with its timestamp in seconds.",[32m [repeated 7x across cluster][0m
[36m(AgentLoopWorker pid=4175608)[0m     "parameters": {[32m [repeated 7x across cluster][0m
[36m(AgentLoopWorker pid=4175608)[0m       "type": "object",[32m [repeated 7x across cluster][0m
[36m(AgentLoopWorker pid=4175608)[0m       "properties": {[32m [repeated 7x across cluster][0m
[36m(AgentLoopWorker pid=4175608)[0m         "start_time": {[32m [repeated 7x across cluster][0m
[36m(AgentLoopWorker pid=4175608)[0m           "type": "number",[32m [repeated 14x across cluster][0m
[36m(AgentLoopWorker pid=4175608)[0m           "description": "Interval start in seconds, >= 0."[32m [repeated 7x across cluster][0m
[36m(AgentLoopWorker pid=4175608)[0m       },[32m [repeated 14x across cluster][0m
[36m(AgentLoopWorker pid=4175608)[0m         "end_time": {[32m [repeated 7x across cluster][0m
[36m(AgentLoopWorker pid=4175608)[0m           "description": "Interval end in seconds, > start_time, <= video duration."[32m [repeated 7x across cluster][0m
[36m(AgentLoopWorker pid=4175608)[0m }[32m [repeated 28x across cluster][0m
[36m(AgentLoopWorker pid=4175608)[0m       "required": [[32m [repeated 7x across cluster][0m
[36m(AgentLoopWorker pid=4175608)[0m         "start_time",[32m [repeated 7x across cluster][0m
[36m(AgentLoopWorker pid=4175608)[0m         "end_time"[32m [repeated 7x across cluster][0m
[36m(AgentLoopWorker pid=4175608)[0m       ][32m [repeated 7x across cluster][0m
[36m(vLLMHttpServer pid=4173685)[0m (Worker pid=4174508) WARNING 08-30 19:39:22 [jit_monitor.py:106] Triton kernel JIT compilation during inference: _compute_slot_mapping_kernel. This causes a latency spike; consider extending warmup to cover this shape/config.
[36m(vLLMHttpServer pid=4173685)[0m (Worker pid=4174508) WARNING 08-30 19:39:22 [jit_monitor.py:106] Triton kernel JIT compilation during inference: _bilinear_pos_embed_kernel. This causes a latency spike; consider extending warmup to cover this shape/config.
[36m(vLLMHttpServer pid=4173685)[0m (Worker pid=4174508) WARNING 08-30 19:39:22 [jit_monitor.py:106] Triton kernel JIT compilation during inference: rotary_kernel. This causes a latency spike; consider extending warmup to cover this shape/config.
[36m(vLLMHttpServer pid=4173685)[0m (Worker pid=4174508) WARNING 08-30 19:39:22 [jit_monitor.py:106] Triton kernel JIT compilation during inference: _lora_expand_kernel. This causes a latency spike; consider extending warmup to cover this shape/config.
[36m(TaskRunner pid=4172461)[0m Dumped generations to /home/yw4636/agentic-tvg/results/grpo-vanilla/rollouts/261.jsonl
[36m(TaskRunner pid=4172461)[0m step:261 - global_seqlen/min:927013 - global_seqlen/max:927013 - global_seqlen/minmax_diff:0 - global_seqlen/balanced_min:927013 - global_seqlen/balanced_max:927013 - global_seqlen/mean:927013.0 - actor/entropy:0.8547726273536682 - perf/mfu/actor_infer:0.2939706978294483 - training/rollout_probs_diff_valid:1 - training/rollout_probs_diff_max:0.37619030475616455 - training/rollout_probs_diff_mean:0.009850031696259975 - training/rollout_probs_diff_std:0.01577071100473404 - training/rollout_actor_probs_pearson_corr:0.9986491799354553 - rollout_corr/training_ppl:2.372810125350952 - rollout_corr/training_log_ppl:0.8466330170631409 - rollout_corr/kl:0.002927379449829459 - rollout_corr/k3_kl:0.0028254035860300064 - rollout_corr/rollout_ppl:2.365826368331909 - rollout_corr/rollout_log_ppl:0.843716025352478 - rollout_corr/log_ppl_diff:0.0029169991612434387 - rollout_corr/log_ppl_abs_diff:0.003886206541210413 - rollout_corr/log_ppl_diff_max:0.014415621757507324 - rollout_corr/log_ppl_diff_min:-0.007812738418579102 - rollout_corr/ppl_ratio:1.0029284954071045 - rollout_corr/chi2_token:0.005803823471069336 - rollout_corr/chi2_seq:3.392876625061035 - actor/pg_clipfrac:np.float64(0.0) - actor/ppo_kl:np.float64(0.0) - actor/pg_clipfrac_lower:np.float64(0.0) - actor/pg_loss:np.float64(0.016154283075593412) - actor/kl_loss:np.float64(0.011753820115700364) - actor/kl_coef:np.float64(0.0010000000000000002) - actor/loss:np.float64(0.016166038811206818) - actor/grad_norm:np.float64(0.06860671192407608) - actor/lr:np.float64(1.0112093868215634e-06) - actor/perf/max_memory_allocated_gb:np.float64(39.08156728744507) - actor/perf/max_memory_reserved_gb:np.float64(41.828125) - actor/perf/cpu_memory_used_gb:np.float64(96.28203964233398) - perf/mfu/actor:np.float64(0.334984063837664) - training/global_step:261 - training/epoch:1 - critic/score/mean:1.2384214401245117 - critic/score/max:2.0 - critic/score/min:0.0 - critic/rewards/mean:1.2384214401245117 - critic/rewards/max:2.0 - critic/rewards/min:0.0 - critic/advantages/mean:-0.01615428738296032 - critic/advantages/max:2.598834276199341 - critic/advantages/min:-2.6350796222686768 - critic/returns/mean:-0.01615428738296032 - critic/returns/max:2.598834276199341 - critic/returns/min:-2.6350796222686768 - response_length/mean:3243.5390625 - response_length/max:3650.0 - response_length/min:2949.0 - response_length/clip_ratio:0.0 - response_length_non_aborted/mean:3243.5390625 - response_length_non_aborted/max:3650.0 - response_length_non_aborted/min:2949.0 - response_length_non_aborted/clip_ratio:0.0 - response/aborted_ratio:0.0 - prompt_length/mean:3998.75 - prompt_length/max:4145.0 - prompt_length/min:3936.0 - prompt_length/clip_ratio:0.0 - num_turns/min:np.int32(4) - num_turns/max:np.int32(4) - num_turns/mean:np.float64(4.0) - timing_s/start_profile:0.0002682330086827278 - timing_s/agent_loop/num_preempted/min:np.int64(-1) - timing_s/agent_loop/num_preempted/max:np.int64(-1) - timing_s/agent_loop/num_preempted/mean:np.float64(-1.0) - timing_s/agent_loop/generate_sequences/min:np.float64(66.50212940905476) - timing_s/agent_loop/generate_sequences/max:np.float64(121.13600072194822) - timing_s/agent_loop/generate_sequences/mean:np.float64(103.67318375393916) - timing_s/agent_loop/tool_calls/min:np.float64(0.05692176899174228) - timing_s/agent_loop/tool_calls/max:np.float64(0.7854005449917167) - timing_s/agent_loop/tool_calls/mean:np.float64(0.15380243762410828) - timing_s/agent_loop/compute_score/min:np.float64(0.3239377000136301) - timing_s/agent_loop/compute_score/max:np.float64(3.278384556004312) - timing_s/agent_loop/compute_score/mean:np.float64(0.9686603581294548) - timing_s/agent_loop/slowest/generate_sequences:np.float64(121.13600072194822) - timing_s/agent_loop/slowest/tool_calls:np.float64(0.3051959889708087) - timing_s/agent_loop/slowest/compute_score:np.float64(0.3482852049637586) - timing_s/agent_loop/slowest/num_preempted:np.int64(-1) - timing_s/agent_loop/slowest/prompt_length:3967 - timing_s/agent_loop/slowest/response_length:3479 - timing_s/gen:153.3677694160142 - timing_s/reward:3.0180963221937418e-05 - timing_s/old_log_prob:146.75769897701684 - timing_s/ref:131.4136064319755 - timing_s/adv:0.18732135003665462 - timing_s/update_actor:324.7559466439998 - timing_s/update_weights:3.9837939940043725 - timing_s/dump_rollout_generations:0.2971526850014925 - timing_s/step:760.950654085027 - timing_s/stop_profile:4.0064973291009665e-05 - timing_per_token_ms/gen:0.36940689644079505 - timing_per_token_ms/update_actor:0.3503251266638114 - timing_per_token_ms/ref:0.14176026272768072 - timing_per_token_ms/adv:0.00020206981998812813 - perf/total_num_tokens:927013 - perf/time_per_step:760.950654085027 - perf/throughput:1218.2301112739663[36m(TaskRunner pid=4172461)[0m Training Progress:  98%|█████████▊| 261/267 [12:41<1:16:06, 761.16s/it]
[36m(TaskRunner pid=4172461)[0m Training Progress:  98%|█████████▊| 262/267 [25:16<1:03:07, 757.46s/it]

[36m(TaskRunner pid=4172461)[0m Dumped generations to /home/yw4636/agentic-tvg/results/grpo-vanilla/rollouts/262.jsonl
[36m(TaskRunner pid=4172461)[0m step:262 - global_seqlen/min:920615 - global_seqlen/max:920615 - global_seqlen/minmax_diff:0 - global_seqlen/balanced_min:920615 - global_seqlen/balanced_max:920615 - global_seqlen/mean:920615.0 - actor/entropy:0.8723072409629822 - perf/mfu/actor_infer:0.29856328649053104 - training/rollout_probs_diff_valid:1 - training/rollout_probs_diff_max:0.4006200432777405 - training/rollout_probs_diff_mean:0.010151812806725502 - training/rollout_probs_diff_std:0.015996338799595833 - training/rollout_actor_probs_pearson_corr:0.9986157417297363 - rollout_corr/training_ppl:2.3898439407348633 - rollout_corr/training_log_ppl:0.8602921962738037 - rollout_corr/kl:0.002754887565970421 - rollout_corr/k3_kl:0.002919497201219201 - rollout_corr/rollout_ppl:2.3827943801879883 - rollout_corr/rollout_log_ppl:0.8573915362358093 - rollout_corr/log_ppl_diff:0.002900665160268545 - rollout_corr/log_ppl_abs_diff:0.0038093379698693752 - rollout_corr/log_ppl_diff_max:0.016853749752044678 - rollout_corr/log_ppl_diff_min:-0.004932999610900879 - rollout_corr/ppl_ratio:1.002912998199463 - rollout_corr/chi2_token:0.006299495697021484 - rollout_corr/chi2_seq:1.3509292602539062 - actor/pg_clipfrac:np.float64(0.0) - actor/ppo_kl:np.float64(0.0) - actor/pg_clipfrac_lower:np.float64(0.0) - actor/pg_loss:np.float64(0.018900201335782185) - actor/kl_loss:np.float64(0.012189703527837992) - actor/kl_coef:np.float64(0.0010000000000000002) - actor/loss:np.float64(0.01891239359974861) - actor/grad_norm:np.float64(0.07429089397192001) - actor/lr:np.float64(1.0077852844248104e-06) - actor/perf/max_memory_allocated_gb:np.float64(39.08156728744507) - actor/perf/max_memory_reserved_gb:np.float64(41.828125) - actor/perf/cpu_memory_used_gb:np.float64(98.03284454345703) - perf/mfu/actor:np.float64(0.3371800938851794) - training/global_step:262 - training/epoch:1 - critic/score/mean:1.046398639678955 - critic/score/max:1.9166666269302368 - critic/score/min:0.5 - critic/rewards/mean:1.046398639678955 - critic/rewards/max:1.9166666269302368 - critic/rewards/min:0.5 - critic/advantages/mean:-0.018900195136666298 - critic/advantages/max:2.32725191116333 - critic/advantages/min:-3.0040013790130615 - critic/returns/mean:-0.018900195136666298 - critic/returns/max:2.32725191116333 - critic/returns/min:-3.0040013790130615 - response_length/mean:3221.8046875 - response_length/max:3612.0 - response_length/min:2932.0 - response_length/clip_ratio:0.0 - response_length_non_aborted/mean:3221.8046875 - response_length_non_aborted/max:3612.0 - response_length_non_aborted/min:2932.0 - response_length_non_aborted/clip_ratio:0.0 - response/aborted_ratio:0.0 - prompt_length/mean:3970.5 - prompt_length/max:4129.0 - prompt_length/min:3931.0 - prompt_length/clip_ratio:0.0 - num_turns/min:np.int32(4) - num_turns/max:np.int32(4) - num_turns/mean:np.float64(4.0) - timing_s/start_profile:6.320601096376777e-05 - timing_s/agent_loop/num_preempted/min:np.int64(-1) - timing_s/agent_loop/num_preempted/max:np.int64(-1) - timing_s/agent_loop/num_preempted/mean:np.float64(-1.0) - timing_s/agent_loop/generate_sequences/min:np.float64(65.52216628898168) - timing_s/agent_loop/generate_sequences/max:np.float64(113.50060030992609) - timing_s/agent_loop/generate_sequences/mean:np.float64(98.072252959656) - timing_s/agent_loop/tool_calls/min:np.float64(0.06754600600106642) - timing_s/agent_loop/tool_calls/max:np.float64(2.855491987953428) - timing_s/agent_loop/tool_calls/mean:np.float64(0.1636236046265367) - timing_s/agent_loop/compute_score/min:np.float64(0.31942097103456035) - timing_s/agent_loop/compute_score/max:np.float64(3.4940131879993714) - timing_s/agent_loop/compute_score/mean:np.float64(1.0927121141189673) - timing_s/agent_loop/slowest/generate_sequences:np.float64(112.41497084096773) - timing_s/agent_loop/slowest/tool_calls:np.float64(2.855491987953428) - timing_s/agent_loop/slowest/compute_score:np.float64(0.9728643600246869) - timing_s/agent_loop/slowest/num_preempted:np.int64(-1) - timing_s/agent_loop/slowest/prompt_length:3951 - timing_s/agent_loop/slowest/response_length:3612 - timing_s/gen:141.69779053301318 - timing_s/reward:0.0005097669782117009 - timing_s/old_log_prob:147.40497744904133 - timing_s/ref:138.5645138520049 - timing_s/adv:0.1684191029635258 - timing_s/update_actor:322.4898169669905 - timing_s/update_weights:4.017929830995854 - timing_s/dump_rollout_generations:0.3224315400002524 - timing_s/step:754.8159463819466 - timing_s/stop_profile:4.470802377909422e-05 - timing_per_token_ms/gen:0.34360058908417784 - timing_per_token_ms/update_actor:0.3502982429864715 - timing_per_token_ms/ref:0.15051298735302476 - timing_per_token_ms/adv:0.00018294194963532618 - perf/total_num_tokens:920615 - perf/time_per_step:754.8159463819466 - perf/throughput:1219.654942920558
[36m(TaskRunner pid=4172461)[0m Dumped generations to /home/yw4636/agentic-tvg/results/grpo-vanilla/rollouts/263.jsonl
[36m(TaskRunner pid=4172461)[0m step:263 - global_seqlen/min:926007 - global_seqlen/max:926007 - global_seqlen/minmax_diff:0 - global_seqlen/balanced_min:926007 - global_seqlen/balanced_max:926007 - global_seqlen/mean:926007.0 - actor/entropy:0.9067485928535461 - perf/mfu/actor_infer:0.296931675582379 - training/rollout_probs_diff_valid:1 - training/rollout_probs_diff_max:0.458596795797348 - training/rollout_probs_diff_mean:0.010652851313352585 - training/rollout_probs_diff_std:0.017506452277302742 - training/rollout_actor_probs_pearson_corr:0.9983950257301331 - rollout_corr/training_ppl:2.477820634841919 - rollout_corr/training_log_ppl:0.8939219117164612 - rollout_corr/kl:0.0037954438012093306 - rollout_corr/k3_kl:0.0033119183499366045 - rollout_corr/rollout_ppl:2.4681291580200195 - rollout_corr/rollout_log_ppl:0.8900328874588013 - rollout_corr/log_ppl_diff:0.0038889129646122456 - rollout_corr/log_ppl_abs_diff:0.0048090131022036076 - rollout_corr/log_ppl_diff_max:0.04234808683395386 - rollout_corr/log_ppl_diff_min:-0.005382657051086426 - rollout_corr/ppl_ratio:1.0039136409759521 - rollout_corr/chi2_token:0.005507946014404297 - rollout_corr/chi2_seq:1.5588419437408447 - actor/pg_clipfrac:np.float64(0.0) - actor/ppo_kl:np.float64(0.0) - actor/pg_clipfrac_lower:np.float64(0.0) - actor/pg_loss:np.float64(0.030759500747080892) - actor/kl_loss:np.float64(0.01267450449813623) - actor/kl_coef:np.float64(0.0010000000000000002) - actor/loss:np.float64(0.030772175639867783) - actor/grad_norm:np.float64(0.07737532258033752) - actor/lr:np.float64(1.0049830994433295e-06) - actor/perf/max_memory_allocated_gb:np.float64(39.08156728744507) - actor/perf/max_memory_reserved_gb:np.float64(41.828125) - actor/perf/cpu_memory_used_gb:np.float64(114.64622497558594) - perf/mfu/actor:np.float64(0.3365886279043767) - training/global_step:263 - training/epoch:1 - critic/score/mean:1.1316710710525513 - critic/score/max:1.9526748657226562 - critic/score/min:0.5 - critic/rewards/mean:1.1316710710525513 - critic/rewards/max:1.9526748657226562 - critic/rewards/min:0.5 - critic/advantages/mean:-0.030759479850530624 - critic/advantages/max:2.5705928802490234 - critic/advantages/min:-3.6102073192596436 - critic/returns/mean:-0.030759479850530624 - critic/returns/max:2.5705928802490234 - critic/returns/min:-3.6102073192596436 - response_length/mean:3197.0546875 - response_length/max:3430.0 - response_length/min:2921.0 - response_length/clip_ratio:0.0 - response_length_non_aborted/mean:3197.0546875 - response_length_non_aborted/max:3430.0 - response_length_non_aborted/min:2921.0 - response_length_non_aborted/clip_ratio:0.0 - response/aborted_ratio:0.0 - prompt_length/mean:4037.375 - prompt_length/max:4135.0 - prompt_length/min:3933.0 - prompt_length/clip_ratio:0.0 - num_turns/min:np.int32(4) - num_turns/max:np.int32(4) - num_turns/mean:np.float64(4.0) - timing_s/start_profile:5.6240009143948555e-05 - timing_s/agent_loop/num_preempted/min:np.int64(-1) - timing_s/agent_loop/num_preempted/max:np.int64(-1) - timing_s/agent_loop/num_preempted/mean:np.float64(-1.0) - timing_s/agent_loop/generate_sequences/min:np.float64(71.77250878099585) - timing_s/agent_loop/generate_sequences/max:np.float64(114.51101841998752) - timing_s/agent_loop/generate_sequences/mean:np.float64(100.82789634013488) - timing_s/agent_loop/tool_calls/min:np.float64(0.06168886099476367) - timing_s/agent_loop/tool_calls/max:np.float64(1.0913733029738069) - timing_s/agent_loop/tool_calls/mean:np.float64(0.14236407196949585) - timing_s/agent_loop/compute_score/min:np.float64(0.3168290230096318) - timing_s/agent_loop/compute_score/max:np.float64(5.300169444002677) - timing_s/agent_loop/compute_score/mean:np.float64(1.1622486906503582) - timing_s/agent_loop/slowest/generate_sequences:np.float64(113.4832594129839) - timing_s/agent_loop/slowest/tool_calls:np.float64(0.07703396497527137) - timing_s/agent_loop/slowest/compute_score:np.float64(3.170761796005536) - timing_s/agent_loop/slowest/num_preempted:np.int64(-1) - timing_s/agent_loop/slowest/prompt_length:3949 - timing_s/agent_loop/slowest/response_length:3328 - timing_s/gen:146.9172114719986 - timing_s/reward:0.0005156680126674473 - timing_s/old_log_prob:147.2523377269972 - timing_s/ref:145.14330672303913 - timing_s/adv:0.16869544400833547 - timing_s/update_actor:328.4975599600002 - timing_s/update_weights:4.038111953996122 - timing_s/dump_rollout_generations:0.3441767980111763 - timing_s/step:772.5202008159831 - timing_s/stop_profile:4.455994348973036e-05 - timing_per_token_ms/gen:0.35901503940882745 - timing_per_token_ms/update_actor:0.3547463031704946 - timing_per_token_ms/ref:0.15674104701480565 - timing_per_token_ms/adv:0.00018217512827477058 - perf/total_num_tokens:926007 - perf/time_per_step:772.5202008159831 - perf/throughput:1198.6832176322312[36m(TaskRunner pid=4172461)[0m Training Progress:  99%|█████████▊| 263/267 [38:08<50:57, 764.37s/it]  
[36m(TaskRunner pid=4172461)[0m Training Progress:  99%|█████████▉| 264/267 [51:13<38:36, 772.29s/it]

[36m(TaskRunner pid=4172461)[0m Dumped generations to /home/yw4636/agentic-tvg/results/grpo-vanilla/rollouts/264.jsonl
[36m(TaskRunner pid=4172461)[0m step:264 - global_seqlen/min:926186 - global_seqlen/max:926186 - global_seqlen/minmax_diff:0 - global_seqlen/balanced_min:926186 - global_seqlen/balanced_max:926186 - global_seqlen/mean:926186.0 - actor/entropy:0.8377219438552856 - perf/mfu/actor_infer:0.2979548061336045 - training/rollout_probs_diff_valid:1 - training/rollout_probs_diff_max:0.33824682235717773 - training/rollout_probs_diff_mean:0.010100780054926872 - training/rollout_probs_diff_std:0.016158781945705414 - training/rollout_actor_probs_pearson_corr:0.998572826385498 - rollout_corr/training_ppl:2.3366737365722656 - rollout_corr/training_log_ppl:0.8315854668617249 - rollout_corr/kl:0.0031781557481735945 - rollout_corr/k3_kl:0.002962148515507579 - rollout_corr/rollout_ppl:2.328979730606079 - rollout_corr/rollout_log_ppl:0.8283417224884033 - rollout_corr/log_ppl_diff:0.0032437462359666824 - rollout_corr/log_ppl_abs_diff:0.003786584362387657 - rollout_corr/log_ppl_diff_max:0.012607216835021973 - rollout_corr/log_ppl_diff_min:-0.004676997661590576 - rollout_corr/ppl_ratio:1.003254771232605 - rollout_corr/chi2_token:0.00550687313079834 - rollout_corr/chi2_seq:0.16404318809509277 - actor/pg_clipfrac:np.float64(0.0) - actor/ppo_kl:np.float64(0.0) - actor/pg_clipfrac_lower:np.float64(0.0) - actor/pg_loss:np.float64(0.00481929857051) - actor/kl_loss:np.float64(0.011690828847349621) - actor/kl_coef:np.float64(0.0010000000000000002) - actor/loss:np.float64(0.004830993711948395) - actor/grad_norm:np.float64(0.06942739337682724) - actor/lr:np.float64(1.0028032198210986e-06) - actor/perf/max_memory_allocated_gb:np.float64(39.08156728744507) - actor/perf/max_memory_reserved_gb:np.float64(41.828125) - actor/perf/cpu_memory_used_gb:np.float64(131.11007690429688) - perf/mfu/actor:np.float64(0.3377237815879898) - training/global_step:264 - training/epoch:1 - critic/score/mean:1.0342622995376587 - critic/score/max:1.8833333253860474 - critic/score/min:0.0 - critic/rewards/mean:1.0342622995376587 - critic/rewards/max:1.8833333253860474 - critic/rewards/min:0.0 - critic/advantages/mean:-0.004819291178137064 - critic/advantages/max:2.751492977142334 - critic/advantages/min:-3.7471539974212646 - critic/returns/mean:-0.004819291178137064 - critic/returns/max:2.751492977142334 - critic/returns/min:-3.7471539974212646 - response_length/mean:3217.203125 - response_length/max:3564.0 - response_length/min:2964.0 - response_length/clip_ratio:0.0 - response_length_non_aborted/mean:3217.203125 - response_length_non_aborted/max:3564.0 - response_length_non_aborted/min:2964.0 - response_length_non_aborted/clip_ratio:0.0 - response/aborted_ratio:0.0 - prompt_length/mean:4018.625 - prompt_length/max:4149.0 - prompt_length/min:3936.0 - prompt_length/clip_ratio:0.0 - num_turns/min:np.int32(4) - num_turns/max:np.int32(4) - num_turns/mean:np.float64(4.0) - timing_s/start_profile:5.850294837728143e-05 - timing_s/agent_loop/num_preempted/min:np.int64(-1) - timing_s/agent_loop/num_preempted/max:np.int64(-1) - timing_s/agent_loop/num_preempted/mean:np.float64(-1.0) - timing_s/agent_loop/generate_sequences/min:np.float64(71.90610018902225) - timing_s/agent_loop/generate_sequences/max:np.float64(118.1408795339521) - timing_s/agent_loop/generate_sequences/mean:np.float64(103.30885073682748) - timing_s/agent_loop/tool_calls/min:np.float64(0.06777588801924139) - timing_s/agent_loop/tool_calls/max:np.float64(0.7395529510104097) - timing_s/agent_loop/tool_calls/mean:np.float64(0.14956590188148766) - timing_s/agent_loop/compute_score/min:np.float64(0.3182828020071611) - timing_s/agent_loop/compute_score/max:np.float64(5.907880814978853) - timing_s/agent_loop/compute_score/mean:np.float64(1.0236934385065979) - timing_s/agent_loop/slowest/generate_sequences:np.float64(118.1408795339521) - timing_s/agent_loop/slowest/tool_calls:np.float64(0.12664309504907578) - timing_s/agent_loop/slowest/compute_score:np.float64(1.1387894439976662) - timing_s/agent_loop/slowest/num_preempted:np.int64(-1) - timing_s/agent_loop/slowest/prompt_length:3936 - timing_s/agent_loop/slowest/response_length:3436 - timing_s/gen:148.16081389499595 - timing_s/reward:0.0005198660073801875 - timing_s/old_log_prob:154.43034082796657 - timing_s/ref:142.9334014710039 - timing_s/adv:0.17081803100882098 - timing_s/update_actor:334.1298239909811 - timing_s/update_weights:4.006441482983064 - timing_s/dump_rollout_generations:0.356590525014326 - timing_s/step:784.3525346170063 - timing_s/stop_profile:4.84469928778708e-05 - timing_per_token_ms/gen:0.35978653307899416 - timing_per_token_ms/update_actor:0.36075887995605754 - timing_per_token_ms/ref:0.15432472685940393 - timing_per_token_ms/adv:0.00018443167032196662 - perf/total_num_tokens:926186 - perf/time_per_step:784.3525346170063 - perf/throughput:1180.8287206622592
[36m(TaskRunner pid=4172461)[0m Dumped generations to /home/yw4636/agentic-tvg/results/grpo-vanilla/rollouts/265.jsonl
[36m(TaskRunner pid=4172461)[0m step:265 - global_seqlen/min:923713 - global_seqlen/max:923713 - global_seqlen/minmax_diff:0 - global_seqlen/balanced_min:923713 - global_seqlen/balanced_max:923713 - global_seqlen/mean:923713.0 - actor/entropy:0.8492343425750732 - perf/mfu/actor_infer:0.2997028110252403 - training/rollout_probs_diff_valid:1 - training/rollout_probs_diff_max:0.2905140221118927 - training/rollout_probs_diff_mean:0.010288086719810963 - training/rollout_probs_diff_std:0.01656203903257847 - training/rollout_actor_probs_pearson_corr:0.9985283017158508 - rollout_corr/training_ppl:2.333340644836426 - rollout_corr/training_log_ppl:0.8362282514572144 - rollout_corr/kl:0.0036342821549624205 - rollout_corr/k3_kl:0.0033441116102039814 - rollout_corr/rollout_ppl:2.3246307373046875 - rollout_corr/rollout_log_ppl:0.8325600028038025 - rollout_corr/log_ppl_diff:0.003668194403871894 - rollout_corr/log_ppl_abs_diff:0.004397541284561157 - rollout_corr/log_ppl_diff_max:0.035695552825927734 - rollout_corr/log_ppl_diff_min:-0.006180524826049805 - rollout_corr/ppl_ratio:1.0036859512329102 - rollout_corr/chi2_token:0.005881190299987793 - rollout_corr/chi2_seq:8.112022399902344 - actor/pg_clipfrac:np.float64(0.0) - actor/ppo_kl:np.float64(0.0) - actor/pg_clipfrac_lower:np.float64(0.0) - actor/pg_loss:np.float64(-0.006621032778639346) - actor/kl_loss:np.float64(0.012881664501037449) - actor/kl_coef:np.float64(0.0010000000000000002) - actor/loss:np.float64(-0.006608137860894203) - actor/grad_norm:np.float64(0.07791576534509659) - actor/lr:np.float64(1.0012459473480325e-06) - actor/perf/max_memory_allocated_gb:np.float64(39.08156728744507) - actor/perf/max_memory_reserved_gb:np.float64(41.865234375) - actor/perf/cpu_memory_used_gb:np.float64(98.21116638183594) - perf/mfu/actor:np.float64(0.3379881271445948) - training/global_step:265 - training/epoch:1 - critic/score/mean:1.2299394607543945 - critic/score/max:2.0 - critic/score/min:0.0 - critic/rewards/mean:1.2299394607543945 - critic/rewards/max:2.0 - critic/rewards/min:0.0 - critic/advantages/mean:0.006621015723794699 - critic/advantages/max:3.027656078338623 - critic/advantages/min:-3.10942006111145 - critic/returns/mean:0.006621015723794699 - critic/returns/max:3.027656078338623 - critic/returns/min:-3.10942006111145 - response_length/mean:3219.8828125 - response_length/max:3529.0 - response_length/min:127.0 - response_length/clip_ratio:0.0 - response_length_non_aborted/mean:3219.8828125 - response_length_non_aborted/max:3529.0 - response_length_non_aborted/min:127.0 - response_length_non_aborted/clip_ratio:0.0 - response/aborted_ratio:0.0 - prompt_length/mean:3996.625 - prompt_length/max:4147.0 - prompt_length/min:3939.0 - prompt_length/clip_ratio:0.0 - num_turns/min:np.int32(2) - num_turns/max:np.int32(4) - num_turns/mean:np.float64(3.984375) - timing_s/start_profile:5.8001955039799213e-05 - timing_s/agent_loop/num_preempted/min:np.int64(-1) - timing_s/agent_loop/num_preempted/max:np.int64(-1) - timing_s/agent_loop/num_preempted/mean:np.float64(-1.0) - timing_s/agent_loop/generate_sequences/min:np.float64(12.577675881970208) - timing_s/agent_loop/generate_sequences/max:np.float64(120.45966152200708) - timing_s/agent_loop/generate_sequences/mean:np.float64(105.45235178538678) - timing_s/agent_loop/tool_calls/min:np.float64(0.0) - timing_s/agent_loop/tool_calls/max:np.float64(0.7669743419974111) - timing_s/agent_loop/tool_calls/mean:np.float64(0.1297543579989906) - timing_s/agent_loop/compute_score/min:np.float64(0.235722123994492) - timing_s/agent_loop/compute_score/max:np.float64(4.657253785990179) - timing_s/agent_loop/compute_score/mean:np.float64(0.9939111012777175) - timing_s/agent_loop/slowest/generate_sequences:np.float64(119.27491555002052) - timing_s/agent_loop/slowest/tool_calls:np.float64(0.09658637398388237) - timing_s/agent_loop/slowest/compute_score:np.float64(2.6410500880447216) - timing_s/agent_loop/slowest/num_preempted:np.int64(-1) - timing_s/agent_loop/slowest/prompt_length:3949 - timing_s/agent_loop/slowest/response_length:3430 - timing_s/gen:150.53895222896244 - timing_s/reward:0.0005290400004014373 - timing_s/old_log_prob:148.00273799098795 - timing_s/ref:141.05758761800826 - timing_s/adv:0.16393943497678265 - timing_s/update_actor:324.4046901750262 - timing_s/update_weights:4.015731405001134 - timing_s/dump_rollout_generations:0.34582407702691853 - timing_s/step:768.6988076140406 - timing_s/stop_profile:4.6155997551977634e-05 - timing_per_token_ms/gen:0.36525725710359813 - timing_per_token_ms/update_actor:0.35119641076289515 - timing_per_token_ms/ref:0.15270715862828418 - timing_per_token_ms/adv:0.0001774787569047774 - perf/total_num_tokens:923713 - perf/time_per_step:768.6988076140406 - perf/throughput:1201.6579066476077[36m(TaskRunner pid=4172461)[0m Training Progress:  99%|█████████▉| 265/267 [1:04:01<25:42, 771.02s/it]
[36m(TaskRunner pid=4172461)[0m Training Progress: 100%|█████████▉| 266/267 [1:19:45<13:49, 829.58s/it]
[36m(WorkerDict pid=4173015)[0m /home/yw4636/.conda/envs/verl/lib/python3.12/site-packages/verl/plugin/platform/platform_cuda.py:99: FutureWarning: torch.cuda._set_allocator_settings is deprecated. Use torch._C._accelerator_setAllocatorSettings instead.
[36m(WorkerDict pid=4173015)[0m   torch.cuda.memory._set_allocator_settings(settings)

[36m(TaskRunner pid=4172461)[0m Dumped generations to /home/yw4636/agentic-tvg/results/grpo-vanilla/rollouts/266.jsonl
[36m(TaskRunner pid=4172461)[0m step:266 - global_seqlen/min:946655 - global_seqlen/max:946655 - global_seqlen/minmax_diff:0 - global_seqlen/balanced_min:946655 - global_seqlen/balanced_max:946655 - global_seqlen/mean:946655.0 - actor/entropy:0.7390775084495544 - perf/mfu/actor_infer:0.30073285735671523 - training/rollout_probs_diff_valid:1 - training/rollout_probs_diff_max:0.38045573234558105 - training/rollout_probs_diff_mean:0.008399495854973793 - training/rollout_probs_diff_std:0.015269704163074493 - training/rollout_actor_probs_pearson_corr:0.9987939596176147 - rollout_corr/training_ppl:2.4794840812683105 - rollout_corr/training_log_ppl:0.8937504291534424 - rollout_corr/kl:0.002556348219513893 - rollout_corr/k3_kl:0.0026517026126384735 - rollout_corr/rollout_ppl:2.471388578414917 - rollout_corr/rollout_log_ppl:0.8906136751174927 - rollout_corr/log_ppl_diff:0.0031366676557809114 - rollout_corr/log_ppl_abs_diff:0.004206269979476929 - rollout_corr/log_ppl_diff_max:0.01586228609085083 - rollout_corr/log_ppl_diff_min:-0.006345570087432861 - rollout_corr/ppl_ratio:1.0031496286392212 - rollout_corr/chi2_token:0.005661725997924805 - rollout_corr/chi2_seq:2.959784984588623 - actor/pg_clipfrac:np.float64(0.0) - actor/ppo_kl:np.float64(0.0) - actor/pg_clipfrac_lower:np.float64(0.0) - actor/pg_loss:np.float64(0.5477395505004097) - actor/kl_loss:np.float64(0.009960246083210222) - actor/kl_coef:np.float64(0.0010000000000000002) - actor/loss:np.float64(0.5477495193481445) - actor/grad_norm:np.float64(0.06023145467042923) - actor/lr:np.float64(1.0003114976182043e-06) - actor/perf/max_memory_allocated_gb:np.float64(39.14023685455322) - actor/perf/max_memory_reserved_gb:np.float64(41.865234375) - actor/perf/cpu_memory_used_gb:np.float64(115.67592239379883) - perf/mfu/actor:np.float64(0.3395475070406382) - training/global_step:266 - training/epoch:1 - critic/score/mean:1.0973628759384155 - critic/score/max:1.9727272987365723 - critic/score/min:0.06652174144983292 - critic/rewards/mean:1.0973628759384155 - critic/rewards/max:1.9727272987365723 - critic/rewards/min:0.06652174144983292 - critic/advantages/mean:-0.5477396249771118 - critic/advantages/max:2.1559629440307617 - critic/advantages/min:-2.997213363647461 - critic/returns/mean:-0.5477396249771118 - critic/returns/max:2.1559629440307617 - critic/returns/min:-2.997213363647461 - response_length/mean:3382.6171875 - response_length/max:16210.0 - response_length/min:2978.0 - response_length/clip_ratio:0.0 - response_length_non_aborted/mean:3382.6171875 - response_length_non_aborted/max:16210.0 - response_length_non_aborted/min:2978.0 - response_length_non_aborted/clip_ratio:0.0 - response/aborted_ratio:0.0 - prompt_length/mean:4013.125 - prompt_length/max:4141.0 - prompt_length/min:3931.0 - prompt_length/clip_ratio:0.0 - num_turns/min:np.int32(4) - num_turns/max:np.int32(8) - num_turns/mean:np.float64(4.03125) - timing_s/start_profile:5.541497375816107e-05 - timing_s/agent_loop/num_preempted/min:np.int64(-1) - timing_s/agent_loop/num_preempted/max:np.int64(-1) - timing_s/agent_loop/num_preempted/mean:np.float64(-1.0) - timing_s/agent_loop/generate_sequences/min:np.float64(67.64669329999015) - timing_s/agent_loop/generate_sequences/max:np.float64(291.3160660219728) - timing_s/agent_loop/generate_sequences/mean:np.float64(108.31424796661031) - timing_s/agent_loop/tool_calls/min:np.float64(0.06859828601591289) - timing_s/agent_loop/tool_calls/max:np.float64(0.5842594290152192) - timing_s/agent_loop/tool_calls/mean:np.float64(0.15028782830495402) - timing_s/agent_loop/compute_score/min:np.float64(0.3218301549786702) - timing_s/agent_loop/compute_score/max:np.float64(2.5455022410023957) - timing_s/agent_loop/compute_score/mean:np.float64(0.9720860845482093) - timing_s/agent_loop/slowest/generate_sequences:np.float64(291.3160660219728) - timing_s/agent_loop/slowest/tool_calls:np.float64(0.19145913497777656) - timing_s/agent_loop/slowest/compute_score:np.float64(0.5006815060041845) - timing_s/agent_loop/slowest/num_preempted:np.int64(-1) - timing_s/agent_loop/slowest/prompt_length:4127 - timing_s/agent_loop/slowest/response_length:16210 - timing_s/gen:307.86136720801005 - timing_s/reward:0.0005707030068151653 - timing_s/old_log_prob:145.87859236099757 - timing_s/ref:144.50471616000868 - timing_s/adv:0.16907271201489493 - timing_s/update_actor:340.0498483950505 - timing_s/update_weights:4.314687840000261 - timing_s/dump_rollout_generations:0.2575401730136946 - timing_s/step:943.1941191469668 - timing_s/stop_profile:4.3428968638181686e-05 - timing_per_token_ms/gen:0.7110372820786651 - timing_per_token_ms/update_actor:0.3592120132414137 - timing_per_token_ms/ref:0.15264770815134202 - timing_per_token_ms/adv:0.0001786001362850193 - perf/total_num_tokens:946655 - perf/time_per_step:943.1941191469668 - perf/throughput:1003.669319796187
[36m(TaskRunner pid=4172461)[0m local_global_step_folder: /home/yw4636/agentic-tvg/results/grpo-vanilla/ckpt/global_step_267
[36m(TaskRunner pid=4172461)[0m Dumped generations to /home/yw4636/agentic-tvg/results/grpo-vanilla/rollouts/267.jsonl
[36m(TaskRunner pid=4172461)[0m test_gen_batch meta info: {'eos_token_id': 151645, 'pad_token_id': 151643, 'recompute_log_prob': False, 'do_sample': False, 'validate': True, 'global_steps': 267}
[36m(TaskRunner pid=4172461)[0m validation generation end
[36m(TaskRunner pid=4172461)[0m test_gen_batch meta info: {'eos_token_id': 151645, 'pad_token_id': 151643, 'recompute_log_prob': False, 'do_sample': False, 'validate': True, 'global_steps': 267}
[36m(TaskRunner pid=4172461)[0m validation generation end
[36m(TaskRunner pid=4172461)[0m test_gen_batch meta info: {'eos_token_id': 151645, 'pad_token_id': 151643, 'recompute_log_prob': False, 'do_sample': False, 'validate': True, 'global_steps': 267}
[36m(TaskRunner pid=4172461)[0m validation generation end
[36m(TaskRunner pid=4172461)[0m test_gen_batch meta info: {'eos_token_id': 151645, 'pad_token_id': 151643, 'recompute_log_prob': False, 'do_sample': False, 'validate': True, 'global_steps': 267}
[36m(TaskRunner pid=4172461)[0m validation generation end
[36m(TaskRunner pid=4172461)[0m test_gen_batch meta info: {'eos_token_id': 151645, 'pad_token_id': 151643, 'recompute_log_prob': False, 'do_sample': False, 'validate': True, 'global_steps': 267}
[36m(TaskRunner pid=4172461)[0m validation generation end
[36m(TaskRunner pid=4172461)[0m test_gen_batch meta info: {'eos_token_id': 151645, 'pad_token_id': 151643, 'recompute_log_prob': False, 'do_sample': False, 'validate': True, 'global_steps': 267}
[36m(TaskRunner pid=4172461)[0m validation generation end
[36m(TaskRunner pid=4172461)[0m test_gen_batch meta info: {'eos_token_id': 151645, 'pad_token_id': 151643, 'recompute_log_prob': False, 'do_sample': False, 'validate': True, 'global_steps': 267}
[36m(TaskRunner pid=4172461)[0m validation generation end
[36m(TaskRunner pid=4172461)[0m test_gen_batch meta info: {'eos_token_id': 151645, 'pad_token_id': 151643, 'recompute_log_prob': False, 'do_sample': False, 'validate': True, 'global_steps': 267}
[36m(TaskRunner pid=4172461)[0m validation generation end
[36m(TaskRunner pid=4172461)[0m test_gen_batch meta info: {'eos_token_id': 151645, 'pad_token_id': 151643, 'recompute_log_prob': False, 'do_sample': False, 'validate': True, 'global_steps': 267}
[36m(TaskRunner pid=4172461)[0m validation generation end
[36m(TaskRunner pid=4172461)[0m test_gen_batch meta info: {'eos_token_id': 151645, 'pad_token_id': 151643, 'recompute_log_prob': False, 'do_sample': False, 'validate': True, 'global_steps': 267}
[36m(TaskRunner pid=4172461)[0m validation generation end
[36m(TaskRunner pid=4172461)[0m test_gen_batch meta info: {'eos_token_id': 151645, 'pad_token_id': 151643, 'recompute_log_prob': False, 'do_sample': False, 'validate': True, 'global_steps': 267}
[36m(TaskRunner pid=4172461)[0m validation generation end
[36m(TaskRunner pid=4172461)[0m test_gen_batch meta info: {'eos_token_id': 151645, 'pad_token_id': 151643, 'recompute_log_prob': False, 'do_sample': False, 'validate': True, 'global_steps': 267}
[36m(TaskRunner pid=4172461)[0m validation generation end
[36m(TaskRunner pid=4172461)[0m test_gen_batch meta info: {'eos_token_id': 151645, 'pad_token_id': 151643, 'recompute_log_prob': False, 'do_sample': False, 'validate': True, 'global_steps': 267}
[36m(TaskRunner pid=4172461)[0m validation generation end
[36m(TaskRunner pid=4172461)[0m test_gen_batch meta info: {'eos_token_id': 151645, 'pad_token_id': 151643, 'recompute_log_prob': False, 'do_sample': False, 'validate': True, 'global_steps': 267}
[36m(TaskRunner pid=4172461)[0m validation generation end
[36m(TaskRunner pid=4172461)[0m test_gen_batch meta info: {'eos_token_id': 151645, 'pad_token_id': 151643, 'recompute_log_prob': False, 'do_sample': False, 'validate': True, 'global_steps': 267}
[36m(TaskRunner pid=4172461)[0m validation generation end
[36m(TaskRunner pid=4172461)[0m test_gen_batch meta info: {'eos_token_id': 151645, 'pad_token_id': 151643, 'recompute_log_prob': False, 'do_sample': False, 'validate': True, 'global_steps': 267}
[36m(TaskRunner pid=4172461)[0m validation generation end
[36m(TaskRunner pid=4172461)[0m test_gen_batch meta info: {'eos_token_id': 151645, 'pad_token_id': 151643, 'recompute_log_prob': False, 'do_sample': False, 'validate': True, 'global_steps': 267}
[36m(TaskRunner pid=4172461)[0m validation generation end
[36m(TaskRunner pid=4172461)[0m test_gen_batch meta info: {'eos_token_id': 151645, 'pad_token_id': 151643, 'recompute_log_prob': False, 'do_sample': False, 'validate': True, 'global_steps': 267}
[36m(TaskRunner pid=4172461)[0m validation generation end
[36m(TaskRunner pid=4172461)[0m test_gen_batch meta info: {'eos_token_id': 151645, 'pad_token_id': 151643, 'recompute_log_prob': False, 'do_sample': False, 'validate': True, 'global_steps': 267}
[36m(TaskRunner pid=4172461)[0m validation generation end
[36m(TaskRunner pid=4172461)[0m test_gen_batch meta info: {'eos_token_id': 151645, 'pad_token_id': 151643, 'recompute_log_prob': False, 'do_sample': False, 'validate': True, 'global_steps': 267}
[36m(TaskRunner pid=4172461)[0m validation generation end
[36m(TaskRunner pid=4172461)[0m test_gen_batch meta info: {'eos_token_id': 151645, 'pad_token_id': 151643, 'recompute_log_prob': False, 'do_sample': False, 'validate': True, 'global_steps': 267}
[36m(TaskRunner pid=4172461)[0m validation generation end
[36m(TaskRunner pid=4172461)[0m test_gen_batch meta info: {'eos_token_id': 151645, 'pad_token_id': 151643, 'recompute_log_prob': False, 'do_sample': False, 'validate': True, 'global_steps': 267}
[36m(TaskRunner pid=4172461)[0m validation generation end
[36m(TaskRunner pid=4172461)[0m test_gen_batch meta info: {'eos_token_id': 151645, 'pad_token_id': 151643, 'recompute_log_prob': False, 'do_sample': False, 'validate': True, 'global_steps': 267}
[36m(TaskRunner pid=4172461)[0m validation generation end
[36m(TaskRunner pid=4172461)[0m test_gen_batch meta info: {'eos_token_id': 151645, 'pad_token_id': 151643, 'recompute_log_prob': False, 'do_sample': False, 'validate': True, 'global_steps': 267}
[36m(TaskRunner pid=4172461)[0m validation generation end
[36m(TaskRunner pid=4172461)[0m test_gen_batch meta info: {'eos_token_id': 151645, 'pad_token_id': 151643, 'recompute_log_prob': False, 'do_sample': False, 'validate': True, 'global_steps': 267}
[36m(TaskRunner pid=4172461)[0m validation generation end
[36m(TaskRunner pid=4172461)[0m test_gen_batch meta info: {'eos_token_id': 151645, 'pad_token_id': 151643, 'recompute_log_prob': False, 'do_sample': False, 'validate': True, 'global_steps': 267}
[36m(TaskRunner pid=4172461)[0m validation generation end
[36m(TaskRunner pid=4172461)[0m test_gen_batch meta info: {'eos_token_id': 151645, 'pad_token_id': 151643, 'recompute_log_prob': False, 'do_sample': False, 'validate': True, 'global_steps': 267}
[36m(TaskRunner pid=4172461)[0m validation generation end
[36m(TaskRunner pid=4172461)[0m test_gen_batch meta info: {'eos_token_id': 151645, 'pad_token_id': 151643, 'recompute_log_prob': False, 'do_sample': False, 'validate': True, 'global_steps': 267}
[36m(TaskRunner pid=4172461)[0m validation generation end
[36m(TaskRunner pid=4172461)[0m test_gen_batch meta info: {'eos_token_id': 151645, 'pad_token_id': 151643, 'recompute_log_prob': False, 'do_sample': False, 'validate': True, 'global_steps': 267}
[36m(TaskRunner pid=4172461)[0m validation generation end
[36m(TaskRunner pid=4172461)[0m test_gen_batch meta info: {'eos_token_id': 151645, 'pad_token_id': 151643, 'recompute_log_prob': False, 'do_sample': False, 'validate': True, 'global_steps': 267}
[36m(TaskRunner pid=4172461)[0m validation generation end
[36m(TaskRunner pid=4172461)[0m test_gen_batch meta info: {'eos_token_id': 151645, 'pad_token_id': 151643, 'recompute_log_prob': False, 'do_sample': False, 'validate': True, 'global_steps': 267}
[36m(TaskRunner pid=4172461)[0m validation generation end
[36m(TaskRunner pid=4172461)[0m test_gen_batch meta info: {'eos_token_id': 151645, 'pad_token_id': 151643, 'recompute_log_prob': False, 'do_sample': False, 'validate': True, 'global_steps': 267}
[36m(TaskRunner pid=4172461)[0m validation generation end
[36m(TaskRunner pid=4172461)[0m test_gen_batch meta info: {'eos_token_id': 151645, 'pad_token_id': 151643, 'recompute_log_prob': False, 'do_sample': False, 'validate': True, 'global_steps': 267}
[36m(TaskRunner pid=4172461)[0m validation generation end
[36m(TaskRunner pid=4172461)[0m test_gen_batch meta info: {'eos_token_id': 151645, 'pad_token_id': 151643, 'recompute_log_prob': False, 'do_sample': False, 'validate': True, 'global_steps': 267}
[36m(TaskRunner pid=4172461)[0m validation generation end
[36m(TaskRunner pid=4172461)[0m test_gen_batch meta info: {'eos_token_id': 151645, 'pad_token_id': 151643, 'recompute_log_prob': False, 'do_sample': False, 'validate': True, 'global_steps': 267}
[36m(TaskRunner pid=4172461)[0m validation generation end
[36m(TaskRunner pid=4172461)[0m test_gen_batch meta info: {'eos_token_id': 151645, 'pad_token_id': 151643, 'recompute_log_prob': False, 'do_sample': False, 'validate': True, 'global_steps': 267}
[36m(TaskRunner pid=4172461)[0m validation generation end
[36m(TaskRunner pid=4172461)[0m test_gen_batch meta info: {'eos_token_id': 151645, 'pad_token_id': 151643, 'recompute_log_prob': False, 'do_sample': False, 'validate': True, 'global_steps': 267}
[36m(TaskRunner pid=4172461)[0m validation generation end
[36m(TaskRunner pid=4172461)[0m test_gen_batch meta info: {'eos_token_id': 151645, 'pad_token_id': 151643, 'recompute_log_prob': False, 'do_sample': False, 'validate': True, 'global_steps': 267}
[36m(TaskRunner pid=4172461)[0m validation generation end
[36m(TaskRunner pid=4172461)[0m test_gen_batch meta info: {'eos_token_id': 151645, 'pad_token_id': 151643, 'recompute_log_prob': False, 'do_sample': False, 'validate': True, 'global_steps': 267}
[36m(TaskRunner pid=4172461)[0m validation generation end
[36m(TaskRunner pid=4172461)[0m test_gen_batch meta info: {'eos_token_id': 151645, 'pad_token_id': 151643, 'recompute_log_prob': False, 'do_sample': False, 'validate': True, 'global_steps': 267}
[36m(TaskRunner pid=4172461)[0m validation generation end
[36m(TaskRunner pid=4172461)[0m test_gen_batch meta info: {'eos_token_id': 151645, 'pad_token_id': 151643, 'recompute_log_prob': False, 'do_sample': False, 'validate': True, 'global_steps': 267}
[36m(TaskRunner pid=4172461)[0m validation generation end
[36m(TaskRunner pid=4172461)[0m test_gen_batch meta info: {'eos_token_id': 151645, 'pad_token_id': 151643, 'recompute_log_prob': False, 'do_sample': False, 'validate': True, 'global_steps': 267}
[36m(TaskRunner pid=4172461)[0m validation generation end
[36m(TaskRunner pid=4172461)[0m test_gen_batch meta info: {'eos_token_id': 151645, 'pad_token_id': 151643, 'recompute_log_prob': False, 'do_sample': False, 'validate': True, 'global_steps': 267}
[36m(TaskRunner pid=4172461)[0m validation generation end
[36m(TaskRunner pid=4172461)[0m test_gen_batch meta info: {'eos_token_id': 151645, 'pad_token_id': 151643, 'recompute_log_prob': False, 'do_sample': False, 'validate': True, 'global_steps': 267}
[36m(TaskRunner pid=4172461)[0m validation generation end
[36m(TaskRunner pid=4172461)[0m test_gen_batch meta info: {'eos_token_id': 151645, 'pad_token_id': 151643, 'recompute_log_prob': False, 'do_sample': False, 'validate': True, 'global_steps': 267}
[36m(TaskRunner pid=4172461)[0m validation generation end
[36m(TaskRunner pid=4172461)[0m test_gen_batch meta info: {'eos_token_id': 151645, 'pad_token_id': 151643, 'recompute_log_prob': False, 'do_sample': False, 'validate': True, 'global_steps': 267}
[36m(TaskRunner pid=4172461)[0m validation generation end
[36m(TaskRunner pid=4172461)[0m test_gen_batch meta info: {'eos_token_id': 151645, 'pad_token_id': 151643, 'recompute_log_prob': False, 'do_sample': False, 'validate': True, 'global_steps': 267}
[36m(TaskRunner pid=4172461)[0m validation generation end
[36m(TaskRunner pid=4172461)[0m test_gen_batch meta info: {'eos_token_id': 151645, 'pad_token_id': 151643, 'recompute_log_prob': False, 'do_sample': False, 'validate': True, 'global_steps': 267}
[36m(TaskRunner pid=4172461)[0m validation generation end
[36m(TaskRunner pid=4172461)[0m test_gen_batch meta info: {'eos_token_id': 151645, 'pad_token_id': 151643, 'recompute_log_prob': False, 'do_sample': False, 'validate': True, 'global_steps': 267}
[36m(TaskRunner pid=4172461)[0m validation generation end
[36m(TaskRunner pid=4172461)[0m test_gen_batch meta info: {'eos_token_id': 151645, 'pad_token_id': 151643, 'recompute_log_prob': False, 'do_sample': False, 'validate': True, 'global_steps': 267}
[36m(TaskRunner pid=4172461)[0m validation generation end
[36m(TaskRunner pid=4172461)[0m test_gen_batch meta info: {'eos_token_id': 151645, 'pad_token_id': 151643, 'recompute_log_prob': False, 'do_sample': False, 'validate': True, 'global_steps': 267}
[36m(TaskRunner pid=4172461)[0m validation generation end
[36m(TaskRunner pid=4172461)[0m test_gen_batch meta info: {'eos_token_id': 151645, 'pad_token_id': 151643, 'recompute_log_prob': False, 'do_sample': False, 'validate': True, 'global_steps': 267}
[36m(TaskRunner pid=4172461)[0m validation generation end
[36m(TaskRunner pid=4172461)[0m test_gen_batch meta info: {'eos_token_id': 151645, 'pad_token_id': 151643, 'recompute_log_prob': False, 'do_sample': False, 'validate': True, 'global_steps': 267}
[36m(TaskRunner pid=4172461)[0m validation generation end
[36m(TaskRunner pid=4172461)[0m test_gen_batch meta info: {'eos_token_id': 151645, 'pad_token_id': 151643, 'recompute_log_prob': False, 'do_sample': False, 'validate': True, 'global_steps': 267}
[36m(TaskRunner pid=4172461)[0m validation generation end
[36m(TaskRunner pid=4172461)[0m test_gen_batch meta info: {'eos_token_id': 151645, 'pad_token_id': 151643, 'recompute_log_prob': False, 'do_sample': False, 'validate': True, 'global_steps': 267}
[36m(TaskRunner pid=4172461)[0m validation generation end
[36m(TaskRunner pid=4172461)[0m test_gen_batch meta info: {'eos_token_id': 151645, 'pad_token_id': 151643, 'recompute_log_prob': False, 'do_sample': False, 'validate': True, 'global_steps': 267}
[36m(TaskRunner pid=4172461)[0m validation generation end
[36m(TaskRunner pid=4172461)[0m test_gen_batch meta info: {'eos_token_id': 151645, 'pad_token_id': 151643, 'recompute_log_prob': False, 'do_sample': False, 'validate': True, 'global_steps': 267}
[36m(TaskRunner pid=4172461)[0m validation generation end
[36m(TaskRunner pid=4172461)[0m Dumped generations to /home/yw4636/agentic-tvg/results/grpo-vanilla/val_rollouts/267.jsonl
[36m(TaskRunner pid=4172461)[0m Training Progress: 100%|██████████| 267/267 [1:46:49<00:00, 1089.37s/it]Training Progress: 100%|██████████| 267/267 [1:46:49<00:00, 915.62s/it] 
[36m(TaskRunner pid=4172461)[0m step:267 - global_seqlen/min:922122 - global_seqlen/max:922122 - global_seqlen/minmax_diff:0 - global_seqlen/balanced_min:922122 - global_seqlen/balanced_max:922122 - global_seqlen/mean:922122.0 - actor/entropy:0.8800254464149475 - perf/mfu/actor_infer:0.29984369376099923 - training/rollout_probs_diff_valid:1 - training/rollout_probs_diff_max:0.28784286975860596 - training/rollout_probs_diff_mean:0.010508797131478786 - training/rollout_probs_diff_std:0.01640625111758709 - training/rollout_actor_probs_pearson_corr:0.9985358119010925 - rollout_corr/training_ppl:2.4074244499206543 - rollout_corr/training_log_ppl:0.8667664527893066 - rollout_corr/kl:0.0030503550078719854 - rollout_corr/k3_kl:0.0031878761947155 - rollout_corr/rollout_ppl:2.4000396728515625 - rollout_corr/rollout_log_ppl:0.8637610077857971 - rollout_corr/log_ppl_diff:0.003005365375429392 - rollout_corr/log_ppl_abs_diff:0.0039026527665555477 - rollout_corr/log_ppl_diff_max:0.014095187187194824 - rollout_corr/log_ppl_diff_min:-0.00988316535949707 - rollout_corr/ppl_ratio:1.0030179023742676 - rollout_corr/chi2_token:0.006716489791870117 - rollout_corr/chi2_seq:6.5585784912109375 - actor/pg_clipfrac:np.float64(0.0) - actor/ppo_kl:np.float64(0.0) - actor/pg_clipfrac_lower:np.float64(0.0) - actor/pg_loss:np.float64(0.023743414392811246) - actor/kl_loss:np.float64(0.012282819079700857) - actor/kl_coef:np.float64(0.0010000000000000002) - actor/loss:np.float64(0.023755697533488274) - actor/grad_norm:np.float64(0.07415276765823364) - actor/lr:np.float64(1.0000000000000004e-06) - actor/perf/max_memory_allocated_gb:np.float64(39.14023685455322) - actor/perf/max_memory_reserved_gb:np.float64(41.865234375) - actor/perf/cpu_memory_used_gb:np.float64(132.304443359375) - perf/mfu/actor:np.float64(0.34316508900584314) - val-aux/longvt_longvt-val/reward/mean@1:np.float64(1.1133011966420894) - val-aux/longvt_longvt-val/score/mean@1:np.float64(1.1133011949733338) - val-core/longvt_longvt-val/acc/mean@1:np.float64(0.5043859649122807) - val-aux/longvt_longvt-val/format_score/mean@1:np.float64(0.5) - val-aux/longvt_longvt-val/evidence_iou/mean@1:np.float64(0.21783046012210616) - val-aux/longvt_longvt-val/answered/mean@1:np.float64(1.0) - val-aux/longvt_longvt-val/num_tool_calls/mean@1:np.float64(1.0) - val-aux/longvt_longvt-val/judge_used/mean@1:np.float64(1.0) - val-aux/num_turns/min:np.int32(4) - val-aux/num_turns/max:np.int32(4) - val-aux/num_turns/mean:np.float64(4.0) - training/global_step:267 - training/epoch:2 - critic/score/mean:1.3960721492767334 - critic/score/max:1.934999942779541 - critic/score/min:0.5583126544952393 - critic/rewards/mean:1.3960721492767334 - critic/rewards/max:1.934999942779541 - critic/rewards/min:0.5583126544952393 - critic/advantages/mean:-0.023743411526083946 - critic/advantages/max:1.8911678791046143 - critic/advantages/min:-2.9434540271759033 - critic/returns/mean:-0.023743411526083946 - critic/returns/max:1.8911678791046143 - critic/returns/min:-2.9434540271759033 - response_length/mean:3260.578125 - response_length/max:3571.0 - response_length/min:3030.0 - response_length/clip_ratio:0.0 - response_length_non_aborted/mean:3260.578125 - response_length_non_aborted/max:3571.0 - response_length_non_aborted/min:3030.0 - response_length_non_aborted/clip_ratio:0.0 - response/aborted_ratio:0.0 - prompt_length/mean:3943.5 - prompt_length/max:3954.0 - prompt_length/min:3937.0 - prompt_length/clip_ratio:0.0 - num_turns/min:np.int32(4) - num_turns/max:np.int32(4) - num_turns/mean:np.float64(4.0) - timing_s/start_profile:0.00021105201449245214 - timing_s/agent_loop/num_preempted/min:np.int64(-1) - timing_s/agent_loop/num_preempted/max:np.int64(-1) - timing_s/agent_loop/num_preempted/mean:np.float64(-1.0) - timing_s/agent_loop/generate_sequences/min:np.float64(67.06688693899196) - timing_s/agent_loop/generate_sequences/max:np.float64(119.85680423094891) - timing_s/agent_loop/generate_sequences/mean:np.float64(103.87209282826598) - timing_s/agent_loop/tool_calls/min:np.float64(0.06976764497812837) - timing_s/agent_loop/tool_calls/max:np.float64(0.6954166069626808) - timing_s/agent_loop/tool_calls/mean:np.float64(0.132573890781714) - timing_s/agent_loop/compute_score/min:np.float64(0.31928194098873064) - timing_s/agent_loop/compute_score/max:np.float64(3.7920090910047293) - timing_s/agent_loop/compute_score/mean:np.float64(0.9670371323545623) - timing_s/agent_loop/slowest/generate_sequences:np.float64(118.08520848496119) - timing_s/agent_loop/slowest/tool_calls:np.float64(0.10474781697848812) - timing_s/agent_loop/slowest/compute_score:np.float64(3.14182164700469) - timing_s/agent_loop/slowest/num_preempted:np.int64(-1) - timing_s/agent_loop/slowest/prompt_length:3950 - timing_s/agent_loop/slowest/response_length:3321 - timing_s/gen:146.47294033801882 - timing_s/reward:0.0002570970100350678 - timing_s/old_log_prob:143.54146970104193 - timing_s/ref:143.38898763305042 - timing_s/adv:0.15712639002595097 - timing_s/update_actor:322.1163314040168 - timing_s/save_checkpoint:25.687324805010576 - timing_s/update_weights:4.039846480998676 - timing_s/dump_rollout_generations:0.32102690800093114 - timing_s/step:785.904473786999 - timing_s/testing:834.9957561800256 - timing_s/stop_profile:0.00016162899555638433 - timing_per_token_ms/gen:0.35095611959635903 - timing_per_token_ms/update_actor:0.34932073131756625 - timing_per_token_ms/ref:0.1554989335825958 - timing_per_token_ms/adv:0.00017039653107284175 - perf/total_num_tokens:922122 - perf/time_per_step:785.904473786999 - perf/throughput:1173.3258058153256
[36m(TaskRunner pid=4172461)[0m ("Final validation metrics: {'val-aux/longvt_longvt-val/reward/mean@1': "
[36m(TaskRunner pid=4172461)[0m  "np.float64(1.1133011966420894), 'val-aux/longvt_longvt-val/score/mean@1': "
[36m(TaskRunner pid=4172461)[0m  "np.float64(1.1133011949733338), 'val-core/longvt_longvt-val/acc/mean@1': "
[36m(TaskRunner pid=4172461)[0m  'np.float64(0.5043859649122807), '
[36m(TaskRunner pid=4172461)[0m  "'val-aux/longvt_longvt-val/format_score/mean@1': np.float64(0.5), "
[36m(TaskRunner pid=4172461)[0m  "'val-aux/longvt_longvt-val/evidence_iou/mean@1': "
[36m(TaskRunner pid=4172461)[0m  'np.float64(0.21783046012210616), '
[36m(TaskRunner pid=4172461)[0m  "'val-aux/longvt_longvt-val/answered/mean@1': np.float64(1.0), "
[36m(TaskRunner pid=4172461)[0m  "'val-aux/longvt_longvt-val/num_tool_calls/mean@1': np.float64(1.0), "
[36m(TaskRunner pid=4172461)[0m  "'val-aux/longvt_longvt-val/judge_used/mean@1': np.float64(1.0), "
[36m(TaskRunner pid=4172461)[0m  "'val-aux/num_turns/min': np.int32(4), 'val-aux/num_turns/max': np.int32(4), "
[36m(TaskRunner pid=4172461)[0m  "'val-aux/num_turns/mean': np.float64(4.0)}")
