/home/yw4636/.conda/envs/verl/lib/python3.12/site-packages/verl/trainer/main_ppo.py:181: UserWarning: Disabled critic as algorithm.adv_estimator != gae. If it is not intended, please set critic.enable=True
  use_critic=need_critic(config),
WARNING: val_batch_size is deprecated. Validation datasets are sent to inference engines as a whole batch, which will schedule the memory themselves.
/home/yw4636/.conda/envs/verl/lib/python3.12/site-packages/verl/workers/engine/__init__.py:31: UserWarning: torchtitan engine is not available: ModuleNotFoundError("No module named 'torchtitan'")
  warnings.warn(f"torchtitan engine is not available: {e!r}", stacklevel=1)
/home/yw4636/.conda/envs/verl/lib/python3.12/site-packages/verl/workers/engine/__init__.py:40: UserWarning: veomni engine is not available: ModuleNotFoundError("No module named 'veomni'")
  warnings.warn(f"veomni engine is not available: {e!r}", stacklevel=1)
/home/yw4636/.conda/envs/verl/lib/python3.12/site-packages/verl/workers/engine/__init__.py:49: UserWarning: automodel engine is not available: ModuleNotFoundError("No module named 'nemo_automodel'")
  warnings.warn(f"automodel engine is not available: {e!r}", stacklevel=1)
/home/yw4636/.conda/envs/verl/lib/python3.12/site-packages/verl/workers/engine/mindspeed/transformer_impl.py:24: UserWarning: NPU not support router replay for now.
  from verl.utils.megatron.router_replay_patch import RouterReplay
/home/yw4636/.conda/envs/verl/lib/python3.12/site-packages/verl/workers/engine/__init__.py:59: UserWarning: mindspeed engine is not available: ModuleNotFoundError("No module named 'megatron'")
  warnings.warn(f"mindspeed engine is not available: {e!r}", stacklevel=1)
/home/yw4636/.conda/envs/verl/lib/python3.12/site-packages/verl/workers/engine/__init__.py:69: UserWarning: megatron engine is not available: ModuleNotFoundError("No module named 'megatron'")
  warnings.warn(f"megatron engine is not available: {e!r}", stacklevel=1)
[validate_config] All configuration checks passed successfully!
[2026-08-30 05:49:47,192][__main__][WARNING] - Legacy trainer `main_ppo_v0.py` is deprecated, and wil be removed in v0.9.0.Please set `trainer.use_v1=True` in config to use V1 trainer.
2026-08-30 05:49:50,114	INFO worker.py:2015 -- Started a local Ray instance. View the dashboard at [1m[32mhttp://127.0.0.1:8265 [39m[22m
[36m(pid=1974692)[0m /home/yw4636/.conda/envs/verl/lib/python3.12/site-packages/verl/workers/engine/__init__.py:31: UserWarning: torchtitan engine is not available: ModuleNotFoundError("No module named 'torchtitan'")
[36m(pid=1974692)[0m   warnings.warn(f"torchtitan engine is not available: {e!r}", stacklevel=1)
[36m(pid=1974692)[0m /home/yw4636/.conda/envs/verl/lib/python3.12/site-packages/verl/workers/engine/__init__.py:40: UserWarning: veomni engine is not available: ModuleNotFoundError("No module named 'veomni'")
[36m(pid=1974692)[0m   warnings.warn(f"veomni engine is not available: {e!r}", stacklevel=1)
[36m(pid=1974692)[0m /home/yw4636/.conda/envs/verl/lib/python3.12/site-packages/verl/workers/engine/__init__.py:49: UserWarning: automodel engine is not available: ModuleNotFoundError("No module named 'nemo_automodel'")
[36m(pid=1974692)[0m   warnings.warn(f"automodel engine is not available: {e!r}", stacklevel=1)
[36m(pid=1974692)[0m /home/yw4636/.conda/envs/verl/lib/python3.12/site-packages/verl/workers/engine/mindspeed/transformer_impl.py:24: UserWarning: NPU not support router replay for now.
[36m(pid=1974692)[0m   from verl.utils.megatron.router_replay_patch import RouterReplay
[36m(pid=1974692)[0m /home/yw4636/.conda/envs/verl/lib/python3.12/site-packages/verl/workers/engine/__init__.py:59: UserWarning: mindspeed engine is not available: ModuleNotFoundError("No module named 'megatron'")
[36m(pid=1974692)[0m   warnings.warn(f"mindspeed engine is not available: {e!r}", stacklevel=1)
[36m(pid=1974692)[0m /home/yw4636/.conda/envs/verl/lib/python3.12/site-packages/verl/workers/engine/__init__.py:69: UserWarning: megatron engine is not available: ModuleNotFoundError("No module named 'megatron'")
[36m(pid=1974692)[0m   warnings.warn(f"megatron engine is not available: {e!r}", stacklevel=1)
ray init kwargs: {'num_cpus': None, 'object_store_memory': 25769803776, 'runtime_env': {'env_vars': {'TOKENIZERS_PARALLELISM': 'true', 'NCCL_DEBUG': 'WARN', 'VLLM_LOGGING_LEVEL': 'WARN', 'VLLM_ALLOW_RUNTIME_LORA_UPDATING': 'true', 'VLLM_DISABLE_COMPILE_CACHE': '1', 'HCCL_HOST_SOCKET_PORT_RANGE': 'auto', 'HCCL_NPU_SOCKET_PORT_RANGE': 'auto', 'HSA_NO_SCRATCH_RECLAIM': '1', 'VERL_FULL_DETERMINISM': '0', 'VLLM_BATCH_INVARIANT': '0', 'VERL_RL_INSIGHT_ENABLE': '0'}, 'working_dir': None}}
[36m(TaskRunner pid=1974692)[0m TaskRunner hostname: srv1-lg2.bed.cosmos-lab.org, PID: 1974692
[36m(TaskRunner pid=1974692)[0m {'actor_rollout_ref': {'actor': {'_target_': 'verl.workers.config.FSDPActorConfig',
[36m(TaskRunner pid=1974692)[0m                                  'calculate_entropy': False,
[36m(TaskRunner pid=1974692)[0m                                  'calculate_sum_pi_squared': False,
[36m(TaskRunner pid=1974692)[0m                                  'checkpoint': {'_target_': 'verl.trainer.config.CheckpointConfig',
[36m(TaskRunner pid=1974692)[0m                                                 'async_save': False,
[36m(TaskRunner pid=1974692)[0m                                                 'load_contents': ['model',
[36m(TaskRunner pid=1974692)[0m                                                                   'optimizer',
[36m(TaskRunner pid=1974692)[0m                                                                   'extra'],
[36m(TaskRunner pid=1974692)[0m                                                 'save_contents': ['model',
[36m(TaskRunner pid=1974692)[0m                                                                   'optimizer',
[36m(TaskRunner pid=1974692)[0m                                                                   'extra'],
[36m(TaskRunner pid=1974692)[0m                                                 'strict': True},
[36m(TaskRunner pid=1974692)[0m                                  'clip_ratio': 0.2,
[36m(TaskRunner pid=1974692)[0m                                  'clip_ratio_c': 3.0,
[36m(TaskRunner pid=1974692)[0m                                  'clip_ratio_high': 0.2,
[36m(TaskRunner pid=1974692)[0m                                  'clip_ratio_low': 0.2,
[36m(TaskRunner pid=1974692)[0m                                  'data_loader_seed': 42,
[36m(TaskRunner pid=1974692)[0m                                  'entropy_checkpointing': False,
[36m(TaskRunner pid=1974692)[0m                                  'entropy_coeff': 0,
[36m(TaskRunner pid=1974692)[0m                                  'entropy_from_logits_chunk_size': 2048,
[36m(TaskRunner pid=1974692)[0m                                  'entropy_from_logits_with_chunking': False,
[36m(TaskRunner pid=1974692)[0m                                  'freeze_vision_tower': False,
[36m(TaskRunner pid=1974692)[0m                                  'fsdp_config': {'_target_': 'verl.workers.config.FSDPEngineConfig',
[36m(TaskRunner pid=1974692)[0m                                                  'dtype': 'bfloat16',
[36m(TaskRunner pid=1974692)[0m                                                  'entropy_checkpointing': False,
[36m(TaskRunner pid=1974692)[0m                                                  'entropy_from_logits_chunk_size': 2048,
[36m(TaskRunner pid=1974692)[0m                                                  'entropy_from_logits_with_chunking': False,
[36m(TaskRunner pid=1974692)[0m                                                  'forward_only': False,
[36m(TaskRunner pid=1974692)[0m                                                  'forward_prefetch': False,
[36m(TaskRunner pid=1974692)[0m                                                  'fsdp_size': -1,
[36m(TaskRunner pid=1974692)[0m                                                  'full_determinism': False,
[36m(TaskRunner pid=1974692)[0m                                                  'model_dtype': 'fp32',
[36m(TaskRunner pid=1974692)[0m                                                  'offload_policy': False,
[36m(TaskRunner pid=1974692)[0m                                                  'optimizer_offload': False,
[36m(TaskRunner pid=1974692)[0m                                                  'pad_to_length': False,
[36m(TaskRunner pid=1974692)[0m                                                  'pad_to_length_bucket': 1024,
[36m(TaskRunner pid=1974692)[0m                                                  'param_offload': False,
[36m(TaskRunner pid=1974692)[0m                                                  'qat': {'_target_': 'verl.workers.config.QATEngineConfig',
[36m(TaskRunner pid=1974692)[0m                                                          'activation_observer': 'static_minmax',
[36m(TaskRunner pid=1974692)[0m                                                          'enable': False,
[36m(TaskRunner pid=1974692)[0m                                                          'group_size': 16,
[36m(TaskRunner pid=1974692)[0m                                                          'ignore_patterns': ['lm_head',
[36m(TaskRunner pid=1974692)[0m                                                                              'embed_tokens',
[36m(TaskRunner pid=1974692)[0m                                                                              're:.*mlp.gate$'],
[36m(TaskRunner pid=1974692)[0m                                                          'mode': 'w4a16',
[36m(TaskRunner pid=1974692)[0m                                                          'quantization_config_path': None},
[36m(TaskRunner pid=1974692)[0m                                                  'reshard_after_forward': True,
[36m(TaskRunner pid=1974692)[0m                                                  'seed': 42,
[36m(TaskRunner pid=1974692)[0m                                                  'strategy': 'fsdp',
[36m(TaskRunner pid=1974692)[0m                                                  'ulysses_sequence_parallel_size': 1,
[36m(TaskRunner pid=1974692)[0m                                                  'use_orig_params': False,
[36m(TaskRunner pid=1974692)[0m                                                  'use_torch_compile': True,
[36m(TaskRunner pid=1974692)[0m                                                  'wrap_policy': {'min_num_params': 0}},
[36m(TaskRunner pid=1974692)[0m                                  'grad_clip': 1.0,
[36m(TaskRunner pid=1974692)[0m                                  'kl_loss_coef': 0.001,
[36m(TaskRunner pid=1974692)[0m                                  'kl_loss_type': 'low_var_kl',
[36m(TaskRunner pid=1974692)[0m                                  'loss_agg_mode': 'token-mean',
[36m(TaskRunner pid=1974692)[0m                                  'loss_scale_factor': None,
[36m(TaskRunner pid=1974692)[0m                                  'optim': {'_target_': 'verl.workers.config.FSDPOptimizerConfig',
[36m(TaskRunner pid=1974692)[0m                                            'betas': [0.9, 0.999],
[36m(TaskRunner pid=1974692)[0m                                            'clip_grad': 1.0,
[36m(TaskRunner pid=1974692)[0m                                            'lr': 1e-05,
[36m(TaskRunner pid=1974692)[0m                                            'lr_scheduler_type': 'cosine',
[36m(TaskRunner pid=1974692)[0m                                            'lr_warmup_steps': -1,
[36m(TaskRunner pid=1974692)[0m                                            'lr_warmup_steps_ratio': 0.0,
[36m(TaskRunner pid=1974692)[0m                                            'min_lr_ratio': 0.1,
[36m(TaskRunner pid=1974692)[0m                                            'num_cycles': 0.5,
[36m(TaskRunner pid=1974692)[0m                                            'optimizer': 'AdamW',
[36m(TaskRunner pid=1974692)[0m                                            'optimizer_impl': 'torch.optim',
[36m(TaskRunner pid=1974692)[0m                                            'override_optimizer_config': None,
[36m(TaskRunner pid=1974692)[0m                                            'total_training_steps': -1,
[36m(TaskRunner pid=1974692)[0m                                            'warmup_style': None,
[36m(TaskRunner pid=1974692)[0m                                            'weight_decay': 0.01,
[36m(TaskRunner pid=1974692)[0m                                            'zero_indexed_step': True},
[36m(TaskRunner pid=1974692)[0m                                  'pad_to_length': False,
[36m(TaskRunner pid=1974692)[0m                                  'policy_loss': {'_target_': 'verl.workers.config.PolicyLossConfig',
[36m(TaskRunner pid=1974692)[0m                                                  'clip_cov_lb': 1.0,
[36m(TaskRunner pid=1974692)[0m                                                  'clip_cov_ratio': 0.0002,
[36m(TaskRunner pid=1974692)[0m                                                  'clip_cov_ub': 5.0,
[36m(TaskRunner pid=1974692)[0m                                                  'dro_beta': None,
[36m(TaskRunner pid=1974692)[0m                                                  'kl_cov_ratio': 0.0002,
[36m(TaskRunner pid=1974692)[0m                                                  'loss_mode': 'vanilla',
[36m(TaskRunner pid=1974692)[0m                                                  'ppo_kl_coef': 0.1},
[36m(TaskRunner pid=1974692)[0m                                  'ppo_epochs': 1,
[36m(TaskRunner pid=1974692)[0m                                  'ppo_max_token_len_per_gpu': 24576,
[36m(TaskRunner pid=1974692)[0m                                  'ppo_micro_batch_size': None,
[36m(TaskRunner pid=1974692)[0m                                  'ppo_micro_batch_size_per_gpu': None,
[36m(TaskRunner pid=1974692)[0m                                  'ppo_mini_batch_size': 8,
[36m(TaskRunner pid=1974692)[0m                                  'profiler': {'_target_': 'verl.utils.profiler.ProfilerConfig',
[36m(TaskRunner pid=1974692)[0m                                               'all_ranks': False,
[36m(TaskRunner pid=1974692)[0m                                               'enable': False,
[36m(TaskRunner pid=1974692)[0m                                               'ranks': [],
[36m(TaskRunner pid=1974692)[0m                                               'save_path': 'outputs/profile',
[36m(TaskRunner pid=1974692)[0m                                               'tool': None,
[36m(TaskRunner pid=1974692)[0m                                               'tool_config': {'npu': {'_target_': 'verl.utils.profiler.config.NPUToolConfig',
[36m(TaskRunner pid=1974692)[0m                                                                       'analysis': True,
[36m(TaskRunner pid=1974692)[0m                                                                       'contents': [],
[36m(TaskRunner pid=1974692)[0m                                                                       'discrete': False,
[36m(TaskRunner pid=1974692)[0m                                                                       'level': 'level0'},
[36m(TaskRunner pid=1974692)[0m                                                               'nsys': {'_target_': 'verl.utils.profiler.config.NsightToolConfig',
[36m(TaskRunner pid=1974692)[0m                                                                        'discrete': False},
[36m(TaskRunner pid=1974692)[0m                                                               'precision_debugger': {'_target_': 'verl.utils.profiler.config.PrecisionDebuggerToolConfig',
[36m(TaskRunner pid=1974692)[0m                                                                                      'config_path': None,
[36m(TaskRunner pid=1974692)[0m                                                                                      'stages': None,
[36m(TaskRunner pid=1974692)[0m                                                                                      'steps': None,
[36m(TaskRunner pid=1974692)[0m                                                                                      'strict': False},
[36m(TaskRunner pid=1974692)[0m                                                               'torch': {'_target_': 'verl.utils.profiler.config.TorchProfilerToolConfig',
[36m(TaskRunner pid=1974692)[0m                                                                         'contents': [],
[36m(TaskRunner pid=1974692)[0m                                                                         'discrete': False,
[36m(TaskRunner pid=1974692)[0m                                                                         'schedule': {'_target_': 'verl.utils.profiler.config.TorchProfilerScheduleConfig',
[36m(TaskRunner pid=1974692)[0m                                                                                      'active': 0,
[36m(TaskRunner pid=1974692)[0m                                                                                      'repeat': 0,
[36m(TaskRunner pid=1974692)[0m                                                                                      'skip_first': 0,
[36m(TaskRunner pid=1974692)[0m                                                                                      'wait': 0,
[36m(TaskRunner pid=1974692)[0m                                                                                      'warmup': 0}},
[36m(TaskRunner pid=1974692)[0m                                                               'torch_memory': {'_target_': 'verl.utils.profiler.config.TorchMemoryToolConfig',
[36m(TaskRunner pid=1974692)[0m                                                                                'stack_depth': 32,
[36m(TaskRunner pid=1974692)[0m                                                                                'trace_alloc_max_entries': 100000}}},
[36m(TaskRunner pid=1974692)[0m                                  'qat': {'activation_observer': 'static_minmax',
[36m(TaskRunner pid=1974692)[0m                                          'enable': False,
[36m(TaskRunner pid=1974692)[0m                                          'group_size': 16,
[36m(TaskRunner pid=1974692)[0m                                          'ignore_patterns': ['lm_head',
[36m(TaskRunner pid=1974692)[0m                                                              'embed_tokens',
[36m(TaskRunner pid=1974692)[0m                                                              're:.*mlp.gate$'],
[36m(TaskRunner pid=1974692)[0m                                          'mode': 'w4a16',
[36m(TaskRunner pid=1974692)[0m                                          'quantization_config_path': None},
[36m(TaskRunner pid=1974692)[0m                                  'rollout_n': 16,
[36m(TaskRunner pid=1974692)[0m                                  'router_replay': {'_target_': 'verl.workers.config.RouterReplayConfig',
[36m(TaskRunner pid=1974692)[0m                                                    'mode': 'disabled',
[36m(TaskRunner pid=1974692)[0m                                                    'record_file': None,
[36m(TaskRunner pid=1974692)[0m                                                    'replay_file': None},
[36m(TaskRunner pid=1974692)[0m                                  'shuffle': False,
[36m(TaskRunner pid=1974692)[0m                                  'strategy': 'fsdp2',
[36m(TaskRunner pid=1974692)[0m                                  'tau_neg': 1.05,
[36m(TaskRunner pid=1974692)[0m                                  'tau_pos': 1.0,
[36m(TaskRunner pid=1974692)[0m                                  'ulysses_sequence_parallel_size': 1,
[36m(TaskRunner pid=1974692)[0m                                  'use_dynamic_bsz': True,
[36m(TaskRunner pid=1974692)[0m                                  'use_fused_kernels': False,
[36m(TaskRunner pid=1974692)[0m                                  'use_kl_loss': True,
[36m(TaskRunner pid=1974692)[0m                                  'use_prefix_grouper': False,
[36m(TaskRunner pid=1974692)[0m                                  'use_remove_padding': True,
[36m(TaskRunner pid=1974692)[0m                                  'use_torch_compile': True},
[36m(TaskRunner pid=1974692)[0m                        'hybrid_engine': True,
[36m(TaskRunner pid=1974692)[0m                        'model': {'_target_': 'verl.workers.config.HFModelConfig',
[36m(TaskRunner pid=1974692)[0m                                  'custom_chat_template': None,
[36m(TaskRunner pid=1974692)[0m                                  'enable_activation_offload': False,
[36m(TaskRunner pid=1974692)[0m                                  'enable_gradient_checkpointing': True,
[36m(TaskRunner pid=1974692)[0m                                  'exclude_modules': '.*visual.*',
[36m(TaskRunner pid=1974692)[0m                                  'external_lib': None,
[36m(TaskRunner pid=1974692)[0m                                  'fused_kernel_options': {'impl_backend': 'torch'},
[36m(TaskRunner pid=1974692)[0m                                  'hf_config_path': None,
[36m(TaskRunner pid=1974692)[0m                                  'lora': {'a2a_experimental': False,
[36m(TaskRunner pid=1974692)[0m                                           'adapter_path': None,
[36m(TaskRunner pid=1974692)[0m                                           'alpha': 32,
[36m(TaskRunner pid=1974692)[0m                                           'dropout': 0.0,
[36m(TaskRunner pid=1974692)[0m                                           'dropout_position': 'pre',
[36m(TaskRunner pid=1974692)[0m                                           'dtype': None,
[36m(TaskRunner pid=1974692)[0m                                           'exclude_modules': [],
[36m(TaskRunner pid=1974692)[0m                                           'freeze_language_model': True,
[36m(TaskRunner pid=1974692)[0m                                           'freeze_vision_model': True,
[36m(TaskRunner pid=1974692)[0m                                           'freeze_vision_projection': True,
[36m(TaskRunner pid=1974692)[0m                                           'lora_A_init_method': 'xavier',
[36m(TaskRunner pid=1974692)[0m                                           'lora_B_init_method': 'zero',
[36m(TaskRunner pid=1974692)[0m                                           'merge': False,
[36m(TaskRunner pid=1974692)[0m                                           'rank': 0,
[36m(TaskRunner pid=1974692)[0m                                           'target_modules': ['linear_qkv',
[36m(TaskRunner pid=1974692)[0m                                                              'linear_proj',
[36m(TaskRunner pid=1974692)[0m                                                              'linear_fc1',
[36m(TaskRunner pid=1974692)[0m                                                              'linear_fc2'],
[36m(TaskRunner pid=1974692)[0m                                           'type': 'lora'},
[36m(TaskRunner pid=1974692)[0m                                  'lora_adapter_path': None,
[36m(TaskRunner pid=1974692)[0m                                  'lora_alpha': 32,
[36m(TaskRunner pid=1974692)[0m                                  'lora_rank': 16,
[36m(TaskRunner pid=1974692)[0m                                  'mtp': {'_target_': 'verl.workers.config.MtpConfig',
[36m(TaskRunner pid=1974692)[0m                                          'detach_encoder': False,
[36m(TaskRunner pid=1974692)[0m                                          'enable': False,
[36m(TaskRunner pid=1974692)[0m                                          'enable_rollout': False,
[36m(TaskRunner pid=1974692)[0m                                          'enable_train': False,
[36m(TaskRunner pid=1974692)[0m                                          'method': 'mtp',
[36m(TaskRunner pid=1974692)[0m                                          'mtp_loss_scaling_factor': 0.1,
[36m(TaskRunner pid=1974692)[0m                                          'num_speculative_tokens': 1,
[36m(TaskRunner pid=1974692)[0m                                          'speculative_algorithm': 'EAGLE',
[36m(TaskRunner pid=1974692)[0m                                          'speculative_eagle_topk': 1,
[36m(TaskRunner pid=1974692)[0m                                          'speculative_num_draft_tokens': 4,
[36m(TaskRunner pid=1974692)[0m                                          'speculative_num_steps': 3},
[36m(TaskRunner pid=1974692)[0m                                  'override_config': {},
[36m(TaskRunner pid=1974692)[0m                                  'path': '/home/yw4636/agentic-tvg/results/sft-mix/merged',
[36m(TaskRunner pid=1974692)[0m                                  'target_modules': 'all-linear',
[36m(TaskRunner pid=1974692)[0m                                  'tiled_mlp': {'enabled': False,
[36m(TaskRunner pid=1974692)[0m                                                'num_shards': 4},
[36m(TaskRunner pid=1974692)[0m                                  'tokenizer_path': None,
[36m(TaskRunner pid=1974692)[0m                                  'trust_remote_code': False,
[36m(TaskRunner pid=1974692)[0m                                  'use_fused_kernels': False,
[36m(TaskRunner pid=1974692)[0m                                  'use_liger': False,
[36m(TaskRunner pid=1974692)[0m                                  'use_remove_padding': True,
[36m(TaskRunner pid=1974692)[0m                                  'use_shm': False},
[36m(TaskRunner pid=1974692)[0m                        'nccl_timeout': 600,
[36m(TaskRunner pid=1974692)[0m                        'ref': {'_target_': 'verl.workers.config.FSDPActorConfig',
[36m(TaskRunner pid=1974692)[0m                                'entropy_checkpointing': False,
[36m(TaskRunner pid=1974692)[0m                                'entropy_from_logits_chunk_size': 2048,
[36m(TaskRunner pid=1974692)[0m                                'entropy_from_logits_with_chunking': False,
[36m(TaskRunner pid=1974692)[0m                                'fsdp_config': {'_target_': 'verl.workers.config.FSDPEngineConfig',
[36m(TaskRunner pid=1974692)[0m                                                'dtype': 'bfloat16',
[36m(TaskRunner pid=1974692)[0m                                                'entropy_checkpointing': False,
[36m(TaskRunner pid=1974692)[0m                                                'entropy_from_logits_chunk_size': 2048,
[36m(TaskRunner pid=1974692)[0m                                                'entropy_from_logits_with_chunking': False,
[36m(TaskRunner pid=1974692)[0m                                                'forward_only': True,
[36m(TaskRunner pid=1974692)[0m                                                'forward_prefetch': False,
[36m(TaskRunner pid=1974692)[0m                                                'fsdp_size': -1,
[36m(TaskRunner pid=1974692)[0m                                                'full_determinism': False,
[36m(TaskRunner pid=1974692)[0m                                                'model_dtype': 'fp32',
[36m(TaskRunner pid=1974692)[0m                                                'offload_policy': False,
[36m(TaskRunner pid=1974692)[0m                                                'optimizer_offload': False,
[36m(TaskRunner pid=1974692)[0m                                                'pad_to_length': False,
[36m(TaskRunner pid=1974692)[0m                                                'pad_to_length_bucket': 1024,
[36m(TaskRunner pid=1974692)[0m                                                'param_offload': False,
[36m(TaskRunner pid=1974692)[0m                                                'qat': {'_target_': 'verl.workers.config.QATEngineConfig',
[36m(TaskRunner pid=1974692)[0m                                                        'activation_observer': 'static_minmax',
[36m(TaskRunner pid=1974692)[0m                                                        'enable': False,
[36m(TaskRunner pid=1974692)[0m                                                        'group_size': 16,
[36m(TaskRunner pid=1974692)[0m                                                        'ignore_patterns': ['lm_head',
[36m(TaskRunner pid=1974692)[0m                                                                            'embed_tokens',
[36m(TaskRunner pid=1974692)[0m                                                                            're:.*mlp.gate$'],
[36m(TaskRunner pid=1974692)[0m                                                        'mode': 'w4a16',
[36m(TaskRunner pid=1974692)[0m                                                        'quantization_config_path': None},
[36m(TaskRunner pid=1974692)[0m                                                'reshard_after_forward': True,
[36m(TaskRunner pid=1974692)[0m                                                'seed': 42,
[36m(TaskRunner pid=1974692)[0m                                                'strategy': 'fsdp',
[36m(TaskRunner pid=1974692)[0m                                                'ulysses_sequence_parallel_size': 1,
[36m(TaskRunner pid=1974692)[0m                                                'use_orig_params': False,
[36m(TaskRunner pid=1974692)[0m                                                'use_torch_compile': True,
[36m(TaskRunner pid=1974692)[0m                                                'wrap_policy': {'min_num_params': 0}},
[36m(TaskRunner pid=1974692)[0m                                'log_prob_max_token_len_per_gpu': 24576,
[36m(TaskRunner pid=1974692)[0m                                'log_prob_micro_batch_size': None,
[36m(TaskRunner pid=1974692)[0m                                'log_prob_micro_batch_size_per_gpu': None,
[36m(TaskRunner pid=1974692)[0m                                'log_prob_use_dynamic_bsz': True,
[36m(TaskRunner pid=1974692)[0m                                'pad_to_length': False,
[36m(TaskRunner pid=1974692)[0m                                'profiler': {'_target_': 'verl.utils.profiler.ProfilerConfig',
[36m(TaskRunner pid=1974692)[0m                                             'all_ranks': False,
[36m(TaskRunner pid=1974692)[0m                                             'enable': False,
[36m(TaskRunner pid=1974692)[0m                                             'ranks': [],
[36m(TaskRunner pid=1974692)[0m                                             'save_path': 'outputs/profile',
[36m(TaskRunner pid=1974692)[0m                                             'tool': None,
[36m(TaskRunner pid=1974692)[0m                                             'tool_config': {'npu': {'_target_': 'verl.utils.profiler.config.NPUToolConfig',
[36m(TaskRunner pid=1974692)[0m                                                                     'analysis': True,
[36m(TaskRunner pid=1974692)[0m                                                                     'contents': [],
[36m(TaskRunner pid=1974692)[0m                                                                     'discrete': False,
[36m(TaskRunner pid=1974692)[0m                                                                     'level': 'level0'},
[36m(TaskRunner pid=1974692)[0m                                                             'nsys': {'_target_': 'verl.utils.profiler.config.NsightToolConfig',
[36m(TaskRunner pid=1974692)[0m                                                                      'discrete': False},
[36m(TaskRunner pid=1974692)[0m                                                             'precision_debugger': {'_target_': 'verl.utils.profiler.config.PrecisionDebuggerToolConfig',
[36m(TaskRunner pid=1974692)[0m                                                                                    'config_path': None,
[36m(TaskRunner pid=1974692)[0m                                                                                    'stages': None,
[36m(TaskRunner pid=1974692)[0m                                                                                    'steps': None,
[36m(TaskRunner pid=1974692)[0m                                                                                    'strict': False},
[36m(TaskRunner pid=1974692)[0m                                                             'torch': {'_target_': 'verl.utils.profiler.config.TorchProfilerToolConfig',
[36m(TaskRunner pid=1974692)[0m                                                                       'contents': [],
[36m(TaskRunner pid=1974692)[0m                                                                       'discrete': False,
[36m(TaskRunner pid=1974692)[0m                                                                       'schedule': {'_target_': 'verl.utils.profiler.config.TorchProfilerScheduleConfig',
[36m(TaskRunner pid=1974692)[0m                                                                                    'active': 0,
[36m(TaskRunner pid=1974692)[0m                                                                                    'repeat': 0,
[36m(TaskRunner pid=1974692)[0m                                                                                    'skip_first': 0,
[36m(TaskRunner pid=1974692)[0m                                                                                    'wait': 0,
[36m(TaskRunner pid=1974692)[0m                                                                                    'warmup': 0}},
[36m(TaskRunner pid=1974692)[0m                                                             'torch_memory': {'_target_': 'verl.utils.profiler.config.TorchMemoryToolConfig',
[36m(TaskRunner pid=1974692)[0m                                                                              'stack_depth': 32,
[36m(TaskRunner pid=1974692)[0m                                                                              'trace_alloc_max_entries': 100000}}},
[36m(TaskRunner pid=1974692)[0m                                'rollout_n': 16,
[36m(TaskRunner pid=1974692)[0m                                'router_replay': {'_target_': 'verl.workers.config.RouterReplayConfig',
[36m(TaskRunner pid=1974692)[0m                                                  'mode': 'disabled',
[36m(TaskRunner pid=1974692)[0m                                                  'record_file': None,
[36m(TaskRunner pid=1974692)[0m                                                  'replay_file': None},
[36m(TaskRunner pid=1974692)[0m                                'strategy': 'fsdp2',
[36m(TaskRunner pid=1974692)[0m                                'ulysses_sequence_parallel_size': 1,
[36m(TaskRunner pid=1974692)[0m                                'use_torch_compile': True},
[36m(TaskRunner pid=1974692)[0m                        'rollout': {'_target_': 'verl.workers.config.RolloutConfig',
[36m(TaskRunner pid=1974692)[0m                                    'agent': {'_target_': 'verl.workers.config.AgentLoopConfig',
[36m(TaskRunner pid=1974692)[0m                                              'agent_loop_config_path': None,
[36m(TaskRunner pid=1974692)[0m                                              'custom_async_server': {'_target_': 'verl.workers.config.CustomAsyncServerConfig',
[36m(TaskRunner pid=1974692)[0m                                                                      'name': None,
[36m(TaskRunner pid=1974692)[0m                                                                      'path': None},
[36m(TaskRunner pid=1974692)[0m                                              'default_agent_loop': 'tool_agent',
[36m(TaskRunner pid=1974692)[0m                                              'num_workers': 8},
[36m(TaskRunner pid=1974692)[0m                                    'calculate_log_probs': True,
[36m(TaskRunner pid=1974692)[0m                                    'checkpoint_engine': {'_target_': 'verl.workers.config.CheckpointEngineConfig',
[36m(TaskRunner pid=1974692)[0m                                                          'backend': 'naive',
[36m(TaskRunner pid=1974692)[0m                                                          'custom_backend_module': None,
[36m(TaskRunner pid=1974692)[0m                                                          'engine_kwargs': {},
[36m(TaskRunner pid=1974692)[0m                                                          'update_weights_bucket_megabytes': 2048},
[36m(TaskRunner pid=1974692)[0m                                    'cudagraph_capture_sizes': None,
[36m(TaskRunner pid=1974692)[0m                                    'data_parallel_size': 1,
[36m(TaskRunner pid=1974692)[0m                                    'disable_log_stats': True,
[36m(TaskRunner pid=1974692)[0m                                    'disaggregation': {'bootstrap_port': None,
[36m(TaskRunner pid=1974692)[0m                                                       'decode_replicas': 1,
[36m(TaskRunner pid=1974692)[0m                                                       'decode_tensor_model_parallel_size': None,
[36m(TaskRunner pid=1974692)[0m                                                       'enabled': False,
[36m(TaskRunner pid=1974692)[0m                                                       'ib_device': None,
[36m(TaskRunner pid=1974692)[0m                                                       'prefill_replicas': 1,
[36m(TaskRunner pid=1974692)[0m                                                       'transfer_backend': 'nixl'},
[36m(TaskRunner pid=1974692)[0m                                    'do_sample': True,
[36m(TaskRunner pid=1974692)[0m                                    'dtype': 'bfloat16',
[36m(TaskRunner pid=1974692)[0m                                    'enable_chunked_prefill': True,
[36m(TaskRunner pid=1974692)[0m                                    'enable_prefix_caching': True,
[36m(TaskRunner pid=1974692)[0m                                    'enable_rollout_routing_replay': False,
[36m(TaskRunner pid=1974692)[0m                                    'enforce_eager': False,
[36m(TaskRunner pid=1974692)[0m                                    'engine_kwargs': {'sglang': {},
[36m(TaskRunner pid=1974692)[0m                                                      'trtllm': {},
[36m(TaskRunner pid=1974692)[0m                                                      'vllm': {'mm_processor_kwargs': {'max_pixels': 150528}}},
[36m(TaskRunner pid=1974692)[0m                                    'expert_parallel_size': 1,
[36m(TaskRunner pid=1974692)[0m                                    'free_cache_engine': True,
[36m(TaskRunner pid=1974692)[0m                                    'full_determinism': False,
[36m(TaskRunner pid=1974692)[0m                                    'gpu_memory_utilization': 0.65,
[36m(TaskRunner pid=1974692)[0m                                    'ignore_eos': False,
[36m(TaskRunner pid=1974692)[0m                                    'layered_summon': True,
[36m(TaskRunner pid=1974692)[0m                                    'limit_images': 112,
[36m(TaskRunner pid=1974692)[0m                                    'load_format': 'safetensors',
[36m(TaskRunner pid=1974692)[0m                                    'log_prob_max_token_len_per_gpu': 24576,
[36m(TaskRunner pid=1974692)[0m                                    'log_prob_micro_batch_size': None,
[36m(TaskRunner pid=1974692)[0m                                    'log_prob_micro_batch_size_per_gpu': None,
[36m(TaskRunner pid=1974692)[0m                                    'log_prob_use_dynamic_bsz': True,
[36m(TaskRunner pid=1974692)[0m                                    'logprobs_mode': 'processed_logprobs',
[36m(TaskRunner pid=1974692)[0m                                    'max_model_len': 20992,
[36m(TaskRunner pid=1974692)[0m                                    'max_num_batched_tokens': 24576,
[36m(TaskRunner pid=1974692)[0m                                    'max_num_seqs': 256,
[36m(TaskRunner pid=1974692)[0m                                    'mode': 'async',
[36m(TaskRunner pid=1974692)[0m                                    'moe_load_balance_metrics_interval': 0,
[36m(TaskRunner pid=1974692)[0m                                    'mtp': {'_target_': 'verl.workers.config.MtpConfig',
[36m(TaskRunner pid=1974692)[0m                                            'detach_encoder': False,
[36m(TaskRunner pid=1974692)[0m                                            'enable': False,
[36m(TaskRunner pid=1974692)[0m                                            'enable_rollout': False,
[36m(TaskRunner pid=1974692)[0m                                            'enable_train': False,
[36m(TaskRunner pid=1974692)[0m                                            'method': 'mtp',
[36m(TaskRunner pid=1974692)[0m                                            'mtp_loss_scaling_factor': 0.1,
[36m(TaskRunner pid=1974692)[0m                                            'num_speculative_tokens': 1,
[36m(TaskRunner pid=1974692)[0m                                            'speculative_algorithm': 'EAGLE',
[36m(TaskRunner pid=1974692)[0m                                            'speculative_eagle_topk': 1,
[36m(TaskRunner pid=1974692)[0m                                            'speculative_num_draft_tokens': 4,
[36m(TaskRunner pid=1974692)[0m                                            'speculative_num_steps': 3},
[36m(TaskRunner pid=1974692)[0m                                    'multi_stage_wake_up': False,
[36m(TaskRunner pid=1974692)[0m                                    'multi_turn': {'_target_': 'verl.workers.config.MultiTurnConfig',
[36m(TaskRunner pid=1974692)[0m                                                   'enable': True,
[36m(TaskRunner pid=1974692)[0m                                                   'format': 'hermes',
[36m(TaskRunner pid=1974692)[0m                                                   'function_tool_path': None,
[36m(TaskRunner pid=1974692)[0m                                                   'max_assistant_turns': 4,
[36m(TaskRunner pid=1974692)[0m                                                   'max_parallel_calls': 1,
[36m(TaskRunner pid=1974692)[0m                                                   'max_tool_response_length': 2048,
[36m(TaskRunner pid=1974692)[0m                                                   'max_user_turns': 3,
[36m(TaskRunner pid=1974692)[0m                                                   'num_repeat_rollouts': None,
[36m(TaskRunner pid=1974692)[0m                                                   'tokenization_sanity_check_mode': 'strict',
[36m(TaskRunner pid=1974692)[0m                                                   'tool_config_path': '/home/yw4636/agentic-tvg/crop_video_tool.yaml',
[36m(TaskRunner pid=1974692)[0m                                                   'tool_response_truncate_side': 'middle',
[36m(TaskRunner pid=1974692)[0m                                                   'use_inference_chat_template': False},
[36m(TaskRunner pid=1974692)[0m                                    'n': 16,
[36m(TaskRunner pid=1974692)[0m                                    'n_gpus_per_node': 1,
[36m(TaskRunner pid=1974692)[0m                                    'name': 'vllm',
[36m(TaskRunner pid=1974692)[0m                                    'nnodes': 0,
[36m(TaskRunner pid=1974692)[0m                                    'over_sample_rate': 0,
[36m(TaskRunner pid=1974692)[0m                                    'pipeline_model_parallel_size': 1,
[36m(TaskRunner pid=1974692)[0m                                    'profiler': {'_target_': 'verl.utils.profiler.ProfilerConfig',
[36m(TaskRunner pid=1974692)[0m                                                 'all_ranks': False,
[36m(TaskRunner pid=1974692)[0m                                                 'enable': False,
[36m(TaskRunner pid=1974692)[0m                                                 'ranks': [],
[36m(TaskRunner pid=1974692)[0m                                                 'save_path': 'outputs/profile',
[36m(TaskRunner pid=1974692)[0m                                                 'tool': None,
[36m(TaskRunner pid=1974692)[0m                                                 'tool_config': {'npu': {'_target_': 'verl.utils.profiler.config.NPUToolConfig',
[36m(TaskRunner pid=1974692)[0m                                                                         'analysis': True,
[36m(TaskRunner pid=1974692)[0m                                                                         'contents': [],
[36m(TaskRunner pid=1974692)[0m                                                                         'discrete': False,
[36m(TaskRunner pid=1974692)[0m                                                                         'level': 'level0',
[36m(TaskRunner pid=1974692)[0m                                                                         'profile_token_end': None,
[36m(TaskRunner pid=1974692)[0m                                                                         'profile_token_start': None},
[36m(TaskRunner pid=1974692)[0m                                                                 'precision_debugger': {'_target_': 'verl.utils.profiler.config.PrecisionDebuggerToolConfig',
[36m(TaskRunner pid=1974692)[0m                                                                                        'config_path': None,
[36m(TaskRunner pid=1974692)[0m                                                                                        'stages': None,
[36m(TaskRunner pid=1974692)[0m                                                                                        'steps': None,
[36m(TaskRunner pid=1974692)[0m                                                                                        'strict': False},
[36m(TaskRunner pid=1974692)[0m                                                                 'torch': {'_target_': 'verl.utils.profiler.config.TorchProfilerToolConfig',
[36m(TaskRunner pid=1974692)[0m                                                                           'contents': [],
[36m(TaskRunner pid=1974692)[0m                                                                           'discrete': False,
[36m(TaskRunner pid=1974692)[0m                                                                           'profile_token_end': None,
[36m(TaskRunner pid=1974692)[0m                                                                           'profile_token_start': None}}},
[36m(TaskRunner pid=1974692)[0m                                    'prometheus': {'_target_': 'verl.workers.config.PrometheusConfig',
[36m(TaskRunner pid=1974692)[0m                                                   'enable': False,
[36m(TaskRunner pid=1974692)[0m                                                   'file': '/tmp/ray/session_latest/metrics/prometheus/prometheus.yml',
[36m(TaskRunner pid=1974692)[0m                                                   'port': 9090,
[36m(TaskRunner pid=1974692)[0m                                                   'served_model_name': '/home/yw4636/agentic-tvg/results/sft-mix/merged'},
[36m(TaskRunner pid=1974692)[0m                                    'prompt_length': 4608,
[36m(TaskRunner pid=1974692)[0m                                    'qat': {'_target_': 'verl.workers.config.QATEngineConfig',
[36m(TaskRunner pid=1974692)[0m                                            'activation_observer': 'static_minmax',
[36m(TaskRunner pid=1974692)[0m                                            'enable': False,
[36m(TaskRunner pid=1974692)[0m                                            'group_size': 16,
[36m(TaskRunner pid=1974692)[0m                                            'ignore_patterns': ['lm_head',
[36m(TaskRunner pid=1974692)[0m                                                                'embed_tokens',
[36m(TaskRunner pid=1974692)[0m                                                                're:.*mlp.gate$'],
[36m(TaskRunner pid=1974692)[0m                                            'mode': 'w4a16',
[36m(TaskRunner pid=1974692)[0m                                            'quantization_config_path': None},
[36m(TaskRunner pid=1974692)[0m                                    'quantization': None,
[36m(TaskRunner pid=1974692)[0m                                    'quantization_config_file': None,
[36m(TaskRunner pid=1974692)[0m                                    'response_length': 16384,
[36m(TaskRunner pid=1974692)[0m                                    'scheduling_policy': 'fcfs',
[36m(TaskRunner pid=1974692)[0m                                    'seed': 42,
[36m(TaskRunner pid=1974692)[0m                                    'skip_tokenizer_init': True,
[36m(TaskRunner pid=1974692)[0m                                    'temperature': 1.0,
[36m(TaskRunner pid=1974692)[0m                                    'tensor_model_parallel_size': 1,
[36m(TaskRunner pid=1974692)[0m                                    'top_k': -1,
[36m(TaskRunner pid=1974692)[0m                                    'top_p': 1,
[36m(TaskRunner pid=1974692)[0m                                    'trace': {'_target_': 'verl.workers.config.TraceConfig',
[36m(TaskRunner pid=1974692)[0m                                              'backend': None,
[36m(TaskRunner pid=1974692)[0m                                              'experiment_name': 'grpo_vanilla',
[36m(TaskRunner pid=1974692)[0m                                              'max_samples_per_step_per_worker': None,
[36m(TaskRunner pid=1974692)[0m                                              'project_name': 'agentic-tvg',
[36m(TaskRunner pid=1974692)[0m                                              'token2text': False},
[36m(TaskRunner pid=1974692)[0m                                    'val_kwargs': {'_target_': 'verl.workers.config.SamplingConfig',
[36m(TaskRunner pid=1974692)[0m                                                   'do_sample': False,
[36m(TaskRunner pid=1974692)[0m                                                   'n': 1,
[36m(TaskRunner pid=1974692)[0m                                                   'temperature': 0,
[36m(TaskRunner pid=1974692)[0m                                                   'top_k': -1,
[36m(TaskRunner pid=1974692)[0m                                                   'top_p': 1.0}}},
[36m(TaskRunner pid=1974692)[0m  'algorithm': {'_target_': 'verl.trainer.config.AlgoConfig',
[36m(TaskRunner pid=1974692)[0m                'adv_estimator': 'grpo',
[36m(TaskRunner pid=1974692)[0m                'filter_groups': {'_target_': 'verl.trainer.config.FilterGroupsConfig',
[36m(TaskRunner pid=1974692)[0m                                  'enable': False,
[36m(TaskRunner pid=1974692)[0m                                  'max_inflight_gen_batches': 1,
[36m(TaskRunner pid=1974692)[0m                                  'max_num_gen_batches': 0,
[36m(TaskRunner pid=1974692)[0m                                  'metric': None},
[36m(TaskRunner pid=1974692)[0m                'gamma': 1.0,
[36m(TaskRunner pid=1974692)[0m                'kl_ctrl': {'_target_': 'verl.trainer.config.KLControlConfig',
[36m(TaskRunner pid=1974692)[0m                            'horizon': 10000,
[36m(TaskRunner pid=1974692)[0m                            'kl_coef': 0.001,
[36m(TaskRunner pid=1974692)[0m                            'target_kl': 0.1,
[36m(TaskRunner pid=1974692)[0m                            'type': 'fixed'},
[36m(TaskRunner pid=1974692)[0m                'kl_penalty': 'kl',
[36m(TaskRunner pid=1974692)[0m                'lam': 1.0,
[36m(TaskRunner pid=1974692)[0m                'norm_adv_by_std_in_grpo': True,
[36m(TaskRunner pid=1974692)[0m                'pf_ppo': {'reweight_method': 'pow', 'weight_pow': 2.0},
[36m(TaskRunner pid=1974692)[0m                'rollout_correction': {'bypass_mode': False,
[36m(TaskRunner pid=1974692)[0m                                       'loss_type': 'ppo_clip',
[36m(TaskRunner pid=1974692)[0m                                       'rollout_is': None,
[36m(TaskRunner pid=1974692)[0m                                       'rollout_is_batch_normalize': False,
[36m(TaskRunner pid=1974692)[0m                                       'rollout_is_threshold': 2.0,
[36m(TaskRunner pid=1974692)[0m                                       'rollout_rs': None,
[36m(TaskRunner pid=1974692)[0m                                       'rollout_rs_threshold': None},
[36m(TaskRunner pid=1974692)[0m                'use_kl_in_reward': False,
[36m(TaskRunner pid=1974692)[0m                'use_pf_ppo': False},
[36m(TaskRunner pid=1974692)[0m  'critic': {'_target_': 'verl.workers.config.FSDPCriticConfig',
[36m(TaskRunner pid=1974692)[0m             'checkpoint': {'_target_': 'verl.trainer.config.CheckpointConfig',
[36m(TaskRunner pid=1974692)[0m                            'async_save': False,
[36m(TaskRunner pid=1974692)[0m                            'load_contents': ['model', 'optimizer', 'extra'],
[36m(TaskRunner pid=1974692)[0m                            'save_contents': ['model', 'optimizer', 'extra']},
[36m(TaskRunner pid=1974692)[0m             'cliprange_value': 0.5,
[36m(TaskRunner pid=1974692)[0m             'data_loader_seed': 42,
[36m(TaskRunner pid=1974692)[0m             'enable': None,
[36m(TaskRunner pid=1974692)[0m             'forward_max_token_len_per_gpu': 32768,
[36m(TaskRunner pid=1974692)[0m             'forward_micro_batch_size': None,
[36m(TaskRunner pid=1974692)[0m             'forward_micro_batch_size_per_gpu': None,
[36m(TaskRunner pid=1974692)[0m             'fsdp': {'_target_': 'verl.workers.config.FSDPEngineConfig',
[36m(TaskRunner pid=1974692)[0m                      'dtype': 'bfloat16',
[36m(TaskRunner pid=1974692)[0m                      'entropy_checkpointing': False,
[36m(TaskRunner pid=1974692)[0m                      'entropy_from_logits_chunk_size': 2048,
[36m(TaskRunner pid=1974692)[0m                      'entropy_from_logits_with_chunking': False,
[36m(TaskRunner pid=1974692)[0m                      'forward_only': False,
[36m(TaskRunner pid=1974692)[0m                      'forward_prefetch': False,
[36m(TaskRunner pid=1974692)[0m                      'fsdp_size': -1,
[36m(TaskRunner pid=1974692)[0m                      'full_determinism': False,
[36m(TaskRunner pid=1974692)[0m                      'model_dtype': 'fp32',
[36m(TaskRunner pid=1974692)[0m                      'offload_policy': False,
[36m(TaskRunner pid=1974692)[0m                      'optimizer_offload': False,
[36m(TaskRunner pid=1974692)[0m                      'pad_to_length': False,
[36m(TaskRunner pid=1974692)[0m                      'pad_to_length_bucket': 1024,
[36m(TaskRunner pid=1974692)[0m                      'param_offload': False,
[36m(TaskRunner pid=1974692)[0m                      'qat': {'_target_': 'verl.workers.config.QATEngineConfig',
[36m(TaskRunner pid=1974692)[0m                              'activation_observer': 'static_minmax',
[36m(TaskRunner pid=1974692)[0m                              'enable': False,
[36m(TaskRunner pid=1974692)[0m                              'group_size': 16,
[36m(TaskRunner pid=1974692)[0m                              'ignore_patterns': ['lm_head',
[36m(TaskRunner pid=1974692)[0m                                                  'embed_tokens',
[36m(TaskRunner pid=1974692)[0m                                                  're:.*mlp.gate$'],
[36m(TaskRunner pid=1974692)[0m                              'mode': 'w4a16',
[36m(TaskRunner pid=1974692)[0m                              'quantization_config_path': None},
[36m(TaskRunner pid=1974692)[0m                      'reshard_after_forward': True,
[36m(TaskRunner pid=1974692)[0m                      'seed': 42,
[36m(TaskRunner pid=1974692)[0m                      'strategy': 'fsdp',
[36m(TaskRunner pid=1974692)[0m                      'ulysses_sequence_parallel_size': 1,
[36m(TaskRunner pid=1974692)[0m                      'use_orig_params': False,
[36m(TaskRunner pid=1974692)[0m                      'use_torch_compile': True,
[36m(TaskRunner pid=1974692)[0m                      'wrap_policy': {'min_num_params': 0}},
[36m(TaskRunner pid=1974692)[0m             'grad_clip': 1.0,
[36m(TaskRunner pid=1974692)[0m             'loss_agg_mode': 'token-mean',
[36m(TaskRunner pid=1974692)[0m             'loss_scale_factor': None,
[36m(TaskRunner pid=1974692)[0m             'model': {'_target_': 'verl.workers.config.HFModelConfig',
[36m(TaskRunner pid=1974692)[0m                       'custom_chat_template': None,
[36m(TaskRunner pid=1974692)[0m                       'enable_activation_offload': False,
[36m(TaskRunner pid=1974692)[0m                       'enable_gradient_checkpointing': True,
[36m(TaskRunner pid=1974692)[0m                       'exclude_modules': None,
[36m(TaskRunner pid=1974692)[0m                       'external_lib': None,
[36m(TaskRunner pid=1974692)[0m                       'fused_kernel_options': {'impl_backend': 'torch'},
[36m(TaskRunner pid=1974692)[0m                       'hf_config_path': None,
[36m(TaskRunner pid=1974692)[0m                       'lora': {'a2a_experimental': False,
[36m(TaskRunner pid=1974692)[0m                                'adapter_path': None,
[36m(TaskRunner pid=1974692)[0m                                'alpha': 32,
[36m(TaskRunner pid=1974692)[0m                                'dropout': 0.0,
[36m(TaskRunner pid=1974692)[0m                                'dropout_position': 'pre',
[36m(TaskRunner pid=1974692)[0m                                'dtype': None,
[36m(TaskRunner pid=1974692)[0m                                'exclude_modules': [],
[36m(TaskRunner pid=1974692)[0m                                'freeze_language_model': True,
[36m(TaskRunner pid=1974692)[0m                                'freeze_vision_model': True,
[36m(TaskRunner pid=1974692)[0m                                'freeze_vision_projection': True,
[36m(TaskRunner pid=1974692)[0m                                'lora_A_init_method': 'xavier',
[36m(TaskRunner pid=1974692)[0m                                'lora_B_init_method': 'zero',
[36m(TaskRunner pid=1974692)[0m                                'merge': False,
[36m(TaskRunner pid=1974692)[0m                                'rank': 0,
[36m(TaskRunner pid=1974692)[0m                                'target_modules': ['linear_qkv',
[36m(TaskRunner pid=1974692)[0m                                                   'linear_proj',
[36m(TaskRunner pid=1974692)[0m                                                   'linear_fc1',
[36m(TaskRunner pid=1974692)[0m                                                   'linear_fc2'],
[36m(TaskRunner pid=1974692)[0m                                'type': 'lora'},
[36m(TaskRunner pid=1974692)[0m                       'lora_adapter_path': None,
[36m(TaskRunner pid=1974692)[0m                       'lora_alpha': 16,
[36m(TaskRunner pid=1974692)[0m                       'lora_rank': 0,
[36m(TaskRunner pid=1974692)[0m                       'mtp': {'_target_': 'verl.workers.config.MtpConfig',
[36m(TaskRunner pid=1974692)[0m                               'detach_encoder': False,
[36m(TaskRunner pid=1974692)[0m                               'enable': False,
[36m(TaskRunner pid=1974692)[0m                               'enable_rollout': False,
[36m(TaskRunner pid=1974692)[0m                               'enable_train': False,
[36m(TaskRunner pid=1974692)[0m                               'method': 'mtp',
[36m(TaskRunner pid=1974692)[0m                               'mtp_loss_scaling_factor': 0.1,
[36m(TaskRunner pid=1974692)[0m                               'num_speculative_tokens': 1,
[36m(TaskRunner pid=1974692)[0m                               'speculative_algorithm': 'EAGLE',
[36m(TaskRunner pid=1974692)[0m                               'speculative_eagle_topk': 1,
[36m(TaskRunner pid=1974692)[0m                               'speculative_num_draft_tokens': 4,
[36m(TaskRunner pid=1974692)[0m                               'speculative_num_steps': 3},
[36m(TaskRunner pid=1974692)[0m                       'override_config': {},
[36m(TaskRunner pid=1974692)[0m                       'path': '~/models/deepseek-llm-7b-chat',
[36m(TaskRunner pid=1974692)[0m                       'target_modules': 'all-linear',
[36m(TaskRunner pid=1974692)[0m                       'tiled_mlp': {'enabled': False, 'num_shards': 4},
[36m(TaskRunner pid=1974692)[0m                       'tokenizer_path': None,
[36m(TaskRunner pid=1974692)[0m                       'trust_remote_code': False,
[36m(TaskRunner pid=1974692)[0m                       'use_fused_kernels': False,
[36m(TaskRunner pid=1974692)[0m                       'use_liger': False,
[36m(TaskRunner pid=1974692)[0m                       'use_remove_padding': True,
[36m(TaskRunner pid=1974692)[0m                       'use_shm': False},
[36m(TaskRunner pid=1974692)[0m             'optim': {'_target_': 'verl.workers.config.FSDPOptimizerConfig',
[36m(TaskRunner pid=1974692)[0m                       'betas': [0.9, 0.999],
[36m(TaskRunner pid=1974692)[0m                       'clip_grad': 1.0,
[36m(TaskRunner pid=1974692)[0m                       'lr': 1e-05,
[36m(TaskRunner pid=1974692)[0m                       'lr_scheduler_type': 'constant',
[36m(TaskRunner pid=1974692)[0m                       'lr_warmup_steps': -1,
[36m(TaskRunner pid=1974692)[0m                       'lr_warmup_steps_ratio': 0.0,
[36m(TaskRunner pid=1974692)[0m                       'min_lr_ratio': 0.0,
[36m(TaskRunner pid=1974692)[0m                       'num_cycles': 0.5,
[36m(TaskRunner pid=1974692)[0m                       'optimizer': 'AdamW',
[36m(TaskRunner pid=1974692)[0m                       'optimizer_impl': 'torch.optim',
[36m(TaskRunner pid=1974692)[0m                       'override_optimizer_config': None,
[36m(TaskRunner pid=1974692)[0m                       'total_training_steps': -1,
[36m(TaskRunner pid=1974692)[0m                       'warmup_style': None,
[36m(TaskRunner pid=1974692)[0m                       'weight_decay': 0.01,
[36m(TaskRunner pid=1974692)[0m                       'zero_indexed_step': True},
[36m(TaskRunner pid=1974692)[0m             'ppo_epochs': 1,
[36m(TaskRunner pid=1974692)[0m             'ppo_max_token_len_per_gpu': 32768,
[36m(TaskRunner pid=1974692)[0m             'ppo_micro_batch_size': None,
[36m(TaskRunner pid=1974692)[0m             'ppo_micro_batch_size_per_gpu': None,
[36m(TaskRunner pid=1974692)[0m             'ppo_mini_batch_size': 8,
[36m(TaskRunner pid=1974692)[0m             'profiler': {'_target_': 'verl.utils.profiler.ProfilerConfig',
[36m(TaskRunner pid=1974692)[0m                          'all_ranks': False,
[36m(TaskRunner pid=1974692)[0m                          'enable': False,
[36m(TaskRunner pid=1974692)[0m                          'ranks': [],
[36m(TaskRunner pid=1974692)[0m                          'save_path': 'outputs/profile',
[36m(TaskRunner pid=1974692)[0m                          'tool': None,
[36m(TaskRunner pid=1974692)[0m                          'tool_config': {'npu': {'_target_': 'verl.utils.profiler.config.NPUToolConfig',
[36m(TaskRunner pid=1974692)[0m                                                  'analysis': True,
[36m(TaskRunner pid=1974692)[0m                                                  'contents': [],
[36m(TaskRunner pid=1974692)[0m                                                  'discrete': False,
[36m(TaskRunner pid=1974692)[0m                                                  'level': 'level0'},
[36m(TaskRunner pid=1974692)[0m                                          'nsys': {'_target_': 'verl.utils.profiler.config.NsightToolConfig',
[36m(TaskRunner pid=1974692)[0m                                                   'discrete': False},
[36m(TaskRunner pid=1974692)[0m                                          'precision_debugger': {'_target_': 'verl.utils.profiler.config.PrecisionDebuggerToolConfig',
[36m(TaskRunner pid=1974692)[0m                                                                 'config_path': None,
[36m(TaskRunner pid=1974692)[0m                                                                 'stages': None,
[36m(TaskRunner pid=1974692)[0m                                                                 'steps': None,
[36m(TaskRunner pid=1974692)[0m                                                                 'strict': False},
[36m(TaskRunner pid=1974692)[0m                                          'torch': {'_target_': 'verl.utils.profiler.config.TorchProfilerToolConfig',
[36m(TaskRunner pid=1974692)[0m                                                    'contents': [],
[36m(TaskRunner pid=1974692)[0m                                                    'discrete': False,
[36m(TaskRunner pid=1974692)[0m                                                    'schedule': {'_target_': 'verl.utils.profiler.config.TorchProfilerScheduleConfig',
[36m(TaskRunner pid=1974692)[0m                                                                 'active': 0,
[36m(TaskRunner pid=1974692)[0m                                                                 'repeat': 0,
[36m(TaskRunner pid=1974692)[0m                                                                 'skip_first': 0,
[36m(TaskRunner pid=1974692)[0m                                                                 'wait': 0,
[36m(TaskRunner pid=1974692)[0m                                                                 'warmup': 0}},
[36m(TaskRunner pid=1974692)[0m                                          'torch_memory': {'_target_': 'verl.utils.profiler.config.TorchMemoryToolConfig',
[36m(TaskRunner pid=1974692)[0m                                                           'stack_depth': 32,
[36m(TaskRunner pid=1974692)[0m                                                           'trace_alloc_max_entries': 100000}}},
[36m(TaskRunner pid=1974692)[0m             'rollout_n': 16,
[36m(TaskRunner pid=1974692)[0m             'shuffle': False,
[36m(TaskRunner pid=1974692)[0m             'strategy': 'fsdp',
[36m(TaskRunner pid=1974692)[0m             'ulysses_sequence_parallel_size': 1,
[36m(TaskRunner pid=1974692)[0m             'use_dynamic_bsz': True},
[36m(TaskRunner pid=1974692)[0m  'custom_reward_function': {'name': None, 'path': None},
[36m(TaskRunner pid=1974692)[0m  'data': {'apply_chat_template_kwargs': {},
[36m(TaskRunner pid=1974692)[0m           'audio_key': 'audios',
[36m(TaskRunner pid=1974692)[0m           'continuous_token': {'enable': False, 'model_family': 'auto'},
[36m(TaskRunner pid=1974692)[0m           'custom_cls': {'name': None, 'path': None},
[36m(TaskRunner pid=1974692)[0m           'dataloader_num_workers': 8,
[36m(TaskRunner pid=1974692)[0m           'filter_overlong_prompts': False,
[36m(TaskRunner pid=1974692)[0m           'filter_overlong_prompts_workers': 1,
[36m(TaskRunner pid=1974692)[0m           'function_tool_path': None,
[36m(TaskRunner pid=1974692)[0m           'gen_batch_size': None,
[36m(TaskRunner pid=1974692)[0m           'image_key': 'images',
[36m(TaskRunner pid=1974692)[0m           'image_patch_size': 16,
[36m(TaskRunner pid=1974692)[0m           'max_prompt_length': 4608,
[36m(TaskRunner pid=1974692)[0m           'max_response_length': 16384,
[36m(TaskRunner pid=1974692)[0m           'mm_processor_kwargs': {},
[36m(TaskRunner pid=1974692)[0m           'prompt_key': 'prompt',
[36m(TaskRunner pid=1974692)[0m           'return_full_prompt': False,
[36m(TaskRunner pid=1974692)[0m           'return_multi_modal_inputs': True,
[36m(TaskRunner pid=1974692)[0m           'return_raw_chat': True,
[36m(TaskRunner pid=1974692)[0m           'return_raw_input_ids': False,
[36m(TaskRunner pid=1974692)[0m           'reward_fn_key': 'data_source',
[36m(TaskRunner pid=1974692)[0m           'seed': None,
[36m(TaskRunner pid=1974692)[0m           'shuffle': True,
[36m(TaskRunner pid=1974692)[0m           'tokenizer': None,
[36m(TaskRunner pid=1974692)[0m           'tool_config_path': '/home/yw4636/agentic-tvg/crop_video_tool.yaml',
[36m(TaskRunner pid=1974692)[0m           'train_batch_size': 8,
[36m(TaskRunner pid=1974692)[0m           'train_files': '/home/yw4636/agentic-tvg/data/processed/rl_train.parquet',
[36m(TaskRunner pid=1974692)[0m           'train_max_samples': -1,
[36m(TaskRunner pid=1974692)[0m           'truncation': 'error',
[36m(TaskRunner pid=1974692)[0m           'trust_remote_code': False,
[36m(TaskRunner pid=1974692)[0m           'use_shm': False,
[36m(TaskRunner pid=1974692)[0m           'val_batch_size': 2,
[36m(TaskRunner pid=1974692)[0m           'val_files': '/home/yw4636/agentic-tvg/data/processed/rl_val.parquet',
[36m(TaskRunner pid=1974692)[0m           'val_max_samples': -1,
[36m(TaskRunner pid=1974692)[0m           'validation_shuffle': False,
[36m(TaskRunner pid=1974692)[0m           'video_key': 'videos'},
[36m(TaskRunner pid=1974692)[0m  'distillation': {'_target_': 'verl.workers.config.DistillationConfig',
[36m(TaskRunner pid=1974692)[0m                   'distillation_loss': {'_target_': 'verl.workers.config.DistillationLossConfig',
[36m(TaskRunner pid=1974692)[0m                                         'clip_ratio': 0.2,
[36m(TaskRunner pid=1974692)[0m                                         'clip_ratio_high': 0.2,
[36m(TaskRunner pid=1974692)[0m                                         'clip_ratio_low': 0.2,
[36m(TaskRunner pid=1974692)[0m                                         'distillation_loss_coef': 1.0,
[36m(TaskRunner pid=1974692)[0m                                         'log_prob_min_clamp': None,
[36m(TaskRunner pid=1974692)[0m                                         'loss_max_clamp': None,
[36m(TaskRunner pid=1974692)[0m                                         'loss_mode': 'k3',
[36m(TaskRunner pid=1974692)[0m                                         'policy_loss_mode': 'vanilla',
[36m(TaskRunner pid=1974692)[0m                                         'topk': 32,
[36m(TaskRunner pid=1974692)[0m                                         'use_policy_gradient': False,
[36m(TaskRunner pid=1974692)[0m                                         'use_task_rewards': True},
[36m(TaskRunner pid=1974692)[0m                   'enabled': False,
[36m(TaskRunner pid=1974692)[0m                   'n_gpus_per_node': 8,
[36m(TaskRunner pid=1974692)[0m                   'nnodes': 0,
[36m(TaskRunner pid=1974692)[0m                   'teacher_key': 'data_source',
[36m(TaskRunner pid=1974692)[0m                   'teacher_models': {'teacher_model': {'_target_': 'verl.workers.config.DistillationTeacherModelConfig',
[36m(TaskRunner pid=1974692)[0m                                                        'inference': {'_target_': 'verl.workers.config.RolloutConfig',
[36m(TaskRunner pid=1974692)[0m                                                                      'cudagraph_capture_sizes': None,
[36m(TaskRunner pid=1974692)[0m                                                                      'data_parallel_size': 1,
[36m(TaskRunner pid=1974692)[0m                                                                      'disable_log_stats': True,
[36m(TaskRunner pid=1974692)[0m                                                                      'dtype': 'bfloat16',
[36m(TaskRunner pid=1974692)[0m                                                                      'enable_chunked_prefill': True,
[36m(TaskRunner pid=1974692)[0m                                                                      'enable_prefix_caching': True,
[36m(TaskRunner pid=1974692)[0m                                                                      'enforce_eager': True,
[36m(TaskRunner pid=1974692)[0m                                                                      'engine_kwargs': {},
[36m(TaskRunner pid=1974692)[0m                                                                      'expert_parallel_size': 1,
[36m(TaskRunner pid=1974692)[0m                                                                      'free_cache_engine': True,
[36m(TaskRunner pid=1974692)[0m                                                                      'gpu_memory_utilization': 0.5,
[36m(TaskRunner pid=1974692)[0m                                                                      'limit_images': None,
[36m(TaskRunner pid=1974692)[0m                                                                      'load_format': 'auto',
[36m(TaskRunner pid=1974692)[0m                                                                      'max_model_len': None,
[36m(TaskRunner pid=1974692)[0m                                                                      'max_num_batched_tokens': 8192,
[36m(TaskRunner pid=1974692)[0m                                                                      'max_num_seqs': 1024,
[36m(TaskRunner pid=1974692)[0m                                                                      'name': 'vllm',
[36m(TaskRunner pid=1974692)[0m                                                                      'prompt_length': 4608,
[36m(TaskRunner pid=1974692)[0m                                                                      'response_length': 16384,
[36m(TaskRunner pid=1974692)[0m                                                                      'skip_tokenizer_init': True,
[36m(TaskRunner pid=1974692)[0m                                                                      'temperature': 1.0,
[36m(TaskRunner pid=1974692)[0m                                                                      'tensor_model_parallel_size': 2},
[36m(TaskRunner pid=1974692)[0m                                                        'key': None,
[36m(TaskRunner pid=1974692)[0m                                                        'model_path': None,
[36m(TaskRunner pid=1974692)[0m                                                        'num_replicas': 0}}},
[36m(TaskRunner pid=1974692)[0m  'global_profiler': {'_target_': 'verl.utils.profiler.ProfilerConfig',
[36m(TaskRunner pid=1974692)[0m                      'global_tool_config': {'nsys': {'_target_': 'verl.utils.profiler.config.NsightToolConfig',
[36m(TaskRunner pid=1974692)[0m                                                      'controller_nsight_options': {'cuda-graph-trace': 'graph',
[36m(TaskRunner pid=1974692)[0m                                                                                    'cuda-memory-usage': 'true',
[36m(TaskRunner pid=1974692)[0m                                                                                    'trace': 'cuda,nvtx,cublas,ucx'},
[36m(TaskRunner pid=1974692)[0m                                                      'discrete': False,
[36m(TaskRunner pid=1974692)[0m                                                      'worker_nsight_options': {'capture-range': 'cudaProfilerApi',
[36m(TaskRunner pid=1974692)[0m                                                                                'capture-range-end': None,
[36m(TaskRunner pid=1974692)[0m                                                                                'cuda-graph-trace': 'graph',
[36m(TaskRunner pid=1974692)[0m                                                                                'cuda-memory-usage': 'true',
[36m(TaskRunner pid=1974692)[0m                                                                                'kill': 'none',
[36m(TaskRunner pid=1974692)[0m                                                                                'trace': 'cuda,nvtx,cublas,ucx'}},
[36m(TaskRunner pid=1974692)[0m                                             'precision_debugger': {'_target_': 'verl.utils.profiler.config.PrecisionDebuggerToolConfig',
[36m(TaskRunner pid=1974692)[0m                                                                    'config_path': None,
[36m(TaskRunner pid=1974692)[0m                                                                    'stages': None,
[36m(TaskRunner pid=1974692)[0m                                                                    'steps': None,
[36m(TaskRunner pid=1974692)[0m                                                                    'strict': False},
[36m(TaskRunner pid=1974692)[0m                                             'torch_memory': {'context': 'all',
[36m(TaskRunner pid=1974692)[0m                                                              'kw_args': {},
[36m(TaskRunner pid=1974692)[0m                                                              'stack_depth': 32,
[36m(TaskRunner pid=1974692)[0m                                                              'stacks': 'all',
[36m(TaskRunner pid=1974692)[0m                                                              'trace_alloc_max_entries': 100000}},
[36m(TaskRunner pid=1974692)[0m                      'profile_continuous_steps': False,
[36m(TaskRunner pid=1974692)[0m                      'save_path': 'outputs/profile',
[36m(TaskRunner pid=1974692)[0m                      'steps': None,
[36m(TaskRunner pid=1974692)[0m                      'tool': None},
[36m(TaskRunner pid=1974692)[0m  'model_engine': 'dp',
[36m(TaskRunner pid=1974692)[0m  'ray_kwargs': {'ray_init': {'num_cpus': None,
[36m(TaskRunner pid=1974692)[0m                              'object_store_memory': 25769803776},
[36m(TaskRunner pid=1974692)[0m                 'timeline_json_file': None},
[36m(TaskRunner pid=1974692)[0m  'reward': {'_target_': 'verl.workers.config.RewardConfig',
[36m(TaskRunner pid=1974692)[0m             'custom_reward_function': {'name': 'compute_score_qa',
[36m(TaskRunner pid=1974692)[0m                                        'path': '/home/yw4636/agentic-tvg/agentic_tvg/reward.py'},
[36m(TaskRunner pid=1974692)[0m             'num_workers': 8,
[36m(TaskRunner pid=1974692)[0m             'reward_manager': {'_target_': 'verl.workers.config.reward.RewardManagerConfig',
[36m(TaskRunner pid=1974692)[0m                                'module': {'_target_': 'verl.trainer.config.config.ModuleConfig',
[36m(TaskRunner pid=1974692)[0m                                           'name': 'custom_reward_manager',
[36m(TaskRunner pid=1974692)[0m                                           'path': None},
[36m(TaskRunner pid=1974692)[0m                                'name': 'naive',
[36m(TaskRunner pid=1974692)[0m                                'source': 'register'},
[36m(TaskRunner pid=1974692)[0m             'reward_model': {'_target_': 'verl.workers.config.RewardModelConfig',
[36m(TaskRunner pid=1974692)[0m                              'enable': False,
[36m(TaskRunner pid=1974692)[0m                              'enable_resource_pool': False,
[36m(TaskRunner pid=1974692)[0m                              'model_path': None,
[36m(TaskRunner pid=1974692)[0m                              'n_gpus_per_node': 8,
[36m(TaskRunner pid=1974692)[0m                              'nnodes': 0,
[36m(TaskRunner pid=1974692)[0m                              'rollout': {'_target_': 'verl.workers.config.RolloutConfig',
[36m(TaskRunner pid=1974692)[0m                                          'cudagraph_capture_sizes': None,
[36m(TaskRunner pid=1974692)[0m                                          'data_parallel_size': 1,
[36m(TaskRunner pid=1974692)[0m                                          'disable_log_stats': True,
[36m(TaskRunner pid=1974692)[0m                                          'disaggregation': {'bootstrap_port': None,
[36m(TaskRunner pid=1974692)[0m                                                             'decode_replicas': 1,
[36m(TaskRunner pid=1974692)[0m                                                             'decode_tensor_model_parallel_size': None,
[36m(TaskRunner pid=1974692)[0m                                                             'enabled': False,
[36m(TaskRunner pid=1974692)[0m                                                             'ib_device': None,
[36m(TaskRunner pid=1974692)[0m                                                             'prefill_replicas': 1,
[36m(TaskRunner pid=1974692)[0m                                                             'transfer_backend': 'nixl'},
[36m(TaskRunner pid=1974692)[0m                                          'do_sample': True,
[36m(TaskRunner pid=1974692)[0m                                          'dtype': 'bfloat16',
[36m(TaskRunner pid=1974692)[0m                                          'enable_chunked_prefill': True,
[36m(TaskRunner pid=1974692)[0m                                          'enable_prefix_caching': True,
[36m(TaskRunner pid=1974692)[0m                                          'enforce_eager': True,
[36m(TaskRunner pid=1974692)[0m                                          'engine_kwargs': {},
[36m(TaskRunner pid=1974692)[0m                                          'expert_parallel_size': 1,
[36m(TaskRunner pid=1974692)[0m                                          'free_cache_engine': True,
[36m(TaskRunner pid=1974692)[0m                                          'full_determinism': False,
[36m(TaskRunner pid=1974692)[0m                                          'gpu_memory_utilization': 0.5,
[36m(TaskRunner pid=1974692)[0m                                          'ignore_eos': False,
[36m(TaskRunner pid=1974692)[0m                                          'layered_summon': False,
[36m(TaskRunner pid=1974692)[0m                                          'limit_images': None,
[36m(TaskRunner pid=1974692)[0m                                          'load_format': 'auto',
[36m(TaskRunner pid=1974692)[0m                                          'max_model_len': None,
[36m(TaskRunner pid=1974692)[0m                                          'max_num_batched_tokens': 8192,
[36m(TaskRunner pid=1974692)[0m                                          'max_num_seqs': 1024,
[36m(TaskRunner pid=1974692)[0m                                          'mtp': None,
[36m(TaskRunner pid=1974692)[0m                                          'multi_stage_wake_up': False,
[36m(TaskRunner pid=1974692)[0m                                          'n': 1,
[36m(TaskRunner pid=1974692)[0m                                          'name': '???',
[36m(TaskRunner pid=1974692)[0m                                          'pipeline_model_parallel_size': 1,
[36m(TaskRunner pid=1974692)[0m                                          'prompt_length': 2048,
[36m(TaskRunner pid=1974692)[0m                                          'quantization': None,
[36m(TaskRunner pid=1974692)[0m                                          'quantization_config_file': None,
[36m(TaskRunner pid=1974692)[0m                                          'response_length': 2048,
[36m(TaskRunner pid=1974692)[0m                                          'scheduling_policy': 'fcfs',
[36m(TaskRunner pid=1974692)[0m                                          'seed': 42,
[36m(TaskRunner pid=1974692)[0m                                          'skip_tokenizer_init': False,
[36m(TaskRunner pid=1974692)[0m                                          'temperature': 1.0,
[36m(TaskRunner pid=1974692)[0m                                          'tensor_model_parallel_size': 2,
[36m(TaskRunner pid=1974692)[0m                                          'top_k': -1,
[36m(TaskRunner pid=1974692)[0m                                          'top_p': 1}},
[36m(TaskRunner pid=1974692)[0m             'sandbox_fusion': {'_target_': 'verl.workers.config.SandboxFusionConfig',
[36m(TaskRunner pid=1974692)[0m                                'max_concurrent': 64,
[36m(TaskRunner pid=1974692)[0m                                'memory_limit_mb': 1024,
[36m(TaskRunner pid=1974692)[0m                                'url': None}},
[36m(TaskRunner pid=1974692)[0m  'reward_model': {'enable': None,
[36m(TaskRunner pid=1974692)[0m                   'enable_resource_pool': None,
[36m(TaskRunner pid=1974692)[0m                   'model': {'external_lib': None,
[36m(TaskRunner pid=1974692)[0m                             'path': None,
[36m(TaskRunner pid=1974692)[0m                             'trust_remote_code': None},
[36m(TaskRunner pid=1974692)[0m                   'n_gpus_per_node': None,
[36m(TaskRunner pid=1974692)[0m                   'nnodes': None,
[36m(TaskRunner pid=1974692)[0m                   'num_workers': None,
[36m(TaskRunner pid=1974692)[0m                   'reward_loop_class_name': None,
[36m(TaskRunner pid=1974692)[0m                   'reward_loop_module_path': None,
[36m(TaskRunner pid=1974692)[0m                   'reward_loop_source': None,
[36m(TaskRunner pid=1974692)[0m                   'reward_manager': None,
[36m(TaskRunner pid=1974692)[0m                   'rollout': {'cudagraph_capture_sizes': None,
[36m(TaskRunner pid=1974692)[0m                               'data_parallel_size': None,
[36m(TaskRunner pid=1974692)[0m                               'disable_log_stats': None,
[36m(TaskRunner pid=1974692)[0m                               'dtype': None,
[36m(TaskRunner pid=1974692)[0m                               'enable_chunked_prefill': None,
[36m(TaskRunner pid=1974692)[0m                               'enable_prefix_caching': None,[36m(TaskRunner pid=1974692)[0m /home/yw4636/.conda/envs/verl/lib/python3.12/site-packages/verl/trainer/main_ppo_v0.py:182: UserWarning: Disabled critic as algorithm.adv_estimator != gae. If it is not intended, please set critic.enable=True
[36m(TaskRunner pid=1974692)[0m   use_critic=need_critic(config),

[36m(TaskRunner pid=1974692)[0m                               'enforce_eager': None,
[36m(TaskRunner pid=1974692)[0m                               'engine_kwargs': None,
[36m(TaskRunner pid=1974692)[0m                               'expert_parallel_size': None,
[36m(TaskRunner pid=1974692)[0m                               'free_cache_engine': None,
[36m(TaskRunner pid=1974692)[0m                               'gpu_memory_utilization': None,
[36m(TaskRunner pid=1974692)[0m                               'limit_images': None,
[36m(TaskRunner pid=1974692)[0m                               'load_format': None,
[36m(TaskRunner pid=1974692)[0m                               'max_model_len': None,
[36m(TaskRunner pid=1974692)[0m                               'max_num_batched_tokens': None,
[36m(TaskRunner pid=1974692)[0m                               'max_num_seqs': None,
[36m(TaskRunner pid=1974692)[0m                               'name': None,
[36m(TaskRunner pid=1974692)[0m                               'prompt_length': None,
[36m(TaskRunner pid=1974692)[0m                               'response_length': None,
[36m(TaskRunner pid=1974692)[0m                               'skip_tokenizer_init': None,
[36m(TaskRunner pid=1974692)[0m                               'tensor_model_parallel_size': None}},
[36m(TaskRunner pid=1974692)[0m  'sandbox_fusion': {'max_concurrent': None,
[36m(TaskRunner pid=1974692)[0m                     'memory_limit_mb': None,
[36m(TaskRunner pid=1974692)[0m                     'url': None},
[36m(TaskRunner pid=1974692)[0m  'skip': {'_target_': 'verl.utils.skip.SkipManagerConfig',
[36m(TaskRunner pid=1974692)[0m           'async_rollout': {'action': 'cache',
[36m(TaskRunner pid=1974692)[0m                             'dump_dir': '~/.verl/rollout_dump',
[36m(TaskRunner pid=1974692)[0m                             'enable': False,
[36m(TaskRunner pid=1974692)[0m                             'steps': []},
[36m(TaskRunner pid=1974692)[0m           'rollout': {'action': 'cache',
[36m(TaskRunner pid=1974692)[0m                       'dump_dir': '~/.verl/rollout_dump',
[36m(TaskRunner pid=1974692)[0m                       'enable': False,
[36m(TaskRunner pid=1974692)[0m                       'steps': []},
[36m(TaskRunner pid=1974692)[0m           'rollout_tq': {'action': 'cache',
[36m(TaskRunner pid=1974692)[0m                          'dump_dir': '~/.verl/rollout_dump',
[36m(TaskRunner pid=1974692)[0m                          'enable': False,
[36m(TaskRunner pid=1974692)[0m                          'steps': []}},
[36m(TaskRunner pid=1974692)[0m  'trainer': {'balance_batch': True,
[36m(TaskRunner pid=1974692)[0m              'critic_warmup': 0,
[36m(TaskRunner pid=1974692)[0m              'default_hdfs_dir': None,
[36m(TaskRunner pid=1974692)[0m              'default_local_dir': '/home/yw4636/agentic-tvg/results/grpo-vanilla/ckpt',
[36m(TaskRunner pid=1974692)[0m              'del_local_ckpt_after_load': False,
[36m(TaskRunner pid=1974692)[0m              'device': 'cuda',
[36m(TaskRunner pid=1974692)[0m              'esi_redundant_time': 0,
[36m(TaskRunner pid=1974692)[0m              'experiment_name': 'grpo_vanilla',
[36m(TaskRunner pid=1974692)[0m              'log_val_generations': 0,
[36m(TaskRunner pid=1974692)[0m              'logger': ['console', 'tensorboard'],
[36m(TaskRunner pid=1974692)[0m              'max_actor_ckpt_to_keep': 1,
[36m(TaskRunner pid=1974692)[0m              'max_critic_ckpt_to_keep': None,
[36m(TaskRunner pid=1974692)[0m              'n_gpus_per_node': 1,
[36m(TaskRunner pid=1974692)[0m              'nnodes': 1,
[36m(TaskRunner pid=1974692)[0m              'project_name': 'agentic-tvg',
[36m(TaskRunner pid=1974692)[0m              'ray_wait_register_center_timeout': 300,
[36m(TaskRunner pid=1974692)[0m              'resume_from_path': None,
[36m(TaskRunner pid=1974692)[0m              'resume_mode': 'auto',
[36m(TaskRunner pid=1974692)[0m              'rollout_data_dir': '/home/yw4636/agentic-tvg/results/grpo-vanilla/rollouts',
[36m(TaskRunner pid=1974692)[0m              'save_freq': 20,
[36m(TaskRunner pid=1974692)[0m              'test_freq': 20,
[36m(TaskRunner pid=1974692)[0m              'total_epochs': 100,
[36m(TaskRunner pid=1974692)[0m              'total_training_steps': 267,
[36m(TaskRunner pid=1974692)[0m              'use_v1': False,
[36m(TaskRunner pid=1974692)[0m              'v1': {'colocate_async': {'num_warmup_batches': 1},
[36m(TaskRunner pid=1974692)[0m                     'sampler': {'custom_sampler': {'name': None, 'path': None},
[36m(TaskRunner pid=1974692)[0m                                 'max_off_policy_strategy': 'drop',
[36m(TaskRunner pid=1974692)[0m                                 'max_off_policy_threshold': 8,
[36m(TaskRunner pid=1974692)[0m                                 'sampler_kwargs': {},
[36m(TaskRunner pid=1974692)[0m                                 'sync_refill_failed_groups': False},
[36m(TaskRunner pid=1974692)[0m                     'separate_async': {'num_warmup_batches': 1,
[36m(TaskRunner pid=1974692)[0m                                        'parameter_sync_step': 4},
[36m(TaskRunner pid=1974692)[0m                     'sync': {},
[36m(TaskRunner pid=1974692)[0m                     'trainer_mode': 'sync'},
[36m(TaskRunner pid=1974692)[0m              'val_before_train': False,
[36m(TaskRunner pid=1974692)[0m              'val_only': False,
[36m(TaskRunner pid=1974692)[0m              'validation_data_dir': '/home/yw4636/agentic-tvg/results/grpo-vanilla/val_rollouts'},
[36m(TaskRunner pid=1974692)[0m  'transfer_queue': {'backend': {'MooncakeStore': {'auto_init': False,
[36m(TaskRunner pid=1974692)[0m                                                   'device_name': '',
[36m(TaskRunner pid=1974692)[0m                                                   'global_segment_size': 4294967296,
[36m(TaskRunner pid=1974692)[0m                                                   'local_buffer_size': 1073741824,
[36m(TaskRunner pid=1974692)[0m                                                   'local_hostname': 'localhost',
[36m(TaskRunner pid=1974692)[0m                                                   'master_server_address': 'localhost:50124',
[36m(TaskRunner pid=1974692)[0m                                                   'metadata_server': 'localhost:50123',
[36m(TaskRunner pid=1974692)[0m                                                   'protocol': 'tcp'},
[36m(TaskRunner pid=1974692)[0m                                 'SimpleStorage': {'num_data_storage_units': 8,
[36m(TaskRunner pid=1974692)[0m                                                   'total_storage_size': 100000},
[36m(TaskRunner pid=1974692)[0m                                 'storage_backend': 'SimpleStorage'},
[36m(TaskRunner pid=1974692)[0m                     'enable': False,
[36m(TaskRunner pid=1974692)[0m                     'metrics': {'enabled': False, 'port': 0}}}
[36m(TaskRunner pid=1974692)[0m WARNING: val_batch_size is deprecated. Validation datasets are sent to inference engines as a whole batch, which will schedule the memory themselves.
[36m(TaskRunner pid=1974692)[0m [validate_config] All configuration checks passed successfully!
[36m(TaskRunner pid=1974692)[0m Using dataset class: RLHFDataset
[36m(TaskRunner pid=1974692)[0m {
[36m(TaskRunner pid=1974692)[0m   "type": "function",
[36m(TaskRunner pid=1974692)[0m   "function": {
[36m(TaskRunner pid=1974692)[0m     "name": "crop_video",
[36m(TaskRunner pid=1974692)[0m     "description": "Inspect a time interval of the current video closely: returns 30 higher-resolution frames sampled evenly from [start_time, end_time], each labeled with its timestamp in seconds.",
[36m(TaskRunner pid=1974692)[0m     "parameters": {
[36m(TaskRunner pid=1974692)[0m       "type": "object",
[36m(TaskRunner pid=1974692)[0m       "properties": {
[36m(TaskRunner pid=1974692)[0m         "start_time": {
[36m(TaskRunner pid=1974692)[0m           "type": "number",
[36m(TaskRunner pid=1974692)[0m           "description": "Interval start in seconds, >= 0."[36m(TaskRunner pid=1974692)[0m /home/yw4636/.conda/envs/verl/lib/python3.12/site-packages/verl/trainer/main_ppo_v0.py:218: FutureWarning: Warning: Class 'verl.trainer.ppo.ray_trainer.RayPPOTrainer' is deprecated. Please use 'Legacy trainer is deprecated, and wil be removed in v0.9.0. Please use `trainer.use_v1=True` instead.' instead.
[36m(TaskRunner pid=1974692)[0m   trainer = RayPPOTrainer(
[36m(TaskRunner pid=1974692)[0m /home/yw4636/.conda/envs/verl/lib/python3.12/site-packages/verl/trainer/ppo/ray_trainer.py:348: UserWarning: Disabled critic as algorithm.adv_estimator != gae. If it is not intended, please set critic.enable=True
[36m(TaskRunner pid=1974692)[0m   self.use_critic = need_critic(self.config)
[36m(WorkerDict pid=1975043)[0m /home/yw4636/.conda/envs/verl/lib/python3.12/site-packages/verl/workers/engine/__init__.py:31: UserWarning: torchtitan engine is not available: ModuleNotFoundError("No module named 'torchtitan'")
[36m(WorkerDict pid=1975043)[0m   warnings.warn(f"torchtitan engine is not available: {e!r}", stacklevel=1)
[36m(WorkerDict pid=1975043)[0m /home/yw4636/.conda/envs/verl/lib/python3.12/site-packages/verl/workers/engine/__init__.py:40: UserWarning: veomni engine is not available: ModuleNotFoundError("No module named 'veomni'")
[36m(WorkerDict pid=1975043)[0m   warnings.warn(f"veomni engine is not available: {e!r}", stacklevel=1)
[36m(WorkerDict pid=1975043)[0m /home/yw4636/.conda/envs/verl/lib/python3.12/site-packages/verl/workers/engine/__init__.py:49: UserWarning: automodel engine is not available: ModuleNotFoundError("No module named 'nemo_automodel'")
[36m(WorkerDict pid=1975043)[0m   warnings.warn(f"automodel engine is not available: {e!r}", stacklevel=1)
[36m(WorkerDict pid=1975043)[0m /home/yw4636/.conda/envs/verl/lib/python3.12/site-packages/verl/workers/engine/mindspeed/transformer_impl.py:24: UserWarning: NPU not support router replay for now.
[36m(WorkerDict pid=1975043)[0m   from verl.utils.megatron.router_replay_patch import RouterReplay
[36m(WorkerDict pid=1975043)[0m /home/yw4636/.conda/envs/verl/lib/python3.12/site-packages/verl/workers/engine/__init__.py:59: UserWarning: mindspeed engine is not available: ModuleNotFoundError("No module named 'megatron'")
[36m(WorkerDict pid=1975043)[0m   warnings.warn(f"mindspeed engine is not available: {e!r}", stacklevel=1)
[36m(WorkerDict pid=1975043)[0m /home/yw4636/.conda/envs/verl/lib/python3.12/site-packages/verl/workers/engine/__init__.py:69: UserWarning: megatron engine is not available: ModuleNotFoundError("No module named 'megatron'")
[36m(WorkerDict pid=1975043)[0m   warnings.warn(f"megatron engine is not available: {e!r}", stacklevel=1)
[36m(WorkerDict pid=1975043)[0m [transformers] Flash Attention 2 only supports torch.float16 and torch.bfloat16 dtypes, but the current dype in Qwen3VLForConditionalGeneration is torch.float32. You should run training or inference using Automatic Mixed-Precision via the `with torch.autocast(device_type='torch_device'):` decorator, or load the model with the `dtype` argument. Example: `model = AutoModel.from_pretrained("meta-llama/Llama-3.2-1B", attn_implementation="flash_attention_2", dtype=torch.float16)`
[36m(WorkerDict pid=1975043)[0m [transformers] Flash Attention 2 only supports torch.float16 and torch.bfloat16 dtypes, but the current dype in Qwen3VLModel is torch.float32. You should run training or inference using Automatic Mixed-Precision via the `with torch.autocast(device_type='torch_device'):` decorator, or load the model with the `dtype` argument. Example: `model = AutoModel.from_pretrained("meta-llama/Llama-3.2-1B", attn_implementation="flash_attention_2", dtype=torch.float16)`
[36m(WorkerDict pid=1975043)[0m [transformers] Flash Attention 2 only supports torch.float16 and torch.bfloat16 dtypes, but the current dype in Qwen3VLVisionModel is torch.float32. You should run training or inference using Automatic Mixed-Precision via the `with torch.autocast(device_type='torch_device'):` decorator, or load the model with the `dtype` argument. Example: `model = AutoModel.from_pretrained("meta-llama/Llama-3.2-1B", attn_implementation="flash_attention_2", dtype=torch.float16)`
[36m(WorkerDict pid=1975043)[0m [transformers] Flash Attention 2 only supports torch.float16 and torch.bfloat16 dtypes, but the current dype in Qwen3VLTextModel is torch.float32. You should run training or inference using Automatic Mixed-Precision via the `with torch.autocast(device_type='torch_device'):` decorator, or load the model with the `dtype` argument. Example: `model = AutoModel.from_pretrained("meta-llama/Llama-3.2-1B", attn_implementation="flash_attention_2", dtype=torch.float16)`
[36m(WorkerDict pid=1975043)[0m Loading weights:   0%|          | 0/713 [00:00<?, ?it/s]
[36m(WorkerDict pid=1975043)[0m Loading weights:   0%|          | 1/713 [00:00<06:30,  1.82it/s]
[36m(WorkerDict pid=1975043)[0m Loading weights:  19%|█▉        | 135/713 [00:00<00:02, 275.37it/s]
[36m(WorkerDict pid=1975043)[0m Loading weights:  29%|██▉       | 210/713 [00:00<00:01, 285.48it/s]
[36m(WorkerDict pid=1975043)[0m Loading weights:  37%|███▋      | 265/713 [00:01<00:01, 281.02it/s]
[36m(WorkerDict pid=1975043)[0m Loading weights:  43%|████▎     | 309/713 [00:01<00:01, 279.04it/s]
[36m(WorkerDict pid=1975043)[0m Loading weights:  49%|████▊     | 347/713 [00:01<00:01, 268.51it/s]
[36m(WorkerDict pid=1975043)[0m Loading weights:  53%|█████▎    | 381/713 [00:01<00:01, 272.33it/s]
[36m(WorkerDict pid=1975043)[0m Loading weights:  73%|███████▎  | 517/713 [00:01<00:00, 506.62it/s]
[36m(WorkerDict pid=1975043)[0m Loading weights:  96%|█████████▋| 688/713 [00:01<00:00, 781.63it/s]Loading weights: 100%|██████████| 713/713 [00:01<00:00, 401.39it/s]
[36m(WorkerDict pid=1975043)[0m WARNING:2026-08-30 05:50:21,275:Setting the sleep level to 1 may cause a memory overflow.
[36m(vLLMHttpServer pid=1975510)[0m [transformers] The `use_fast` parameter is deprecated and will be removed in a future version. Use `backend="torchvision"` instead of `use_fast=True`, or `backend="pil"` instead of `use_fast=False`.
[36m(vLLMHttpServer pid=1975510)[0m (Worker pid=1976330) [transformers] The `use_fast` parameter is deprecated and will be removed in a future version. Use `backend="torchvision"` instead of `use_fast=True`, or `backend="pil"` instead of `use_fast=False`.
[36m(vLLMHttpServer pid=1975510)[0m (Worker pid=1976330) Loading safetensors checkpoint shards:   0% Completed | 0/1 [00:00<?, ?it/s]
[36m(vLLMHttpServer pid=1975510)[0m (Worker pid=1976330) Loading safetensors checkpoint shards: 100% Completed | 1/1 [00:01<00:00,  1.11s/it]
[36m(vLLMHttpServer pid=1975510)[0m (Worker pid=1976330) Loading safetensors checkpoint shards: 100% Completed | 1/1 [00:01<00:00,  1.11s/it]
[36m(vLLMHttpServer pid=1975510)[0m (Worker pid=1976330) 

[36m(TaskRunner pid=1974692)[0m         },
[36m(TaskRunner pid=1974692)[0m         "end_time": {
[36m(TaskRunner pid=1974692)[0m           "type": "number",
[36m(TaskRunner pid=1974692)[0m           "description": "Interval end in seconds, > start_time, <= video duration."
[36m(TaskRunner pid=1974692)[0m         }
[36m(TaskRunner pid=1974692)[0m       },
[36m(TaskRunner pid=1974692)[0m       "required": [
[36m(TaskRunner pid=1974692)[0m         "start_time",
[36m(TaskRunner pid=1974692)[0m         "end_time"
[36m(TaskRunner pid=1974692)[0m       ]
[36m(TaskRunner pid=1974692)[0m     }
[36m(TaskRunner pid=1974692)[0m   }
[36m(TaskRunner pid=1974692)[0m }
[36m(TaskRunner pid=1974692)[0m dataset len: 1068
[36m(TaskRunner pid=1974692)[0m Using dataset class: RLHFDataset
[36m(TaskRunner pid=1974692)[0m {
[36m(TaskRunner pid=1974692)[0m   "type": "function",
[36m(TaskRunner pid=1974692)[0m   "function": {
[36m(TaskRunner pid=1974692)[0m     "name": "crop_video",
[36m(TaskRunner pid=1974692)[0m     "description": "Inspect a time interval of the current video closely: returns 30 higher-resolution frames sampled evenly from [start_time, end_time], each labeled with its timestamp in seconds.",
[36m(TaskRunner pid=1974692)[0m     "parameters": {
[36m(TaskRunner pid=1974692)[0m       "type": "object",
[36m(TaskRunner pid=1974692)[0m       "properties": {
[36m(TaskRunner pid=1974692)[0m         "start_time": {
[36m(TaskRunner pid=1974692)[0m           "type": "number",
[36m(TaskRunner pid=1974692)[0m           "description": "Interval start in seconds, >= 0."
[36m(TaskRunner pid=1974692)[0m         },
[36m(TaskRunner pid=1974692)[0m         "end_time": {
[36m(TaskRunner pid=1974692)[0m           "type": "number",
[36m(TaskRunner pid=1974692)[0m           "description": "Interval end in seconds, > start_time, <= video duration."
[36m(TaskRunner pid=1974692)[0m         }
[36m(TaskRunner pid=1974692)[0m       },
[36m(TaskRunner pid=1974692)[0m       "required": [
[36m(TaskRunner pid=1974692)[0m         "start_time",
[36m(TaskRunner pid=1974692)[0m         "end_time"
[36m(TaskRunner pid=1974692)[0m       ]
[36m(TaskRunner pid=1974692)[0m     }
[36m(TaskRunner pid=1974692)[0m   }
[36m(TaskRunner pid=1974692)[0m }
[36m(TaskRunner pid=1974692)[0m dataset len: 114
[36m(TaskRunner pid=1974692)[0m Size of train dataloader: 133, Size of val dataloader: 57
[36m(TaskRunner pid=1974692)[0m Total training steps: 267
[36m(TaskRunner pid=1974692)[0m colocated worker base class <class 'verl.single_controller.base.worker.Worker'>
[36m(WorkerDict pid=1975043)[0m Warning: Failed to set NUMA affinity: libnuma.so: cannot open shared object file: No such file or directory
[36m(WorkerDict pid=1975043)[0m Monkey patch Qwen3VLForConditionalGeneration model forward
[36m(WorkerDict pid=1975043)[0m Monkey patch _flash_attention_forward in transformers.integrations.flash_attention
[36m(WorkerDict pid=1975043)[0m Skipping monkey patch for Qwen3VLForConditionalGeneration as use_fused_kernels is False or fused_kernels_backend is torch
[36m(WorkerDict pid=1975043)[0m PeftModelForCausalLM contains 4.47B parameters
[36m(WorkerDict pid=1975043)[0m Before FSDP, memory allocated (GB): 0.00, memory reserved (GB): 0.00, device memory used/total (GB): 0.41/79.27
[36m(WorkerDict pid=1975043)[0m After FSDP, memory allocated (GB): 16.76, memory reserved (GB): 18.74, device memory used/total (GB): 19.67/79.27
[36m(WorkerDict pid=1975043)[0m Total steps: 267, num_warmup_steps: 0
[36m(vLLMHttpServer pid=1975510)[0m ['serve',
[36m(vLLMHttpServer pid=1975510)[0m  '/home/yw4636/agentic-tvg/results/sft-mix/merged',
[36m(vLLMHttpServer pid=1975510)[0m  '--dtype',
[36m(vLLMHttpServer pid=1975510)[0m  'bfloat16',
[36m(vLLMHttpServer pid=1975510)[0m  '--load_format',
[36m(vLLMHttpServer pid=1975510)[0m  'safetensors',
[36m(vLLMHttpServer pid=1975510)[0m  '--distributed_executor_backend',
[36m(vLLMHttpServer pid=1975510)[0m  'mp',
[36m(vLLMHttpServer pid=1975510)[0m  '--worker_extension_cls',
[36m(vLLMHttpServer pid=1975510)[0m  'verl.workers.rollout.vllm_rollout.utils.vLLMColocateWorkerExtension',
[36m(vLLMHttpServer pid=1975510)[0m  '--max_model_len',
[36m(vLLMHttpServer pid=1975510)[0m  '20992',
[36m(vLLMHttpServer pid=1975510)[0m  '--max_num_seqs',
[36m(vLLMHttpServer pid=1975510)[0m  '256',
[36m(vLLMHttpServer pid=1975510)[0m  '--enable_chunked_prefill',
[36m(vLLMHttpServer pid=1975510)[0m  '--max_num_batched_tokens',
[36m(vLLMHttpServer pid=1975510)[0m  '24576',
[36m(vLLMHttpServer pid=1975510)[0m  '--enable_prefix_caching',
[36m(vLLMHttpServer pid=1975510)[0m  '--enable_sleep_mode',
[36m(vLLMHttpServer pid=1975510)[0m  '--logprobs_mode',
[36m(vLLMHttpServer pid=1975510)[0m  'processed_logprobs',
[36m(vLLMHttpServer pid=1975510)[0m  '--gpu_memory_utilization',
[36m(vLLMHttpServer pid=1975510)[0m  '0.65',
[36m(vLLMHttpServer pid=1975510)[0m  '--disable_log_stats',
[36m(vLLMHttpServer pid=1975510)[0m  '--tensor_parallel_size',
[36m(vLLMHttpServer pid=1975510)[0m  '1',
[36m(vLLMHttpServer pid=1975510)[0m  '--seed',
[36m(vLLMHttpServer pid=1975510)[0m  '42',
[36m(vLLMHttpServer pid=1975510)[0m  '--override_generation_config',
[36m(vLLMHttpServer pid=1975510)[0m  '{"temperature": 1.0, "top_k": -1, "top_p": 1, "repetition_penalty": 1.0, '
[36m(vLLMHttpServer pid=1975510)[0m  '"max_new_tokens": 16384}',
[36m(vLLMHttpServer pid=1975510)[0m  '--hf_overrides',
[36m(vLLMHttpServer pid=1975510)[0m  '{}',
[36m(vLLMHttpServer pid=1975510)[0m  '--scheduling_policy',
[36m(vLLMHttpServer pid=1975510)[0m  'fcfs',
[36m(vLLMHttpServer pid=1975510)[0m  '--compilation_config',
[36m(vLLMHttpServer pid=1975510)[0m  '{"cudagraph_mode": "FULL_AND_PIECEWISE"}',
[36m(vLLMHttpServer pid=1975510)[0m  '--mm_processor_kwargs',
[36m(vLLMHttpServer pid=1975510)[0m  '{"max_pixels": 150528}',
[36m(vLLMHttpServer pid=1975510)[0m  '--limit_mm_per_prompt',
[36m(vLLMHttpServer pid=1975510)[0m  '{"image": 112}',
[36m(vLLMHttpServer pid=1975510)[0m  '--enable_lora',
[36m(vLLMHttpServer pid=1975510)[0m  '--max_loras',
[36m(vLLMHttpServer pid=1975510)[0m  '1',
[36m(vLLMHttpServer pid=1975510)[0m  '--max_lora_rank',
[36m(vLLMHttpServer pid=1975510)[0m  '16']
[36m(vLLMHttpServer pid=1975510)[0m WARNING 08-30 05:50:37 [system_utils.py:157] We must use the `spawn` multiprocessing start method. Overriding VLLM_WORKER_MULTIPROC_METHOD to 'spawn'. See https://docs.vllm.ai/en/latest/usage/troubleshooting.html#python-multiprocessing for more information. Reasons: In a Ray actor and can only be spawned; CUDA is initialized
[36m(vLLMHttpServer pid=1975510)[0m (Worker pid=1976330) WARNING 08-30 05:50:58 [model_manager.py:401] Regarding Qwen3VLForConditionalGeneration, no matching PunicaWrapper is found; visual.patch_embed.proj will be ignored.
[36m(vLLMHttpServer pid=1975510)[0m (Worker pid=1976330) WARNING 08-30 05:50:58 [model_manager.py:401] Regarding Qwen3VLForConditionalGeneration, no matching PunicaWrapper is found; visual.merger.linear_fc1 will be ignored.
[36m(vLLMHttpServer pid=1975510)[0m (Worker pid=1976330) WARNING 08-30 05:50:58 [model_manager.py:401] Regarding Qwen3VLForConditionalGeneration, no matching PunicaWrapper is found; visual.merger.linear_fc2 will be ignored.
[36m(vLLMHttpServer pid=1975510)[0m (Worker pid=1976330) WARNING 08-30 05:50:58 [model_manager.py:401] Regarding Qwen3VLForConditionalGeneration, no matching PunicaWrapper is found; visual.deepstack_merger_list.0.linear_fc1 will be ignored.
[36m(vLLMHttpServer pid=1975510)[0m (Worker pid=1976330) WARNING 08-30 05:50:58 [model_manager.py:401] Regarding Qwen3VLForConditionalGeneration, no matching PunicaWrapper is found; visual.deepstack_merger_list.0.linear_fc2 will be ignored.
[36m(vLLMHttpServer pid=1975510)[0m (Worker pid=1976330) WARNING 08-30 05:50:58 [model_manager.py:401] Regarding Qwen3VLForConditionalGeneration, no matching PunicaWrapper is found; visual.deepstack_merger_list.1.linear_fc1 will be ignored.
[36m(vLLMHttpServer pid=1975510)[0m (Worker pid=1976330) WARNING 08-30 05:50:58 [model_manager.py:401] Regarding Qwen3VLForConditionalGeneration, no matching PunicaWrapper is found; visual.deepstack_merger_list.1.linear_fc2 will be ignored.
[36m(vLLMHttpServer pid=1975510)[0m (Worker pid=1976330) WARNING 08-30 05:50:58 [model_manager.py:401] Regarding Qwen3VLForConditionalGeneration, no matching PunicaWrapper is found; visual.deepstack_merger_list.2.linear_fc1 will be ignored.
[36m(vLLMHttpServer pid=1975510)[0m (Worker pid=1976330) WARNING 08-30 05:50:58 [model_manager.py:401] Regarding Qwen3VLForConditionalGeneration, no matching PunicaWrapper is found; visual.deepstack_merger_list.2.linear_fc2 will be ignored.
[36m(vLLMHttpServer pid=1975510)[0m (Worker pid=1976330) WARNING 08-30 05:50:58 [model_manager.py:401] Regarding Qwen3VLForConditionalGeneration, no matching PunicaWrapper is found; visual.blocks.0.attn.qkv will be ignored.
[36m(vLLMHttpServer pid=1975510)[0m (Worker pid=1976330) WARNING 08-30 05:50:58 [model_manager.py:401] Regarding Qwen3VLForConditionalGeneration, no matching PunicaWrapper is found; visual.blocks.0.attn.proj will be ignored.
[36m(vLLMHttpServer pid=1975510)[0m (Worker pid=1976330) WARNING 08-30 05:50:58 [model_manager.py:401] Regarding Qwen3VLForConditionalGeneration, no matching PunicaWrapper is found; visual.blocks.0.mlp.linear_fc1 will be ignored.
[36m(vLLMHttpServer pid=1975510)[0m (Worker pid=1976330) WARNING 08-30 05:50:58 [model_manager.py:401] Regarding Qwen3VLForConditionalGeneration, no matching PunicaWrapper is found; visual.blocks.0.mlp.linear_fc2 will be ignored.
[36m(vLLMHttpServer pid=1975510)[0m (Worker pid=1976330) WARNING 08-30 05:50:58 [model_manager.py:401] Regarding Qwen3VLForConditionalGeneration, no matching PunicaWrapper is found; visual.blocks.1.attn.qkv will be ignored.
[36m(vLLMHttpServer pid=1975510)[0m (Worker pid=1976330) WARNING 08-30 05:50:58 [model_manager.py:401] Regarding Qwen3VLForConditionalGeneration, no matching PunicaWrapper is found; visual.blocks.1.attn.proj will be ignored.
[36m(vLLMHttpServer pid=1975510)[0m (Worker pid=1976330) WARNING 08-30 05:50:58 [model_manager.py:401] Regarding Qwen3VLForConditionalGeneration, no matching PunicaWrapper is found; visual.blocks.1.mlp.linear_fc1 will be ignored.
[36m(vLLMHttpServer pid=1975510)[0m (Worker pid=1976330) WARNING 08-30 05:50:58 [model_manager.py:401] Regarding Qwen3VLForConditionalGeneration, no matching PunicaWrapper is found; visual.blocks.1.mlp.linear_fc2 will be ignored.
[36m(vLLMHttpServer pid=1975510)[0m (Worker pid=1976330) WARNING 08-30 05:50:58 [model_manager.py:401] Regarding Qwen3VLForConditionalGeneration, no matching PunicaWrapper is found; visual.blocks.2.attn.qkv will be ignored.
[36m(vLLMHttpServer pid=1975510)[0m (Worker pid=1976330) WARNING 08-30 05:50:58 [model_manager.py:401] Regarding Qwen3VLForConditionalGeneration, no matching PunicaWrapper is found; visual.blocks.2.attn.proj will be ignored.
[36m(vLLMHttpServer pid=1975510)[0m (Worker pid=1976330) WARNING 08-30 05:50:58 [model_manager.py:401] Regarding Qwen3VLForConditionalGeneration, no matching PunicaWrapper is found; visual.blocks.2.mlp.linear_fc1 will be ignored.
[36m(vLLMHttpServer pid=1975510)[0m (Worker pid=1976330) WARNING 08-30 05:50:58 [model_manager.py:401] Regarding Qwen3VLForConditionalGeneration, no matching PunicaWrapper is found; visual.blocks.2.mlp.linear_fc2 will be ignored.
[36m(vLLMHttpServer pid=1975510)[0m (Worker pid=1976330) WARNING 08-30 05:50:58 [model_manager.py:401] Regarding Qwen3VLForConditionalGeneration, no matching PunicaWrapper is found; visual.blocks.3.attn.qkv will be ignored.
[36m(vLLMHttpServer pid=1975510)[0m (Worker pid=1976330) WARNING 08-30 05:50:58 [model_manager.py:401] Regarding Qwen3VLForConditionalGeneration, no matching PunicaWrapper is found; visual.blocks.3.attn.proj will be ignored.
[36m(vLLMHttpServer pid=1975510)[0m (Worker pid=1976330) WARNING 08-30 05:50:58 [model_manager.py:401] Regarding Qwen3VLForConditionalGeneration, no matching PunicaWrapper is found; visual.blocks.3.mlp.linear_fc1 will be ignored.
[36m(vLLMHttpServer pid=1975510)[0m (Worker pid=1976330) WARNING 08-30 05:50:58 [model_manager.py:401] Regarding Qwen3VLForConditionalGeneration, no matching PunicaWrapper is found; visual.blocks.3.mlp.linear_fc2 will be ignored.
[36m(vLLMHttpServer pid=1975510)[0m (Worker pid=1976330) WARNING 08-30 05:50:58 [model_manager.py:401] Regarding Qwen3VLForConditionalGeneration, no matching PunicaWrapper is found; visual.blocks.4.attn.qkv will be ignored.
[36m(vLLMHttpServer pid=1975510)[0m (Worker pid=1976330) WARNING 08-30 05:50:58 [model_manager.py:401] Regarding Qwen3VLForConditionalGeneration, no matching PunicaWrapper is found; visual.blocks.4.attn.proj will be ignored.
[36m(vLLMHttpServer pid=1975510)[0m (Worker pid=1976330) WARNING 08-30 05:50:58 [model_manager.py:401] Regarding Qwen3VLForConditionalGeneration, no matching PunicaWrapper is found; visual.blocks.4.mlp.linear_fc1 will be ignored.
[36m(vLLMHttpServer pid=1975510)[0m (Worker pid=1976330) WARNING 08-30 05:50:58 [model_manager.py:401] Regarding Qwen3VLForConditionalGeneration, no matching PunicaWrapper is found; visual.blocks.4.mlp.linear_fc2 will be ignored.
[36m(vLLMHttpServer pid=1975510)[0m (Worker pid=1976330) WARNING 08-30 05:50:58 [model_manager.py:401] Regarding Qwen3VLForConditionalGeneration, no matching PunicaWrapper is found; visual.blocks.5.attn.qkv will be ignored.
[36m(vLLMHttpServer pid=1975510)[0m (Worker pid=1976330) WARNING 08-30 05:50:58 [model_manager.py:401] Regarding Qwen3VLForConditionalGeneration, no matching PunicaWrapper is found; visual.blocks.5.attn.proj will be ignored.
[36m(vLLMHttpServer pid=1975510)[0m (Worker pid=1976330) WARNING 08-30 05:50:58 [model_manager.py:401] Regarding Qwen3VLForConditionalGeneration, no matching PunicaWrapper is found; visual.blocks.5.mlp.linear_fc1 will be ignored.
[36m(vLLMHttpServer pid=1975510)[0m (Worker pid=1976330) WARNING 08-30 05:50:58 [model_manager.py:401] Regarding Qwen3VLForConditionalGeneration, no matching PunicaWrapper is found; visual.blocks.5.mlp.linear_fc2 will be ignored.
[36m(vLLMHttpServer pid=1975510)[0m (Worker pid=1976330) WARNING 08-30 05:50:58 [model_manager.py:401] Regarding Qwen3VLForConditionalGeneration, no matching PunicaWrapper is found; visual.blocks.6.attn.qkv will be ignored.
[36m(vLLMHttpServer pid=1975510)[0m (Worker pid=1976330) WARNING 08-30 05:50:58 [model_manager.py:401] Regarding Qwen3VLForConditionalGeneration, no matching PunicaWrapper is found; visual.blocks.6.attn.proj will be ignored.
[36m(vLLMHttpServer pid=1975510)[0m (Worker pid=1976330) WARNING 08-30 05:50:58 [model_manager.py:401] Regarding Qwen3VLForConditionalGeneration, no matching PunicaWrapper is found; visual.blocks.6.mlp.linear_fc1 will be ignored.
[36m(vLLMHttpServer pid=1975510)[0m (Worker pid=1976330) WARNING 08-30 05:50:58 [model_manager.py:401] Regarding Qwen3VLForConditionalGeneration, no matching PunicaWrapper is found; visual.blocks.6.mlp.linear_fc2 will be ignored.
[36m(vLLMHttpServer pid=1975510)[0m (Worker pid=1976330) WARNING 08-30 05:50:58 [model_manager.py:401] Regarding Qwen3VLForConditionalGeneration, no matching PunicaWrapper is found; visual.blocks.7.attn.qkv will be ignored.
[36m(vLLMHttpServer pid=1975510)[0m (Worker pid=1976330) WARNING 08-30 05:50:58 [model_manager.py:401] Regarding Qwen3VLForConditionalGeneration, no matching PunicaWrapper is found; visual.blocks.7.attn.proj will be ignored.
[36m(vLLMHttpServer pid=1975510)[0m (Worker pid=1976330) WARNING 08-30 05:50:58 [model_manager.py:401] Regarding Qwen3VLForConditionalGeneration, no matching PunicaWrapper is found; visual.blocks.7.mlp.linear_fc1 will be ignored.
[36m(vLLMHttpServer pid=1975510)[0m (Worker pid=1976330) WARNING 08-30 05:50:58 [model_manager.py:401] Regarding Qwen3VLForConditionalGeneration, no matching PunicaWrapper is found; visual.blocks.7.mlp.linear_fc2 will be ignored.
[36m(vLLMHttpServer pid=1975510)[0m (Worker pid=1976330) WARNING 08-30 05:50:58 [model_manager.py:401] Regarding Qwen3VLForConditionalGeneration, no matching PunicaWrapper is found; visual.blocks.8.attn.qkv will be ignored.
[36m(vLLMHttpServer pid=1975510)[0m (Worker pid=1976330) WARNING 08-30 05:50:58 [model_manager.py:401] Regarding Qwen3VLForConditionalGeneration, no matching PunicaWrapper is found; visual.blocks.8.attn.proj will be ignored.
[36m(vLLMHttpServer pid=1975510)[0m (Worker pid=1976330) WARNING 08-30 05:50:58 [model_manager.py:401] Regarding Qwen3VLForConditionalGeneration, no matching PunicaWrapper is found; visual.blocks.8.mlp.linear_fc1 will be ignored.
[36m(vLLMHttpServer pid=1975510)[0m (Worker pid=1976330) WARNING 08-30 05:50:58 [model_manager.py:401] Regarding Qwen3VLForConditionalGeneration, no matching PunicaWrapper is found; visual.blocks.8.mlp.linear_fc2 will be ignored.
[36m(vLLMHttpServer pid=1975510)[0m (Worker pid=1976330) WARNING 08-30 05:50:58 [model_manager.py:401] Regarding Qwen3VLForConditionalGeneration, no matching PunicaWrapper is found; visual.blocks.9.attn.qkv will be ignored.
[36m(vLLMHttpServer pid=1975510)[0m (Worker pid=1976330) WARNING 08-30 05:50:58 [model_manager.py:401] Regarding Qwen3VLForConditionalGeneration, no matching PunicaWrapper is found; visual.blocks.9.attn.proj will be ignored.
[36m(vLLMHttpServer pid=1975510)[0m (Worker pid=1976330) WARNING 08-30 05:50:58 [model_manager.py:401] Regarding Qwen3VLForConditionalGeneration, no matching PunicaWrapper is found; visual.blocks.9.mlp.linear_fc1 will be ignored.
[36m(vLLMHttpServer pid=1975510)[0m (Worker pid=1976330) WARNING 08-30 05:50:58 [model_manager.py:401] Regarding Qwen3VLForConditionalGeneration, no matching PunicaWrapper is found; visual.blocks.9.mlp.linear_fc2 will be ignored.
[36m(vLLMHttpServer pid=1975510)[0m (Worker pid=1976330) WARNING 08-30 05:50:58 [model_manager.py:401] Regarding Qwen3VLForConditionalGeneration, no matching PunicaWrapper is found; visual.blocks.10.attn.qkv will be ignored.
[36m(vLLMHttpServer pid=1975510)[0m (Worker pid=1976330) WARNING 08-30 05:50:58 [model_manager.py:401] Regarding Qwen3VLForConditionalGeneration, no matching PunicaWrapper is found; visual.blocks.10.attn.proj will be ignored.
[36m(vLLMHttpServer pid=1975510)[0m (Worker pid=1976330) WARNING 08-30 05:50:58 [model_manager.py:401] Regarding Qwen3VLForConditionalGeneration, no matching PunicaWrapper is found; visual.blocks.10.mlp.linear_fc1 will be ignored.
[36m(vLLMHttpServer pid=1975510)[0m (Worker pid=1976330) WARNING 08-30 05:50:58 [model_manager.py:401] Regarding Qwen3VLForConditionalGeneration, no matching PunicaWrapper is found; visual.blocks.10.mlp.linear_fc2 will be ignored.
[36m(vLLMHttpServer pid=1975510)[0m (Worker pid=1976330) WARNING 08-30 05:50:58 [model_manager.py:401] Regarding Qwen3VLForConditionalGeneration, no matching PunicaWrapper is found; visual.blocks.11.attn.qkv will be ignored.
[36m(vLLMHttpServer pid=1975510)[0m (Worker pid=1976330) WARNING 08-30 05:50:58 [model_manager.py:401] Regarding Qwen3VLForConditionalGeneration, no matching PunicaWrapper is found; visual.blocks.11.attn.proj will be ignored.
[36m(vLLMHttpServer pid=1975510)[0m (Worker pid=1976330) WARNING 08-30 05:50:58 [model_manager.py:401] Regarding Qwen3VLForConditionalGeneration, no matching PunicaWrapper is found; visual.blocks.11.mlp.linear_fc1 will be ignored.
[36m(vLLMHttpServer pid=1975510)[0m (Worker pid=1976330) WARNING 08-30 05:50:58 [model_manager.py:401] Regarding Qwen3VLForConditionalGeneration, no matching PunicaWrapper is found; visual.blocks.11.mlp.linear_fc2 will be ignored.
[36m(vLLMHttpServer pid=1975510)[0m (Worker pid=1976330) WARNING 08-30 05:50:58 [model_manager.py:401] Regarding Qwen3VLForConditionalGeneration, no matching PunicaWrapper is found; visual.blocks.12.attn.qkv will be ignored.
[36m(vLLMHttpServer pid=1975510)[0m (Worker pid=1976330) WARNING 08-30 05:50:58 [model_manager.py:401] Regarding Qwen3VLForConditionalGeneration, no matching PunicaWrapper is found; visual.blocks.12.attn.proj will be ignored.
[36m(vLLMHttpServer pid=1975510)[0m (Worker pid=1976330) WARNING 08-30 05:50:58 [model_manager.py:401] Regarding Qwen3VLForConditionalGeneration, no matching PunicaWrapper is found; visual.blocks.12.mlp.linear_fc1 will be ignored.
[36m(vLLMHttpServer pid=1975510)[0m (Worker pid=1976330) WARNING 08-30 05:50:58 [model_manager.py:401] Regarding Qwen3VLForConditionalGeneration, no matching PunicaWrapper is found; visual.blocks.12.mlp.linear_fc2 will be ignored.
[36m(vLLMHttpServer pid=1975510)[0m (Worker pid=1976330) WARNING 08-30 05:50:58 [model_manager.py:401] Regarding Qwen3VLForConditionalGeneration, no matching PunicaWrapper is found; visual.blocks.13.attn.qkv will be ignored.
[36m(vLLMHttpServer pid=1975510)[0m (Worker pid=1976330) WARNING 08-30 05:50:58 [model_manager.py:401] Regarding Qwen3VLForConditionalGeneration, no matching PunicaWrapper is found; visual.blocks.13.attn.proj will be ignored.
[36m(vLLMHttpServer pid=1975510)[0m (Worker pid=1976330) WARNING 08-30 05:50:58 [model_manager.py:401] Regarding Qwen3VLForConditionalGeneration, no matching PunicaWrapper is found; visual.blocks.13.mlp.linear_fc1 will be ignored.
[36m(vLLMHttpServer pid=1975510)[0m (Worker pid=1976330) WARNING 08-30 05:50:58 [model_manager.py:401] Regarding Qwen3VLForConditionalGeneration, no matching PunicaWrapper is found; visual.blocks.13.mlp.linear_fc2 will be ignored.
[36m(vLLMHttpServer pid=1975510)[0m (Worker pid=1976330) WARNING 08-30 05:50:58 [model_manager.py:401] Regarding Qwen3VLForConditionalGeneration, no matching PunicaWrapper is found; visual.blocks.14.attn.qkv will be ignored.
[36m(vLLMHttpServer pid=1975510)[0m (Worker pid=1976330) WARNING 08-30 05:50:58 [model_manager.py:401] Regarding Qwen3VLForConditionalGeneration, no matching PunicaWrapper is found; visual.blocks.14.attn.proj will be ignored.
[36m(vLLMHttpServer pid=1975510)[0m (Worker pid=1976330) WARNING 08-30 05:50:58 [model_manager.py:401] Regarding Qwen3VLForConditionalGeneration, no matching PunicaWrapper is found; visual.blocks.14.mlp.linear_fc1 will be ignored.
[36m(vLLMHttpServer pid=1975510)[0m (Worker pid=1976330) WARNING 08-30 05:50:58 [model_manager.py:401] Regarding Qwen3VLForConditionalGeneration, no matching PunicaWrapper is found; visual.blocks.14.mlp.linear_fc2 will be ignored.
[36m(vLLMHttpServer pid=1975510)[0m (Worker pid=1976330) WARNING 08-30 05:50:58 [model_manager.py:401] Regarding Qwen3VLForConditionalGeneration, no matching PunicaWrapper is found; visual.blocks.15.attn.qkv will be ignored.
[36m(vLLMHttpServer pid=1975510)[0m (Worker pid=1976330) WARNING 08-30 05:50:58 [model_manager.py:401] Regarding Qwen3VLForConditionalGeneration, no matching PunicaWrapper is found; visual.blocks.15.attn.proj will be ignored.
[36m(vLLMHttpServer pid=1975510)[0m (Worker pid=1976330) WARNING 08-30 05:50:58 [model_manager.py:401] Regarding Qwen3VLForConditionalGeneration, no matching PunicaWrapper is found; visual.blocks.15.mlp.linear_fc1 will be ignored.
[36m(vLLMHttpServer pid=1975510)[0m (Worker pid=1976330) WARNING 08-30 05:50:58 [model_manager.py:401] Regarding Qwen3VLForConditionalGeneration, no matching PunicaWrapper is found; visual.blocks.15.mlp.linear_fc2 will be ignored.
[36m(vLLMHttpServer pid=1975510)[0m (Worker pid=1976330) WARNING 08-30 05:50:58 [model_manager.py:401] Regarding Qwen3VLForConditionalGeneration, no matching PunicaWrapper is found; visual.blocks.16.attn.qkv will be ignored.
[36m(vLLMHttpServer pid=1975510)[0m (Worker pid=1976330) WARNING 08-30 05:50:58 [model_manager.py:401] Regarding Qwen3VLForConditionalGeneration, no matching PunicaWrapper is found; visual.blocks.16.attn.proj will be ignored.
[36m(vLLMHttpServer pid=1975510)[0m (Worker pid=1976330) WARNING 08-30 05:50:58 [model_manager.py:401] Regarding Qwen3VLForConditionalGeneration, no matching PunicaWrapper is found; visual.blocks.16.mlp.linear_fc1 will be ignored.
[36m(vLLMHttpServer pid=1975510)[0m (Worker pid=1976330) WARNING 08-30 05:50:58 [model_manager.py:401] Regarding Qwen3VLForConditionalGeneration, no matching PunicaWrapper is found; visual.blocks.16.mlp.linear_fc2 will be ignored.
[36m(vLLMHttpServer pid=1975510)[0m (Worker pid=1976330) WARNING 08-30 05:50:58 [model_manager.py:401] Regarding Qwen3VLForConditionalGeneration, no matching PunicaWrapper is found; visual.blocks.17.attn.qkv will be ignored.
[36m(vLLMHttpServer pid=1975510)[0m (Worker pid=1976330) WARNING 08-30 05:50:58 [model_manager.py:401] Regarding Qwen3VLForConditionalGeneration, no matching PunicaWrapper is found; visual.blocks.17.attn.proj will be ignored.[36m(vLLMHttpServer pid=1975510)[0m (Worker pid=1976330) Capturing CUDA graphs (mixed prefill-decode, PIECEWISE):   0%|          | 0/102 [00:00<?, ?it/s]
[36m(vLLMHttpServer pid=1975510)[0m Capturing CUDA graphs (mixed prefill-decode, PIECEWISE):   1%|          | 1/102 [00:00<00:15,  6.41it/s]
[36m(vLLMHttpServer pid=1975510)[0m Capturing CUDA graphs (mixed prefill-decode, PIECEWISE):   3%|▎         | 3/102 [00:00<00:08, 11.14it/s]
[36m(vLLMHttpServer pid=1975510)[0m Capturing CUDA graphs (mixed prefill-decode, PIECEWISE):   5%|▍         | 5/102 [00:00<00:07, 12.79it/s]
[36m(vLLMHttpServer pid=1975510)[0m Capturing CUDA graphs (mixed prefill-decode, PIECEWISE):   7%|▋         | 7/102 [00:00<00:07, 13.48it/s]
[36m(vLLMHttpServer pid=1975510)[0m Capturing CUDA graphs (mixed prefill-decode, PIECEWISE):   9%|▉         | 9/102 [00:00<00:06, 13.91it/s]
[36m(vLLMHttpServer pid=1975510)[0m Capturing CUDA graphs (mixed prefill-decode, PIECEWISE):  11%|█         | 11/102 [00:00<00:06, 13.98it/s]
[36m(vLLMHttpServer pid=1975510)[0m Capturing CUDA graphs (mixed prefill-decode, PIECEWISE):  13%|█▎        | 13/102 [00:00<00:06, 14.13it/s]
[36m(vLLMHttpServer pid=1975510)[0m Capturing CUDA graphs (mixed prefill-decode, PIECEWISE):  15%|█▍        | 15/102 [00:01<00:06, 14.26it/s]
[36m(vLLMHttpServer pid=1975510)[0m Capturing CUDA graphs (mixed prefill-decode, PIECEWISE):  17%|█▋        | 17/102 [00:01<00:05, 14.31it/s]
[36m(vLLMHttpServer pid=1975510)[0m Capturing CUDA graphs (mixed prefill-decode, PIECEWISE):  19%|█▊        | 19/102 [00:01<00:05, 14.40it/s]
[36m(vLLMHttpServer pid=1975510)[0m Capturing CUDA graphs (mixed prefill-decode, PIECEWISE):  21%|██        | 21/102 [00:01<00:05, 14.48it/s]
[36m(vLLMHttpServer pid=1975510)[0m Capturing CUDA graphs (mixed prefill-decode, PIECEWISE):  23%|██▎       | 23/102 [00:01<00:05, 14.55it/s]
[36m(vLLMHttpServer pid=1975510)[0m Capturing CUDA graphs (mixed prefill-decode, PIECEWISE):  25%|██▍       | 25/102 [00:01<00:05, 14.54it/s]
[36m(vLLMHttpServer pid=1975510)[0m Capturing CUDA graphs (mixed prefill-decode, PIECEWISE):  26%|██▋       | 27/102 [00:01<00:05, 14.61it/s]
[36m(vLLMHttpServer pid=1975510)[0m Capturing CUDA graphs (mixed prefill-decode, PIECEWISE):  28%|██▊       | 29/102 [00:02<00:05, 14.28it/s]
[36m(vLLMHttpServer pid=1975510)[0m Capturing CUDA graphs (mixed prefill-decode, PIECEWISE):  30%|███       | 31/102 [00:02<00:04, 14.33it/s]
[36m(vLLMHttpServer pid=1975510)[0m Capturing CUDA graphs (mixed prefill-decode, PIECEWISE):  32%|███▏      | 33/102 [00:02<00:04, 14.42it/s]
[36m(vLLMHttpServer pid=1975510)[0m Capturing CUDA graphs (mixed prefill-decode, PIECEWISE):  34%|███▍      | 35/102 [00:02<00:04, 14.21it/s]
[36m(vLLMHttpServer pid=1975510)[0m Capturing CUDA graphs (mixed prefill-decode, PIECEWISE):  36%|███▋      | 37/102 [00:02<00:04, 14.30it/s]
[36m(vLLMHttpServer pid=1975510)[0m Capturing CUDA graphs (mixed prefill-decode, PIECEWISE):  38%|███▊      | 39/102 [00:02<00:04, 14.33it/s]
[36m(vLLMHttpServer pid=1975510)[0m Capturing CUDA graphs (mixed prefill-decode, PIECEWISE):  40%|████      | 41/102 [00:02<00:04, 14.43it/s]
[36m(vLLMHttpServer pid=1975510)[0m Capturing CUDA graphs (mixed prefill-decode, PIECEWISE):  42%|████▏     | 43/102 [00:03<00:04, 14.47it/s]
[36m(vLLMHttpServer pid=1975510)[0m Capturing CUDA graphs (mixed prefill-decode, PIECEWISE):  44%|████▍     | 45/102 [00:03<00:03, 14.46it/s]
[36m(vLLMHttpServer pid=1975510)[0m Capturing CUDA graphs (mixed prefill-decode, PIECEWISE):  46%|████▌     | 47/102 [00:03<00:03, 14.43it/s]
[36m(vLLMHttpServer pid=1975510)[0m Capturing CUDA graphs (mixed prefill-decode, PIECEWISE):  48%|████▊     | 49/102 [00:03<00:03, 14.40it/s]
[36m(vLLMHttpServer pid=1975510)[0m Capturing CUDA graphs (mixed prefill-decode, PIECEWISE):  50%|█████     | 51/102 [00:03<00:03, 14.36it/s]
[36m(vLLMHttpServer pid=1975510)[0m Capturing CUDA graphs (mixed prefill-decode, PIECEWISE):  52%|█████▏    | 53/102 [00:03<00:03, 14.33it/s]
[36m(vLLMHttpServer pid=1975510)[0m Capturing CUDA graphs (mixed prefill-decode, PIECEWISE):  54%|█████▍    | 55/102 [00:03<00:03, 14.33it/s]
[36m(vLLMHttpServer pid=1975510)[0m Capturing CUDA graphs (mixed prefill-decode, PIECEWISE):  56%|█████▌    | 57/102 [00:04<00:03, 14.33it/s]
[36m(vLLMHttpServer pid=1975510)[0m Capturing CUDA graphs (mixed prefill-decode, PIECEWISE):  58%|█████▊    | 59/102 [00:04<00:03, 14.32it/s]
[36m(vLLMHttpServer pid=1975510)[0m Capturing CUDA graphs (mixed prefill-decode, PIECEWISE):  60%|█████▉    | 61/102 [00:04<00:02, 14.31it/s]
[36m(vLLMHttpServer pid=1975510)[0m Capturing CUDA graphs (mixed prefill-decode, PIECEWISE):  62%|██████▏   | 63/102 [00:04<00:02, 14.16it/s]
[36m(vLLMHttpServer pid=1975510)[0m Capturing CUDA graphs (mixed prefill-decode, PIECEWISE):  64%|██████▎   | 65/102 [00:04<00:02, 14.11it/s]
[36m(vLLMHttpServer pid=1975510)[0m Capturing CUDA graphs (mixed prefill-decode, PIECEWISE):  66%|██████▌   | 67/102 [00:04<00:02, 13.94it/s]
[36m(vLLMHttpServer pid=1975510)[0m Capturing CUDA graphs (mixed prefill-decode, PIECEWISE):  68%|██████▊   | 69/102 [00:04<00:02, 13.83it/s]
[36m(vLLMHttpServer pid=1975510)[0m Capturing CUDA graphs (mixed prefill-decode, PIECEWISE):  70%|██████▉   | 71/102 [00:05<00:02, 13.88it/s]
[36m(vLLMHttpServer pid=1975510)[0m Capturing CUDA graphs (mixed prefill-decode, PIECEWISE):  72%|███████▏  | 73/102 [00:05<00:02, 13.97it/s]
[36m(vLLMHttpServer pid=1975510)[0m Capturing CUDA graphs (mixed prefill-decode, PIECEWISE):  74%|███████▎  | 75/102 [00:05<00:01, 13.96it/s]
[36m(vLLMHttpServer pid=1975510)[0m Capturing CUDA graphs (mixed prefill-decode, PIECEWISE):  75%|███████▌  | 77/102 [00:05<00:01, 14.02it/s]
[36m(vLLMHttpServer pid=1975510)[0m Capturing CUDA graphs (mixed prefill-decode, PIECEWISE):  77%|███████▋  | 79/102 [00:05<00:01, 14.01it/s]
[36m(vLLMHttpServer pid=1975510)[0m Capturing CUDA graphs (mixed prefill-decode, PIECEWISE):  79%|███████▉  | 81/102 [00:05<00:01, 14.02it/s]
[36m(vLLMHttpServer pid=1975510)[0m Capturing CUDA graphs (mixed prefill-decode, PIECEWISE):  81%|████████▏ | 83/102 [00:05<00:01, 14.02it/s]
[36m(vLLMHttpServer pid=1975510)[0m Capturing CUDA graphs (mixed prefill-decode, PIECEWISE):  83%|████████▎ | 85/102 [00:06<00:01, 14.04it/s]
[36m(vLLMHttpServer pid=1975510)[0m Capturing CUDA graphs (mixed prefill-decode, PIECEWISE):  85%|████████▌ | 87/102 [00:06<00:01, 14.02it/s]
[36m(vLLMHttpServer pid=1975510)[0m Capturing CUDA graphs (mixed prefill-decode, PIECEWISE):  87%|████████▋ | 89/102 [00:06<00:00, 14.04it/s]
[36m(vLLMHttpServer pid=1975510)[0m Capturing CUDA graphs (mixed prefill-decode, PIECEWISE):  89%|████████▉ | 91/102 [00:06<00:00, 14.10it/s]
[36m(vLLMHttpServer pid=1975510)[0m Capturing CUDA graphs (mixed prefill-decode, PIECEWISE):  91%|█████████ | 93/102 [00:06<00:00, 14.11it/s]
[36m(vLLMHttpServer pid=1975510)[0m Capturing CUDA graphs (mixed prefill-decode, PIECEWISE):  93%|█████████▎| 95/102 [00:06<00:00, 13.90it/s]
[36m(vLLMHttpServer pid=1975510)[0m Capturing CUDA graphs (mixed prefill-decode, PIECEWISE):  95%|█████████▌| 97/102 [00:06<00:00, 13.91it/s]
[36m(vLLMHttpServer pid=1975510)[0m Capturing CUDA graphs (mixed prefill-decode, PIECEWISE):  97%|█████████▋| 99/102 [00:07<00:00, 13.37it/s]
[36m(vLLMHttpServer pid=1975510)[0m Capturing CUDA graphs (mixed prefill-decode, PIECEWISE):  99%|█████████▉| 101/102 [00:07<00:00, 12.82it/s]Capturing CUDA graphs (mixed prefill-decode, PIECEWISE): 100%|██████████| 102/102 [00:07<00:00, 14.01it/s]
[36m(vLLMHttpServer pid=1975510)[0m (Worker pid=1976330) Capturing CUDA graphs (decode, FULL):   0%|          | 0/70 [00:00<?, ?it/s]
[36m(vLLMHttpServer pid=1975510)[0m Capturing CUDA graphs (decode, FULL):   1%|▏         | 1/70 [00:00<00:10,  6.64it/s]
[36m(vLLMHttpServer pid=1975510)[0m Capturing CUDA graphs (decode, FULL):   4%|▍         | 3/70 [00:00<00:05, 11.44it/s]
[36m(vLLMHttpServer pid=1975510)[0m Capturing CUDA graphs (decode, FULL):   7%|▋         | 5/70 [00:00<00:04, 13.13it/s]
[36m(vLLMHttpServer pid=1975510)[0m Capturing CUDA graphs (decode, FULL):  10%|█         | 7/70 [00:00<00:04, 13.96it/s]
[36m(vLLMHttpServer pid=1975510)[0m Capturing CUDA graphs (decode, FULL):  13%|█▎        | 9/70 [00:00<00:04, 14.38it/s]
[36m(vLLMHttpServer pid=1975510)[0m Capturing CUDA graphs (decode, FULL):  16%|█▌        | 11/70 [00:00<00:04, 14.73it/s]
[36m(vLLMHttpServer pid=1975510)[0m Capturing CUDA graphs (decode, FULL):  19%|█▊        | 13/70 [00:00<00:03, 14.96it/s]
[36m(vLLMHttpServer pid=1975510)[0m Capturing CUDA graphs (decode, FULL):  21%|██▏       | 15/70 [00:01<00:03, 15.10it/s]
[36m(vLLMHttpServer pid=1975510)[0m Capturing CUDA graphs (decode, FULL):  24%|██▍       | 17/70 [00:01<00:03, 15.16it/s]
[36m(vLLMHttpServer pid=1975510)[0m Capturing CUDA graphs (decode, FULL):  27%|██▋       | 19/70 [00:01<00:03, 15.15it/s]
[36m(vLLMHttpServer pid=1975510)[0m Capturing CUDA graphs (decode, FULL):  30%|███       | 21/70 [00:01<00:03, 15.16it/s]
[36m(vLLMHttpServer pid=1975510)[0m Capturing CUDA graphs (decode, FULL):  33%|███▎      | 23/70 [00:01<00:03, 15.05it/s]
[36m(vLLMHttpServer pid=1975510)[0m Capturing CUDA graphs (decode, FULL):  36%|███▌      | 25/70 [00:01<00:02, 15.09it/s]
[36m(vLLMHttpServer pid=1975510)[0m Capturing CUDA graphs (decode, FULL):  39%|███▊      | 27/70 [00:01<00:02, 15.14it/s]
[36m(vLLMHttpServer pid=1975510)[0m Capturing CUDA graphs (decode, FULL):  41%|████▏     | 29/70 [00:01<00:02, 15.12it/s]
[36m(vLLMHttpServer pid=1975510)[0m Capturing CUDA graphs (decode, FULL):  44%|████▍     | 31/70 [00:02<00:02, 15.19it/s]
[36m(vLLMHttpServer pid=1975510)[0m Capturing CUDA graphs (decode, FULL):  47%|████▋     | 33/70 [00:02<00:02, 15.22it/s]
[36m(vLLMHttpServer pid=1975510)[0m Capturing CUDA graphs (decode, FULL):  50%|█████     | 35/70 [00:02<00:02, 15.20it/s]
[36m(vLLMHttpServer pid=1975510)[0m Capturing CUDA graphs (decode, FULL):  53%|█████▎    | 37/70 [00:02<00:02, 15.18it/s]
[36m(vLLMHttpServer pid=1975510)[0m Capturing CUDA graphs (decode, FULL):  56%|█████▌    | 39/70 [00:02<00:02, 15.06it/s]
[36m(vLLMHttpServer pid=1975510)[0m Capturing CUDA graphs (decode, FULL):  59%|█████▊    | 41/70 [00:02<00:01, 15.10it/s]
[36m(vLLMHttpServer pid=1975510)[0m Capturing CUDA graphs (decode, FULL):  61%|██████▏   | 43/70 [00:02<00:01, 15.17it/s]
[36m(vLLMHttpServer pid=1975510)[0m Capturing CUDA graphs (decode, FULL):  64%|██████▍   | 45/70 [00:03<00:01, 15.21it/s]
[36m(vLLMHttpServer pid=1975510)[0m Capturing CUDA graphs (decode, FULL):  67%|██████▋   | 47/70 [00:03<00:01, 15.26it/s]
[36m(vLLMHttpServer pid=1975510)[0m Capturing CUDA graphs (decode, FULL):  70%|███████   | 49/70 [00:03<00:01, 15.22it/s]
[36m(vLLMHttpServer pid=1975510)[0m Capturing CUDA graphs (decode, FULL):  73%|███████▎  | 51/70 [00:03<00:01, 15.26it/s]
[36m(vLLMHttpServer pid=1975510)[0m Capturing CUDA graphs (decode, FULL):  76%|███████▌  | 53/70 [00:03<00:01, 15.31it/s]
[36m(vLLMHttpServer pid=1975510)[0m Capturing CUDA graphs (decode, FULL):  79%|███████▊  | 55/70 [00:03<00:00, 15.36it/s]
[36m(vLLMHttpServer pid=1975510)[0m Capturing CUDA graphs (decode, FULL):  81%|████████▏ | 57/70 [00:03<00:00, 15.32it/s]
[36m(vLLMHttpServer pid=1975510)[0m Capturing CUDA graphs (decode, FULL):  84%|████████▍ | 59/70 [00:03<00:00, 15.25it/s]
[36m(vLLMHttpServer pid=1975510)[0m Capturing CUDA graphs (decode, FULL):  87%|████████▋ | 61/70 [00:04<00:00, 15.17it/s]
[36m(vLLMHttpServer pid=1975510)[0m Capturing CUDA graphs (decode, FULL):  90%|█████████ | 63/70 [00:04<00:00, 15.29it/s]
[36m(vLLMHttpServer pid=1975510)[0m Capturing CUDA graphs (decode, FULL):  93%|█████████▎| 65/70 [00:04<00:00, 15.33it/s]
[36m(vLLMHttpServer pid=1975510)[0m Capturing CUDA graphs (decode, FULL):  96%|█████████▌| 67/70 [00:04<00:00, 15.32it/s]
[36m(vLLMHttpServer pid=1975510)[0m Capturing CUDA graphs (decode, FULL):  99%|█████████▊| 69/70 [00:04<00:00, 15.25it/s]
[36m(vLLMHttpServer pid=1975510)[0m Capturing CUDA graphs (decode, FULL): 100%|██████████| 70/70 [00:04<00:00, 15.03it/s]
[36m(vLLMHttpServer pid=1975510)[0m (EngineCore pid=1976226) [transformers] The `use_fast` parameter is deprecated and will be removed in a future version. Use `backend="torchvision"` instead of `use_fast=True`, or `backend="pil"` instead of `use_fast=False`.

[36m(vLLMHttpServer pid=1975510)[0m (Worker pid=1976330) WARNING 08-30 05:50:58 [model_manager.py:401] Regarding Qwen3VLForConditionalGeneration, no matching PunicaWrapper is found; visual.blocks.17.mlp.linear_fc1 will be ignored.
[36m(vLLMHttpServer pid=1975510)[0m (Worker pid=1976330) WARNING 08-30 05:50:58 [model_manager.py:401] Regarding Qwen3VLForConditionalGeneration, no matching PunicaWrapper is found; visual.blocks.17.mlp.linear_fc2 will be ignored.
[36m(vLLMHttpServer pid=1975510)[0m (Worker pid=1976330) WARNING 08-30 05:50:58 [model_manager.py:401] Regarding Qwen3VLForConditionalGeneration, no matching PunicaWrapper is found; visual.blocks.18.attn.qkv will be ignored.
[36m(vLLMHttpServer pid=1975510)[0m (Worker pid=1976330) WARNING 08-30 05:50:58 [model_manager.py:401] Regarding Qwen3VLForConditionalGeneration, no matching PunicaWrapper is found; visual.blocks.18.attn.proj will be ignored.
[36m(vLLMHttpServer pid=1975510)[0m (Worker pid=1976330) WARNING 08-30 05:50:58 [model_manager.py:401] Regarding Qwen3VLForConditionalGeneration, no matching PunicaWrapper is found; visual.blocks.18.mlp.linear_fc1 will be ignored.
[36m(vLLMHttpServer pid=1975510)[0m (Worker pid=1976330) WARNING 08-30 05:50:58 [model_manager.py:401] Regarding Qwen3VLForConditionalGeneration, no matching PunicaWrapper is found; visual.blocks.18.mlp.linear_fc2 will be ignored.
[36m(vLLMHttpServer pid=1975510)[0m (Worker pid=1976330) WARNING 08-30 05:50:58 [model_manager.py:401] Regarding Qwen3VLForConditionalGeneration, no matching PunicaWrapper is found; visual.blocks.19.attn.qkv will be ignored.
[36m(vLLMHttpServer pid=1975510)[0m (Worker pid=1976330) WARNING 08-30 05:50:58 [model_manager.py:401] Regarding Qwen3VLForConditionalGeneration, no matching PunicaWrapper is found; visual.blocks.19.attn.proj will be ignored.
[36m(vLLMHttpServer pid=1975510)[0m (Worker pid=1976330) WARNING 08-30 05:50:58 [model_manager.py:401] Regarding Qwen3VLForConditionalGeneration, no matching PunicaWrapper is found; visual.blocks.19.mlp.linear_fc1 will be ignored.
[36m(vLLMHttpServer pid=1975510)[0m (Worker pid=1976330) WARNING 08-30 05:50:58 [model_manager.py:401] Regarding Qwen3VLForConditionalGeneration, no matching PunicaWrapper is found; visual.blocks.19.mlp.linear_fc2 will be ignored.
[36m(vLLMHttpServer pid=1975510)[0m (Worker pid=1976330) WARNING 08-30 05:50:58 [model_manager.py:401] Regarding Qwen3VLForConditionalGeneration, no matching PunicaWrapper is found; visual.blocks.20.attn.qkv will be ignored.
[36m(vLLMHttpServer pid=1975510)[0m (Worker pid=1976330) WARNING 08-30 05:50:58 [model_manager.py:401] Regarding Qwen3VLForConditionalGeneration, no matching PunicaWrapper is found; visual.blocks.20.attn.proj will be ignored.
[36m(vLLMHttpServer pid=1975510)[0m (Worker pid=1976330) WARNING 08-30 05:50:58 [model_manager.py:401] Regarding Qwen3VLForConditionalGeneration, no matching PunicaWrapper is found; visual.blocks.20.mlp.linear_fc1 will be ignored.
[36m(vLLMHttpServer pid=1975510)[0m (Worker pid=1976330) WARNING 08-30 05:50:58 [model_manager.py:401] Regarding Qwen3VLForConditionalGeneration, no matching PunicaWrapper is found; visual.blocks.20.mlp.linear_fc2 will be ignored.
[36m(vLLMHttpServer pid=1975510)[0m (Worker pid=1976330) WARNING 08-30 05:50:58 [model_manager.py:401] Regarding Qwen3VLForConditionalGeneration, no matching PunicaWrapper is found; visual.blocks.21.attn.qkv will be ignored.
[36m(vLLMHttpServer pid=1975510)[0m (Worker pid=1976330) WARNING 08-30 05:50:58 [model_manager.py:401] Regarding Qwen3VLForConditionalGeneration, no matching PunicaWrapper is found; visual.blocks.21.attn.proj will be ignored.
[36m(vLLMHttpServer pid=1975510)[0m (Worker pid=1976330) WARNING 08-30 05:50:58 [model_manager.py:401] Regarding Qwen3VLForConditionalGeneration, no matching PunicaWrapper is found; visual.blocks.21.mlp.linear_fc1 will be ignored.
[36m(vLLMHttpServer pid=1975510)[0m (Worker pid=1976330) WARNING 08-30 05:50:58 [model_manager.py:401] Regarding Qwen3VLForConditionalGeneration, no matching PunicaWrapper is found; visual.blocks.21.mlp.linear_fc2 will be ignored.
[36m(vLLMHttpServer pid=1975510)[0m (Worker pid=1976330) WARNING 08-30 05:50:58 [model_manager.py:401] Regarding Qwen3VLForConditionalGeneration, no matching PunicaWrapper is found; visual.blocks.22.attn.qkv will be ignored.
[36m(vLLMHttpServer pid=1975510)[0m (Worker pid=1976330) WARNING 08-30 05:50:58 [model_manager.py:401] Regarding Qwen3VLForConditionalGeneration, no matching PunicaWrapper is found; visual.blocks.22.attn.proj will be ignored.
[36m(vLLMHttpServer pid=1975510)[0m (Worker pid=1976330) WARNING 08-30 05:50:58 [model_manager.py:401] Regarding Qwen3VLForConditionalGeneration, no matching PunicaWrapper is found; visual.blocks.22.mlp.linear_fc1 will be ignored.
[36m(vLLMHttpServer pid=1975510)[0m (Worker pid=1976330) WARNING 08-30 05:50:58 [model_manager.py:401] Regarding Qwen3VLForConditionalGeneration, no matching PunicaWrapper is found; visual.blocks.22.mlp.linear_fc2 will be ignored.
[36m(vLLMHttpServer pid=1975510)[0m (Worker pid=1976330) WARNING 08-30 05:50:58 [model_manager.py:401] Regarding Qwen3VLForConditionalGeneration, no matching PunicaWrapper is found; visual.blocks.23.attn.qkv will be ignored.
[36m(vLLMHttpServer pid=1975510)[0m (Worker pid=1976330) WARNING 08-30 05:50:58 [model_manager.py:401] Regarding Qwen3VLForConditionalGeneration, no matching PunicaWrapper is found; visual.blocks.23.attn.proj will be ignored.
[36m(vLLMHttpServer pid=1975510)[0m (Worker pid=1976330) WARNING 08-30 05:50:58 [model_manager.py:401] Regarding Qwen3VLForConditionalGeneration, no matching PunicaWrapper is found; visual.blocks.23.mlp.linear_fc1 will be ignored.
[36m(vLLMHttpServer pid=1975510)[0m (Worker pid=1976330) WARNING 08-30 05:50:58 [model_manager.py:401] Regarding Qwen3VLForConditionalGeneration, no matching PunicaWrapper is found; visual.blocks.23.mlp.linear_fc2 will be ignored.
[36m(vLLMHttpServer pid=1975510)[0m (Worker pid=1976330) WARNING 08-30 05:51:18 [utils.py:279] Using default LoRA kernel configs
[36m(vLLMHttpServer pid=1975510)[0m WARNING 08-30 05:51:38 [api_router.py:30] LoRA dynamic loading & unloading is enabled in the API server. This should ONLY be used for local development!
[36m(vLLMHttpServer pid=1975510)[0m WARNING 08-30 05:51:38 [model.py:1477] Default vLLM sampling parameters have been overridden by the model's `generation_config.json`: `{'repetition_penalty': 1.0, 'temperature': 1.0, 'top_k': -1, 'top_p': 1, 'max_tokens': 16384}`. If this is not intended, please relaunch vLLM instance with `--generation-config vllm`.
[36m(TaskRunner pid=1974692)[0m LLMServerManager: ['10.110.2.5:39591']
[36m(TaskRunner pid=1974692)[0m Saving tensorboard log to /home/yw4636/agentic-tvg/results/grpo-vanilla/tb.
[36m(TaskRunner pid=1974692)[0m Found checkpoint: %s /home/yw4636/agentic-tvg/results/grpo-vanilla/ckpt/global_step_240
[36m(TaskRunner pid=1974692)[0m Load from checkpoint folder: /home/yw4636/agentic-tvg/results/grpo-vanilla/ckpt/global_step_240
[36m(TaskRunner pid=1974692)[0m Setting global step to 240
[36m(TaskRunner pid=1974692)[0m Resuming from /home/yw4636/agentic-tvg/results/grpo-vanilla/ckpt/global_step_240
[36m(AgentLoopWorker pid=1977310)[0m Using dataset class: RLHFDataset
[36m(AgentLoopWorker pid=1977310)[0m {
[36m(AgentLoopWorker pid=1977310)[0m   "type": "function",
[36m(AgentLoopWorker pid=1977310)[0m   "function": {
[36m(AgentLoopWorker pid=1977310)[0m     "name": "crop_video",
[36m(AgentLoopWorker pid=1977310)[0m     "description": "Inspect a time interval of the current video closely: returns 30 higher-resolution frames sampled evenly from [start_time, end_time], each labeled with its timestamp in seconds.",
[36m(AgentLoopWorker pid=1977310)[0m     "parameters": {
[36m(AgentLoopWorker pid=1977310)[0m       "type": "object",
[36m(AgentLoopWorker pid=1977310)[0m       "properties": {
[36m(AgentLoopWorker pid=1977310)[0m         "start_time": {
[36m(AgentLoopWorker pid=1977310)[0m           "type": "number",
[36m(AgentLoopWorker pid=1977310)[0m           "description": "Interval start in seconds, >= 0."[36m(WorkerDict pid=1975043)[0m INFO:2026-08-30 05:52:04,640:[Rank 0] Loaded model from /home/yw4636/agentic-tvg/results/grpo-vanilla/ckpt/global_step_240/actor/model_world_size_1_rank_0.pt
[36m(WorkerDict pid=1975043)[0m INFO:2026-08-30 05:52:04,974:[Rank 0] Loaded optimizer from /home/yw4636/agentic-tvg/results/grpo-vanilla/ckpt/global_step_240/actor/optim_world_size_1_rank_0.pt
[36m(WorkerDict pid=1975043)[0m INFO:2026-08-30 05:52:04,975:[Rank 0] Loaded rng from /home/yw4636/agentic-tvg/results/grpo-vanilla/ckpt/global_step_240/actor/extra_state_world_size_1_rank_0.pt
[36m(WorkerDict pid=1975043)[0m INFO:2026-08-30 05:52:04,975:[Rank 0] Loaded lr_scheduler from /home/yw4636/agentic-tvg/results/grpo-vanilla/ckpt/global_step_240/actor/extra_state_world_size_1_rank_0.pt
[36m(WorkerDict pid=1975043)[0m /home/yw4636/.conda/envs/verl/lib/python3.12/site-packages/verl/plugin/platform/platform_cuda.py:99: FutureWarning: torch.cuda._set_allocator_settings is deprecated. Use torch._C._accelerator_setAllocatorSettings instead.
[36m(WorkerDict pid=1975043)[0m   torch.cuda.memory._set_allocator_settings(settings)
[36m(WorkerDict pid=1975043)[0m /home/yw4636/.conda/envs/verl/lib/python3.12/site-packages/verl/plugin/platform/platform_cuda.py:99: FutureWarning: torch.cuda._set_allocator_settings is deprecated. Use torch._C._accelerator_setAllocatorSettings instead.
[36m(WorkerDict pid=1975043)[0m   torch.cuda.memory._set_allocator_settings(settings)
[36m(TaskRunner pid=1974692)[0m Training Progress:  90%|████████▉ | 240/267 [00:00<?, ?it/s]
[36m(AgentLoopWorker pid=1977313)[0m qwen-vl-utils using torchcodec to read video.
[36m(TaskRunner pid=1974692)[0m W0830 05:54:38.798000 1974692 site-packages/torch/fx/_symbolic_trace.py:53] is_fx_tracing will return true for both fx.symbolic_trace and torch.export. Please use is_fx_tracing_symbolic_tracing() for specifically fx.symbolic_trace or torch.compiler.is_compiling() for specifically torch.export/compile.
[36m(AgentLoopWorker pid=1977314)[0m qwen-vl-utils using torchcodec to read video.[32m [repeated 7x across cluster][0m
[36m(WorkerDict pid=1975043)[0m [rank0]:W0830 05:55:18.439000 1975043 site-packages/torch/fx/_symbolic_trace.py:53] is_fx_tracing will return true for both fx.symbolic_trace and torch.export. Please use is_fx_tracing_symbolic_tracing() for specifically fx.symbolic_trace or torch.compiler.is_compiling() for specifically torch.export/compile.
[36m(WorkerDict pid=1975043)[0m /home/yw4636/.conda/envs/verl/lib/python3.12/site-packages/verl/plugin/platform/platform_cuda.py:99: FutureWarning: torch.cuda._set_allocator_settings is deprecated. Use torch._C._accelerator_setAllocatorSettings instead.
[36m(WorkerDict pid=1975043)[0m   torch.cuda.memory._set_allocator_settings(settings)

[36m(AgentLoopWorker pid=1977310)[0m         },
[36m(AgentLoopWorker pid=1977310)[0m         "end_time": {
[36m(AgentLoopWorker pid=1977310)[0m           "type": "number",
[36m(AgentLoopWorker pid=1977310)[0m           "description": "Interval end in seconds, > start_time, <= video duration."
[36m(AgentLoopWorker pid=1977310)[0m         }
[36m(AgentLoopWorker pid=1977310)[0m       },
[36m(AgentLoopWorker pid=1977310)[0m       "required": [
[36m(AgentLoopWorker pid=1977310)[0m         "start_time",
[36m(AgentLoopWorker pid=1977310)[0m         "end_time"
[36m(AgentLoopWorker pid=1977310)[0m       ]
[36m(AgentLoopWorker pid=1977310)[0m     }
[36m(AgentLoopWorker pid=1977310)[0m   }
[36m(AgentLoopWorker pid=1977310)[0m }
[36m(vLLMHttpServer pid=1975510)[0m WARNING 08-30 05:52:25 [input_processor.py:157] vLLM has deprecated support for supporting different tokenizers for different LoRAs. By default, vLLM uses base model's tokenizer. If you are using a LoRA with its own tokenizer, consider specifying `--tokenizer [lora_path]` to use the LoRA tokenizer.
[36m(vLLMHttpServer pid=1975510)[0m WARNING 08-30 05:52:25 [input_processor.py:282] Passing raw prompts to InputProcessor is deprecated and will be removed in v0.18. You should instead pass the outputs of Renderer.render_cmpl() or Renderer.render_chat().
[36m(AgentLoopWorker pid=1977314)[0m Using dataset class: RLHFDataset[32m [repeated 7x across cluster] (Ray deduplicates logs by default. Set RAY_DEDUP_LOGS=0 to disable log deduplication, or see https://docs.ray.io/en/master/ray-observability/user-guides/configure-logging.html#log-deduplication for more options.)[0m
[36m(AgentLoopWorker pid=1977309)[0m {[32m [repeated 7x across cluster][0m
[36m(AgentLoopWorker pid=1977309)[0m   "type": "function",[32m [repeated 7x across cluster][0m
[36m(AgentLoopWorker pid=1977309)[0m   "function": {[32m [repeated 7x across cluster][0m
[36m(AgentLoopWorker pid=1977309)[0m     "name": "crop_video",[32m [repeated 7x across cluster][0m
[36m(AgentLoopWorker pid=1977309)[0m     "description": "Inspect a time interval of the current video closely: returns 30 higher-resolution frames sampled evenly from [start_time, end_time], each labeled with its timestamp in seconds.",[32m [repeated 7x across cluster][0m
[36m(AgentLoopWorker pid=1977309)[0m     "parameters": {[32m [repeated 7x across cluster][0m
[36m(AgentLoopWorker pid=1977309)[0m       "type": "object",[32m [repeated 7x across cluster][0m
[36m(AgentLoopWorker pid=1977309)[0m       "properties": {[32m [repeated 7x across cluster][0m
[36m(AgentLoopWorker pid=1977309)[0m         "start_time": {[32m [repeated 7x across cluster][0m
[36m(AgentLoopWorker pid=1977309)[0m           "type": "number",[32m [repeated 14x across cluster][0m
[36m(AgentLoopWorker pid=1977309)[0m           "description": "Interval start in seconds, >= 0."[32m [repeated 7x across cluster][0m
[36m(AgentLoopWorker pid=1977309)[0m       },[32m [repeated 14x across cluster][0m
[36m(AgentLoopWorker pid=1977309)[0m         "end_time": {[32m [repeated 7x across cluster][0m
[36m(AgentLoopWorker pid=1977309)[0m           "description": "Interval end in seconds, > start_time, <= video duration."[32m [repeated 7x across cluster][0m
[36m(AgentLoopWorker pid=1977309)[0m }[32m [repeated 28x across cluster][0m
[36m(AgentLoopWorker pid=1977309)[0m       "required": [[32m [repeated 7x across cluster][0m
[36m(AgentLoopWorker pid=1977309)[0m         "start_time",[32m [repeated 7x across cluster][0m
[36m(AgentLoopWorker pid=1977309)[0m         "end_time"[32m [repeated 7x across cluster][0m
[36m(AgentLoopWorker pid=1977309)[0m       ][32m [repeated 7x across cluster][0m
[36m(vLLMHttpServer pid=1975510)[0m (Worker pid=1976330) WARNING 08-30 05:52:26 [jit_monitor.py:106] Triton kernel JIT compilation during inference: _compute_slot_mapping_kernel. This causes a latency spike; consider extending warmup to cover this shape/config.
[36m(vLLMHttpServer pid=1975510)[0m (Worker pid=1976330) WARNING 08-30 05:52:26 [jit_monitor.py:106] Triton kernel JIT compilation during inference: _bilinear_pos_embed_kernel. This causes a latency spike; consider extending warmup to cover this shape/config.
[36m(vLLMHttpServer pid=1975510)[0m (Worker pid=1976330) WARNING 08-30 05:52:26 [jit_monitor.py:106] Triton kernel JIT compilation during inference: rotary_kernel. This causes a latency spike; consider extending warmup to cover this shape/config.
[36m(vLLMHttpServer pid=1975510)[0m (Worker pid=1976330) WARNING 08-30 05:52:26 [jit_monitor.py:106] Triton kernel JIT compilation during inference: _lora_expand_kernel. This causes a latency spike; consider extending warmup to cover this shape/config.
[36m(TaskRunner pid=1974692)[0m Dumped generations to /home/yw4636/agentic-tvg/results/grpo-vanilla/rollouts/241.jsonl
[36m(TaskRunner pid=1974692)[0m step:241 - global_seqlen/min:926106 - global_seqlen/max:926106 - global_seqlen/minmax_diff:0 - global_seqlen/balanced_min:926106 - global_seqlen/balanced_max:926106 - global_seqlen/mean:926106.0 - actor/entropy:0.8389673233032227 - perf/mfu/actor_infer:0.29389661001420575 - training/rollout_probs_diff_valid:1 - training/rollout_probs_diff_max:0.689561128616333 - training/rollout_probs_diff_mean:0.010435035452246666 - training/rollout_probs_diff_std:0.01708260364830494 - training/rollout_actor_probs_pearson_corr:0.9984275698661804 - rollout_corr/training_ppl:2.3019919395446777 - rollout_corr/training_log_ppl:0.8210214376449585 - rollout_corr/kl:0.0030614868737757206 - rollout_corr/k3_kl:0.0032294420525431633 - rollout_corr/rollout_ppl:2.2945399284362793 - rollout_corr/rollout_log_ppl:0.8178855776786804 - rollout_corr/log_ppl_diff:0.003135812934488058 - rollout_corr/log_ppl_abs_diff:0.004112513270229101 - rollout_corr/log_ppl_diff_max:0.04190707206726074 - rollout_corr/log_ppl_diff_min:-0.005372941493988037 - rollout_corr/ppl_ratio:1.0031541585922241 - rollout_corr/chi2_token:0.006704568862915039 - rollout_corr/chi2_seq:1.6327788829803467 - actor/pg_clipfrac:np.float64(0.0) - actor/ppo_kl:np.float64(0.0) - actor/pg_clipfrac_lower:np.float64(0.0) - actor/pg_loss:np.float64(-0.005848160129971802) - actor/kl_loss:np.float64(0.011443425275501795) - actor/kl_coef:np.float64(0.0010000000000000002) - actor/loss:np.float64(-0.005836717784404755) - actor/grad_norm:np.float64(0.07501231133937836) - actor/lr:np.float64(1.2089376468790387e-06) - actor/perf/max_memory_allocated_gb:np.float64(39.04043626785278) - actor/perf/max_memory_reserved_gb:np.float64(41.826171875) - actor/perf/cpu_memory_used_gb:np.float64(96.30410766601562) - perf/mfu/actor:np.float64(0.3342553841450672) - training/global_step:241 - training/epoch:1 - critic/score/mean:1.1151729822158813 - critic/score/max:1.940000057220459 - critic/score/min:0.5 - critic/rewards/mean:1.1151729822158813 - critic/rewards/max:1.940000057220459 - critic/rewards/min:0.5 - critic/advantages/mean:0.0058481525629758835 - critic/advantages/max:3.7420310974121094 - critic/advantages/min:-3.393671989440918 - critic/returns/mean:0.0058481525629758835 - critic/returns/max:3.7420310974121094 - critic/returns/min:-3.393671989440918 - response_length/mean:3217.953125 - response_length/max:3639.0 - response_length/min:2938.0 - response_length/clip_ratio:0.0 - response_length_non_aborted/mean:3217.953125 - response_length_non_aborted/max:3639.0 - response_length_non_aborted/min:2938.0 - response_length_non_aborted/clip_ratio:0.0 - response/aborted_ratio:0.0 - prompt_length/mean:4017.25 - prompt_length/max:4145.0 - prompt_length/min:3926.0 - prompt_length/clip_ratio:0.0 - num_turns/min:np.int32(4) - num_turns/max:np.int32(4) - num_turns/mean:np.float64(4.0) - timing_s/start_profile:0.0002716080052778125 - timing_s/agent_loop/num_preempted/min:np.int64(-1) - timing_s/agent_loop/num_preempted/max:np.int64(-1) - timing_s/agent_loop/num_preempted/mean:np.float64(-1.0) - timing_s/agent_loop/generate_sequences/min:np.float64(71.26716521399794) - timing_s/agent_loop/generate_sequences/max:np.float64(116.99000935402) - timing_s/agent_loop/generate_sequences/mean:np.float64(102.74400406346558) - timing_s/agent_loop/tool_calls/min:np.float64(0.06707355700200424) - timing_s/agent_loop/tool_calls/max:np.float64(0.30159054102841765) - timing_s/agent_loop/tool_calls/mean:np.float64(0.13332295877216893) - timing_s/agent_loop/compute_score/min:np.float64(0.32407389098079875) - timing_s/agent_loop/compute_score/max:np.float64(4.684635156008881) - timing_s/agent_loop/compute_score/mean:np.float64(1.1127258834808345) - timing_s/agent_loop/slowest/generate_sequences:np.float64(116.99000935402) - timing_s/agent_loop/slowest/tool_calls:np.float64(0.11093064397573471) - timing_s/agent_loop/slowest/compute_score:np.float64(2.470619625004474) - timing_s/agent_loop/slowest/num_preempted:np.int64(-1) - timing_s/agent_loop/slowest/prompt_length:3965 - timing_s/agent_loop/slowest/response_length:3401 - timing_s/gen:149.12332329998026 - timing_s/reward:2.8176000341773033e-05 - timing_s/old_log_prob:147.20273640501546 - timing_s/ref:133.95068048097892 - timing_s/adv:0.18020216299919412 - timing_s/update_actor:326.21870173100615 - timing_s/update_weights:4.035993103054352 - timing_s/dump_rollout_generations:0.329572370974347 - timing_s/step:761.2099015520071 - timing_s/stop_profile:4.502199590206146e-05 - timing_per_token_ms/update_actor:0.3522476927382029 - timing_per_token_ms/adv:0.00019458049402465172 - timing_per_token_ms/gen:0.36203944495962653 - timing_per_token_ms/ref:0.14463860560343947 - perf/total_num_tokens:926106 - perf/time_per_step:761.2099015520071 - perf/throughput:1216.623690931754[36m(TaskRunner pid=1974692)[0m Training Progress:  90%|█████████ | 241/267 [12:41<5:29:56, 761.42s/it]
[36m(TaskRunner pid=1974692)[0m Training Progress:  91%|█████████ | 242/267 [25:24<5:17:39, 762.37s/it]

[36m(TaskRunner pid=1974692)[0m Dumped generations to /home/yw4636/agentic-tvg/results/grpo-vanilla/rollouts/242.jsonl
[36m(TaskRunner pid=1974692)[0m step:242 - global_seqlen/min:926258 - global_seqlen/max:926258 - global_seqlen/minmax_diff:0 - global_seqlen/balanced_min:926258 - global_seqlen/balanced_max:926258 - global_seqlen/mean:926258.0 - actor/entropy:0.8848646879196167 - perf/mfu/actor_infer:0.2990822576751745 - training/rollout_probs_diff_valid:1 - training/rollout_probs_diff_max:0.5997170209884644 - training/rollout_probs_diff_mean:0.010406156070530415 - training/rollout_probs_diff_std:0.0164911150932312 - training/rollout_actor_probs_pearson_corr:0.9985336661338806 - rollout_corr/training_ppl:2.4327707290649414 - rollout_corr/training_log_ppl:0.8735536336898804 - rollout_corr/kl:0.0031172214075922966 - rollout_corr/k3_kl:0.0031421806197613478 - rollout_corr/rollout_ppl:2.425154685974121 - rollout_corr/rollout_log_ppl:0.8704242706298828 - rollout_corr/log_ppl_diff:0.003129319055005908 - rollout_corr/log_ppl_abs_diff:0.004365282133221626 - rollout_corr/log_ppl_diff_max:0.023248255252838135 - rollout_corr/log_ppl_diff_min:-0.008807778358459473 - rollout_corr/ppl_ratio:1.0031437873840332 - rollout_corr/chi2_token:0.006291866302490234 - rollout_corr/chi2_seq:10.492319107055664 - actor/pg_clipfrac:np.float64(0.0) - actor/ppo_kl:np.float64(0.0) - actor/pg_clipfrac_lower:np.float64(0.0) - actor/pg_loss:np.float64(-0.00768501334823668) - actor/kl_loss:np.float64(0.01134528117836453) - actor/kl_coef:np.float64(0.0010000000000000002) - actor/loss:np.float64(-0.007673665881156921) - actor/grad_norm:np.float64(0.07267037779092789) - actor/lr:np.float64(1.1932884663026745e-06) - actor/perf/max_memory_allocated_gb:np.float64(39.076252937316895) - actor/perf/max_memory_reserved_gb:np.float64(41.865234375) - actor/perf/cpu_memory_used_gb:np.float64(96.55828094482422) - perf/mfu/actor:np.float64(0.3368576007145558) - training/global_step:242 - training/epoch:1 - critic/score/mean:1.0753282308578491 - critic/score/max:1.9663212299346924 - critic/score/min:0.5 - critic/rewards/mean:1.0753282308578491 - critic/rewards/max:1.9663212299346924 - critic/rewards/min:0.5 - critic/advantages/mean:0.007685000076889992 - critic/advantages/max:3.749969959259033 - critic/advantages/min:-2.5479414463043213 - critic/returns/mean:0.007685000076889992 - critic/returns/max:3.749969959259033 - critic/returns/min:-2.5479414463043213 - response_length/mean:3264.265625 - response_length/max:3438.0 - response_length/min:3062.0 - response_length/clip_ratio:0.0 - response_length_non_aborted/mean:3264.265625 - response_length_non_aborted/max:3438.0 - response_length_non_aborted/min:3062.0 - response_length_non_aborted/clip_ratio:0.0 - response/aborted_ratio:0.0 - prompt_length/mean:3972.125 - prompt_length/max:4137.0 - prompt_length/min:3939.0 - prompt_length/clip_ratio:0.0 - num_turns/min:np.int32(4) - num_turns/max:np.int32(4) - num_turns/mean:np.float64(4.0) - timing_s/start_profile:5.7169992942363024e-05 - timing_s/agent_loop/num_preempted/min:np.int64(-1) - timing_s/agent_loop/num_preempted/max:np.int64(-1) - timing_s/agent_loop/num_preempted/mean:np.float64(-1.0) - timing_s/agent_loop/generate_sequences/min:np.float64(74.4211827609688) - timing_s/agent_loop/generate_sequences/max:np.float64(119.60830952093238) - timing_s/agent_loop/generate_sequences/mean:np.float64(105.60129145972951) - timing_s/agent_loop/tool_calls/min:np.float64(0.07320019701728597) - timing_s/agent_loop/tool_calls/max:np.float64(0.7592439680011012) - timing_s/agent_loop/tool_calls/mean:np.float64(0.158820357345121) - timing_s/agent_loop/compute_score/min:np.float64(0.3142180460272357) - timing_s/agent_loop/compute_score/max:np.float64(3.9822180349729024) - timing_s/agent_loop/compute_score/mean:np.float64(1.102247022877691) - timing_s/agent_loop/slowest/generate_sequences:np.float64(118.3998802099959) - timing_s/agent_loop/slowest/tool_calls:np.float64(0.13972130604088306) - timing_s/agent_loop/slowest/compute_score:np.float64(1.8197653829702176) - timing_s/agent_loop/slowest/num_preempted:np.int64(-1) - timing_s/agent_loop/slowest/prompt_length:3958 - timing_s/agent_loop/slowest/response_length:3384 - timing_s/gen:149.29905852500815 - timing_s/reward:0.00048714299919083714 - timing_s/old_log_prob:144.90508054598467 - timing_s/ref:136.27366005297517 - timing_s/adv:0.166495818994008 - timing_s/update_actor:327.80941759602865 - timing_s/update_weights:4.02878024301026 - timing_s/dump_rollout_generations:0.32784107502084225 - timing_s/step:762.9808008479886 - timing_s/stop_profile:5.590799264609814e-05 - timing_per_token_ms/update_actor:0.3539072457091098 - timing_per_token_ms/adv:0.000179751018608215 - timing_per_token_ms/gen:0.3573235234882658 - timing_per_token_ms/ref:0.14712278874025939 - perf/total_num_tokens:926258 - perf/time_per_step:762.9808008479886 - perf/throughput:1213.9990927301744
[36m(TaskRunner pid=1974692)[0m Dumped generations to /home/yw4636/agentic-tvg/results/grpo-vanilla/rollouts/243.jsonl
[36m(TaskRunner pid=1974692)[0m step:243 - global_seqlen/min:923313 - global_seqlen/max:923313 - global_seqlen/minmax_diff:0 - global_seqlen/balanced_min:923313 - global_seqlen/balanced_max:923313 - global_seqlen/mean:923313.0 - actor/entropy:0.9316761493682861 - perf/mfu/actor_infer:0.2984269798738506 - training/rollout_probs_diff_valid:1 - training/rollout_probs_diff_max:0.3182334303855896 - training/rollout_probs_diff_mean:0.010161591693758965 - training/rollout_probs_diff_std:0.015684906393289566 - training/rollout_actor_probs_pearson_corr:0.9986802935600281 - rollout_corr/training_ppl:2.582047939300537 - rollout_corr/training_log_ppl:0.9346599578857422 - rollout_corr/kl:0.0030848910100758076 - rollout_corr/k3_kl:0.002963536884635687 - rollout_corr/rollout_ppl:2.573957681655884 - rollout_corr/rollout_log_ppl:0.931532084941864 - rollout_corr/log_ppl_diff:0.0031278873793780804 - rollout_corr/log_ppl_abs_diff:0.003954161424189806 - rollout_corr/log_ppl_diff_max:0.012038946151733398 - rollout_corr/log_ppl_diff_min:-0.006019890308380127 - rollout_corr/ppl_ratio:1.0031394958496094 - rollout_corr/chi2_token:0.005750775337219238 - rollout_corr/chi2_seq:1.7035222053527832 - actor/pg_clipfrac:np.float64(0.0) - actor/ppo_kl:np.float64(0.0) - actor/pg_clipfrac_lower:np.float64(0.0) - actor/pg_loss:np.float64(-0.005334446090273559) - actor/kl_loss:np.float64(0.012305937823839486) - actor/kl_coef:np.float64(0.0010000000000000002) - actor/loss:np.float64(-0.005322132259607315) - actor/grad_norm:np.float64(0.07275969535112381) - actor/lr:np.float64(1.1782355214529939e-06) - actor/perf/max_memory_allocated_gb:np.float64(39.076252937316895) - actor/perf/max_memory_reserved_gb:np.float64(41.865234375) - actor/perf/cpu_memory_used_gb:np.float64(112.59521484375) - perf/mfu/actor:np.float64(0.3425143720406451) - training/global_step:243 - training/epoch:1 - critic/score/mean:1.097438931465149 - critic/score/max:1.757272720336914 - critic/score/min:0.5 - critic/rewards/mean:1.097438931465149 - critic/rewards/max:1.757272720336914 - critic/rewards/min:0.5 - critic/advantages/mean:0.005334435496479273 - critic/advantages/max:3.630267858505249 - critic/advantages/min:-3.0224337577819824 - critic/returns/mean:0.005334435496479273 - critic/returns/max:3.630267858505249 - critic/returns/min:-3.0224337577819824 - response_length/mean:3245.5078125 - response_length/max:3469.0 - response_length/min:3001.0 - response_length/clip_ratio:0.0 - response_length_non_aborted/mean:3245.5078125 - response_length_non_aborted/max:3469.0 - response_length_non_aborted/min:3001.0 - response_length_non_aborted/clip_ratio:0.0 - response/aborted_ratio:0.0 - prompt_length/mean:3967.875 - prompt_length/max:4130.0 - prompt_length/min:3930.0 - prompt_length/clip_ratio:0.0 - num_turns/min:np.int32(4) - num_turns/max:np.int32(4) - num_turns/mean:np.float64(4.0) - timing_s/start_profile:5.923199933022261e-05 - timing_s/agent_loop/num_preempted/min:np.int64(-1) - timing_s/agent_loop/num_preempted/max:np.int64(-1) - timing_s/agent_loop/num_preempted/mean:np.float64(-1.0) - timing_s/agent_loop/generate_sequences/min:np.float64(73.03044081496773) - timing_s/agent_loop/generate_sequences/max:np.float64(120.90124627901241) - timing_s/agent_loop/generate_sequences/mean:np.float64(105.25119353671835) - timing_s/agent_loop/tool_calls/min:np.float64(0.07568384299520403) - timing_s/agent_loop/tool_calls/max:np.float64(0.9106085029779933) - timing_s/agent_loop/tool_calls/mean:np.float64(0.15232538509962978) - timing_s/agent_loop/compute_score/min:np.float64(0.31448219099547714) - timing_s/agent_loop/compute_score/max:np.float64(4.726100587984547) - timing_s/agent_loop/compute_score/mean:np.float64(1.0616926357729426) - timing_s/agent_loop/slowest/generate_sequences:np.float64(120.90124627901241) - timing_s/agent_loop/slowest/tool_calls:np.float64(0.10159481602022424) - timing_s/agent_loop/slowest/compute_score:np.float64(0.34089101100107655) - timing_s/agent_loop/slowest/num_preempted:np.int64(-1) - timing_s/agent_loop/slowest/prompt_length:3948 - timing_s/agent_loop/slowest/response_length:3403 - timing_s/gen:149.5156778380042 - timing_s/reward:0.0005239539896138012 - timing_s/old_log_prob:152.49385568202706 - timing_s/ref:138.6352299840073 - timing_s/adv:0.17003978899447247 - timing_s/update_actor:317.9127366390312 - timing_s/update_weights:4.033391219971236 - timing_s/dump_rollout_generations:0.33859180402942 - timing_s/step:763.2497484140331 - timing_s/stop_profile:4.3487001676112413e-05 - timing_per_token_ms/update_actor:0.3443174055158231 - timing_per_token_ms/adv:0.00018416267180736378 - timing_per_token_ms/gen:0.35991015908528423 - timing_per_token_ms/ref:0.1501497650136057 - perf/total_num_tokens:923313 - perf/time_per_step:763.2497484140331 - perf/throughput:1209.7128127700853[36m(TaskRunner pid=1974692)[0m Training Progress:  91%|█████████ | 243/267 [38:07<5:05:07, 762.80s/it]
[36m(TaskRunner pid=1974692)[0m Training Progress:  91%|█████████▏| 244/267 [50:45<4:51:38, 760.81s/it]

[36m(TaskRunner pid=1974692)[0m Dumped generations to /home/yw4636/agentic-tvg/results/grpo-vanilla/rollouts/244.jsonl
[36m(TaskRunner pid=1974692)[0m step:244 - global_seqlen/min:920509 - global_seqlen/max:920509 - global_seqlen/minmax_diff:0 - global_seqlen/balanced_min:920509 - global_seqlen/balanced_max:920509 - global_seqlen/mean:920509.0 - actor/entropy:0.8308018445968628 - perf/mfu/actor_infer:0.2977435502165468 - training/rollout_probs_diff_valid:1 - training/rollout_probs_diff_max:0.5232647061347961 - training/rollout_probs_diff_mean:0.010277477093040943 - training/rollout_probs_diff_std:0.016320178285241127 - training/rollout_actor_probs_pearson_corr:0.99854975938797 - rollout_corr/training_ppl:2.3070521354675293 - rollout_corr/training_log_ppl:0.8246334791183472 - rollout_corr/kl:0.0035801411140710115 - rollout_corr/k3_kl:0.003181929001584649 - rollout_corr/rollout_ppl:2.2985103130340576 - rollout_corr/rollout_log_ppl:0.821027398109436 - rollout_corr/log_ppl_diff:0.00360612734220922 - rollout_corr/log_ppl_abs_diff:0.004403484053909779 - rollout_corr/log_ppl_diff_max:0.01941537857055664 - rollout_corr/log_ppl_diff_min:-0.007252216339111328 - rollout_corr/ppl_ratio:1.003623127937317 - rollout_corr/chi2_token:0.005423188209533691 - rollout_corr/chi2_seq:10.722895622253418 - actor/pg_clipfrac:np.float64(0.0) - actor/ppo_kl:np.float64(0.0) - actor/pg_clipfrac_lower:np.float64(0.0) - actor/pg_loss:np.float64(-0.013804636051645502) - actor/kl_loss:np.float64(0.011913714450201951) - actor/kl_coef:np.float64(0.0010000000000000002) - actor/loss:np.float64(-0.01379270851612091) - actor/grad_norm:np.float64(0.07544156163930893) - actor/lr:np.float64(1.16378089631065e-06) - actor/perf/max_memory_allocated_gb:np.float64(39.076252937316895) - actor/perf/max_memory_reserved_gb:np.float64(41.865234375) - actor/perf/cpu_memory_used_gb:np.float64(131.10260009765625) - perf/mfu/actor:np.float64(0.3407358010323042) - training/global_step:244 - training/epoch:1 - critic/score/mean:1.555508017539978 - critic/score/max:1.9862782955169678 - critic/score/min:0.0 - critic/rewards/mean:1.555508017539978 - critic/rewards/max:1.9862782955169678 - critic/rewards/min:0.0 - critic/advantages/mean:0.013804630376398563 - critic/advantages/max:2.0192830562591553 - critic/advantages/min:-3.647735595703125 - critic/returns/mean:0.013804630376398563 - critic/returns/max:2.0192830562591553 - critic/returns/min:-3.647735595703125 - response_length/mean:3200.2265625 - response_length/max:3571.0 - response_length/min:115.0 - response_length/clip_ratio:0.0 - response_length_non_aborted/mean:3200.2265625 - response_length_non_aborted/max:3571.0 - response_length_non_aborted/min:115.0 - response_length_non_aborted/clip_ratio:0.0 - response/aborted_ratio:0.0 - prompt_length/mean:3991.25 - prompt_length/max:4131.0 - prompt_length/min:3933.0 - prompt_length/clip_ratio:0.0 - num_turns/min:np.int32(2) - num_turns/max:np.int32(4) - num_turns/mean:np.float64(3.984375) - timing_s/start_profile:5.923805292695761e-05 - timing_s/agent_loop/num_preempted/min:np.int64(-1) - timing_s/agent_loop/num_preempted/max:np.int64(-1) - timing_s/agent_loop/num_preempted/mean:np.float64(-1.0) - timing_s/agent_loop/generate_sequences/min:np.float64(19.70548984897323) - timing_s/agent_loop/generate_sequences/max:np.float64(113.22664577706018) - timing_s/agent_loop/generate_sequences/mean:np.float64(97.58560498297038) - timing_s/agent_loop/tool_calls/min:np.float64(0.0) - timing_s/agent_loop/tool_calls/max:np.float64(0.8544659839826636) - timing_s/agent_loop/tool_calls/mean:np.float64(0.1890252178764058) - timing_s/agent_loop/compute_score/min:np.float64(0.238374053966254) - timing_s/agent_loop/compute_score/max:np.float64(3.294982680992689) - timing_s/agent_loop/compute_score/mean:np.float64(0.9343393684484909) - timing_s/agent_loop/slowest/generate_sequences:np.float64(113.22664577706018) - timing_s/agent_loop/slowest/tool_calls:np.float64(0.09034996503032744) - timing_s/agent_loop/slowest/compute_score:np.float64(0.8299975909758359) - timing_s/agent_loop/slowest/num_preempted:np.int64(-1) - timing_s/agent_loop/slowest/prompt_length:3957 - timing_s/agent_loop/slowest/response_length:3497 - timing_s/gen:141.24981346796267 - timing_s/reward:0.0005038340459577739 - timing_s/old_log_prob:146.66637190198526 - timing_s/ref:136.24088038201444 - timing_s/adv:0.1656031709862873 - timing_s/update_actor:328.836207646993 - timing_s/update_weights:4.0111311179935 - timing_s/dump_rollout_generations:0.366397772973869 - timing_s/step:757.6844434529776 - timing_s/stop_profile:4.459603223949671e-05 - timing_per_token_ms/update_actor:0.3572330174359979 - timing_per_token_ms/adv:0.00017990391292892007 - timing_per_token_ms/gen:0.3448237636201604 - timing_per_token_ms/ref:0.14800602751522737 - perf/total_num_tokens:920509 - perf/time_per_step:757.6844434529776 - perf/throughput:1214.897584283222
[36m(TaskRunner pid=1974692)[0m Dumped generations to /home/yw4636/agentic-tvg/results/grpo-vanilla/rollouts/245.jsonl
[36m(TaskRunner pid=1974692)[0m step:245 - global_seqlen/min:932815 - global_seqlen/max:932815 - global_seqlen/minmax_diff:0 - global_seqlen/balanced_min:932815 - global_seqlen/balanced_max:932815 - global_seqlen/mean:932815.0 - actor/entropy:0.8627309799194336 - perf/mfu/actor_infer:0.3009074130367719 - training/rollout_probs_diff_valid:1 - training/rollout_probs_diff_max:0.35308602452278137 - training/rollout_probs_diff_mean:0.01028764434158802 - training/rollout_probs_diff_std:0.01677032932639122 - training/rollout_actor_probs_pearson_corr:0.9985019564628601 - rollout_corr/training_ppl:2.3763301372528076 - rollout_corr/training_log_ppl:0.8528943061828613 - rollout_corr/kl:0.002891987096518278 - rollout_corr/k3_kl:0.0031633672770112753 - rollout_corr/rollout_ppl:2.368988037109375 - rollout_corr/rollout_log_ppl:0.8498809933662415 - rollout_corr/log_ppl_diff:0.0030133910477161407 - rollout_corr/log_ppl_abs_diff:0.0035638203844428062 - rollout_corr/log_ppl_diff_max:0.013435542583465576 - rollout_corr/log_ppl_diff_min:-0.004151761531829834 - rollout_corr/ppl_ratio:1.003023624420166 - rollout_corr/chi2_token:0.0070574283599853516 - rollout_corr/chi2_seq:0.7378842830657959 - actor/pg_clipfrac:np.float64(0.0) - actor/ppo_kl:np.float64(0.0) - actor/pg_clipfrac_lower:np.float64(0.0) - actor/pg_loss:np.float64(0.006528148107463494) - actor/kl_loss:np.float64(0.011456736465333961) - actor/kl_coef:np.float64(0.0010000000000000002) - actor/loss:np.float64(0.00653960183262825) - actor/grad_norm:np.float64(0.0699765607714653) - actor/lr:np.float64(1.1499265920228886e-06) - actor/perf/max_memory_allocated_gb:np.float64(39.18291997909546) - actor/perf/max_memory_reserved_gb:np.float64(41.865234375) - actor/perf/cpu_memory_used_gb:np.float64(98.69542694091797) - perf/mfu/actor:np.float64(0.3400521246836094) - training/global_step:245 - training/epoch:1 - critic/score/mean:1.2679132223129272 - critic/score/max:1.9786046743392944 - critic/score/min:0.07800000160932541 - critic/rewards/mean:1.2679132223129272 - critic/rewards/max:1.9786046743392944 - critic/rewards/min:0.07800000160932541 - critic/advantages/mean:-0.006528155412524939 - critic/advantages/max:1.8695584535598755 - critic/advantages/min:-3.7304532527923584 - critic/returns/mean:-0.006528155412524939 - critic/returns/max:1.8695584535598755 - critic/returns/min:-3.7304532527923584 - response_length/mean:3320.3671875 - response_length/max:3660.0 - response_length/min:3060.0 - response_length/clip_ratio:0.0 - response_length_non_aborted/mean:3320.3671875 - response_length_non_aborted/max:3660.0 - response_length_non_aborted/min:3060.0 - response_length_non_aborted/clip_ratio:0.0 - response/aborted_ratio:0.0 - prompt_length/mean:3967.25 - prompt_length/max:4128.0 - prompt_length/min:3927.0 - prompt_length/clip_ratio:0.0 - num_turns/min:np.int32(4) - num_turns/max:np.int32(4) - num_turns/mean:np.float64(4.0) - timing_s/start_profile:5.480501567944884e-05 - timing_s/agent_loop/num_preempted/min:np.int64(-1) - timing_s/agent_loop/num_preempted/max:np.int64(-1) - timing_s/agent_loop/num_preempted/mean:np.float64(-1.0) - timing_s/agent_loop/generate_sequences/min:np.float64(67.95126618101494) - timing_s/agent_loop/generate_sequences/max:np.float64(120.6427414479549) - timing_s/agent_loop/generate_sequences/mean:np.float64(105.00616440229714) - timing_s/agent_loop/tool_calls/min:np.float64(0.07702459895517677) - timing_s/agent_loop/tool_calls/max:np.float64(0.6763670709915459) - timing_s/agent_loop/tool_calls/mean:np.float64(0.15133007317263036) - timing_s/agent_loop/compute_score/min:np.float64(0.3169578550150618) - timing_s/agent_loop/compute_score/max:np.float64(2.6352846100344323) - timing_s/agent_loop/compute_score/mean:np.float64(0.9738870458304518) - timing_s/agent_loop/slowest/generate_sequences:np.float64(120.6427414479549) - timing_s/agent_loop/slowest/tool_calls:np.float64(0.12096074497094378) - timing_s/agent_loop/slowest/compute_score:np.float64(1.1879686479805969) - timing_s/agent_loop/slowest/num_preempted:np.int64(-1) - timing_s/agent_loop/slowest/prompt_length:3945 - timing_s/agent_loop/slowest/response_length:3630 - timing_s/gen:151.9903600270045 - timing_s/reward:0.0005161120207048953 - timing_s/old_log_prob:154.0954171519843 - timing_s/ref:139.7650514220004 - timing_s/adv:0.17411446798359975 - timing_s/update_actor:324.07858493202366 - timing_s/update_weights:3.981754456006456 - timing_s/dump_rollout_generations:0.3270549119915813 - timing_s/step:774.5806269969908 - timing_s/stop_profile:4.607898881658912e-05 - timing_per_token_ms/update_actor:0.34741999746147273 - timing_per_token_ms/adv:0.00018665487581524714 - timing_per_token_ms/gen:0.35761848634729426 - timing_per_token_ms/ref:0.1498314793630038 - perf/total_num_tokens:932815 - perf/time_per_step:774.5806269969908 - perf/throughput:1204.2839279578625[36m(TaskRunner pid=1974692)[0m Training Progress:  92%|█████████▏| 245/267 [1:03:40<4:40:47, 765.80s/it]
[36m(TaskRunner pid=1974692)[0m Training Progress:  92%|█████████▏| 246/267 [1:16:19<4:27:15, 763.60s/it]

[36m(TaskRunner pid=1974692)[0m Dumped generations to /home/yw4636/agentic-tvg/results/grpo-vanilla/rollouts/246.jsonl
[36m(TaskRunner pid=1974692)[0m step:246 - global_seqlen/min:924555 - global_seqlen/max:924555 - global_seqlen/minmax_diff:0 - global_seqlen/balanced_min:924555 - global_seqlen/balanced_max:924555 - global_seqlen/mean:924555.0 - actor/entropy:0.8699981570243835 - perf/mfu/actor_infer:0.29841794035073893 - training/rollout_probs_diff_valid:1 - training/rollout_probs_diff_max:0.5928738117218018 - training/rollout_probs_diff_mean:0.010349124670028687 - training/rollout_probs_diff_std:0.01632191240787506 - training/rollout_actor_probs_pearson_corr:0.9985496401786804 - rollout_corr/training_ppl:2.3801982402801514 - rollout_corr/training_log_ppl:0.8562758564949036 - rollout_corr/kl:0.0029929105658084154 - rollout_corr/k3_kl:0.0029429197311401367 - rollout_corr/rollout_ppl:2.3728644847869873 - rollout_corr/rollout_log_ppl:0.8531649112701416 - rollout_corr/log_ppl_diff:0.003110957331955433 - rollout_corr/log_ppl_abs_diff:0.0038618799299001694 - rollout_corr/log_ppl_diff_max:0.014617562294006348 - rollout_corr/log_ppl_diff_min:-0.009000599384307861 - rollout_corr/ppl_ratio:1.0031232833862305 - rollout_corr/chi2_token:0.005908966064453125 - rollout_corr/chi2_seq:17.740304946899414 - actor/pg_clipfrac:np.float64(0.0) - actor/ppo_kl:np.float64(0.0) - actor/pg_clipfrac_lower:np.float64(0.0) - actor/pg_loss:np.float64(-0.007768610055791214) - actor/kl_loss:np.float64(0.011891911082784645) - actor/kl_coef:np.float64(0.0010000000000000002) - actor/loss:np.float64(-0.007756710052490234) - actor/grad_norm:np.float64(0.07251045107841492) - actor/lr:np.float64(1.1366745266265039e-06) - actor/perf/max_memory_allocated_gb:np.float64(39.18291997909546) - actor/perf/max_memory_reserved_gb:np.float64(41.865234375) - actor/perf/cpu_memory_used_gb:np.float64(114.85344696044922) - perf/mfu/actor:np.float64(0.3397934068773269) - training/global_step:246 - training/epoch:1 - critic/score/mean:1.4257084131240845 - critic/score/max:2.0 - critic/score/min:0.5 - critic/rewards/mean:1.4257084131240845 - critic/rewards/max:2.0 - critic/rewards/min:0.5 - critic/advantages/mean:0.007768620271235704 - critic/advantages/max:2.0808920860290527 - critic/advantages/min:-2.502866744995117 - critic/returns/mean:0.007768620271235704 - critic/returns/max:2.0808920860290527 - critic/returns/min:-2.502866744995117 - response_length/mean:3255.3359375 - response_length/max:3583.0 - response_length/min:2954.0 - response_length/clip_ratio:0.0 - response_length_non_aborted/mean:3255.3359375 - response_length_non_aborted/max:3583.0 - response_length_non_aborted/min:2954.0 - response_length_non_aborted/clip_ratio:0.0 - response/aborted_ratio:0.0 - prompt_length/mean:3967.75 - prompt_length/max:4135.0 - prompt_length/min:3932.0 - prompt_length/clip_ratio:0.0 - num_turns/min:np.int32(4) - num_turns/max:np.int32(4) - num_turns/mean:np.float64(4.0) - timing_s/start_profile:5.8393983636051416e-05 - timing_s/agent_loop/num_preempted/min:np.int64(-1) - timing_s/agent_loop/num_preempted/max:np.int64(-1) - timing_s/agent_loop/num_preempted/mean:np.float64(-1.0) - timing_s/agent_loop/generate_sequences/min:np.float64(78.0579827009933) - timing_s/agent_loop/generate_sequences/max:np.float64(124.25095263100229) - timing_s/agent_loop/generate_sequences/mean:np.float64(108.32684179125044) - timing_s/agent_loop/tool_calls/min:np.float64(0.06501754000782967) - timing_s/agent_loop/tool_calls/max:np.float64(1.0421741139725782) - timing_s/agent_loop/tool_calls/mean:np.float64(0.17822146830621932) - timing_s/agent_loop/compute_score/min:np.float64(0.32067711098352447) - timing_s/agent_loop/compute_score/max:np.float64(4.686160952958744) - timing_s/agent_loop/compute_score/mean:np.float64(1.029596741092064) - timing_s/agent_loop/slowest/generate_sequences:np.float64(124.25095263100229) - timing_s/agent_loop/slowest/tool_calls:np.float64(0.20085166301578283) - timing_s/agent_loop/slowest/compute_score:np.float64(0.8724699520389549) - timing_s/agent_loop/slowest/num_preempted:np.int64(-1) - timing_s/agent_loop/slowest/prompt_length:3943 - timing_s/agent_loop/slowest/response_length:3512 - timing_s/gen:153.9060125889955 - timing_s/reward:0.0005386759876273572 - timing_s/old_log_prob:142.7849276100169 - timing_s/ref:135.82282581698382 - timing_s/adv:0.16892763099167496 - timing_s/update_actor:322.098030440975 - timing_s/update_weights:3.9950761339860037 - timing_s/dump_rollout_generations:0.3221852880087681 - timing_s/step:759.2607356189983 - timing_s/stop_profile:4.588201409205794e-05 - timing_per_token_ms/update_actor:0.34838168680173165 - timing_per_token_ms/adv:0.00018271236539921904 - timing_per_token_ms/gen:0.36935995130349814 - timing_per_token_ms/ref:0.14690616114453312 - perf/total_num_tokens:924555 - perf/time_per_step:759.2607356189983 - perf/throughput:1217.7042175719032
[36m(TaskRunner pid=1974692)[0m Dumped generations to /home/yw4636/agentic-tvg/results/grpo-vanilla/rollouts/247.jsonl
[36m(TaskRunner pid=1974692)[0m step:247 - global_seqlen/min:927569 - global_seqlen/max:927569 - global_seqlen/minmax_diff:0 - global_seqlen/balanced_min:927569 - global_seqlen/balanced_max:927569 - global_seqlen/mean:927569.0 - actor/entropy:0.885623574256897 - perf/mfu/actor_infer:0.29812703862952117 - training/rollout_probs_diff_valid:1 - training/rollout_probs_diff_max:0.8583153486251831 - training/rollout_probs_diff_mean:0.010410523973405361 - training/rollout_probs_diff_std:0.017172913998365402 - training/rollout_actor_probs_pearson_corr:0.9984633326530457 - rollout_corr/training_ppl:2.4514594078063965 - rollout_corr/training_log_ppl:0.8870749473571777 - rollout_corr/kl:0.004220189526677132 - rollout_corr/k3_kl:0.003378060180693865 - rollout_corr/rollout_ppl:2.440796375274658 - rollout_corr/rollout_log_ppl:0.8828070759773254 - rollout_corr/log_ppl_diff:0.004267927259206772 - rollout_corr/log_ppl_abs_diff:0.004653019830584526 - rollout_corr/log_ppl_diff_max:0.03506582975387573 - rollout_corr/log_ppl_diff_min:-0.004438042640686035 - rollout_corr/ppl_ratio:1.0042879581451416 - rollout_corr/chi2_token:0.004963874816894531 - rollout_corr/chi2_seq:-0.14151573181152344 - actor/pg_clipfrac:np.float64(0.0) - actor/ppo_kl:np.float64(0.0) - actor/pg_clipfrac_lower:np.float64(0.0) - actor/pg_loss:np.float64(0.007300313254290813) - actor/kl_loss:np.float64(0.01214127941057086) - actor/kl_coef:np.float64(0.0010000000000000002) - actor/loss:np.float64(0.007312454283237457) - actor/grad_norm:np.float64(0.07559700310230255) - actor/lr:np.float64(1.1240265347822994e-06) - actor/perf/max_memory_allocated_gb:np.float64(39.18291997909546) - actor/perf/max_memory_reserved_gb:np.float64(41.865234375) - actor/perf/cpu_memory_used_gb:np.float64(98.95467758178711) - perf/mfu/actor:np.float64(0.3385958510530288) - training/global_step:247 - training/epoch:1 - critic/score/mean:1.2736639976501465 - critic/score/max:1.9998902082443237 - critic/score/min:0.1666666716337204 - critic/rewards/mean:1.2736639976501465 - critic/rewards/max:1.9998902082443237 - critic/rewards/min:0.1666666716337204 - critic/advantages/mean:-0.007300329860299826 - critic/advantages/max:2.6058349609375 - critic/advantages/min:-3.62129282951355 - critic/returns/mean:-0.007300329860299826 - critic/returns/max:2.6058349609375 - critic/returns/min:-3.62129282951355 - response_length/mean:3237.1328125 - response_length/max:6064.0 - response_length/min:2939.0 - response_length/clip_ratio:0.0 - response_length_non_aborted/mean:3237.1328125 - response_length_non_aborted/max:6064.0 - response_length_non_aborted/min:2939.0 - response_length_non_aborted/clip_ratio:0.0 - response/aborted_ratio:0.0 - prompt_length/mean:4009.5 - prompt_length/max:4142.0 - prompt_length/min:3929.0 - prompt_length/clip_ratio:0.0 - num_turns/min:np.int32(4) - num_turns/max:np.int32(6) - num_turns/mean:np.float64(4.015625) - timing_s/start_profile:5.818100180476904e-05 - timing_s/agent_loop/num_preempted/min:np.int64(-1) - timing_s/agent_loop/num_preempted/max:np.int64(-1) - timing_s/agent_loop/num_preempted/mean:np.float64(-1.0) - timing_s/agent_loop/generate_sequences/min:np.float64(71.77521989197703) - timing_s/agent_loop/generate_sequences/max:np.float64(116.28645748400595) - timing_s/agent_loop/generate_sequences/mean:np.float64(100.44292508436729) - timing_s/agent_loop/tool_calls/min:np.float64(0.050165641005150974) - timing_s/agent_loop/tool_calls/max:np.float64(0.936200113967061) - timing_s/agent_loop/tool_calls/mean:np.float64(0.1628757838839192) - timing_s/agent_loop/compute_score/min:np.float64(0.3218710009823553) - timing_s/agent_loop/compute_score/max:np.float64(3.9487968000466935) - timing_s/agent_loop/compute_score/mean:np.float64(1.0156355541971607) - timing_s/agent_loop/slowest/generate_sequences:np.float64(116.28645748400595) - timing_s/agent_loop/slowest/tool_calls:np.float64(0.23943465895717964) - timing_s/agent_loop/slowest/compute_score:np.float64(0.3931793160154484) - timing_s/agent_loop/slowest/num_preempted:np.int64(-1) - timing_s/agent_loop/slowest/prompt_length:3929 - timing_s/agent_loop/slowest/response_length:3714 - timing_s/gen:142.58437538100407 - timing_s/reward:0.000501287984661758 - timing_s/old_log_prob:148.22302683000453 - timing_s/ref:138.31801241997164 - timing_s/adv:0.1618243640405126 - timing_s/update_actor:332.09879042301327 - timing_s/update_weights:4.008066517999396 - timing_s/dump_rollout_generations:0.3238231710274704 - timing_s/step:765.9007336299983 - timing_s/stop_profile:3.888999344781041e-05 - timing_per_token_ms/update_actor:0.3580313598481765 - timing_per_token_ms/adv:0.00017446072911073203 - timing_per_token_ms/gen:0.34411329320894035 - timing_per_token_ms/ref:0.14911883905129605 - perf/total_num_tokens:927569 - perf/time_per_step:765.9007336299983 - perf/throughput:1211.0825323325812[36m(TaskRunner pid=1974692)[0m Training Progress:  93%|█████████▎| 247/267 [1:29:05<4:14:47, 764.37s/it]
[36m(TaskRunner pid=1974692)[0m Training Progress:  93%|█████████▎| 248/267 [1:41:03<3:57:24, 749.70s/it]

[36m(TaskRunner pid=1974692)[0m Dumped generations to /home/yw4636/agentic-tvg/results/grpo-vanilla/rollouts/248.jsonl
[36m(TaskRunner pid=1974692)[0m step:248 - global_seqlen/min:896855 - global_seqlen/max:896855 - global_seqlen/minmax_diff:0 - global_seqlen/balanced_min:896855 - global_seqlen/balanced_max:896855 - global_seqlen/mean:896855.0 - actor/entropy:0.901793360710144 - perf/mfu/actor_infer:0.29612984597505687 - training/rollout_probs_diff_valid:1 - training/rollout_probs_diff_max:0.33606940507888794 - training/rollout_probs_diff_mean:0.010211857035756111 - training/rollout_probs_diff_std:0.015959687530994415 - training/rollout_actor_probs_pearson_corr:0.998637855052948 - rollout_corr/training_ppl:2.496964931488037 - rollout_corr/training_log_ppl:0.9010521173477173 - rollout_corr/kl:0.0027978443540632725 - rollout_corr/k3_kl:0.0030368641018867493 - rollout_corr/rollout_ppl:2.489457845687866 - rollout_corr/rollout_log_ppl:0.8981544971466064 - rollout_corr/log_ppl_diff:0.002897644182667136 - rollout_corr/log_ppl_abs_diff:0.00380260800011456 - rollout_corr/log_ppl_diff_max:0.014049887657165527 - rollout_corr/log_ppl_diff_min:-0.00899273157119751 - rollout_corr/ppl_ratio:1.0029096603393555 - rollout_corr/chi2_token:0.00664365291595459 - rollout_corr/chi2_seq:14.001730918884277 - actor/pg_clipfrac:np.float64(0.0) - actor/ppo_kl:np.float64(0.0) - actor/pg_clipfrac_lower:np.float64(0.0) - actor/pg_loss:np.float64(0.0008067868370744691) - actor/kl_loss:np.float64(0.011927128085517325) - actor/kl_coef:np.float64(0.0010000000000000002) - actor/loss:np.float64(0.0008187126368284225) - actor/grad_norm:np.float64(0.07832083851099014) - actor/lr:np.float64(1.1119843675210907e-06) - actor/perf/max_memory_allocated_gb:np.float64(39.18291997909546) - actor/perf/max_memory_reserved_gb:np.float64(41.865234375) - actor/perf/cpu_memory_used_gb:np.float64(97.62507247924805) - perf/mfu/actor:np.float64(0.3415079815180266) - training/global_step:248 - training/epoch:1 - critic/score/mean:1.4440056085586548 - critic/score/max:1.9850000143051147 - critic/score/min:0.6127946376800537 - critic/rewards/mean:1.4440056085586548 - critic/rewards/max:1.9850000143051147 - critic/rewards/min:0.6127946376800537 - critic/advantages/mean:-0.0008067721500992775 - critic/advantages/max:2.243342399597168 - critic/advantages/min:-3.3342065811157227 - critic/returns/mean:-0.0008067721500992775 - critic/returns/max:2.243342399597168 - critic/returns/min:-3.3342065811157227 - response_length/mean:3092.4296875 - response_length/max:3516.0 - response_length/min:2675.0 - response_length/clip_ratio:0.0 - response_length_non_aborted/mean:3092.4296875 - response_length_non_aborted/max:3516.0 - response_length_non_aborted/min:2675.0 - response_length_non_aborted/clip_ratio:0.0 - response/aborted_ratio:0.0 - prompt_length/mean:3914.25 - prompt_length/max:4141.0 - prompt_length/min:3630.0 - prompt_length/clip_ratio:0.0 - num_turns/min:np.int32(4) - num_turns/max:np.int32(4) - num_turns/mean:np.float64(4.0) - timing_s/start_profile:6.847595795989037e-05 - timing_s/agent_loop/num_preempted/min:np.int64(-1) - timing_s/agent_loop/num_preempted/max:np.int64(-1) - timing_s/agent_loop/num_preempted/mean:np.float64(-1.0) - timing_s/agent_loop/generate_sequences/min:np.float64(70.31132596300449) - timing_s/agent_loop/generate_sequences/max:np.float64(113.21137001097668) - timing_s/agent_loop/generate_sequences/mean:np.float64(99.54084281950418) - timing_s/agent_loop/tool_calls/min:np.float64(0.06630760303232819) - timing_s/agent_loop/tool_calls/max:np.float64(0.7372471379931085) - timing_s/agent_loop/tool_calls/mean:np.float64(0.1437294173306327) - timing_s/agent_loop/compute_score/min:np.float64(0.28875501395668834) - timing_s/agent_loop/compute_score/max:np.float64(3.357655849016737) - timing_s/agent_loop/compute_score/mean:np.float64(0.8892978918861445) - timing_s/agent_loop/slowest/generate_sequences:np.float64(113.21137001097668) - timing_s/agent_loop/slowest/tool_calls:np.float64(0.09371572802774608) - timing_s/agent_loop/slowest/compute_score:np.float64(0.9194448299822398) - timing_s/agent_loop/slowest/num_preempted:np.int64(-1) - timing_s/agent_loop/slowest/prompt_length:4141 - timing_s/agent_loop/slowest/response_length:3447 - timing_s/gen:139.62464916799217 - timing_s/reward:0.0005284470389597118 - timing_s/old_log_prob:139.11081959004514 - timing_s/ref:128.7786373530398 - timing_s/adv:0.16938122600549832 - timing_s/update_actor:305.36855811899295 - timing_s/update_weights:3.9897390619735233 - timing_s/dump_rollout_generations:0.32325508596841246 - timing_s/step:717.5432594029699 - timing_s/stop_profile:4.620995605364442e-05 - timing_per_token_ms/update_actor:0.34048821506151267 - timing_per_token_ms/adv:0.00018886132764549265 - timing_per_token_ms/gen:0.3527380350907134 - timing_per_token_ms/ref:0.14358913910614293 - perf/total_num_tokens:896855 - perf/time_per_step:717.5432594029699 - perf/throughput:1249.8967668461216
[36m(TaskRunner pid=1974692)[0m Dumped generations to /home/yw4636/agentic-tvg/results/grpo-vanilla/rollouts/249.jsonl
[36m(TaskRunner pid=1974692)[0m step:249 - global_seqlen/min:923081 - global_seqlen/max:923081 - global_seqlen/minmax_diff:0 - global_seqlen/balanced_min:923081 - global_seqlen/balanced_max:923081 - global_seqlen/mean:923081.0 - actor/entropy:0.8118281364440918 - perf/mfu/actor_infer:0.2983744683030058 - training/rollout_probs_diff_valid:1 - training/rollout_probs_diff_max:0.31645306944847107 - training/rollout_probs_diff_mean:0.010284394957125187 - training/rollout_probs_diff_std:0.01675463654100895 - training/rollout_actor_probs_pearson_corr:0.9984784722328186 - rollout_corr/training_ppl:2.2686960697174072 - rollout_corr/training_log_ppl:0.806389570236206 - rollout_corr/kl:0.0029188445769250393 - rollout_corr/k3_kl:0.0030986613128334284 - rollout_corr/rollout_ppl:2.2621214389801025 - rollout_corr/rollout_log_ppl:0.8034759759902954 - rollout_corr/log_ppl_diff:0.002913533477112651 - rollout_corr/log_ppl_abs_diff:0.004131861962378025 - rollout_corr/log_ppl_diff_max:0.01573002338409424 - rollout_corr/log_ppl_diff_min:-0.008674919605255127 - rollout_corr/ppl_ratio:1.0029264688491821 - rollout_corr/chi2_token:0.00676882266998291 - rollout_corr/chi2_seq:5.259462356567383 - actor/pg_clipfrac:np.float64(0.0) - actor/ppo_kl:np.float64(0.0) - actor/pg_clipfrac_lower:np.float64(0.0) - actor/pg_loss:np.float64(-0.019486361154122278) - actor/kl_loss:np.float64(0.011796457372838631) - actor/kl_coef:np.float64(0.0010000000000000002) - actor/loss:np.float64(-0.019474565982818604) - actor/grad_norm:np.float64(0.06940431892871857) - actor/lr:np.float64(1.100549692001286e-06) - actor/perf/max_memory_allocated_gb:np.float64(39.18291997909546) - actor/perf/max_memory_reserved_gb:np.float64(41.865234375) - actor/perf/cpu_memory_used_gb:np.float64(99.14282989501953) - perf/mfu/actor:np.float64(0.34119377631500225) - training/global_step:249 - training/epoch:1 - critic/score/mean:1.421412706375122 - critic/score/max:1.9595832824707031 - critic/score/min:0.5 - critic/rewards/mean:1.421412706375122 - critic/rewards/max:1.9595832824707031 - critic/rewards/min:0.5 - critic/advantages/mean:0.019486354663968086 - critic/advantages/max:2.41325044631958 - critic/advantages/min:-3.7499847412109375 - critic/returns/mean:0.019486354663968086 - critic/returns/max:2.41325044631958 - critic/returns/min:-3.7499847412109375 - response_length/mean:3239.1953125 - response_length/max:3552.0 - response_length/min:3038.0 - response_length/clip_ratio:0.0 - response_length_non_aborted/mean:3239.1953125 - response_length_non_aborted/max:3552.0 - response_length_non_aborted/min:3038.0 - response_length_non_aborted/clip_ratio:0.0 - response/aborted_ratio:0.0 - prompt_length/mean:3972.375 - prompt_length/max:4134.0 - prompt_length/min:3939.0 - prompt_length/clip_ratio:0.0 - num_turns/min:np.int32(4) - num_turns/max:np.int32(4) - num_turns/mean:np.float64(4.0) - timing_s/start_profile:6.110797403380275e-05 - timing_s/agent_loop/num_preempted/min:np.int64(-1) - timing_s/agent_loop/num_preempted/max:np.int64(-1) - timing_s/agent_loop/num_preempted/mean:np.float64(-1.0) - timing_s/agent_loop/generate_sequences/min:np.float64(72.0375092139584) - timing_s/agent_loop/generate_sequences/max:np.float64(112.4682783309836) - timing_s/agent_loop/generate_sequences/mean:np.float64(100.37059232602405) - timing_s/agent_loop/tool_calls/min:np.float64(0.05355158704333007) - timing_s/agent_loop/tool_calls/max:np.float64(0.7734671960351989) - timing_s/agent_loop/tool_calls/mean:np.float64(0.16796319030027007) - timing_s/agent_loop/compute_score/min:np.float64(0.31894504401134327) - timing_s/agent_loop/compute_score/max:np.float64(3.829948519007303) - timing_s/agent_loop/compute_score/mean:np.float64(1.0200540303744674) - timing_s/agent_loop/slowest/generate_sequences:np.float64(111.54721921600867) - timing_s/agent_loop/slowest/tool_calls:np.float64(0.7261143670184538) - timing_s/agent_loop/slowest/compute_score:np.float64(1.8748175789951347) - timing_s/agent_loop/slowest/num_preempted:np.int64(-1) - timing_s/agent_loop/slowest/prompt_length:3943 - timing_s/agent_loop/slowest/response_length:3305 - timing_s/gen:146.39979825995397 - timing_s/reward:0.000528944015968591 - timing_s/old_log_prob:141.46624489303213 - timing_s/ref:136.38935715099797 - timing_s/adv:0.16773283702787012 - timing_s/update_actor:319.3649916250142 - timing_s/update_weights:4.023779683047906 - timing_s/dump_rollout_generations:0.32470666494918987 - timing_s/step:748.3183380870032 - timing_s/stop_profile:8.053402416408062e-05 - timing_per_token_ms/update_actor:0.3459772128610753 - timing_per_token_ms/adv:0.00018170977089537117 - timing_per_token_ms/gen:0.35309646796912325 - timing_per_token_ms/ref:0.14775448433127533 - perf/total_num_tokens:923081 - perf/time_per_step:748.3183380870032 - perf/throughput:1233.5405308384652[36m(TaskRunner pid=1974692)[0m Training Progress:  93%|█████████▎| 249/267 [1:53:32<3:44:51, 749.50s/it]
[36m(TaskRunner pid=1974692)[0m Training Progress:  94%|█████████▎| 250/267 [2:05:41<3:30:30, 742.97s/it]

[36m(TaskRunner pid=1974692)[0m Dumped generations to /home/yw4636/agentic-tvg/results/grpo-vanilla/rollouts/250.jsonl
[36m(TaskRunner pid=1974692)[0m step:250 - global_seqlen/min:907836 - global_seqlen/max:907836 - global_seqlen/minmax_diff:0 - global_seqlen/balanced_min:907836 - global_seqlen/balanced_max:907836 - global_seqlen/mean:907836.0 - actor/entropy:0.8398210406303406 - perf/mfu/actor_infer:0.2951011945092556 - training/rollout_probs_diff_valid:1 - training/rollout_probs_diff_max:0.4074070453643799 - training/rollout_probs_diff_mean:0.010086704045534134 - training/rollout_probs_diff_std:0.015778105705976486 - training/rollout_actor_probs_pearson_corr:0.9986275434494019 - rollout_corr/training_ppl:2.3016517162323 - rollout_corr/training_log_ppl:0.8210426568984985 - rollout_corr/kl:0.0028599239885807037 - rollout_corr/k3_kl:0.0029068784788250923 - rollout_corr/rollout_ppl:2.2947349548339844 - rollout_corr/rollout_log_ppl:0.8182184100151062 - rollout_corr/log_ppl_diff:0.0028242236003279686 - rollout_corr/log_ppl_abs_diff:0.00363647798076272 - rollout_corr/log_ppl_diff_max:0.011771559715270996 - rollout_corr/log_ppl_diff_min:-0.0074356794357299805 - rollout_corr/ppl_ratio:1.0028349161148071 - rollout_corr/chi2_token:0.00600278377532959 - rollout_corr/chi2_seq:4.033646583557129 - actor/pg_clipfrac:np.float64(0.0) - actor/ppo_kl:np.float64(0.0) - actor/pg_clipfrac_lower:np.float64(0.0) - actor/pg_loss:np.float64(0.01624323212308809) - actor/kl_loss:np.float64(0.012140067789005116) - actor/kl_coef:np.float64(0.0010000000000000002) - actor/loss:np.float64(0.016255374997854233) - actor/grad_norm:np.float64(0.07910361140966415) - actor/lr:np.float64(1.089724091278081e-06) - actor/perf/max_memory_allocated_gb:np.float64(39.18291997909546) - actor/perf/max_memory_reserved_gb:np.float64(41.865234375) - actor/perf/cpu_memory_used_gb:np.float64(98.5495719909668) - perf/mfu/actor:np.float64(0.3398731823252037) - training/global_step:250 - training/epoch:1 - critic/score/mean:1.3039240837097168 - critic/score/max:1.9386839866638184 - critic/score/min:0.5 - critic/rewards/mean:1.3039240837097168 - critic/rewards/max:1.9386839866638184 - critic/rewards/min:0.5 - critic/advantages/mean:-0.01624324731528759 - critic/advantages/max:2.1013665199279785 - critic/advantages/min:-3.151545524597168 - critic/returns/mean:-0.01624324731528759 - critic/returns/max:2.1013665199279785 - critic/returns/min:-3.151545524597168 - response_length/mean:3117.09375 - response_length/max:3521.0 - response_length/min:228.0 - response_length/clip_ratio:0.0 - response_length_non_aborted/mean:3117.09375 - response_length_non_aborted/max:3521.0 - response_length_non_aborted/min:228.0 - response_length_non_aborted/clip_ratio:0.0 - response/aborted_ratio:0.0 - prompt_length/mean:3975.375 - prompt_length/max:4150.0 - prompt_length/min:3622.0 - prompt_length/clip_ratio:0.0 - num_turns/min:np.int32(4) - num_turns/max:np.int32(4) - num_turns/mean:np.float64(4.0) - timing_s/start_profile:7.335096597671509e-05 - timing_s/agent_loop/num_preempted/min:np.int64(-1) - timing_s/agent_loop/num_preempted/max:np.int64(-1) - timing_s/agent_loop/num_preempted/mean:np.float64(-1.0) - timing_s/agent_loop/generate_sequences/min:np.float64(70.234793643991) - timing_s/agent_loop/generate_sequences/max:np.float64(111.45304196799407) - timing_s/agent_loop/generate_sequences/mean:np.float64(97.34029522449464) - timing_s/agent_loop/tool_calls/min:np.float64(0.00011538498802110553) - timing_s/agent_loop/tool_calls/max:np.float64(0.7147199049941264) - timing_s/agent_loop/tool_calls/mean:np.float64(0.14390931736807033) - timing_s/agent_loop/compute_score/min:np.float64(0.28542719897814095) - timing_s/agent_loop/compute_score/max:np.float64(4.134001819998957) - timing_s/agent_loop/compute_score/mean:np.float64(1.015040126225358) - timing_s/agent_loop/slowest/generate_sequences:np.float64(110.41140009398805) - timing_s/agent_loop/slowest/tool_calls:np.float64(0.25850225903559476) - timing_s/agent_loop/slowest/compute_score:np.float64(2.5437596830306575) - timing_s/agent_loop/slowest/num_preempted:np.int64(-1) - timing_s/agent_loop/slowest/prompt_length:3936 - timing_s/agent_loop/slowest/response_length:3403 - timing_s/gen:139.74166453100042 - timing_s/reward:0.0005340739735402167 - timing_s/old_log_prob:139.74153075099457 - timing_s/ref:131.84312266402412 - timing_s/adv:0.16285047604469582 - timing_s/update_actor:312.28532878501574 - timing_s/update_weights:3.990633972978685 - timing_s/dump_rollout_generations:0.32548425398999825 - timing_s/step:728.2550145980204 - timing_s/stop_profile:4.551798338070512e-05 - timing_per_token_ms/update_actor:0.34398870367006346 - timing_per_token_ms/adv:0.0001793831441413381 - timing_per_token_ms/gen:0.3502402692085988 - timing_per_token_ms/ref:0.14522790753398646 - perf/total_num_tokens:907836 - perf/time_per_step:728.2550145980204 - perf/throughput:1246.5907982811545
[36m(TaskRunner pid=1974692)[0m Dumped generations to /home/yw4636/agentic-tvg/results/grpo-vanilla/rollouts/251.jsonl
[36m(TaskRunner pid=1974692)[0m step:251 - global_seqlen/min:928865 - global_seqlen/max:928865 - global_seqlen/minmax_diff:0 - global_seqlen/balanced_min:928865 - global_seqlen/balanced_max:928865 - global_seqlen/mean:928865.0 - actor/entropy:0.8757602572441101 - perf/mfu/actor_infer:0.29702418689182614 - training/rollout_probs_diff_valid:1 - training/rollout_probs_diff_max:0.3532331585884094 - training/rollout_probs_diff_mean:0.010280379094183445 - training/rollout_probs_diff_std:0.01623879000544548 - training/rollout_actor_probs_pearson_corr:0.9985684156417847 - rollout_corr/training_ppl:2.434295415878296 - rollout_corr/training_log_ppl:0.8762812614440918 - rollout_corr/kl:0.0030716871842741966 - rollout_corr/k3_kl:0.0031562182120978832 - rollout_corr/rollout_ppl:2.426666259765625 - rollout_corr/rollout_log_ppl:0.8732414841651917 - rollout_corr/log_ppl_diff:0.003039795672520995 - rollout_corr/log_ppl_abs_diff:0.003898467170074582 - rollout_corr/log_ppl_diff_max:0.01273202896118164 - rollout_corr/log_ppl_diff_min:-0.004937171936035156 - rollout_corr/ppl_ratio:1.003051519393921 - rollout_corr/chi2_token:0.006605863571166992 - rollout_corr/chi2_seq:1.7930572032928467 - actor/pg_clipfrac:np.float64(0.0) - actor/ppo_kl:np.float64(0.0) - actor/pg_clipfrac_lower:np.float64(0.0) - actor/pg_loss:np.float64(0.007262417231686413) - actor/kl_loss:np.float64(0.012013852945528924) - actor/kl_coef:np.float64(0.0010000000000000002) - actor/loss:np.float64(0.0072744302451610565) - actor/grad_norm:np.float64(0.07468559592962265) - actor/lr:np.float64(1.0795090640842936e-06) - actor/perf/max_memory_allocated_gb:np.float64(39.18291997909546) - actor/perf/max_memory_reserved_gb:np.float64(41.8671875) - actor/perf/cpu_memory_used_gb:np.float64(99.54985809326172) - perf/mfu/actor:np.float64(0.3402268181147709) - training/global_step:251 - training/epoch:1 - critic/score/mean:1.0376455783843994 - critic/score/max:1.783750057220459 - critic/score/min:0.5 - critic/rewards/mean:1.0376455783843994 - critic/rewards/max:1.783750057220459 - critic/rewards/min:0.5 - critic/advantages/mean:-0.007262428756803274 - critic/advantages/max:3.7435598373413086 - critic/advantages/min:-2.2816970348358154 - critic/returns/mean:-0.007262428756803274 - critic/returns/max:3.7435598373413086 - critic/returns/min:-2.2816970348358154 - response_length/mean:3239.2578125 - response_length/max:3494.0 - response_length/min:2944.0 - response_length/clip_ratio:0.0 - response_length_non_aborted/mean:3239.2578125 - response_length_non_aborted/max:3494.0 - response_length_non_aborted/min:2944.0 - response_length_non_aborted/clip_ratio:0.0 - response/aborted_ratio:0.0 - prompt_length/mean:4017.5 - prompt_length/max:4151.0 - prompt_length/min:3939.0 - prompt_length/clip_ratio:0.0 - num_turns/min:np.int32(4) - num_turns/max:np.int32(4) - num_turns/mean:np.float64(4.0) - timing_s/start_profile:7.145799463614821e-05 - timing_s/agent_loop/num_preempted/min:np.int64(-1) - timing_s/agent_loop/num_preempted/max:np.int64(-1) - timing_s/agent_loop/num_preempted/mean:np.float64(-1.0) - timing_s/agent_loop/generate_sequences/min:np.float64(65.69760509801563) - timing_s/agent_loop/generate_sequences/max:np.float64(123.45602261199383) - timing_s/agent_loop/generate_sequences/mean:np.float64(107.86069760527062) - timing_s/agent_loop/tool_calls/min:np.float64(0.0634316589566879) - timing_s/agent_loop/tool_calls/max:np.float64(0.2907218740438111) - timing_s/agent_loop/tool_calls/mean:np.float64(0.13003392493010324) - timing_s/agent_loop/compute_score/min:np.float64(0.31521355401491746) - timing_s/agent_loop/compute_score/max:np.float64(2.530001060978975) - timing_s/agent_loop/compute_score/mean:np.float64(0.9369203248670601) - timing_s/agent_loop/slowest/generate_sequences:np.float64(123.45602261199383) - timing_s/agent_loop/slowest/tool_calls:np.float64(0.09793534298660234) - timing_s/agent_loop/slowest/compute_score:np.float64(0.9750874500023201) - timing_s/agent_loop/slowest/num_preempted:np.int64(-1) - timing_s/agent_loop/slowest/prompt_length:3950 - timing_s/agent_loop/slowest/response_length:3431 - timing_s/gen:150.91703932499513 - timing_s/reward:0.0004290409851819277 - timing_s/old_log_prob:145.30955677601742 - timing_s/ref:136.45715200999985 - timing_s/adv:0.16708530200412497 - timing_s/update_actor:318.0853849599953 - timing_s/update_weights:4.015087979962118 - timing_s/dump_rollout_generations:0.32333317800657824 - timing_s/step:755.4346282889601 - timing_s/stop_profile:4.756002454087138e-05 - timing_per_token_ms/update_actor:0.34244522612004463 - timing_per_token_ms/adv:0.00017988114742629443 - timing_per_token_ms/gen:0.3639844180283271 - timing_per_token_ms/ref:0.14690741066785792 - perf/total_num_tokens:928865 - perf/time_per_step:755.4346282889601 - perf/throughput:1229.5769418246755[36m(TaskRunner pid=1974692)[0m Training Progress:  94%|█████████▍| 251/267 [2:18:17<3:19:12, 747.00s/it]
[36m(TaskRunner pid=1974692)[0m Training Progress:  94%|█████████▍| 252/267 [2:30:53<3:07:25, 749.72s/it]

[36m(TaskRunner pid=1974692)[0m Dumped generations to /home/yw4636/agentic-tvg/results/grpo-vanilla/rollouts/252.jsonl
[36m(TaskRunner pid=1974692)[0m step:252 - global_seqlen/min:923176 - global_seqlen/max:923176 - global_seqlen/minmax_diff:0 - global_seqlen/balanced_min:923176 - global_seqlen/balanced_max:923176 - global_seqlen/mean:923176.0 - actor/entropy:0.8890426754951477 - perf/mfu/actor_infer:0.29712454088829077 - training/rollout_probs_diff_valid:1 - training/rollout_probs_diff_max:0.3603707551956177 - training/rollout_probs_diff_mean:0.010259050875902176 - training/rollout_probs_diff_std:0.01615219935774803 - training/rollout_actor_probs_pearson_corr:0.9985960125923157 - rollout_corr/training_ppl:2.443751811981201 - rollout_corr/training_log_ppl:0.8802601099014282 - rollout_corr/kl:0.0034396452829241753 - rollout_corr/k3_kl:0.0031509206164628267 - rollout_corr/rollout_ppl:2.4352524280548096 - rollout_corr/rollout_log_ppl:0.8768333792686462 - rollout_corr/log_ppl_diff:0.0034267595037817955 - rollout_corr/log_ppl_abs_diff:0.0042623067274689674 - rollout_corr/log_ppl_diff_max:0.017119526863098145 - rollout_corr/log_ppl_diff_min:-0.00854402780532837 - rollout_corr/ppl_ratio:1.0034422874450684 - rollout_corr/chi2_token:0.006436705589294434 - rollout_corr/chi2_seq:1.2361714839935303 - actor/pg_clipfrac:np.float64(0.0) - actor/ppo_kl:np.float64(0.0) - actor/pg_clipfrac_lower:np.float64(0.0) - actor/pg_loss:np.float64(-0.004283505943021737) - actor/kl_loss:np.float64(0.012788686843123287) - actor/kl_coef:np.float64(0.0010000000000000002) - actor/loss:np.float64(-0.00427071750164032) - actor/grad_norm:np.float64(0.07386709749698639) - actor/lr:np.float64(1.0699060246228754e-06) - actor/perf/max_memory_allocated_gb:np.float64(39.18291997909546) - actor/perf/max_memory_reserved_gb:np.float64(41.8671875) - actor/perf/cpu_memory_used_gb:np.float64(115.84418487548828) - perf/mfu/actor:np.float64(0.3406208888756852) - training/global_step:252 - training/epoch:1 - critic/score/mean:1.2615678310394287 - critic/score/max:2.0 - critic/score/min:0.5 - critic/rewards/mean:1.2615678310394287 - critic/rewards/max:2.0 - critic/rewards/min:0.5 - critic/advantages/mean:0.004283500369638205 - critic/advantages/max:3.373953104019165 - critic/advantages/min:-3.1440272331237793 - critic/returns/mean:0.004283500369638205 - critic/returns/max:3.373953104019165 - critic/returns/min:-3.1440272331237793 - response_length/mean:3220.8125 - response_length/max:3470.0 - response_length/min:2942.0 - response_length/clip_ratio:0.0 - response_length_non_aborted/mean:3220.8125 - response_length_non_aborted/max:3470.0 - response_length_non_aborted/min:2942.0 - response_length_non_aborted/clip_ratio:0.0 - response/aborted_ratio:0.0 - prompt_length/mean:3991.5 - prompt_length/max:4133.0 - prompt_length/min:3937.0 - prompt_length/clip_ratio:0.0 - num_turns/min:np.int32(4) - num_turns/max:np.int32(4) - num_turns/mean:np.float64(4.0) - timing_s/start_profile:6.712495815008879e-05 - timing_s/agent_loop/num_preempted/min:np.int64(-1) - timing_s/agent_loop/num_preempted/max:np.int64(-1) - timing_s/agent_loop/num_preempted/mean:np.float64(-1.0) - timing_s/agent_loop/generate_sequences/min:np.float64(71.74215054203523) - timing_s/agent_loop/generate_sequences/max:np.float64(118.4097749600187) - timing_s/agent_loop/generate_sequences/mean:np.float64(104.48241644366408) - timing_s/agent_loop/tool_calls/min:np.float64(0.06512080499669537) - timing_s/agent_loop/tool_calls/max:np.float64(0.7885113300289959) - timing_s/agent_loop/tool_calls/mean:np.float64(0.16060526540559295) - timing_s/agent_loop/compute_score/min:np.float64(0.3181514759780839) - timing_s/agent_loop/compute_score/max:np.float64(3.167724525963422) - timing_s/agent_loop/compute_score/mean:np.float64(0.9954007818510036) - timing_s/agent_loop/slowest/generate_sequences:np.float64(118.16926653502742) - timing_s/agent_loop/slowest/tool_calls:np.float64(0.10140833898913115) - timing_s/agent_loop/slowest/compute_score:np.float64(1.8568128789775074) - timing_s/agent_loop/slowest/num_preempted:np.int64(-1) - timing_s/agent_loop/slowest/prompt_length:3949 - timing_s/agent_loop/slowest/response_length:3362 - timing_s/gen:150.28187225200236 - timing_s/reward:0.00050708296475932 - timing_s/old_log_prob:144.10962338699028 - timing_s/ref:137.97651018196484 - timing_s/adv:0.170586246997118 - timing_s/update_actor:318.8462750329636 - timing_s/update_weights:3.981240453023929 - timing_s/dump_rollout_generations:0.32435035501839593 - timing_s/step:755.8628683159477 - timing_s/stop_profile:4.3812033254653215e-05 - timing_per_token_ms/update_actor:0.34537972719499166 - timing_per_token_ms/adv:0.0001847819343192609 - timing_per_token_ms/gen:0.3645282446490655 - timing_per_token_ms/ref:0.14945851081696757 - perf/total_num_tokens:923176 - perf/time_per_step:755.8628683159477 - perf/throughput:1221.3538178649042
[36m(TaskRunner pid=1974692)[0m Dumped generations to /home/yw4636/agentic-tvg/results/grpo-vanilla/rollouts/253.jsonl
[36m(TaskRunner pid=1974692)[0m step:253 - global_seqlen/min:929665 - global_seqlen/max:929665 - global_seqlen/minmax_diff:0 - global_seqlen/balanced_min:929665 - global_seqlen/balanced_max:929665 - global_seqlen/mean:929665.0 - actor/entropy:0.872723400592804 - perf/mfu/actor_infer:0.2974982809764862 - training/rollout_probs_diff_valid:1 - training/rollout_probs_diff_max:0.371753454208374 - training/rollout_probs_diff_mean:0.01048012264072895 - training/rollout_probs_diff_std:0.016923265531659126 - training/rollout_actor_probs_pearson_corr:0.9984839558601379 - rollout_corr/training_ppl:2.378511428833008 - rollout_corr/training_log_ppl:0.8541781902313232 - rollout_corr/kl:0.004192453809082508 - rollout_corr/k3_kl:0.0034979425836354494 - rollout_corr/rollout_ppl:2.368333578109741 - rollout_corr/rollout_log_ppl:0.849928081035614 - rollout_corr/log_ppl_diff:0.0042501515708863735 - rollout_corr/log_ppl_abs_diff:0.004631952382624149 - rollout_corr/log_ppl_diff_max:0.027068018913269043 - rollout_corr/log_ppl_diff_min:-0.005201756954193115 - rollout_corr/ppl_ratio:1.0042697191238403 - rollout_corr/chi2_token:0.00537717342376709 - rollout_corr/chi2_seq:-0.15018612146377563 - actor/pg_clipfrac:np.float64(0.0) - actor/ppo_kl:np.float64(0.0) - actor/pg_clipfrac_lower:np.float64(0.0) - actor/pg_loss:np.float64(0.0011584511958062649) - actor/kl_loss:np.float64(0.012520849835709669) - actor/kl_coef:np.float64(0.0010000000000000002) - actor/loss:np.float64(0.0011709704995155334) - actor/grad_norm:np.float64(0.07563770562410355) - actor/lr:np.float64(1.0609163023711249e-06) - actor/perf/max_memory_allocated_gb:np.float64(39.18291997909546) - actor/perf/max_memory_reserved_gb:np.float64(41.92578125) - actor/perf/cpu_memory_used_gb:np.float64(99.78651428222656) - perf/mfu/actor:np.float64(0.3391331413639021) - training/global_step:253 - training/epoch:1 - critic/score/mean:1.16530442237854 - critic/score/max:1.9328124523162842 - critic/score/min:0.5 - critic/rewards/mean:1.16530442237854 - critic/rewards/max:1.9328124523162842 - critic/rewards/min:0.5 - critic/advantages/mean:-0.001158461207523942 - critic/advantages/max:2.070249557495117 - critic/advantages/min:-3.3033251762390137 - critic/returns/mean:-0.001158461207523942 - critic/returns/max:2.070249557495117 - critic/returns/min:-3.3033251762390137 - response_length/mean:3247.8828125 - response_length/max:3598.0 - response_length/min:3006.0 - response_length/clip_ratio:0.0 - response_length_non_aborted/mean:3247.8828125 - response_length_non_aborted/max:3598.0 - response_length_non_aborted/min:3006.0 - response_length_non_aborted/clip_ratio:0.0 - response/aborted_ratio:0.0 - prompt_length/mean:4015.125 - prompt_length/max:4153.0 - prompt_length/min:3936.0 - prompt_length/clip_ratio:0.0 - num_turns/min:np.int32(4) - num_turns/max:np.int32(4) - num_turns/mean:np.float64(4.0) - timing_s/start_profile:5.775300087407231e-05 - timing_s/agent_loop/num_preempted/min:np.int64(-1) - timing_s/agent_loop/num_preempted/max:np.int64(-1) - timing_s/agent_loop/num_preempted/mean:np.float64(-1.0) - timing_s/agent_loop/generate_sequences/min:np.float64(71.03780284500681) - timing_s/agent_loop/generate_sequences/max:np.float64(120.06453324097674) - timing_s/agent_loop/generate_sequences/mean:np.float64(103.10098817191192) - timing_s/agent_loop/tool_calls/min:np.float64(0.06496852799318731) - timing_s/agent_loop/tool_calls/max:np.float64(0.8516381490044296) - timing_s/agent_loop/tool_calls/mean:np.float64(0.14169412227465727) - timing_s/agent_loop/compute_score/min:np.float64(0.31811907299561426) - timing_s/agent_loop/compute_score/max:np.float64(2.5332423159852624) - timing_s/agent_loop/compute_score/mean:np.float64(0.897244617033266) - timing_s/agent_loop/slowest/generate_sequences:np.float64(120.06453324097674) - timing_s/agent_loop/slowest/tool_calls:np.float64(0.2500658010249026) - timing_s/agent_loop/slowest/compute_score:np.float64(0.8707454369869083) - timing_s/agent_loop/slowest/num_preempted:np.int64(-1) - timing_s/agent_loop/slowest/prompt_length:3940 - timing_s/agent_loop/slowest/response_length:3597 - timing_s/gen:145.36153889499838 - timing_s/reward:0.0005017779767513275 - timing_s/old_log_prob:152.0883505769889 - timing_s/ref:141.72811882203678 - timing_s/adv:0.15899295802228153 - timing_s/update_actor:333.40283274900867 - timing_s/update_weights:3.987209699989762 - timing_s/dump_rollout_generations:0.3253518980345689 - timing_s/step:777.2097170929774 - timing_s/stop_profile:4.37319977208972e-05 - timing_per_token_ms/update_actor:0.3586268524135131 - timing_per_token_ms/adv:0.0001710217745341403 - timing_per_token_ms/gen:0.34965455596073014 - timing_per_token_ms/ref:0.15245074174249518 - perf/total_num_tokens:929665 - perf/time_per_step:777.2097170929774 - perf/throughput:1196.157201272851[36m(TaskRunner pid=1974692)[0m Training Progress:  95%|█████████▍| 253/267 [2:43:50<2:56:52, 758.07s/it]
[36m(TaskRunner pid=1974692)[0m Training Progress:  95%|█████████▌| 254/267 [2:56:14<2:43:18, 753.73s/it]

[36m(TaskRunner pid=1974692)[0m Dumped generations to /home/yw4636/agentic-tvg/results/grpo-vanilla/rollouts/254.jsonl
[36m(TaskRunner pid=1974692)[0m step:254 - global_seqlen/min:925980 - global_seqlen/max:925980 - global_seqlen/minmax_diff:0 - global_seqlen/balanced_min:925980 - global_seqlen/balanced_max:925980 - global_seqlen/mean:925980.0 - actor/entropy:0.8760093450546265 - perf/mfu/actor_infer:0.29745871364914345 - training/rollout_probs_diff_valid:1 - training/rollout_probs_diff_max:0.4421415328979492 - training/rollout_probs_diff_mean:0.01096045970916748 - training/rollout_probs_diff_std:0.017522068694233894 - training/rollout_actor_probs_pearson_corr:0.9983466863632202 - rollout_corr/training_ppl:2.413719415664673 - rollout_corr/training_log_ppl:0.8682194352149963 - rollout_corr/kl:0.004193226341158152 - rollout_corr/k3_kl:0.0035837788600474596 - rollout_corr/rollout_ppl:2.403299570083618 - rollout_corr/rollout_log_ppl:0.8641367554664612 - rollout_corr/log_ppl_diff:0.00408266531303525 - rollout_corr/log_ppl_abs_diff:0.004892174620181322 - rollout_corr/log_ppl_diff_max:0.015221357345581055 - rollout_corr/log_ppl_diff_min:-0.006211638450622559 - rollout_corr/ppl_ratio:1.0041005611419678 - rollout_corr/chi2_token:0.006109952926635742 - rollout_corr/chi2_seq:1.0217721462249756 - actor/pg_clipfrac:np.float64(0.0) - actor/ppo_kl:np.float64(0.0) - actor/pg_clipfrac_lower:np.float64(0.0) - actor/pg_loss:np.float64(-0.00516165500448551) - actor/kl_loss:np.float64(0.01304468116723001) - actor/kl_coef:np.float64(0.0010000000000000002) - actor/loss:np.float64(-0.005148617550730705) - actor/grad_norm:np.float64(0.07018185406923294) - actor/lr:np.float64(1.0525411418966269e-06) - actor/perf/max_memory_allocated_gb:np.float64(39.18291997909546) - actor/perf/max_memory_reserved_gb:np.float64(41.92578125) - actor/perf/cpu_memory_used_gb:np.float64(99.94801330566406) - perf/mfu/actor:np.float64(0.3407094965884735) - training/global_step:254 - training/epoch:1 - critic/score/mean:1.1829259395599365 - critic/score/max:1.9331966638565063 - critic/score/min:0.5 - critic/rewards/mean:1.1829259395599365 - critic/rewards/max:1.9331966638565063 - critic/rewards/min:0.5 - critic/advantages/mean:0.005161669570952654 - critic/advantages/max:2.7352230548858643 - critic/advantages/min:-3.4464263916015625 - critic/returns/mean:0.005161669570952654 - critic/returns/max:2.7352230548858643 - critic/returns/min:-3.4464263916015625 - response_length/mean:3239.84375 - response_length/max:3531.0 - response_length/min:3019.0 - response_length/clip_ratio:0.0 - response_length_non_aborted/mean:3239.84375 - response_length_non_aborted/max:3531.0 - response_length_non_aborted/min:3019.0 - response_length_non_aborted/clip_ratio:0.0 - response/aborted_ratio:0.0 - prompt_length/mean:3994.375 - prompt_length/max:4141.0 - prompt_length/min:3937.0 - prompt_length/clip_ratio:0.0 - num_turns/min:np.int32(4) - num_turns/max:np.int32(4) - num_turns/mean:np.float64(4.0) - timing_s/start_profile:6.165000377222896e-05 - timing_s/agent_loop/num_preempted/min:np.int64(-1) - timing_s/agent_loop/num_preempted/max:np.int64(-1) - timing_s/agent_loop/num_preempted/mean:np.float64(-1.0) - timing_s/agent_loop/generate_sequences/min:np.float64(63.04401898296783) - timing_s/agent_loop/generate_sequences/max:np.float64(119.04813875997206) - timing_s/agent_loop/generate_sequences/mean:np.float64(103.9120475779464) - timing_s/agent_loop/tool_calls/min:np.float64(0.05995868897298351) - timing_s/agent_loop/tool_calls/max:np.float64(0.7506157190073282) - timing_s/agent_loop/tool_calls/mean:np.float64(0.13862510041781206) - timing_s/agent_loop/compute_score/min:np.float64(0.3209470629808493) - timing_s/agent_loop/compute_score/max:np.float64(4.342259542027023) - timing_s/agent_loop/compute_score/mean:np.float64(1.0574027454995303) - timing_s/agent_loop/slowest/generate_sequences:np.float64(117.80430108401924) - timing_s/agent_loop/slowest/tool_calls:np.float64(0.3309370200149715) - timing_s/agent_loop/slowest/compute_score:np.float64(2.613673646992538) - timing_s/agent_loop/slowest/num_preempted:np.int64(-1) - timing_s/agent_loop/slowest/prompt_length:3966 - timing_s/agent_loop/slowest/response_length:3332 - timing_s/gen:146.02587734599365 - timing_s/reward:0.0004327170317992568 - timing_s/old_log_prob:141.75574153102934 - timing_s/ref:133.4536054530181 - timing_s/adv:0.16607789898989722 - timing_s/update_actor:317.0727885970264 - timing_s/update_weights:4.038482939999085 - timing_s/dump_rollout_generations:0.3418817440397106 - timing_s/step:743.014655966952 - timing_s/stop_profile:4.284502938389778e-05 - timing_per_token_ms/update_actor:0.3424186144377053 - timing_per_token_ms/adv:0.00017935365665554032 - timing_per_token_ms/gen:0.3521241315312121 - timing_per_token_ms/ref:0.14412147719499135 - perf/total_num_tokens:925980 - perf/time_per_step:743.014655966952 - perf/throughput:1246.2472880766245
[36m(TaskRunner pid=1974692)[0m Dumped generations to /home/yw4636/agentic-tvg/results/grpo-vanilla/rollouts/255.jsonl
[36m(TaskRunner pid=1974692)[0m step:255 - global_seqlen/min:923323 - global_seqlen/max:923323 - global_seqlen/minmax_diff:0 - global_seqlen/balanced_min:923323 - global_seqlen/balanced_max:923323 - global_seqlen/mean:923323.0 - actor/entropy:0.8532068133354187 - perf/mfu/actor_infer:0.29791731646830355 - training/rollout_probs_diff_valid:1 - training/rollout_probs_diff_max:0.4145255386829376 - training/rollout_probs_diff_mean:0.010139894671738148 - training/rollout_probs_diff_std:0.0160300824791193 - training/rollout_actor_probs_pearson_corr:0.9986006021499634 - rollout_corr/training_ppl:2.360091209411621 - rollout_corr/training_log_ppl:0.8463664054870605 - rollout_corr/kl:0.0026493945624679327 - rollout_corr/k3_kl:0.002856386359781027 - rollout_corr/rollout_ppl:2.35386323928833 - rollout_corr/rollout_log_ppl:0.8438405394554138 - rollout_corr/log_ppl_diff:0.002525776857510209 - rollout_corr/log_ppl_abs_diff:0.003938513807952404 - rollout_corr/log_ppl_diff_max:0.011739134788513184 - rollout_corr/log_ppl_diff_min:-0.008856058120727539 - rollout_corr/ppl_ratio:1.0025372505187988 - rollout_corr/chi2_token:0.0062580108642578125 - rollout_corr/chi2_seq:8.768110275268555 - actor/pg_clipfrac:np.float64(0.0) - actor/ppo_kl:np.float64(0.0) - actor/pg_clipfrac_lower:np.float64(0.0) - actor/pg_loss:np.float64(-0.013059822435025126) - actor/kl_loss:np.float64(0.012335006598732434) - actor/kl_coef:np.float64(0.0010000000000000002) - actor/loss:np.float64(-0.013047486543655396) - actor/grad_norm:np.float64(0.07019700855016708) - actor/lr:np.float64(1.044781702684956e-06) - actor/perf/max_memory_allocated_gb:np.float64(39.18291997909546) - actor/perf/max_memory_reserved_gb:np.float64(41.92578125) - actor/perf/cpu_memory_used_gb:np.float64(99.87662124633789) - perf/mfu/actor:np.float64(0.3403371215711251) - training/global_step:255 - training/epoch:1 - critic/score/mean:1.1922965049743652 - critic/score/max:2.0 - critic/score/min:0.5 - critic/rewards/mean:1.1922965049743652 - critic/rewards/max:2.0 - critic/rewards/min:0.5 - critic/advantages/mean:0.013059820048511028 - critic/advantages/max:2.5854721069335938 - critic/advantages/min:-1.9890631437301636 - critic/returns/mean:0.013059820048511028 - critic/returns/max:2.5854721069335938 - critic/returns/min:-1.9890631437301636 - response_length/mean:3193.4609375 - response_length/max:3635.0 - response_length/min:2969.0 - response_length/clip_ratio:0.0 - response_length_non_aborted/mean:3193.4609375 - response_length_non_aborted/max:3635.0 - response_length_non_aborted/min:2969.0 - response_length_non_aborted/clip_ratio:0.0 - response/aborted_ratio:0.0 - prompt_length/mean:4020.0 - prompt_length/max:4149.0 - prompt_length/min:3941.0 - prompt_length/clip_ratio:0.0 - num_turns/min:np.int32(4) - num_turns/max:np.int32(4) - num_turns/mean:np.float64(4.0) - timing_s/start_profile:5.727197276428342e-05 - timing_s/agent_loop/num_preempted/min:np.int64(-1) - timing_s/agent_loop/num_preempted/max:np.int64(-1) - timing_s/agent_loop/num_preempted/mean:np.float64(-1.0) - timing_s/agent_loop/generate_sequences/min:np.float64(66.74041733203921) - timing_s/agent_loop/generate_sequences/max:np.float64(111.64666097296868) - timing_s/agent_loop/generate_sequences/mean:np.float64(97.19521866410332) - timing_s/agent_loop/tool_calls/min:np.float64(0.07098088803468272) - timing_s/agent_loop/tool_calls/max:np.float64(0.6088112539728172) - timing_s/agent_loop/tool_calls/mean:np.float64(0.14970724386057555) - timing_s/agent_loop/compute_score/min:np.float64(0.3190177920041606) - timing_s/agent_loop/compute_score/max:np.float64(3.222379172046203) - timing_s/agent_loop/compute_score/mean:np.float64(1.0475686479894648) - timing_s/agent_loop/slowest/generate_sequences:np.float64(111.4611924609635) - timing_s/agent_loop/slowest/tool_calls:np.float64(0.15800952800782397) - timing_s/agent_loop/slowest/compute_score:np.float64(1.0805369929876179) - timing_s/agent_loop/slowest/num_preempted:np.int64(-1) - timing_s/agent_loop/slowest/prompt_length:3964 - timing_s/agent_loop/slowest/response_length:3407 - timing_s/gen:140.59543036902323 - timing_s/reward:0.0004993100301362574 - timing_s/old_log_prob:143.45075073302723 - timing_s/ref:132.78226446802728 - timing_s/adv:0.1795650899875909 - timing_s/update_actor:319.5994548710296 - timing_s/update_weights:4.062735404993873 - timing_s/dump_rollout_generations:0.3251623020041734 - timing_s/step:741.1607637419947 - timing_s/stop_profile:4.483398515731096e-05 - timing_per_token_ms/update_actor:0.34614046749732175 - timing_per_token_ms/adv:0.00019447700315879807 - timing_per_token_ms/gen:0.3439534164516437 - timing_per_token_ms/ref:0.1438091160601732 - perf/total_num_tokens:923323 - perf/time_per_step:741.1607637419947 - perf/throughput:1245.7796542524716[36m(TaskRunner pid=1974692)[0m Training Progress:  96%|█████████▌| 255/267 [3:08:35<2:29:59, 749.96s/it]
[36m(TaskRunner pid=1974692)[0m Training Progress:  96%|█████████▌| 256/267 [3:20:54<2:16:55, 746.82s/it]

[36m(TaskRunner pid=1974692)[0m Dumped generations to /home/yw4636/agentic-tvg/results/grpo-vanilla/rollouts/256.jsonl
[36m(TaskRunner pid=1974692)[0m step:256 - global_seqlen/min:911204 - global_seqlen/max:911204 - global_seqlen/minmax_diff:0 - global_seqlen/balanced_min:911204 - global_seqlen/balanced_max:911204 - global_seqlen/mean:911204.0 - actor/entropy:0.9286537170410156 - perf/mfu/actor_infer:0.29677195969286224 - training/rollout_probs_diff_valid:1 - training/rollout_probs_diff_max:0.3789578378200531 - training/rollout_probs_diff_mean:0.010357053019106388 - training/rollout_probs_diff_std:0.016152633354067802 - training/rollout_actor_probs_pearson_corr:0.9986042380332947 - rollout_corr/training_ppl:2.533709764480591 - rollout_corr/training_log_ppl:0.9130672216415405 - rollout_corr/kl:0.003772114869207144 - rollout_corr/k3_kl:0.0030631646513938904 - rollout_corr/rollout_ppl:2.5239486694335938 - rollout_corr/rollout_log_ppl:0.9092612862586975 - rollout_corr/log_ppl_diff:0.0038058573845773935 - rollout_corr/log_ppl_abs_diff:0.004499601665884256 - rollout_corr/log_ppl_diff_max:0.017383038997650146 - rollout_corr/log_ppl_diff_min:-0.0063517093658447266 - rollout_corr/ppl_ratio:1.0038213729858398 - rollout_corr/chi2_token:0.00459444522857666 - rollout_corr/chi2_seq:1.571831464767456 - actor/pg_clipfrac:np.float64(0.0) - actor/ppo_kl:np.float64(0.0) - actor/pg_clipfrac_lower:np.float64(0.0) - actor/pg_loss:np.float64(0.030508207360981032) - actor/kl_loss:np.float64(0.012933111487654969) - actor/kl_coef:np.float64(0.0010000000000000002) - actor/loss:np.float64(0.03052113950252533) - actor/grad_norm:np.float64(0.07528655976057053) - actor/lr:np.float64(1.0376390589791485e-06) - actor/perf/max_memory_allocated_gb:np.float64(39.18291997909546) - actor/perf/max_memory_reserved_gb:np.float64(41.92578125) - actor/perf/cpu_memory_used_gb:np.float64(99.63970184326172) - perf/mfu/actor:np.float64(0.3403155197771989) - training/global_step:256 - training/epoch:1 - critic/score/mean:1.1848249435424805 - critic/score/max:1.9518663883209229 - critic/score/min:0.1666666716337204 - critic/rewards/mean:1.1848249435424805 - critic/rewards/max:1.9518663883209229 - critic/rewards/min:0.1666666716337204 - critic/advantages/mean:-0.030508222058415413 - critic/advantages/max:2.382782459259033 - critic/advantages/min:-2.903777837753296 - critic/returns/mean:-0.030508222058415413 - critic/returns/max:2.382782459259033 - critic/returns/min:-2.903777837753296 - response_length/mean:3165.15625 - response_length/max:3446.0 - response_length/min:570.0 - response_length/clip_ratio:0.0 - response_length_non_aborted/mean:3165.15625 - response_length_non_aborted/max:3446.0 - response_length_non_aborted/min:570.0 - response_length_non_aborted/clip_ratio:0.0 - response/aborted_ratio:0.0 - prompt_length/mean:3953.625 - prompt_length/max:4142.0 - prompt_length/min:3624.0 - prompt_length/clip_ratio:0.0 - num_turns/min:np.int32(4) - num_turns/max:np.int32(4) - num_turns/mean:np.float64(4.0) - timing_s/start_profile:5.7909986935555935e-05 - timing_s/agent_loop/num_preempted/min:np.int64(-1) - timing_s/agent_loop/num_preempted/max:np.int64(-1) - timing_s/agent_loop/num_preempted/mean:np.float64(-1.0) - timing_s/agent_loop/generate_sequences/min:np.float64(70.77998049702728) - timing_s/agent_loop/generate_sequences/max:np.float64(116.94386627397034) - timing_s/agent_loop/generate_sequences/mean:np.float64(102.8192303756905) - timing_s/agent_loop/tool_calls/min:np.float64(0.00013529800344258547) - timing_s/agent_loop/tool_calls/max:np.float64(0.7863542109844275) - timing_s/agent_loop/tool_calls/mean:np.float64(0.16775456639425101) - timing_s/agent_loop/compute_score/min:np.float64(0.2835453160223551) - timing_s/agent_loop/compute_score/max:np.float64(3.923310776008293) - timing_s/agent_loop/compute_score/mean:np.float64(1.1189253500242557) - timing_s/agent_loop/slowest/generate_sequences:np.float64(116.94386627397034) - timing_s/agent_loop/slowest/tool_calls:np.float64(0.10295639600371942) - timing_s/agent_loop/slowest/compute_score:np.float64(1.5582719469675794) - timing_s/agent_loop/slowest/num_preempted:np.int64(-1) - timing_s/agent_loop/slowest/prompt_length:3959 - timing_s/agent_loop/slowest/response_length:3386 - timing_s/gen:144.9043922169949 - timing_s/reward:0.0005202169995754957 - timing_s/old_log_prob:143.4442931219819 - timing_s/ref:131.72265709401108 - timing_s/adv:0.1688111780094914 - timing_s/update_actor:313.95716330601135 - timing_s/update_weights:4.039292657980695 - timing_s/dump_rollout_generations:0.3252188870101236 - timing_s/step:738.706477137981 - timing_s/stop_profile:4.36650007031858e-05 - timing_per_token_ms/update_actor:0.3445520029609301 - timing_per_token_ms/adv:0.0001852616735763796 - timing_per_token_ms/gen:0.35766498547908104 - timing_per_token_ms/ref:0.1445589100728389 - perf/total_num_tokens:911204 - perf/time_per_step:738.706477137981 - perf/throughput:1233.512942150362
[36m(TaskRunner pid=1974692)[0m Dumped generations to /home/yw4636/agentic-tvg/results/grpo-vanilla/rollouts/257.jsonl
[36m(TaskRunner pid=1974692)[0m step:257 - global_seqlen/min:910894 - global_seqlen/max:910894 - global_seqlen/minmax_diff:0 - global_seqlen/balanced_min:910894 - global_seqlen/balanced_max:910894 - global_seqlen/mean:910894.0 - actor/entropy:0.9118273258209229 - perf/mfu/actor_infer:0.2956616807105727 - training/rollout_probs_diff_valid:1 - training/rollout_probs_diff_max:0.25340205430984497 - training/rollout_probs_diff_mean:0.01049373485147953 - training/rollout_probs_diff_std:0.016196269541978836 - training/rollout_actor_probs_pearson_corr:0.9985808730125427 - rollout_corr/training_ppl:2.514098644256592 - rollout_corr/training_log_ppl:0.9120998382568359 - rollout_corr/kl:0.003380012232810259 - rollout_corr/k3_kl:0.003155158134177327 - rollout_corr/rollout_ppl:2.5052454471588135 - rollout_corr/rollout_log_ppl:0.9086498022079468 - rollout_corr/log_ppl_diff:0.0034500740002840757 - rollout_corr/log_ppl_abs_diff:0.004142063669860363 - rollout_corr/log_ppl_diff_max:0.01423114538192749 - rollout_corr/log_ppl_diff_min:-0.004724621772766113 - rollout_corr/ppl_ratio:1.0034633874893188 - rollout_corr/chi2_token:0.005872607231140137 - rollout_corr/chi2_seq:0.9046730995178223 - actor/pg_clipfrac:np.float64(0.0) - actor/ppo_kl:np.float64(0.0) - actor/pg_clipfrac_lower:np.float64(0.0) - actor/pg_loss:np.float64(0.026484958158107474) - actor/kl_loss:np.float64(0.012890975500340573) - actor/kl_coef:np.float64(0.0010000000000000002) - actor/loss:np.float64(0.026497842743992805) - actor/grad_norm:np.float64(0.07486255466938019) - actor/lr:np.float64(1.0311141996309838e-06) - actor/perf/max_memory_allocated_gb:np.float64(39.18291997909546) - actor/perf/max_memory_reserved_gb:np.float64(41.92578125) - actor/perf/cpu_memory_used_gb:np.float64(99.61339569091797) - perf/mfu/actor:np.float64(0.33987889843333996) - training/global_step:257 - training/epoch:1 - critic/score/mean:1.0451563596725464 - critic/score/max:2.0 - critic/score/min:0.07379031926393509 - critic/rewards/mean:1.0451563596725464 - critic/rewards/max:2.0 - critic/rewards/min:0.07379031926393509 - critic/advantages/mean:-0.026484979316592216 - critic/advantages/max:3.749969959259033 - critic/advantages/min:-2.677018880844116 - critic/returns/mean:-0.026484979316592216 - critic/returns/max:3.749969959259033 - critic/returns/min:-2.677018880844116 - response_length/mean:3164.984375 - response_length/max:3544.0 - response_length/min:2683.0 - response_length/clip_ratio:0.0 - response_length_non_aborted/mean:3164.984375 - response_length_non_aborted/max:3544.0 - response_length_non_aborted/min:2683.0 - response_length_non_aborted/clip_ratio:0.0 - response/aborted_ratio:0.0 - prompt_length/mean:3951.375 - prompt_length/max:4142.0 - prompt_length/min:3621.0 - prompt_length/clip_ratio:0.0 - num_turns/min:np.int32(4) - num_turns/max:np.int32(4) - num_turns/mean:np.float64(4.0) - timing_s/start_profile:5.859800148755312e-05 - timing_s/agent_loop/num_preempted/min:np.int64(-1) - timing_s/agent_loop/num_preempted/max:np.int64(-1) - timing_s/agent_loop/num_preempted/mean:np.float64(-1.0) - timing_s/agent_loop/generate_sequences/min:np.float64(53.614321278000716) - timing_s/agent_loop/generate_sequences/max:np.float64(114.45700039499206) - timing_s/agent_loop/generate_sequences/mean:np.float64(100.11452906522072) - timing_s/agent_loop/tool_calls/min:np.float64(0.061899632040876895) - timing_s/agent_loop/tool_calls/max:np.float64(0.795923613011837) - timing_s/agent_loop/tool_calls/mean:np.float64(0.13735169921392298) - timing_s/agent_loop/compute_score/min:np.float64(0.30211695097386837) - timing_s/agent_loop/compute_score/max:np.float64(4.765507753007114) - timing_s/agent_loop/compute_score/mean:np.float64(1.1724945261253197) - timing_s/agent_loop/slowest/generate_sequences:np.float64(114.45700039499206) - timing_s/agent_loop/slowest/tool_calls:np.float64(0.1022967150202021) - timing_s/agent_loop/slowest/compute_score:np.float64(0.869436725974083) - timing_s/agent_loop/slowest/num_preempted:np.int64(-1) - timing_s/agent_loop/slowest/prompt_length:3936 - timing_s/agent_loop/slowest/response_length:3544 - timing_s/gen:142.59472010598984 - timing_s/reward:0.0005295170121826231 - timing_s/old_log_prob:144.51790759002324 - timing_s/ref:130.42207620997215 - timing_s/adv:0.16887017601402476 - timing_s/update_actor:313.42217996000545 - timing_s/update_weights:4.031664440000895 - timing_s/dump_rollout_generations:0.273223515949212 - timing_s/step:735.5867915329873 - timing_s/stop_profile:4.785298369824886e-05 - timing_per_token_ms/update_actor:0.3440819458246574 - timing_per_token_ms/adv:0.00018538949209680243 - timing_per_token_ms/gen:0.35198317553401687 - timing_per_token_ms/ref:0.14318030002390195 - perf/total_num_tokens:910894 - perf/time_per_step:735.5867915329873 - perf/throughput:1238.3229422889265[36m(TaskRunner pid=1974692)[0m Training Progress:  96%|█████████▋| 257/267 [3:33:10<2:03:54, 743.46s/it]
[36m(TaskRunner pid=1974692)[0m Training Progress:  97%|█████████▋| 258/267 [3:45:09<1:50:25, 736.19s/it]

[36m(TaskRunner pid=1974692)[0m Dumped generations to /home/yw4636/agentic-tvg/results/grpo-vanilla/rollouts/258.jsonl
[36m(TaskRunner pid=1974692)[0m step:258 - global_seqlen/min:901374 - global_seqlen/max:901374 - global_seqlen/minmax_diff:0 - global_seqlen/balanced_min:901374 - global_seqlen/balanced_max:901374 - global_seqlen/mean:901374.0 - actor/entropy:0.9077606797218323 - perf/mfu/actor_infer:0.2986135156664231 - training/rollout_probs_diff_valid:1 - training/rollout_probs_diff_max:0.4921264052391052 - training/rollout_probs_diff_mean:0.010437358170747757 - training/rollout_probs_diff_std:0.016392536461353302 - training/rollout_actor_probs_pearson_corr:0.998557448387146 - rollout_corr/training_ppl:2.50976300239563 - rollout_corr/training_log_ppl:0.9038040637969971 - rollout_corr/kl:0.0029714128468185663 - rollout_corr/k3_kl:0.0032054639887064695 - rollout_corr/rollout_ppl:2.5021920204162598 - rollout_corr/rollout_log_ppl:0.900706946849823 - rollout_corr/log_ppl_diff:0.003097199834883213 - rollout_corr/log_ppl_abs_diff:0.004108530469238758 - rollout_corr/log_ppl_diff_max:0.01602834463119507 - rollout_corr/log_ppl_diff_min:-0.006515979766845703 - rollout_corr/ppl_ratio:1.0031102895736694 - rollout_corr/chi2_token:0.007060885429382324 - rollout_corr/chi2_seq:8.506431579589844 - actor/pg_clipfrac:np.float64(0.0) - actor/ppo_kl:np.float64(0.0) - actor/pg_clipfrac_lower:np.float64(0.0) - actor/pg_loss:np.float64(0.005477964266901836) - actor/kl_loss:np.float64(0.013680431628017686) - actor/kl_coef:np.float64(0.0010000000000000002) - actor/loss:np.float64(0.005491647869348526) - actor/grad_norm:np.float64(0.07925430685281754) - actor/lr:np.float64(1.0252080279640818e-06) - actor/perf/max_memory_allocated_gb:np.float64(39.18291997909546) - actor/perf/max_memory_reserved_gb:np.float64(41.92578125) - actor/perf/cpu_memory_used_gb:np.float64(99.35104370117188) - perf/mfu/actor:np.float64(0.3422524849704009) - training/global_step:258 - training/epoch:1 - critic/score/mean:1.2040457725524902 - critic/score/max:1.976190447807312 - critic/score/min:0.5 - critic/rewards/mean:1.2040457725524902 - critic/rewards/max:1.976190447807312 - critic/rewards/min:0.5 - critic/advantages/mean:-0.005477940198034048 - critic/advantages/max:3.7005138397216797 - critic/advantages/min:-2.5652637481689453 - critic/returns/mean:-0.005477940198034048 - critic/returns/max:3.7005138397216797 - critic/returns/min:-2.5652637481689453 - response_length/mean:3162.984375 - response_length/max:3465.0 - response_length/min:2675.0 - response_length/clip_ratio:0.0 - response_length_non_aborted/mean:3162.984375 - response_length_non_aborted/max:3465.0 - response_length_non_aborted/min:2675.0 - response_length_non_aborted/clip_ratio:0.0 - response/aborted_ratio:0.0 - prompt_length/mean:3879.0 - prompt_length/max:3956.0 - prompt_length/min:3620.0 - prompt_length/clip_ratio:0.0 - num_turns/min:np.int32(4) - num_turns/max:np.int32(4) - num_turns/mean:np.float64(4.0) - timing_s/start_profile:5.836400669068098e-05 - timing_s/agent_loop/num_preempted/min:np.int64(-1) - timing_s/agent_loop/num_preempted/max:np.int64(-1) - timing_s/agent_loop/num_preempted/mean:np.float64(-1.0) - timing_s/agent_loop/generate_sequences/min:np.float64(70.44202346703969) - timing_s/agent_loop/generate_sequences/max:np.float64(114.04541078896727) - timing_s/agent_loop/generate_sequences/mean:np.float64(99.28698316630289) - timing_s/agent_loop/tool_calls/min:np.float64(0.07076022704131901) - timing_s/agent_loop/tool_calls/max:np.float64(0.691681066993624) - timing_s/agent_loop/tool_calls/mean:np.float64(0.13634254757562303) - timing_s/agent_loop/compute_score/min:np.float64(0.2895457270205952) - timing_s/agent_loop/compute_score/max:np.float64(4.7246631140005775) - timing_s/agent_loop/compute_score/mean:np.float64(0.9861373727294449) - timing_s/agent_loop/slowest/generate_sequences:np.float64(110.79064131400082) - timing_s/agent_loop/slowest/tool_calls:np.float64(0.24325767700793222) - timing_s/agent_loop/slowest/compute_score:np.float64(3.9811426359810866) - timing_s/agent_loop/slowest/num_preempted:np.int64(-1) - timing_s/agent_loop/slowest/prompt_length:3942 - timing_s/agent_loop/slowest/response_length:3360 - timing_s/gen:141.1679101170157 - timing_s/reward:0.00048016197979450226 - timing_s/old_log_prob:137.51833515096223 - timing_s/ref:127.8259022430284 - timing_s/adv:0.16887713700998574 - timing_s/update_actor:307.4080613339902 - timing_s/update_weights:3.9990717620239593 - timing_s/dump_rollout_generations:0.3235727550345473 - timing_s/step:718.5696540659992 - timing_s/stop_profile:4.419701872393489e-05 - timing_per_token_ms/update_actor:0.3410438523121259 - timing_per_token_ms/adv:0.00018735523435331589 - timing_per_token_ms/gen:0.3486815510396523 - timing_per_token_ms/ref:0.1418122801889431 - perf/total_num_tokens:901374 - perf/time_per_step:718.5696540659992 - perf/throughput:1254.400314429658
[36m(TaskRunner pid=1974692)[0m Dumped generations to /home/yw4636/agentic-tvg/results/grpo-vanilla/rollouts/259.jsonl
[36m(TaskRunner pid=1974692)[0m step:259 - global_seqlen/min:924010 - global_seqlen/max:924010 - global_seqlen/minmax_diff:0 - global_seqlen/balanced_min:924010 - global_seqlen/balanced_max:924010 - global_seqlen/mean:924010.0 - actor/entropy:0.8657930493354797 - perf/mfu/actor_infer:0.2977025975707102 - training/rollout_probs_diff_valid:1 - training/rollout_probs_diff_max:0.4390195906162262 - training/rollout_probs_diff_mean:0.011166994459927082 - training/rollout_probs_diff_std:0.017701884731650352 - training/rollout_actor_probs_pearson_corr:0.9982975125312805 - rollout_corr/training_ppl:2.386610984802246 - rollout_corr/training_log_ppl:0.8595831394195557 - rollout_corr/kl:0.0038945202250033617 - rollout_corr/k3_kl:0.003551094327121973 - rollout_corr/rollout_ppl:2.3768887519836426 - rollout_corr/rollout_log_ppl:0.8555526733398438 - rollout_corr/log_ppl_diff:0.004030456766486168 - rollout_corr/log_ppl_abs_diff:0.004989476874470711 - rollout_corr/log_ppl_diff_max:0.01768934726715088 - rollout_corr/log_ppl_diff_min:-0.011069416999816895 - rollout_corr/ppl_ratio:1.00404953956604 - rollout_corr/chi2_token:0.006636619567871094 - rollout_corr/chi2_seq:4.508017539978027 - actor/pg_clipfrac:np.float64(0.0) - actor/ppo_kl:np.float64(0.0) - actor/pg_clipfrac_lower:np.float64(0.0) - actor/pg_loss:np.float64(0.006538732792250812) - actor/kl_loss:np.float64(0.013565833156462759) - actor/kl_coef:np.float64(0.0010000000000000002) - actor/loss:np.float64(0.006552301347255707) - actor/grad_norm:np.float64(0.07733795046806335) - actor/lr:np.float64(1.019921361648845e-06) - actor/perf/max_memory_allocated_gb:np.float64(39.18291997909546) - actor/perf/max_memory_reserved_gb:np.float64(41.92578125) - actor/perf/cpu_memory_used_gb:np.float64(116.09317398071289) - perf/mfu/actor:np.float64(0.3404821582020454) - training/global_step:259 - training/epoch:1 - critic/score/mean:1.2545431852340698 - critic/score/max:1.9651042222976685 - critic/score/min:0.14444445073604584 - critic/rewards/mean:1.2545431852340698 - critic/rewards/max:1.9651042222976685 - critic/rewards/min:0.14444445073604584 - critic/advantages/mean:-0.0065387398935854435 - critic/advantages/max:2.571260929107666 - critic/advantages/min:-2.742321491241455 - critic/returns/mean:-0.0065387398935854435 - critic/returns/max:2.571260929107666 - critic/returns/min:-2.742321491241455 - response_length/mean:3249.953125 - response_length/max:3545.0 - response_length/min:2865.0 - response_length/clip_ratio:0.0 - response_length_non_aborted/mean:3249.953125 - response_length_non_aborted/max:3545.0 - response_length_non_aborted/min:2865.0 - response_length_non_aborted/clip_ratio:0.0 - response/aborted_ratio:0.0 - prompt_length/mean:3968.875 - prompt_length/max:4142.0 - prompt_length/min:3928.0 - prompt_length/clip_ratio:0.0 - num_turns/min:np.int32(4) - num_turns/max:np.int32(4) - num_turns/mean:np.float64(4.0) - timing_s/start_profile:6.963999476283789e-05 - timing_s/agent_loop/num_preempted/min:np.int64(-1) - timing_s/agent_loop/num_preempted/max:np.int64(-1) - timing_s/agent_loop/num_preempted/mean:np.float64(-1.0) - timing_s/agent_loop/generate_sequences/min:np.float64(61.392146570957266) - timing_s/agent_loop/generate_sequences/max:np.float64(118.30984292103676) - timing_s/agent_loop/generate_sequences/mean:np.float64(103.73146111472533) - timing_s/agent_loop/tool_calls/min:np.float64(0.056224549014586955) - timing_s/agent_loop/tool_calls/max:np.float64(0.7426127790240571) - timing_s/agent_loop/tool_calls/mean:np.float64(0.15658022864863597) - timing_s/agent_loop/compute_score/min:np.float64(0.31972011196194217) - timing_s/agent_loop/compute_score/max:np.float64(2.616428673034534) - timing_s/agent_loop/compute_score/mean:np.float64(0.9246253615083333) - timing_s/agent_loop/slowest/generate_sequences:np.float64(118.1648545099888) - timing_s/agent_loop/slowest/tool_calls:np.float64(0.28528107301099226) - timing_s/agent_loop/slowest/compute_score:np.float64(1.8449567329953425) - timing_s/agent_loop/slowest/num_preempted:np.int64(-1) - timing_s/agent_loop/slowest/prompt_length:3934 - timing_s/agent_loop/slowest/response_length:3408 - timing_s/gen:147.61742644297192 - timing_s/reward:0.0005220429738983512 - timing_s/old_log_prob:146.9134537979844 - timing_s/ref:136.7454275880009 - timing_s/adv:0.16648026200709864 - timing_s/update_actor:316.91606471396517 - timing_s/update_weights:4.021581355016679 - timing_s/dump_rollout_generations:0.3173269589897245 - timing_s/step:752.8363447649754 - timing_s/stop_profile:4.5433000195771456e-05 - timing_per_token_ms/update_actor:0.34297904212504754 - timing_per_token_ms/adv:0.00018017149382268442 - timing_per_token_ms/gen:0.35485470089225307 - timing_per_token_ms/ref:0.1479912853627135 - perf/total_num_tokens:924010 - perf/time_per_step:752.8363447649754 - perf/throughput:1227.3716677274163[36m(TaskRunner pid=1974692)[0m Training Progress:  97%|█████████▋| 259/267 [3:57:42<1:38:49, 741.21s/it]
[36m(WorkerDict pid=1975043)[0m /home/yw4636/.conda/envs/verl/lib/python3.12/site-packages/verl/plugin/platform/platform_cuda.py:99: FutureWarning: torch.cuda._set_allocator_settings is deprecated. Use torch._C._accelerator_setAllocatorSettings instead.
[36m(WorkerDict pid=1975043)[0m   torch.cuda.memory._set_allocator_settings(settings)

[36m(TaskRunner pid=1974692)[0m local_global_step_folder: /home/yw4636/agentic-tvg/results/grpo-vanilla/ckpt/global_step_260
[36m(TaskRunner pid=1974692)[0m Dumped generations to /home/yw4636/agentic-tvg/results/grpo-vanilla/rollouts/260.jsonl
[36m(TaskRunner pid=1974692)[0m test_gen_batch meta info: {'eos_token_id': 151645, 'pad_token_id': 151643, 'recompute_log_prob': False, 'do_sample': False, 'validate': True, 'global_steps': 260}
[36m(TaskRunner pid=1974692)[0m validation generation end
[36m(TaskRunner pid=1974692)[0m test_gen_batch meta info: {'eos_token_id': 151645, 'pad_token_id': 151643, 'recompute_log_prob': False, 'do_sample': False, 'validate': True, 'global_steps': 260}
[36m(TaskRunner pid=1974692)[0m validation generation end
[36m(TaskRunner pid=1974692)[0m test_gen_batch meta info: {'eos_token_id': 151645, 'pad_token_id': 151643, 'recompute_log_prob': False, 'do_sample': False, 'validate': True, 'global_steps': 260}
[36m(TaskRunner pid=1974692)[0m validation generation end
[36m(TaskRunner pid=1974692)[0m test_gen_batch meta info: {'eos_token_id': 151645, 'pad_token_id': 151643, 'recompute_log_prob': False, 'do_sample': False, 'validate': True, 'global_steps': 260}
[36m(TaskRunner pid=1974692)[0m validation generation end
[36m(TaskRunner pid=1974692)[0m test_gen_batch meta info: {'eos_token_id': 151645, 'pad_token_id': 151643, 'recompute_log_prob': False, 'do_sample': False, 'validate': True, 'global_steps': 260}
[36m(TaskRunner pid=1974692)[0m validation generation end
[36m(TaskRunner pid=1974692)[0m test_gen_batch meta info: {'eos_token_id': 151645, 'pad_token_id': 151643, 'recompute_log_prob': False, 'do_sample': False, 'validate': True, 'global_steps': 260}
[36m(TaskRunner pid=1974692)[0m validation generation end
[36m(TaskRunner pid=1974692)[0m test_gen_batch meta info: {'eos_token_id': 151645, 'pad_token_id': 151643, 'recompute_log_prob': False, 'do_sample': False, 'validate': True, 'global_steps': 260}
[36m(TaskRunner pid=1974692)[0m validation generation end
[36m(TaskRunner pid=1974692)[0m test_gen_batch meta info: {'eos_token_id': 151645, 'pad_token_id': 151643, 'recompute_log_prob': False, 'do_sample': False, 'validate': True, 'global_steps': 260}
[36m(TaskRunner pid=1974692)[0m validation generation end
[36m(TaskRunner pid=1974692)[0m test_gen_batch meta info: {'eos_token_id': 151645, 'pad_token_id': 151643, 'recompute_log_prob': False, 'do_sample': False, 'validate': True, 'global_steps': 260}
[36m(TaskRunner pid=1974692)[0m validation generation end
[36m(TaskRunner pid=1974692)[0m test_gen_batch meta info: {'eos_token_id': 151645, 'pad_token_id': 151643, 'recompute_log_prob': False, 'do_sample': False, 'validate': True, 'global_steps': 260}
[36m(TaskRunner pid=1974692)[0m validation generation end
[36m(TaskRunner pid=1974692)[0m test_gen_batch meta info: {'eos_token_id': 151645, 'pad_token_id': 151643, 'recompute_log_prob': False, 'do_sample': False, 'validate': True, 'global_steps': 260}
[36m(TaskRunner pid=1974692)[0m validation generation end
[36m(TaskRunner pid=1974692)[0m test_gen_batch meta info: {'eos_token_id': 151645, 'pad_token_id': 151643, 'recompute_log_prob': False, 'do_sample': False, 'validate': True, 'global_steps': 260}
[36m(TaskRunner pid=1974692)[0m validation generation end
[36m(TaskRunner pid=1974692)[0m test_gen_batch meta info: {'eos_token_id': 151645, 'pad_token_id': 151643, 'recompute_log_prob': False, 'do_sample': False, 'validate': True, 'global_steps': 260}
[36m(TaskRunner pid=1974692)[0m validation generation end
[36m(TaskRunner pid=1974692)[0m test_gen_batch meta info: {'eos_token_id': 151645, 'pad_token_id': 151643, 'recompute_log_prob': False, 'do_sample': False, 'validate': True, 'global_steps': 260}
[36m(TaskRunner pid=1974692)[0m validation generation end
[36m(TaskRunner pid=1974692)[0m test_gen_batch meta info: {'eos_token_id': 151645, 'pad_token_id': 151643, 'recompute_log_prob': False, 'do_sample': False, 'validate': True, 'global_steps': 260}
[36m(TaskRunner pid=1974692)[0m validation generation end
[36m(TaskRunner pid=1974692)[0m test_gen_batch meta info: {'eos_token_id': 151645, 'pad_token_id': 151643, 'recompute_log_prob': False, 'do_sample': False, 'validate': True, 'global_steps': 260}
[36m(TaskRunner pid=1974692)[0m validation generation end
[36m(TaskRunner pid=1974692)[0m test_gen_batch meta info: {'eos_token_id': 151645, 'pad_token_id': 151643, 'recompute_log_prob': False, 'do_sample': False, 'validate': True, 'global_steps': 260}
[36m(TaskRunner pid=1974692)[0m validation generation end
[36m(TaskRunner pid=1974692)[0m test_gen_batch meta info: {'eos_token_id': 151645, 'pad_token_id': 151643, 'recompute_log_prob': False, 'do_sample': False, 'validate': True, 'global_steps': 260}
[36m(TaskRunner pid=1974692)[0m validation generation end
[36m(TaskRunner pid=1974692)[0m test_gen_batch meta info: {'eos_token_id': 151645, 'pad_token_id': 151643, 'recompute_log_prob': False, 'do_sample': False, 'validate': True, 'global_steps': 260}
[36m(TaskRunner pid=1974692)[0m validation generation end
[36m(TaskRunner pid=1974692)[0m test_gen_batch meta info: {'eos_token_id': 151645, 'pad_token_id': 151643, 'recompute_log_prob': False, 'do_sample': False, 'validate': True, 'global_steps': 260}
[36m(TaskRunner pid=1974692)[0m validation generation end
[36m(TaskRunner pid=1974692)[0m test_gen_batch meta info: {'eos_token_id': 151645, 'pad_token_id': 151643, 'recompute_log_prob': False, 'do_sample': False, 'validate': True, 'global_steps': 260}
[36m(TaskRunner pid=1974692)[0m validation generation end
[36m(TaskRunner pid=1974692)[0m test_gen_batch meta info: {'eos_token_id': 151645, 'pad_token_id': 151643, 'recompute_log_prob': False, 'do_sample': False, 'validate': True, 'global_steps': 260}
[36m(TaskRunner pid=1974692)[0m validation generation end
[36m(TaskRunner pid=1974692)[0m test_gen_batch meta info: {'eos_token_id': 151645, 'pad_token_id': 151643, 'recompute_log_prob': False, 'do_sample': False, 'validate': True, 'global_steps': 260}
[36m(TaskRunner pid=1974692)[0m validation generation end
[36m(TaskRunner pid=1974692)[0m test_gen_batch meta info: {'eos_token_id': 151645, 'pad_token_id': 151643, 'recompute_log_prob': False, 'do_sample': False, 'validate': True, 'global_steps': 260}
[36m(TaskRunner pid=1974692)[0m validation generation end
[36m(TaskRunner pid=1974692)[0m test_gen_batch meta info: {'eos_token_id': 151645, 'pad_token_id': 151643, 'recompute_log_prob': False, 'do_sample': False, 'validate': True, 'global_steps': 260}
[36m(TaskRunner pid=1974692)[0m validation generation end
[36m(TaskRunner pid=1974692)[0m test_gen_batch meta info: {'eos_token_id': 151645, 'pad_token_id': 151643, 'recompute_log_prob': False, 'do_sample': False, 'validate': True, 'global_steps': 260}
[36m(TaskRunner pid=1974692)[0m validation generation end
[36m(TaskRunner pid=1974692)[0m test_gen_batch meta info: {'eos_token_id': 151645, 'pad_token_id': 151643, 'recompute_log_prob': False, 'do_sample': False, 'validate': True, 'global_steps': 260}
[36m(TaskRunner pid=1974692)[0m validation generation end
[36m(TaskRunner pid=1974692)[0m test_gen_batch meta info: {'eos_token_id': 151645, 'pad_token_id': 151643, 'recompute_log_prob': False, 'do_sample': False, 'validate': True, 'global_steps': 260}
[36m(TaskRunner pid=1974692)[0m validation generation end
[36m(TaskRunner pid=1974692)[0m test_gen_batch meta info: {'eos_token_id': 151645, 'pad_token_id': 151643, 'recompute_log_prob': False, 'do_sample': False, 'validate': True, 'global_steps': 260}
[36m(TaskRunner pid=1974692)[0m validation generation end
[36m(TaskRunner pid=1974692)[0m test_gen_batch meta info: {'eos_token_id': 151645, 'pad_token_id': 151643, 'recompute_log_prob': False, 'do_sample': False, 'validate': True, 'global_steps': 260}
[36m(TaskRunner pid=1974692)[0m validation generation end
[36m(TaskRunner pid=1974692)[0m test_gen_batch meta info: {'eos_token_id': 151645, 'pad_token_id': 151643, 'recompute_log_prob': False, 'do_sample': False, 'validate': True, 'global_steps': 260}
[36m(TaskRunner pid=1974692)[0m validation generation end
[36m(TaskRunner pid=1974692)[0m test_gen_batch meta info: {'eos_token_id': 151645, 'pad_token_id': 151643, 'recompute_log_prob': False, 'do_sample': False, 'validate': True, 'global_steps': 260}
[36m(TaskRunner pid=1974692)[0m validation generation end
[36m(TaskRunner pid=1974692)[0m test_gen_batch meta info: {'eos_token_id': 151645, 'pad_token_id': 151643, 'recompute_log_prob': False, 'do_sample': False, 'validate': True, 'global_steps': 260}
[36m(TaskRunner pid=1974692)[0m validation generation end
[36m(TaskRunner pid=1974692)[0m test_gen_batch meta info: {'eos_token_id': 151645, 'pad_token_id': 151643, 'recompute_log_prob': False, 'do_sample': False, 'validate': True, 'global_steps': 260}
[36m(TaskRunner pid=1974692)[0m validation generation end
[36m(TaskRunner pid=1974692)[0m test_gen_batch meta info: {'eos_token_id': 151645, 'pad_token_id': 151643, 'recompute_log_prob': False, 'do_sample': False, 'validate': True, 'global_steps': 260}
[36m(TaskRunner pid=1974692)[0m validation generation end
[36m(TaskRunner pid=1974692)[0m test_gen_batch meta info: {'eos_token_id': 151645, 'pad_token_id': 151643, 'recompute_log_prob': False, 'do_sample': False, 'validate': True, 'global_steps': 260}
[36m(TaskRunner pid=1974692)[0m validation generation end
[36m(TaskRunner pid=1974692)[0m test_gen_batch meta info: {'eos_token_id': 151645, 'pad_token_id': 151643, 'recompute_log_prob': False, 'do_sample': False, 'validate': True, 'global_steps': 260}
[36m(TaskRunner pid=1974692)[0m validation generation end
[36m(TaskRunner pid=1974692)[0m test_gen_batch meta info: {'eos_token_id': 151645, 'pad_token_id': 151643, 'recompute_log_prob': False, 'do_sample': False, 'validate': True, 'global_steps': 260}
[36m(TaskRunner pid=1974692)[0m validation generation end
[36m(TaskRunner pid=1974692)[0m test_gen_batch meta info: {'eos_token_id': 151645, 'pad_token_id': 151643, 'recompute_log_prob': False, 'do_sample': False, 'validate': True, 'global_steps': 260}
[36m(TaskRunner pid=1974692)[0m validation generation end
[36m(TaskRunner pid=1974692)[0m test_gen_batch meta info: {'eos_token_id': 151645, 'pad_token_id': 151643, 'recompute_log_prob': False, 'do_sample': False, 'validate': True, 'global_steps': 260}
[36m(TaskRunner pid=1974692)[0m validation generation end
[36m(TaskRunner pid=1974692)[0m test_gen_batch meta info: {'eos_token_id': 151645, 'pad_token_id': 151643, 'recompute_log_prob': False, 'do_sample': False, 'validate': True, 'global_steps': 260}
[36m(TaskRunner pid=1974692)[0m validation generation end
[36m(TaskRunner pid=1974692)[0m test_gen_batch meta info: {'eos_token_id': 151645, 'pad_token_id': 151643, 'recompute_log_prob': False, 'do_sample': False, 'validate': True, 'global_steps': 260}
[36m(TaskRunner pid=1974692)[0m validation generation end
[36m(TaskRunner pid=1974692)[0m test_gen_batch meta info: {'eos_token_id': 151645, 'pad_token_id': 151643, 'recompute_log_prob': False, 'do_sample': False, 'validate': True, 'global_steps': 260}
[36m(TaskRunner pid=1974692)[0m validation generation end
[36m(TaskRunner pid=1974692)[0m test_gen_batch meta info: {'eos_token_id': 151645, 'pad_token_id': 151643, 'recompute_log_prob': False, 'do_sample': False, 'validate': True, 'global_steps': 260}
[36m(TaskRunner pid=1974692)[0m validation generation end
[36m(TaskRunner pid=1974692)[0m test_gen_batch meta info: {'eos_token_id': 151645, 'pad_token_id': 151643, 'recompute_log_prob': False, 'do_sample': False, 'validate': True, 'global_steps': 260}
[36m(TaskRunner pid=1974692)[0m validation generation end
[36m(TaskRunner pid=1974692)[0m test_gen_batch meta info: {'eos_token_id': 151645, 'pad_token_id': 151643, 'recompute_log_prob': False, 'do_sample': False, 'validate': True, 'global_steps': 260}
[36m(TaskRunner pid=1974692)[0m validation generation end
[36m(TaskRunner pid=1974692)[0m test_gen_batch meta info: {'eos_token_id': 151645, 'pad_token_id': 151643, 'recompute_log_prob': False, 'do_sample': False, 'validate': True, 'global_steps': 260}
[36m(TaskRunner pid=1974692)[0m validation generation end
[36m(TaskRunner pid=1974692)[0m test_gen_batch meta info: {'eos_token_id': 151645, 'pad_token_id': 151643, 'recompute_log_prob': False, 'do_sample': False, 'validate': True, 'global_steps': 260}
[36m(TaskRunner pid=1974692)[0m validation generation end
[36m(TaskRunner pid=1974692)[0m test_gen_batch meta info: {'eos_token_id': 151645, 'pad_token_id': 151643, 'recompute_log_prob': False, 'do_sample': False, 'validate': True, 'global_steps': 260}
[36m(TaskRunner pid=1974692)[0m validation generation end
[36m(TaskRunner pid=1974692)[0m test_gen_batch meta info: {'eos_token_id': 151645, 'pad_token_id': 151643, 'recompute_log_prob': False, 'do_sample': False, 'validate': True, 'global_steps': 260}
[36m(TaskRunner pid=1974692)[0m validation generation end
[36m(TaskRunner pid=1974692)[0m test_gen_batch meta info: {'eos_token_id': 151645, 'pad_token_id': 151643, 'recompute_log_prob': False, 'do_sample': False, 'validate': True, 'global_steps': 260}
[36m(TaskRunner pid=1974692)[0m validation generation end
[36m(TaskRunner pid=1974692)[0m test_gen_batch meta info: {'eos_token_id': 151645, 'pad_token_id': 151643, 'recompute_log_prob': False, 'do_sample': False, 'validate': True, 'global_steps': 260}
[36m(TaskRunner pid=1974692)[0m validation generation end
[36m(TaskRunner pid=1974692)[0m test_gen_batch meta info: {'eos_token_id': 151645, 'pad_token_id': 151643, 'recompute_log_prob': False, 'do_sample': False, 'validate': True, 'global_steps': 260}
[36m(TaskRunner pid=1974692)[0m validation generation end
[36m(TaskRunner pid=1974692)[0m test_gen_batch meta info: {'eos_token_id': 151645, 'pad_token_id': 151643, 'recompute_log_prob': False, 'do_sample': False, 'validate': True, 'global_steps': 260}
[36m(TaskRunner pid=1974692)[0m validation generation end
[36m(TaskRunner pid=1974692)[0m test_gen_batch meta info: {'eos_token_id': 151645, 'pad_token_id': 151643, 'recompute_log_prob': False, 'do_sample': False, 'validate': True, 'global_steps': 260}
[36m(TaskRunner pid=1974692)[0m validation generation end
[36m(TaskRunner pid=1974692)[0m test_gen_batch meta info: {'eos_token_id': 151645, 'pad_token_id': 151643, 'recompute_log_prob': False, 'do_sample': False, 'validate': True, 'global_steps': 260}
[36m(TaskRunner pid=1974692)[0m validation generation end
[36m(TaskRunner pid=1974692)[0m test_gen_batch meta info: {'eos_token_id': 151645, 'pad_token_id': 151643, 'recompute_log_prob': False, 'do_sample': False, 'validate': True, 'global_steps': 260}
[36m(TaskRunner pid=1974692)[0m validation generation end
[36m(TaskRunner pid=1974692)[0m Dumped generations to /home/yw4636/agentic-tvg/results/grpo-vanilla/val_rollouts/260.jsonl
[36m(TaskRunner pid=1974692)[0m step:260 - global_seqlen/min:925908 - global_seqlen/max:925908 - global_seqlen/minmax_diff:0 - global_seqlen/balanced_min:925908 - global_seqlen/balanced_max:925908 - global_seqlen/mean:925908.0 - actor/entropy:0.8300864100456238 - perf/mfu/actor_infer:0.29805268388650324 - training/rollout_probs_diff_valid:1 - training/rollout_probs_diff_max:0.4589032530784607 - training/rollout_probs_diff_mean:0.010298672132194042 - training/rollout_probs_diff_std:0.01672576367855072 - training/rollout_actor_probs_pearson_corr:0.99848473072052 - rollout_corr/training_ppl:2.276771306991577 - rollout_corr/training_log_ppl:0.8119298219680786 - rollout_corr/kl:0.0027160916943103075 - rollout_corr/k3_kl:0.0031560456845909357 - rollout_corr/rollout_ppl:2.270289421081543 - rollout_corr/rollout_log_ppl:0.8090478777885437 - rollout_corr/log_ppl_diff:0.002881986554712057 - rollout_corr/log_ppl_abs_diff:0.003719575237482786 - rollout_corr/log_ppl_diff_max:0.012421846389770508 - rollout_corr/log_ppl_diff_min:-0.006239533424377441 - rollout_corr/ppl_ratio:1.0028929710388184 - rollout_corr/chi2_token:0.007524013519287109 - rollout_corr/chi2_seq:3.566317081451416 - actor/pg_clipfrac:np.float64(0.0) - actor/ppo_kl:np.float64(0.0) - actor/pg_clipfrac_lower:np.float64(0.0) - actor/pg_loss:np.float64(0.037600746378302574) - actor/kl_loss:np.float64(0.01232713571516797) - actor/kl_coef:np.float64(0.0010000000000000002) - actor/loss:np.float64(0.03761307895183563) - actor/grad_norm:np.float64(0.07231491804122925) - actor/lr:np.float64(1.0152549325892597e-06) - actor/perf/max_memory_allocated_gb:np.float64(39.18291997909546) - actor/perf/max_memory_reserved_gb:np.float64(41.92578125) - actor/perf/cpu_memory_used_gb:np.float64(132.3376922607422) - perf/mfu/actor:np.float64(0.3404979662584424) - val-aux/longvt_longvt-val/reward/mean@1:np.float64(1.1517936221340246) - val-aux/longvt_longvt-val/score/mean@1:np.float64(1.151793619267815) - val-core/longvt_longvt-val/acc/mean@1:np.float64(0.5394736842105263) - val-aux/longvt_longvt-val/format_score/mean@1:np.float64(0.5) - val-aux/longvt_longvt-val/evidence_iou/mean@1:np.float64(0.22463987011457745) - val-aux/longvt_longvt-val/answered/mean@1:np.float64(1.0) - val-aux/longvt_longvt-val/num_tool_calls/mean@1:np.float64(1.0) - val-aux/longvt_longvt-val/judge_used/mean@1:np.float64(1.0) - val-aux/num_turns/min:np.int32(4) - val-aux/num_turns/max:np.int32(4) - val-aux/num_turns/mean:np.float64(4.0) - training/global_step:260 - training/epoch:1 - critic/score/mean:1.4407968521118164 - critic/score/max:1.970588207244873 - critic/score/min:0.3916448950767517 - critic/rewards/mean:1.4407968521118164 - critic/rewards/max:1.970588207244873 - critic/rewards/min:0.3916448950767517 - critic/advantages/mean:-0.037600744515657425 - critic/advantages/max:2.075244426727295 - critic/advantages/min:-3.6572234630584717 - critic/returns/mean:-0.037600744515657425 - critic/returns/max:2.075244426727295 - critic/returns/min:-3.6572234630584717 - response_length/mean:3265.28125 - response_length/max:3660.0 - response_length/min:2970.0 - response_length/clip_ratio:0.0 - response_length_non_aborted/mean:3265.28125 - response_length_non_aborted/max:3660.0 - response_length_non_aborted/min:2970.0 - response_length_non_aborted/clip_ratio:0.0 - response/aborted_ratio:0.0 - prompt_length/mean:3968.375 - prompt_length/max:4127.0 - prompt_length/min:3940.0 - prompt_length/clip_ratio:0.0 - num_turns/min:np.int32(4) - num_turns/max:np.int32(4) - num_turns/mean:np.float64(4.0) - timing_s/start_profile:5.820102524012327e-05 - timing_s/agent_loop/num_preempted/min:np.int64(-1) - timing_s/agent_loop/num_preempted/max:np.int64(-1) - timing_s/agent_loop/num_preempted/mean:np.float64(-1.0) - timing_s/agent_loop/generate_sequences/min:np.float64(71.39464849000797) - timing_s/agent_loop/generate_sequences/max:np.float64(116.72257133299718) - timing_s/agent_loop/generate_sequences/mean:np.float64(101.7465878215894) - timing_s/agent_loop/tool_calls/min:np.float64(0.07286414102418348) - timing_s/agent_loop/tool_calls/max:np.float64(0.8905395800247788) - timing_s/agent_loop/tool_calls/mean:np.float64(0.143521227065321) - timing_s/agent_loop/compute_score/min:np.float64(0.3195625819498673) - timing_s/agent_loop/compute_score/max:np.float64(2.5614857170148753) - timing_s/agent_loop/compute_score/mean:np.float64(0.8482439927015548) - timing_s/agent_loop/slowest/generate_sequences:np.float64(116.72257133299718) - timing_s/agent_loop/slowest/tool_calls:np.float64(0.7312982139992528) - timing_s/agent_loop/slowest/compute_score:np.float64(0.3571119849802926) - timing_s/agent_loop/slowest/num_preempted:np.int64(-1) - timing_s/agent_loop/slowest/prompt_length:3944 - timing_s/agent_loop/slowest/response_length:3660 - timing_s/gen:145.79194895998808 - timing_s/reward:0.0005122050060890615 - timing_s/old_log_prob:154.4827964520082 - timing_s/ref:139.8190198339871 - timing_s/adv:0.16694681002991274 - timing_s/update_actor:323.0672086059931 - timing_s/save_checkpoint:25.153880594007205 - timing_s/update_weights:3.9998395949951373 - timing_s/dump_rollout_generations:0.32293671200750396 - timing_s/step:792.9712399030104 - timing_s/testing:839.0201050370233 - timing_s/stop_profile:0.0001147720031440258 - timing_per_token_ms/update_actor:0.3489193403729021 - timing_per_token_ms/adv:0.00018030604555734775 - timing_per_token_ms/gen:0.3488212849199152 - timing_per_token_ms/ref:0.15100746492522704 - perf/total_num_tokens:925908 - perf/time_per_step:792.9712399030104 - perf/throughput:1167.6438607196515[36m(TaskRunner pid=1974692)[0m Training Progress:  97%|█████████▋| 260/267 [4:24:54<1:57:40, 1008.68s/it]
[36m(TaskRunner pid=1974692)[0m Training Progress:  98%|█████████▊| 261/267 [4:37:40<1:33:34, 935.73s/it] 

[36m(TaskRunner pid=1974692)[0m Dumped generations to /home/yw4636/agentic-tvg/results/grpo-vanilla/rollouts/261.jsonl
[36m(TaskRunner pid=1974692)[0m step:261 - global_seqlen/min:928750 - global_seqlen/max:928750 - global_seqlen/minmax_diff:0 - global_seqlen/balanced_min:928750 - global_seqlen/balanced_max:928750 - global_seqlen/mean:928750.0 - actor/entropy:0.8526350855827332 - perf/mfu/actor_infer:0.29840605481058596 - training/rollout_probs_diff_valid:1 - training/rollout_probs_diff_max:0.24768440425395966 - training/rollout_probs_diff_mean:0.010053006932139397 - training/rollout_probs_diff_std:0.015962913632392883 - training/rollout_actor_probs_pearson_corr:0.9986105561256409 - rollout_corr/training_ppl:2.34334135055542 - rollout_corr/training_log_ppl:0.8389493227005005 - rollout_corr/kl:0.002928392495959997 - rollout_corr/k3_kl:0.002875526901334524 - rollout_corr/rollout_ppl:2.336294651031494 - rollout_corr/rollout_log_ppl:0.8359783291816711 - rollout_corr/log_ppl_diff:0.0029710037633776665 - rollout_corr/log_ppl_abs_diff:0.003927587531507015 - rollout_corr/log_ppl_diff_max:0.014769017696380615 - rollout_corr/log_ppl_diff_min:-0.005098283290863037 - rollout_corr/ppl_ratio:1.0029828548431396 - rollout_corr/chi2_token:0.005721092224121094 - rollout_corr/chi2_seq:2.3702821731567383 - actor/pg_clipfrac:np.float64(0.0) - actor/ppo_kl:np.float64(0.0) - actor/pg_clipfrac_lower:np.float64(0.0) - actor/pg_loss:np.float64(0.01193650983623229) - actor/kl_loss:np.float64(0.012057447733241133) - actor/kl_coef:np.float64(0.0010000000000000002) - actor/loss:np.float64(0.011948565021157265) - actor/grad_norm:np.float64(0.0762435793876648) - actor/lr:np.float64(1.0112093868215634e-06) - actor/perf/max_memory_allocated_gb:np.float64(39.18291997909546) - actor/perf/max_memory_reserved_gb:np.float64(41.92578125) - actor/perf/cpu_memory_used_gb:np.float64(101.06486511230469) - perf/mfu/actor:np.float64(0.33239798110660146) - training/global_step:261 - training/epoch:1 - critic/score/mean:1.2003662586212158 - critic/score/max:1.9438053369522095 - critic/score/min:0.0882352963089943 - critic/rewards/mean:1.2003662586212158 - critic/rewards/max:1.9438053369522095 - critic/rewards/min:0.0882352963089943 - critic/advantages/mean:-0.011936508119106293 - critic/advantages/max:2.6868398189544678 - critic/advantages/min:-3.7222180366516113 - critic/returns/mean:-0.011936508119106293 - critic/returns/max:2.6868398189544678 - critic/returns/min:-3.7222180366516113 - response_length/mean:3257.109375 - response_length/max:6362.0 - response_length/min:2984.0 - response_length/clip_ratio:0.0 - response_length_non_aborted/mean:3257.109375 - response_length_non_aborted/max:6362.0 - response_length_non_aborted/min:2984.0 - response_length_non_aborted/clip_ratio:0.0 - response/aborted_ratio:0.0 - prompt_length/mean:3998.75 - prompt_length/max:4145.0 - prompt_length/min:3936.0 - prompt_length/clip_ratio:0.0 - num_turns/min:np.int32(4) - num_turns/max:np.int32(6) - num_turns/mean:np.float64(4.015625) - timing_s/start_profile:6.285897688940167e-05 - timing_s/agent_loop/num_preempted/min:np.int64(-1) - timing_s/agent_loop/num_preempted/max:np.int64(-1) - timing_s/agent_loop/num_preempted/mean:np.float64(-1.0) - timing_s/agent_loop/generate_sequences/min:np.float64(72.85466238198569) - timing_s/agent_loop/generate_sequences/max:np.float64(114.62040201900527) - timing_s/agent_loop/generate_sequences/mean:np.float64(98.60888295202221) - timing_s/agent_loop/tool_calls/min:np.float64(0.06062305503292009) - timing_s/agent_loop/tool_calls/max:np.float64(1.5717944840434939) - timing_s/agent_loop/tool_calls/mean:np.float64(0.2606324399903315) - timing_s/agent_loop/compute_score/min:np.float64(0.3149075530236587) - timing_s/agent_loop/compute_score/max:np.float64(3.930559270957019) - timing_s/agent_loop/compute_score/mean:np.float64(1.0132299492656784) - timing_s/agent_loop/slowest/generate_sequences:np.float64(114.62040201900527) - timing_s/agent_loop/slowest/tool_calls:np.float64(0.12630690104560927) - timing_s/agent_loop/slowest/compute_score:np.float64(1.7326460449839942) - timing_s/agent_loop/slowest/num_preempted:np.int64(-1) - timing_s/agent_loop/slowest/prompt_length:3967 - timing_s/agent_loop/slowest/response_length:3367 - timing_s/gen:142.27396000298904 - timing_s/reward:0.0004550609737634659 - timing_s/old_log_prob:144.1501627350226 - timing_s/ref:140.53895678103436 - timing_s/adv:0.1638227860094048 - timing_s/update_actor:333.300748083042 - timing_s/update_weights:4.053502949012909 - timing_s/dump_rollout_generations:0.32595894299447536 - timing_s/step:764.982961420028 - timing_s/stop_profile:5.132303340360522e-05 - timing_per_token_ms/update_actor:0.3588702536560344 - timing_per_token_ms/adv:0.00017639061750676158 - timing_per_token_ms/gen:0.3412582092129933 - timing_per_token_ms/ref:0.15132054565925637 - perf/total_num_tokens:928750 - perf/time_per_step:764.982961420028 - perf/throughput:1214.0793283499718
[36m(TaskRunner pid=1974692)[0m Dumped generations to /home/yw4636/agentic-tvg/results/grpo-vanilla/rollouts/262.jsonl
[36m(TaskRunner pid=1974692)[0m step:262 - global_seqlen/min:918571 - global_seqlen/max:918571 - global_seqlen/minmax_diff:0 - global_seqlen/balanced_min:918571 - global_seqlen/balanced_max:918571 - global_seqlen/mean:918571.0 - actor/entropy:0.8636019229888916 - perf/mfu/actor_infer:0.29726126352288135 - training/rollout_probs_diff_valid:1 - training/rollout_probs_diff_max:0.34630513191223145 - training/rollout_probs_diff_mean:0.009846233762800694 - training/rollout_probs_diff_std:0.015519412234425545 - training/rollout_actor_probs_pearson_corr:0.9986832737922668 - rollout_corr/training_ppl:2.3533220291137695 - rollout_corr/training_log_ppl:0.8432600498199463 - rollout_corr/kl:0.0028061657212674618 - rollout_corr/k3_kl:0.0027307746931910515 - rollout_corr/rollout_ppl:2.3466808795928955 - rollout_corr/rollout_log_ppl:0.8404014110565186 - rollout_corr/log_ppl_diff:0.0028586892876774073 - rollout_corr/log_ppl_abs_diff:0.0038659509737044573 - rollout_corr/log_ppl_diff_max:0.016196072101593018 - rollout_corr/log_ppl_diff_min:-0.008226752281188965 - rollout_corr/ppl_ratio:1.0028711557388306 - rollout_corr/chi2_token:0.005422115325927734 - rollout_corr/chi2_seq:5.933626174926758 - actor/pg_clipfrac:np.float64(0.0) - actor/ppo_kl:np.float64(0.0) - actor/pg_clipfrac_lower:np.float64(0.0) - actor/pg_loss:np.float64(0.028077679467969574) - actor/kl_loss:np.float64(0.01208674962981604) - actor/kl_coef:np.float64(0.0010000000000000002) - actor/loss:np.float64(0.028089767321944237) - actor/grad_norm:np.float64(0.07724351435899734) - actor/lr:np.float64(1.0077852844248104e-06) - actor/perf/max_memory_allocated_gb:np.float64(39.18291997909546) - actor/perf/max_memory_reserved_gb:np.float64(41.92578125) - actor/perf/cpu_memory_used_gb:np.float64(101.17497253417969) - perf/mfu/actor:np.float64(0.3356314344765238) - training/global_step:262 - training/epoch:1 - critic/score/mean:1.0274224281311035 - critic/score/max:1.8446428775787354 - critic/score/min:0.0 - critic/rewards/mean:1.0274224281311035 - critic/rewards/max:1.8446428775787354 - critic/rewards/min:0.0 - critic/advantages/mean:-0.028077678754925728 - critic/advantages/max:2.9479215145111084 - critic/advantages/min:-2.783717393875122 - critic/returns/mean:-0.028077678754925728 - critic/returns/max:2.9479215145111084 - critic/returns/min:-2.783717393875122 - response_length/mean:3205.8359375 - response_length/max:3449.0 - response_length/min:2909.0 - response_length/clip_ratio:0.0 - response_length_non_aborted/mean:3205.8359375 - response_length_non_aborted/max:3449.0 - response_length_non_aborted/min:2909.0 - response_length_non_aborted/clip_ratio:0.0 - response/aborted_ratio:0.0 - prompt_length/mean:3970.5 - prompt_length/max:4129.0 - prompt_length/min:3931.0 - prompt_length/clip_ratio:0.0 - num_turns/min:np.int32(4) - num_turns/max:np.int32(4) - num_turns/mean:np.float64(4.0) - timing_s/start_profile:7.303996244445443e-05 - timing_s/agent_loop/num_preempted/min:np.int64(-1) - timing_s/agent_loop/num_preempted/max:np.int64(-1) - timing_s/agent_loop/num_preempted/mean:np.float64(-1.0) - timing_s/agent_loop/generate_sequences/min:np.float64(63.10460656299256) - timing_s/agent_loop/generate_sequences/max:np.float64(116.88560945197241) - timing_s/agent_loop/generate_sequences/mean:np.float64(102.81293808624741) - timing_s/agent_loop/tool_calls/min:np.float64(0.0685135269886814) - timing_s/agent_loop/tool_calls/max:np.float64(0.6863537859753706) - timing_s/agent_loop/tool_calls/mean:np.float64(0.18527221819476836) - timing_s/agent_loop/compute_score/min:np.float64(0.3235524980118498) - timing_s/agent_loop/compute_score/max:np.float64(4.6516971189994365) - timing_s/agent_loop/compute_score/mean:np.float64(1.1837827535882752) - timing_s/agent_loop/slowest/generate_sequences:np.float64(114.5640488389763) - timing_s/agent_loop/slowest/tool_calls:np.float64(0.2854809110285714) - timing_s/agent_loop/slowest/compute_score:np.float64(3.949160074989777) - timing_s/agent_loop/slowest/num_preempted:np.int64(-1) - timing_s/agent_loop/slowest/prompt_length:3957 - timing_s/agent_loop/slowest/response_length:3255 - timing_s/gen:146.89300245401682 - timing_s/reward:0.0005055570509284735 - timing_s/old_log_prob:141.5103181770537 - timing_s/ref:137.54858490801416 - timing_s/adv:0.16945172002306208 - timing_s/update_actor:324.29520158300875 - timing_s/update_weights:4.004434828995727 - timing_s/dump_rollout_generations:0.2937418060027994 - timing_s/step:754.8617820520303 - timing_s/stop_profile:7.18780211172998e-05 - timing_per_token_ms/update_actor:0.35304315244331547 - timing_per_token_ms/adv:0.00018447318718211447 - timing_per_token_ms/gen:0.35797264864618683 - timing_per_token_ms/ref:0.14974191968613657 - perf/total_num_tokens:918571 - perf/time_per_step:754.8617820520303 - perf/throughput:1216.8731042429245[36m(TaskRunner pid=1974692)[0m Training Progress:  98%|█████████▊| 262/267 [4:50:16<1:13:28, 881.72s/it]
[36m(TaskRunner pid=1974692)[0m Training Progress:  99%|█████████▊| 263/267 [5:02:53<56:17, 844.46s/it]  

[36m(TaskRunner pid=1974692)[0m Dumped generations to /home/yw4636/agentic-tvg/results/grpo-vanilla/rollouts/263.jsonl
[36m(TaskRunner pid=1974692)[0m step:263 - global_seqlen/min:922456 - global_seqlen/max:922456 - global_seqlen/minmax_diff:0 - global_seqlen/balanced_min:922456 - global_seqlen/balanced_max:922456 - global_seqlen/mean:922456.0 - actor/entropy:0.9107556939125061 - perf/mfu/actor_infer:0.2970236645782903 - training/rollout_probs_diff_valid:1 - training/rollout_probs_diff_max:0.7212232351303101 - training/rollout_probs_diff_mean:0.010580400004982948 - training/rollout_probs_diff_std:0.017426643520593643 - training/rollout_actor_probs_pearson_corr:0.9984104633331299 - rollout_corr/training_ppl:2.4836513996124268 - rollout_corr/training_log_ppl:0.8978466987609863 - rollout_corr/kl:0.0031859639566391706 - rollout_corr/k3_kl:0.003320637159049511 - rollout_corr/rollout_ppl:2.475196361541748 - rollout_corr/rollout_log_ppl:0.8944348692893982 - rollout_corr/log_ppl_diff:0.0034118611365556717 - rollout_corr/log_ppl_abs_diff:0.0045722248032689095 - rollout_corr/log_ppl_diff_max:0.03413581848144531 - rollout_corr/log_ppl_diff_min:-0.009149491786956787 - rollout_corr/ppl_ratio:1.0034314393997192 - rollout_corr/chi2_token:0.006864190101623535 - rollout_corr/chi2_seq:2.50313138961792 - actor/pg_clipfrac:np.float64(0.0) - actor/ppo_kl:np.float64(0.0) - actor/pg_clipfrac_lower:np.float64(0.0) - actor/pg_loss:np.float64(0.03046755271498114) - actor/kl_loss:np.float64(0.013258314138511196) - actor/kl_coef:np.float64(0.0010000000000000002) - actor/loss:np.float64(0.03048080950975418) - actor/grad_norm:np.float64(0.07408436387777328) - actor/lr:np.float64(1.0049830994433295e-06) - actor/perf/max_memory_allocated_gb:np.float64(39.18291997909546) - actor/perf/max_memory_reserved_gb:np.float64(41.92578125) - actor/perf/cpu_memory_used_gb:np.float64(117.73826599121094) - perf/mfu/actor:np.float64(0.3341456368384299) - training/global_step:263 - training/epoch:1 - critic/score/mean:1.1183433532714844 - critic/score/max:1.89130437374115 - critic/score/min:0.5 - critic/rewards/mean:1.1183433532714844 - critic/rewards/max:1.89130437374115 - critic/rewards/min:0.5 - critic/advantages/mean:-0.030467525124549866 - critic/advantages/max:2.410701274871826 - critic/advantages/min:-2.36368465423584 - critic/returns/mean:-0.030467525124549866 - critic/returns/max:2.410701274871826 - critic/returns/min:-2.36368465423584 - response_length/mean:3169.3125 - response_length/max:3443.0 - response_length/min:430.0 - response_length/clip_ratio:0.0 - response_length_non_aborted/mean:3169.3125 - response_length_non_aborted/max:3443.0 - response_length_non_aborted/min:430.0 - response_length_non_aborted/clip_ratio:0.0 - response/aborted_ratio:0.0 - prompt_length/mean:4037.375 - prompt_length/max:4135.0 - prompt_length/min:3933.0 - prompt_length/clip_ratio:0.0 - num_turns/min:np.int32(4) - num_turns/max:np.int32(4) - num_turns/mean:np.float64(4.0) - timing_s/start_profile:5.746301030740142e-05 - timing_s/agent_loop/num_preempted/min:np.int64(-1) - timing_s/agent_loop/num_preempted/max:np.int64(-1) - timing_s/agent_loop/num_preempted/mean:np.float64(-1.0) - timing_s/agent_loop/generate_sequences/min:np.float64(64.90829803200904) - timing_s/agent_loop/generate_sequences/max:np.float64(111.5689164790092) - timing_s/agent_loop/generate_sequences/mean:np.float64(95.19938857649959) - timing_s/agent_loop/tool_calls/min:np.float64(0.00017282698536291718) - timing_s/agent_loop/tool_calls/max:np.float64(1.651652843982447) - timing_s/agent_loop/tool_calls/mean:np.float64(0.2229694811267109) - timing_s/agent_loop/compute_score/min:np.float64(0.31561810994753614) - timing_s/agent_loop/compute_score/max:np.float64(3.994562904990744) - timing_s/agent_loop/compute_score/mean:np.float64(1.0459816957632029) - timing_s/agent_loop/slowest/generate_sequences:np.float64(111.5689164790092) - timing_s/agent_loop/slowest/tool_calls:np.float64(0.10653071798151359) - timing_s/agent_loop/slowest/compute_score:np.float64(0.8561979869846255) - timing_s/agent_loop/slowest/num_preempted:np.int64(-1) - timing_s/agent_loop/slowest/prompt_length:4135 - timing_s/agent_loop/slowest/response_length:3422 - timing_s/gen:138.84921452199342 - timing_s/reward:0.0005338969640433788 - timing_s/old_log_prob:144.70819981000386 - timing_s/ref:140.46119049401022 - timing_s/adv:0.16831706499215215 - timing_s/update_actor:328.7777143900166 - timing_s/update_weights:4.051676821021829 - timing_s/dump_rollout_generations:0.32379201403819025 - timing_s/step:757.4822770379833 - timing_s/stop_profile:4.57660062238574e-05 - timing_per_token_ms/update_actor:0.35641560615359064 - timing_per_token_ms/adv:0.00018246622602286955 - timing_per_token_ms/gen:0.3422696526306805 - timing_per_token_ms/ref:0.1522687157913334 - perf/total_num_tokens:922456 - perf/time_per_step:757.4822770379833 - perf/throughput:1217.792188626671
[36m(TaskRunner pid=1974692)[0m Dumped generations to /home/yw4636/agentic-tvg/results/grpo-vanilla/rollouts/264.jsonl
[36m(TaskRunner pid=1974692)[0m step:264 - global_seqlen/min:920603 - global_seqlen/max:920603 - global_seqlen/minmax_diff:0 - global_seqlen/balanced_min:920603 - global_seqlen/balanced_max:920603 - global_seqlen/mean:920603.0 - actor/entropy:0.8216996788978577 - perf/mfu/actor_infer:0.2969271981024519 - training/rollout_probs_diff_valid:1 - training/rollout_probs_diff_max:0.3232651948928833 - training/rollout_probs_diff_mean:0.01021133828908205 - training/rollout_probs_diff_std:0.016441456973552704 - training/rollout_actor_probs_pearson_corr:0.9985241293907166 - rollout_corr/training_ppl:2.278648614883423 - rollout_corr/training_log_ppl:0.8119772672653198 - rollout_corr/kl:0.0034675586502999067 - rollout_corr/k3_kl:0.003079479793086648 - rollout_corr/rollout_ppl:2.2703628540039062 - rollout_corr/rollout_log_ppl:0.8084096908569336 - rollout_corr/log_ppl_diff:0.0035675561521202326 - rollout_corr/log_ppl_abs_diff:0.004377951845526695 - rollout_corr/log_ppl_diff_max:0.021969318389892578 - rollout_corr/log_ppl_diff_min:-0.00795745849609375 - rollout_corr/ppl_ratio:1.003583550453186 - rollout_corr/chi2_token:0.005528688430786133 - rollout_corr/chi2_seq:52.6154899597168 - actor/pg_clipfrac:np.float64(0.0) - actor/ppo_kl:np.float64(0.0) - actor/pg_clipfrac_lower:np.float64(0.0) - actor/pg_loss:np.float64(-0.018858919385820627) - actor/kl_loss:np.float64(0.011154527601320297) - actor/kl_coef:np.float64(0.0010000000000000002) - actor/loss:np.float64(-0.018847767263650894) - actor/grad_norm:np.float64(0.07166264206171036) - actor/lr:np.float64(1.0028032198210986e-06) - actor/perf/max_memory_allocated_gb:np.float64(39.18291997909546) - actor/perf/max_memory_reserved_gb:np.float64(41.92578125) - actor/perf/cpu_memory_used_gb:np.float64(101.70933151245117) - perf/mfu/actor:np.float64(0.33467128135142904) - training/global_step:264 - training/epoch:1 - critic/score/mean:1.0593092441558838 - critic/score/max:1.9893616437911987 - critic/score/min:0.0 - critic/rewards/mean:1.0593092441558838 - critic/rewards/max:1.9893616437911987 - critic/rewards/min:0.0 - critic/advantages/mean:0.018858911469578743 - critic/advantages/max:3.5351765155792236 - critic/advantages/min:-3.7476325035095215 - critic/returns/mean:0.018858911469578743 - critic/returns/max:3.5351765155792236 - critic/returns/min:-3.7476325035095215 - response_length/mean:3173.5859375 - response_length/max:3481.0 - response_length/min:228.0 - response_length/clip_ratio:0.0 - response_length_non_aborted/mean:3173.5859375 - response_length_non_aborted/max:3481.0 - response_length_non_aborted/min:228.0 - response_length_non_aborted/clip_ratio:0.0 - response/aborted_ratio:0.0 - prompt_length/mean:4018.625 - prompt_length/max:4149.0 - prompt_length/min:3936.0 - prompt_length/clip_ratio:0.0 - num_turns/min:np.int32(2) - num_turns/max:np.int32(4) - num_turns/mean:np.float64(3.984375) - timing_s/start_profile:5.960400449112058e-05 - timing_s/agent_loop/num_preempted/min:np.int64(-1) - timing_s/agent_loop/num_preempted/max:np.int64(-1) - timing_s/agent_loop/num_preempted/mean:np.float64(-1.0) - timing_s/agent_loop/generate_sequences/min:np.float64(63.08958835602971) - timing_s/agent_loop/generate_sequences/max:np.float64(115.80295379197923) - timing_s/agent_loop/generate_sequences/mean:np.float64(101.79744523993304) - timing_s/agent_loop/tool_calls/min:np.float64(0.0) - timing_s/agent_loop/tool_calls/max:np.float64(0.2901982589974068) - timing_s/agent_loop/tool_calls/mean:np.float64(0.12314163358541919) - timing_s/agent_loop/compute_score/min:np.float64(0.23967079701833427) - timing_s/agent_loop/compute_score/max:np.float64(3.219877213006839) - timing_s/agent_loop/compute_score/mean:np.float64(1.0300062530773175) - timing_s/agent_loop/slowest/generate_sequences:np.float64(115.27058608905645) - timing_s/agent_loop/slowest/tool_calls:np.float64(0.0885500960284844) - timing_s/agent_loop/slowest/compute_score:np.float64(1.7944467510096729) - timing_s/agent_loop/slowest/num_preempted:np.int64(-1) - timing_s/agent_loop/slowest/prompt_length:3936 - timing_s/agent_loop/slowest/response_length:3328 - timing_s/gen:144.2412092590239 - timing_s/reward:0.0005115729873068631 - timing_s/old_log_prob:143.66260727198096 - timing_s/ref:142.96606630500173 - timing_s/adv:0.17374246096005663 - timing_s/update_actor:324.70985514699714 - timing_s/update_weights:4.027775252994616 - timing_s/dump_rollout_generations:0.321618058020249 - timing_s/step:760.2432030609925 - timing_s/stop_profile:4.1951017919927835e-05 - timing_per_token_ms/update_actor:0.35271431349560795 - timing_per_token_ms/adv:0.00018872680293248733 - timing_per_token_ms/gen:0.3550823798468902 - timing_per_token_ms/ref:0.15529611168440874 - perf/total_num_tokens:920603 - perf/time_per_step:760.2432030609925 - perf/throughput:1210.9322336501602[36m(TaskRunner pid=1974692)[0m Training Progress:  99%|█████████▉| 264/267 [5:15:34<40:57, 819.21s/it]
[36m(TaskRunner pid=1974692)[0m Training Progress:  99%|█████████▉| 265/267 [5:28:07<26:38, 799.46s/it]

[36m(TaskRunner pid=1974692)[0m Dumped generations to /home/yw4636/agentic-tvg/results/grpo-vanilla/rollouts/265.jsonl
[36m(TaskRunner pid=1974692)[0m step:265 - global_seqlen/min:923163 - global_seqlen/max:923163 - global_seqlen/minmax_diff:0 - global_seqlen/balanced_min:923163 - global_seqlen/balanced_max:923163 - global_seqlen/mean:923163.0 - actor/entropy:0.8411767482757568 - perf/mfu/actor_infer:0.29738650728378196 - training/rollout_probs_diff_valid:1 - training/rollout_probs_diff_max:0.4269462823867798 - training/rollout_probs_diff_mean:0.01032601110637188 - training/rollout_probs_diff_std:0.016708845272660255 - training/rollout_actor_probs_pearson_corr:0.99849933385849 - rollout_corr/training_ppl:2.3061282634735107 - rollout_corr/training_log_ppl:0.8251344561576843 - rollout_corr/kl:0.0037175114266574383 - rollout_corr/k3_kl:0.003143920563161373 - rollout_corr/rollout_ppl:2.297257661819458 - rollout_corr/rollout_log_ppl:0.8213045597076416 - rollout_corr/log_ppl_diff:0.0038298876024782658 - rollout_corr/log_ppl_abs_diff:0.004507317673414946 - rollout_corr/log_ppl_diff_max:0.014863729476928711 - rollout_corr/log_ppl_diff_min:-0.005133450031280518 - rollout_corr/ppl_ratio:1.0038447380065918 - rollout_corr/chi2_token:0.00518643856048584 - rollout_corr/chi2_seq:0.47525930404663086 - actor/pg_clipfrac:np.float64(0.0) - actor/ppo_kl:np.float64(0.0) - actor/pg_clipfrac_lower:np.float64(0.0) - actor/pg_loss:np.float64(0.054660661437083036) - actor/kl_loss:np.float64(0.011845948014524765) - actor/kl_coef:np.float64(0.0010000000000000002) - actor/loss:np.float64(0.05467250570654869) - actor/grad_norm:np.float64(0.07800307869911194) - actor/lr:np.float64(1.0012459473480325e-06) - actor/perf/max_memory_allocated_gb:np.float64(39.18291997909546) - actor/perf/max_memory_reserved_gb:np.float64(41.92578125) - actor/perf/cpu_memory_used_gb:np.float64(118.0125846862793) - perf/mfu/actor:np.float64(0.3350076287462048) - training/global_step:265 - training/epoch:1 - critic/score/mean:1.2605584859848022 - critic/score/max:2.0 - critic/score/min:0.12068965286016464 - critic/rewards/mean:1.2605584859848022 - critic/rewards/max:2.0 - critic/rewards/min:0.12068965286016464 - critic/advantages/mean:-0.05466065928339958 - critic/advantages/max:2.781207323074341 - critic/advantages/min:-2.9315478801727295 - critic/returns/mean:-0.05466065928339958 - critic/returns/max:2.781207323074341 - critic/returns/min:-2.9315478801727295 - response_length/mean:3215.5859375 - response_length/max:3433.0 - response_length/min:2996.0 - response_length/clip_ratio:0.0 - response_length_non_aborted/mean:3215.5859375 - response_length_non_aborted/max:3433.0 - response_length_non_aborted/min:2996.0 - response_length_non_aborted/clip_ratio:0.0 - response/aborted_ratio:0.0 - prompt_length/mean:3996.625 - prompt_length/max:4147.0 - prompt_length/min:3939.0 - prompt_length/clip_ratio:0.0 - num_turns/min:np.int32(4) - num_turns/max:np.int32(4) - num_turns/mean:np.float64(4.0) - timing_s/start_profile:5.970598431304097e-05 - timing_s/agent_loop/num_preempted/min:np.int64(-1) - timing_s/agent_loop/num_preempted/max:np.int64(-1) - timing_s/agent_loop/num_preempted/mean:np.float64(-1.0) - timing_s/agent_loop/generate_sequences/min:np.float64(70.15496674895985) - timing_s/agent_loop/generate_sequences/max:np.float64(110.33395405398915) - timing_s/agent_loop/generate_sequences/mean:np.float64(97.33893096416023) - timing_s/agent_loop/tool_calls/min:np.float64(0.07276860199635848) - timing_s/agent_loop/tool_calls/max:np.float64(0.6970455620321445) - timing_s/agent_loop/tool_calls/mean:np.float64(0.15117979504429968) - timing_s/agent_loop/compute_score/min:np.float64(0.316631524998229) - timing_s/agent_loop/compute_score/max:np.float64(4.03558233298827) - timing_s/agent_loop/compute_score/mean:np.float64(1.0419375550441146) - timing_s/agent_loop/slowest/generate_sequences:np.float64(110.03440442302963) - timing_s/agent_loop/slowest/tool_calls:np.float64(0.11454201902961358) - timing_s/agent_loop/slowest/compute_score:np.float64(3.2777695029508322) - timing_s/agent_loop/slowest/num_preempted:np.int64(-1) - timing_s/agent_loop/slowest/prompt_length:3964 - timing_s/agent_loop/slowest/response_length:3294 - timing_s/gen:137.74175318796188 - timing_s/reward:0.0005157539853826165 - timing_s/old_log_prob:141.55233942199266 - timing_s/ref:139.4764981100452 - timing_s/adv:0.1782930429908447 - timing_s/update_actor:329.8604691720102 - timing_s/update_weights:4.020082138013095 - timing_s/dump_rollout_generations:0.32089119899319485 - timing_s/step:753.311372289958 - timing_s/stop_profile:4.539696965366602e-05 - timing_per_token_ms/update_actor:0.357315521930591 - timing_per_token_ms/adv:0.00019313278694103284 - timing_per_token_ms/gen:0.33465361140918104 - timing_per_token_ms/ref:0.15108545090091913 - perf/total_num_tokens:923163 - perf/time_per_step:753.311372289958 - perf/throughput:1225.4733354067357
[36m(TaskRunner pid=1974692)[0m Dumped generations to /home/yw4636/agentic-tvg/results/grpo-vanilla/rollouts/266.jsonl
[36m(TaskRunner pid=1974692)[0m step:266 - global_seqlen/min:927902 - global_seqlen/max:927902 - global_seqlen/minmax_diff:0 - global_seqlen/balanced_min:927902 - global_seqlen/balanced_max:927902 - global_seqlen/mean:927902.0 - actor/entropy:0.9159157276153564 - perf/mfu/actor_infer:0.2974901198511292 - training/rollout_probs_diff_valid:1 - training/rollout_probs_diff_max:0.33011797070503235 - training/rollout_probs_diff_mean:0.01062498427927494 - training/rollout_probs_diff_std:0.016908954828977585 - training/rollout_actor_probs_pearson_corr:0.9984861612319946 - rollout_corr/training_ppl:2.5063397884368896 - rollout_corr/training_log_ppl:0.9091169834136963 - rollout_corr/kl:0.0026746555231511593 - rollout_corr/k3_kl:0.0033314216416329145 - rollout_corr/rollout_ppl:2.4993503093719482 - rollout_corr/rollout_log_ppl:0.9064027070999146 - rollout_corr/log_ppl_diff:0.002714283997192979 - rollout_corr/log_ppl_abs_diff:0.0038376308511942625 - rollout_corr/log_ppl_diff_max:0.013255119323730469 - rollout_corr/log_ppl_diff_min:-0.005881845951080322 - rollout_corr/ppl_ratio:1.0027261972427368 - rollout_corr/chi2_token:0.00815725326538086 - rollout_corr/chi2_seq:5.206376552581787 - actor/pg_clipfrac:np.float64(0.0) - actor/ppo_kl:np.float64(0.0) - actor/pg_clipfrac_lower:np.float64(0.0) - actor/pg_loss:np.float64(-0.005678751665982418) - actor/kl_loss:np.float64(0.012462633632821962) - actor/kl_coef:np.float64(0.0010000000000000002) - actor/loss:np.float64(-0.005666293203830719) - actor/grad_norm:np.float64(0.07691045850515366) - actor/lr:np.float64(1.0003114976182043e-06) - actor/perf/max_memory_allocated_gb:np.float64(39.18291997909546) - actor/perf/max_memory_reserved_gb:np.float64(41.92578125) - actor/perf/cpu_memory_used_gb:np.float64(134.18323135375977) - perf/mfu/actor:np.float64(0.3392491144480231) - training/global_step:266 - training/epoch:1 - critic/score/mean:1.1244748830795288 - critic/score/max:1.952103853225708 - critic/score/min:0.5 - critic/rewards/mean:1.1244748830795288 - critic/rewards/max:1.952103853225708 - critic/rewards/min:0.5 - critic/advantages/mean:0.0056787594221532345 - critic/advantages/max:2.552924394607544 - critic/advantages/min:-2.6944334506988525 - critic/returns/mean:0.0056787594221532345 - critic/returns/max:2.552924394607544 - critic/returns/min:-2.6944334506988525 - response_length/mean:3236.109375 - response_length/max:3561.0 - response_length/min:3005.0 - response_length/clip_ratio:0.0 - response_length_non_aborted/mean:3236.109375 - response_length_non_aborted/max:3561.0 - response_length_non_aborted/min:3005.0 - response_length_non_aborted/clip_ratio:0.0 - response/aborted_ratio:0.0 - prompt_length/mean:4013.125 - prompt_length/max:4141.0 - prompt_length/min:3931.0 - prompt_length/clip_ratio:0.0 - num_turns/min:np.int32(4) - num_turns/max:np.int32(4) - num_turns/mean:np.float64(4.0) - timing_s/start_profile:6.0112972278147936e-05 - timing_s/agent_loop/num_preempted/min:np.int64(-1) - timing_s/agent_loop/num_preempted/max:np.int64(-1) - timing_s/agent_loop/num_preempted/mean:np.float64(-1.0) - timing_s/agent_loop/generate_sequences/min:np.float64(72.99368769099237) - timing_s/agent_loop/generate_sequences/max:np.float64(120.53545451001264) - timing_s/agent_loop/generate_sequences/mean:np.float64(103.4173476763417) - timing_s/agent_loop/tool_calls/min:np.float64(0.06565621396293864) - timing_s/agent_loop/tool_calls/max:np.float64(0.803285950969439) - timing_s/agent_loop/tool_calls/mean:np.float64(0.1615002469529827) - timing_s/agent_loop/compute_score/min:np.float64(0.3201952370000072) - timing_s/agent_loop/compute_score/max:np.float64(5.4065313229803) - timing_s/agent_loop/compute_score/mean:np.float64(1.142490439717676) - timing_s/agent_loop/slowest/generate_sequences:np.float64(117.64243726799032) - timing_s/agent_loop/slowest/tool_calls:np.float64(0.1093517949921079) - timing_s/agent_loop/slowest/compute_score:np.float64(4.683075281966012) - timing_s/agent_loop/slowest/num_preempted:np.int64(-1) - timing_s/agent_loop/slowest/prompt_length:3954 - timing_s/agent_loop/slowest/response_length:3432 - timing_s/gen:145.94023321702844 - timing_s/reward:0.0005190990050323308 - timing_s/old_log_prob:149.0739327989868 - timing_s/ref:145.81299066799693 - timing_s/adv:0.1800955209764652 - timing_s/update_actor:333.7470816200366 - timing_s/update_weights:4.034465370990802 - timing_s/dump_rollout_generations:0.33506773598492146 - timing_s/step:779.2845901789842 - timing_s/stop_profile:4.302599700167775e-05 - timing_per_token_ms/update_actor:0.3596792351132303 - timing_per_token_ms/adv:0.00019408894579003516 - timing_per_token_ms/gen:0.3523237134122003 - timing_per_token_ms/ref:0.15714266233718316 - perf/total_num_tokens:927902 - perf/time_per_step:779.2845901789842 - perf/throughput:1190.710058551115[36m(TaskRunner pid=1974692)[0m Training Progress: 100%|█████████▉| 266/267 [5:41:06<13:13, 793.43s/it]

Error executing job with overrides: ['algorithm.adv_estimator=grpo', '+ray_kwargs.ray_init.object_store_memory=25769803776', 'algorithm.use_kl_in_reward=False', 'data.train_files=/home/yw4636/agentic-tvg/data/processed/rl_train.parquet', 'data.val_files=/home/yw4636/agentic-tvg/data/processed/rl_val.parquet', 'data.return_raw_chat=True', 'data.train_batch_size=8', 'data.max_prompt_length=4608', 'data.max_response_length=16384', 'data.filter_overlong_prompts=False', 'data.truncation=error', 'data.image_patch_size=16', 'actor_rollout_ref.model.path=/home/yw4636/agentic-tvg/results/sft-mix/merged', 'actor_rollout_ref.model.use_remove_padding=True', 'actor_rollout_ref.model.enable_gradient_checkpointing=True', 'actor_rollout_ref.model.lora_rank=16', 'actor_rollout_ref.model.lora_alpha=32', 'actor_rollout_ref.model.target_modules=all-linear', 'actor_rollout_ref.model.exclude_modules=.*visual.*', 'actor_rollout_ref.actor.strategy=fsdp2', 'actor_rollout_ref.actor.optim.lr=1e-5', 'actor_rollout_ref.actor.optim.lr_scheduler_type=cosine', 'actor_rollout_ref.actor.optim.min_lr_ratio=0.1', 'actor_rollout_ref.actor.ppo_mini_batch_size=8', 'actor_rollout_ref.actor.use_dynamic_bsz=True', 'actor_rollout_ref.actor.ppo_max_token_len_per_gpu=24576', 'actor_rollout_ref.actor.use_kl_loss=True', 'actor_rollout_ref.actor.kl_loss_coef=0.001', 'actor_rollout_ref.actor.kl_loss_type=low_var_kl', 'actor_rollout_ref.actor.entropy_coeff=0', 'actor_rollout_ref.actor.fsdp_config.param_offload=False', 'actor_rollout_ref.actor.fsdp_config.optimizer_offload=False', 'actor_rollout_ref.rollout.name=vllm', 'actor_rollout_ref.rollout.mode=async', 'actor_rollout_ref.rollout.max_model_len=20992', 'actor_rollout_ref.rollout.tensor_model_parallel_size=1', 'actor_rollout_ref.rollout.gpu_memory_utilization=0.65', 'actor_rollout_ref.rollout.n=16', 'actor_rollout_ref.rollout.load_format=safetensors', 'actor_rollout_ref.rollout.layered_summon=True', '+actor_rollout_ref.rollout.limit_images=112', '+actor_rollout_ref.rollout.engine_kwargs.vllm.mm_processor_kwargs={max_pixels:150528}', 'actor_rollout_ref.rollout.enable_chunked_prefill=True', 'actor_rollout_ref.rollout.max_num_batched_tokens=24576', 'actor_rollout_ref.rollout.free_cache_engine=True', 'actor_rollout_ref.rollout.log_prob_use_dynamic_bsz=True', 'actor_rollout_ref.rollout.log_prob_max_token_len_per_gpu=24576', 'actor_rollout_ref.rollout.val_kwargs.do_sample=False', 'actor_rollout_ref.rollout.val_kwargs.temperature=0', 'actor_rollout_ref.rollout.multi_turn.enable=True', 'actor_rollout_ref.rollout.multi_turn.format=hermes', 'actor_rollout_ref.rollout.multi_turn.max_user_turns=3', 'actor_rollout_ref.rollout.multi_turn.max_assistant_turns=4', 'actor_rollout_ref.rollout.multi_turn.max_parallel_calls=1', 'actor_rollout_ref.rollout.multi_turn.max_tool_response_length=2048', 'actor_rollout_ref.rollout.multi_turn.tool_config_path=/home/yw4636/agentic-tvg/crop_video_tool.yaml', 'actor_rollout_ref.rollout.agent.default_agent_loop=tool_agent', 'reward.custom_reward_function.path=/home/yw4636/agentic-tvg/agentic_tvg/reward.py', 'reward.custom_reward_function.name=compute_score_qa', 'trainer.use_v1=False', 'trainer.n_gpus_per_node=1', 'trainer.nnodes=1', 'trainer.logger=["console","tensorboard"]', 'trainer.project_name=agentic-tvg', 'trainer.experiment_name=grpo_vanilla', 'trainer.default_local_dir=/home/yw4636/agentic-tvg/results/grpo-vanilla/ckpt', 'trainer.rollout_data_dir=/home/yw4636/agentic-tvg/results/grpo-vanilla/rollouts', 'trainer.validation_data_dir=/home/yw4636/agentic-tvg/results/grpo-vanilla/val_rollouts', 'data.val_batch_size=2', 'trainer.val_before_train=True', '+trainer.max_actor_ckpt_to_keep=1', 'trainer.save_freq=20', 'trainer.test_freq=20', 'trainer.total_epochs=100', 'trainer.total_training_steps=267', 'trainer.val_before_train=False']
Traceback (most recent call last):
  File "/home/yw4636/.conda/envs/verl/lib/python3.12/site-packages/verl/trainer/main_ppo.py", line 193, in main
    run_ppo(config, task_runner_class=TaskRunner)
  File "/home/yw4636/.conda/envs/verl/lib/python3.12/site-packages/verl/trainer/main_ppo.py", line 94, in run_ppo
    ray.get(runner.run.remote(config))
  File "/home/yw4636/.conda/envs/verl/lib/python3.12/site-packages/ray/_private/auto_init_hook.py", line 22, in auto_init_wrapper
    return fn(*args, **kwargs)
           ^^^^^^^^^^^^^^^^^^^
  File "/home/yw4636/.conda/envs/verl/lib/python3.12/site-packages/ray/_private/client_mode_hook.py", line 134, in wrapper
    return func(*args, **kwargs)
           ^^^^^^^^^^^^^^^^^^^^^
  File "/home/yw4636/.conda/envs/verl/lib/python3.12/site-packages/ray/_private/worker.py", line 2986, in get
    values, debugger_breakpoint = worker.get_objects(
                                  ^^^^^^^^^^^^^^^^^^^
  File "/home/yw4636/.conda/envs/verl/lib/python3.12/site-packages/ray/_private/worker.py", line 1052, in get_objects
    raise value
ray.exceptions.ActorUnavailableError: The actor bf15dcf4367d2f0ef2fd9cb201000000 is unavailable: The actor is temporarily unavailable: RpcError: RPC error: keepalive watchdog timeout rpc_code: 14. The task may or may not have been executed on the actor.

Set the environment variable HYDRA_FULL_ERROR=1 for a complete stack trace.
