/home/yw4636/.conda/envs/verl/lib/python3.12/site-packages/verl/trainer/main_ppo.py:181: UserWarning: Disabled critic as algorithm.adv_estimator != gae. If it is not intended, please set critic.enable=True
  use_critic=need_critic(config),
WARNING: val_batch_size is deprecated. Validation datasets are sent to inference engines as a whole batch, which will schedule the memory themselves.
/home/yw4636/.conda/envs/verl/lib/python3.12/site-packages/verl/workers/engine/__init__.py:31: UserWarning: torchtitan engine is not available: ModuleNotFoundError("No module named 'torchtitan'")
  warnings.warn(f"torchtitan engine is not available: {e!r}", stacklevel=1)
/home/yw4636/.conda/envs/verl/lib/python3.12/site-packages/verl/workers/engine/__init__.py:40: UserWarning: veomni engine is not available: ModuleNotFoundError("No module named 'veomni'")
  warnings.warn(f"veomni engine is not available: {e!r}", stacklevel=1)
/home/yw4636/.conda/envs/verl/lib/python3.12/site-packages/verl/workers/engine/__init__.py:49: UserWarning: automodel engine is not available: ModuleNotFoundError("No module named 'nemo_automodel'")
  warnings.warn(f"automodel engine is not available: {e!r}", stacklevel=1)
/home/yw4636/.conda/envs/verl/lib/python3.12/site-packages/verl/workers/engine/mindspeed/transformer_impl.py:24: UserWarning: NPU not support router replay for now.
  from verl.utils.megatron.router_replay_patch import RouterReplay
/home/yw4636/.conda/envs/verl/lib/python3.12/site-packages/verl/workers/engine/__init__.py:59: UserWarning: mindspeed engine is not available: ModuleNotFoundError("No module named 'megatron'")
  warnings.warn(f"mindspeed engine is not available: {e!r}", stacklevel=1)
/home/yw4636/.conda/envs/verl/lib/python3.12/site-packages/verl/workers/engine/__init__.py:69: UserWarning: megatron engine is not available: ModuleNotFoundError("No module named 'megatron'")
  warnings.warn(f"megatron engine is not available: {e!r}", stacklevel=1)
[validate_config] All configuration checks passed successfully!
[2026-08-28 23:31:53,321][__main__][WARNING] - Legacy trainer `main_ppo_v0.py` is deprecated, and wil be removed in v0.9.0.Please set `trainer.use_v1=True` in config to use V1 trainer.
2026-08-28 23:31:56,249	INFO worker.py:2015 -- Started a local Ray instance. View the dashboard at [1m[32mhttp://127.0.0.1:8265 [39m[22m
[36m(pid=246628)[0m /home/yw4636/.conda/envs/verl/lib/python3.12/site-packages/verl/workers/engine/__init__.py:31: UserWarning: torchtitan engine is not available: ModuleNotFoundError("No module named 'torchtitan'")
[36m(pid=246628)[0m   warnings.warn(f"torchtitan engine is not available: {e!r}", stacklevel=1)
[36m(pid=246628)[0m /home/yw4636/.conda/envs/verl/lib/python3.12/site-packages/verl/workers/engine/__init__.py:40: UserWarning: veomni engine is not available: ModuleNotFoundError("No module named 'veomni'")
[36m(pid=246628)[0m   warnings.warn(f"veomni engine is not available: {e!r}", stacklevel=1)
[36m(pid=246628)[0m /home/yw4636/.conda/envs/verl/lib/python3.12/site-packages/verl/workers/engine/__init__.py:49: UserWarning: automodel engine is not available: ModuleNotFoundError("No module named 'nemo_automodel'")
[36m(pid=246628)[0m   warnings.warn(f"automodel engine is not available: {e!r}", stacklevel=1)
[36m(pid=246628)[0m /home/yw4636/.conda/envs/verl/lib/python3.12/site-packages/verl/workers/engine/mindspeed/transformer_impl.py:24: UserWarning: NPU not support router replay for now.
[36m(pid=246628)[0m   from verl.utils.megatron.router_replay_patch import RouterReplay
[36m(pid=246628)[0m /home/yw4636/.conda/envs/verl/lib/python3.12/site-packages/verl/workers/engine/__init__.py:59: UserWarning: mindspeed engine is not available: ModuleNotFoundError("No module named 'megatron'")
[36m(pid=246628)[0m   warnings.warn(f"mindspeed engine is not available: {e!r}", stacklevel=1)
[36m(pid=246628)[0m /home/yw4636/.conda/envs/verl/lib/python3.12/site-packages/verl/workers/engine/__init__.py:69: UserWarning: megatron engine is not available: ModuleNotFoundError("No module named 'megatron'")
[36m(pid=246628)[0m   warnings.warn(f"megatron engine is not available: {e!r}", stacklevel=1)
ray init kwargs: {'num_cpus': None, 'object_store_memory': 42949672960, 'runtime_env': {'env_vars': {'TOKENIZERS_PARALLELISM': 'true', 'NCCL_DEBUG': 'WARN', 'VLLM_LOGGING_LEVEL': 'WARN', 'VLLM_ALLOW_RUNTIME_LORA_UPDATING': 'true', 'VLLM_DISABLE_COMPILE_CACHE': '1', 'HCCL_HOST_SOCKET_PORT_RANGE': 'auto', 'HCCL_NPU_SOCKET_PORT_RANGE': 'auto', 'HSA_NO_SCRATCH_RECLAIM': '1', 'VERL_FULL_DETERMINISM': '0', 'VLLM_BATCH_INVARIANT': '0', 'VERL_RL_INSIGHT_ENABLE': '0'}, 'working_dir': None}}
[36m(TaskRunner pid=246628)[0m TaskRunner hostname: srv1-lg2.bed.cosmos-lab.org, PID: 246628
[36m(TaskRunner pid=246628)[0m {'actor_rollout_ref': {'actor': {'_target_': 'verl.workers.config.FSDPActorConfig',
[36m(TaskRunner pid=246628)[0m                                  'calculate_entropy': False,
[36m(TaskRunner pid=246628)[0m                                  'calculate_sum_pi_squared': False,
[36m(TaskRunner pid=246628)[0m                                  'checkpoint': {'_target_': 'verl.trainer.config.CheckpointConfig',
[36m(TaskRunner pid=246628)[0m                                                 'async_save': False,
[36m(TaskRunner pid=246628)[0m                                                 'load_contents': ['model',
[36m(TaskRunner pid=246628)[0m                                                                   'optimizer',
[36m(TaskRunner pid=246628)[0m                                                                   'extra'],
[36m(TaskRunner pid=246628)[0m                                                 'save_contents': ['model',
[36m(TaskRunner pid=246628)[0m                                                                   'optimizer',
[36m(TaskRunner pid=246628)[0m                                                                   'extra'],
[36m(TaskRunner pid=246628)[0m                                                 'strict': True},
[36m(TaskRunner pid=246628)[0m                                  'clip_ratio': 0.2,
[36m(TaskRunner pid=246628)[0m                                  'clip_ratio_c': 3.0,
[36m(TaskRunner pid=246628)[0m                                  'clip_ratio_high': 0.2,
[36m(TaskRunner pid=246628)[0m                                  'clip_ratio_low': 0.2,
[36m(TaskRunner pid=246628)[0m                                  'data_loader_seed': 42,
[36m(TaskRunner pid=246628)[0m                                  'entropy_checkpointing': False,
[36m(TaskRunner pid=246628)[0m                                  'entropy_coeff': 0,
[36m(TaskRunner pid=246628)[0m                                  'entropy_from_logits_chunk_size': 2048,
[36m(TaskRunner pid=246628)[0m                                  'entropy_from_logits_with_chunking': False,
[36m(TaskRunner pid=246628)[0m                                  'freeze_vision_tower': False,
[36m(TaskRunner pid=246628)[0m                                  'fsdp_config': {'_target_': 'verl.workers.config.FSDPEngineConfig',
[36m(TaskRunner pid=246628)[0m                                                  'dtype': 'bfloat16',
[36m(TaskRunner pid=246628)[0m                                                  'entropy_checkpointing': False,
[36m(TaskRunner pid=246628)[0m                                                  'entropy_from_logits_chunk_size': 2048,
[36m(TaskRunner pid=246628)[0m                                                  'entropy_from_logits_with_chunking': False,
[36m(TaskRunner pid=246628)[0m                                                  'forward_only': False,
[36m(TaskRunner pid=246628)[0m                                                  'forward_prefetch': False,
[36m(TaskRunner pid=246628)[0m                                                  'fsdp_size': -1,
[36m(TaskRunner pid=246628)[0m                                                  'full_determinism': False,
[36m(TaskRunner pid=246628)[0m                                                  'model_dtype': 'fp32',
[36m(TaskRunner pid=246628)[0m                                                  'offload_policy': False,
[36m(TaskRunner pid=246628)[0m                                                  'optimizer_offload': False,
[36m(TaskRunner pid=246628)[0m                                                  'pad_to_length': False,
[36m(TaskRunner pid=246628)[0m                                                  'pad_to_length_bucket': 1024,
[36m(TaskRunner pid=246628)[0m                                                  'param_offload': False,
[36m(TaskRunner pid=246628)[0m                                                  'qat': {'_target_': 'verl.workers.config.QATEngineConfig',
[36m(TaskRunner pid=246628)[0m                                                          'activation_observer': 'static_minmax',
[36m(TaskRunner pid=246628)[0m                                                          'enable': False,
[36m(TaskRunner pid=246628)[0m                                                          'group_size': 16,
[36m(TaskRunner pid=246628)[0m                                                          'ignore_patterns': ['lm_head',
[36m(TaskRunner pid=246628)[0m                                                                              'embed_tokens',
[36m(TaskRunner pid=246628)[0m                                                                              're:.*mlp.gate$'],
[36m(TaskRunner pid=246628)[0m                                                          'mode': 'w4a16',
[36m(TaskRunner pid=246628)[0m                                                          'quantization_config_path': None},
[36m(TaskRunner pid=246628)[0m                                                  'reshard_after_forward': True,
[36m(TaskRunner pid=246628)[0m                                                  'seed': 42,
[36m(TaskRunner pid=246628)[0m                                                  'strategy': 'fsdp',
[36m(TaskRunner pid=246628)[0m                                                  'ulysses_sequence_parallel_size': 1,
[36m(TaskRunner pid=246628)[0m                                                  'use_orig_params': False,
[36m(TaskRunner pid=246628)[0m                                                  'use_torch_compile': True,
[36m(TaskRunner pid=246628)[0m                                                  'wrap_policy': {'min_num_params': 0}},
[36m(TaskRunner pid=246628)[0m                                  'grad_clip': 1.0,
[36m(TaskRunner pid=246628)[0m                                  'kl_loss_coef': 0.001,
[36m(TaskRunner pid=246628)[0m                                  'kl_loss_type': 'low_var_kl',
[36m(TaskRunner pid=246628)[0m                                  'loss_agg_mode': 'token-mean',
[36m(TaskRunner pid=246628)[0m                                  'loss_scale_factor': None,
[36m(TaskRunner pid=246628)[0m                                  'optim': {'_target_': 'verl.workers.config.FSDPOptimizerConfig',
[36m(TaskRunner pid=246628)[0m                                            'betas': [0.9, 0.999],
[36m(TaskRunner pid=246628)[0m                                            'clip_grad': 1.0,
[36m(TaskRunner pid=246628)[0m                                            'lr': 1e-05,
[36m(TaskRunner pid=246628)[0m                                            'lr_scheduler_type': 'cosine',
[36m(TaskRunner pid=246628)[0m                                            'lr_warmup_steps': -1,
[36m(TaskRunner pid=246628)[0m                                            'lr_warmup_steps_ratio': 0.0,
[36m(TaskRunner pid=246628)[0m                                            'min_lr_ratio': 0.1,
[36m(TaskRunner pid=246628)[0m                                            'num_cycles': 0.5,
[36m(TaskRunner pid=246628)[0m                                            'optimizer': 'AdamW',
[36m(TaskRunner pid=246628)[0m                                            'optimizer_impl': 'torch.optim',
[36m(TaskRunner pid=246628)[0m                                            'override_optimizer_config': None,
[36m(TaskRunner pid=246628)[0m                                            'total_training_steps': -1,
[36m(TaskRunner pid=246628)[0m                                            'warmup_style': None,
[36m(TaskRunner pid=246628)[0m                                            'weight_decay': 0.01,
[36m(TaskRunner pid=246628)[0m                                            'zero_indexed_step': True},
[36m(TaskRunner pid=246628)[0m                                  'pad_to_length': False,
[36m(TaskRunner pid=246628)[0m                                  'policy_loss': {'_target_': 'verl.workers.config.PolicyLossConfig',
[36m(TaskRunner pid=246628)[0m                                                  'clip_cov_lb': 1.0,
[36m(TaskRunner pid=246628)[0m                                                  'clip_cov_ratio': 0.0002,
[36m(TaskRunner pid=246628)[0m                                                  'clip_cov_ub': 5.0,
[36m(TaskRunner pid=246628)[0m                                                  'dro_beta': None,
[36m(TaskRunner pid=246628)[0m                                                  'kl_cov_ratio': 0.0002,
[36m(TaskRunner pid=246628)[0m                                                  'loss_mode': 'vanilla',
[36m(TaskRunner pid=246628)[0m                                                  'ppo_kl_coef': 0.1},
[36m(TaskRunner pid=246628)[0m                                  'ppo_epochs': 1,
[36m(TaskRunner pid=246628)[0m                                  'ppo_max_token_len_per_gpu': 24576,
[36m(TaskRunner pid=246628)[0m                                  'ppo_micro_batch_size': None,
[36m(TaskRunner pid=246628)[0m                                  'ppo_micro_batch_size_per_gpu': None,
[36m(TaskRunner pid=246628)[0m                                  'ppo_mini_batch_size': 8,
[36m(TaskRunner pid=246628)[0m                                  'profiler': {'_target_': 'verl.utils.profiler.ProfilerConfig',
[36m(TaskRunner pid=246628)[0m                                               'all_ranks': False,
[36m(TaskRunner pid=246628)[0m                                               'enable': False,
[36m(TaskRunner pid=246628)[0m                                               'ranks': [],
[36m(TaskRunner pid=246628)[0m                                               'save_path': 'outputs/profile',
[36m(TaskRunner pid=246628)[0m                                               'tool': None,
[36m(TaskRunner pid=246628)[0m                                               'tool_config': {'npu': {'_target_': 'verl.utils.profiler.config.NPUToolConfig',
[36m(TaskRunner pid=246628)[0m                                                                       'analysis': True,
[36m(TaskRunner pid=246628)[0m                                                                       'contents': [],
[36m(TaskRunner pid=246628)[0m                                                                       'discrete': False,
[36m(TaskRunner pid=246628)[0m                                                                       'level': 'level0'},
[36m(TaskRunner pid=246628)[0m                                                               'nsys': {'_target_': 'verl.utils.profiler.config.NsightToolConfig',
[36m(TaskRunner pid=246628)[0m                                                                        'discrete': False},
[36m(TaskRunner pid=246628)[0m                                                               'precision_debugger': {'_target_': 'verl.utils.profiler.config.PrecisionDebuggerToolConfig',
[36m(TaskRunner pid=246628)[0m                                                                                      'config_path': None,
[36m(TaskRunner pid=246628)[0m                                                                                      'stages': None,
[36m(TaskRunner pid=246628)[0m                                                                                      'steps': None,
[36m(TaskRunner pid=246628)[0m                                                                                      'strict': False},
[36m(TaskRunner pid=246628)[0m                                                               'torch': {'_target_': 'verl.utils.profiler.config.TorchProfilerToolConfig',
[36m(TaskRunner pid=246628)[0m                                                                         'contents': [],
[36m(TaskRunner pid=246628)[0m                                                                         'discrete': False,
[36m(TaskRunner pid=246628)[0m                                                                         'schedule': {'_target_': 'verl.utils.profiler.config.TorchProfilerScheduleConfig',
[36m(TaskRunner pid=246628)[0m                                                                                      'active': 0,
[36m(TaskRunner pid=246628)[0m                                                                                      'repeat': 0,
[36m(TaskRunner pid=246628)[0m                                                                                      'skip_first': 0,
[36m(TaskRunner pid=246628)[0m                                                                                      'wait': 0,
[36m(TaskRunner pid=246628)[0m                                                                                      'warmup': 0}},
[36m(TaskRunner pid=246628)[0m                                                               'torch_memory': {'_target_': 'verl.utils.profiler.config.TorchMemoryToolConfig',
[36m(TaskRunner pid=246628)[0m                                                                                'stack_depth': 32,
[36m(TaskRunner pid=246628)[0m                                                                                'trace_alloc_max_entries': 100000}}},
[36m(TaskRunner pid=246628)[0m                                  'qat': {'activation_observer': 'static_minmax',
[36m(TaskRunner pid=246628)[0m                                          'enable': False,
[36m(TaskRunner pid=246628)[0m                                          'group_size': 16,
[36m(TaskRunner pid=246628)[0m                                          'ignore_patterns': ['lm_head',
[36m(TaskRunner pid=246628)[0m                                                              'embed_tokens',
[36m(TaskRunner pid=246628)[0m                                                              're:.*mlp.gate$'],
[36m(TaskRunner pid=246628)[0m                                          'mode': 'w4a16',
[36m(TaskRunner pid=246628)[0m                                          'quantization_config_path': None},
[36m(TaskRunner pid=246628)[0m                                  'rollout_n': 16,
[36m(TaskRunner pid=246628)[0m                                  'router_replay': {'_target_': 'verl.workers.config.RouterReplayConfig',
[36m(TaskRunner pid=246628)[0m                                                    'mode': 'disabled',
[36m(TaskRunner pid=246628)[0m                                                    'record_file': None,
[36m(TaskRunner pid=246628)[0m                                                    'replay_file': None},
[36m(TaskRunner pid=246628)[0m                                  'shuffle': False,
[36m(TaskRunner pid=246628)[0m                                  'strategy': 'fsdp2',
[36m(TaskRunner pid=246628)[0m                                  'tau_neg': 1.05,
[36m(TaskRunner pid=246628)[0m                                  'tau_pos': 1.0,
[36m(TaskRunner pid=246628)[0m                                  'ulysses_sequence_parallel_size': 1,
[36m(TaskRunner pid=246628)[0m                                  'use_dynamic_bsz': True,
[36m(TaskRunner pid=246628)[0m                                  'use_fused_kernels': False,
[36m(TaskRunner pid=246628)[0m                                  'use_kl_loss': True,
[36m(TaskRunner pid=246628)[0m                                  'use_prefix_grouper': False,
[36m(TaskRunner pid=246628)[0m                                  'use_remove_padding': True,
[36m(TaskRunner pid=246628)[0m                                  'use_torch_compile': True},
[36m(TaskRunner pid=246628)[0m                        'hybrid_engine': True,
[36m(TaskRunner pid=246628)[0m                        'model': {'_target_': 'verl.workers.config.HFModelConfig',
[36m(TaskRunner pid=246628)[0m                                  'custom_chat_template': None,
[36m(TaskRunner pid=246628)[0m                                  'enable_activation_offload': False,
[36m(TaskRunner pid=246628)[0m                                  'enable_gradient_checkpointing': True,
[36m(TaskRunner pid=246628)[0m                                  'exclude_modules': '.*visual.*',
[36m(TaskRunner pid=246628)[0m                                  'external_lib': None,
[36m(TaskRunner pid=246628)[0m                                  'fused_kernel_options': {'impl_backend': 'torch'},
[36m(TaskRunner pid=246628)[0m                                  'hf_config_path': None,
[36m(TaskRunner pid=246628)[0m                                  'lora': {'a2a_experimental': False,
[36m(TaskRunner pid=246628)[0m                                           'adapter_path': None,
[36m(TaskRunner pid=246628)[0m                                           'alpha': 32,
[36m(TaskRunner pid=246628)[0m                                           'dropout': 0.0,
[36m(TaskRunner pid=246628)[0m                                           'dropout_position': 'pre',
[36m(TaskRunner pid=246628)[0m                                           'dtype': None,
[36m(TaskRunner pid=246628)[0m                                           'exclude_modules': [],
[36m(TaskRunner pid=246628)[0m                                           'freeze_language_model': True,
[36m(TaskRunner pid=246628)[0m                                           'freeze_vision_model': True,
[36m(TaskRunner pid=246628)[0m                                           'freeze_vision_projection': True,
[36m(TaskRunner pid=246628)[0m                                           'lora_A_init_method': 'xavier',
[36m(TaskRunner pid=246628)[0m                                           'lora_B_init_method': 'zero',
[36m(TaskRunner pid=246628)[0m                                           'merge': False,
[36m(TaskRunner pid=246628)[0m                                           'rank': 0,
[36m(TaskRunner pid=246628)[0m                                           'target_modules': ['linear_qkv',
[36m(TaskRunner pid=246628)[0m                                                              'linear_proj',
[36m(TaskRunner pid=246628)[0m                                                              'linear_fc1',
[36m(TaskRunner pid=246628)[0m                                                              'linear_fc2'],
[36m(TaskRunner pid=246628)[0m                                           'type': 'lora'},
[36m(TaskRunner pid=246628)[0m                                  'lora_adapter_path': None,
[36m(TaskRunner pid=246628)[0m                                  'lora_alpha': 32,
[36m(TaskRunner pid=246628)[0m                                  'lora_rank': 16,
[36m(TaskRunner pid=246628)[0m                                  'mtp': {'_target_': 'verl.workers.config.MtpConfig',
[36m(TaskRunner pid=246628)[0m                                          'detach_encoder': False,
[36m(TaskRunner pid=246628)[0m                                          'enable': False,
[36m(TaskRunner pid=246628)[0m                                          'enable_rollout': False,
[36m(TaskRunner pid=246628)[0m                                          'enable_train': False,
[36m(TaskRunner pid=246628)[0m                                          'method': 'mtp',
[36m(TaskRunner pid=246628)[0m                                          'mtp_loss_scaling_factor': 0.1,
[36m(TaskRunner pid=246628)[0m                                          'num_speculative_tokens': 1,
[36m(TaskRunner pid=246628)[0m                                          'speculative_algorithm': 'EAGLE',
[36m(TaskRunner pid=246628)[0m                                          'speculative_eagle_topk': 1,
[36m(TaskRunner pid=246628)[0m                                          'speculative_num_draft_tokens': 4,
[36m(TaskRunner pid=246628)[0m                                          'speculative_num_steps': 3},
[36m(TaskRunner pid=246628)[0m                                  'override_config': {},
[36m(TaskRunner pid=246628)[0m                                  'path': '/home/yw4636/agentic-tvg/results/sft-mix/merged',
[36m(TaskRunner pid=246628)[0m                                  'target_modules': 'all-linear',
[36m(TaskRunner pid=246628)[0m                                  'tiled_mlp': {'enabled': False,
[36m(TaskRunner pid=246628)[0m                                                'num_shards': 4},
[36m(TaskRunner pid=246628)[0m                                  'tokenizer_path': None,
[36m(TaskRunner pid=246628)[0m                                  'trust_remote_code': False,
[36m(TaskRunner pid=246628)[0m                                  'use_fused_kernels': False,
[36m(TaskRunner pid=246628)[0m                                  'use_liger': False,
[36m(TaskRunner pid=246628)[0m                                  'use_remove_padding': True,
[36m(TaskRunner pid=246628)[0m                                  'use_shm': False},
[36m(TaskRunner pid=246628)[0m                        'nccl_timeout': 600,
[36m(TaskRunner pid=246628)[0m                        'ref': {'_target_': 'verl.workers.config.FSDPActorConfig',
[36m(TaskRunner pid=246628)[0m                                'entropy_checkpointing': False,
[36m(TaskRunner pid=246628)[0m                                'entropy_from_logits_chunk_size': 2048,
[36m(TaskRunner pid=246628)[0m                                'entropy_from_logits_with_chunking': False,
[36m(TaskRunner pid=246628)[0m                                'fsdp_config': {'_target_': 'verl.workers.config.FSDPEngineConfig',
[36m(TaskRunner pid=246628)[0m                                                'dtype': 'bfloat16',
[36m(TaskRunner pid=246628)[0m                                                'entropy_checkpointing': False,
[36m(TaskRunner pid=246628)[0m                                                'entropy_from_logits_chunk_size': 2048,
[36m(TaskRunner pid=246628)[0m                                                'entropy_from_logits_with_chunking': False,
[36m(TaskRunner pid=246628)[0m                                                'forward_only': True,
[36m(TaskRunner pid=246628)[0m                                                'forward_prefetch': False,
[36m(TaskRunner pid=246628)[0m                                                'fsdp_size': -1,
[36m(TaskRunner pid=246628)[0m                                                'full_determinism': False,
[36m(TaskRunner pid=246628)[0m                                                'model_dtype': 'fp32',
[36m(TaskRunner pid=246628)[0m                                                'offload_policy': False,
[36m(TaskRunner pid=246628)[0m                                                'optimizer_offload': False,
[36m(TaskRunner pid=246628)[0m                                                'pad_to_length': False,
[36m(TaskRunner pid=246628)[0m                                                'pad_to_length_bucket': 1024,
[36m(TaskRunner pid=246628)[0m                                                'param_offload': False,
[36m(TaskRunner pid=246628)[0m                                                'qat': {'_target_': 'verl.workers.config.QATEngineConfig',
[36m(TaskRunner pid=246628)[0m                                                        'activation_observer': 'static_minmax',
[36m(TaskRunner pid=246628)[0m                                                        'enable': False,
[36m(TaskRunner pid=246628)[0m                                                        'group_size': 16,
[36m(TaskRunner pid=246628)[0m                                                        'ignore_patterns': ['lm_head',
[36m(TaskRunner pid=246628)[0m                                                                            'embed_tokens',
[36m(TaskRunner pid=246628)[0m                                                                            're:.*mlp.gate$'],
[36m(TaskRunner pid=246628)[0m                                                        'mode': 'w4a16',
[36m(TaskRunner pid=246628)[0m                                                        'quantization_config_path': None},
[36m(TaskRunner pid=246628)[0m                                                'reshard_after_forward': True,
[36m(TaskRunner pid=246628)[0m                                                'seed': 42,
[36m(TaskRunner pid=246628)[0m                                                'strategy': 'fsdp',
[36m(TaskRunner pid=246628)[0m                                                'ulysses_sequence_parallel_size': 1,
[36m(TaskRunner pid=246628)[0m                                                'use_orig_params': False,
[36m(TaskRunner pid=246628)[0m                                                'use_torch_compile': True,
[36m(TaskRunner pid=246628)[0m                                                'wrap_policy': {'min_num_params': 0}},
[36m(TaskRunner pid=246628)[0m                                'log_prob_max_token_len_per_gpu': 24576,
[36m(TaskRunner pid=246628)[0m                                'log_prob_micro_batch_size': None,
[36m(TaskRunner pid=246628)[0m                                'log_prob_micro_batch_size_per_gpu': None,
[36m(TaskRunner pid=246628)[0m                                'log_prob_use_dynamic_bsz': True,
[36m(TaskRunner pid=246628)[0m                                'pad_to_length': False,
[36m(TaskRunner pid=246628)[0m                                'profiler': {'_target_': 'verl.utils.profiler.ProfilerConfig',
[36m(TaskRunner pid=246628)[0m                                             'all_ranks': False,
[36m(TaskRunner pid=246628)[0m                                             'enable': False,
[36m(TaskRunner pid=246628)[0m                                             'ranks': [],
[36m(TaskRunner pid=246628)[0m                                             'save_path': 'outputs/profile',
[36m(TaskRunner pid=246628)[0m                                             'tool': None,
[36m(TaskRunner pid=246628)[0m                                             'tool_config': {'npu': {'_target_': 'verl.utils.profiler.config.NPUToolConfig',
[36m(TaskRunner pid=246628)[0m                                                                     'analysis': True,
[36m(TaskRunner pid=246628)[0m                                                                     'contents': [],
[36m(TaskRunner pid=246628)[0m                                                                     'discrete': False,
[36m(TaskRunner pid=246628)[0m                                                                     'level': 'level0'},
[36m(TaskRunner pid=246628)[0m                                                             'nsys': {'_target_': 'verl.utils.profiler.config.NsightToolConfig',
[36m(TaskRunner pid=246628)[0m                                                                      'discrete': False},
[36m(TaskRunner pid=246628)[0m                                                             'precision_debugger': {'_target_': 'verl.utils.profiler.config.PrecisionDebuggerToolConfig',
[36m(TaskRunner pid=246628)[0m                                                                                    'config_path': None,
[36m(TaskRunner pid=246628)[0m                                                                                    'stages': None,
[36m(TaskRunner pid=246628)[0m                                                                                    'steps': None,
[36m(TaskRunner pid=246628)[0m                                                                                    'strict': False},
[36m(TaskRunner pid=246628)[0m                                                             'torch': {'_target_': 'verl.utils.profiler.config.TorchProfilerToolConfig',
[36m(TaskRunner pid=246628)[0m                                                                       'contents': [],
[36m(TaskRunner pid=246628)[0m                                                                       'discrete': False,
[36m(TaskRunner pid=246628)[0m                                                                       'schedule': {'_target_': 'verl.utils.profiler.config.TorchProfilerScheduleConfig',
[36m(TaskRunner pid=246628)[0m                                                                                    'active': 0,
[36m(TaskRunner pid=246628)[0m                                                                                    'repeat': 0,
[36m(TaskRunner pid=246628)[0m                                                                                    'skip_first': 0,
[36m(TaskRunner pid=246628)[0m                                                                                    'wait': 0,
[36m(TaskRunner pid=246628)[0m                                                                                    'warmup': 0}},
[36m(TaskRunner pid=246628)[0m                                                             'torch_memory': {'_target_': 'verl.utils.profiler.config.TorchMemoryToolConfig',
[36m(TaskRunner pid=246628)[0m                                                                              'stack_depth': 32,
[36m(TaskRunner pid=246628)[0m                                                                              'trace_alloc_max_entries': 100000}}},
[36m(TaskRunner pid=246628)[0m                                'rollout_n': 16,
[36m(TaskRunner pid=246628)[0m                                'router_replay': {'_target_': 'verl.workers.config.RouterReplayConfig',
[36m(TaskRunner pid=246628)[0m                                                  'mode': 'disabled',
[36m(TaskRunner pid=246628)[0m                                                  'record_file': None,
[36m(TaskRunner pid=246628)[0m                                                  'replay_file': None},
[36m(TaskRunner pid=246628)[0m                                'strategy': 'fsdp2',
[36m(TaskRunner pid=246628)[0m                                'ulysses_sequence_parallel_size': 1,
[36m(TaskRunner pid=246628)[0m                                'use_torch_compile': True},
[36m(TaskRunner pid=246628)[0m                        'rollout': {'_target_': 'verl.workers.config.RolloutConfig',
[36m(TaskRunner pid=246628)[0m                                    'agent': {'_target_': 'verl.workers.config.AgentLoopConfig',
[36m(TaskRunner pid=246628)[0m                                              'agent_loop_config_path': None,
[36m(TaskRunner pid=246628)[0m                                              'custom_async_server': {'_target_': 'verl.workers.config.CustomAsyncServerConfig',
[36m(TaskRunner pid=246628)[0m                                                                      'name': None,
[36m(TaskRunner pid=246628)[0m                                                                      'path': None},
[36m(TaskRunner pid=246628)[0m                                              'default_agent_loop': 'tool_agent',
[36m(TaskRunner pid=246628)[0m                                              'num_workers': 8},
[36m(TaskRunner pid=246628)[0m                                    'calculate_log_probs': True,
[36m(TaskRunner pid=246628)[0m                                    'checkpoint_engine': {'_target_': 'verl.workers.config.CheckpointEngineConfig',
[36m(TaskRunner pid=246628)[0m                                                          'backend': 'naive',
[36m(TaskRunner pid=246628)[0m                                                          'custom_backend_module': None,
[36m(TaskRunner pid=246628)[0m                                                          'engine_kwargs': {},
[36m(TaskRunner pid=246628)[0m                                                          'update_weights_bucket_megabytes': 2048},
[36m(TaskRunner pid=246628)[0m                                    'cudagraph_capture_sizes': None,
[36m(TaskRunner pid=246628)[0m                                    'data_parallel_size': 1,
[36m(TaskRunner pid=246628)[0m                                    'disable_log_stats': True,
[36m(TaskRunner pid=246628)[0m                                    'disaggregation': {'bootstrap_port': None,
[36m(TaskRunner pid=246628)[0m                                                       'decode_replicas': 1,
[36m(TaskRunner pid=246628)[0m                                                       'decode_tensor_model_parallel_size': None,
[36m(TaskRunner pid=246628)[0m                                                       'enabled': False,
[36m(TaskRunner pid=246628)[0m                                                       'ib_device': None,
[36m(TaskRunner pid=246628)[0m                                                       'prefill_replicas': 1,
[36m(TaskRunner pid=246628)[0m                                                       'transfer_backend': 'nixl'},
[36m(TaskRunner pid=246628)[0m                                    'do_sample': True,
[36m(TaskRunner pid=246628)[0m                                    'dtype': 'bfloat16',
[36m(TaskRunner pid=246628)[0m                                    'enable_chunked_prefill': True,
[36m(TaskRunner pid=246628)[0m                                    'enable_prefix_caching': True,
[36m(TaskRunner pid=246628)[0m                                    'enable_rollout_routing_replay': False,
[36m(TaskRunner pid=246628)[0m                                    'enforce_eager': False,
[36m(TaskRunner pid=246628)[0m                                    'engine_kwargs': {'sglang': {},
[36m(TaskRunner pid=246628)[0m                                                      'trtllm': {},
[36m(TaskRunner pid=246628)[0m                                                      'vllm': {'mm_processor_kwargs': {'max_pixels': 150528}}},
[36m(TaskRunner pid=246628)[0m                                    'expert_parallel_size': 1,
[36m(TaskRunner pid=246628)[0m                                    'free_cache_engine': True,
[36m(TaskRunner pid=246628)[0m                                    'full_determinism': False,
[36m(TaskRunner pid=246628)[0m                                    'gpu_memory_utilization': 0.65,
[36m(TaskRunner pid=246628)[0m                                    'ignore_eos': False,
[36m(TaskRunner pid=246628)[0m                                    'layered_summon': True,
[36m(TaskRunner pid=246628)[0m                                    'limit_images': 112,
[36m(TaskRunner pid=246628)[0m                                    'load_format': 'safetensors',
[36m(TaskRunner pid=246628)[0m                                    'log_prob_max_token_len_per_gpu': 24576,
[36m(TaskRunner pid=246628)[0m                                    'log_prob_micro_batch_size': None,
[36m(TaskRunner pid=246628)[0m                                    'log_prob_micro_batch_size_per_gpu': None,
[36m(TaskRunner pid=246628)[0m                                    'log_prob_use_dynamic_bsz': True,
[36m(TaskRunner pid=246628)[0m                                    'logprobs_mode': 'processed_logprobs',
[36m(TaskRunner pid=246628)[0m                                    'max_model_len': 20992,
[36m(TaskRunner pid=246628)[0m                                    'max_num_batched_tokens': 24576,
[36m(TaskRunner pid=246628)[0m                                    'max_num_seqs': 256,
[36m(TaskRunner pid=246628)[0m                                    'mode': 'async',
[36m(TaskRunner pid=246628)[0m                                    'moe_load_balance_metrics_interval': 0,
[36m(TaskRunner pid=246628)[0m                                    'mtp': {'_target_': 'verl.workers.config.MtpConfig',
[36m(TaskRunner pid=246628)[0m                                            'detach_encoder': False,
[36m(TaskRunner pid=246628)[0m                                            'enable': False,
[36m(TaskRunner pid=246628)[0m                                            'enable_rollout': False,
[36m(TaskRunner pid=246628)[0m                                            'enable_train': False,
[36m(TaskRunner pid=246628)[0m                                            'method': 'mtp',
[36m(TaskRunner pid=246628)[0m                                            'mtp_loss_scaling_factor': 0.1,
[36m(TaskRunner pid=246628)[0m                                            'num_speculative_tokens': 1,
[36m(TaskRunner pid=246628)[0m                                            'speculative_algorithm': 'EAGLE',
[36m(TaskRunner pid=246628)[0m                                            'speculative_eagle_topk': 1,
[36m(TaskRunner pid=246628)[0m                                            'speculative_num_draft_tokens': 4,
[36m(TaskRunner pid=246628)[0m                                            'speculative_num_steps': 3},
[36m(TaskRunner pid=246628)[0m                                    'multi_stage_wake_up': False,
[36m(TaskRunner pid=246628)[0m                                    'multi_turn': {'_target_': 'verl.workers.config.MultiTurnConfig',
[36m(TaskRunner pid=246628)[0m                                                   'enable': True,
[36m(TaskRunner pid=246628)[0m                                                   'format': 'hermes',
[36m(TaskRunner pid=246628)[0m                                                   'function_tool_path': None,
[36m(TaskRunner pid=246628)[0m                                                   'max_assistant_turns': 4,
[36m(TaskRunner pid=246628)[0m                                                   'max_parallel_calls': 1,
[36m(TaskRunner pid=246628)[0m                                                   'max_tool_response_length': 2048,
[36m(TaskRunner pid=246628)[0m                                                   'max_user_turns': 3,
[36m(TaskRunner pid=246628)[0m                                                   'num_repeat_rollouts': None,
[36m(TaskRunner pid=246628)[0m                                                   'tokenization_sanity_check_mode': 'strict',
[36m(TaskRunner pid=246628)[0m                                                   'tool_config_path': '/home/yw4636/agentic-tvg/crop_video_tool.yaml',
[36m(TaskRunner pid=246628)[0m                                                   'tool_response_truncate_side': 'middle',
[36m(TaskRunner pid=246628)[0m                                                   'use_inference_chat_template': False},
[36m(TaskRunner pid=246628)[0m                                    'n': 16,
[36m(TaskRunner pid=246628)[0m                                    'n_gpus_per_node': 1,
[36m(TaskRunner pid=246628)[0m                                    'name': 'vllm',
[36m(TaskRunner pid=246628)[0m                                    'nnodes': 0,
[36m(TaskRunner pid=246628)[0m                                    'over_sample_rate': 0,
[36m(TaskRunner pid=246628)[0m                                    'pipeline_model_parallel_size': 1,
[36m(TaskRunner pid=246628)[0m                                    'profiler': {'_target_': 'verl.utils.profiler.ProfilerConfig',
[36m(TaskRunner pid=246628)[0m                                                 'all_ranks': False,
[36m(TaskRunner pid=246628)[0m                                                 'enable': False,
[36m(TaskRunner pid=246628)[0m                                                 'ranks': [],
[36m(TaskRunner pid=246628)[0m                                                 'save_path': 'outputs/profile',
[36m(TaskRunner pid=246628)[0m                                                 'tool': None,
[36m(TaskRunner pid=246628)[0m                                                 'tool_config': {'npu': {'_target_': 'verl.utils.profiler.config.NPUToolConfig',
[36m(TaskRunner pid=246628)[0m                                                                         'analysis': True,
[36m(TaskRunner pid=246628)[0m                                                                         'contents': [],
[36m(TaskRunner pid=246628)[0m                                                                         'discrete': False,
[36m(TaskRunner pid=246628)[0m                                                                         'level': 'level0',
[36m(TaskRunner pid=246628)[0m                                                                         'profile_token_end': None,
[36m(TaskRunner pid=246628)[0m                                                                         'profile_token_start': None},
[36m(TaskRunner pid=246628)[0m                                                                 'precision_debugger': {'_target_': 'verl.utils.profiler.config.PrecisionDebuggerToolConfig',
[36m(TaskRunner pid=246628)[0m                                                                                        'config_path': None,
[36m(TaskRunner pid=246628)[0m                                                                                        'stages': None,
[36m(TaskRunner pid=246628)[0m                                                                                        'steps': None,
[36m(TaskRunner pid=246628)[0m                                                                                        'strict': False},
[36m(TaskRunner pid=246628)[0m                                                                 'torch': {'_target_': 'verl.utils.profiler.config.TorchProfilerToolConfig',
[36m(TaskRunner pid=246628)[0m                                                                           'contents': [],
[36m(TaskRunner pid=246628)[0m                                                                           'discrete': False,
[36m(TaskRunner pid=246628)[0m                                                                           'profile_token_end': None,
[36m(TaskRunner pid=246628)[0m                                                                           'profile_token_start': None}}},
[36m(TaskRunner pid=246628)[0m                                    'prometheus': {'_target_': 'verl.workers.config.PrometheusConfig',
[36m(TaskRunner pid=246628)[0m                                                   'enable': False,
[36m(TaskRunner pid=246628)[0m                                                   'file': '/tmp/ray/session_latest/metrics/prometheus/prometheus.yml',
[36m(TaskRunner pid=246628)[0m                                                   'port': 9090,
[36m(TaskRunner pid=246628)[0m                                                   'served_model_name': '/home/yw4636/agentic-tvg/results/sft-mix/merged'},
[36m(TaskRunner pid=246628)[0m                                    'prompt_length': 4608,
[36m(TaskRunner pid=246628)[0m                                    'qat': {'_target_': 'verl.workers.config.QATEngineConfig',
[36m(TaskRunner pid=246628)[0m                                            'activation_observer': 'static_minmax',
[36m(TaskRunner pid=246628)[0m                                            'enable': False,
[36m(TaskRunner pid=246628)[0m                                            'group_size': 16,
[36m(TaskRunner pid=246628)[0m                                            'ignore_patterns': ['lm_head',
[36m(TaskRunner pid=246628)[0m                                                                'embed_tokens',
[36m(TaskRunner pid=246628)[0m                                                                're:.*mlp.gate$'],
[36m(TaskRunner pid=246628)[0m                                            'mode': 'w4a16',
[36m(TaskRunner pid=246628)[0m                                            'quantization_config_path': None},
[36m(TaskRunner pid=246628)[0m                                    'quantization': None,
[36m(TaskRunner pid=246628)[0m                                    'quantization_config_file': None,
[36m(TaskRunner pid=246628)[0m                                    'response_length': 16384,
[36m(TaskRunner pid=246628)[0m                                    'scheduling_policy': 'fcfs',
[36m(TaskRunner pid=246628)[0m                                    'seed': 42,
[36m(TaskRunner pid=246628)[0m                                    'skip_tokenizer_init': True,
[36m(TaskRunner pid=246628)[0m                                    'temperature': 1.0,
[36m(TaskRunner pid=246628)[0m                                    'tensor_model_parallel_size': 1,
[36m(TaskRunner pid=246628)[0m                                    'top_k': -1,
[36m(TaskRunner pid=246628)[0m                                    'top_p': 1,
[36m(TaskRunner pid=246628)[0m                                    'trace': {'_target_': 'verl.workers.config.TraceConfig',
[36m(TaskRunner pid=246628)[0m                                              'backend': None,
[36m(TaskRunner pid=246628)[0m                                              'experiment_name': 'grpo_vanilla',
[36m(TaskRunner pid=246628)[0m                                              'max_samples_per_step_per_worker': None,
[36m(TaskRunner pid=246628)[0m                                              'project_name': 'agentic-tvg',
[36m(TaskRunner pid=246628)[0m                                              'token2text': False},
[36m(TaskRunner pid=246628)[0m                                    'val_kwargs': {'_target_': 'verl.workers.config.SamplingConfig',
[36m(TaskRunner pid=246628)[0m                                                   'do_sample': False,
[36m(TaskRunner pid=246628)[0m                                                   'n': 1,
[36m(TaskRunner pid=246628)[0m                                                   'temperature': 0,
[36m(TaskRunner pid=246628)[0m                                                   'top_k': -1,
[36m(TaskRunner pid=246628)[0m                                                   'top_p': 1.0}}},
[36m(TaskRunner pid=246628)[0m  'algorithm': {'_target_': 'verl.trainer.config.AlgoConfig',
[36m(TaskRunner pid=246628)[0m                'adv_estimator': 'grpo',
[36m(TaskRunner pid=246628)[0m                'filter_groups': {'_target_': 'verl.trainer.config.FilterGroupsConfig',
[36m(TaskRunner pid=246628)[0m                                  'enable': False,
[36m(TaskRunner pid=246628)[0m                                  'max_inflight_gen_batches': 1,
[36m(TaskRunner pid=246628)[0m                                  'max_num_gen_batches': 0,
[36m(TaskRunner pid=246628)[0m                                  'metric': None},
[36m(TaskRunner pid=246628)[0m                'gamma': 1.0,
[36m(TaskRunner pid=246628)[0m                'kl_ctrl': {'_target_': 'verl.trainer.config.KLControlConfig',
[36m(TaskRunner pid=246628)[0m                            'horizon': 10000,
[36m(TaskRunner pid=246628)[0m                            'kl_coef': 0.001,
[36m(TaskRunner pid=246628)[0m                            'target_kl': 0.1,
[36m(TaskRunner pid=246628)[0m                            'type': 'fixed'},
[36m(TaskRunner pid=246628)[0m                'kl_penalty': 'kl',
[36m(TaskRunner pid=246628)[0m                'lam': 1.0,
[36m(TaskRunner pid=246628)[0m                'norm_adv_by_std_in_grpo': True,
[36m(TaskRunner pid=246628)[0m                'pf_ppo': {'reweight_method': 'pow', 'weight_pow': 2.0},
[36m(TaskRunner pid=246628)[0m                'rollout_correction': {'bypass_mode': False,
[36m(TaskRunner pid=246628)[0m                                       'loss_type': 'ppo_clip',
[36m(TaskRunner pid=246628)[0m                                       'rollout_is': None,
[36m(TaskRunner pid=246628)[0m                                       'rollout_is_batch_normalize': False,
[36m(TaskRunner pid=246628)[0m                                       'rollout_is_threshold': 2.0,
[36m(TaskRunner pid=246628)[0m                                       'rollout_rs': None,
[36m(TaskRunner pid=246628)[0m                                       'rollout_rs_threshold': None},
[36m(TaskRunner pid=246628)[0m                'use_kl_in_reward': False,
[36m(TaskRunner pid=246628)[0m                'use_pf_ppo': False},
[36m(TaskRunner pid=246628)[0m  'critic': {'_target_': 'verl.workers.config.FSDPCriticConfig',
[36m(TaskRunner pid=246628)[0m             'checkpoint': {'_target_': 'verl.trainer.config.CheckpointConfig',
[36m(TaskRunner pid=246628)[0m                            'async_save': False,
[36m(TaskRunner pid=246628)[0m                            'load_contents': ['model', 'optimizer', 'extra'],
[36m(TaskRunner pid=246628)[0m                            'save_contents': ['model', 'optimizer', 'extra']},
[36m(TaskRunner pid=246628)[0m             'cliprange_value': 0.5,
[36m(TaskRunner pid=246628)[0m             'data_loader_seed': 42,
[36m(TaskRunner pid=246628)[0m             'enable': None,
[36m(TaskRunner pid=246628)[0m             'forward_max_token_len_per_gpu': 32768,
[36m(TaskRunner pid=246628)[0m             'forward_micro_batch_size': None,
[36m(TaskRunner pid=246628)[0m             'forward_micro_batch_size_per_gpu': None,
[36m(TaskRunner pid=246628)[0m             'fsdp': {'_target_': 'verl.workers.config.FSDPEngineConfig',
[36m(TaskRunner pid=246628)[0m                      'dtype': 'bfloat16',
[36m(TaskRunner pid=246628)[0m                      'entropy_checkpointing': False,
[36m(TaskRunner pid=246628)[0m                      'entropy_from_logits_chunk_size': 2048,
[36m(TaskRunner pid=246628)[0m                      'entropy_from_logits_with_chunking': False,
[36m(TaskRunner pid=246628)[0m                      'forward_only': False,
[36m(TaskRunner pid=246628)[0m                      'forward_prefetch': False,
[36m(TaskRunner pid=246628)[0m                      'fsdp_size': -1,
[36m(TaskRunner pid=246628)[0m                      'full_determinism': False,
[36m(TaskRunner pid=246628)[0m                      'model_dtype': 'fp32',
[36m(TaskRunner pid=246628)[0m                      'offload_policy': False,
[36m(TaskRunner pid=246628)[0m                      'optimizer_offload': False,
[36m(TaskRunner pid=246628)[0m                      'pad_to_length': False,
[36m(TaskRunner pid=246628)[0m                      'pad_to_length_bucket': 1024,
[36m(TaskRunner pid=246628)[0m                      'param_offload': False,
[36m(TaskRunner pid=246628)[0m                      'qat': {'_target_': 'verl.workers.config.QATEngineConfig',
[36m(TaskRunner pid=246628)[0m                              'activation_observer': 'static_minmax',
[36m(TaskRunner pid=246628)[0m                              'enable': False,
[36m(TaskRunner pid=246628)[0m                              'group_size': 16,
[36m(TaskRunner pid=246628)[0m                              'ignore_patterns': ['lm_head',
[36m(TaskRunner pid=246628)[0m                                                  'embed_tokens',
[36m(TaskRunner pid=246628)[0m                                                  're:.*mlp.gate$'],
[36m(TaskRunner pid=246628)[0m                              'mode': 'w4a16',
[36m(TaskRunner pid=246628)[0m                              'quantization_config_path': None},
[36m(TaskRunner pid=246628)[0m                      'reshard_after_forward': True,
[36m(TaskRunner pid=246628)[0m                      'seed': 42,
[36m(TaskRunner pid=246628)[0m                      'strategy': 'fsdp',
[36m(TaskRunner pid=246628)[0m                      'ulysses_sequence_parallel_size': 1,
[36m(TaskRunner pid=246628)[0m                      'use_orig_params': False,
[36m(TaskRunner pid=246628)[0m                      'use_torch_compile': True,
[36m(TaskRunner pid=246628)[0m                      'wrap_policy': {'min_num_params': 0}},
[36m(TaskRunner pid=246628)[0m             'grad_clip': 1.0,
[36m(TaskRunner pid=246628)[0m             'loss_agg_mode': 'token-mean',
[36m(TaskRunner pid=246628)[0m             'loss_scale_factor': None,
[36m(TaskRunner pid=246628)[0m             'model': {'_target_': 'verl.workers.config.HFModelConfig',
[36m(TaskRunner pid=246628)[0m                       'custom_chat_template': None,
[36m(TaskRunner pid=246628)[0m                       'enable_activation_offload': False,
[36m(TaskRunner pid=246628)[0m                       'enable_gradient_checkpointing': True,
[36m(TaskRunner pid=246628)[0m                       'exclude_modules': None,
[36m(TaskRunner pid=246628)[0m                       'external_lib': None,
[36m(TaskRunner pid=246628)[0m                       'fused_kernel_options': {'impl_backend': 'torch'},
[36m(TaskRunner pid=246628)[0m                       'hf_config_path': None,
[36m(TaskRunner pid=246628)[0m                       'lora': {'a2a_experimental': False,
[36m(TaskRunner pid=246628)[0m                                'adapter_path': None,
[36m(TaskRunner pid=246628)[0m                                'alpha': 32,
[36m(TaskRunner pid=246628)[0m                                'dropout': 0.0,
[36m(TaskRunner pid=246628)[0m                                'dropout_position': 'pre',
[36m(TaskRunner pid=246628)[0m                                'dtype': None,
[36m(TaskRunner pid=246628)[0m                                'exclude_modules': [],
[36m(TaskRunner pid=246628)[0m                                'freeze_language_model': True,
[36m(TaskRunner pid=246628)[0m                                'freeze_vision_model': True,
[36m(TaskRunner pid=246628)[0m                                'freeze_vision_projection': True,
[36m(TaskRunner pid=246628)[0m                                'lora_A_init_method': 'xavier',
[36m(TaskRunner pid=246628)[0m                                'lora_B_init_method': 'zero',
[36m(TaskRunner pid=246628)[0m                                'merge': False,
[36m(TaskRunner pid=246628)[0m                                'rank': 0,
[36m(TaskRunner pid=246628)[0m                                'target_modules': ['linear_qkv',
[36m(TaskRunner pid=246628)[0m                                                   'linear_proj',
[36m(TaskRunner pid=246628)[0m                                                   'linear_fc1',
[36m(TaskRunner pid=246628)[0m                                                   'linear_fc2'],
[36m(TaskRunner pid=246628)[0m                                'type': 'lora'},
[36m(TaskRunner pid=246628)[0m                       'lora_adapter_path': None,
[36m(TaskRunner pid=246628)[0m                       'lora_alpha': 16,
[36m(TaskRunner pid=246628)[0m                       'lora_rank': 0,
[36m(TaskRunner pid=246628)[0m                       'mtp': {'_target_': 'verl.workers.config.MtpConfig',
[36m(TaskRunner pid=246628)[0m                               'detach_encoder': False,
[36m(TaskRunner pid=246628)[0m                               'enable': False,
[36m(TaskRunner pid=246628)[0m                               'enable_rollout': False,
[36m(TaskRunner pid=246628)[0m                               'enable_train': False,
[36m(TaskRunner pid=246628)[0m                               'method': 'mtp',
[36m(TaskRunner pid=246628)[0m                               'mtp_loss_scaling_factor': 0.1,
[36m(TaskRunner pid=246628)[0m                               'num_speculative_tokens': 1,
[36m(TaskRunner pid=246628)[0m                               'speculative_algorithm': 'EAGLE',
[36m(TaskRunner pid=246628)[0m                               'speculative_eagle_topk': 1,
[36m(TaskRunner pid=246628)[0m                               'speculative_num_draft_tokens': 4,
[36m(TaskRunner pid=246628)[0m                               'speculative_num_steps': 3},
[36m(TaskRunner pid=246628)[0m                       'override_config': {},
[36m(TaskRunner pid=246628)[0m                       'path': '~/models/deepseek-llm-7b-chat',
[36m(TaskRunner pid=246628)[0m                       'target_modules': 'all-linear',
[36m(TaskRunner pid=246628)[0m                       'tiled_mlp': {'enabled': False, 'num_shards': 4},
[36m(TaskRunner pid=246628)[0m                       'tokenizer_path': None,
[36m(TaskRunner pid=246628)[0m                       'trust_remote_code': False,
[36m(TaskRunner pid=246628)[0m                       'use_fused_kernels': False,
[36m(TaskRunner pid=246628)[0m                       'use_liger': False,
[36m(TaskRunner pid=246628)[0m                       'use_remove_padding': True,
[36m(TaskRunner pid=246628)[0m                       'use_shm': False},
[36m(TaskRunner pid=246628)[0m             'optim': {'_target_': 'verl.workers.config.FSDPOptimizerConfig',
[36m(TaskRunner pid=246628)[0m                       'betas': [0.9, 0.999],
[36m(TaskRunner pid=246628)[0m                       'clip_grad': 1.0,
[36m(TaskRunner pid=246628)[0m                       'lr': 1e-05,
[36m(TaskRunner pid=246628)[0m                       'lr_scheduler_type': 'constant',
[36m(TaskRunner pid=246628)[0m                       'lr_warmup_steps': -1,
[36m(TaskRunner pid=246628)[0m                       'lr_warmup_steps_ratio': 0.0,
[36m(TaskRunner pid=246628)[0m                       'min_lr_ratio': 0.0,
[36m(TaskRunner pid=246628)[0m                       'num_cycles': 0.5,
[36m(TaskRunner pid=246628)[0m                       'optimizer': 'AdamW',
[36m(TaskRunner pid=246628)[0m                       'optimizer_impl': 'torch.optim',
[36m(TaskRunner pid=246628)[0m                       'override_optimizer_config': None,
[36m(TaskRunner pid=246628)[0m                       'total_training_steps': -1,
[36m(TaskRunner pid=246628)[0m                       'warmup_style': None,
[36m(TaskRunner pid=246628)[0m                       'weight_decay': 0.01,
[36m(TaskRunner pid=246628)[0m                       'zero_indexed_step': True},
[36m(TaskRunner pid=246628)[0m             'ppo_epochs': 1,
[36m(TaskRunner pid=246628)[0m             'ppo_max_token_len_per_gpu': 32768,
[36m(TaskRunner pid=246628)[0m             'ppo_micro_batch_size': None,
[36m(TaskRunner pid=246628)[0m             'ppo_micro_batch_size_per_gpu': None,
[36m(TaskRunner pid=246628)[0m             'ppo_mini_batch_size': 8,
[36m(TaskRunner pid=246628)[0m             'profiler': {'_target_': 'verl.utils.profiler.ProfilerConfig',
[36m(TaskRunner pid=246628)[0m                          'all_ranks': False,
[36m(TaskRunner pid=246628)[0m                          'enable': False,
[36m(TaskRunner pid=246628)[0m                          'ranks': [],
[36m(TaskRunner pid=246628)[0m                          'save_path': 'outputs/profile',
[36m(TaskRunner pid=246628)[0m                          'tool': None,
[36m(TaskRunner pid=246628)[0m                          'tool_config': {'npu': {'_target_': 'verl.utils.profiler.config.NPUToolConfig',
[36m(TaskRunner pid=246628)[0m                                                  'analysis': True,
[36m(TaskRunner pid=246628)[0m                                                  'contents': [],
[36m(TaskRunner pid=246628)[0m                                                  'discrete': False,
[36m(TaskRunner pid=246628)[0m                                                  'level': 'level0'},
[36m(TaskRunner pid=246628)[0m                                          'nsys': {'_target_': 'verl.utils.profiler.config.NsightToolConfig',
[36m(TaskRunner pid=246628)[0m                                                   'discrete': False},
[36m(TaskRunner pid=246628)[0m                                          'precision_debugger': {'_target_': 'verl.utils.profiler.config.PrecisionDebuggerToolConfig',
[36m(TaskRunner pid=246628)[0m                                                                 'config_path': None,
[36m(TaskRunner pid=246628)[0m                                                                 'stages': None,
[36m(TaskRunner pid=246628)[0m                                                                 'steps': None,
[36m(TaskRunner pid=246628)[0m                                                                 'strict': False},
[36m(TaskRunner pid=246628)[0m                                          'torch': {'_target_': 'verl.utils.profiler.config.TorchProfilerToolConfig',
[36m(TaskRunner pid=246628)[0m                                                    'contents': [],
[36m(TaskRunner pid=246628)[0m                                                    'discrete': False,
[36m(TaskRunner pid=246628)[0m                                                    'schedule': {'_target_': 'verl.utils.profiler.config.TorchProfilerScheduleConfig',
[36m(TaskRunner pid=246628)[0m                                                                 'active': 0,
[36m(TaskRunner pid=246628)[0m                                                                 'repeat': 0,
[36m(TaskRunner pid=246628)[0m                                                                 'skip_first': 0,
[36m(TaskRunner pid=246628)[0m                                                                 'wait': 0,
[36m(TaskRunner pid=246628)[0m                                                                 'warmup': 0}},
[36m(TaskRunner pid=246628)[0m                                          'torch_memory': {'_target_': 'verl.utils.profiler.config.TorchMemoryToolConfig',
[36m(TaskRunner pid=246628)[0m                                                           'stack_depth': 32,
[36m(TaskRunner pid=246628)[0m                                                           'trace_alloc_max_entries': 100000}}},
[36m(TaskRunner pid=246628)[0m             'rollout_n': 16,
[36m(TaskRunner pid=246628)[0m             'shuffle': False,
[36m(TaskRunner pid=246628)[0m             'strategy': 'fsdp',
[36m(TaskRunner pid=246628)[0m             'ulysses_sequence_parallel_size': 1,
[36m(TaskRunner pid=246628)[0m             'use_dynamic_bsz': True},
[36m(TaskRunner pid=246628)[0m  'custom_reward_function': {'name': None, 'path': None},
[36m(TaskRunner pid=246628)[0m  'data': {'apply_chat_template_kwargs': {},
[36m(TaskRunner pid=246628)[0m           'audio_key': 'audios',
[36m(TaskRunner pid=246628)[0m           'continuous_token': {'enable': False, 'model_family': 'auto'},
[36m(TaskRunner pid=246628)[0m           'custom_cls': {'name': None, 'path': None},
[36m(TaskRunner pid=246628)[0m           'dataloader_num_workers': 8,
[36m(TaskRunner pid=246628)[0m           'filter_overlong_prompts': False,
[36m(TaskRunner pid=246628)[0m           'filter_overlong_prompts_workers': 1,
[36m(TaskRunner pid=246628)[0m           'function_tool_path': None,
[36m(TaskRunner pid=246628)[0m           'gen_batch_size': None,
[36m(TaskRunner pid=246628)[0m           'image_key': 'images',
[36m(TaskRunner pid=246628)[0m           'image_patch_size': 16,
[36m(TaskRunner pid=246628)[0m           'max_prompt_length': 4608,
[36m(TaskRunner pid=246628)[0m           'max_response_length': 16384,
[36m(TaskRunner pid=246628)[0m           'mm_processor_kwargs': {},
[36m(TaskRunner pid=246628)[0m           'prompt_key': 'prompt',
[36m(TaskRunner pid=246628)[0m           'return_full_prompt': False,
[36m(TaskRunner pid=246628)[0m           'return_multi_modal_inputs': True,
[36m(TaskRunner pid=246628)[0m           'return_raw_chat': True,
[36m(TaskRunner pid=246628)[0m           'return_raw_input_ids': False,
[36m(TaskRunner pid=246628)[0m           'reward_fn_key': 'data_source',
[36m(TaskRunner pid=246628)[0m           'seed': None,
[36m(TaskRunner pid=246628)[0m           'shuffle': True,
[36m(TaskRunner pid=246628)[0m           'tokenizer': None,
[36m(TaskRunner pid=246628)[0m           'tool_config_path': '/home/yw4636/agentic-tvg/crop_video_tool.yaml',
[36m(TaskRunner pid=246628)[0m           'train_batch_size': 8,
[36m(TaskRunner pid=246628)[0m           'train_files': '/home/yw4636/agentic-tvg/data/processed/rl_train.parquet',
[36m(TaskRunner pid=246628)[0m           'train_max_samples': -1,
[36m(TaskRunner pid=246628)[0m           'truncation': 'error',
[36m(TaskRunner pid=246628)[0m           'trust_remote_code': False,
[36m(TaskRunner pid=246628)[0m           'use_shm': False,
[36m(TaskRunner pid=246628)[0m           'val_batch_size': 2,
[36m(TaskRunner pid=246628)[0m           'val_files': '/home/yw4636/agentic-tvg/data/processed/rl_val.parquet',
[36m(TaskRunner pid=246628)[0m           'val_max_samples': -1,
[36m(TaskRunner pid=246628)[0m           'validation_shuffle': False,
[36m(TaskRunner pid=246628)[0m           'video_key': 'videos'},
[36m(TaskRunner pid=246628)[0m  'distillation': {'_target_': 'verl.workers.config.DistillationConfig',
[36m(TaskRunner pid=246628)[0m                   'distillation_loss': {'_target_': 'verl.workers.config.DistillationLossConfig',
[36m(TaskRunner pid=246628)[0m                                         'clip_ratio': 0.2,
[36m(TaskRunner pid=246628)[0m                                         'clip_ratio_high': 0.2,
[36m(TaskRunner pid=246628)[0m                                         'clip_ratio_low': 0.2,
[36m(TaskRunner pid=246628)[0m                                         'distillation_loss_coef': 1.0,
[36m(TaskRunner pid=246628)[0m                                         'log_prob_min_clamp': None,
[36m(TaskRunner pid=246628)[0m                                         'loss_max_clamp': None,
[36m(TaskRunner pid=246628)[0m                                         'loss_mode': 'k3',
[36m(TaskRunner pid=246628)[0m                                         'policy_loss_mode': 'vanilla',
[36m(TaskRunner pid=246628)[0m                                         'topk': 32,
[36m(TaskRunner pid=246628)[0m                                         'use_policy_gradient': False,
[36m(TaskRunner pid=246628)[0m                                         'use_task_rewards': True},
[36m(TaskRunner pid=246628)[0m                   'enabled': False,
[36m(TaskRunner pid=246628)[0m                   'n_gpus_per_node': 8,
[36m(TaskRunner pid=246628)[0m                   'nnodes': 0,
[36m(TaskRunner pid=246628)[0m                   'teacher_key': 'data_source',
[36m(TaskRunner pid=246628)[0m                   'teacher_models': {'teacher_model': {'_target_': 'verl.workers.config.DistillationTeacherModelConfig',
[36m(TaskRunner pid=246628)[0m                                                        'inference': {'_target_': 'verl.workers.config.RolloutConfig',
[36m(TaskRunner pid=246628)[0m                                                                      'cudagraph_capture_sizes': None,
[36m(TaskRunner pid=246628)[0m                                                                      'data_parallel_size': 1,
[36m(TaskRunner pid=246628)[0m                                                                      'disable_log_stats': True,
[36m(TaskRunner pid=246628)[0m                                                                      'dtype': 'bfloat16',
[36m(TaskRunner pid=246628)[0m                                                                      'enable_chunked_prefill': True,
[36m(TaskRunner pid=246628)[0m                                                                      'enable_prefix_caching': True,
[36m(TaskRunner pid=246628)[0m                                                                      'enforce_eager': True,
[36m(TaskRunner pid=246628)[0m                                                                      'engine_kwargs': {},
[36m(TaskRunner pid=246628)[0m                                                                      'expert_parallel_size': 1,
[36m(TaskRunner pid=246628)[0m                                                                      'free_cache_engine': True,
[36m(TaskRunner pid=246628)[0m                                                                      'gpu_memory_utilization': 0.5,
[36m(TaskRunner pid=246628)[0m                                                                      'limit_images': None,
[36m(TaskRunner pid=246628)[0m                                                                      'load_format': 'auto',
[36m(TaskRunner pid=246628)[0m                                                                      'max_model_len': None,
[36m(TaskRunner pid=246628)[0m                                                                      'max_num_batched_tokens': 8192,
[36m(TaskRunner pid=246628)[0m                                                                      'max_num_seqs': 1024,
[36m(TaskRunner pid=246628)[0m                                                                      'name': 'vllm',
[36m(TaskRunner pid=246628)[0m                                                                      'prompt_length': 4608,
[36m(TaskRunner pid=246628)[0m                                                                      'response_length': 16384,
[36m(TaskRunner pid=246628)[0m                                                                      'skip_tokenizer_init': True,
[36m(TaskRunner pid=246628)[0m                                                                      'temperature': 1.0,
[36m(TaskRunner pid=246628)[0m                                                                      'tensor_model_parallel_size': 2},
[36m(TaskRunner pid=246628)[0m                                                        'key': None,
[36m(TaskRunner pid=246628)[0m                                                        'model_path': None,
[36m(TaskRunner pid=246628)[0m                                                        'num_replicas': 0}}},
[36m(TaskRunner pid=246628)[0m  'global_profiler': {'_target_': 'verl.utils.profiler.ProfilerConfig',
[36m(TaskRunner pid=246628)[0m                      'global_tool_config': {'nsys': {'_target_': 'verl.utils.profiler.config.NsightToolConfig',
[36m(TaskRunner pid=246628)[0m                                                      'controller_nsight_options': {'cuda-graph-trace': 'graph',
[36m(TaskRunner pid=246628)[0m                                                                                    'cuda-memory-usage': 'true',
[36m(TaskRunner pid=246628)[0m                                                                                    'trace': 'cuda,nvtx,cublas,ucx'},
[36m(TaskRunner pid=246628)[0m                                                      'discrete': False,
[36m(TaskRunner pid=246628)[0m                                                      'worker_nsight_options': {'capture-range': 'cudaProfilerApi',
[36m(TaskRunner pid=246628)[0m                                                                                'capture-range-end': None,
[36m(TaskRunner pid=246628)[0m                                                                                'cuda-graph-trace': 'graph',
[36m(TaskRunner pid=246628)[0m                                                                                'cuda-memory-usage': 'true',
[36m(TaskRunner pid=246628)[0m                                                                                'kill': 'none',
[36m(TaskRunner pid=246628)[0m                                                                                'trace': 'cuda,nvtx,cublas,ucx'}},
[36m(TaskRunner pid=246628)[0m                                             'precision_debugger': {'_target_': 'verl.utils.profiler.config.PrecisionDebuggerToolConfig',
[36m(TaskRunner pid=246628)[0m                                                                    'config_path': None,
[36m(TaskRunner pid=246628)[0m                                                                    'stages': None,
[36m(TaskRunner pid=246628)[0m                                                                    'steps': None,
[36m(TaskRunner pid=246628)[0m                                                                    'strict': False},
[36m(TaskRunner pid=246628)[0m                                             'torch_memory': {'context': 'all',
[36m(TaskRunner pid=246628)[0m                                                              'kw_args': {},
[36m(TaskRunner pid=246628)[0m                                                              'stack_depth': 32,
[36m(TaskRunner pid=246628)[0m                                                              'stacks': 'all',
[36m(TaskRunner pid=246628)[0m                                                              'trace_alloc_max_entries': 100000}},
[36m(TaskRunner pid=246628)[0m                      'profile_continuous_steps': False,
[36m(TaskRunner pid=246628)[0m                      'save_path': 'outputs/profile',
[36m(TaskRunner pid=246628)[0m                      'steps': None,
[36m(TaskRunner pid=246628)[0m                      'tool': None},
[36m(TaskRunner pid=246628)[0m  'model_engine': 'dp',
[36m(TaskRunner pid=246628)[0m  'ray_kwargs': {'ray_init': {'num_cpus': None,
[36m(TaskRunner pid=246628)[0m                              'object_store_memory': 42949672960},
[36m(TaskRunner pid=246628)[0m                 'timeline_json_file': None},
[36m(TaskRunner pid=246628)[0m  'reward': {'_target_': 'verl.workers.config.RewardConfig',
[36m(TaskRunner pid=246628)[0m             'custom_reward_function': {'name': 'compute_score_qa',
[36m(TaskRunner pid=246628)[0m                                        'path': '/home/yw4636/agentic-tvg/agentic_tvg/reward.py'},
[36m(TaskRunner pid=246628)[0m             'num_workers': 8,
[36m(TaskRunner pid=246628)[0m             'reward_manager': {'_target_': 'verl.workers.config.reward.RewardManagerConfig',
[36m(TaskRunner pid=246628)[0m                                'module': {'_target_': 'verl.trainer.config.config.ModuleConfig',
[36m(TaskRunner pid=246628)[0m                                           'name': 'custom_reward_manager',
[36m(TaskRunner pid=246628)[0m                                           'path': None},
[36m(TaskRunner pid=246628)[0m                                'name': 'naive',
[36m(TaskRunner pid=246628)[0m                                'source': 'register'},
[36m(TaskRunner pid=246628)[0m             'reward_model': {'_target_': 'verl.workers.config.RewardModelConfig',
[36m(TaskRunner pid=246628)[0m                              'enable': False,
[36m(TaskRunner pid=246628)[0m                              'enable_resource_pool': False,
[36m(TaskRunner pid=246628)[0m                              'model_path': None,
[36m(TaskRunner pid=246628)[0m                              'n_gpus_per_node': 8,
[36m(TaskRunner pid=246628)[0m                              'nnodes': 0,
[36m(TaskRunner pid=246628)[0m                              'rollout': {'_target_': 'verl.workers.config.RolloutConfig',
[36m(TaskRunner pid=246628)[0m                                          'cudagraph_capture_sizes': None,
[36m(TaskRunner pid=246628)[0m                                          'data_parallel_size': 1,
[36m(TaskRunner pid=246628)[0m                                          'disable_log_stats': True,
[36m(TaskRunner pid=246628)[0m                                          'disaggregation': {'bootstrap_port': None,
[36m(TaskRunner pid=246628)[0m                                                             'decode_replicas': 1,
[36m(TaskRunner pid=246628)[0m                                                             'decode_tensor_model_parallel_size': None,
[36m(TaskRunner pid=246628)[0m                                                             'enabled': False,
[36m(TaskRunner pid=246628)[0m                                                             'ib_device': None,
[36m(TaskRunner pid=246628)[0m                                                             'prefill_replicas': 1,
[36m(TaskRunner pid=246628)[0m                                                             'transfer_backend': 'nixl'},
[36m(TaskRunner pid=246628)[0m                                          'do_sample': True,
[36m(TaskRunner pid=246628)[0m                                          'dtype': 'bfloat16',
[36m(TaskRunner pid=246628)[0m                                          'enable_chunked_prefill': True,
[36m(TaskRunner pid=246628)[0m                                          'enable_prefix_caching': True,
[36m(TaskRunner pid=246628)[0m                                          'enforce_eager': True,
[36m(TaskRunner pid=246628)[0m                                          'engine_kwargs': {},
[36m(TaskRunner pid=246628)[0m                                          'expert_parallel_size': 1,
[36m(TaskRunner pid=246628)[0m                                          'free_cache_engine': True,
[36m(TaskRunner pid=246628)[0m                                          'full_determinism': False,
[36m(TaskRunner pid=246628)[0m                                          'gpu_memory_utilization': 0.5,
[36m(TaskRunner pid=246628)[0m                                          'ignore_eos': False,
[36m(TaskRunner pid=246628)[0m                                          'layered_summon': False,
[36m(TaskRunner pid=246628)[0m                                          'limit_images': None,
[36m(TaskRunner pid=246628)[0m                                          'load_format': 'auto',
[36m(TaskRunner pid=246628)[0m                                          'max_model_len': None,
[36m(TaskRunner pid=246628)[0m                                          'max_num_batched_tokens': 8192,
[36m(TaskRunner pid=246628)[0m                                          'max_num_seqs': 1024,
[36m(TaskRunner pid=246628)[0m                                          'mtp': None,
[36m(TaskRunner pid=246628)[0m                                          'multi_stage_wake_up': False,
[36m(TaskRunner pid=246628)[0m                                          'n': 1,
[36m(TaskRunner pid=246628)[0m                                          'name': '???',
[36m(TaskRunner pid=246628)[0m                                          'pipeline_model_parallel_size': 1,
[36m(TaskRunner pid=246628)[0m                                          'prompt_length': 2048,
[36m(TaskRunner pid=246628)[0m                                          'quantization': None,
[36m(TaskRunner pid=246628)[0m                                          'quantization_config_file': None,
[36m(TaskRunner pid=246628)[0m                                          'response_length': 2048,
[36m(TaskRunner pid=246628)[0m                                          'scheduling_policy': 'fcfs',
[36m(TaskRunner pid=246628)[0m                                          'seed': 42,
[36m(TaskRunner pid=246628)[0m                                          'skip_tokenizer_init': False,
[36m(TaskRunner pid=246628)[0m                                          'temperature': 1.0,
[36m(TaskRunner pid=246628)[0m                                          'tensor_model_parallel_size': 2,
[36m(TaskRunner pid=246628)[0m                                          'top_k': -1,
[36m(TaskRunner pid=246628)[0m                                          'top_p': 1}},
[36m(TaskRunner pid=246628)[0m             'sandbox_fusion': {'_target_': 'verl.workers.config.SandboxFusionConfig',
[36m(TaskRunner pid=246628)[0m                                'max_concurrent': 64,
[36m(TaskRunner pid=246628)[0m                                'memory_limit_mb': 1024,
[36m(TaskRunner pid=246628)[0m                                'url': None}},
[36m(TaskRunner pid=246628)[0m  'reward_model': {'enable': None,
[36m(TaskRunner pid=246628)[0m                   'enable_resource_pool': None,
[36m(TaskRunner pid=246628)[0m                   'model': {'external_lib': None,
[36m(TaskRunner pid=246628)[0m                             'path': None,
[36m(TaskRunner pid=246628)[0m                             'trust_remote_code': None},
[36m(TaskRunner pid=246628)[0m                   'n_gpus_per_node': None,
[36m(TaskRunner pid=246628)[0m                   'nnodes': None,
[36m(TaskRunner pid=246628)[0m                   'num_workers': None,
[36m(TaskRunner pid=246628)[0m                   'reward_loop_class_name': None,
[36m(TaskRunner pid=246628)[0m                   'reward_loop_module_path': None,
[36m(TaskRunner pid=246628)[0m                   'reward_loop_source': None,
[36m(TaskRunner pid=246628)[0m                   'reward_manager': None,
[36m(TaskRunner pid=246628)[0m                   'rollout': {'cudagraph_capture_sizes': None,
[36m(TaskRunner pid=246628)[0m                               'data_parallel_size': None,
[36m(TaskRunner pid=246628)[0m                               'disable_log_stats': None,
[36m(TaskRunner pid=246628)[0m                               'dtype': None,
[36m(TaskRunner pid=246628)[0m                               'enable_chunked_prefill': None,
[36m(TaskRunner pid=246628)[0m                               'enable_prefix_caching': None,
[36m(TaskRunner pid=246628)[0m                               'enforce_eager': None,
[36m(TaskRunner pid=246628)[0m                               'engine_kwargs': None,
[36m(TaskRunner pid=246628)[0m                               'expert_parallel_size': None,
[36m(TaskRunner pid=246628)[0m                               'free_cache_engine': None,
[36m(TaskRunner pid=246628)[0m                               'gpu_memory_utilization': None,
[36m(TaskRunner pid=246628)[0m                               'limit_images': None,
[36m(TaskRunner pid=246628)[0m                               'load_format': None,
[36m(TaskRunner pid=246628)[0m                               'max_model_len': None,
[36m(TaskRunner pid=246628)[0m                               'max_num_batched_tokens': None,
[36m(TaskRunner pid=246628)[0m                               'max_num_seqs': None,[36m(TaskRunner pid=246628)[0m /home/yw4636/.conda/envs/verl/lib/python3.12/site-packages/verl/trainer/main_ppo_v0.py:182: UserWarning: Disabled critic as algorithm.adv_estimator != gae. If it is not intended, please set critic.enable=True
[36m(TaskRunner pid=246628)[0m   use_critic=need_critic(config),

[36m(TaskRunner pid=246628)[0m                               'name': None,
[36m(TaskRunner pid=246628)[0m                               'prompt_length': None,
[36m(TaskRunner pid=246628)[0m                               'response_length': None,
[36m(TaskRunner pid=246628)[0m                               'skip_tokenizer_init': None,
[36m(TaskRunner pid=246628)[0m                               'tensor_model_parallel_size': None}},
[36m(TaskRunner pid=246628)[0m  'sandbox_fusion': {'max_concurrent': None,
[36m(TaskRunner pid=246628)[0m                     'memory_limit_mb': None,
[36m(TaskRunner pid=246628)[0m                     'url': None},
[36m(TaskRunner pid=246628)[0m  'skip': {'_target_': 'verl.utils.skip.SkipManagerConfig',
[36m(TaskRunner pid=246628)[0m           'async_rollout': {'action': 'cache',
[36m(TaskRunner pid=246628)[0m                             'dump_dir': '~/.verl/rollout_dump',
[36m(TaskRunner pid=246628)[0m                             'enable': False,
[36m(TaskRunner pid=246628)[0m                             'steps': []},
[36m(TaskRunner pid=246628)[0m           'rollout': {'action': 'cache',
[36m(TaskRunner pid=246628)[0m                       'dump_dir': '~/.verl/rollout_dump',
[36m(TaskRunner pid=246628)[0m                       'enable': False,
[36m(TaskRunner pid=246628)[0m                       'steps': []},
[36m(TaskRunner pid=246628)[0m           'rollout_tq': {'action': 'cache',
[36m(TaskRunner pid=246628)[0m                          'dump_dir': '~/.verl/rollout_dump',
[36m(TaskRunner pid=246628)[0m                          'enable': False,
[36m(TaskRunner pid=246628)[0m                          'steps': []}},
[36m(TaskRunner pid=246628)[0m  'trainer': {'balance_batch': True,
[36m(TaskRunner pid=246628)[0m              'critic_warmup': 0,
[36m(TaskRunner pid=246628)[0m              'default_hdfs_dir': None,
[36m(TaskRunner pid=246628)[0m              'default_local_dir': '/home/yw4636/agentic-tvg/results/grpo-vanilla/ckpt',
[36m(TaskRunner pid=246628)[0m              'del_local_ckpt_after_load': False,
[36m(TaskRunner pid=246628)[0m              'device': 'cuda',
[36m(TaskRunner pid=246628)[0m              'esi_redundant_time': 0,
[36m(TaskRunner pid=246628)[0m              'experiment_name': 'grpo_vanilla',
[36m(TaskRunner pid=246628)[0m              'log_val_generations': 0,
[36m(TaskRunner pid=246628)[0m              'logger': ['console', 'tensorboard'],
[36m(TaskRunner pid=246628)[0m              'max_actor_ckpt_to_keep': 1,
[36m(TaskRunner pid=246628)[0m              'max_critic_ckpt_to_keep': None,
[36m(TaskRunner pid=246628)[0m              'n_gpus_per_node': 1,
[36m(TaskRunner pid=246628)[0m              'nnodes': 1,
[36m(TaskRunner pid=246628)[0m              'project_name': 'agentic-tvg',
[36m(TaskRunner pid=246628)[0m              'ray_wait_register_center_timeout': 300,
[36m(TaskRunner pid=246628)[0m              'resume_from_path': None,
[36m(TaskRunner pid=246628)[0m              'resume_mode': 'auto',
[36m(TaskRunner pid=246628)[0m              'rollout_data_dir': '/home/yw4636/agentic-tvg/results/grpo-vanilla/rollouts',
[36m(TaskRunner pid=246628)[0m              'save_freq': 20,
[36m(TaskRunner pid=246628)[0m              'test_freq': 20,
[36m(TaskRunner pid=246628)[0m              'total_epochs': 100,
[36m(TaskRunner pid=246628)[0m              'total_training_steps': 267,
[36m(TaskRunner pid=246628)[0m              'use_v1': False,
[36m(TaskRunner pid=246628)[0m              'v1': {'colocate_async': {'num_warmup_batches': 1},
[36m(TaskRunner pid=246628)[0m                     'sampler': {'custom_sampler': {'name': None, 'path': None},
[36m(TaskRunner pid=246628)[0m                                 'max_off_policy_strategy': 'drop',
[36m(TaskRunner pid=246628)[0m                                 'max_off_policy_threshold': 8,
[36m(TaskRunner pid=246628)[0m                                 'sampler_kwargs': {},
[36m(TaskRunner pid=246628)[0m                                 'sync_refill_failed_groups': False},
[36m(TaskRunner pid=246628)[0m                     'separate_async': {'num_warmup_batches': 1,
[36m(TaskRunner pid=246628)[0m                                        'parameter_sync_step': 4},
[36m(TaskRunner pid=246628)[0m                     'sync': {},
[36m(TaskRunner pid=246628)[0m                     'trainer_mode': 'sync'},
[36m(TaskRunner pid=246628)[0m              'val_before_train': False,
[36m(TaskRunner pid=246628)[0m              'val_only': False,
[36m(TaskRunner pid=246628)[0m              'validation_data_dir': '/home/yw4636/agentic-tvg/results/grpo-vanilla/val_rollouts'},
[36m(TaskRunner pid=246628)[0m  'transfer_queue': {'backend': {'MooncakeStore': {'auto_init': False,
[36m(TaskRunner pid=246628)[0m                                                   'device_name': '',
[36m(TaskRunner pid=246628)[0m                                                   'global_segment_size': 4294967296,
[36m(TaskRunner pid=246628)[0m                                                   'local_buffer_size': 1073741824,
[36m(TaskRunner pid=246628)[0m                                                   'local_hostname': 'localhost',
[36m(TaskRunner pid=246628)[0m                                                   'master_server_address': 'localhost:50124',
[36m(TaskRunner pid=246628)[0m                                                   'metadata_server': 'localhost:50123',
[36m(TaskRunner pid=246628)[0m                                                   'protocol': 'tcp'},
[36m(TaskRunner pid=246628)[0m                                 'SimpleStorage': {'num_data_storage_units': 8,
[36m(TaskRunner pid=246628)[0m                                                   'total_storage_size': 100000},
[36m(TaskRunner pid=246628)[0m                                 'storage_backend': 'SimpleStorage'},
[36m(TaskRunner pid=246628)[0m                     'enable': False,
[36m(TaskRunner pid=246628)[0m                     'metrics': {'enabled': False, 'port': 0}}}
[36m(TaskRunner pid=246628)[0m WARNING: val_batch_size is deprecated. Validation datasets are sent to inference engines as a whole batch, which will schedule the memory themselves.
[36m(TaskRunner pid=246628)[0m [validate_config] All configuration checks passed successfully!
[36m(TaskRunner pid=246628)[0m Using dataset class: RLHFDataset
[36m(TaskRunner pid=246628)[0m {
[36m(TaskRunner pid=246628)[0m   "type": "function",
[36m(TaskRunner pid=246628)[0m   "function": {
[36m(TaskRunner pid=246628)[0m     "name": "crop_video",
[36m(TaskRunner pid=246628)[0m     "description": "Inspect a time interval of the current video closely: returns 30 higher-resolution frames sampled evenly from [start_time, end_time], each labeled with its timestamp in seconds.",
[36m(TaskRunner pid=246628)[0m     "parameters": {
[36m(TaskRunner pid=246628)[0m       "type": "object",
[36m(TaskRunner pid=246628)[0m       "properties": {
[36m(TaskRunner pid=246628)[0m         "start_time": {
[36m(TaskRunner pid=246628)[0m           "type": "number",
[36m(TaskRunner pid=246628)[0m           "description": "Interval start in seconds, >= 0."
[36m(TaskRunner pid=246628)[0m         },
[36m(TaskRunner pid=246628)[0m         "end_time": {
[36m(TaskRunner pid=246628)[0m           "type": "number",
[36m(TaskRunner pid=246628)[0m           "description": "Interval end in seconds, > start_time, <= video duration."
[36m(TaskRunner pid=246628)[0m         }
[36m(TaskRunner pid=246628)[0m       },
[36m(TaskRunner pid=246628)[0m       "required": [
[36m(TaskRunner pid=246628)[0m         "start_time",
[36m(TaskRunner pid=246628)[0m         "end_time"
[36m(TaskRunner pid=246628)[0m       ]
[36m(TaskRunner pid=246628)[0m     }
[36m(TaskRunner pid=246628)[0m   }
[36m(TaskRunner pid=246628)[0m }
[36m(TaskRunner pid=246628)[0m dataset len: 1068
[36m(TaskRunner pid=246628)[0m Using dataset class: RLHFDataset
[36m(TaskRunner pid=246628)[0m {
[36m(TaskRunner pid=246628)[0m   "type": "function",
[36m(TaskRunner pid=246628)[0m   "function": {[36m(TaskRunner pid=246628)[0m /home/yw4636/.conda/envs/verl/lib/python3.12/site-packages/verl/trainer/main_ppo_v0.py:218: FutureWarning: Warning: Class 'verl.trainer.ppo.ray_trainer.RayPPOTrainer' is deprecated. Please use 'Legacy trainer is deprecated, and wil be removed in v0.9.0. Please use `trainer.use_v1=True` instead.' instead.
[36m(TaskRunner pid=246628)[0m   trainer = RayPPOTrainer(
[36m(TaskRunner pid=246628)[0m /home/yw4636/.conda/envs/verl/lib/python3.12/site-packages/verl/trainer/ppo/ray_trainer.py:348: UserWarning: Disabled critic as algorithm.adv_estimator != gae. If it is not intended, please set critic.enable=True
[36m(TaskRunner pid=246628)[0m   self.use_critic = need_critic(self.config)
[36m(WorkerDict pid=246968)[0m /home/yw4636/.conda/envs/verl/lib/python3.12/site-packages/verl/workers/engine/__init__.py:31: UserWarning: torchtitan engine is not available: ModuleNotFoundError("No module named 'torchtitan'")
[36m(WorkerDict pid=246968)[0m   warnings.warn(f"torchtitan engine is not available: {e!r}", stacklevel=1)
[36m(WorkerDict pid=246968)[0m /home/yw4636/.conda/envs/verl/lib/python3.12/site-packages/verl/workers/engine/__init__.py:40: UserWarning: veomni engine is not available: ModuleNotFoundError("No module named 'veomni'")
[36m(WorkerDict pid=246968)[0m   warnings.warn(f"veomni engine is not available: {e!r}", stacklevel=1)
[36m(WorkerDict pid=246968)[0m /home/yw4636/.conda/envs/verl/lib/python3.12/site-packages/verl/workers/engine/__init__.py:49: UserWarning: automodel engine is not available: ModuleNotFoundError("No module named 'nemo_automodel'")
[36m(WorkerDict pid=246968)[0m   warnings.warn(f"automodel engine is not available: {e!r}", stacklevel=1)
[36m(WorkerDict pid=246968)[0m /home/yw4636/.conda/envs/verl/lib/python3.12/site-packages/verl/workers/engine/mindspeed/transformer_impl.py:24: UserWarning: NPU not support router replay for now.
[36m(WorkerDict pid=246968)[0m   from verl.utils.megatron.router_replay_patch import RouterReplay
[36m(WorkerDict pid=246968)[0m /home/yw4636/.conda/envs/verl/lib/python3.12/site-packages/verl/workers/engine/__init__.py:59: UserWarning: mindspeed engine is not available: ModuleNotFoundError("No module named 'megatron'")
[36m(WorkerDict pid=246968)[0m   warnings.warn(f"mindspeed engine is not available: {e!r}", stacklevel=1)
[36m(WorkerDict pid=246968)[0m /home/yw4636/.conda/envs/verl/lib/python3.12/site-packages/verl/workers/engine/__init__.py:69: UserWarning: megatron engine is not available: ModuleNotFoundError("No module named 'megatron'")
[36m(WorkerDict pid=246968)[0m   warnings.warn(f"megatron engine is not available: {e!r}", stacklevel=1)
[36m(WorkerDict pid=246968)[0m [transformers] Flash Attention 2 only supports torch.float16 and torch.bfloat16 dtypes, but the current dype in Qwen3VLForConditionalGeneration is torch.float32. You should run training or inference using Automatic Mixed-Precision via the `with torch.autocast(device_type='torch_device'):` decorator, or load the model with the `dtype` argument. Example: `model = AutoModel.from_pretrained("meta-llama/Llama-3.2-1B", attn_implementation="flash_attention_2", dtype=torch.float16)`
[36m(WorkerDict pid=246968)[0m [transformers] Flash Attention 2 only supports torch.float16 and torch.bfloat16 dtypes, but the current dype in Qwen3VLModel is torch.float32. You should run training or inference using Automatic Mixed-Precision via the `with torch.autocast(device_type='torch_device'):` decorator, or load the model with the `dtype` argument. Example: `model = AutoModel.from_pretrained("meta-llama/Llama-3.2-1B", attn_implementation="flash_attention_2", dtype=torch.float16)`
[36m(WorkerDict pid=246968)[0m [transformers] Flash Attention 2 only supports torch.float16 and torch.bfloat16 dtypes, but the current dype in Qwen3VLVisionModel is torch.float32. You should run training or inference using Automatic Mixed-Precision via the `with torch.autocast(device_type='torch_device'):` decorator, or load the model with the `dtype` argument. Example: `model = AutoModel.from_pretrained("meta-llama/Llama-3.2-1B", attn_implementation="flash_attention_2", dtype=torch.float16)`
[36m(WorkerDict pid=246968)[0m [transformers] Flash Attention 2 only supports torch.float16 and torch.bfloat16 dtypes, but the current dype in Qwen3VLTextModel is torch.float32. You should run training or inference using Automatic Mixed-Precision via the `with torch.autocast(device_type='torch_device'):` decorator, or load the model with the `dtype` argument. Example: `model = AutoModel.from_pretrained("meta-llama/Llama-3.2-1B", attn_implementation="flash_attention_2", dtype=torch.float16)`
[36m(WorkerDict pid=246968)[0m Loading weights:   0%|          | 0/713 [00:00<?, ?it/s]
[36m(WorkerDict pid=246968)[0m Loading weights:   0%|          | 1/713 [00:02<32:30,  2.74s/it]
[36m(WorkerDict pid=246968)[0m Loading weights:  17%|█▋        | 121/713 [00:02<00:09, 59.56it/s]
[36m(WorkerDict pid=246968)[0m Loading weights:  26%|██▌       | 186/713 [00:04<00:09, 58.06it/s]
[36m(WorkerDict pid=246968)[0m Loading weights:  31%|███▏      | 224/713 [00:04<00:08, 55.23it/s]
[36m(WorkerDict pid=246968)[0m Loading weights:  35%|███▍      | 249/713 [00:05<00:08, 56.65it/s]
[36m(WorkerDict pid=246968)[0m Loading weights:  38%|███▊      | 268/713 [00:05<00:08, 55.08it/s]
[36m(WorkerDict pid=246968)[0m Loading weights:  40%|███▉      | 282/713 [00:05<00:07, 56.91it/s]
[36m(WorkerDict pid=246968)[0m Loading weights:  41%|████      | 294/713 [00:05<00:07, 57.24it/s]
[36m(WorkerDict pid=246968)[0m Loading weights:  43%|████▎     | 304/713 [00:06<00:07, 56.18it/s]
[36m(WorkerDict pid=246968)[0m Loading weights:  44%|████▍     | 313/713 [00:06<00:07, 54.53it/s]
[36m(WorkerDict pid=246968)[0m Loading weights:  45%|████▌     | 322/713 [00:06<00:07, 53.01it/s]
[36m(WorkerDict pid=246968)[0m Loading weights:  47%|████▋     | 333/713 [00:06<00:06, 54.34it/s]
[36m(WorkerDict pid=246968)[0m Loading weights:  48%|████▊     | 344/713 [00:06<00:06, 54.50it/s]
[36m(WorkerDict pid=246968)[0m Loading weights:  50%|████▉     | 355/713 [00:07<00:06, 55.23it/s]
[36m(WorkerDict pid=246968)[0m Loading weights:  51%|█████▏    | 366/713 [00:07<00:06, 55.76it/s]
[36m(WorkerDict pid=246968)[0m Loading weights:  53%|█████▎    | 377/713 [00:07<00:05, 56.97it/s]
[36m(WorkerDict pid=246968)[0m Loading weights:  54%|█████▍    | 388/713 [00:07<00:05, 56.41it/s]Loading weights:  60%|██████    | 428/713 [00:07<00:02, 116.79it/s]
[36m(WorkerDict pid=246968)[0m Loading weights:  67%|██████▋   | 476/713 [00:07<00:01, 187.91it/s]
[36m(WorkerDict pid=246968)[0m Loading weights:  73%|███████▎  | 524/713 [00:08<00:00, 252.13it/s]
[36m(WorkerDict pid=246968)[0m Loading weights:  80%|████████  | 572/713 [00:08<00:00, 299.25it/s]
[36m(WorkerDict pid=246968)[0m Loading weights:  87%|████████▋ | 620/713 [00:08<00:00, 342.17it/s]
[36m(WorkerDict pid=246968)[0m Loading weights:  94%|█████████▎| 668/713 [00:08<00:00, 366.73it/s]
[36m(WorkerDict pid=246968)[0m Loading weights:  99%|█████████▉| 708/713 [00:08<00:00, 273.57it/s]Loading weights: 100%|██████████| 713/713 [00:08<00:00, 83.14it/s] 
[36m(WorkerDict pid=246968)[0m WARNING:2026-08-28 23:32:34,918:Setting the sleep level to 1 may cause a memory overflow.
[36m(vLLMHttpServer pid=247449)[0m [transformers] The `use_fast` parameter is deprecated and will be removed in a future version. Use `backend="torchvision"` instead of `use_fast=True`, or `backend="pil"` instead of `use_fast=False`.
[36m(vLLMHttpServer pid=247449)[0m (Worker pid=248310) [transformers] The `use_fast` parameter is deprecated and will be removed in a future version. Use `backend="torchvision"` instead of `use_fast=True`, or `backend="pil"` instead of `use_fast=False`.
[36m(vLLMHttpServer pid=247449)[0m (Worker pid=248310) Loading safetensors checkpoint shards:   0% Completed | 0/1 [00:00<?, ?it/s]
[36m(vLLMHttpServer pid=247449)[0m (Worker pid=248310) Loading safetensors checkpoint shards: 100% Completed | 1/1 [00:01<00:00,  1.24s/it]
[36m(vLLMHttpServer pid=247449)[0m (Worker pid=248310) Loading safetensors checkpoint shards: 100% Completed | 1/1 [00:01<00:00,  1.24s/it]
[36m(vLLMHttpServer pid=247449)[0m (Worker pid=248310) 

[36m(TaskRunner pid=246628)[0m     "name": "crop_video",
[36m(TaskRunner pid=246628)[0m     "description": "Inspect a time interval of the current video closely: returns 30 higher-resolution frames sampled evenly from [start_time, end_time], each labeled with its timestamp in seconds.",
[36m(TaskRunner pid=246628)[0m     "parameters": {
[36m(TaskRunner pid=246628)[0m       "type": "object",
[36m(TaskRunner pid=246628)[0m       "properties": {
[36m(TaskRunner pid=246628)[0m         "start_time": {
[36m(TaskRunner pid=246628)[0m           "type": "number",
[36m(TaskRunner pid=246628)[0m           "description": "Interval start in seconds, >= 0."
[36m(TaskRunner pid=246628)[0m         },
[36m(TaskRunner pid=246628)[0m         "end_time": {
[36m(TaskRunner pid=246628)[0m           "type": "number",
[36m(TaskRunner pid=246628)[0m           "description": "Interval end in seconds, > start_time, <= video duration."
[36m(TaskRunner pid=246628)[0m         }
[36m(TaskRunner pid=246628)[0m       },
[36m(TaskRunner pid=246628)[0m       "required": [
[36m(TaskRunner pid=246628)[0m         "start_time",
[36m(TaskRunner pid=246628)[0m         "end_time"
[36m(TaskRunner pid=246628)[0m       ]
[36m(TaskRunner pid=246628)[0m     }
[36m(TaskRunner pid=246628)[0m   }
[36m(TaskRunner pid=246628)[0m }
[36m(TaskRunner pid=246628)[0m dataset len: 114
[36m(TaskRunner pid=246628)[0m Size of train dataloader: 133, Size of val dataloader: 57
[36m(TaskRunner pid=246628)[0m Total training steps: 267
[36m(TaskRunner pid=246628)[0m colocated worker base class <class 'verl.single_controller.base.worker.Worker'>
[36m(WorkerDict pid=246968)[0m Warning: Failed to set NUMA affinity: libnuma.so: cannot open shared object file: No such file or directory
[36m(WorkerDict pid=246968)[0m Monkey patch Qwen3VLForConditionalGeneration model forward
[36m(WorkerDict pid=246968)[0m Monkey patch _flash_attention_forward in transformers.integrations.flash_attention
[36m(WorkerDict pid=246968)[0m Skipping monkey patch for Qwen3VLForConditionalGeneration as use_fused_kernels is False or fused_kernels_backend is torch
[36m(WorkerDict pid=246968)[0m PeftModelForCausalLM contains 4.47B parameters
[36m(WorkerDict pid=246968)[0m Before FSDP, memory allocated (GB): 0.00, memory reserved (GB): 0.00, device memory used/total (GB): 0.41/79.27
[36m(WorkerDict pid=246968)[0m After FSDP, memory allocated (GB): 16.76, memory reserved (GB): 18.74, device memory used/total (GB): 19.67/79.27
[36m(WorkerDict pid=246968)[0m Total steps: 267, num_warmup_steps: 0
[36m(vLLMHttpServer pid=247449)[0m ['serve',
[36m(vLLMHttpServer pid=247449)[0m  '/home/yw4636/agentic-tvg/results/sft-mix/merged',
[36m(vLLMHttpServer pid=247449)[0m  '--dtype',
[36m(vLLMHttpServer pid=247449)[0m  'bfloat16',
[36m(vLLMHttpServer pid=247449)[0m  '--load_format',
[36m(vLLMHttpServer pid=247449)[0m  'safetensors',
[36m(vLLMHttpServer pid=247449)[0m  '--distributed_executor_backend',
[36m(vLLMHttpServer pid=247449)[0m  'mp',
[36m(vLLMHttpServer pid=247449)[0m  '--worker_extension_cls',
[36m(vLLMHttpServer pid=247449)[0m  'verl.workers.rollout.vllm_rollout.utils.vLLMColocateWorkerExtension',
[36m(vLLMHttpServer pid=247449)[0m  '--max_model_len',
[36m(vLLMHttpServer pid=247449)[0m  '20992',
[36m(vLLMHttpServer pid=247449)[0m  '--max_num_seqs',
[36m(vLLMHttpServer pid=247449)[0m  '256',
[36m(vLLMHttpServer pid=247449)[0m  '--enable_chunked_prefill',
[36m(vLLMHttpServer pid=247449)[0m  '--max_num_batched_tokens',
[36m(vLLMHttpServer pid=247449)[0m  '24576',
[36m(vLLMHttpServer pid=247449)[0m  '--enable_prefix_caching',
[36m(vLLMHttpServer pid=247449)[0m  '--enable_sleep_mode',
[36m(vLLMHttpServer pid=247449)[0m  '--logprobs_mode',
[36m(vLLMHttpServer pid=247449)[0m  'processed_logprobs',
[36m(vLLMHttpServer pid=247449)[0m  '--gpu_memory_utilization',
[36m(vLLMHttpServer pid=247449)[0m  '0.65',
[36m(vLLMHttpServer pid=247449)[0m  '--disable_log_stats',
[36m(vLLMHttpServer pid=247449)[0m  '--tensor_parallel_size',
[36m(vLLMHttpServer pid=247449)[0m  '1',
[36m(vLLMHttpServer pid=247449)[0m  '--seed',
[36m(vLLMHttpServer pid=247449)[0m  '42',
[36m(vLLMHttpServer pid=247449)[0m  '--override_generation_config',
[36m(vLLMHttpServer pid=247449)[0m  '{"temperature": 1.0, "top_k": -1, "top_p": 1, "repetition_penalty": 1.0, '
[36m(vLLMHttpServer pid=247449)[0m  '"max_new_tokens": 16384}',
[36m(vLLMHttpServer pid=247449)[0m  '--hf_overrides',
[36m(vLLMHttpServer pid=247449)[0m  '{}',
[36m(vLLMHttpServer pid=247449)[0m  '--scheduling_policy',
[36m(vLLMHttpServer pid=247449)[0m  'fcfs',
[36m(vLLMHttpServer pid=247449)[0m  '--compilation_config',
[36m(vLLMHttpServer pid=247449)[0m  '{"cudagraph_mode": "FULL_AND_PIECEWISE"}',
[36m(vLLMHttpServer pid=247449)[0m  '--mm_processor_kwargs',
[36m(vLLMHttpServer pid=247449)[0m  '{"max_pixels": 150528}',
[36m(vLLMHttpServer pid=247449)[0m  '--limit_mm_per_prompt',
[36m(vLLMHttpServer pid=247449)[0m  '{"image": 112}',
[36m(vLLMHttpServer pid=247449)[0m  '--enable_lora',
[36m(vLLMHttpServer pid=247449)[0m  '--max_loras',
[36m(vLLMHttpServer pid=247449)[0m  '1',
[36m(vLLMHttpServer pid=247449)[0m  '--max_lora_rank',
[36m(vLLMHttpServer pid=247449)[0m  '16']
[36m(vLLMHttpServer pid=247449)[0m WARNING 08-28 23:32:51 [system_utils.py:157] We must use the `spawn` multiprocessing start method. Overriding VLLM_WORKER_MULTIPROC_METHOD to 'spawn'. See https://docs.vllm.ai/en/latest/usage/troubleshooting.html#python-multiprocessing for more information. Reasons: In a Ray actor and can only be spawned; CUDA is initialized
[36m(vLLMHttpServer pid=247449)[0m (Worker pid=248310) WARNING 08-28 23:33:13 [model_manager.py:401] Regarding Qwen3VLForConditionalGeneration, no matching PunicaWrapper is found; visual.patch_embed.proj will be ignored.
[36m(vLLMHttpServer pid=247449)[0m (Worker pid=248310) WARNING 08-28 23:33:13 [model_manager.py:401] Regarding Qwen3VLForConditionalGeneration, no matching PunicaWrapper is found; visual.merger.linear_fc1 will be ignored.
[36m(vLLMHttpServer pid=247449)[0m (Worker pid=248310) WARNING 08-28 23:33:13 [model_manager.py:401] Regarding Qwen3VLForConditionalGeneration, no matching PunicaWrapper is found; visual.merger.linear_fc2 will be ignored.
[36m(vLLMHttpServer pid=247449)[0m (Worker pid=248310) WARNING 08-28 23:33:13 [model_manager.py:401] Regarding Qwen3VLForConditionalGeneration, no matching PunicaWrapper is found; visual.deepstack_merger_list.0.linear_fc1 will be ignored.
[36m(vLLMHttpServer pid=247449)[0m (Worker pid=248310) WARNING 08-28 23:33:13 [model_manager.py:401] Regarding Qwen3VLForConditionalGeneration, no matching PunicaWrapper is found; visual.deepstack_merger_list.0.linear_fc2 will be ignored.
[36m(vLLMHttpServer pid=247449)[0m (Worker pid=248310) WARNING 08-28 23:33:13 [model_manager.py:401] Regarding Qwen3VLForConditionalGeneration, no matching PunicaWrapper is found; visual.deepstack_merger_list.1.linear_fc1 will be ignored.
[36m(vLLMHttpServer pid=247449)[0m (Worker pid=248310) WARNING 08-28 23:33:13 [model_manager.py:401] Regarding Qwen3VLForConditionalGeneration, no matching PunicaWrapper is found; visual.deepstack_merger_list.1.linear_fc2 will be ignored.
[36m(vLLMHttpServer pid=247449)[0m (Worker pid=248310) WARNING 08-28 23:33:13 [model_manager.py:401] Regarding Qwen3VLForConditionalGeneration, no matching PunicaWrapper is found; visual.deepstack_merger_list.2.linear_fc1 will be ignored.
[36m(vLLMHttpServer pid=247449)[0m (Worker pid=248310) WARNING 08-28 23:33:13 [model_manager.py:401] Regarding Qwen3VLForConditionalGeneration, no matching PunicaWrapper is found; visual.deepstack_merger_list.2.linear_fc2 will be ignored.
[36m(vLLMHttpServer pid=247449)[0m (Worker pid=248310) WARNING 08-28 23:33:13 [model_manager.py:401] Regarding Qwen3VLForConditionalGeneration, no matching PunicaWrapper is found; visual.blocks.0.attn.qkv will be ignored.
[36m(vLLMHttpServer pid=247449)[0m (Worker pid=248310) WARNING 08-28 23:33:13 [model_manager.py:401] Regarding Qwen3VLForConditionalGeneration, no matching PunicaWrapper is found; visual.blocks.0.attn.proj will be ignored.
[36m(vLLMHttpServer pid=247449)[0m (Worker pid=248310) WARNING 08-28 23:33:13 [model_manager.py:401] Regarding Qwen3VLForConditionalGeneration, no matching PunicaWrapper is found; visual.blocks.0.mlp.linear_fc1 will be ignored.
[36m(vLLMHttpServer pid=247449)[0m (Worker pid=248310) WARNING 08-28 23:33:13 [model_manager.py:401] Regarding Qwen3VLForConditionalGeneration, no matching PunicaWrapper is found; visual.blocks.0.mlp.linear_fc2 will be ignored.
[36m(vLLMHttpServer pid=247449)[0m (Worker pid=248310) WARNING 08-28 23:33:13 [model_manager.py:401] Regarding Qwen3VLForConditionalGeneration, no matching PunicaWrapper is found; visual.blocks.1.attn.qkv will be ignored.
[36m(vLLMHttpServer pid=247449)[0m (Worker pid=248310) WARNING 08-28 23:33:13 [model_manager.py:401] Regarding Qwen3VLForConditionalGeneration, no matching PunicaWrapper is found; visual.blocks.1.attn.proj will be ignored.
[36m(vLLMHttpServer pid=247449)[0m (Worker pid=248310) WARNING 08-28 23:33:13 [model_manager.py:401] Regarding Qwen3VLForConditionalGeneration, no matching PunicaWrapper is found; visual.blocks.1.mlp.linear_fc1 will be ignored.
[36m(vLLMHttpServer pid=247449)[0m (Worker pid=248310) WARNING 08-28 23:33:13 [model_manager.py:401] Regarding Qwen3VLForConditionalGeneration, no matching PunicaWrapper is found; visual.blocks.1.mlp.linear_fc2 will be ignored.
[36m(vLLMHttpServer pid=247449)[0m (Worker pid=248310) WARNING 08-28 23:33:13 [model_manager.py:401] Regarding Qwen3VLForConditionalGeneration, no matching PunicaWrapper is found; visual.blocks.2.attn.qkv will be ignored.
[36m(vLLMHttpServer pid=247449)[0m (Worker pid=248310) WARNING 08-28 23:33:13 [model_manager.py:401] Regarding Qwen3VLForConditionalGeneration, no matching PunicaWrapper is found; visual.blocks.2.attn.proj will be ignored.
[36m(vLLMHttpServer pid=247449)[0m (Worker pid=248310) WARNING 08-28 23:33:13 [model_manager.py:401] Regarding Qwen3VLForConditionalGeneration, no matching PunicaWrapper is found; visual.blocks.2.mlp.linear_fc1 will be ignored.
[36m(vLLMHttpServer pid=247449)[0m (Worker pid=248310) WARNING 08-28 23:33:13 [model_manager.py:401] Regarding Qwen3VLForConditionalGeneration, no matching PunicaWrapper is found; visual.blocks.2.mlp.linear_fc2 will be ignored.
[36m(vLLMHttpServer pid=247449)[0m (Worker pid=248310) WARNING 08-28 23:33:13 [model_manager.py:401] Regarding Qwen3VLForConditionalGeneration, no matching PunicaWrapper is found; visual.blocks.3.attn.qkv will be ignored.
[36m(vLLMHttpServer pid=247449)[0m (Worker pid=248310) WARNING 08-28 23:33:13 [model_manager.py:401] Regarding Qwen3VLForConditionalGeneration, no matching PunicaWrapper is found; visual.blocks.3.attn.proj will be ignored.
[36m(vLLMHttpServer pid=247449)[0m (Worker pid=248310) WARNING 08-28 23:33:13 [model_manager.py:401] Regarding Qwen3VLForConditionalGeneration, no matching PunicaWrapper is found; visual.blocks.3.mlp.linear_fc1 will be ignored.
[36m(vLLMHttpServer pid=247449)[0m (Worker pid=248310) WARNING 08-28 23:33:13 [model_manager.py:401] Regarding Qwen3VLForConditionalGeneration, no matching PunicaWrapper is found; visual.blocks.3.mlp.linear_fc2 will be ignored.
[36m(vLLMHttpServer pid=247449)[0m (Worker pid=248310) WARNING 08-28 23:33:13 [model_manager.py:401] Regarding Qwen3VLForConditionalGeneration, no matching PunicaWrapper is found; visual.blocks.4.attn.qkv will be ignored.
[36m(vLLMHttpServer pid=247449)[0m (Worker pid=248310) WARNING 08-28 23:33:13 [model_manager.py:401] Regarding Qwen3VLForConditionalGeneration, no matching PunicaWrapper is found; visual.blocks.4.attn.proj will be ignored.
[36m(vLLMHttpServer pid=247449)[0m (Worker pid=248310) WARNING 08-28 23:33:13 [model_manager.py:401] Regarding Qwen3VLForConditionalGeneration, no matching PunicaWrapper is found; visual.blocks.4.mlp.linear_fc1 will be ignored.
[36m(vLLMHttpServer pid=247449)[0m (Worker pid=248310) WARNING 08-28 23:33:13 [model_manager.py:401] Regarding Qwen3VLForConditionalGeneration, no matching PunicaWrapper is found; visual.blocks.4.mlp.linear_fc2 will be ignored.
[36m(vLLMHttpServer pid=247449)[0m (Worker pid=248310) WARNING 08-28 23:33:13 [model_manager.py:401] Regarding Qwen3VLForConditionalGeneration, no matching PunicaWrapper is found; visual.blocks.5.attn.qkv will be ignored.
[36m(vLLMHttpServer pid=247449)[0m (Worker pid=248310) WARNING 08-28 23:33:13 [model_manager.py:401] Regarding Qwen3VLForConditionalGeneration, no matching PunicaWrapper is found; visual.blocks.5.attn.proj will be ignored.
[36m(vLLMHttpServer pid=247449)[0m (Worker pid=248310) WARNING 08-28 23:33:13 [model_manager.py:401] Regarding Qwen3VLForConditionalGeneration, no matching PunicaWrapper is found; visual.blocks.5.mlp.linear_fc1 will be ignored.
[36m(vLLMHttpServer pid=247449)[0m (Worker pid=248310) WARNING 08-28 23:33:13 [model_manager.py:401] Regarding Qwen3VLForConditionalGeneration, no matching PunicaWrapper is found; visual.blocks.5.mlp.linear_fc2 will be ignored.
[36m(vLLMHttpServer pid=247449)[0m (Worker pid=248310) WARNING 08-28 23:33:13 [model_manager.py:401] Regarding Qwen3VLForConditionalGeneration, no matching PunicaWrapper is found; visual.blocks.6.attn.qkv will be ignored.
[36m(vLLMHttpServer pid=247449)[0m (Worker pid=248310) WARNING 08-28 23:33:13 [model_manager.py:401] Regarding Qwen3VLForConditionalGeneration, no matching PunicaWrapper is found; visual.blocks.6.attn.proj will be ignored.
[36m(vLLMHttpServer pid=247449)[0m (Worker pid=248310) WARNING 08-28 23:33:13 [model_manager.py:401] Regarding Qwen3VLForConditionalGeneration, no matching PunicaWrapper is found; visual.blocks.6.mlp.linear_fc1 will be ignored.
[36m(vLLMHttpServer pid=247449)[0m (Worker pid=248310) WARNING 08-28 23:33:13 [model_manager.py:401] Regarding Qwen3VLForConditionalGeneration, no matching PunicaWrapper is found; visual.blocks.6.mlp.linear_fc2 will be ignored.
[36m(vLLMHttpServer pid=247449)[0m (Worker pid=248310) WARNING 08-28 23:33:13 [model_manager.py:401] Regarding Qwen3VLForConditionalGeneration, no matching PunicaWrapper is found; visual.blocks.7.attn.qkv will be ignored.
[36m(vLLMHttpServer pid=247449)[0m (Worker pid=248310) WARNING 08-28 23:33:13 [model_manager.py:401] Regarding Qwen3VLForConditionalGeneration, no matching PunicaWrapper is found; visual.blocks.7.attn.proj will be ignored.
[36m(vLLMHttpServer pid=247449)[0m (Worker pid=248310) WARNING 08-28 23:33:13 [model_manager.py:401] Regarding Qwen3VLForConditionalGeneration, no matching PunicaWrapper is found; visual.blocks.7.mlp.linear_fc1 will be ignored.
[36m(vLLMHttpServer pid=247449)[0m (Worker pid=248310) WARNING 08-28 23:33:13 [model_manager.py:401] Regarding Qwen3VLForConditionalGeneration, no matching PunicaWrapper is found; visual.blocks.7.mlp.linear_fc2 will be ignored.
[36m(vLLMHttpServer pid=247449)[0m (Worker pid=248310) WARNING 08-28 23:33:13 [model_manager.py:401] Regarding Qwen3VLForConditionalGeneration, no matching PunicaWrapper is found; visual.blocks.8.attn.qkv will be ignored.
[36m(vLLMHttpServer pid=247449)[0m (Worker pid=248310) WARNING 08-28 23:33:13 [model_manager.py:401] Regarding Qwen3VLForConditionalGeneration, no matching PunicaWrapper is found; visual.blocks.8.attn.proj will be ignored.
[36m(vLLMHttpServer pid=247449)[0m (Worker pid=248310) WARNING 08-28 23:33:13 [model_manager.py:401] Regarding Qwen3VLForConditionalGeneration, no matching PunicaWrapper is found; visual.blocks.8.mlp.linear_fc1 will be ignored.
[36m(vLLMHttpServer pid=247449)[0m (Worker pid=248310) WARNING 08-28 23:33:13 [model_manager.py:401] Regarding Qwen3VLForConditionalGeneration, no matching PunicaWrapper is found; visual.blocks.8.mlp.linear_fc2 will be ignored.
[36m(vLLMHttpServer pid=247449)[0m (Worker pid=248310) WARNING 08-28 23:33:13 [model_manager.py:401] Regarding Qwen3VLForConditionalGeneration, no matching PunicaWrapper is found; visual.blocks.9.attn.qkv will be ignored.
[36m(vLLMHttpServer pid=247449)[0m (Worker pid=248310) WARNING 08-28 23:33:13 [model_manager.py:401] Regarding Qwen3VLForConditionalGeneration, no matching PunicaWrapper is found; visual.blocks.9.attn.proj will be ignored.
[36m(vLLMHttpServer pid=247449)[0m (Worker pid=248310) WARNING 08-28 23:33:13 [model_manager.py:401] Regarding Qwen3VLForConditionalGeneration, no matching PunicaWrapper is found; visual.blocks.9.mlp.linear_fc1 will be ignored.
[36m(vLLMHttpServer pid=247449)[0m (Worker pid=248310) WARNING 08-28 23:33:13 [model_manager.py:401] Regarding Qwen3VLForConditionalGeneration, no matching PunicaWrapper is found; visual.blocks.9.mlp.linear_fc2 will be ignored.
[36m(vLLMHttpServer pid=247449)[0m (Worker pid=248310) WARNING 08-28 23:33:13 [model_manager.py:401] Regarding Qwen3VLForConditionalGeneration, no matching PunicaWrapper is found; visual.blocks.10.attn.qkv will be ignored.
[36m(vLLMHttpServer pid=247449)[0m (Worker pid=248310) WARNING 08-28 23:33:13 [model_manager.py:401] Regarding Qwen3VLForConditionalGeneration, no matching PunicaWrapper is found; visual.blocks.10.attn.proj will be ignored.
[36m(vLLMHttpServer pid=247449)[0m (Worker pid=248310) WARNING 08-28 23:33:13 [model_manager.py:401] Regarding Qwen3VLForConditionalGeneration, no matching PunicaWrapper is found; visual.blocks.10.mlp.linear_fc1 will be ignored.
[36m(vLLMHttpServer pid=247449)[0m (Worker pid=248310) WARNING 08-28 23:33:13 [model_manager.py:401] Regarding Qwen3VLForConditionalGeneration, no matching PunicaWrapper is found; visual.blocks.10.mlp.linear_fc2 will be ignored.
[36m(vLLMHttpServer pid=247449)[0m (Worker pid=248310) WARNING 08-28 23:33:13 [model_manager.py:401] Regarding Qwen3VLForConditionalGeneration, no matching PunicaWrapper is found; visual.blocks.11.attn.qkv will be ignored.
[36m(vLLMHttpServer pid=247449)[0m (Worker pid=248310) WARNING 08-28 23:33:13 [model_manager.py:401] Regarding Qwen3VLForConditionalGeneration, no matching PunicaWrapper is found; visual.blocks.11.attn.proj will be ignored.
[36m(vLLMHttpServer pid=247449)[0m (Worker pid=248310) WARNING 08-28 23:33:13 [model_manager.py:401] Regarding Qwen3VLForConditionalGeneration, no matching PunicaWrapper is found; visual.blocks.11.mlp.linear_fc1 will be ignored.
[36m(vLLMHttpServer pid=247449)[0m (Worker pid=248310) WARNING 08-28 23:33:13 [model_manager.py:401] Regarding Qwen3VLForConditionalGeneration, no matching PunicaWrapper is found; visual.blocks.11.mlp.linear_fc2 will be ignored.
[36m(vLLMHttpServer pid=247449)[0m (Worker pid=248310) WARNING 08-28 23:33:13 [model_manager.py:401] Regarding Qwen3VLForConditionalGeneration, no matching PunicaWrapper is found; visual.blocks.12.attn.qkv will be ignored.
[36m(vLLMHttpServer pid=247449)[0m (Worker pid=248310) WARNING 08-28 23:33:13 [model_manager.py:401] Regarding Qwen3VLForConditionalGeneration, no matching PunicaWrapper is found; visual.blocks.12.attn.proj will be ignored.
[36m(vLLMHttpServer pid=247449)[0m (Worker pid=248310) WARNING 08-28 23:33:13 [model_manager.py:401] Regarding Qwen3VLForConditionalGeneration, no matching PunicaWrapper is found; visual.blocks.12.mlp.linear_fc1 will be ignored.
[36m(vLLMHttpServer pid=247449)[0m (Worker pid=248310) WARNING 08-28 23:33:13 [model_manager.py:401] Regarding Qwen3VLForConditionalGeneration, no matching PunicaWrapper is found; visual.blocks.12.mlp.linear_fc2 will be ignored.
[36m(vLLMHttpServer pid=247449)[0m (Worker pid=248310) WARNING 08-28 23:33:13 [model_manager.py:401] Regarding Qwen3VLForConditionalGeneration, no matching PunicaWrapper is found; visual.blocks.13.attn.qkv will be ignored.
[36m(vLLMHttpServer pid=247449)[0m (Worker pid=248310) WARNING 08-28 23:33:13 [model_manager.py:401] Regarding Qwen3VLForConditionalGeneration, no matching PunicaWrapper is found; visual.blocks.13.attn.proj will be ignored.
[36m(vLLMHttpServer pid=247449)[0m (Worker pid=248310) WARNING 08-28 23:33:13 [model_manager.py:401] Regarding Qwen3VLForConditionalGeneration, no matching PunicaWrapper is found; visual.blocks.13.mlp.linear_fc1 will be ignored.
[36m(vLLMHttpServer pid=247449)[0m (Worker pid=248310) WARNING 08-28 23:33:13 [model_manager.py:401] Regarding Qwen3VLForConditionalGeneration, no matching PunicaWrapper is found; visual.blocks.13.mlp.linear_fc2 will be ignored.
[36m(vLLMHttpServer pid=247449)[0m (Worker pid=248310) WARNING 08-28 23:33:13 [model_manager.py:401] Regarding Qwen3VLForConditionalGeneration, no matching PunicaWrapper is found; visual.blocks.14.attn.qkv will be ignored.
[36m(vLLMHttpServer pid=247449)[0m (Worker pid=248310) WARNING 08-28 23:33:13 [model_manager.py:401] Regarding Qwen3VLForConditionalGeneration, no matching PunicaWrapper is found; visual.blocks.14.attn.proj will be ignored.
[36m(vLLMHttpServer pid=247449)[0m (Worker pid=248310) WARNING 08-28 23:33:13 [model_manager.py:401] Regarding Qwen3VLForConditionalGeneration, no matching PunicaWrapper is found; visual.blocks.14.mlp.linear_fc1 will be ignored.
[36m(vLLMHttpServer pid=247449)[0m (Worker pid=248310) WARNING 08-28 23:33:13 [model_manager.py:401] Regarding Qwen3VLForConditionalGeneration, no matching PunicaWrapper is found; visual.blocks.14.mlp.linear_fc2 will be ignored.
[36m(vLLMHttpServer pid=247449)[0m (Worker pid=248310) WARNING 08-28 23:33:13 [model_manager.py:401] Regarding Qwen3VLForConditionalGeneration, no matching PunicaWrapper is found; visual.blocks.15.attn.qkv will be ignored.
[36m(vLLMHttpServer pid=247449)[0m (Worker pid=248310) WARNING 08-28 23:33:13 [model_manager.py:401] Regarding Qwen3VLForConditionalGeneration, no matching PunicaWrapper is found; visual.blocks.15.attn.proj will be ignored.
[36m(vLLMHttpServer pid=247449)[0m (Worker pid=248310) WARNING 08-28 23:33:13 [model_manager.py:401] Regarding Qwen3VLForConditionalGeneration, no matching PunicaWrapper is found; visual.blocks.15.mlp.linear_fc1 will be ignored.
[36m(vLLMHttpServer pid=247449)[0m (Worker pid=248310) WARNING 08-28 23:33:13 [model_manager.py:401] Regarding Qwen3VLForConditionalGeneration, no matching PunicaWrapper is found; visual.blocks.15.mlp.linear_fc2 will be ignored.
[36m(vLLMHttpServer pid=247449)[0m (Worker pid=248310) WARNING 08-28 23:33:13 [model_manager.py:401] Regarding Qwen3VLForConditionalGeneration, no matching PunicaWrapper is found; visual.blocks.16.attn.qkv will be ignored.
[36m(vLLMHttpServer pid=247449)[0m (Worker pid=248310) WARNING 08-28 23:33:13 [model_manager.py:401] Regarding Qwen3VLForConditionalGeneration, no matching PunicaWrapper is found; visual.blocks.16.attn.proj will be ignored.
[36m(vLLMHttpServer pid=247449)[0m (Worker pid=248310) WARNING 08-28 23:33:13 [model_manager.py:401] Regarding Qwen3VLForConditionalGeneration, no matching PunicaWrapper is found; visual.blocks.16.mlp.linear_fc1 will be ignored.
[36m(vLLMHttpServer pid=247449)[0m (Worker pid=248310) WARNING 08-28 23:33:13 [model_manager.py:401] Regarding Qwen3VLForConditionalGeneration, no matching PunicaWrapper is found; visual.blocks.16.mlp.linear_fc2 will be ignored.
[36m(vLLMHttpServer pid=247449)[0m (Worker pid=248310) WARNING 08-28 23:33:13 [model_manager.py:401] Regarding Qwen3VLForConditionalGeneration, no matching PunicaWrapper is found; visual.blocks.17.attn.qkv will be ignored.
[36m(vLLMHttpServer pid=247449)[0m (Worker pid=248310) WARNING 08-28 23:33:13 [model_manager.py:401] Regarding Qwen3VLForConditionalGeneration, no matching PunicaWrapper is found; visual.blocks.17.attn.proj will be ignored.
[36m(vLLMHttpServer pid=247449)[0m (Worker pid=248310) WARNING 08-28 23:33:13 [model_manager.py:401] Regarding Qwen3VLForConditionalGeneration, no matching PunicaWrapper is found; visual.blocks.17.mlp.linear_fc1 will be ignored.
[36m(vLLMHttpServer pid=247449)[0m (Worker pid=248310) WARNING 08-28 23:33:13 [model_manager.py:401] Regarding Qwen3VLForConditionalGeneration, no matching PunicaWrapper is found; visual.blocks.17.mlp.linear_fc2 will be ignored.
[36m(vLLMHttpServer pid=247449)[0m (Worker pid=248310) WARNING 08-28 23:33:13 [model_manager.py:401] Regarding Qwen3VLForConditionalGeneration, no matching PunicaWrapper is found; visual.blocks.18.attn.qkv will be ignored.
[36m(vLLMHttpServer pid=247449)[0m (Worker pid=248310) WARNING 08-28 23:33:13 [model_manager.py:401] Regarding Qwen3VLForConditionalGeneration, no matching PunicaWrapper is found; visual.blocks.18.attn.proj will be ignored.
[36m(vLLMHttpServer pid=247449)[0m (Worker pid=248310) WARNING 08-28 23:33:13 [model_manager.py:401] Regarding Qwen3VLForConditionalGeneration, no matching PunicaWrapper is found; visual.blocks.18.mlp.linear_fc1 will be ignored.[36m(vLLMHttpServer pid=247449)[0m (Worker pid=248310) Capturing CUDA graphs (mixed prefill-decode, PIECEWISE):   0%|          | 0/102 [00:00<?, ?it/s]
[36m(vLLMHttpServer pid=247449)[0m Capturing CUDA graphs (mixed prefill-decode, PIECEWISE):   1%|          | 1/102 [00:00<00:15,  6.43it/s]
[36m(vLLMHttpServer pid=247449)[0m Capturing CUDA graphs (mixed prefill-decode, PIECEWISE):   3%|▎         | 3/102 [00:00<00:08, 11.25it/s]
[36m(vLLMHttpServer pid=247449)[0m Capturing CUDA graphs (mixed prefill-decode, PIECEWISE):   5%|▍         | 5/102 [00:00<00:07, 12.95it/s]
[36m(vLLMHttpServer pid=247449)[0m Capturing CUDA graphs (mixed prefill-decode, PIECEWISE):   7%|▋         | 7/102 [00:00<00:06, 13.64it/s]
[36m(vLLMHttpServer pid=247449)[0m Capturing CUDA graphs (mixed prefill-decode, PIECEWISE):   9%|▉         | 9/102 [00:00<00:06, 14.08it/s]
[36m(vLLMHttpServer pid=247449)[0m Capturing CUDA graphs (mixed prefill-decode, PIECEWISE):  11%|█         | 11/102 [00:00<00:06, 14.27it/s]
[36m(vLLMHttpServer pid=247449)[0m Capturing CUDA graphs (mixed prefill-decode, PIECEWISE):  13%|█▎        | 13/102 [00:00<00:06, 14.32it/s]
[36m(vLLMHttpServer pid=247449)[0m Capturing CUDA graphs (mixed prefill-decode, PIECEWISE):  15%|█▍        | 15/102 [00:01<00:06, 14.45it/s]
[36m(vLLMHttpServer pid=247449)[0m Capturing CUDA graphs (mixed prefill-decode, PIECEWISE):  17%|█▋        | 17/102 [00:01<00:05, 14.52it/s]
[36m(vLLMHttpServer pid=247449)[0m Capturing CUDA graphs (mixed prefill-decode, PIECEWISE):  19%|█▊        | 19/102 [00:01<00:05, 14.63it/s]
[36m(vLLMHttpServer pid=247449)[0m Capturing CUDA graphs (mixed prefill-decode, PIECEWISE):  21%|██        | 21/102 [00:01<00:05, 14.71it/s]
[36m(vLLMHttpServer pid=247449)[0m Capturing CUDA graphs (mixed prefill-decode, PIECEWISE):  23%|██▎       | 23/102 [00:01<00:05, 14.70it/s]
[36m(vLLMHttpServer pid=247449)[0m Capturing CUDA graphs (mixed prefill-decode, PIECEWISE):  25%|██▍       | 25/102 [00:01<00:05, 14.66it/s]
[36m(vLLMHttpServer pid=247449)[0m Capturing CUDA graphs (mixed prefill-decode, PIECEWISE):  26%|██▋       | 27/102 [00:01<00:05, 14.72it/s]
[36m(vLLMHttpServer pid=247449)[0m Capturing CUDA graphs (mixed prefill-decode, PIECEWISE):  28%|██▊       | 29/102 [00:02<00:05, 14.26it/s]
[36m(vLLMHttpServer pid=247449)[0m Capturing CUDA graphs (mixed prefill-decode, PIECEWISE):  30%|███       | 31/102 [00:02<00:04, 14.39it/s]
[36m(vLLMHttpServer pid=247449)[0m Capturing CUDA graphs (mixed prefill-decode, PIECEWISE):  32%|███▏      | 33/102 [00:02<00:04, 14.56it/s]
[36m(vLLMHttpServer pid=247449)[0m Capturing CUDA graphs (mixed prefill-decode, PIECEWISE):  34%|███▍      | 35/102 [00:02<00:04, 14.26it/s]
[36m(vLLMHttpServer pid=247449)[0m Capturing CUDA graphs (mixed prefill-decode, PIECEWISE):  36%|███▋      | 37/102 [00:02<00:04, 14.43it/s]
[36m(vLLMHttpServer pid=247449)[0m Capturing CUDA graphs (mixed prefill-decode, PIECEWISE):  38%|███▊      | 39/102 [00:02<00:04, 14.40it/s]
[36m(vLLMHttpServer pid=247449)[0m Capturing CUDA graphs (mixed prefill-decode, PIECEWISE):  40%|████      | 41/102 [00:02<00:04, 14.47it/s]
[36m(vLLMHttpServer pid=247449)[0m Capturing CUDA graphs (mixed prefill-decode, PIECEWISE):  42%|████▏     | 43/102 [00:03<00:04, 14.56it/s]
[36m(vLLMHttpServer pid=247449)[0m Capturing CUDA graphs (mixed prefill-decode, PIECEWISE):  44%|████▍     | 45/102 [00:03<00:03, 14.50it/s]
[36m(vLLMHttpServer pid=247449)[0m Capturing CUDA graphs (mixed prefill-decode, PIECEWISE):  46%|████▌     | 47/102 [00:03<00:03, 14.49it/s]
[36m(vLLMHttpServer pid=247449)[0m Capturing CUDA graphs (mixed prefill-decode, PIECEWISE):  48%|████▊     | 49/102 [00:03<00:03, 14.50it/s]
[36m(vLLMHttpServer pid=247449)[0m Capturing CUDA graphs (mixed prefill-decode, PIECEWISE):  50%|█████     | 51/102 [00:03<00:03, 14.46it/s]
[36m(vLLMHttpServer pid=247449)[0m Capturing CUDA graphs (mixed prefill-decode, PIECEWISE):  52%|█████▏    | 53/102 [00:03<00:03, 14.47it/s]
[36m(vLLMHttpServer pid=247449)[0m Capturing CUDA graphs (mixed prefill-decode, PIECEWISE):  54%|█████▍    | 55/102 [00:03<00:03, 14.43it/s]
[36m(vLLMHttpServer pid=247449)[0m Capturing CUDA graphs (mixed prefill-decode, PIECEWISE):  56%|█████▌    | 57/102 [00:03<00:03, 14.44it/s]
[36m(vLLMHttpServer pid=247449)[0m Capturing CUDA graphs (mixed prefill-decode, PIECEWISE):  58%|█████▊    | 59/102 [00:04<00:02, 14.45it/s]
[36m(vLLMHttpServer pid=247449)[0m Capturing CUDA graphs (mixed prefill-decode, PIECEWISE):  60%|█████▉    | 61/102 [00:04<00:02, 14.47it/s]
[36m(vLLMHttpServer pid=247449)[0m Capturing CUDA graphs (mixed prefill-decode, PIECEWISE):  62%|██████▏   | 63/102 [00:04<00:02, 14.44it/s]
[36m(vLLMHttpServer pid=247449)[0m Capturing CUDA graphs (mixed prefill-decode, PIECEWISE):  64%|██████▎   | 65/102 [00:04<00:02, 14.45it/s]
[36m(vLLMHttpServer pid=247449)[0m Capturing CUDA graphs (mixed prefill-decode, PIECEWISE):  66%|██████▌   | 67/102 [00:04<00:02, 14.14it/s]
[36m(vLLMHttpServer pid=247449)[0m Capturing CUDA graphs (mixed prefill-decode, PIECEWISE):  68%|██████▊   | 69/102 [00:04<00:02, 14.00it/s]
[36m(vLLMHttpServer pid=247449)[0m Capturing CUDA graphs (mixed prefill-decode, PIECEWISE):  70%|██████▉   | 71/102 [00:04<00:02, 14.01it/s]
[36m(vLLMHttpServer pid=247449)[0m Capturing CUDA graphs (mixed prefill-decode, PIECEWISE):  72%|███████▏  | 73/102 [00:05<00:02, 14.10it/s]
[36m(vLLMHttpServer pid=247449)[0m Capturing CUDA graphs (mixed prefill-decode, PIECEWISE):  74%|███████▎  | 75/102 [00:05<00:01, 14.10it/s]
[36m(vLLMHttpServer pid=247449)[0m Capturing CUDA graphs (mixed prefill-decode, PIECEWISE):  75%|███████▌  | 77/102 [00:05<00:01, 14.17it/s]
[36m(vLLMHttpServer pid=247449)[0m Capturing CUDA graphs (mixed prefill-decode, PIECEWISE):  77%|███████▋  | 79/102 [00:05<00:01, 14.22it/s]
[36m(vLLMHttpServer pid=247449)[0m Capturing CUDA graphs (mixed prefill-decode, PIECEWISE):  79%|███████▉  | 81/102 [00:05<00:01, 14.25it/s]
[36m(vLLMHttpServer pid=247449)[0m Capturing CUDA graphs (mixed prefill-decode, PIECEWISE):  81%|████████▏ | 83/102 [00:05<00:01, 14.25it/s]
[36m(vLLMHttpServer pid=247449)[0m Capturing CUDA graphs (mixed prefill-decode, PIECEWISE):  83%|████████▎ | 85/102 [00:05<00:01, 14.27it/s]
[36m(vLLMHttpServer pid=247449)[0m Capturing CUDA graphs (mixed prefill-decode, PIECEWISE):  85%|████████▌ | 87/102 [00:06<00:01, 14.15it/s]
[36m(vLLMHttpServer pid=247449)[0m Capturing CUDA graphs (mixed prefill-decode, PIECEWISE):  87%|████████▋ | 89/102 [00:06<00:00, 14.16it/s]
[36m(vLLMHttpServer pid=247449)[0m Capturing CUDA graphs (mixed prefill-decode, PIECEWISE):  89%|████████▉ | 91/102 [00:06<00:00, 14.24it/s]
[36m(vLLMHttpServer pid=247449)[0m Capturing CUDA graphs (mixed prefill-decode, PIECEWISE):  91%|█████████ | 93/102 [00:06<00:00, 14.29it/s]
[36m(vLLMHttpServer pid=247449)[0m Capturing CUDA graphs (mixed prefill-decode, PIECEWISE):  93%|█████████▎| 95/102 [00:06<00:00, 14.29it/s]
[36m(vLLMHttpServer pid=247449)[0m Capturing CUDA graphs (mixed prefill-decode, PIECEWISE):  95%|█████████▌| 97/102 [00:06<00:00, 14.23it/s]
[36m(vLLMHttpServer pid=247449)[0m Capturing CUDA graphs (mixed prefill-decode, PIECEWISE):  97%|█████████▋| 99/102 [00:06<00:00, 13.58it/s]
[36m(vLLMHttpServer pid=247449)[0m Capturing CUDA graphs (mixed prefill-decode, PIECEWISE):  99%|█████████▉| 101/102 [00:07<00:00, 12.81it/s]Capturing CUDA graphs (mixed prefill-decode, PIECEWISE): 100%|██████████| 102/102 [00:07<00:00, 14.15it/s]
[36m(vLLMHttpServer pid=247449)[0m (Worker pid=248310) Capturing CUDA graphs (decode, FULL):   0%|          | 0/70 [00:00<?, ?it/s]
[36m(vLLMHttpServer pid=247449)[0m Capturing CUDA graphs (decode, FULL):   1%|▏         | 1/70 [00:00<00:10,  6.57it/s]
[36m(vLLMHttpServer pid=247449)[0m Capturing CUDA graphs (decode, FULL):   4%|▍         | 3/70 [00:00<00:05, 11.44it/s]
[36m(vLLMHttpServer pid=247449)[0m Capturing CUDA graphs (decode, FULL):   7%|▋         | 5/70 [00:00<00:04, 13.20it/s]
[36m(vLLMHttpServer pid=247449)[0m Capturing CUDA graphs (decode, FULL):  10%|█         | 7/70 [00:00<00:04, 14.09it/s]
[36m(vLLMHttpServer pid=247449)[0m Capturing CUDA graphs (decode, FULL):  13%|█▎        | 9/70 [00:00<00:04, 14.49it/s]
[36m(vLLMHttpServer pid=247449)[0m Capturing CUDA graphs (decode, FULL):  16%|█▌        | 11/70 [00:00<00:03, 14.82it/s]
[36m(vLLMHttpServer pid=247449)[0m Capturing CUDA graphs (decode, FULL):  19%|█▊        | 13/70 [00:00<00:03, 15.06it/s]
[36m(vLLMHttpServer pid=247449)[0m Capturing CUDA graphs (decode, FULL):  21%|██▏       | 15/70 [00:01<00:03, 15.19it/s]
[36m(vLLMHttpServer pid=247449)[0m Capturing CUDA graphs (decode, FULL):  24%|██▍       | 17/70 [00:01<00:03, 15.16it/s]
[36m(vLLMHttpServer pid=247449)[0m Capturing CUDA graphs (decode, FULL):  27%|██▋       | 19/70 [00:01<00:03, 15.12it/s]
[36m(vLLMHttpServer pid=247449)[0m Capturing CUDA graphs (decode, FULL):  30%|███       | 21/70 [00:01<00:03, 15.21it/s]
[36m(vLLMHttpServer pid=247449)[0m Capturing CUDA graphs (decode, FULL):  33%|███▎      | 23/70 [00:01<00:03, 15.21it/s]
[36m(vLLMHttpServer pid=247449)[0m Capturing CUDA graphs (decode, FULL):  36%|███▌      | 25/70 [00:01<00:02, 15.19it/s]
[36m(vLLMHttpServer pid=247449)[0m Capturing CUDA graphs (decode, FULL):  39%|███▊      | 27/70 [00:01<00:02, 15.24it/s]
[36m(vLLMHttpServer pid=247449)[0m Capturing CUDA graphs (decode, FULL):  41%|████▏     | 29/70 [00:01<00:02, 15.22it/s]
[36m(vLLMHttpServer pid=247449)[0m Capturing CUDA graphs (decode, FULL):  44%|████▍     | 31/70 [00:02<00:02, 15.26it/s]
[36m(vLLMHttpServer pid=247449)[0m Capturing CUDA graphs (decode, FULL):  47%|████▋     | 33/70 [00:02<00:02, 15.29it/s]
[36m(vLLMHttpServer pid=247449)[0m Capturing CUDA graphs (decode, FULL):  50%|█████     | 35/70 [00:02<00:02, 15.29it/s]
[36m(vLLMHttpServer pid=247449)[0m Capturing CUDA graphs (decode, FULL):  53%|█████▎    | 37/70 [00:02<00:02, 15.21it/s]
[36m(vLLMHttpServer pid=247449)[0m Capturing CUDA graphs (decode, FULL):  56%|█████▌    | 39/70 [00:02<00:02, 15.08it/s]
[36m(vLLMHttpServer pid=247449)[0m Capturing CUDA graphs (decode, FULL):  59%|█████▊    | 41/70 [00:02<00:01, 15.13it/s]
[36m(vLLMHttpServer pid=247449)[0m Capturing CUDA graphs (decode, FULL):  61%|██████▏   | 43/70 [00:02<00:01, 15.21it/s]
[36m(vLLMHttpServer pid=247449)[0m Capturing CUDA graphs (decode, FULL):  64%|██████▍   | 45/70 [00:03<00:01, 15.27it/s]
[36m(vLLMHttpServer pid=247449)[0m Capturing CUDA graphs (decode, FULL):  67%|██████▋   | 47/70 [00:03<00:01, 15.33it/s]
[36m(vLLMHttpServer pid=247449)[0m Capturing CUDA graphs (decode, FULL):  70%|███████   | 49/70 [00:03<00:01, 15.30it/s]
[36m(vLLMHttpServer pid=247449)[0m Capturing CUDA graphs (decode, FULL):  73%|███████▎  | 51/70 [00:03<00:01, 15.33it/s]
[36m(vLLMHttpServer pid=247449)[0m Capturing CUDA graphs (decode, FULL):  76%|███████▌  | 53/70 [00:03<00:01, 15.37it/s]
[36m(vLLMHttpServer pid=247449)[0m Capturing CUDA graphs (decode, FULL):  79%|███████▊  | 55/70 [00:03<00:00, 15.41it/s]
[36m(vLLMHttpServer pid=247449)[0m Capturing CUDA graphs (decode, FULL):  81%|████████▏ | 57/70 [00:03<00:00, 15.39it/s]
[36m(vLLMHttpServer pid=247449)[0m Capturing CUDA graphs (decode, FULL):  84%|████████▍ | 59/70 [00:03<00:00, 15.32it/s]
[36m(vLLMHttpServer pid=247449)[0m Capturing CUDA graphs (decode, FULL):  87%|████████▋ | 61/70 [00:04<00:00, 15.33it/s]
[36m(vLLMHttpServer pid=247449)[0m Capturing CUDA graphs (decode, FULL):  90%|█████████ | 63/70 [00:04<00:00, 15.42it/s]
[36m(vLLMHttpServer pid=247449)[0m Capturing CUDA graphs (decode, FULL):  93%|█████████▎| 65/70 [00:04<00:00, 15.45it/s]
[36m(vLLMHttpServer pid=247449)[0m Capturing CUDA graphs (decode, FULL):  96%|█████████▌| 67/70 [00:04<00:00, 15.45it/s]
[36m(vLLMHttpServer pid=247449)[0m Capturing CUDA graphs (decode, FULL):  99%|█████████▊| 69/70 [00:04<00:00, 15.40it/s]Capturing CUDA graphs (decode, FULL): 100%|██████████| 70/70 [00:04<00:00, 15.11it/s]
[36m(vLLMHttpServer pid=247449)[0m (EngineCore pid=248220) [transformers] The `use_fast` parameter is deprecated and will be removed in a future version. Use `backend="torchvision"` instead of `use_fast=True`, or `backend="pil"` instead of `use_fast=False`.
[36m(WorkerDict pid=246968)[0m INFO:2026-08-28 23:34:39,546:[Rank 0] Loaded model from /home/yw4636/agentic-tvg/results/grpo-vanilla/ckpt/global_step_120/actor/model_world_size_1_rank_0.pt
[36m(WorkerDict pid=246968)[0m INFO:2026-08-28 23:34:40,081:[Rank 0] Loaded optimizer from /home/yw4636/agentic-tvg/results/grpo-vanilla/ckpt/global_step_120/actor/optim_world_size_1_rank_0.pt
[36m(WorkerDict pid=246968)[0m INFO:2026-08-28 23:34:40,083:[Rank 0] Loaded rng from /home/yw4636/agentic-tvg/results/grpo-vanilla/ckpt/global_step_120/actor/extra_state_world_size_1_rank_0.pt
[36m(WorkerDict pid=246968)[0m INFO:2026-08-28 23:34:40,083:[Rank 0] Loaded lr_scheduler from /home/yw4636/agentic-tvg/results/grpo-vanilla/ckpt/global_step_120/actor/extra_state_world_size_1_rank_0.pt
[36m(WorkerDict pid=246968)[0m /home/yw4636/.conda/envs/verl/lib/python3.12/site-packages/verl/plugin/platform/platform_cuda.py:99: FutureWarning: torch.cuda._set_allocator_settings is deprecated. Use torch._C._accelerator_setAllocatorSettings instead.
[36m(WorkerDict pid=246968)[0m   torch.cuda.memory._set_allocator_settings(settings)
[36m(TaskRunner pid=246628)[0m Training Progress:  45%|████▍     | 120/267 [00:00<?, ?it/s]
[36m(WorkerDict pid=246968)[0m /home/yw4636/.conda/envs/verl/lib/python3.12/site-packages/verl/plugin/platform/platform_cuda.py:99: FutureWarning: torch.cuda._set_allocator_settings is deprecated. Use torch._C._accelerator_setAllocatorSettings instead.
[36m(WorkerDict pid=246968)[0m   torch.cuda.memory._set_allocator_settings(settings)
[36m(AgentLoopWorker pid=249257)[0m qwen-vl-utils using torchcodec to read video.

[36m(vLLMHttpServer pid=247449)[0m (Worker pid=248310) WARNING 08-28 23:33:13 [model_manager.py:401] Regarding Qwen3VLForConditionalGeneration, no matching PunicaWrapper is found; visual.blocks.18.mlp.linear_fc2 will be ignored.
[36m(vLLMHttpServer pid=247449)[0m (Worker pid=248310) WARNING 08-28 23:33:13 [model_manager.py:401] Regarding Qwen3VLForConditionalGeneration, no matching PunicaWrapper is found; visual.blocks.19.attn.qkv will be ignored.
[36m(vLLMHttpServer pid=247449)[0m (Worker pid=248310) WARNING 08-28 23:33:13 [model_manager.py:401] Regarding Qwen3VLForConditionalGeneration, no matching PunicaWrapper is found; visual.blocks.19.attn.proj will be ignored.
[36m(vLLMHttpServer pid=247449)[0m (Worker pid=248310) WARNING 08-28 23:33:13 [model_manager.py:401] Regarding Qwen3VLForConditionalGeneration, no matching PunicaWrapper is found; visual.blocks.19.mlp.linear_fc1 will be ignored.
[36m(vLLMHttpServer pid=247449)[0m (Worker pid=248310) WARNING 08-28 23:33:13 [model_manager.py:401] Regarding Qwen3VLForConditionalGeneration, no matching PunicaWrapper is found; visual.blocks.19.mlp.linear_fc2 will be ignored.
[36m(vLLMHttpServer pid=247449)[0m (Worker pid=248310) WARNING 08-28 23:33:13 [model_manager.py:401] Regarding Qwen3VLForConditionalGeneration, no matching PunicaWrapper is found; visual.blocks.20.attn.qkv will be ignored.
[36m(vLLMHttpServer pid=247449)[0m (Worker pid=248310) WARNING 08-28 23:33:13 [model_manager.py:401] Regarding Qwen3VLForConditionalGeneration, no matching PunicaWrapper is found; visual.blocks.20.attn.proj will be ignored.
[36m(vLLMHttpServer pid=247449)[0m (Worker pid=248310) WARNING 08-28 23:33:13 [model_manager.py:401] Regarding Qwen3VLForConditionalGeneration, no matching PunicaWrapper is found; visual.blocks.20.mlp.linear_fc1 will be ignored.
[36m(vLLMHttpServer pid=247449)[0m (Worker pid=248310) WARNING 08-28 23:33:13 [model_manager.py:401] Regarding Qwen3VLForConditionalGeneration, no matching PunicaWrapper is found; visual.blocks.20.mlp.linear_fc2 will be ignored.
[36m(vLLMHttpServer pid=247449)[0m (Worker pid=248310) WARNING 08-28 23:33:13 [model_manager.py:401] Regarding Qwen3VLForConditionalGeneration, no matching PunicaWrapper is found; visual.blocks.21.attn.qkv will be ignored.
[36m(vLLMHttpServer pid=247449)[0m (Worker pid=248310) WARNING 08-28 23:33:13 [model_manager.py:401] Regarding Qwen3VLForConditionalGeneration, no matching PunicaWrapper is found; visual.blocks.21.attn.proj will be ignored.
[36m(vLLMHttpServer pid=247449)[0m (Worker pid=248310) WARNING 08-28 23:33:13 [model_manager.py:401] Regarding Qwen3VLForConditionalGeneration, no matching PunicaWrapper is found; visual.blocks.21.mlp.linear_fc1 will be ignored.
[36m(vLLMHttpServer pid=247449)[0m (Worker pid=248310) WARNING 08-28 23:33:13 [model_manager.py:401] Regarding Qwen3VLForConditionalGeneration, no matching PunicaWrapper is found; visual.blocks.21.mlp.linear_fc2 will be ignored.
[36m(vLLMHttpServer pid=247449)[0m (Worker pid=248310) WARNING 08-28 23:33:13 [model_manager.py:401] Regarding Qwen3VLForConditionalGeneration, no matching PunicaWrapper is found; visual.blocks.22.attn.qkv will be ignored.
[36m(vLLMHttpServer pid=247449)[0m (Worker pid=248310) WARNING 08-28 23:33:13 [model_manager.py:401] Regarding Qwen3VLForConditionalGeneration, no matching PunicaWrapper is found; visual.blocks.22.attn.proj will be ignored.
[36m(vLLMHttpServer pid=247449)[0m (Worker pid=248310) WARNING 08-28 23:33:13 [model_manager.py:401] Regarding Qwen3VLForConditionalGeneration, no matching PunicaWrapper is found; visual.blocks.22.mlp.linear_fc1 will be ignored.
[36m(vLLMHttpServer pid=247449)[0m (Worker pid=248310) WARNING 08-28 23:33:13 [model_manager.py:401] Regarding Qwen3VLForConditionalGeneration, no matching PunicaWrapper is found; visual.blocks.22.mlp.linear_fc2 will be ignored.
[36m(vLLMHttpServer pid=247449)[0m (Worker pid=248310) WARNING 08-28 23:33:13 [model_manager.py:401] Regarding Qwen3VLForConditionalGeneration, no matching PunicaWrapper is found; visual.blocks.23.attn.qkv will be ignored.
[36m(vLLMHttpServer pid=247449)[0m (Worker pid=248310) WARNING 08-28 23:33:13 [model_manager.py:401] Regarding Qwen3VLForConditionalGeneration, no matching PunicaWrapper is found; visual.blocks.23.attn.proj will be ignored.
[36m(vLLMHttpServer pid=247449)[0m (Worker pid=248310) WARNING 08-28 23:33:13 [model_manager.py:401] Regarding Qwen3VLForConditionalGeneration, no matching PunicaWrapper is found; visual.blocks.23.mlp.linear_fc1 will be ignored.
[36m(vLLMHttpServer pid=247449)[0m (Worker pid=248310) WARNING 08-28 23:33:13 [model_manager.py:401] Regarding Qwen3VLForConditionalGeneration, no matching PunicaWrapper is found; visual.blocks.23.mlp.linear_fc2 will be ignored.
[36m(vLLMHttpServer pid=247449)[0m (Worker pid=248310) WARNING 08-28 23:33:34 [utils.py:279] Using default LoRA kernel configs
[36m(vLLMHttpServer pid=247449)[0m WARNING 08-28 23:33:55 [api_router.py:30] LoRA dynamic loading & unloading is enabled in the API server. This should ONLY be used for local development!
[36m(vLLMHttpServer pid=247449)[0m WARNING 08-28 23:33:55 [model.py:1477] Default vLLM sampling parameters have been overridden by the model's `generation_config.json`: `{'repetition_penalty': 1.0, 'temperature': 1.0, 'top_k': -1, 'top_p': 1, 'max_tokens': 16384}`. If this is not intended, please relaunch vLLM instance with `--generation-config vllm`.
[36m(TaskRunner pid=246628)[0m LLMServerManager: ['10.110.2.5:42075']
[36m(TaskRunner pid=246628)[0m Saving tensorboard log to /home/yw4636/agentic-tvg/logs/tb/grpo_vanilla.
[36m(TaskRunner pid=246628)[0m Found checkpoint: %s /home/yw4636/agentic-tvg/results/grpo-vanilla/ckpt/global_step_120
[36m(TaskRunner pid=246628)[0m Load from checkpoint folder: /home/yw4636/agentic-tvg/results/grpo-vanilla/ckpt/global_step_120
[36m(TaskRunner pid=246628)[0m Setting global step to 120
[36m(TaskRunner pid=246628)[0m Resuming from /home/yw4636/agentic-tvg/results/grpo-vanilla/ckpt/global_step_120
[36m(AgentLoopWorker pid=249258)[0m Using dataset class: RLHFDataset
[36m(AgentLoopWorker pid=249258)[0m {
[36m(AgentLoopWorker pid=249258)[0m   "type": "function",
[36m(AgentLoopWorker pid=249258)[0m   "function": {
[36m(AgentLoopWorker pid=249258)[0m     "name": "crop_video",
[36m(AgentLoopWorker pid=249258)[0m     "description": "Inspect a time interval of the current video closely: returns 30 higher-resolution frames sampled evenly from [start_time, end_time], each labeled with its timestamp in seconds.",
[36m(AgentLoopWorker pid=249258)[0m     "parameters": {
[36m(AgentLoopWorker pid=249258)[0m       "type": "object",
[36m(AgentLoopWorker pid=249258)[0m       "properties": {
[36m(AgentLoopWorker pid=249258)[0m         "start_time": {
[36m(AgentLoopWorker pid=249258)[0m           "type": "number",
[36m(AgentLoopWorker pid=249258)[0m           "description": "Interval start in seconds, >= 0."
[36m(AgentLoopWorker pid=249258)[0m         },
[36m(AgentLoopWorker pid=249258)[0m         "end_time": {
[36m(AgentLoopWorker pid=249258)[0m           "type": "number",
[36m(AgentLoopWorker pid=249258)[0m           "description": "Interval end in seconds, > start_time, <= video duration."
[36m(AgentLoopWorker pid=249258)[0m         }
[36m(AgentLoopWorker pid=249258)[0m       },
[36m(AgentLoopWorker pid=249258)[0m       "required": [
[36m(AgentLoopWorker pid=249258)[0m         "start_time",
[36m(AgentLoopWorker pid=249258)[0m         "end_time"
[36m(AgentLoopWorker pid=249258)[0m       ]
[36m(AgentLoopWorker pid=249258)[0m     }
[36m(AgentLoopWorker pid=249258)[0m   }
[36m(AgentLoopWorker pid=249258)[0m }
[36m(vLLMHttpServer pid=247449)[0m WARNING 08-28 23:34:59 [input_processor.py:157] vLLM has deprecated support for supporting different tokenizers for different LoRAs. By default, vLLM uses base model's tokenizer. If you are using a LoRA with its own tokenizer, consider specifying `--tokenizer [lora_path]` to use the LoRA tokenizer.
[36m(vLLMHttpServer pid=247449)[0m WARNING 08-28 23:34:59 [input_processor.py:282] Passing raw prompts to InputProcessor is deprecated and will be removed in v0.18. You should instead pass the outputs of Renderer.render_cmpl() or Renderer.render_chat().[36m(TaskRunner pid=246628)[0m W0828 23:37:16.198000 246628 site-packages/torch/fx/_symbolic_trace.py:53] is_fx_tracing will return true for both fx.symbolic_trace and torch.export. Please use is_fx_tracing_symbolic_tracing() for specifically fx.symbolic_trace or torch.compiler.is_compiling() for specifically torch.export/compile.
[36m(AgentLoopWorker pid=249258)[0m qwen-vl-utils using torchcodec to read video.[32m [repeated 7x across cluster][0m
[36m(WorkerDict pid=246968)[0m [rank0]:W0828 23:37:58.798000 246968 site-packages/torch/fx/_symbolic_trace.py:53] is_fx_tracing will return true for both fx.symbolic_trace and torch.export. Please use is_fx_tracing_symbolic_tracing() for specifically fx.symbolic_trace or torch.compiler.is_compiling() for specifically torch.export/compile.
[36m(WorkerDict pid=246968)[0m /home/yw4636/.conda/envs/verl/lib/python3.12/site-packages/verl/plugin/platform/platform_cuda.py:99: FutureWarning: torch.cuda._set_allocator_settings is deprecated. Use torch._C._accelerator_setAllocatorSettings instead.
[36m(WorkerDict pid=246968)[0m   torch.cuda.memory._set_allocator_settings(settings)

[36m(AgentLoopWorker pid=249265)[0m Using dataset class: RLHFDataset[32m [repeated 7x across cluster] (Ray deduplicates logs by default. Set RAY_DEDUP_LOGS=0 to disable log deduplication, or see https://docs.ray.io/en/master/ray-observability/user-guides/configure-logging.html#log-deduplication for more options.)[0m
[36m(AgentLoopWorker pid=249265)[0m {[32m [repeated 7x across cluster][0m
[36m(AgentLoopWorker pid=249265)[0m   "type": "function",[32m [repeated 7x across cluster][0m
[36m(AgentLoopWorker pid=249265)[0m   "function": {[32m [repeated 7x across cluster][0m
[36m(AgentLoopWorker pid=249265)[0m     "name": "crop_video",[32m [repeated 7x across cluster][0m
[36m(AgentLoopWorker pid=249265)[0m     "description": "Inspect a time interval of the current video closely: returns 30 higher-resolution frames sampled evenly from [start_time, end_time], each labeled with its timestamp in seconds.",[32m [repeated 7x across cluster][0m
[36m(AgentLoopWorker pid=249265)[0m     "parameters": {[32m [repeated 7x across cluster][0m
[36m(AgentLoopWorker pid=249265)[0m       "type": "object",[32m [repeated 7x across cluster][0m
[36m(AgentLoopWorker pid=249265)[0m       "properties": {[32m [repeated 7x across cluster][0m
[36m(AgentLoopWorker pid=249265)[0m         "start_time": {[32m [repeated 7x across cluster][0m
[36m(AgentLoopWorker pid=249265)[0m           "type": "number",[32m [repeated 14x across cluster][0m
[36m(AgentLoopWorker pid=249265)[0m           "description": "Interval start in seconds, >= 0."[32m [repeated 7x across cluster][0m
[36m(AgentLoopWorker pid=249265)[0m       },[32m [repeated 14x across cluster][0m
[36m(AgentLoopWorker pid=249265)[0m         "end_time": {[32m [repeated 7x across cluster][0m
[36m(AgentLoopWorker pid=249265)[0m           "description": "Interval end in seconds, > start_time, <= video duration."[32m [repeated 7x across cluster][0m
[36m(AgentLoopWorker pid=249265)[0m }[32m [repeated 28x across cluster][0m
[36m(AgentLoopWorker pid=249265)[0m       "required": [[32m [repeated 7x across cluster][0m
[36m(AgentLoopWorker pid=249265)[0m         "start_time",[32m [repeated 7x across cluster][0m
[36m(AgentLoopWorker pid=249265)[0m         "end_time"[32m [repeated 7x across cluster][0m
[36m(AgentLoopWorker pid=249265)[0m       ][32m [repeated 7x across cluster][0m
[36m(vLLMHttpServer pid=247449)[0m (Worker pid=248310) WARNING 08-28 23:35:00 [jit_monitor.py:106] Triton kernel JIT compilation during inference: _compute_slot_mapping_kernel. This causes a latency spike; consider extending warmup to cover this shape/config.
[36m(vLLMHttpServer pid=247449)[0m (Worker pid=248310) WARNING 08-28 23:35:00 [jit_monitor.py:106] Triton kernel JIT compilation during inference: rotary_kernel. This causes a latency spike; consider extending warmup to cover this shape/config.
[36m(vLLMHttpServer pid=247449)[0m (Worker pid=248310) WARNING 08-28 23:35:00 [jit_monitor.py:106] Triton kernel JIT compilation during inference: _lora_expand_kernel. This causes a latency spike; consider extending warmup to cover this shape/config.
[36m(vLLMHttpServer pid=247449)[0m (Worker pid=248310) WARNING 08-28 23:35:02 [jit_monitor.py:106] Triton kernel JIT compilation during inference: _bilinear_pos_embed_kernel. This causes a latency spike; consider extending warmup to cover this shape/config.
[36m(TaskRunner pid=246628)[0m Dumped generations to /home/yw4636/agentic-tvg/results/grpo-vanilla/rollouts/121.jsonl
[36m(TaskRunner pid=246628)[0m step:121 - global_seqlen/min:928215 - global_seqlen/max:928215 - global_seqlen/minmax_diff:0 - global_seqlen/balanced_min:928215 - global_seqlen/balanced_max:928215 - global_seqlen/mean:928215.0 - actor/entropy:0.9646869897842407 - perf/mfu/actor_infer:0.29144396417275714 - training/rollout_probs_diff_valid:1 - training/rollout_probs_diff_max:0.6628001928329468 - training/rollout_probs_diff_mean:0.009388170205056667 - training/rollout_probs_diff_std:0.015322906896471977 - training/rollout_actor_probs_pearson_corr:0.9988066554069519 - rollout_corr/training_ppl:2.6630969047546387 - rollout_corr/training_log_ppl:0.9628337025642395 - rollout_corr/kl:0.003052106127142906 - rollout_corr/k3_kl:0.002766959136351943 - rollout_corr/rollout_ppl:2.6547906398773193 - rollout_corr/rollout_log_ppl:0.9597439169883728 - rollout_corr/log_ppl_diff:0.003089903388172388 - rollout_corr/log_ppl_abs_diff:0.00392156420275569 - rollout_corr/log_ppl_diff_max:0.014288008213043213 - rollout_corr/log_ppl_diff_min:-0.008200764656066895 - rollout_corr/ppl_ratio:1.0031018257141113 - rollout_corr/chi2_token:0.005187869071960449 - rollout_corr/chi2_seq:5.333329200744629 - actor/pg_clipfrac:np.float64(0.0) - actor/ppo_kl:np.float64(0.0) - actor/pg_clipfrac_lower:np.float64(0.0) - actor/pg_loss:np.float64(0.014468248915363802) - actor/kl_loss:np.float64(0.003961832837376278) - actor/kl_coef:np.float64(0.0010000000000000002) - actor/loss:np.float64(0.014472216367721558) - actor/grad_norm:np.float64(0.05952306464314461) - actor/lr:np.float64(6.159468762854631e-06) - actor/perf/max_memory_allocated_gb:np.float64(38.97826099395752) - actor/perf/max_memory_reserved_gb:np.float64(41.767578125) - actor/perf/cpu_memory_used_gb:np.float64(98.5865364074707) - perf/mfu/actor:np.float64(0.33960140302092146) - training/global_step:121 - training/epoch:0 - critic/score/mean:1.0729862451553345 - critic/score/max:1.8126035928726196 - critic/score/min:0.5 - critic/rewards/mean:1.0729862451553345 - critic/rewards/max:1.8126035928726196 - critic/rewards/min:0.5 - critic/advantages/mean:-0.014468236826360226 - critic/advantages/max:2.602055311203003 - critic/advantages/min:-2.5579299926757812 - critic/returns/mean:-0.014468236826360226 - critic/returns/max:2.602055311203003 - critic/returns/min:-2.5579299926757812 - response_length/mean:3237.3046875 - response_length/max:3863.0 - response_length/min:2888.0 - response_length/clip_ratio:0.0 - response_length_non_aborted/mean:3237.3046875 - response_length_non_aborted/max:3863.0 - response_length_non_aborted/min:2888.0 - response_length_non_aborted/clip_ratio:0.0 - response/aborted_ratio:0.0 - prompt_length/mean:4014.375 - prompt_length/max:4139.0 - prompt_length/min:3738.0 - prompt_length/clip_ratio:0.0 - num_turns/min:np.int32(4) - num_turns/max:np.int32(4) - num_turns/mean:np.float64(4.0) - timing_s/start_profile:0.00021660298807546496 - timing_s/agent_loop/num_preempted/min:np.int64(-1) - timing_s/agent_loop/num_preempted/max:np.int64(-1) - timing_s/agent_loop/num_preempted/mean:np.float64(-1.0) - timing_s/agent_loop/generate_sequences/min:np.float64(65.32900278194575) - timing_s/agent_loop/generate_sequences/max:np.float64(126.0606382600381) - timing_s/agent_loop/generate_sequences/mean:np.float64(104.2553742571381) - timing_s/agent_loop/tool_calls/min:np.float64(0.06447257299441844) - timing_s/agent_loop/tool_calls/max:np.float64(0.7446572490152903) - timing_s/agent_loop/tool_calls/mean:np.float64(0.14059906042848525) - timing_s/agent_loop/compute_score/min:np.float64(0.32640663103666157) - timing_s/agent_loop/compute_score/max:np.float64(4.202727395982947) - timing_s/agent_loop/compute_score/mean:np.float64(1.1044470385058958) - timing_s/agent_loop/slowest/generate_sequences:np.float64(126.0606382600381) - timing_s/agent_loop/slowest/tool_calls:np.float64(0.08318771596532315) - timing_s/agent_loop/slowest/compute_score:np.float64(0.3817035349784419) - timing_s/agent_loop/slowest/num_preempted:np.int64(-1) - timing_s/agent_loop/slowest/prompt_length:4139 - timing_s/agent_loop/slowest/response_length:3863 - timing_s/gen:151.39349298703019 - timing_s/reward:3.088702214881778e-05 - timing_s/old_log_prob:151.16852980700787 - timing_s/ref:148.55936351203127 - timing_s/adv:0.17640077898977324 - timing_s/update_actor:321.6689178419765 - timing_s/update_weights:3.921556815970689 - timing_s/dump_rollout_generations:0.3279055330203846 - timing_s/step:777.3877385259839 - timing_s/stop_profile:4.996999632567167e-05 - timing_per_token_ms/update_actor:0.3465457009873537 - timing_per_token_ms/ref:0.16004844083755518 - timing_per_token_ms/adv:0.0001900430169624206 - timing_per_token_ms/gen:0.36535382922963544 - perf/total_num_tokens:928215 - perf/time_per_step:777.3877385259839 - perf/throughput:1194.0180607427665[36m(TaskRunner pid=246628)[0m Training Progress:  45%|████▌     | 121/267 [12:57<31:32:09, 777.60s/it]
[36m(TaskRunner pid=246628)[0m Training Progress:  46%|████▌     | 122/267 [25:52<31:14:49, 775.79s/it]

[36m(TaskRunner pid=246628)[0m Dumped generations to /home/yw4636/agentic-tvg/results/grpo-vanilla/rollouts/122.jsonl
[36m(TaskRunner pid=246628)[0m step:122 - global_seqlen/min:935013 - global_seqlen/max:935013 - global_seqlen/minmax_diff:0 - global_seqlen/balanced_min:935013 - global_seqlen/balanced_max:935013 - global_seqlen/mean:935013.0 - actor/entropy:1.003714919090271 - perf/mfu/actor_infer:0.3009527773954257 - training/rollout_probs_diff_valid:1 - training/rollout_probs_diff_max:0.3247212767601013 - training/rollout_probs_diff_mean:0.009636349976062775 - training/rollout_probs_diff_std:0.01473527867347002 - training/rollout_actor_probs_pearson_corr:0.9988600015640259 - rollout_corr/training_ppl:2.749558687210083 - rollout_corr/training_log_ppl:0.994985818862915 - rollout_corr/kl:0.0027630310505628586 - rollout_corr/k3_kl:0.0028387419879436493 - rollout_corr/rollout_ppl:2.7419214248657227 - rollout_corr/rollout_log_ppl:0.9923045635223389 - rollout_corr/log_ppl_diff:0.002681206911802292 - rollout_corr/log_ppl_abs_diff:0.0036356747150421143 - rollout_corr/log_ppl_diff_max:0.009735703468322754 - rollout_corr/log_ppl_diff_min:-0.00940847396850586 - rollout_corr/ppl_ratio:1.0026906728744507 - rollout_corr/chi2_token:0.005984306335449219 - rollout_corr/chi2_seq:11.781881332397461 - actor/pg_clipfrac:np.float64(0.0) - actor/ppo_kl:np.float64(0.0) - actor/pg_clipfrac_lower:np.float64(0.0) - actor/pg_loss:np.float64(-0.007765916991047561) - actor/kl_loss:np.float64(0.004177327151410282) - actor/kl_coef:np.float64(0.0010000000000000002) - actor/loss:np.float64(-0.007761746644973755) - actor/grad_norm:np.float64(0.06373448669910431) - actor/lr:np.float64(6.107047787821488e-06) - actor/perf/max_memory_allocated_gb:np.float64(39.072442054748535) - actor/perf/max_memory_reserved_gb:np.float64(41.884765625) - actor/perf/cpu_memory_used_gb:np.float64(99.30256652832031) - perf/mfu/actor:np.float64(0.3425025932943427) - training/global_step:122 - training/epoch:0 - critic/score/mean:1.1278810501098633 - critic/score/max:1.9979166984558105 - critic/score/min:0.0 - critic/rewards/mean:1.1278810501098633 - critic/rewards/max:1.9979166984558105 - critic/rewards/min:0.0 - critic/advantages/mean:0.007765928748995066 - critic/advantages/max:2.21100115776062 - critic/advantages/min:-2.9591593742370605 - critic/returns/mean:0.007765928748995066 - critic/returns/max:2.21100115776062 - critic/returns/min:-2.9591593742370605 - response_length/mean:3381.9140625 - response_length/max:7823.0 - response_length/min:163.0 - response_length/clip_ratio:0.0 - response_length_non_aborted/mean:3381.9140625 - response_length_non_aborted/max:7823.0 - response_length_non_aborted/min:163.0 - response_length_non_aborted/clip_ratio:0.0 - response/aborted_ratio:0.0 - prompt_length/mean:3922.875 - prompt_length/max:4118.0 - prompt_length/min:3608.0 - prompt_length/clip_ratio:0.0 - num_turns/min:np.int32(2) - num_turns/max:np.int32(6) - num_turns/mean:np.float64(4.0) - timing_s/start_profile:7.055100286379457e-05 - timing_s/agent_loop/num_preempted/min:np.int64(-1) - timing_s/agent_loop/num_preempted/max:np.int64(-1) - timing_s/agent_loop/num_preempted/mean:np.float64(-1.0) - timing_s/agent_loop/generate_sequences/min:np.float64(39.86538157402538) - timing_s/agent_loop/generate_sequences/max:np.float64(123.59974474203773) - timing_s/agent_loop/generate_sequences/mean:np.float64(105.73154231799663) - timing_s/agent_loop/tool_calls/min:np.float64(0.0) - timing_s/agent_loop/tool_calls/max:np.float64(1.5333889379398897) - timing_s/agent_loop/tool_calls/mean:np.float64(0.13934029573101725) - timing_s/agent_loop/compute_score/min:np.float64(0.2135373330092989) - timing_s/agent_loop/compute_score/max:np.float64(10.911208970006555) - timing_s/agent_loop/compute_score/mean:np.float64(1.0665225158454632) - timing_s/agent_loop/slowest/generate_sequences:np.float64(115.4324741330347) - timing_s/agent_loop/slowest/tool_calls:np.float64(0.09544695197837427) - timing_s/agent_loop/slowest/compute_score:np.float64(10.911208970006555) - timing_s/agent_loop/slowest/num_preempted:np.int64(-1) - timing_s/agent_loop/slowest/prompt_length:3942 - timing_s/agent_loop/slowest/response_length:3286 - timing_s/gen:150.02914780698484 - timing_s/reward:0.000494685024023056 - timing_s/old_log_prob:149.71805764001328 - timing_s/ref:143.58944514300674 - timing_s/adv:0.17412600002717227 - timing_s/update_actor:326.50104587100213 - timing_s/update_weights:3.991677752987016 - timing_s/dump_rollout_generations:0.3120861540082842 - timing_s/step:774.454954907007 - timing_s/stop_profile:4.718097625300288e-05 - timing_per_token_ms/update_actor:0.3491941244357053 - timing_per_token_ms/ref:0.1535694638930226 - timing_per_token_ms/adv:0.00018622842679959773 - timing_per_token_ms/gen:0.34657968699997654 - perf/total_num_tokens:935013 - perf/time_per_step:774.454954907007 - perf/throughput:1207.3174741483474
[36m(TaskRunner pid=246628)[0m Dumped generations to /home/yw4636/agentic-tvg/results/grpo-vanilla/rollouts/123.jsonl
[36m(TaskRunner pid=246628)[0m step:123 - global_seqlen/min:929793 - global_seqlen/max:929793 - global_seqlen/minmax_diff:0 - global_seqlen/balanced_min:929793 - global_seqlen/balanced_max:929793 - global_seqlen/mean:929793.0 - actor/entropy:0.9390178322792053 - perf/mfu/actor_infer:0.2981516956597682 - training/rollout_probs_diff_valid:1 - training/rollout_probs_diff_max:0.5594393014907837 - training/rollout_probs_diff_mean:0.009361379779875278 - training/rollout_probs_diff_std:0.014923835173249245 - training/rollout_actor_probs_pearson_corr:0.9988368153572083 - rollout_corr/training_ppl:2.5713326930999756 - rollout_corr/training_log_ppl:0.9261346459388733 - rollout_corr/kl:0.0020705778151750565 - rollout_corr/k3_kl:0.0026689625810831785 - rollout_corr/rollout_ppl:2.5656421184539795 - rollout_corr/rollout_log_ppl:0.9239836931228638 - rollout_corr/log_ppl_diff:0.0021509157959371805 - rollout_corr/log_ppl_abs_diff:0.0029227917548269033 - rollout_corr/log_ppl_diff_max:0.011965692043304443 - rollout_corr/log_ppl_diff_min:-0.005645751953125 - rollout_corr/ppl_ratio:1.0021584033966064 - rollout_corr/chi2_token:0.006588578224182129 - rollout_corr/chi2_seq:4.06154727935791 - actor/pg_clipfrac:np.float64(0.0) - actor/ppo_kl:np.float64(0.0) - actor/pg_clipfrac_lower:np.float64(0.0) - actor/pg_loss:np.float64(-0.006004301394568756) - actor/kl_loss:np.float64(0.004204576078336686) - actor/kl_coef:np.float64(0.0010000000000000002) - actor/loss:np.float64(-0.0060000941157341) - actor/grad_norm:np.float64(0.05483502522110939) - actor/lr:np.float64(6.054542771037215e-06) - actor/perf/max_memory_allocated_gb:np.float64(39.146342277526855) - actor/perf/max_memory_reserved_gb:np.float64(41.982421875) - actor/perf/cpu_memory_used_gb:np.float64(115.87012481689453) - perf/mfu/actor:np.float64(0.34238501352823525) - training/global_step:123 - training/epoch:0 - critic/score/mean:0.9804832339286804 - critic/score/max:1.89130437374115 - critic/score/min:0.0 - critic/rewards/mean:0.9804832339286804 - critic/rewards/max:1.89130437374115 - critic/rewards/min:0.0 - critic/advantages/mean:0.0060042948462069035 - critic/advantages/max:1.9796139001846313 - critic/advantages/min:-2.263855457305908 - critic/returns/mean:0.0060042948462069035 - critic/returns/max:1.9796139001846313 - critic/returns/min:-2.263855457305908 - response_length/mean:3266.3828125 - response_length/max:3693.0 - response_length/min:2908.0 - response_length/clip_ratio:0.0 - response_length_non_aborted/mean:3266.3828125 - response_length_non_aborted/max:3693.0 - response_length_non_aborted/min:2908.0 - response_length_non_aborted/clip_ratio:0.0 - response/aborted_ratio:0.0 - prompt_length/mean:3997.625 - prompt_length/max:4147.0 - prompt_length/min:3938.0 - prompt_length/clip_ratio:0.0 - num_turns/min:np.int32(4) - num_turns/max:np.int32(4) - num_turns/mean:np.float64(4.0) - timing_s/start_profile:5.1794049795717e-05 - timing_s/agent_loop/num_preempted/min:np.int64(-1) - timing_s/agent_loop/num_preempted/max:np.int64(-1) - timing_s/agent_loop/num_preempted/mean:np.float64(-1.0) - timing_s/agent_loop/generate_sequences/min:np.float64(58.804780501057394) - timing_s/agent_loop/generate_sequences/max:np.float64(119.0671864800388) - timing_s/agent_loop/generate_sequences/mean:np.float64(100.15223298302453) - timing_s/agent_loop/tool_calls/min:np.float64(0.06315580900991336) - timing_s/agent_loop/tool_calls/max:np.float64(1.0042136389529333) - timing_s/agent_loop/tool_calls/mean:np.float64(0.2351498565849397) - timing_s/agent_loop/compute_score/min:np.float64(0.3276989990263246) - timing_s/agent_loop/compute_score/max:np.float64(10.883059603977017) - timing_s/agent_loop/compute_score/mean:np.float64(1.3887818317848541) - timing_s/agent_loop/slowest/generate_sequences:np.float64(113.54790397098986) - timing_s/agent_loop/slowest/tool_calls:np.float64(0.13955602201167494) - timing_s/agent_loop/slowest/compute_score:np.float64(10.883059603977017) - timing_s/agent_loop/slowest/num_preempted:np.int64(-1) - timing_s/agent_loop/slowest/prompt_length:3953 - timing_s/agent_loop/slowest/response_length:3432 - timing_s/gen:148.76509919104865 - timing_s/reward:0.00044147297739982605 - timing_s/old_log_prob:147.540053136996 - timing_s/ref:137.90378968702862 - timing_s/adv:0.16848215402569622 - timing_s/update_actor:321.2388447159901 - timing_s/update_weights:3.95394573896192 - timing_s/dump_rollout_generations:0.32265047304099426 - timing_s/step:760.0416465200251 - timing_s/stop_profile:4.467996768653393e-05 - timing_per_token_ms/update_actor:0.3454950131007548 - timing_per_token_ms/ref:0.14831665724201906 - timing_per_token_ms/adv:0.0001812039389688847 - timing_per_token_ms/gen:0.3558147970232952 - perf/total_num_tokens:929793 - perf/time_per_step:760.0416465200251 - perf/throughput:1223.3448051922012[36m(TaskRunner pid=246628)[0m Training Progress:  46%|████▌     | 123/267 [38:32<30:44:42, 768.63s/it]
[36m(TaskRunner pid=246628)[0m Training Progress:  46%|████▋     | 124/267 [51:12<30:24:05, 765.35s/it]

[36m(TaskRunner pid=246628)[0m Dumped generations to /home/yw4636/agentic-tvg/results/grpo-vanilla/rollouts/124.jsonl
[36m(TaskRunner pid=246628)[0m step:124 - global_seqlen/min:911751 - global_seqlen/max:911751 - global_seqlen/minmax_diff:0 - global_seqlen/balanced_min:911751 - global_seqlen/balanced_max:911751 - global_seqlen/mean:911751.0 - actor/entropy:0.9546350240707397 - perf/mfu/actor_infer:0.2989740494015412 - training/rollout_probs_diff_valid:1 - training/rollout_probs_diff_max:0.44714781641960144 - training/rollout_probs_diff_mean:0.009765120223164558 - training/rollout_probs_diff_std:0.015313391573727131 - training/rollout_actor_probs_pearson_corr:0.998763918876648 - rollout_corr/training_ppl:2.62652850151062 - rollout_corr/training_log_ppl:0.9502502083778381 - rollout_corr/kl:0.0032077040523290634 - rollout_corr/k3_kl:0.00284598465077579 - rollout_corr/rollout_ppl:2.6174168586730957 - rollout_corr/rollout_log_ppl:0.9469571113586426 - rollout_corr/log_ppl_diff:0.003293077927082777 - rollout_corr/log_ppl_abs_diff:0.004401056561619043 - rollout_corr/log_ppl_diff_max:0.013947665691375732 - rollout_corr/log_ppl_diff_min:-0.007834851741790771 - rollout_corr/ppl_ratio:1.0033069849014282 - rollout_corr/chi2_token:0.004999756813049316 - rollout_corr/chi2_seq:11.08395767211914 - actor/pg_clipfrac:np.float64(0.0) - actor/ppo_kl:np.float64(0.0) - actor/pg_clipfrac_lower:np.float64(0.0) - actor/pg_loss:np.float64(-0.006965787411900237) - actor/kl_loss:np.float64(0.004590711774653755) - actor/kl_coef:np.float64(0.0010000000000000002) - actor/loss:np.float64(-0.006961194798350334) - actor/grad_norm:np.float64(0.06293041259050369) - actor/lr:np.float64(6.001960981474111e-06) - actor/perf/max_memory_allocated_gb:np.float64(39.146342277526855) - actor/perf/max_memory_reserved_gb:np.float64(41.982421875) - actor/perf/cpu_memory_used_gb:np.float64(131.65447235107422) - perf/mfu/actor:np.float64(0.3411160920777815) - training/global_step:124 - training/epoch:0 - critic/score/mean:1.3049062490463257 - critic/score/max:2.0 - critic/score/min:0.0 - critic/rewards/mean:1.3049062490463257 - critic/rewards/max:2.0 - critic/rewards/min:0.0 - critic/advantages/mean:0.006965788546949625 - critic/advantages/max:2.7275078296661377 - critic/advantages/min:-2.8314967155456543 - critic/returns/mean:0.006965788546949625 - critic/returns/max:2.7275078296661377 - critic/returns/min:-2.8314967155456543 - response_length/mean:3194.0546875 - response_length/max:3491.0 - response_length/min:249.0 - response_length/clip_ratio:0.0 - response_length_non_aborted/mean:3194.0546875 - response_length_non_aborted/max:3491.0 - response_length_non_aborted/min:249.0 - response_length_non_aborted/clip_ratio:0.0 - response/aborted_ratio:0.0 - prompt_length/mean:3929.0 - prompt_length/max:4158.0 - prompt_length/min:3626.0 - prompt_length/clip_ratio:0.0 - num_turns/min:np.int32(2) - num_turns/max:np.int32(4) - num_turns/mean:np.float64(3.984375) - timing_s/start_profile:6.0086953453719616e-05 - timing_s/agent_loop/num_preempted/min:np.int64(-1) - timing_s/agent_loop/num_preempted/max:np.int64(-1) - timing_s/agent_loop/num_preempted/mean:np.float64(-1.0) - timing_s/agent_loop/generate_sequences/min:np.float64(50.87675731803756) - timing_s/agent_loop/generate_sequences/max:np.float64(114.78447898803279) - timing_s/agent_loop/generate_sequences/mean:np.float64(99.29929929010405) - timing_s/agent_loop/tool_calls/min:np.float64(0.0) - timing_s/agent_loop/tool_calls/max:np.float64(0.7079564480227418) - timing_s/agent_loop/tool_calls/mean:np.float64(0.15581567152867137) - timing_s/agent_loop/compute_score/min:np.float64(0.23270603001583368) - timing_s/agent_loop/compute_score/max:np.float64(3.2820722340256907) - timing_s/agent_loop/compute_score/mean:np.float64(1.1435314258837934) - timing_s/agent_loop/slowest/generate_sequences:np.float64(114.78447898803279) - timing_s/agent_loop/slowest/tool_calls:np.float64(0.09913820796646178) - timing_s/agent_loop/slowest/compute_score:np.float64(0.8857435939717107) - timing_s/agent_loop/slowest/num_preempted:np.int64(-1) - timing_s/agent_loop/slowest/prompt_length:3943 - timing_s/agent_loop/slowest/response_length:3437 - timing_s/gen:141.49340967601165 - timing_s/reward:0.00046012504026293755 - timing_s/old_log_prob:151.0146154499962 - timing_s/ref:141.84121419902658 - timing_s/adv:0.16972778004128486 - timing_s/update_actor:321.3504018409876 - timing_s/update_weights:3.9052653709659353 - timing_s/dump_rollout_generations:0.32881636096863076 - timing_s/step:760.2583212910104 - timing_s/stop_profile:4.704098682850599e-05 - timing_per_token_ms/update_actor:0.35245412600697734 - timing_per_token_ms/ref:0.15557012188528072 - timing_per_token_ms/adv:0.00018615584742027688 - timing_per_token_ms/gen:0.34608589120903743 - perf/total_num_tokens:911751 - perf/time_per_step:760.2583212910104 - perf/throughput:1199.2647426097708
[36m(TaskRunner pid=246628)[0m Dumped generations to /home/yw4636/agentic-tvg/results/grpo-vanilla/rollouts/125.jsonl
[36m(TaskRunner pid=246628)[0m step:125 - global_seqlen/min:912895 - global_seqlen/max:912895 - global_seqlen/minmax_diff:0 - global_seqlen/balanced_min:912895 - global_seqlen/balanced_max:912895 - global_seqlen/mean:912895.0 - actor/entropy:0.9710692763328552 - perf/mfu/actor_infer:0.2988618680591883 - training/rollout_probs_diff_valid:1 - training/rollout_probs_diff_max:0.505734920501709 - training/rollout_probs_diff_mean:0.009397814981639385 - training/rollout_probs_diff_std:0.01486069057136774 - training/rollout_actor_probs_pearson_corr:0.9988523721694946 - rollout_corr/training_ppl:2.687401294708252 - rollout_corr/training_log_ppl:0.9679530262947083 - rollout_corr/kl:0.0023997933603823185 - rollout_corr/k3_kl:0.002741708653047681 - rollout_corr/rollout_ppl:2.680457353591919 - rollout_corr/rollout_log_ppl:0.9655110836029053 - rollout_corr/log_ppl_diff:0.0024418910034000874 - rollout_corr/log_ppl_abs_diff:0.003358965739607811 - rollout_corr/log_ppl_diff_max:0.010433673858642578 - rollout_corr/log_ppl_diff_min:-0.0064897239208221436 - rollout_corr/ppl_ratio:1.0024505853652954 - rollout_corr/chi2_token:0.006180763244628906 - rollout_corr/chi2_seq:2.524646520614624 - actor/pg_clipfrac:np.float64(0.0) - actor/ppo_kl:np.float64(0.0) - actor/pg_clipfrac_lower:np.float64(0.0) - actor/pg_loss:np.float64(0.03463968849973753) - actor/kl_loss:np.float64(0.004375235668703681) - actor/kl_coef:np.float64(0.0010000000000000002) - actor/loss:np.float64(0.034644052386283875) - actor/grad_norm:np.float64(0.061703093349933624) - actor/lr:np.float64(5.949309698733159e-06) - actor/perf/max_memory_allocated_gb:np.float64(39.146342277526855) - actor/perf/max_memory_reserved_gb:np.float64(41.982421875) - actor/perf/cpu_memory_used_gb:np.float64(98.9235610961914) - perf/mfu/actor:np.float64(0.3371066097521299) - training/global_step:125 - training/epoch:0 - critic/score/mean:1.2160145044326782 - critic/score/max:1.9916666746139526 - critic/score/min:0.5 - critic/rewards/mean:1.2160145044326782 - critic/rewards/max:1.9916666746139526 - critic/rewards/min:0.5 - critic/advantages/mean:-0.03463968634605408 - critic/advantages/max:2.169975757598877 - critic/advantages/min:-3.4379665851593018 - critic/returns/mean:-0.03463968634605408 - critic/returns/max:2.169975757598877 - critic/returns/min:-3.4379665851593018 - response_length/mean:3181.4921875 - response_length/max:3562.0 - response_length/min:501.0 - response_length/clip_ratio:0.0 - response_length_non_aborted/mean:3181.4921875 - response_length_non_aborted/max:3562.0 - response_length_non_aborted/min:501.0 - response_length_non_aborted/clip_ratio:0.0 - response/aborted_ratio:0.0 - prompt_length/mean:3950.5 - prompt_length/max:4139.0 - prompt_length/min:3620.0 - prompt_length/clip_ratio:0.0 - num_turns/min:np.int32(4) - num_turns/max:np.int32(4) - num_turns/mean:np.float64(4.0) - timing_s/start_profile:5.894998321309686e-05 - timing_s/agent_loop/num_preempted/min:np.int64(-1) - timing_s/agent_loop/num_preempted/max:np.int64(-1) - timing_s/agent_loop/num_preempted/mean:np.float64(-1.0) - timing_s/agent_loop/generate_sequences/min:np.float64(74.2892166430247) - timing_s/agent_loop/generate_sequences/max:np.float64(123.06361107405974) - timing_s/agent_loop/generate_sequences/mean:np.float64(107.32913146465808) - timing_s/agent_loop/tool_calls/min:np.float64(0.00021354301134124398) - timing_s/agent_loop/tool_calls/max:np.float64(1.390981548000127) - timing_s/agent_loop/tool_calls/mean:np.float64(0.2298035926069133) - timing_s/agent_loop/compute_score/min:np.float64(0.3477756149950437) - timing_s/agent_loop/compute_score/max:np.float64(4.108993562986143) - timing_s/agent_loop/compute_score/mean:np.float64(1.2392885921485686) - timing_s/agent_loop/slowest/generate_sequences:np.float64(123.06361107405974) - timing_s/agent_loop/slowest/tool_calls:np.float64(0.11729868198744953) - timing_s/agent_loop/slowest/compute_score:np.float64(1.1801717879716307) - timing_s/agent_loop/slowest/num_preempted:np.int64(-1) - timing_s/agent_loop/slowest/prompt_length:3932 - timing_s/agent_loop/slowest/response_length:3434 - timing_s/gen:153.11695357400458 - timing_s/reward:0.0005525180022232234 - timing_s/old_log_prob:148.42525672202464 - timing_s/ref:137.13951139803976 - timing_s/adv:0.17036360903875902 - timing_s/update_actor:320.45113736600615 - timing_s/update_weights:3.9202336840098724 - timing_s/dump_rollout_generations:0.283525759994518 - timing_s/step:763.6733920570114 - timing_s/stop_profile:4.576495848596096e-05 - timing_per_token_ms/update_actor:0.3510273770433688 - timing_per_token_ms/ref:0.1502248466669658 - timing_per_token_ms/adv:0.00018661906247570534 - timing_per_token_ms/gen:0.37599532838611155 - perf/total_num_tokens:912895 - perf/time_per_step:763.6733920570114 - perf/throughput:1195.3997736402064[36m(TaskRunner pid=246628)[0m Training Progress:  47%|████▋     | 125/267 [1:03:56<30:09:57, 764.77s/it]
[36m(TaskRunner pid=246628)[0m Training Progress:  47%|████▋     | 126/267 [1:16:32<29:50:04, 761.73s/it]

[36m(TaskRunner pid=246628)[0m Dumped generations to /home/yw4636/agentic-tvg/results/grpo-vanilla/rollouts/126.jsonl
[36m(TaskRunner pid=246628)[0m step:126 - global_seqlen/min:925920 - global_seqlen/max:925920 - global_seqlen/minmax_diff:0 - global_seqlen/balanced_min:925920 - global_seqlen/balanced_max:925920 - global_seqlen/mean:925920.0 - actor/entropy:0.9065578579902649 - perf/mfu/actor_infer:0.29708677630343894 - training/rollout_probs_diff_valid:1 - training/rollout_probs_diff_max:0.43322592973709106 - training/rollout_probs_diff_mean:0.009606060571968555 - training/rollout_probs_diff_std:0.014658288098871708 - training/rollout_actor_probs_pearson_corr:0.9988206624984741 - rollout_corr/training_ppl:2.4654057025909424 - rollout_corr/training_log_ppl:0.8912367820739746 - rollout_corr/kl:0.00319253490306437 - rollout_corr/k3_kl:0.002590982709079981 - rollout_corr/rollout_ppl:2.4576194286346436 - rollout_corr/rollout_log_ppl:0.8880539536476135 - rollout_corr/log_ppl_diff:0.003182758344337344 - rollout_corr/log_ppl_abs_diff:0.00391792505979538 - rollout_corr/log_ppl_diff_max:0.02853679656982422 - rollout_corr/log_ppl_diff_min:-0.006929874420166016 - rollout_corr/ppl_ratio:1.0031969547271729 - rollout_corr/chi2_token:0.003974199295043945 - rollout_corr/chi2_seq:1.8023557662963867 - actor/pg_clipfrac:np.float64(0.0) - actor/ppo_kl:np.float64(0.0) - actor/pg_clipfrac_lower:np.float64(0.0) - actor/pg_loss:np.float64(0.005158058898814488) - actor/kl_loss:np.float64(0.004584778638673015) - actor/kl_coef:np.float64(0.0010000000000000002) - actor/loss:np.float64(0.005162648856639862) - actor/grad_norm:np.float64(0.06256996095180511) - actor/lr:np.float64(5.89659621203621e-06) - actor/perf/max_memory_allocated_gb:np.float64(39.146342277526855) - actor/perf/max_memory_reserved_gb:np.float64(41.982421875) - actor/perf/cpu_memory_used_gb:np.float64(115.44709014892578) - perf/mfu/actor:np.float64(0.33713247224735815) - training/global_step:126 - training/epoch:0 - critic/score/mean:1.234628438949585 - critic/score/max:1.9916666746139526 - critic/score/min:0.5 - critic/rewards/mean:1.234628438949585 - critic/rewards/max:1.9916666746139526 - critic/rewards/min:0.5 - critic/advantages/mean:-0.0051580630242824554 - critic/advantages/max:3.214064359664917 - critic/advantages/min:-3.0457370281219482 - critic/returns/mean:-0.0051580630242824554 - critic/returns/max:3.214064359664917 - critic/returns/min:-3.0457370281219482 - response_length/mean:3215.75 - response_length/max:3589.0 - response_length/min:2929.0 - response_length/clip_ratio:0.0 - response_length_non_aborted/mean:3215.75 - response_length_non_aborted/max:3589.0 - response_length_non_aborted/min:2929.0 - response_length_non_aborted/clip_ratio:0.0 - response/aborted_ratio:0.0 - prompt_length/mean:4018.0 - prompt_length/max:4151.0 - prompt_length/min:3937.0 - prompt_length/clip_ratio:0.0 - num_turns/min:np.int32(4) - num_turns/max:np.int32(4) - num_turns/mean:np.float64(4.0) - timing_s/start_profile:6.128702079877257e-05 - timing_s/agent_loop/num_preempted/min:np.int64(-1) - timing_s/agent_loop/num_preempted/max:np.int64(-1) - timing_s/agent_loop/num_preempted/mean:np.float64(-1.0) - timing_s/agent_loop/generate_sequences/min:np.float64(54.7492296420387) - timing_s/agent_loop/generate_sequences/max:np.float64(119.36283367301803) - timing_s/agent_loop/generate_sequences/mean:np.float64(103.70513420688303) - timing_s/agent_loop/tool_calls/min:np.float64(0.06349200499244034) - timing_s/agent_loop/tool_calls/max:np.float64(0.6621339209959842) - timing_s/agent_loop/tool_calls/mean:np.float64(0.13438413935637072) - timing_s/agent_loop/compute_score/min:np.float64(0.31471443199552596) - timing_s/agent_loop/compute_score/max:np.float64(8.44176439999137) - timing_s/agent_loop/compute_score/mean:np.float64(1.323722656895825) - timing_s/agent_loop/slowest/generate_sequences:np.float64(119.36283367301803) - timing_s/agent_loop/slowest/tool_calls:np.float64(0.07406542997341603) - timing_s/agent_loop/slowest/compute_score:np.float64(2.0843262710259296) - timing_s/agent_loop/slowest/num_preempted:np.int64(-1) - timing_s/agent_loop/slowest/prompt_length:4151 - timing_s/agent_loop/slowest/response_length:3215 - timing_s/gen:146.6236019830103 - timing_s/reward:0.0006119059980846941 - timing_s/old_log_prob:144.28950429602992 - timing_s/ref:136.46507665299578 - timing_s/adv:0.17218942404724658 - timing_s/update_actor:323.77935237501515 - timing_s/update_weights:3.9564714069711044 - timing_s/dump_rollout_generations:0.3256404340500012 - timing_s/step:755.7674044119776 - timing_s/stop_profile:4.830199759453535e-05 - timing_per_token_ms/update_actor:0.349683938542223 - timing_per_token_ms/ref:0.1473832260378821 - timing_per_token_ms/adv:0.00018596576815194248 - timing_per_token_ms/gen:0.35621453486504484 - perf/total_num_tokens:925920 - perf/time_per_step:755.7674044119776 - perf/throughput:1225.138838476911
[36m(TaskRunner pid=246628)[0m Dumped generations to /home/yw4636/agentic-tvg/results/grpo-vanilla/rollouts/127.jsonl
[36m(TaskRunner pid=246628)[0m step:127 - global_seqlen/min:925566 - global_seqlen/max:925566 - global_seqlen/minmax_diff:0 - global_seqlen/balanced_min:925566 - global_seqlen/balanced_max:925566 - global_seqlen/mean:925566.0 - actor/entropy:0.9422200918197632 - perf/mfu/actor_infer:0.2982022026331324 - training/rollout_probs_diff_valid:1 - training/rollout_probs_diff_max:0.3053686022758484 - training/rollout_probs_diff_mean:0.009378822520375252 - training/rollout_probs_diff_std:0.01461355946958065 - training/rollout_actor_probs_pearson_corr:0.9988652467727661 - rollout_corr/training_ppl:2.5627353191375732 - rollout_corr/training_log_ppl:0.920104444026947 - rollout_corr/kl:0.0025716691743582487 - rollout_corr/k3_kl:0.002575805876404047 - rollout_corr/rollout_ppl:2.555976629257202 - rollout_corr/rollout_log_ppl:0.9175735712051392 - rollout_corr/log_ppl_diff:0.002530991565436125 - rollout_corr/log_ppl_abs_diff:0.003300584852695465 - rollout_corr/log_ppl_diff_max:0.011316061019897461 - rollout_corr/log_ppl_diff_min:-0.0047716498374938965 - rollout_corr/ppl_ratio:1.0025393962860107 - rollout_corr/chi2_token:0.005228519439697266 - rollout_corr/chi2_seq:1.5228536128997803 - actor/pg_clipfrac:np.float64(0.0) - actor/ppo_kl:np.float64(0.0) - actor/pg_clipfrac_lower:np.float64(0.0) - actor/pg_loss:np.float64(0.007399004010949284) - actor/kl_loss:np.float64(0.004430519409652334) - actor/kl_coef:np.float64(0.0010000000000000002) - actor/loss:np.float64(0.007403433322906494) - actor/grad_norm:np.float64(0.05908098444342613) - actor/lr:np.float64(5.843827819216843e-06) - actor/perf/max_memory_allocated_gb:np.float64(39.146342277526855) - actor/perf/max_memory_reserved_gb:np.float64(41.982421875) - actor/perf/cpu_memory_used_gb:np.float64(99.54539489746094) - perf/mfu/actor:np.float64(0.3366496099659045) - training/global_step:127 - training/epoch:0 - critic/score/mean:1.015058994293213 - critic/score/max:1.8933748006820679 - critic/score/min:0.5 - critic/rewards/mean:1.015058994293213 - critic/rewards/max:1.8933748006820679 - critic/rewards/min:0.5 - critic/advantages/mean:-0.007399001624435186 - critic/advantages/max:3.7499520778656006 - critic/advantages/min:-2.458146810531616 - critic/returns/mean:-0.007399001624435186 - critic/returns/max:3.7499520778656006 - critic/returns/min:-2.458146810531616 - response_length/mean:3283.109375 - response_length/max:3736.0 - response_length/min:3041.0 - response_length/clip_ratio:0.0 - response_length_non_aborted/mean:3283.109375 - response_length_non_aborted/max:3736.0 - response_length_non_aborted/min:3041.0 - response_length_non_aborted/clip_ratio:0.0 - response/aborted_ratio:0.0 - prompt_length/mean:3947.875 - prompt_length/max:3956.0 - prompt_length/min:3942.0 - prompt_length/clip_ratio:0.0 - num_turns/min:np.int32(4) - num_turns/max:np.int32(4) - num_turns/mean:np.float64(4.0) - timing_s/start_profile:5.711201811209321e-05 - timing_s/agent_loop/num_preempted/min:np.int64(-1) - timing_s/agent_loop/num_preempted/max:np.int64(-1) - timing_s/agent_loop/num_preempted/mean:np.float64(-1.0) - timing_s/agent_loop/generate_sequences/min:np.float64(61.58823739003856) - timing_s/agent_loop/generate_sequences/max:np.float64(120.30296836094931) - timing_s/agent_loop/generate_sequences/mean:np.float64(102.61213248859394) - timing_s/agent_loop/tool_calls/min:np.float64(0.06233806099044159) - timing_s/agent_loop/tool_calls/max:np.float64(1.4457621179753914) - timing_s/agent_loop/tool_calls/mean:np.float64(0.14423510748565604) - timing_s/agent_loop/compute_score/min:np.float64(0.3101422740146518) - timing_s/agent_loop/compute_score/max:np.float64(4.093139564036392) - timing_s/agent_loop/compute_score/mean:np.float64(1.0766299286406138) - timing_s/agent_loop/slowest/generate_sequences:np.float64(120.30296836094931) - timing_s/agent_loop/slowest/tool_calls:np.float64(0.2409851939883083) - timing_s/agent_loop/slowest/compute_score:np.float64(0.8833887840155512) - timing_s/agent_loop/slowest/num_preempted:np.int64(-1) - timing_s/agent_loop/slowest/prompt_length:3948 - timing_s/agent_loop/slowest/response_length:3601 - timing_s/gen:147.11763562302804 - timing_s/reward:0.0005256630247458816 - timing_s/old_log_prob:150.7325654400047 - timing_s/ref:138.02405583299696 - timing_s/adv:0.17029082699446008 - timing_s/update_actor:326.8006783889723 - timing_s/update_weights:3.9328857049695216 - timing_s/dump_rollout_generations:0.31811157101765275 - timing_s/step:767.2545877160155 - timing_s/stop_profile:4.9363006837666035e-05 - timing_per_token_ms/update_actor:0.35308198268840074 - timing_per_token_ms/ref:0.14912394776061022 - timing_per_token_ms/adv:0.0001839856120411295 - timing_per_token_ms/gen:0.35008170518379594 - perf/total_num_tokens:925566 - perf/time_per_step:767.2545877160155 - perf/throughput:1206.334917794692[36m(TaskRunner pid=246628)[0m Training Progress:  48%|████▊     | 127/267 [1:29:19<29:41:38, 763.56s/it]
[36m(TaskRunner pid=246628)[0m Training Progress:  48%|████▊     | 128/267 [1:41:31<29:05:19, 753.38s/it]

[36m(TaskRunner pid=246628)[0m Dumped generations to /home/yw4636/agentic-tvg/results/grpo-vanilla/rollouts/128.jsonl
[36m(TaskRunner pid=246628)[0m step:128 - global_seqlen/min:912562 - global_seqlen/max:912562 - global_seqlen/minmax_diff:0 - global_seqlen/balanced_min:912562 - global_seqlen/balanced_max:912562 - global_seqlen/mean:912562.0 - actor/entropy:0.915579080581665 - perf/mfu/actor_infer:0.2958496296856224 - training/rollout_probs_diff_valid:1 - training/rollout_probs_diff_max:0.229731023311615 - training/rollout_probs_diff_mean:0.009358115494251251 - training/rollout_probs_diff_std:0.014500983990728855 - training/rollout_actor_probs_pearson_corr:0.9988701939582825 - rollout_corr/training_ppl:2.518853187561035 - rollout_corr/training_log_ppl:0.9108712673187256 - rollout_corr/kl:0.002509240759536624 - rollout_corr/k3_kl:0.002642210340127349 - rollout_corr/rollout_ppl:2.512308120727539 - rollout_corr/rollout_log_ppl:0.9082750678062439 - rollout_corr/log_ppl_diff:0.002596252365037799 - rollout_corr/log_ppl_abs_diff:0.0035617321263998747 - rollout_corr/log_ppl_diff_max:0.012416362762451172 - rollout_corr/log_ppl_diff_min:-0.005994558334350586 - rollout_corr/ppl_ratio:1.0026068687438965 - rollout_corr/chi2_token:0.005532741546630859 - rollout_corr/chi2_seq:3.9166259765625 - actor/pg_clipfrac:np.float64(0.0) - actor/ppo_kl:np.float64(0.0) - actor/pg_clipfrac_lower:np.float64(0.0) - actor/pg_loss:np.float64(0.04392706567887217) - actor/kl_loss:np.float64(0.004696121541201137) - actor/kl_coef:np.float64(0.0010000000000000002) - actor/loss:np.float64(0.043931759893894196) - actor/grad_norm:np.float64(0.06705411523580551) - actor/lr:np.float64(5.791011825710029e-06) - actor/perf/max_memory_allocated_gb:np.float64(39.146342277526855) - actor/perf/max_memory_reserved_gb:np.float64(41.982421875) - actor/perf/cpu_memory_used_gb:np.float64(99.28354263305664) - perf/mfu/actor:np.float64(0.34002830471281126) - training/global_step:128 - training/epoch:0 - critic/score/mean:1.1038331985473633 - critic/score/max:2.0 - critic/score/min:0.5 - critic/rewards/mean:1.1038331985473633 - critic/rewards/max:2.0 - critic/rewards/min:0.5 - critic/advantages/mean:-0.04392705857753754 - critic/advantages/max:3.611365795135498 - critic/advantages/min:-3.579792022705078 - critic/returns/mean:-0.04392705857753754 - critic/returns/max:3.611365795135498 - critic/returns/min:-3.579792022705078 - response_length/mean:3152.140625 - response_length/max:3511.0 - response_length/min:2634.0 - response_length/clip_ratio:0.0 - response_length_non_aborted/mean:3152.140625 - response_length_non_aborted/max:3511.0 - response_length_non_aborted/min:2634.0 - response_length_non_aborted/clip_ratio:0.0 - response/aborted_ratio:0.0 - prompt_length/mean:3977.25 - prompt_length/max:4147.0 - prompt_length/min:3621.0 - prompt_length/clip_ratio:0.0 - num_turns/min:np.int32(4) - num_turns/max:np.int32(4) - num_turns/mean:np.float64(4.0) - timing_s/start_profile:5.697103915736079e-05 - timing_s/agent_loop/num_preempted/min:np.int64(-1) - timing_s/agent_loop/num_preempted/max:np.int64(-1) - timing_s/agent_loop/num_preempted/mean:np.float64(-1.0) - timing_s/agent_loop/generate_sequences/min:np.float64(69.34456437506014) - timing_s/agent_loop/generate_sequences/max:np.float64(113.31137177802157) - timing_s/agent_loop/generate_sequences/mean:np.float64(98.59682468850633) - timing_s/agent_loop/tool_calls/min:np.float64(0.06722828600322828) - timing_s/agent_loop/tool_calls/max:np.float64(0.4432753639994189) - timing_s/agent_loop/tool_calls/mean:np.float64(0.1404012188422712) - timing_s/agent_loop/compute_score/min:np.float64(0.3242861250182614) - timing_s/agent_loop/compute_score/max:np.float64(3.888408555998467) - timing_s/agent_loop/compute_score/mean:np.float64(1.2317907251795077) - timing_s/agent_loop/slowest/generate_sequences:np.float64(113.31137177802157) - timing_s/agent_loop/slowest/tool_calls:np.float64(0.24142343999119475) - timing_s/agent_loop/slowest/compute_score:np.float64(0.9136940159951337) - timing_s/agent_loop/slowest/num_preempted:np.int64(-1) - timing_s/agent_loop/slowest/prompt_length:3947 - timing_s/agent_loop/slowest/response_length:3490 - timing_s/gen:141.74865118798334 - timing_s/reward:0.0005277429590933025 - timing_s/old_log_prob:142.7309150369838 - timing_s/ref:132.83968564198585 - timing_s/adv:0.17094462999375537 - timing_s/update_actor:308.9543243399821 - timing_s/update_weights:3.9963697479688562 - timing_s/dump_rollout_generations:0.314664825971704 - timing_s/step:730.9175804820261 - timing_s/stop_profile:7.19610252417624e-05 - timing_per_token_ms/update_actor:0.33855707813823294 - timing_per_token_ms/ref:0.1455678470525683 - timing_per_token_ms/adv:0.0001873238530573872 - timing_per_token_ms/gen:0.35132041020730786 - perf/total_num_tokens:912562 - perf/time_per_step:730.9175804820261 - perf/throughput:1248.5155978847613
[36m(TaskRunner pid=246628)[0m Dumped generations to /home/yw4636/agentic-tvg/results/grpo-vanilla/rollouts/129.jsonl
[36m(TaskRunner pid=246628)[0m step:129 - global_seqlen/min:932711 - global_seqlen/max:932711 - global_seqlen/minmax_diff:0 - global_seqlen/balanced_min:932711 - global_seqlen/balanced_max:932711 - global_seqlen/mean:932711.0 - actor/entropy:0.946002721786499 - perf/mfu/actor_infer:0.2976110054187352 - training/rollout_probs_diff_valid:1 - training/rollout_probs_diff_max:0.4832267165184021 - training/rollout_probs_diff_mean:0.009746938943862915 - training/rollout_probs_diff_std:0.015459011308848858 - training/rollout_actor_probs_pearson_corr:0.9987512230873108 - rollout_corr/training_ppl:2.5799944400787354 - rollout_corr/training_log_ppl:0.9279325008392334 - rollout_corr/kl:0.003245286177843809 - rollout_corr/k3_kl:0.0028354530222713947 - rollout_corr/rollout_ppl:2.571593999862671 - rollout_corr/rollout_log_ppl:0.9247862100601196 - rollout_corr/log_ppl_diff:0.0031462134793400764 - rollout_corr/log_ppl_abs_diff:0.003890443593263626 - rollout_corr/log_ppl_diff_max:0.01562821865081787 - rollout_corr/log_ppl_diff_min:-0.004748225212097168 - rollout_corr/ppl_ratio:1.003157138824463 - rollout_corr/chi2_token:0.004964470863342285 - rollout_corr/chi2_seq:1.1661500930786133 - actor/pg_clipfrac:np.float64(0.0) - actor/ppo_kl:np.float64(0.0) - actor/pg_clipfrac_lower:np.float64(0.0) - actor/pg_loss:np.float64(0.006885807728394866) - actor/kl_loss:np.float64(0.004709076223662123) - actor/kl_coef:np.float64(0.0010000000000000002) - actor/loss:np.float64(0.006890518590807915) - actor/grad_norm:np.float64(0.06634559482336044) - actor/lr:np.float64(5.7381555435407346e-06) - actor/perf/max_memory_allocated_gb:np.float64(39.146342277526855) - actor/perf/max_memory_reserved_gb:np.float64(41.982421875) - actor/perf/cpu_memory_used_gb:np.float64(100.31983947753906) - perf/mfu/actor:np.float64(0.341111872758645) - training/global_step:129 - training/epoch:0 - critic/score/mean:1.42472505569458 - critic/score/max:1.9744898080825806 - critic/score/min:0.5 - critic/rewards/mean:1.42472505569458 - critic/rewards/max:1.9744898080825806 - critic/rewards/min:0.5 - critic/advantages/mean:-0.0068858047015964985 - critic/advantages/max:3.5754666328430176 - critic/advantages/min:-2.2313482761383057 - critic/returns/mean:-0.0068858047015964985 - critic/returns/max:3.5754666328430176 - critic/returns/min:-2.2313482761383057 - response_length/mean:3291.5546875 - response_length/max:9192.0 - response_length/min:2959.0 - response_length/clip_ratio:0.0 - response_length_non_aborted/mean:3291.5546875 - response_length_non_aborted/max:9192.0 - response_length_non_aborted/min:2959.0 - response_length_non_aborted/clip_ratio:0.0 - response/aborted_ratio:0.0 - prompt_length/mean:3995.25 - prompt_length/max:4136.0 - prompt_length/min:3936.0 - prompt_length/clip_ratio:0.0 - num_turns/min:np.int32(4) - num_turns/max:np.int32(8) - num_turns/mean:np.float64(4.03125) - timing_s/start_profile:5.7867029681801796e-05 - timing_s/agent_loop/num_preempted/min:np.int64(-1) - timing_s/agent_loop/num_preempted/max:np.int64(-1) - timing_s/agent_loop/num_preempted/mean:np.float64(-1.0) - timing_s/agent_loop/generate_sequences/min:np.float64(64.41606335906545) - timing_s/agent_loop/generate_sequences/max:np.float64(121.4821280890028) - timing_s/agent_loop/generate_sequences/mean:np.float64(104.71030011905896) - timing_s/agent_loop/tool_calls/min:np.float64(0.06198093597777188) - timing_s/agent_loop/tool_calls/max:np.float64(0.6730629010125995) - timing_s/agent_loop/tool_calls/mean:np.float64(0.1463474001943723) - timing_s/agent_loop/compute_score/min:np.float64(0.32808726298389956) - timing_s/agent_loop/compute_score/max:np.float64(3.519101371988654) - timing_s/agent_loop/compute_score/mean:np.float64(1.1688927825616702) - timing_s/agent_loop/slowest/generate_sequences:np.float64(121.4821280890028) - timing_s/agent_loop/slowest/tool_calls:np.float64(0.42181248200358823) - timing_s/agent_loop/slowest/compute_score:np.float64(0.9230367389973253) - timing_s/agent_loop/slowest/num_preempted:np.int64(-1) - timing_s/agent_loop/slowest/prompt_length:3939 - timing_s/agent_loop/slowest/response_length:3522 - timing_s/gen:150.1207610089914 - timing_s/reward:0.0005237520090304315 - timing_s/old_log_prob:143.45182271796511 - timing_s/ref:133.04634650901426 - timing_s/adv:0.16008688899455592 - timing_s/update_actor:318.06681924301665 - timing_s/update_weights:3.983099584991578 - timing_s/dump_rollout_generations:0.318211737961974 - timing_s/step:749.3354305860121 - timing_s/stop_profile:4.4787011574953794e-05 - timing_per_token_ms/update_actor:0.341013260530879 - timing_per_token_ms/ref:0.14264477046911023 - timing_per_token_ms/adv:0.00017163611128694303 - timing_per_token_ms/gen:0.3563113958995236 - perf/total_num_tokens:932711 - perf/time_per_step:749.3354305860121 - perf/throughput:1244.7176016628234[36m(TaskRunner pid=246628)[0m Training Progress:  48%|████▊     | 129/267 [1:54:01<28:50:24, 752.35s/it]
[36m(TaskRunner pid=246628)[0m Training Progress:  49%|████▊     | 130/267 [2:06:36<28:39:41, 753.15s/it]

[36m(TaskRunner pid=246628)[0m Dumped generations to /home/yw4636/agentic-tvg/results/grpo-vanilla/rollouts/130.jsonl
[36m(TaskRunner pid=246628)[0m step:130 - global_seqlen/min:925213 - global_seqlen/max:925213 - global_seqlen/minmax_diff:0 - global_seqlen/balanced_min:925213 - global_seqlen/balanced_max:925213 - global_seqlen/mean:925213.0 - actor/entropy:0.9702233076095581 - perf/mfu/actor_infer:0.29834916386629173 - training/rollout_probs_diff_valid:1 - training/rollout_probs_diff_max:0.3054848313331604 - training/rollout_probs_diff_mean:0.009604718536138535 - training/rollout_probs_diff_std:0.015131533145904541 - training/rollout_actor_probs_pearson_corr:0.9988131523132324 - rollout_corr/training_ppl:2.6530613899230957 - rollout_corr/training_log_ppl:0.9552026987075806 - rollout_corr/kl:0.002647561253979802 - rollout_corr/k3_kl:0.0028294904623180628 - rollout_corr/rollout_ppl:2.646148681640625 - rollout_corr/rollout_log_ppl:0.9526188373565674 - rollout_corr/log_ppl_diff:0.0025839931331574917 - rollout_corr/log_ppl_abs_diff:0.0034033101983368397 - rollout_corr/log_ppl_diff_max:0.011369824409484863 - rollout_corr/log_ppl_diff_min:-0.006675064563751221 - rollout_corr/ppl_ratio:1.0025932788848877 - rollout_corr/chi2_token:0.0060882568359375 - rollout_corr/chi2_seq:1.6708126068115234 - actor/pg_clipfrac:np.float64(0.0) - actor/ppo_kl:np.float64(0.0) - actor/pg_clipfrac_lower:np.float64(0.0) - actor/pg_loss:np.float64(-0.001630813490919536) - actor/kl_loss:np.float64(0.004797431109182071) - actor/kl_coef:np.float64(0.0010000000000000002) - actor/loss:np.float64(-0.0016260109841823578) - actor/grad_norm:np.float64(0.06502366065979004) - actor/lr:np.float64(5.685266290311631e-06) - actor/perf/max_memory_allocated_gb:np.float64(39.146342277526855) - actor/perf/max_memory_reserved_gb:np.float64(41.982421875) - actor/perf/cpu_memory_used_gb:np.float64(99.88664245605469) - perf/mfu/actor:np.float64(0.3421196791189272) - training/global_step:130 - training/epoch:0 - critic/score/mean:1.1346603631973267 - critic/score/max:1.9322367906570435 - critic/score/min:0.0 - critic/rewards/mean:1.1346603631973267 - critic/rewards/max:1.9322367906570435 - critic/rewards/min:0.0 - critic/advantages/mean:0.0016308032209053636 - critic/advantages/max:3.3529300689697266 - critic/advantages/min:-2.518620491027832 - critic/returns/mean:0.0016308032209053636 - critic/returns/max:3.3529300689697266 - critic/returns/min:-2.518620491027832 - response_length/mean:3340.7265625 - response_length/max:4599.0 - response_length/min:2699.0 - response_length/clip_ratio:0.0 - response_length_non_aborted/mean:3340.7265625 - response_length_non_aborted/max:4599.0 - response_length_non_aborted/min:2699.0 - response_length_non_aborted/clip_ratio:0.0 - response/aborted_ratio:0.0 - prompt_length/mean:3887.5 - prompt_length/max:4134.0 - prompt_length/min:3616.0 - prompt_length/clip_ratio:0.0 - num_turns/min:np.int32(4) - num_turns/max:np.int32(4) - num_turns/mean:np.float64(4.0) - timing_s/start_profile:6.751198088750243e-05 - timing_s/agent_loop/num_preempted/min:np.int64(-1) - timing_s/agent_loop/num_preempted/max:np.int64(-1) - timing_s/agent_loop/num_preempted/mean:np.float64(-1.0) - timing_s/agent_loop/generate_sequences/min:np.float64(66.68788740498712) - timing_s/agent_loop/generate_sequences/max:np.float64(113.4111267469707) - timing_s/agent_loop/generate_sequences/mean:np.float64(97.46730855071473) - timing_s/agent_loop/tool_calls/min:np.float64(0.060289377986919135) - timing_s/agent_loop/tool_calls/max:np.float64(0.7979828940005973) - timing_s/agent_loop/tool_calls/mean:np.float64(0.17054369523702917) - timing_s/agent_loop/compute_score/min:np.float64(0.3371956470073201) - timing_s/agent_loop/compute_score/max:np.float64(6.687862997001503) - timing_s/agent_loop/compute_score/mean:np.float64(1.2438119653311333) - timing_s/agent_loop/slowest/generate_sequences:np.float64(113.4111267469707) - timing_s/agent_loop/slowest/tool_calls:np.float64(0.24661952996393666) - timing_s/agent_loop/slowest/compute_score:np.float64(1.8998740410315804) - timing_s/agent_loop/slowest/num_preempted:np.int64(-1) - timing_s/agent_loop/slowest/prompt_length:3616 - timing_s/agent_loop/slowest/response_length:4493 - timing_s/gen:141.03807531000348 - timing_s/reward:0.0005225880304351449 - timing_s/old_log_prob:147.39224418898812 - timing_s/ref:142.68485361197963 - timing_s/adv:0.17058389203157276 - timing_s/update_actor:319.12146966397995 - timing_s/update_weights:3.9638878849800676 - timing_s/dump_rollout_generations:0.3237613919773139 - timing_s/step:754.8658839500276 - timing_s/stop_profile:4.9054971896111965e-05 - timing_per_token_ms/update_actor:0.3449167593451237 - timing_per_token_ms/ref:0.15421838388779624 - timing_per_token_ms/adv:0.00018437256289262338 - timing_per_token_ms/gen:0.32982644426152496 - perf/total_num_tokens:925213 - perf/time_per_step:754.8658839500276 - perf/throughput:1225.6654058315469
[36m(TaskRunner pid=246628)[0m Dumped generations to /home/yw4636/agentic-tvg/results/grpo-vanilla/rollouts/131.jsonl
[36m(TaskRunner pid=246628)[0m step:131 - global_seqlen/min:918018 - global_seqlen/max:918018 - global_seqlen/minmax_diff:0 - global_seqlen/balanced_min:918018 - global_seqlen/balanced_max:918018 - global_seqlen/mean:918018.0 - actor/entropy:0.917985200881958 - perf/mfu/actor_infer:0.29792624077749924 - training/rollout_probs_diff_valid:1 - training/rollout_probs_diff_max:0.40566933155059814 - training/rollout_probs_diff_mean:0.009370798245072365 - training/rollout_probs_diff_std:0.015031431801617146 - training/rollout_actor_probs_pearson_corr:0.9988177418708801 - rollout_corr/training_ppl:2.5555548667907715 - rollout_corr/training_log_ppl:0.9086831212043762 - rollout_corr/kl:0.002950371941551566 - rollout_corr/k3_kl:0.002738214796409011 - rollout_corr/rollout_ppl:2.5479557514190674 - rollout_corr/rollout_log_ppl:0.9057247042655945 - rollout_corr/log_ppl_diff:0.0029584174044430256 - rollout_corr/log_ppl_abs_diff:0.003690487239509821 - rollout_corr/log_ppl_diff_max:0.012846827507019043 - rollout_corr/log_ppl_diff_min:-0.006101727485656738 - rollout_corr/ppl_ratio:1.0029689073562622 - rollout_corr/chi2_token:0.005189061164855957 - rollout_corr/chi2_seq:4.795638084411621 - actor/pg_clipfrac:np.float64(0.0) - actor/ppo_kl:np.float64(0.0) - actor/pg_clipfrac_lower:np.float64(0.0) - actor/pg_loss:np.float64(0.0021935904514975846) - actor/kl_loss:np.float64(0.004751347914861981) - actor/kl_coef:np.float64(0.0010000000000000002) - actor/loss:np.float64(0.002198336645960808) - actor/grad_norm:np.float64(0.061074525117874146) - actor/lr:np.float64(5.632351388190008e-06) - actor/perf/max_memory_allocated_gb:np.float64(39.146342277526855) - actor/perf/max_memory_reserved_gb:np.float64(41.982421875) - actor/perf/cpu_memory_used_gb:np.float64(99.96488571166992) - perf/mfu/actor:np.float64(0.3409407371761424) - training/global_step:131 - training/epoch:0 - critic/score/mean:1.216734766960144 - critic/score/max:1.9166666269302368 - critic/score/min:0.0 - critic/rewards/mean:1.216734766960144 - critic/rewards/max:1.9166666269302368 - critic/rewards/min:0.0 - critic/advantages/mean:-0.0021935889963060617 - critic/advantages/max:2.405975818634033 - critic/advantages/min:-2.6665475368499756 - critic/returns/mean:-0.0021935889963060617 - critic/returns/max:2.405975818634033 - critic/returns/min:-2.6665475368499756 - response_length/mean:3202.515625 - response_length/max:3606.0 - response_length/min:138.0 - response_length/clip_ratio:0.0 - response_length_non_aborted/mean:3202.515625 - response_length_non_aborted/max:3606.0 - response_length_non_aborted/min:138.0 - response_length_non_aborted/clip_ratio:0.0 - response/aborted_ratio:0.0 - prompt_length/mean:3969.5 - prompt_length/max:4143.0 - prompt_length/min:3742.0 - prompt_length/clip_ratio:0.0 - num_turns/min:np.int32(2) - num_turns/max:np.int32(4) - num_turns/mean:np.float64(3.984375) - timing_s/start_profile:5.830102600157261e-05 - timing_s/agent_loop/num_preempted/min:np.int64(-1) - timing_s/agent_loop/num_preempted/max:np.int64(-1) - timing_s/agent_loop/num_preempted/mean:np.float64(-1.0) - timing_s/agent_loop/generate_sequences/min:np.float64(59.80483399098739) - timing_s/agent_loop/generate_sequences/max:np.float64(117.76397985208314) - timing_s/agent_loop/generate_sequences/mean:np.float64(101.87971425669821) - timing_s/agent_loop/tool_calls/min:np.float64(0.0) - timing_s/agent_loop/tool_calls/max:np.float64(0.7461382210021839) - timing_s/agent_loop/tool_calls/mean:np.float64(0.13939762930522193) - timing_s/agent_loop/compute_score/min:np.float64(0.23370232299203053) - timing_s/agent_loop/compute_score/max:np.float64(6.611578109033871) - timing_s/agent_loop/compute_score/mean:np.float64(1.193617816205915) - timing_s/agent_loop/slowest/generate_sequences:np.float64(117.76397985208314) - timing_s/agent_loop/slowest/tool_calls:np.float64(0.1769640279817395) - timing_s/agent_loop/slowest/compute_score:np.float64(1.77711799897952) - timing_s/agent_loop/slowest/num_preempted:np.int64(-1) - timing_s/agent_loop/slowest/prompt_length:3945 - timing_s/agent_loop/slowest/response_length:3580 - timing_s/gen:146.44977881299565 - timing_s/reward:0.0005068079917691648 - timing_s/old_log_prob:140.9923604039941 - timing_s/ref:128.8283810299472 - timing_s/adv:0.16863795899553224 - timing_s/update_actor:313.1313877070206 - timing_s/update_weights:3.9425567730213515 - timing_s/dump_rollout_generations:0.32302699697902426 - timing_s/step:734.0110603140201 - timing_s/stop_profile:4.81379684060812e-05 - timing_per_token_ms/update_actor:0.3410950413902784 - timing_per_token_ms/ref:0.14033317541698223 - timing_per_token_ms/adv:0.00018369787846810438 - timing_per_token_ms/gen:0.3572625494923318 - perf/total_num_tokens:918018 - perf/time_per_step:734.0110603140201 - perf/throughput:1250.6868760359812[36m(TaskRunner pid=246628)[0m Training Progress:  49%|████▉     | 131/267 [2:18:50<28:14:19, 747.50s/it]
[36m(AgentLoopWorker pid=249260)[0m ERROR:2026-08-29 01:55:28,488:Failed to decode tool call: Expecting value: line 2 column 71 (char 71)
[36m(TaskRunner pid=246628)[0m Training Progress:  49%|████▉     | 132/267 [2:31:13<27:58:22, 745.94s/it]

[36m(TaskRunner pid=246628)[0m Dumped generations to /home/yw4636/agentic-tvg/results/grpo-vanilla/rollouts/132.jsonl
[36m(TaskRunner pid=246628)[0m step:132 - global_seqlen/min:915809 - global_seqlen/max:915809 - global_seqlen/minmax_diff:0 - global_seqlen/balanced_min:915809 - global_seqlen/balanced_max:915809 - global_seqlen/mean:915809.0 - actor/entropy:0.9379755854606628 - perf/mfu/actor_infer:0.2977393081692482 - training/rollout_probs_diff_valid:1 - training/rollout_probs_diff_max:0.3869134783744812 - training/rollout_probs_diff_mean:0.010055149905383587 - training/rollout_probs_diff_std:0.015780281275510788 - training/rollout_actor_probs_pearson_corr:0.9986818432807922 - rollout_corr/training_ppl:2.541569948196411 - rollout_corr/training_log_ppl:0.9165139198303223 - rollout_corr/kl:0.0029439926147460938 - rollout_corr/k3_kl:0.0031008035875856876 - rollout_corr/rollout_ppl:2.5339620113372803 - rollout_corr/rollout_log_ppl:0.9136054515838623 - rollout_corr/log_ppl_diff:0.002908501774072647 - rollout_corr/log_ppl_abs_diff:0.004283510148525238 - rollout_corr/log_ppl_diff_max:0.013949990272521973 - rollout_corr/log_ppl_diff_min:-0.013886809349060059 - rollout_corr/ppl_ratio:1.002922534942627 - rollout_corr/chi2_token:0.007027745246887207 - rollout_corr/chi2_seq:72.4396743774414 - actor/pg_clipfrac:np.float64(0.0) - actor/ppo_kl:np.float64(0.0) - actor/pg_clipfrac_lower:np.float64(0.0) - actor/pg_loss:np.float64(-0.02285938612476457) - actor/kl_loss:np.float64(0.005215451616095379) - actor/kl_coef:np.float64(0.0010000000000000002) - actor/loss:np.float64(-0.022854164242744446) - actor/grad_norm:np.float64(0.06675617396831512) - actor/lr:np.float64(5.5794181628940805e-06) - actor/perf/max_memory_allocated_gb:np.float64(39.146342277526855) - actor/perf/max_memory_reserved_gb:np.float64(41.982421875) - actor/perf/cpu_memory_used_gb:np.float64(115.94363403320312) - perf/mfu/actor:np.float64(0.3398206277350111) - training/global_step:132 - training/epoch:0 - critic/score/mean:1.088771104812622 - critic/score/max:1.882432460784912 - critic/score/min:0.0 - critic/rewards/mean:1.088771104812622 - critic/rewards/max:1.882432460784912 - critic/rewards/min:0.0 - critic/advantages/mean:0.02285938709974289 - critic/advantages/max:2.7510509490966797 - critic/advantages/min:-2.978914499282837 - critic/returns/mean:0.02285938709974289 - critic/returns/max:2.7510509490966797 - critic/returns/min:-2.978914499282837 - response_length/mean:3176.7578125 - response_length/max:3697.0 - response_length/min:394.0 - response_length/clip_ratio:0.0 - response_length_non_aborted/mean:3176.7578125 - response_length_non_aborted/max:3697.0 - response_length_non_aborted/min:394.0 - response_length_non_aborted/clip_ratio:0.0 - response/aborted_ratio:0.0 - prompt_length/mean:3978.0 - prompt_length/max:4215.0 - prompt_length/min:3933.0 - prompt_length/clip_ratio:0.0 - num_turns/min:np.int32(2) - num_turns/max:np.int32(4) - num_turns/mean:np.float64(3.984375) - timing_s/start_profile:5.800504004582763e-05 - timing_s/agent_loop/num_preempted/min:np.int64(-1) - timing_s/agent_loop/num_preempted/max:np.int64(-1) - timing_s/agent_loop/num_preempted/mean:np.float64(-1.0) - timing_s/agent_loop/generate_sequences/min:np.float64(12.505051659012679) - timing_s/agent_loop/generate_sequences/max:np.float64(113.73568174301181) - timing_s/agent_loop/generate_sequences/mean:np.float64(96.66487438953254) - timing_s/agent_loop/tool_calls/min:np.float64(0.0) - timing_s/agent_loop/tool_calls/max:np.float64(0.7787263770005666) - timing_s/agent_loop/tool_calls/mean:np.float64(0.18474305516929235) - timing_s/agent_loop/compute_score/min:np.float64(0.3273472370347008) - timing_s/agent_loop/compute_score/max:np.float64(4.0549670869950205) - timing_s/agent_loop/compute_score/mean:np.float64(1.2357882226929178) - timing_s/agent_loop/slowest/generate_sequences:np.float64(113.73568174301181) - timing_s/agent_loop/slowest/tool_calls:np.float64(0.18772406101925299) - timing_s/agent_loop/slowest/compute_score:np.float64(0.8849423099891283) - timing_s/agent_loop/slowest/num_preempted:np.int64(-1) - timing_s/agent_loop/slowest/prompt_length:3947 - timing_s/agent_loop/slowest/response_length:3697 - timing_s/gen:139.9321261990117 - timing_s/reward:0.0005134540260769427 - timing_s/old_log_prob:144.88575339899398 - timing_s/ref:135.73784433898982 - timing_s/adv:0.17057167302118614 - timing_s/update_actor:317.0810125640128 - timing_s/update_weights:4.030070972978137 - timing_s/dump_rollout_generations:0.33777606999501586 - timing_s/step:742.3306105919764 - timing_s/stop_profile:4.811299731954932e-05 - timing_per_token_ms/update_actor:0.3462305050114301 - timing_per_token_ms/ref:0.14821632495311776 - timing_per_token_ms/adv:0.00018625245331852617 - timing_per_token_ms/gen:0.3441306515807235 - perf/total_num_tokens:915809 - perf/time_per_step:742.3306105919764 - perf/throughput:1233.6942420705002
[36m(TaskRunner pid=246628)[0m Dumped generations to /home/yw4636/agentic-tvg/results/grpo-vanilla/rollouts/133.jsonl
[36m(TaskRunner pid=246628)[0m step:133 - global_seqlen/min:924775 - global_seqlen/max:924775 - global_seqlen/minmax_diff:0 - global_seqlen/balanced_min:924775 - global_seqlen/balanced_max:924775 - global_seqlen/mean:924775.0 - actor/entropy:0.9545704126358032 - perf/mfu/actor_infer:0.29720930177343546 - training/rollout_probs_diff_valid:1 - training/rollout_probs_diff_max:0.32185107469558716 - training/rollout_probs_diff_mean:0.009831523522734642 - training/rollout_probs_diff_std:0.014947667717933655 - training/rollout_actor_probs_pearson_corr:0.9987950325012207 - rollout_corr/training_ppl:2.581813097000122 - rollout_corr/training_log_ppl:0.935032844543457 - rollout_corr/kl:0.0026526660658419132 - rollout_corr/k3_kl:0.0027736376505345106 - rollout_corr/rollout_ppl:2.5747692584991455 - rollout_corr/rollout_log_ppl:0.9324362874031067 - rollout_corr/log_ppl_diff:0.0025965962558984756 - rollout_corr/log_ppl_abs_diff:0.003448951058089733 - rollout_corr/log_ppl_diff_max:0.012841463088989258 - rollout_corr/log_ppl_diff_min:-0.006000638008117676 - rollout_corr/ppl_ratio:1.0026063919067383 - rollout_corr/chi2_token:0.0061876773834228516 - rollout_corr/chi2_seq:4.008978366851807 - actor/pg_clipfrac:np.float64(0.0) - actor/ppo_kl:np.float64(0.0) - actor/pg_clipfrac_lower:np.float64(0.0) - actor/pg_loss:np.float64(0.012887822871562093) - actor/kl_loss:np.float64(0.005006207626138348) - actor/kl_coef:np.float64(0.0010000000000000002) - actor/loss:np.float64(0.01289282739162445) - actor/grad_norm:np.float64(0.06428693979978561) - actor/lr:np.float64(5.526473942678781e-06) - actor/perf/max_memory_allocated_gb:np.float64(39.146342277526855) - actor/perf/max_memory_reserved_gb:np.float64(41.982421875) - actor/perf/cpu_memory_used_gb:np.float64(100.1022720336914) - perf/mfu/actor:np.float64(0.3403261165595048) - training/global_step:133 - training/epoch:0 - critic/score/mean:1.0366548299789429 - critic/score/max:1.810126543045044 - critic/score/min:0.5 - critic/rewards/mean:1.0366548299789429 - critic/rewards/max:1.810126543045044 - critic/rewards/min:0.5 - critic/advantages/mean:-0.012887836433947086 - critic/advantages/max:3.749913454055786 - critic/advantages/min:-2.9966604709625244 - critic/returns/mean:-0.012887836433947086 - critic/returns/max:3.749913454055786 - critic/returns/min:-2.9966604709625244 - response_length/mean:3230.4296875 - response_length/max:3577.0 - response_length/min:501.0 - response_length/clip_ratio:0.0 - response_length_non_aborted/mean:3230.4296875 - response_length_non_aborted/max:3577.0 - response_length_non_aborted/min:501.0 - response_length_non_aborted/clip_ratio:0.0 - response/aborted_ratio:0.0 - prompt_length/mean:3994.375 - prompt_length/max:4145.0 - prompt_length/min:3939.0 - prompt_length/clip_ratio:0.0 - num_turns/min:np.int32(4) - num_turns/max:np.int32(4) - num_turns/mean:np.float64(4.0) - timing_s/start_profile:5.735998274758458e-05 - timing_s/agent_loop/num_preempted/min:np.int64(-1) - timing_s/agent_loop/num_preempted/max:np.int64(-1) - timing_s/agent_loop/num_preempted/mean:np.float64(-1.0) - timing_s/agent_loop/generate_sequences/min:np.float64(70.57977334503084) - timing_s/agent_loop/generate_sequences/max:np.float64(121.54019710503053) - timing_s/agent_loop/generate_sequences/mean:np.float64(105.74663886350754) - timing_s/agent_loop/tool_calls/min:np.float64(0.00019050599075853825) - timing_s/agent_loop/tool_calls/max:np.float64(0.8214470719685778) - timing_s/agent_loop/tool_calls/mean:np.float64(0.1409549563800283) - timing_s/agent_loop/compute_score/min:np.float64(0.31398578599328175) - timing_s/agent_loop/compute_score/max:np.float64(3.354644796985667) - timing_s/agent_loop/compute_score/mean:np.float64(1.1515813935052392) - timing_s/agent_loop/slowest/generate_sequences:np.float64(120.27644729998428) - timing_s/agent_loop/slowest/tool_calls:np.float64(0.15158316504675895) - timing_s/agent_loop/slowest/compute_score:np.float64(2.6293808449991047) - timing_s/agent_loop/slowest/num_preempted:np.int64(-1) - timing_s/agent_loop/slowest/prompt_length:3945 - timing_s/agent_loop/slowest/response_length:3577 - timing_s/gen:149.74774352204986 - timing_s/reward:0.0005183349712751806 - timing_s/old_log_prob:154.71412904502358 - timing_s/ref:141.6484960860107 - timing_s/adv:0.1721805779961869 - timing_s/update_actor:322.30417253100313 - timing_s/update_weights:3.9523877660394646 - timing_s/dump_rollout_generations:0.3242545170360245 - timing_s/step:773.0285646039993 - timing_s/stop_profile:4.7528010327368975e-05 - timing_per_token_ms/update_actor:0.34852171882998906 - timing_per_token_ms/ref:0.1531707670363177 - timing_per_token_ms/adv:0.00018618645399820163 - timing_per_token_ms/gen:0.36215127999625113 - perf/total_num_tokens:924775 - perf/time_per_step:773.0285646039993 - perf/throughput:1196.3012006855608[36m(TaskRunner pid=246628)[0m Training Progress:  50%|████▉     | 133/267 [2:44:06<28:04:18, 754.17s/it]
[36m(TaskRunner pid=246628)[0m Training Progress:  50%|█████     | 134/267 [2:56:42<27:52:58, 754.73s/it]

[36m(TaskRunner pid=246628)[0m Dumped generations to /home/yw4636/agentic-tvg/results/grpo-vanilla/rollouts/134.jsonl
[36m(TaskRunner pid=246628)[0m step:134 - global_seqlen/min:921958 - global_seqlen/max:921958 - global_seqlen/minmax_diff:0 - global_seqlen/balanced_min:921958 - global_seqlen/balanced_max:921958 - global_seqlen/mean:921958.0 - actor/entropy:0.8923662900924683 - perf/mfu/actor_infer:0.298591700437483 - training/rollout_probs_diff_valid:1 - training/rollout_probs_diff_max:0.3468450903892517 - training/rollout_probs_diff_mean:0.009354707784950733 - training/rollout_probs_diff_std:0.01474440935999155 - training/rollout_actor_probs_pearson_corr:0.9988337755203247 - rollout_corr/training_ppl:2.4594368934631348 - rollout_corr/training_log_ppl:0.8837982416152954 - rollout_corr/kl:0.002292386954650283 - rollout_corr/k3_kl:0.002664942992851138 - rollout_corr/rollout_ppl:2.453777551651001 - rollout_corr/rollout_log_ppl:0.8815425634384155 - rollout_corr/log_ppl_diff:0.0022557158954441547 - rollout_corr/log_ppl_abs_diff:0.0038321535103023052 - rollout_corr/log_ppl_diff_max:0.015348732471466064 - rollout_corr/log_ppl_diff_min:-0.009226202964782715 - rollout_corr/ppl_ratio:1.0022673606872559 - rollout_corr/chi2_token:0.006171822547912598 - rollout_corr/chi2_seq:15.986875534057617 - actor/pg_clipfrac:np.float64(0.0) - actor/ppo_kl:np.float64(0.0) - actor/pg_clipfrac_lower:np.float64(0.0) - actor/pg_loss:np.float64(-0.01930240622823476) - actor/kl_loss:np.float64(0.0050161841354565695) - actor/kl_coef:np.float64(0.0010000000000000002) - actor/loss:np.float64(-0.019297391176223755) - actor/grad_norm:np.float64(0.06548043340444565) - actor/lr:np.float64(5.473526057321221e-06) - actor/perf/max_memory_allocated_gb:np.float64(39.146342277526855) - actor/perf/max_memory_reserved_gb:np.float64(41.982421875) - actor/perf/cpu_memory_used_gb:np.float64(116.62445449829102) - perf/mfu/actor:np.float64(0.34124427953358466) - training/global_step:134 - training/epoch:1 - critic/score/mean:1.331135869026184 - critic/score/max:1.9735547304153442 - critic/score/min:0.5 - critic/rewards/mean:1.331135869026184 - critic/rewards/max:1.9735547304153442 - critic/rewards/min:0.5 - critic/advantages/mean:0.01930241286754608 - critic/advantages/max:2.5695297718048096 - critic/advantages/min:-3.621941089630127 - critic/returns/mean:0.01930241286754608 - critic/returns/max:2.5695297718048096 - critic/returns/min:-3.621941089630127 - response_length/mean:3234.796875 - response_length/max:3441.0 - response_length/min:3045.0 - response_length/clip_ratio:0.0 - response_length_non_aborted/mean:3234.796875 - response_length_non_aborted/max:3441.0 - response_length_non_aborted/min:3045.0 - response_length_non_aborted/clip_ratio:0.0 - response/aborted_ratio:0.0 - prompt_length/mean:3968.0 - prompt_length/max:4126.0 - prompt_length/min:3938.0 - prompt_length/clip_ratio:0.0 - num_turns/min:np.int32(4) - num_turns/max:np.int32(4) - num_turns/mean:np.float64(4.0) - timing_s/start_profile:0.00021102098980918527 - timing_s/agent_loop/num_preempted/min:np.int64(-1) - timing_s/agent_loop/num_preempted/max:np.int64(-1) - timing_s/agent_loop/num_preempted/mean:np.float64(-1.0) - timing_s/agent_loop/generate_sequences/min:np.float64(54.34813643799862) - timing_s/agent_loop/generate_sequences/max:np.float64(115.93897854204988) - timing_s/agent_loop/generate_sequences/mean:np.float64(101.63671743335635) - timing_s/agent_loop/tool_calls/min:np.float64(0.06982840603450313) - timing_s/agent_loop/tool_calls/max:np.float64(0.7397161910193972) - timing_s/agent_loop/tool_calls/mean:np.float64(0.14015221721729176) - timing_s/agent_loop/compute_score/min:np.float64(0.3160132660414092) - timing_s/agent_loop/compute_score/max:np.float64(5.755072625994217) - timing_s/agent_loop/compute_score/mean:np.float64(1.011746559157018) - timing_s/agent_loop/slowest/generate_sequences:np.float64(115.12538963305997) - timing_s/agent_loop/slowest/tool_calls:np.float64(0.10809594998136163) - timing_s/agent_loop/slowest/compute_score:np.float64(1.837260916014202) - timing_s/agent_loop/slowest/num_preempted:np.int64(-1) - timing_s/agent_loop/slowest/prompt_length:3951 - timing_s/agent_loop/slowest/response_length:3356 - timing_s/gen:145.22323400498135 - timing_s/reward:0.00022965698735788465 - timing_s/old_log_prob:146.9877547720098 - timing_s/ref:137.95435487502255 - timing_s/adv:0.1744905249797739 - timing_s/update_actor:319.7837076790165 - timing_s/update_weights:3.9781427329871804 - timing_s/dump_rollout_generations:0.2804022750351578 - timing_s/step:754.5564331460046 - timing_s/stop_profile:4.345399793237448e-05 - timing_per_token_ms/update_actor:0.34685279337997665 - timing_per_token_ms/ref:0.14963192995236502 - timing_per_token_ms/adv:0.0001892608177159631 - timing_per_token_ms/gen:0.35073501042130095 - perf/total_num_tokens:921958 - perf/time_per_step:754.5564331460046 - perf/throughput:1221.8542702711325
[36m(TaskRunner pid=246628)[0m Dumped generations to /home/yw4636/agentic-tvg/results/grpo-vanilla/rollouts/135.jsonl
[36m(TaskRunner pid=246628)[0m step:135 - global_seqlen/min:923831 - global_seqlen/max:923831 - global_seqlen/minmax_diff:0 - global_seqlen/balanced_min:923831 - global_seqlen/balanced_max:923831 - global_seqlen/mean:923831.0 - actor/entropy:0.887416422367096 - perf/mfu/actor_infer:0.29669499201333455 - training/rollout_probs_diff_valid:1 - training/rollout_probs_diff_max:0.299358069896698 - training/rollout_probs_diff_mean:0.009270253591239452 - training/rollout_probs_diff_std:0.014845584519207478 - training/rollout_actor_probs_pearson_corr:0.9988393187522888 - rollout_corr/training_ppl:2.4379372596740723 - rollout_corr/training_log_ppl:0.8783679008483887 - rollout_corr/kl:0.0027438332326710224 - rollout_corr/k3_kl:0.0026465258561074734 - rollout_corr/rollout_ppl:2.431124448776245 - rollout_corr/rollout_log_ppl:0.8756574392318726 - rollout_corr/log_ppl_diff:0.002710371743887663 - rollout_corr/log_ppl_abs_diff:0.003596313763409853 - rollout_corr/log_ppl_diff_max:0.012291967868804932 - rollout_corr/log_ppl_diff_min:-0.00761491060256958 - rollout_corr/ppl_ratio:1.002720594406128 - rollout_corr/chi2_token:0.0051767826080322266 - rollout_corr/chi2_seq:3.3462347984313965 - actor/pg_clipfrac:np.float64(0.0) - actor/ppo_kl:np.float64(0.0) - actor/pg_clipfrac_lower:np.float64(0.0) - actor/pg_loss:np.float64(-0.0022379692236427218) - actor/kl_loss:np.float64(0.0053290991054382175) - actor/kl_coef:np.float64(0.0010000000000000002) - actor/loss:np.float64(-0.002232637256383896) - actor/grad_norm:np.float64(0.05973698943853378) - actor/lr:np.float64(5.420581837105923e-06) - actor/perf/max_memory_allocated_gb:np.float64(39.146342277526855) - actor/perf/max_memory_reserved_gb:np.float64(42.001953125) - actor/perf/cpu_memory_used_gb:np.float64(116.7722053527832) - perf/mfu/actor:np.float64(0.33979850314694143) - training/global_step:135 - training/epoch:1 - critic/score/mean:0.9385086297988892 - critic/score/max:1.9223301410675049 - critic/score/min:0.0 - critic/rewards/mean:0.9385086297988892 - critic/rewards/max:1.9223301410675049 - critic/rewards/min:0.0 - critic/advantages/mean:0.0022379616275429726 - critic/advantages/max:2.5989017486572266 - critic/advantages/min:-2.9298501014709473 - critic/returns/mean:0.0022379616275429726 - critic/returns/max:2.5989017486572266 - critic/returns/min:-2.9298501014709473 - response_length/mean:3151.8046875 - response_length/max:3481.0 - response_length/min:55.0 - response_length/clip_ratio:0.0 - response_length_non_aborted/mean:3151.8046875 - response_length_non_aborted/max:3481.0 - response_length_non_aborted/min:55.0 - response_length_non_aborted/clip_ratio:0.0 - response/aborted_ratio:0.0 - prompt_length/mean:4065.625 - prompt_length/max:4153.0 - prompt_length/min:3944.0 - prompt_length/clip_ratio:0.0 - num_turns/min:np.int32(2) - num_turns/max:np.int32(4) - num_turns/mean:np.float64(3.984375) - timing_s/start_profile:5.6398974265903234e-05 - timing_s/agent_loop/num_preempted/min:np.int64(-1) - timing_s/agent_loop/num_preempted/max:np.int64(-1) - timing_s/agent_loop/num_preempted/mean:np.float64(-1.0) - timing_s/agent_loop/generate_sequences/min:np.float64(42.66617433098145) - timing_s/agent_loop/generate_sequences/max:np.float64(122.05408716498641) - timing_s/agent_loop/generate_sequences/mean:np.float64(106.26594973030888) - timing_s/agent_loop/tool_calls/min:np.float64(0.0) - timing_s/agent_loop/tool_calls/max:np.float64(0.7989122559665702) - timing_s/agent_loop/tool_calls/mean:np.float64(0.14135446814725583) - timing_s/agent_loop/compute_score/min:np.float64(0.21930974500719458) - timing_s/agent_loop/compute_score/max:np.float64(3.551692948967684) - timing_s/agent_loop/compute_score/mean:np.float64(1.0712891334674168) - timing_s/agent_loop/slowest/generate_sequences:np.float64(122.05408716498641) - timing_s/agent_loop/slowest/tool_calls:np.float64(0.09013858501566574) - timing_s/agent_loop/slowest/compute_score:np.float64(0.9478098340332508) - timing_s/agent_loop/slowest/num_preempted:np.int64(-1) - timing_s/agent_loop/slowest/prompt_length:4153 - timing_s/agent_loop/slowest/response_length:3399 - timing_s/gen:149.74278430396225 - timing_s/reward:0.0005160240107215941 - timing_s/old_log_prob:149.55504091497278 - timing_s/ref:137.7456325230305 - timing_s/adv:0.1840452550095506 - timing_s/update_actor:325.63120621599955 - timing_s/update_weights:3.988424263021443 - timing_s/dump_rollout_generations:0.3228466610307805 - timing_s/step:767.3378510780167 - timing_s/stop_profile:6.985600339248776e-05 - timing_per_token_ms/update_actor:0.3524791939391507 - timing_per_token_ms/ref:0.14910263080913122 - timing_per_token_ms/adv:0.0001992196137708635 - timing_per_token_ms/gen:0.3711732224443889 - perf/total_num_tokens:923831 - perf/time_per_step:767.3378510780167 - perf/throughput:1203.9429551170053[36m(TaskRunner pid=246628)[0m Training Progress:  51%|█████     | 135/267 [3:09:29<27:48:48, 758.55s/it]
[36m(TaskRunner pid=246628)[0m Training Progress:  51%|█████     | 136/267 [3:22:15<27:41:06, 760.81s/it]

[36m(TaskRunner pid=246628)[0m Dumped generations to /home/yw4636/agentic-tvg/results/grpo-vanilla/rollouts/136.jsonl
[36m(TaskRunner pid=246628)[0m step:136 - global_seqlen/min:929833 - global_seqlen/max:929833 - global_seqlen/minmax_diff:0 - global_seqlen/balanced_min:929833 - global_seqlen/balanced_max:929833 - global_seqlen/mean:929833.0 - actor/entropy:0.9469875693321228 - perf/mfu/actor_infer:0.29700813282959415 - training/rollout_probs_diff_valid:1 - training/rollout_probs_diff_max:0.26767903566360474 - training/rollout_probs_diff_mean:0.009523142129182816 - training/rollout_probs_diff_std:0.015120838768780231 - training/rollout_actor_probs_pearson_corr:0.9988113045692444 - rollout_corr/training_ppl:2.6099472045898438 - rollout_corr/training_log_ppl:0.9412517547607422 - rollout_corr/kl:0.002342961961403489 - rollout_corr/k3_kl:0.00294791953638196 - rollout_corr/rollout_ppl:2.6039671897888184 - rollout_corr/rollout_log_ppl:0.9390121102333069 - rollout_corr/log_ppl_diff:0.002239570952951908 - rollout_corr/log_ppl_abs_diff:0.003674764186143875 - rollout_corr/log_ppl_diff_max:0.011887669563293457 - rollout_corr/log_ppl_diff_min:-0.00872039794921875 - rollout_corr/ppl_ratio:1.0022492408752441 - rollout_corr/chi2_token:0.010328531265258789 - rollout_corr/chi2_seq:21.693510055541992 - actor/pg_clipfrac:np.float64(0.0) - actor/ppo_kl:np.float64(0.0) - actor/pg_clipfrac_lower:np.float64(0.0) - actor/pg_loss:np.float64(0.006526657685753889) - actor/kl_loss:np.float64(0.005407603668572847) - actor/kl_coef:np.float64(0.0010000000000000002) - actor/loss:np.float64(0.006532073020935059) - actor/grad_norm:np.float64(0.06708505004644394) - actor/lr:np.float64(5.367648611809993e-06) - actor/perf/max_memory_allocated_gb:np.float64(39.146342277526855) - actor/perf/max_memory_reserved_gb:np.float64(42.001953125) - actor/perf/cpu_memory_used_gb:np.float64(117.13021469116211) - perf/mfu/actor:np.float64(0.3396241754606928) - training/global_step:136 - training/epoch:1 - critic/score/mean:1.3116809129714966 - critic/score/max:1.8730769157409668 - critic/score/min:0.5 - critic/rewards/mean:1.3116809129714966 - critic/rewards/max:1.8730769157409668 - critic/rewards/min:0.5 - critic/advantages/mean:-0.006526666227728128 - critic/advantages/max:2.288007974624634 - critic/advantages/min:-3.2547242641448975 - critic/returns/mean:-0.006526666227728128 - critic/returns/max:2.288007974624634 - critic/returns/min:-3.2547242641448975 - response_length/mean:3218.4453125 - response_length/max:3559.0 - response_length/min:2949.0 - response_length/clip_ratio:0.0 - response_length_non_aborted/mean:3218.4453125 - response_length_non_aborted/max:3559.0 - response_length_non_aborted/min:2949.0 - response_length_non_aborted/clip_ratio:0.0 - response/aborted_ratio:0.0 - prompt_length/mean:4045.875 - prompt_length/max:4155.0 - prompt_length/min:3939.0 - prompt_length/clip_ratio:0.0 - num_turns/min:np.int32(4) - num_turns/max:np.int32(4) - num_turns/mean:np.float64(4.0) - timing_s/start_profile:5.740398773923516e-05 - timing_s/agent_loop/num_preempted/min:np.int64(-1) - timing_s/agent_loop/num_preempted/max:np.int64(-1) - timing_s/agent_loop/num_preempted/mean:np.float64(-1.0) - timing_s/agent_loop/generate_sequences/min:np.float64(66.86522038199473) - timing_s/agent_loop/generate_sequences/max:np.float64(119.50083454995183) - timing_s/agent_loop/generate_sequences/mean:np.float64(102.94488536125755) - timing_s/agent_loop/tool_calls/min:np.float64(0.06612902000779286) - timing_s/agent_loop/tool_calls/max:np.float64(0.7978772000060417) - timing_s/agent_loop/tool_calls/mean:np.float64(0.1520611903133613) - timing_s/agent_loop/compute_score/min:np.float64(0.32095699303317815) - timing_s/agent_loop/compute_score/max:np.float64(4.202129747020081) - timing_s/agent_loop/compute_score/mean:np.float64(1.02665255664715) - timing_s/agent_loop/slowest/generate_sequences:np.float64(119.50083454995183) - timing_s/agent_loop/slowest/tool_calls:np.float64(0.2871635879855603) - timing_s/agent_loop/slowest/compute_score:np.float64(2.588659535977058) - timing_s/agent_loop/slowest/num_preempted:np.int64(-1) - timing_s/agent_loop/slowest/prompt_length:3948 - timing_s/agent_loop/slowest/response_length:3467 - timing_s/gen:143.91936630400596 - timing_s/reward:0.0005071070045232773 - timing_s/old_log_prob:148.0249884549994 - timing_s/ref:144.2733142580255 - timing_s/adv:0.1716297940001823 - timing_s/update_actor:324.37403962999815 - timing_s/update_weights:4.008769023988862 - timing_s/dump_rollout_generations:0.322442269010935 - timing_s/step:765.2559149219887 - timing_s/stop_profile:4.871003329753876e-05 - timing_per_token_ms/update_actor:0.34885193322886815 - timing_per_token_ms/ref:0.15516045812315274 - timing_per_token_ms/adv:0.00018458131083773355 - timing_per_token_ms/gen:0.3493519199730216 - perf/total_num_tokens:929833 - perf/time_per_step:765.2559149219887 - perf/throughput:1215.0615001712054
[36m(TaskRunner pid=246628)[0m Dumped generations to /home/yw4636/agentic-tvg/results/grpo-vanilla/rollouts/137.jsonl
[36m(TaskRunner pid=246628)[0m step:137 - global_seqlen/min:926852 - global_seqlen/max:926852 - global_seqlen/minmax_diff:0 - global_seqlen/balanced_min:926852 - global_seqlen/balanced_max:926852 - global_seqlen/mean:926852.0 - actor/entropy:0.894997239112854 - perf/mfu/actor_infer:0.2989141993080211 - training/rollout_probs_diff_valid:1 - training/rollout_probs_diff_max:0.2262176275253296 - training/rollout_probs_diff_mean:0.009176178835332394 - training/rollout_probs_diff_std:0.014235648326575756 - training/rollout_actor_probs_pearson_corr:0.9989019632339478 - rollout_corr/training_ppl:2.45487117767334 - rollout_corr/training_log_ppl:0.8799946308135986 - rollout_corr/kl:0.0018263936508446932 - rollout_corr/k3_kl:0.0023883050307631493 - rollout_corr/rollout_ppl:2.4503493309020996 - rollout_corr/rollout_log_ppl:0.8781659007072449 - rollout_corr/log_ppl_diff:0.001828751526772976 - rollout_corr/log_ppl_abs_diff:0.003268234431743622 - rollout_corr/log_ppl_diff_max:0.011712431907653809 - rollout_corr/log_ppl_diff_min:-0.006414830684661865 - rollout_corr/ppl_ratio:1.001837134361267 - rollout_corr/chi2_token:0.006013035774230957 - rollout_corr/chi2_seq:7.435744285583496 - actor/pg_clipfrac:np.float64(0.0) - actor/ppo_kl:np.float64(0.0) - actor/pg_clipfrac_lower:np.float64(0.0) - actor/pg_loss:np.float64(-0.007488699309760705) - actor/kl_loss:np.float64(0.005229724447417539) - actor/kl_coef:np.float64(0.0010000000000000002) - actor/loss:np.float64(-0.007483469322323799) - actor/grad_norm:np.float64(0.06517168134450912) - actor/lr:np.float64(5.314733709688372e-06) - actor/perf/max_memory_allocated_gb:np.float64(39.146342277526855) - actor/perf/max_memory_reserved_gb:np.float64(42.001953125) - actor/perf/cpu_memory_used_gb:np.float64(116.97888565063477) - perf/mfu/actor:np.float64(0.34112009960435913) - training/global_step:137 - training/epoch:1 - critic/score/mean:0.9488518238067627 - critic/score/max:1.9488235712051392 - critic/score/min:0.25 - critic/rewards/mean:0.9488518238067627 - critic/rewards/max:1.9488235712051392 - critic/rewards/min:0.25 - critic/advantages/mean:0.00748870987445116 - critic/advantages/max:3.684345006942749 - critic/advantages/min:-2.559595823287964 - critic/returns/mean:0.00748870987445116 - critic/returns/max:3.684345006942749 - critic/returns/min:-2.559595823287964 - response_length/mean:3268.03125 - response_length/max:3703.0 - response_length/min:539.0 - response_length/clip_ratio:0.0 - response_length_non_aborted/mean:3268.03125 - response_length_non_aborted/max:3703.0 - response_length_non_aborted/min:539.0 - response_length_non_aborted/clip_ratio:0.0 - response/aborted_ratio:0.0 - prompt_length/mean:3973.0 - prompt_length/max:4144.0 - prompt_length/min:3938.0 - prompt_length/clip_ratio:0.0 - num_turns/min:np.int32(4) - num_turns/max:np.int32(4) - num_turns/mean:np.float64(4.0) - timing_s/start_profile:6.153498543426394e-05 - timing_s/agent_loop/num_preempted/min:np.int64(-1) - timing_s/agent_loop/num_preempted/max:np.int64(-1) - timing_s/agent_loop/num_preempted/mean:np.float64(-1.0) - timing_s/agent_loop/generate_sequences/min:np.float64(70.84649931098102) - timing_s/agent_loop/generate_sequences/max:np.float64(117.60528802598128) - timing_s/agent_loop/generate_sequences/mean:np.float64(102.21591177354048) - timing_s/agent_loop/tool_calls/min:np.float64(0.0001330929808318615) - timing_s/agent_loop/tool_calls/max:np.float64(0.32611175399506465) - timing_s/agent_loop/tool_calls/mean:np.float64(0.13106049580665058) - timing_s/agent_loop/compute_score/min:np.float64(0.3194594429805875) - timing_s/agent_loop/compute_score/max:np.float64(4.035309395985678) - timing_s/agent_loop/compute_score/mean:np.float64(1.103467515817556) - timing_s/agent_loop/slowest/generate_sequences:np.float64(117.60528802598128) - timing_s/agent_loop/slowest/tool_calls:np.float64(0.19828275899635628) - timing_s/agent_loop/slowest/compute_score:np.float64(0.9333788640215062) - timing_s/agent_loop/slowest/num_preempted:np.int64(-1) - timing_s/agent_loop/slowest/prompt_length:3954 - timing_s/agent_loop/slowest/response_length:3473 - timing_s/gen:145.5594346880098 - timing_s/reward:0.0005217450088821352 - timing_s/old_log_prob:148.06547983101336 - timing_s/ref:143.5725772040314 - timing_s/adv:0.17023941699881107 - timing_s/update_actor:324.32894621399464 - timing_s/update_weights:4.002676745003555 - timing_s/dump_rollout_generations:0.32479212700854987 - timing_s/step:766.1955812160159 - timing_s/stop_profile:4.777504364028573e-05 - timing_per_token_ms/update_actor:0.3499252806424269 - timing_per_token_ms/ref:0.15490345514066042 - timing_per_token_ms/adv:0.00018367486610463275 - timing_per_token_ms/gen:0.34797191229431373 - perf/total_num_tokens:926852 - perf/time_per_step:766.1955812160159 - perf/throughput:1209.6806908348508[36m(TaskRunner pid=246628)[0m Training Progress:  51%|█████▏    | 137/267 [3:35:01<27:31:58, 762.45s/it]
[36m(TaskRunner pid=246628)[0m Training Progress:  52%|█████▏    | 138/267 [3:47:52<27:24:12, 764.75s/it]

[36m(TaskRunner pid=246628)[0m Dumped generations to /home/yw4636/agentic-tvg/results/grpo-vanilla/rollouts/138.jsonl
[36m(TaskRunner pid=246628)[0m step:138 - global_seqlen/min:927024 - global_seqlen/max:927024 - global_seqlen/minmax_diff:0 - global_seqlen/balanced_min:927024 - global_seqlen/balanced_max:927024 - global_seqlen/mean:927024.0 - actor/entropy:0.9445991516113281 - perf/mfu/actor_infer:0.2977481203898196 - training/rollout_probs_diff_valid:1 - training/rollout_probs_diff_max:0.41656482219696045 - training/rollout_probs_diff_mean:0.009694522246718407 - training/rollout_probs_diff_std:0.015149177983403206 - training/rollout_actor_probs_pearson_corr:0.9987820386886597 - rollout_corr/training_ppl:2.5654468536376953 - rollout_corr/training_log_ppl:0.929921567440033 - rollout_corr/kl:0.002408103086054325 - rollout_corr/k3_kl:0.002775953384116292 - rollout_corr/rollout_ppl:2.559135913848877 - rollout_corr/rollout_log_ppl:0.9274570941925049 - rollout_corr/log_ppl_diff:0.002464528661221266 - rollout_corr/log_ppl_abs_diff:0.0034168376587331295 - rollout_corr/log_ppl_diff_max:0.013717591762542725 - rollout_corr/log_ppl_diff_min:-0.006195187568664551 - rollout_corr/ppl_ratio:1.0024739503860474 - rollout_corr/chi2_token:0.006403684616088867 - rollout_corr/chi2_seq:2.2913100719451904 - actor/pg_clipfrac:np.float64(0.0) - actor/ppo_kl:np.float64(0.0) - actor/pg_clipfrac_lower:np.float64(0.0) - actor/pg_loss:np.float64(0.01285747196743614) - actor/kl_loss:np.float64(0.005767858638137113) - actor/kl_coef:np.float64(0.0010000000000000002) - actor/loss:np.float64(0.012863241136074066) - actor/grad_norm:np.float64(0.06324581801891327) - actor/lr:np.float64(5.261844456459266e-06) - actor/perf/max_memory_allocated_gb:np.float64(39.146342277526855) - actor/perf/max_memory_reserved_gb:np.float64(42.001953125) - actor/perf/cpu_memory_used_gb:np.float64(117.4920654296875) - perf/mfu/actor:np.float64(0.3400473905642076) - training/global_step:138 - training/epoch:1 - critic/score/mean:1.1415935754776 - critic/score/max:2.0 - critic/score/min:0.43421053886413574 - critic/rewards/mean:1.1415935754776 - critic/rewards/max:2.0 - critic/rewards/min:0.43421053886413574 - critic/advantages/mean:-0.012857470661401749 - critic/advantages/max:2.5233521461486816 - critic/advantages/min:-2.8420963287353516 - critic/returns/mean:-0.012857470661401749 - critic/returns/max:2.5233521461486816 - critic/returns/min:-2.8420963287353516 - response_length/mean:3248.25 - response_length/max:3549.0 - response_length/min:2943.0 - response_length/clip_ratio:0.0 - response_length_non_aborted/mean:3248.25 - response_length_non_aborted/max:3549.0 - response_length_non_aborted/min:2943.0 - response_length_non_aborted/clip_ratio:0.0 - response/aborted_ratio:0.0 - prompt_length/mean:3994.125 - prompt_length/max:4139.0 - prompt_length/min:3942.0 - prompt_length/clip_ratio:0.0 - num_turns/min:np.int32(4) - num_turns/max:np.int32(4) - num_turns/mean:np.float64(4.0) - timing_s/start_profile:5.93209988437593e-05 - timing_s/agent_loop/num_preempted/min:np.int64(-1) - timing_s/agent_loop/num_preempted/max:np.int64(-1) - timing_s/agent_loop/num_preempted/mean:np.float64(-1.0) - timing_s/agent_loop/generate_sequences/min:np.float64(73.09078690398019) - timing_s/agent_loop/generate_sequences/max:np.float64(122.13491190195782) - timing_s/agent_loop/generate_sequences/mean:np.float64(106.46312364758705) - timing_s/agent_loop/tool_calls/min:np.float64(0.06682364398147911) - timing_s/agent_loop/tool_calls/max:np.float64(0.7449865459930152) - timing_s/agent_loop/tool_calls/mean:np.float64(0.1400300198433797) - timing_s/agent_loop/compute_score/min:np.float64(0.31913273298414424) - timing_s/agent_loop/compute_score/max:np.float64(8.645988164993469) - timing_s/agent_loop/compute_score/mean:np.float64(1.0775950970564736) - timing_s/agent_loop/slowest/generate_sequences:np.float64(119.40855662495596) - timing_s/agent_loop/slowest/tool_calls:np.float64(0.08699808298842981) - timing_s/agent_loop/slowest/compute_score:np.float64(8.645988164993469) - timing_s/agent_loop/slowest/num_preempted:np.int64(-1) - timing_s/agent_loop/slowest/prompt_length:3954 - timing_s/agent_loop/slowest/response_length:3465 - timing_s/gen:149.33434741402743 - timing_s/reward:0.0005025219870731235 - timing_s/old_log_prob:147.6018573710462 - timing_s/ref:139.46458754199557 - timing_s/adv:0.1785597950220108 - timing_s/update_actor:328.32524106500205 - timing_s/update_weights:3.987458128016442 - timing_s/dump_rollout_generations:0.3273002890055068 - timing_s/step:769.3856572009972 - timing_s/stop_profile:4.614196950569749e-05 - timing_per_token_ms/update_actor:0.35417124159137414 - timing_per_token_ms/ref:0.15044334077865898 - timing_per_token_ms/adv:0.00019261615127764848 - timing_per_token_ms/gen:0.3591701960046454 - perf/total_num_tokens:927024 - perf/time_per_step:769.3856572009972 - perf/throughput:1204.8885904274412
[36m(TaskRunner pid=246628)[0m Dumped generations to /home/yw4636/agentic-tvg/results/grpo-vanilla/rollouts/139.jsonl
[36m(TaskRunner pid=246628)[0m step:139 - global_seqlen/min:923717 - global_seqlen/max:923717 - global_seqlen/minmax_diff:0 - global_seqlen/balanced_min:923717 - global_seqlen/balanced_max:923717 - global_seqlen/mean:923717.0 - actor/entropy:0.9174890518188477 - perf/mfu/actor_infer:0.2972308717355677 - training/rollout_probs_diff_valid:1 - training/rollout_probs_diff_max:0.7286134958267212 - training/rollout_probs_diff_mean:0.00946881715208292 - training/rollout_probs_diff_std:0.015129335224628448 - training/rollout_actor_probs_pearson_corr:0.9987876415252686 - rollout_corr/training_ppl:2.4968936443328857 - rollout_corr/training_log_ppl:0.8992164731025696 - rollout_corr/kl:0.0028417580761015415 - rollout_corr/k3_kl:0.0026021255180239677 - rollout_corr/rollout_ppl:2.4900152683258057 - rollout_corr/rollout_log_ppl:0.896466076374054 - rollout_corr/log_ppl_diff:0.002750501036643982 - rollout_corr/log_ppl_abs_diff:0.003624696284532547 - rollout_corr/log_ppl_diff_max:0.016304492950439453 - rollout_corr/log_ppl_diff_min:-0.00785839557647705 - rollout_corr/ppl_ratio:1.0027616024017334 - rollout_corr/chi2_token:0.004797458648681641 - rollout_corr/chi2_seq:3.1115002632141113 - actor/pg_clipfrac:np.float64(0.0) - actor/ppo_kl:np.float64(0.0) - actor/pg_clipfrac_lower:np.float64(0.0) - actor/pg_loss:np.float64(0.002215957851149142) - actor/kl_loss:np.float64(0.00575049631879665) - actor/kl_coef:np.float64(0.0010000000000000002) - actor/loss:np.float64(0.0022217147052288055) - actor/grad_norm:np.float64(0.06877706199884415) - actor/lr:np.float64(5.2089881742899725e-06) - actor/perf/max_memory_allocated_gb:np.float64(39.146342277526855) - actor/perf/max_memory_reserved_gb:np.float64(42.001953125) - actor/perf/cpu_memory_used_gb:np.float64(133.79532623291016) - perf/mfu/actor:np.float64(0.3410473251457815) - training/global_step:139 - training/epoch:1 - critic/score/mean:1.275418758392334 - critic/score/max:2.0 - critic/score/min:0.5 - critic/rewards/mean:1.275418758392334 - critic/rewards/max:2.0 - critic/rewards/min:0.5 - critic/advantages/mean:-0.0022159507498145103 - critic/advantages/max:2.3818905353546143 - critic/advantages/min:-2.3496508598327637 - critic/returns/mean:-0.0022159507498145103 - critic/returns/max:2.3818905353546143 - critic/returns/min:-2.3496508598327637 - response_length/mean:3273.0390625 - response_length/max:3660.0 - response_length/min:3062.0 - response_length/clip_ratio:0.0 - response_length_non_aborted/mean:3273.0390625 - response_length_non_aborted/max:3660.0 - response_length_non_aborted/min:3062.0 - response_length_non_aborted/clip_ratio:0.0 - response/aborted_ratio:0.0 - prompt_length/mean:3943.5 - prompt_length/max:3956.0 - prompt_length/min:3923.0 - prompt_length/clip_ratio:0.0 - num_turns/min:np.int32(4) - num_turns/max:np.int32(4) - num_turns/mean:np.float64(4.0) - timing_s/start_profile:5.371595034375787e-05 - timing_s/agent_loop/num_preempted/min:np.int64(-1) - timing_s/agent_loop/num_preempted/max:np.int64(-1) - timing_s/agent_loop/num_preempted/mean:np.float64(-1.0) - timing_s/agent_loop/generate_sequences/min:np.float64(67.84979743603617) - timing_s/agent_loop/generate_sequences/max:np.float64(115.52732412598561) - timing_s/agent_loop/generate_sequences/mean:np.float64(99.61113346424054) - timing_s/agent_loop/tool_calls/min:np.float64(0.07355539099080488) - timing_s/agent_loop/tool_calls/max:np.float64(0.737019672000315) - timing_s/agent_loop/tool_calls/mean:np.float64(0.16523510746856118) - timing_s/agent_loop/compute_score/min:np.float64(0.3215457560145296) - timing_s/agent_loop/compute_score/max:np.float64(3.213360054010991) - timing_s/agent_loop/compute_score/mean:np.float64(1.0327459761710998) - timing_s/agent_loop/slowest/generate_sequences:np.float64(115.52732412598561) - timing_s/agent_loop/slowest/tool_calls:np.float64(0.08071552601177245) - timing_s/agent_loop/slowest/compute_score:np.float64(3.213360054010991) - timing_s/agent_loop/slowest/num_preempted:np.int64(-1) - timing_s/agent_loop/slowest/prompt_length:3956 - timing_s/agent_loop/slowest/response_length:3335 - timing_s/gen:143.94850660697557 - timing_s/reward:0.0005099779809825122 - timing_s/old_log_prob:152.76988579396857 - timing_s/ref:144.9543347269646 - timing_s/adv:0.17115395399741828 - timing_s/update_actor:323.44463506602915 - timing_s/update_weights:3.998060946003534 - timing_s/dump_rollout_generations:0.3239487980026752 - timing_s/step:769.7487366340356 - timing_s/stop_profile:4.746596096083522e-05 - timing_per_token_ms/update_actor:0.35015555095990347 - timing_per_token_ms/ref:0.15692504817705485 - timing_per_token_ms/adv:0.00018528830150080412 - timing_per_token_ms/gen:0.34359434348089046 - perf/total_num_tokens:923717 - perf/time_per_step:769.7487366340356 - perf/throughput:1200.0240546535201[36m(TaskRunner pid=246628)[0m Training Progress:  52%|█████▏    | 139/267 [4:00:41<27:14:42, 766.27s/it]
[33m(raylet)[0m [2026-08-29 03:42:59,969 E 242915 242915] (raylet) node_manager.cc:3496: 19 Workers (tasks / actors) killed due to memory pressure (OOM), 0 Workers crashed due to other reasons at node (ID: 73957640c1e5349fc997c662f5be905ed0f659036c2fa765e26762fa, IP: 10.110.2.5) over the last time period. To see more information about the Workers killed on this node, use `ray logs raylet.out -ip 10.110.2.5`
[33m(raylet)[0m 
[33m(raylet)[0m Refer to the documentation on how to address the out of memory issue: https://docs.ray.io/en/latest/ray-observability/user-guides/debug-apps/debug-memory.html. Consider provisioning more memory on this node or reducing task parallelism by requesting more CPUs per task. To adjust the kill threshold, set the environment variable `RAY_memory_usage_threshold` when starting Ray. To disable worker killing, set the environment variable `RAY_memory_monitor_refresh_ms` to zero. Since 2.56, Ray updated the oom killing policy to enabling killing multiple workers and selecting workers based on the time since the task start executing. To revert to the legacy policy of determining worker to oom kill based on owner group size or only selecting a single worker to kill at a time, set the environment variable `RAY_worker_killing_policy_by_group` to true before starting Ray. If the idle workers have a non-trivial memory footprint at the time of OOM (check OOM log for non-selected idle workers), consider setting the environment variable `RAY_idle_worker_killing_memory_threshold_bytes` to a lower value to consider idle workers with lower memory footprint for killing.
[36m(WorkerDict pid=246968)[0m /home/yw4636/.conda/envs/verl/lib/python3.12/site-packages/verl/plugin/platform/platform_cuda.py:99: FutureWarning: torch.cuda._set_allocator_settings is deprecated. Use torch._C._accelerator_setAllocatorSettings instead.
[36m(WorkerDict pid=246968)[0m   torch.cuda.memory._set_allocator_settings(settings)

[36m(TaskRunner pid=246628)[0m local_global_step_folder: /home/yw4636/agentic-tvg/results/grpo-vanilla/ckpt/global_step_140
Error executing job with overrides: ['algorithm.adv_estimator=grpo', '+ray_kwargs.ray_init.object_store_memory=42949672960', 'algorithm.use_kl_in_reward=False', 'data.train_files=/home/yw4636/agentic-tvg/data/processed/rl_train.parquet', 'data.val_files=/home/yw4636/agentic-tvg/data/processed/rl_val.parquet', 'data.return_raw_chat=True', 'data.train_batch_size=8', 'data.max_prompt_length=4608', 'data.max_response_length=16384', 'data.filter_overlong_prompts=False', 'data.truncation=error', 'data.image_patch_size=16', 'actor_rollout_ref.model.path=/home/yw4636/agentic-tvg/results/sft-mix/merged', 'actor_rollout_ref.model.use_remove_padding=True', 'actor_rollout_ref.model.enable_gradient_checkpointing=True', 'actor_rollout_ref.model.lora_rank=16', 'actor_rollout_ref.model.lora_alpha=32', 'actor_rollout_ref.model.target_modules=all-linear', 'actor_rollout_ref.model.exclude_modules=.*visual.*', 'actor_rollout_ref.actor.strategy=fsdp2', 'actor_rollout_ref.actor.optim.lr=1e-5', 'actor_rollout_ref.actor.optim.lr_scheduler_type=cosine', 'actor_rollout_ref.actor.optim.min_lr_ratio=0.1', 'actor_rollout_ref.actor.ppo_mini_batch_size=8', 'actor_rollout_ref.actor.use_dynamic_bsz=True', 'actor_rollout_ref.actor.ppo_max_token_len_per_gpu=24576', 'actor_rollout_ref.actor.use_kl_loss=True', 'actor_rollout_ref.actor.kl_loss_coef=0.001', 'actor_rollout_ref.actor.kl_loss_type=low_var_kl', 'actor_rollout_ref.actor.entropy_coeff=0', 'actor_rollout_ref.actor.fsdp_config.param_offload=False', 'actor_rollout_ref.actor.fsdp_config.optimizer_offload=False', 'actor_rollout_ref.rollout.name=vllm', 'actor_rollout_ref.rollout.mode=async', 'actor_rollout_ref.rollout.max_model_len=20992', 'actor_rollout_ref.rollout.tensor_model_parallel_size=1', 'actor_rollout_ref.rollout.gpu_memory_utilization=0.65', 'actor_rollout_ref.rollout.n=16', 'actor_rollout_ref.rollout.load_format=safetensors', 'actor_rollout_ref.rollout.layered_summon=True', '+actor_rollout_ref.rollout.limit_images=112', '+actor_rollout_ref.rollout.engine_kwargs.vllm.mm_processor_kwargs={max_pixels:150528}', 'actor_rollout_ref.rollout.enable_chunked_prefill=True', 'actor_rollout_ref.rollout.max_num_batched_tokens=24576', 'actor_rollout_ref.rollout.free_cache_engine=True', 'actor_rollout_ref.rollout.log_prob_use_dynamic_bsz=True', 'actor_rollout_ref.rollout.log_prob_max_token_len_per_gpu=24576', 'actor_rollout_ref.rollout.val_kwargs.do_sample=False', 'actor_rollout_ref.rollout.val_kwargs.temperature=0', 'actor_rollout_ref.rollout.multi_turn.enable=True', 'actor_rollout_ref.rollout.multi_turn.format=hermes', 'actor_rollout_ref.rollout.multi_turn.max_user_turns=3', 'actor_rollout_ref.rollout.multi_turn.max_assistant_turns=4', 'actor_rollout_ref.rollout.multi_turn.max_parallel_calls=1', 'actor_rollout_ref.rollout.multi_turn.max_tool_response_length=2048', 'actor_rollout_ref.rollout.multi_turn.tool_config_path=/home/yw4636/agentic-tvg/crop_video_tool.yaml', 'actor_rollout_ref.rollout.agent.default_agent_loop=tool_agent', 'reward.custom_reward_function.path=/home/yw4636/agentic-tvg/agentic_tvg/reward.py', 'reward.custom_reward_function.name=compute_score_qa', 'trainer.use_v1=False', 'trainer.n_gpus_per_node=1', 'trainer.nnodes=1', 'trainer.logger=["console","tensorboard"]', 'trainer.project_name=agentic-tvg', 'trainer.experiment_name=grpo_vanilla', 'trainer.default_local_dir=/home/yw4636/agentic-tvg/results/grpo-vanilla/ckpt', 'trainer.rollout_data_dir=/home/yw4636/agentic-tvg/results/grpo-vanilla/rollouts', 'trainer.validation_data_dir=/home/yw4636/agentic-tvg/results/grpo-vanilla/val_rollouts', 'data.val_batch_size=2', 'trainer.val_before_train=True', '+trainer.max_actor_ckpt_to_keep=1', 'trainer.save_freq=20', 'trainer.test_freq=20', 'trainer.total_epochs=100', 'trainer.total_training_steps=267', 'trainer.val_before_train=False']
Traceback (most recent call last):
  File "/home/yw4636/.conda/envs/verl/lib/python3.12/site-packages/verl/trainer/main_ppo.py", line 193, in main
    run_ppo(config, task_runner_class=TaskRunner)
  File "/home/yw4636/.conda/envs/verl/lib/python3.12/site-packages/verl/trainer/main_ppo.py", line 94, in run_ppo
    ray.get(runner.run.remote(config))
  File "/home/yw4636/.conda/envs/verl/lib/python3.12/site-packages/ray/_private/auto_init_hook.py", line 22, in auto_init_wrapper
    return fn(*args, **kwargs)
           ^^^^^^^^^^^^^^^^^^^
  File "/home/yw4636/.conda/envs/verl/lib/python3.12/site-packages/ray/_private/client_mode_hook.py", line 134, in wrapper
    return func(*args, **kwargs)
           ^^^^^^^^^^^^^^^^^^^^^
  File "/home/yw4636/.conda/envs/verl/lib/python3.12/site-packages/ray/_private/worker.py", line 2986, in get
    values, debugger_breakpoint = worker.get_objects(
                                  ^^^^^^^^^^^^^^^^^^^
  File "/home/yw4636/.conda/envs/verl/lib/python3.12/site-packages/ray/_private/worker.py", line 1050, in get_objects
    raise value.as_instanceof_cause()
ray.exceptions.RayTaskError(OutOfMemoryError): [36mray::TaskRunner.run()[39m (pid=246628, ip=10.110.2.5, actor_id=f8d67446d94d4b08f4e334e501000000, repr=<verl.trainer.main_ppo_v0.TaskRunner object at 0x7fe1b0c64ce0>)
           ^^^^^^^^^^^^^^^^^^^^^^^^^^^^^^^^^^^^
           ^^^^^^^^^^^^^^^^^^^^^^^^^^^^^^^
  File "/home/yw4636/.conda/envs/verl/lib/python3.12/site-packages/verl/trainer/main_ppo_v0.py", line 234, in run
    trainer.fit()
  File "/home/yw4636/.conda/envs/verl/lib/python3.12/site-packages/verl/trainer/ppo/ray_trainer.py", line 1691, in fit
    self.checkpoint_manager.update_weights(self.global_steps)
  File "/home/yw4636/.conda/envs/verl/lib/python3.12/site-packages/verl/utils/ray_utils.py", line 123, in wrapper
    return asyncio.run(coro)
           ^^^^^^^^^^^^^^^^^
  File "/home/yw4636/.conda/envs/verl/lib/python3.12/asyncio/runners.py", line 195, in run
    return runner.run(main)
           ^^^^^^^^^^^^^^^^
  File "/home/yw4636/.conda/envs/verl/lib/python3.12/asyncio/runners.py", line 118, in run
    return self._loop.run_until_complete(task)
           ^^^^^^^^^^^^^^^^^^^^^^^^^^^^^^^^^^^
  File "uvloop/loop.pyx", line 1518, in uvloop.loop.Loop.run_until_complete
  File "/home/yw4636/.conda/envs/verl/lib/python3.12/site-packages/verl/checkpoint_engine/base.py", line 495, in update_weights
    ray.get(self.actor_wg.update_weights(global_steps=global_steps, mode=self.backend))
           ^^^^^^^^^^^^^^^^^^^
           ^^^^^^^^^^^^^^^^^^^^^
                                  ^^^^^^^^^^^^^^^^^^^
ray.exceptions.RayTaskError(OutOfMemoryError): [36mray::WorkerDict.actor_rollout_update_weights()[39m (pid=246968, ip=10.110.2.5, actor_id=1c7956f6bc3379a99275275601000000, repr=<verl.single_controller.ray.base.WorkerDict object at 0x7f6751388a70>)
  File "/home/yw4636/.conda/envs/verl/lib/python3.12/concurrent/futures/_base.py", line 449, in result
    return self.__get_result()
           ^^^^^^^^^^^^^^^^^^^
  File "/home/yw4636/.conda/envs/verl/lib/python3.12/concurrent/futures/_base.py", line 401, in __get_result
    raise self._exception
           ^^^^^^^^^^^^^^^^^^^^^^^^^^^^^^^^^^^^^
  File "/home/yw4636/.conda/envs/verl/lib/python3.12/site-packages/verl/single_controller/ray/base.py", line 943, in async_func
    return await getattr(self.worker_dict[key], name)(*args, **kwargs)
           ^^^^^^^^^^^^^^^^^^^^^^^^^^^^^^^^^^^^^^^^^^^^^^^^^^^^^^^^^^^
  File "/home/yw4636/.conda/envs/verl/lib/python3.12/site-packages/verl/single_controller/base/decorator.py", line 437, in async_inner
    return await func(*args, **kwargs)
           ^^^^^^^^^^^^^^^^^^^^^^^^^^^
  File "/home/yw4636/.conda/envs/verl/lib/python3.12/site-packages/verl/utils/transferqueue_utils.py", line 425, in async_inner
    return await func(*args, **kwargs)
           ^^^^^^^^^^^^^^^^^^^^^^^^^^^
  File "/home/yw4636/.conda/envs/verl/lib/python3.12/site-packages/verl/workers/engine_workers.py", line 766, in update_weights
    await self.rollout.resume(tags=["weights"])
  File "/home/yw4636/.conda/envs/verl/lib/python3.12/site-packages/verl/workers/rollout/vllm_rollout/vllm_rollout.py", line 201, in resume
    await self.server_handle.wake_up.remote(tags=tags)
ray.exceptions.OutOfMemoryError: 12 worker(s) were killed due to the node running low on memory. Memory on the node (IP: 10.110.2.5, ID: 73957640c1e5349fc997c662f5be905ed0f659036c2fa765e26762fa) was 187.00GB / 188.10GB (0.994179)
OOM kill reason: Memory usage 192128405504B exceeded threshold of 191867928576B (95.0% of 201966239744B total)
Object store memory usage: [- objects spillable: 0
- bytes spillable: 0
- objects unsealed: 0
- bytes unsealed: 0
- objects in use: 0
- bytes in use: 0
- objects evictable: 0
- bytes evictable: 0

- objects created by worker: 0
- bytes created by worker: 0
- objects restored: 0
- bytes restored: 0
- objects received: 0
- bytes received: 0
- objects errored: 0
- bytes errored: 0

Eviction Stats:
(global lru) capacity: 42949672960
(global lru) used: 0%
(global lru) num objects: 0
(global lru) num evictions: 0
(global lru) bytes evicted: 0]
Ray killed 12 worker(s) based on the killing policy
Considered workers: [
Selected to kill: (Worker with no lease granted: pid=246845, actual memory used=0.06GB, worker ID=b841f352ae88ec1c811c23d765cde585ad6b74b2f2d8b73b05764037)
Selected to kill: (Actor(fab7ea88b1b160bba56842cc01000000): job ID=01000000, lease ID=13000000961c51811e2c804e42311b87e5ddaecef1675031f8e851d9639b8dc6, task name=agent_loop_worker_7_c5b4ee2a:AgentLoopWorker.__init__, required resources={}, pid=249265, actual memory used=1.11GB, worker ID=bdcbd9767d0ac00dd87a5f8265642814f68cf6337d26cc9aa9aa9b2c)
Selected to kill: (Actor(c29c9246ebdae80a25e6065f01000000): job ID=01000000, lease ID=12000000385daff0040938242d6fcbb1932cc9587d0771a1869d0ea249a56c77, task name=agent_loop_worker_6_9f3d937a:AgentLoopWorker.__init__, required resources={}, pid=249263, actual memory used=1.12GB, worker ID=ab9865c606eea02bcb88d274e2c00530fb8d95dd61cb2cd1b26d1e1b)
Selected to kill: (Actor(e953abc8ae18a7a5c2ffb1f401000000): job ID=01000000, lease ID=11000000a4912067c52d5402e666b55f2a33635e68167405c53202a9fb654800, task name=agent_loop_worker_5_11a5790b:AgentLoopWorker.__init__, required resources={}, pid=249262, actual memory used=1.19GB, worker ID=1b8114f198d0dfa79696f806f9749614fc40c73ada882a8077588eed)
Selected to kill: (Actor(75651acbf1a6ec556bbb83ff01000000): job ID=01000000, lease ID=10000000784dbf956b4c380e96800b4c1419d8c5e3ed94d7fcc2190bd41dbd86, task name=agent_loop_worker_4_52857e46:AgentLoopWorker.__init__, required resources={}, pid=249261, actual memory used=1.11GB, worker ID=235d627eabafc62033004190f2c2fb43ec6304ed39e3e2cc0380ecb7)
Selected to kill: (Actor(679376ab802ae6bcfacf30ae01000000): job ID=01000000, lease ID=0f000000461a58a5174be72e95b6fa1d03686577eaa1843ee2b4bc3f82076edb, task name=agent_loop_worker_3_81465719:AgentLoopWorker.__init__, required resources={}, pid=249260, actual memory used=1.12GB, worker ID=bcea144e815144b674bfa7e289c1c056d641889b9886d874883c9f31)
Selected to kill: (Actor(1ad807dda1efb231570b03e601000000): job ID=01000000, lease ID=0e0000005e2b43cd322b01220b28db734849bf9332f9cacbe686f38bb7b6d263, task name=agent_loop_worker_2_e51e1ef9:AgentLoopWorker.__init__, required resources={}, pid=249259, actual memory used=1.16GB, worker ID=3a7c04f01022feb764a3fe9b897c25d5b88e410d6ce301e18964d85a)
Selected to kill: (Actor(41fd955fac24d62eebebf63f01000000): job ID=01000000, lease ID=0d000000710fc1667f892b3f898190c2d06442b652e029cfbab9d37c35893656, task name=agent_loop_worker_1_33763e8e:AgentLoopWorker.__init__, required resources={}, pid=249258, actual memory used=1.05GB, worker ID=bb174dcbeed6b4dffa4f7f0849b366b3484e3de62dc4a71bf5747d01)
Selected to kill: (Actor(5bb6696304068c6670a91fa501000000): job ID=01000000, lease ID=0c00000051460f1cbaaed7f05b1232c0db66b96962fa69ae1c7b1001e69c1f2a, task name=agent_loop_worker_0_d7dafdb9:AgentLoopWorker.__init__, required resources={}, pid=249257, actual memory used=1.08GB, worker ID=7199edda1c84c83f74a625e965084b1036066572e173662563a0be1d)
Selected to kill: (Actor(9e5405458be16770e026909f01000000): job ID=01000000, lease ID=0b00000094caf186def7d6e4bd5fb0fe3de02a9e93a0532d67fe8b6fcc48e66f, task name=GlobalRequestLoadBalancer.__init__, required resources={}, pid=249256, actual memory used=0.63GB, worker ID=f45b13b875bcb314986deda9f4eb180b9444d40a04ef640757cec544)
Selected to kill: (Actor(e8cb948869ff6a7f1eafa21a01000000): job ID=01000000, lease ID=0a000000bd3452d11cac832da4787c7e009f577871eb0780c0f08c745f59a0cf, task name=vllm_server_0_0:vLLMHttpServer.__init__, required resources={}, pid=247449, actual memory used=1.47GB, worker ID=5aa722c397490267c11f4e8051eccc704bccd03a1dfec9f4fae97f7a)
Selected to kill: (Actor(a781e3eb4a2418c83ebb5d3701000000): job ID=01000000, lease ID=09000000fb580ef109944bfe8f2dbe393c75772378bd53c06b5b4f1c34f2d541, task name=reward_loop_worker_7:RewardLoopWorker.__init__, required resources={}, pid=247447, actual memory used=0.56GB, worker ID=585edaf248f414ce84f030ef974e4afaf3581a34a3a5d942ad0ea3f3)
(Actor(72e40bc9d0af2e00468dc84e01000000): job ID=01000000, lease ID=0700000029f1896a406e891d9ce9a1f9f41e3e631e6c6bcadeacc2bae0d0627c, task name=reward_loop_worker_5:RewardLoopWorker.__init__, required resources={}, pid=247445, actual memory used=0.56GB, worker ID=2398ea9744c949f5f5887e5d49bcbac6df3dc2dc964cc7e61e473c41)
(Actor(84e93480f6296fe51ad6f7c201000000): job ID=01000000, lease ID=060000005b9644f5fef5cc748d6e5e80f931a943c4ab3d3fe1726abf9b5213a3, task name=reward_loop_worker_4:RewardLoopWorker.__init__, required resources={}, pid=247444, actual memory used=0.56GB, worker ID=dc7cb8c92126d31566d3c36fbd7d09b9ec07c1d03a9d95ae982f260c)
(Actor(87f68693c6a45c3b809e5e5601000000): job ID=01000000, lease ID=050000002e80d6eab9f64f580a22566e73a423a01b6d10d13ee5e762ba8e6159, task name=reward_loop_worker_3:RewardLoopWorker.__init__, required resources={}, pid=247443, actual memory used=0.56GB, worker ID=07e34a20a3bccbcf748e1e47f84877e2ca90b026d68eb24eb059eac0)
(Actor(6a017d420d846112d3a36e3001000000): job ID=01000000, lease ID=040000003393979a99518d9a7b93a7cc8d710d56b4483132cab8edb704f6dd47, task name=reward_loop_worker_2:RewardLoopWorker.__init__, required resources={}, pid=247442, actual memory used=0.56GB, worker ID=b891def2eaf5f972d2edcf3a27b20b6c04e63de8c999ca20299c4867)
(Actor(1b9ec2b3b4a57dab2dd96b3901000000): job ID=01000000, lease ID=08000000646ac692c5ee93a625b9cc9edc9282e1150c0889201b0a2847b3cb61, task name=reward_loop_worker_6:RewardLoopWorker.__init__, required resources={}, pid=247446, actual memory used=0.56GB, worker ID=090a9cb9f4b735adb5b7c93fd154afabeab518b6a1bd243fa4b8e529)
(Actor(631ad0ae296c5fd0735492d701000000): job ID=01000000, lease ID=020000007421d4aec34d41f863c5377b066999e284488496ec430ae5df9ff124, task name=reward_loop_worker_0:RewardLoopWorker.__init__, required resources={}, pid=247441, actual memory used=0.56GB, worker ID=13242719058a9c5d0e5f476b20974330bda72d2d974f1897077986ca)
(Actor(84c110b64aebc0575194a5f201000000): job ID=01000000, lease ID=03000000fe854ba1cccf596cb354ec2adfb6d82f551c48b95981bd070b07c0c2, task name=reward_loop_worker_1:RewardLoopWorker.__init__, required resources={}, pid=247440, actual memory used=0.56GB, worker ID=d169ccdc417cb1a56a4283b24a0190c5c97107aece530f540ce5fa9f)
(Actor(f8d67446d94d4b08f4e334e501000000): job ID=01000000, lease ID=000000006899e621ceeb35320a29dee708d448b512dd32b17803fa7ae4739242, task name=TaskRunner.__init__, required resources={}, pid=246628, actual memory used=62.71GB, worker ID=711a5539cbb977a9c3e3f49a6905f30c52c7369dc18510b023fa16c6)
(Actor(1c7956f6bc3379a99275275601000000): job ID=01000000, lease ID=01000000aba89326711e0e693afabb694c652fa7cbdcf58413edfb965849311a, task name=39vssmWorkerDict_0:0:WorkerDict.__init__, required resources={GPU_group_750e9976e43deeb4f2a8cceb6d9201000000: 0.3333, GPU_group_0_750e9976e43deeb4f2a8cceb6d9201000000: 0.3333, CPU_group_750e9976e43deeb4f2a8cceb6d9201000000: 1, CPU_group_0_750e9976e43deeb4f2a8cceb6d9201000000: 1, bundle_group_0_750e9976e43deeb4f2a8cceb6d9201000000: 0.001, bundle_group_750e9976e43deeb4f2a8cceb6d9201000000: 0.001}, pid=246968, actual memory used=33.81GB, worker ID=059c93e16d1767e0e41fab1b4f4d389f5a54dcfd4ec234aee137cc15)
]
Total non-selected idle workers: 60
Total non-selected idle workers USS bytes: 2.52GB
To see more information about memory usage on this node, use `ray logs raylet.out -ip 10.110.2.5`
Top 10 memory users: PID	MEM(GB)	COMMAND
246628	62.71	ray::TaskRunner.run
246968	33.81	ray::WorkerDict
248310	15.15	VLLM::Worker
247449	1.47	ray::vLLMHttpServer
249262	1.19	ray::AgentLoopWorker
249259	1.16	ray::AgentLoopWorker
249260	1.12	ray::AgentLoopWorker
249263	1.12	ray::AgentLoopWorker
249261	1.11	ray::AgentLoopWorker
249265	1.11	ray::AgentLoopWorker
Refer to the documentation on how to address the out of memory issue: https://docs.ray.io/en/latest/ray-observability/user-guides/debug-apps/debug-memory.html. Consider provisioning more memory on this node or reducing task parallelism by requesting more CPUs per task. Set max_restarts and max_task_retries to enable retry when the task crashes due to OOM. To adjust the kill threshold, set the environment variable `RAY_memory_usage_threshold` when starting Ray. To disable worker killing, set the environment variable `RAY_memory_monitor_refresh_ms` to zero. Since 2.56, Ray updated the oom killing policy to enabling killing multiple workers and selecting workers based on the time since the task start executing. To revert to the legacy policy of determining worker to oom kill based on owner group size or only selecting a single worker to kill at a time, set the environment variable `RAY_worker_killing_policy_by_group` to true before starting Ray. If the idle workers have a non-trivial memory footprint at the time of OOM (check OOM log for non-selected idle workers), consider setting the environment variable `RAY_idle_worker_killing_memory_threshold_bytes` to a lower value to consider idle workers with lower memory footprint for killing.

Set the environment variable HYDRA_FULL_ERROR=1 for a complete stack trace.
