/home/yw4636/.conda/envs/verl/lib/python3.12/site-packages/verl/trainer/main_ppo.py:181: UserWarning: Disabled critic as algorithm.adv_estimator != gae. If it is not intended, please set critic.enable=True
  use_critic=need_critic(config),
WARNING: val_batch_size is deprecated. Validation datasets are sent to inference engines as a whole batch, which will schedule the memory themselves.
/home/yw4636/.conda/envs/verl/lib/python3.12/site-packages/verl/workers/engine/__init__.py:31: UserWarning: torchtitan engine is not available: ModuleNotFoundError("No module named 'torchtitan'")
  warnings.warn(f"torchtitan engine is not available: {e!r}", stacklevel=1)
/home/yw4636/.conda/envs/verl/lib/python3.12/site-packages/verl/workers/engine/__init__.py:40: UserWarning: veomni engine is not available: ModuleNotFoundError("No module named 'veomni'")
  warnings.warn(f"veomni engine is not available: {e!r}", stacklevel=1)
/home/yw4636/.conda/envs/verl/lib/python3.12/site-packages/verl/workers/engine/__init__.py:49: UserWarning: automodel engine is not available: ModuleNotFoundError("No module named 'nemo_automodel'")
  warnings.warn(f"automodel engine is not available: {e!r}", stacklevel=1)
/home/yw4636/.conda/envs/verl/lib/python3.12/site-packages/verl/workers/engine/mindspeed/transformer_impl.py:24: UserWarning: NPU not support router replay for now.
  from verl.utils.megatron.router_replay_patch import RouterReplay
/home/yw4636/.conda/envs/verl/lib/python3.12/site-packages/verl/workers/engine/__init__.py:59: UserWarning: mindspeed engine is not available: ModuleNotFoundError("No module named 'megatron'")
  warnings.warn(f"mindspeed engine is not available: {e!r}", stacklevel=1)
/home/yw4636/.conda/envs/verl/lib/python3.12/site-packages/verl/workers/engine/__init__.py:69: UserWarning: megatron engine is not available: ModuleNotFoundError("No module named 'megatron'")
  warnings.warn(f"megatron engine is not available: {e!r}", stacklevel=1)
[validate_config] All configuration checks passed successfully!
[2026-08-28 08:08:39,089][__main__][WARNING] - Legacy trainer `main_ppo_v0.py` is deprecated, and wil be removed in v0.9.0.Please set `trainer.use_v1=True` in config to use V1 trainer.
2026-08-28 08:08:42,034	INFO worker.py:2015 -- Started a local Ray instance. View the dashboard at [1m[32mhttp://127.0.0.1:8265 [39m[22m
[36m(pid=3691285)[0m /home/yw4636/.conda/envs/verl/lib/python3.12/site-packages/verl/workers/engine/__init__.py:31: UserWarning: torchtitan engine is not available: ModuleNotFoundError("No module named 'torchtitan'")
[36m(pid=3691285)[0m   warnings.warn(f"torchtitan engine is not available: {e!r}", stacklevel=1)
[36m(pid=3691285)[0m /home/yw4636/.conda/envs/verl/lib/python3.12/site-packages/verl/workers/engine/__init__.py:40: UserWarning: veomni engine is not available: ModuleNotFoundError("No module named 'veomni'")
[36m(pid=3691285)[0m   warnings.warn(f"veomni engine is not available: {e!r}", stacklevel=1)
[36m(pid=3691285)[0m /home/yw4636/.conda/envs/verl/lib/python3.12/site-packages/verl/workers/engine/__init__.py:49: UserWarning: automodel engine is not available: ModuleNotFoundError("No module named 'nemo_automodel'")
[36m(pid=3691285)[0m   warnings.warn(f"automodel engine is not available: {e!r}", stacklevel=1)
[36m(pid=3691285)[0m /home/yw4636/.conda/envs/verl/lib/python3.12/site-packages/verl/workers/engine/mindspeed/transformer_impl.py:24: UserWarning: NPU not support router replay for now.
[36m(pid=3691285)[0m   from verl.utils.megatron.router_replay_patch import RouterReplay
[36m(pid=3691285)[0m /home/yw4636/.conda/envs/verl/lib/python3.12/site-packages/verl/workers/engine/__init__.py:59: UserWarning: mindspeed engine is not available: ModuleNotFoundError("No module named 'megatron'")
[36m(pid=3691285)[0m   warnings.warn(f"mindspeed engine is not available: {e!r}", stacklevel=1)
[36m(pid=3691285)[0m /home/yw4636/.conda/envs/verl/lib/python3.12/site-packages/verl/workers/engine/__init__.py:69: UserWarning: megatron engine is not available: ModuleNotFoundError("No module named 'megatron'")
[36m(pid=3691285)[0m   warnings.warn(f"megatron engine is not available: {e!r}", stacklevel=1)
ray init kwargs: {'num_cpus': None, 'object_store_memory': 42949672960, 'runtime_env': {'env_vars': {'TOKENIZERS_PARALLELISM': 'true', 'NCCL_DEBUG': 'WARN', 'VLLM_LOGGING_LEVEL': 'WARN', 'VLLM_ALLOW_RUNTIME_LORA_UPDATING': 'true', 'VLLM_DISABLE_COMPILE_CACHE': '1', 'HCCL_HOST_SOCKET_PORT_RANGE': 'auto', 'HCCL_NPU_SOCKET_PORT_RANGE': 'auto', 'HSA_NO_SCRATCH_RECLAIM': '1', 'VERL_FULL_DETERMINISM': '0', 'VLLM_BATCH_INVARIANT': '0', 'VERL_RL_INSIGHT_ENABLE': '0'}, 'working_dir': None}}
[36m(TaskRunner pid=3691285)[0m TaskRunner hostname: srv1-lg2.bed.cosmos-lab.org, PID: 3691285
[36m(TaskRunner pid=3691285)[0m {'actor_rollout_ref': {'actor': {'_target_': 'verl.workers.config.FSDPActorConfig',
[36m(TaskRunner pid=3691285)[0m                                  'calculate_entropy': False,
[36m(TaskRunner pid=3691285)[0m                                  'calculate_sum_pi_squared': False,
[36m(TaskRunner pid=3691285)[0m                                  'checkpoint': {'_target_': 'verl.trainer.config.CheckpointConfig',
[36m(TaskRunner pid=3691285)[0m                                                 'async_save': False,
[36m(TaskRunner pid=3691285)[0m                                                 'load_contents': ['model',
[36m(TaskRunner pid=3691285)[0m                                                                   'optimizer',
[36m(TaskRunner pid=3691285)[0m                                                                   'extra'],
[36m(TaskRunner pid=3691285)[0m                                                 'save_contents': ['model',
[36m(TaskRunner pid=3691285)[0m                                                                   'optimizer',
[36m(TaskRunner pid=3691285)[0m                                                                   'extra'],
[36m(TaskRunner pid=3691285)[0m                                                 'strict': True},
[36m(TaskRunner pid=3691285)[0m                                  'clip_ratio': 0.2,
[36m(TaskRunner pid=3691285)[0m                                  'clip_ratio_c': 3.0,
[36m(TaskRunner pid=3691285)[0m                                  'clip_ratio_high': 0.2,
[36m(TaskRunner pid=3691285)[0m                                  'clip_ratio_low': 0.2,
[36m(TaskRunner pid=3691285)[0m                                  'data_loader_seed': 42,
[36m(TaskRunner pid=3691285)[0m                                  'entropy_checkpointing': False,
[36m(TaskRunner pid=3691285)[0m                                  'entropy_coeff': 0,
[36m(TaskRunner pid=3691285)[0m                                  'entropy_from_logits_chunk_size': 2048,
[36m(TaskRunner pid=3691285)[0m                                  'entropy_from_logits_with_chunking': False,
[36m(TaskRunner pid=3691285)[0m                                  'freeze_vision_tower': False,
[36m(TaskRunner pid=3691285)[0m                                  'fsdp_config': {'_target_': 'verl.workers.config.FSDPEngineConfig',
[36m(TaskRunner pid=3691285)[0m                                                  'dtype': 'bfloat16',
[36m(TaskRunner pid=3691285)[0m                                                  'entropy_checkpointing': False,
[36m(TaskRunner pid=3691285)[0m                                                  'entropy_from_logits_chunk_size': 2048,
[36m(TaskRunner pid=3691285)[0m                                                  'entropy_from_logits_with_chunking': False,
[36m(TaskRunner pid=3691285)[0m                                                  'forward_only': False,
[36m(TaskRunner pid=3691285)[0m                                                  'forward_prefetch': False,
[36m(TaskRunner pid=3691285)[0m                                                  'fsdp_size': -1,
[36m(TaskRunner pid=3691285)[0m                                                  'full_determinism': False,
[36m(TaskRunner pid=3691285)[0m                                                  'model_dtype': 'fp32',
[36m(TaskRunner pid=3691285)[0m                                                  'offload_policy': False,
[36m(TaskRunner pid=3691285)[0m                                                  'optimizer_offload': False,
[36m(TaskRunner pid=3691285)[0m                                                  'pad_to_length': False,
[36m(TaskRunner pid=3691285)[0m                                                  'pad_to_length_bucket': 1024,
[36m(TaskRunner pid=3691285)[0m                                                  'param_offload': False,
[36m(TaskRunner pid=3691285)[0m                                                  'qat': {'_target_': 'verl.workers.config.QATEngineConfig',
[36m(TaskRunner pid=3691285)[0m                                                          'activation_observer': 'static_minmax',
[36m(TaskRunner pid=3691285)[0m                                                          'enable': False,
[36m(TaskRunner pid=3691285)[0m                                                          'group_size': 16,
[36m(TaskRunner pid=3691285)[0m                                                          'ignore_patterns': ['lm_head',
[36m(TaskRunner pid=3691285)[0m                                                                              'embed_tokens',
[36m(TaskRunner pid=3691285)[0m                                                                              're:.*mlp.gate$'],
[36m(TaskRunner pid=3691285)[0m                                                          'mode': 'w4a16',
[36m(TaskRunner pid=3691285)[0m                                                          'quantization_config_path': None},
[36m(TaskRunner pid=3691285)[0m                                                  'reshard_after_forward': True,
[36m(TaskRunner pid=3691285)[0m                                                  'seed': 42,
[36m(TaskRunner pid=3691285)[0m                                                  'strategy': 'fsdp',
[36m(TaskRunner pid=3691285)[0m                                                  'ulysses_sequence_parallel_size': 1,
[36m(TaskRunner pid=3691285)[0m                                                  'use_orig_params': False,
[36m(TaskRunner pid=3691285)[0m                                                  'use_torch_compile': True,
[36m(TaskRunner pid=3691285)[0m                                                  'wrap_policy': {'min_num_params': 0}},
[36m(TaskRunner pid=3691285)[0m                                  'grad_clip': 1.0,
[36m(TaskRunner pid=3691285)[0m                                  'kl_loss_coef': 0.001,
[36m(TaskRunner pid=3691285)[0m                                  'kl_loss_type': 'low_var_kl',
[36m(TaskRunner pid=3691285)[0m                                  'loss_agg_mode': 'token-mean',
[36m(TaskRunner pid=3691285)[0m                                  'loss_scale_factor': None,
[36m(TaskRunner pid=3691285)[0m                                  'optim': {'_target_': 'verl.workers.config.FSDPOptimizerConfig',
[36m(TaskRunner pid=3691285)[0m                                            'betas': [0.9, 0.999],
[36m(TaskRunner pid=3691285)[0m                                            'clip_grad': 1.0,
[36m(TaskRunner pid=3691285)[0m                                            'lr': 1e-05,
[36m(TaskRunner pid=3691285)[0m                                            'lr_scheduler_type': 'cosine',
[36m(TaskRunner pid=3691285)[0m                                            'lr_warmup_steps': -1,
[36m(TaskRunner pid=3691285)[0m                                            'lr_warmup_steps_ratio': 0.0,
[36m(TaskRunner pid=3691285)[0m                                            'min_lr_ratio': 0.1,
[36m(TaskRunner pid=3691285)[0m                                            'num_cycles': 0.5,
[36m(TaskRunner pid=3691285)[0m                                            'optimizer': 'AdamW',
[36m(TaskRunner pid=3691285)[0m                                            'optimizer_impl': 'torch.optim',
[36m(TaskRunner pid=3691285)[0m                                            'override_optimizer_config': None,
[36m(TaskRunner pid=3691285)[0m                                            'total_training_steps': -1,
[36m(TaskRunner pid=3691285)[0m                                            'warmup_style': None,
[36m(TaskRunner pid=3691285)[0m                                            'weight_decay': 0.01,
[36m(TaskRunner pid=3691285)[0m                                            'zero_indexed_step': True},
[36m(TaskRunner pid=3691285)[0m                                  'pad_to_length': False,
[36m(TaskRunner pid=3691285)[0m                                  'policy_loss': {'_target_': 'verl.workers.config.PolicyLossConfig',
[36m(TaskRunner pid=3691285)[0m                                                  'clip_cov_lb': 1.0,
[36m(TaskRunner pid=3691285)[0m                                                  'clip_cov_ratio': 0.0002,
[36m(TaskRunner pid=3691285)[0m                                                  'clip_cov_ub': 5.0,
[36m(TaskRunner pid=3691285)[0m                                                  'dro_beta': None,
[36m(TaskRunner pid=3691285)[0m                                                  'kl_cov_ratio': 0.0002,
[36m(TaskRunner pid=3691285)[0m                                                  'loss_mode': 'vanilla',
[36m(TaskRunner pid=3691285)[0m                                                  'ppo_kl_coef': 0.1},
[36m(TaskRunner pid=3691285)[0m                                  'ppo_epochs': 1,
[36m(TaskRunner pid=3691285)[0m                                  'ppo_max_token_len_per_gpu': 24576,
[36m(TaskRunner pid=3691285)[0m                                  'ppo_micro_batch_size': None,
[36m(TaskRunner pid=3691285)[0m                                  'ppo_micro_batch_size_per_gpu': None,
[36m(TaskRunner pid=3691285)[0m                                  'ppo_mini_batch_size': 8,
[36m(TaskRunner pid=3691285)[0m                                  'profiler': {'_target_': 'verl.utils.profiler.ProfilerConfig',
[36m(TaskRunner pid=3691285)[0m                                               'all_ranks': False,
[36m(TaskRunner pid=3691285)[0m                                               'enable': False,
[36m(TaskRunner pid=3691285)[0m                                               'ranks': [],
[36m(TaskRunner pid=3691285)[0m                                               'save_path': 'outputs/profile',
[36m(TaskRunner pid=3691285)[0m                                               'tool': None,
[36m(TaskRunner pid=3691285)[0m                                               'tool_config': {'npu': {'_target_': 'verl.utils.profiler.config.NPUToolConfig',
[36m(TaskRunner pid=3691285)[0m                                                                       'analysis': True,
[36m(TaskRunner pid=3691285)[0m                                                                       'contents': [],
[36m(TaskRunner pid=3691285)[0m                                                                       'discrete': False,
[36m(TaskRunner pid=3691285)[0m                                                                       'level': 'level0'},
[36m(TaskRunner pid=3691285)[0m                                                               'nsys': {'_target_': 'verl.utils.profiler.config.NsightToolConfig',
[36m(TaskRunner pid=3691285)[0m                                                                        'discrete': False},
[36m(TaskRunner pid=3691285)[0m                                                               'precision_debugger': {'_target_': 'verl.utils.profiler.config.PrecisionDebuggerToolConfig',
[36m(TaskRunner pid=3691285)[0m                                                                                      'config_path': None,
[36m(TaskRunner pid=3691285)[0m                                                                                      'stages': None,
[36m(TaskRunner pid=3691285)[0m                                                                                      'steps': None,
[36m(TaskRunner pid=3691285)[0m                                                                                      'strict': False},
[36m(TaskRunner pid=3691285)[0m                                                               'torch': {'_target_': 'verl.utils.profiler.config.TorchProfilerToolConfig',
[36m(TaskRunner pid=3691285)[0m                                                                         'contents': [],
[36m(TaskRunner pid=3691285)[0m                                                                         'discrete': False,
[36m(TaskRunner pid=3691285)[0m                                                                         'schedule': {'_target_': 'verl.utils.profiler.config.TorchProfilerScheduleConfig',
[36m(TaskRunner pid=3691285)[0m                                                                                      'active': 0,
[36m(TaskRunner pid=3691285)[0m                                                                                      'repeat': 0,
[36m(TaskRunner pid=3691285)[0m                                                                                      'skip_first': 0,
[36m(TaskRunner pid=3691285)[0m                                                                                      'wait': 0,
[36m(TaskRunner pid=3691285)[0m                                                                                      'warmup': 0}},
[36m(TaskRunner pid=3691285)[0m                                                               'torch_memory': {'_target_': 'verl.utils.profiler.config.TorchMemoryToolConfig',
[36m(TaskRunner pid=3691285)[0m                                                                                'stack_depth': 32,
[36m(TaskRunner pid=3691285)[0m                                                                                'trace_alloc_max_entries': 100000}}},
[36m(TaskRunner pid=3691285)[0m                                  'qat': {'activation_observer': 'static_minmax',
[36m(TaskRunner pid=3691285)[0m                                          'enable': False,
[36m(TaskRunner pid=3691285)[0m                                          'group_size': 16,
[36m(TaskRunner pid=3691285)[0m                                          'ignore_patterns': ['lm_head',
[36m(TaskRunner pid=3691285)[0m                                                              'embed_tokens',
[36m(TaskRunner pid=3691285)[0m                                                              're:.*mlp.gate$'],
[36m(TaskRunner pid=3691285)[0m                                          'mode': 'w4a16',
[36m(TaskRunner pid=3691285)[0m                                          'quantization_config_path': None},
[36m(TaskRunner pid=3691285)[0m                                  'rollout_n': 16,
[36m(TaskRunner pid=3691285)[0m                                  'router_replay': {'_target_': 'verl.workers.config.RouterReplayConfig',
[36m(TaskRunner pid=3691285)[0m                                                    'mode': 'disabled',
[36m(TaskRunner pid=3691285)[0m                                                    'record_file': None,
[36m(TaskRunner pid=3691285)[0m                                                    'replay_file': None},
[36m(TaskRunner pid=3691285)[0m                                  'shuffle': False,
[36m(TaskRunner pid=3691285)[0m                                  'strategy': 'fsdp2',
[36m(TaskRunner pid=3691285)[0m                                  'tau_neg': 1.05,
[36m(TaskRunner pid=3691285)[0m                                  'tau_pos': 1.0,
[36m(TaskRunner pid=3691285)[0m                                  'ulysses_sequence_parallel_size': 1,
[36m(TaskRunner pid=3691285)[0m                                  'use_dynamic_bsz': True,
[36m(TaskRunner pid=3691285)[0m                                  'use_fused_kernels': False,
[36m(TaskRunner pid=3691285)[0m                                  'use_kl_loss': True,
[36m(TaskRunner pid=3691285)[0m                                  'use_prefix_grouper': False,
[36m(TaskRunner pid=3691285)[0m                                  'use_remove_padding': True,
[36m(TaskRunner pid=3691285)[0m                                  'use_torch_compile': True},
[36m(TaskRunner pid=3691285)[0m                        'hybrid_engine': True,
[36m(TaskRunner pid=3691285)[0m                        'model': {'_target_': 'verl.workers.config.HFModelConfig',
[36m(TaskRunner pid=3691285)[0m                                  'custom_chat_template': None,
[36m(TaskRunner pid=3691285)[0m                                  'enable_activation_offload': False,
[36m(TaskRunner pid=3691285)[0m                                  'enable_gradient_checkpointing': True,
[36m(TaskRunner pid=3691285)[0m                                  'exclude_modules': '.*visual.*',
[36m(TaskRunner pid=3691285)[0m                                  'external_lib': None,
[36m(TaskRunner pid=3691285)[0m                                  'fused_kernel_options': {'impl_backend': 'torch'},
[36m(TaskRunner pid=3691285)[0m                                  'hf_config_path': None,
[36m(TaskRunner pid=3691285)[0m                                  'lora': {'a2a_experimental': False,
[36m(TaskRunner pid=3691285)[0m                                           'adapter_path': None,
[36m(TaskRunner pid=3691285)[0m                                           'alpha': 32,
[36m(TaskRunner pid=3691285)[0m                                           'dropout': 0.0,
[36m(TaskRunner pid=3691285)[0m                                           'dropout_position': 'pre',
[36m(TaskRunner pid=3691285)[0m                                           'dtype': None,
[36m(TaskRunner pid=3691285)[0m                                           'exclude_modules': [],
[36m(TaskRunner pid=3691285)[0m                                           'freeze_language_model': True,
[36m(TaskRunner pid=3691285)[0m                                           'freeze_vision_model': True,
[36m(TaskRunner pid=3691285)[0m                                           'freeze_vision_projection': True,
[36m(TaskRunner pid=3691285)[0m                                           'lora_A_init_method': 'xavier',
[36m(TaskRunner pid=3691285)[0m                                           'lora_B_init_method': 'zero',
[36m(TaskRunner pid=3691285)[0m                                           'merge': False,
[36m(TaskRunner pid=3691285)[0m                                           'rank': 0,
[36m(TaskRunner pid=3691285)[0m                                           'target_modules': ['linear_qkv',
[36m(TaskRunner pid=3691285)[0m                                                              'linear_proj',
[36m(TaskRunner pid=3691285)[0m                                                              'linear_fc1',
[36m(TaskRunner pid=3691285)[0m                                                              'linear_fc2'],
[36m(TaskRunner pid=3691285)[0m                                           'type': 'lora'},
[36m(TaskRunner pid=3691285)[0m                                  'lora_adapter_path': None,
[36m(TaskRunner pid=3691285)[0m                                  'lora_alpha': 32,
[36m(TaskRunner pid=3691285)[0m                                  'lora_rank': 16,
[36m(TaskRunner pid=3691285)[0m                                  'mtp': {'_target_': 'verl.workers.config.MtpConfig',
[36m(TaskRunner pid=3691285)[0m                                          'detach_encoder': False,
[36m(TaskRunner pid=3691285)[0m                                          'enable': False,
[36m(TaskRunner pid=3691285)[0m                                          'enable_rollout': False,
[36m(TaskRunner pid=3691285)[0m                                          'enable_train': False,
[36m(TaskRunner pid=3691285)[0m                                          'method': 'mtp',
[36m(TaskRunner pid=3691285)[0m                                          'mtp_loss_scaling_factor': 0.1,
[36m(TaskRunner pid=3691285)[0m                                          'num_speculative_tokens': 1,
[36m(TaskRunner pid=3691285)[0m                                          'speculative_algorithm': 'EAGLE',
[36m(TaskRunner pid=3691285)[0m                                          'speculative_eagle_topk': 1,
[36m(TaskRunner pid=3691285)[0m                                          'speculative_num_draft_tokens': 4,
[36m(TaskRunner pid=3691285)[0m                                          'speculative_num_steps': 3},
[36m(TaskRunner pid=3691285)[0m                                  'override_config': {},
[36m(TaskRunner pid=3691285)[0m                                  'path': '/home/yw4636/agentic-tvg/results/sft-mix/merged',
[36m(TaskRunner pid=3691285)[0m                                  'target_modules': 'all-linear',
[36m(TaskRunner pid=3691285)[0m                                  'tiled_mlp': {'enabled': False,
[36m(TaskRunner pid=3691285)[0m                                                'num_shards': 4},
[36m(TaskRunner pid=3691285)[0m                                  'tokenizer_path': None,
[36m(TaskRunner pid=3691285)[0m                                  'trust_remote_code': False,
[36m(TaskRunner pid=3691285)[0m                                  'use_fused_kernels': False,
[36m(TaskRunner pid=3691285)[0m                                  'use_liger': False,
[36m(TaskRunner pid=3691285)[0m                                  'use_remove_padding': True,
[36m(TaskRunner pid=3691285)[0m                                  'use_shm': False},
[36m(TaskRunner pid=3691285)[0m                        'nccl_timeout': 600,
[36m(TaskRunner pid=3691285)[0m                        'ref': {'_target_': 'verl.workers.config.FSDPActorConfig',
[36m(TaskRunner pid=3691285)[0m                                'entropy_checkpointing': False,
[36m(TaskRunner pid=3691285)[0m                                'entropy_from_logits_chunk_size': 2048,
[36m(TaskRunner pid=3691285)[0m                                'entropy_from_logits_with_chunking': False,
[36m(TaskRunner pid=3691285)[0m                                'fsdp_config': {'_target_': 'verl.workers.config.FSDPEngineConfig',
[36m(TaskRunner pid=3691285)[0m                                                'dtype': 'bfloat16',
[36m(TaskRunner pid=3691285)[0m                                                'entropy_checkpointing': False,
[36m(TaskRunner pid=3691285)[0m                                                'entropy_from_logits_chunk_size': 2048,
[36m(TaskRunner pid=3691285)[0m                                                'entropy_from_logits_with_chunking': False,
[36m(TaskRunner pid=3691285)[0m                                                'forward_only': True,
[36m(TaskRunner pid=3691285)[0m                                                'forward_prefetch': False,
[36m(TaskRunner pid=3691285)[0m                                                'fsdp_size': -1,
[36m(TaskRunner pid=3691285)[0m                                                'full_determinism': False,
[36m(TaskRunner pid=3691285)[0m                                                'model_dtype': 'fp32',
[36m(TaskRunner pid=3691285)[0m                                                'offload_policy': False,
[36m(TaskRunner pid=3691285)[0m                                                'optimizer_offload': False,
[36m(TaskRunner pid=3691285)[0m                                                'pad_to_length': False,
[36m(TaskRunner pid=3691285)[0m                                                'pad_to_length_bucket': 1024,
[36m(TaskRunner pid=3691285)[0m                                                'param_offload': False,
[36m(TaskRunner pid=3691285)[0m                                                'qat': {'_target_': 'verl.workers.config.QATEngineConfig',
[36m(TaskRunner pid=3691285)[0m                                                        'activation_observer': 'static_minmax',
[36m(TaskRunner pid=3691285)[0m                                                        'enable': False,
[36m(TaskRunner pid=3691285)[0m                                                        'group_size': 16,
[36m(TaskRunner pid=3691285)[0m                                                        'ignore_patterns': ['lm_head',
[36m(TaskRunner pid=3691285)[0m                                                                            'embed_tokens',
[36m(TaskRunner pid=3691285)[0m                                                                            're:.*mlp.gate$'],
[36m(TaskRunner pid=3691285)[0m                                                        'mode': 'w4a16',
[36m(TaskRunner pid=3691285)[0m                                                        'quantization_config_path': None},
[36m(TaskRunner pid=3691285)[0m                                                'reshard_after_forward': True,
[36m(TaskRunner pid=3691285)[0m                                                'seed': 42,
[36m(TaskRunner pid=3691285)[0m                                                'strategy': 'fsdp',
[36m(TaskRunner pid=3691285)[0m                                                'ulysses_sequence_parallel_size': 1,
[36m(TaskRunner pid=3691285)[0m                                                'use_orig_params': False,
[36m(TaskRunner pid=3691285)[0m                                                'use_torch_compile': True,
[36m(TaskRunner pid=3691285)[0m                                                'wrap_policy': {'min_num_params': 0}},
[36m(TaskRunner pid=3691285)[0m                                'log_prob_max_token_len_per_gpu': 24576,
[36m(TaskRunner pid=3691285)[0m                                'log_prob_micro_batch_size': None,
[36m(TaskRunner pid=3691285)[0m                                'log_prob_micro_batch_size_per_gpu': None,
[36m(TaskRunner pid=3691285)[0m                                'log_prob_use_dynamic_bsz': True,
[36m(TaskRunner pid=3691285)[0m                                'pad_to_length': False,
[36m(TaskRunner pid=3691285)[0m                                'profiler': {'_target_': 'verl.utils.profiler.ProfilerConfig',
[36m(TaskRunner pid=3691285)[0m                                             'all_ranks': False,
[36m(TaskRunner pid=3691285)[0m                                             'enable': False,
[36m(TaskRunner pid=3691285)[0m                                             'ranks': [],
[36m(TaskRunner pid=3691285)[0m                                             'save_path': 'outputs/profile',
[36m(TaskRunner pid=3691285)[0m                                             'tool': None,
[36m(TaskRunner pid=3691285)[0m                                             'tool_config': {'npu': {'_target_': 'verl.utils.profiler.config.NPUToolConfig',
[36m(TaskRunner pid=3691285)[0m                                                                     'analysis': True,
[36m(TaskRunner pid=3691285)[0m                                                                     'contents': [],
[36m(TaskRunner pid=3691285)[0m                                                                     'discrete': False,
[36m(TaskRunner pid=3691285)[0m                                                                     'level': 'level0'},
[36m(TaskRunner pid=3691285)[0m                                                             'nsys': {'_target_': 'verl.utils.profiler.config.NsightToolConfig',
[36m(TaskRunner pid=3691285)[0m                                                                      'discrete': False},
[36m(TaskRunner pid=3691285)[0m                                                             'precision_debugger': {'_target_': 'verl.utils.profiler.config.PrecisionDebuggerToolConfig',
[36m(TaskRunner pid=3691285)[0m                                                                                    'config_path': None,
[36m(TaskRunner pid=3691285)[0m                                                                                    'stages': None,
[36m(TaskRunner pid=3691285)[0m                                                                                    'steps': None,
[36m(TaskRunner pid=3691285)[0m                                                                                    'strict': False},
[36m(TaskRunner pid=3691285)[0m                                                             'torch': {'_target_': 'verl.utils.profiler.config.TorchProfilerToolConfig',
[36m(TaskRunner pid=3691285)[0m                                                                       'contents': [],
[36m(TaskRunner pid=3691285)[0m                                                                       'discrete': False,
[36m(TaskRunner pid=3691285)[0m                                                                       'schedule': {'_target_': 'verl.utils.profiler.config.TorchProfilerScheduleConfig',
[36m(TaskRunner pid=3691285)[0m                                                                                    'active': 0,
[36m(TaskRunner pid=3691285)[0m                                                                                    'repeat': 0,
[36m(TaskRunner pid=3691285)[0m                                                                                    'skip_first': 0,
[36m(TaskRunner pid=3691285)[0m                                                                                    'wait': 0,
[36m(TaskRunner pid=3691285)[0m                                                                                    'warmup': 0}},
[36m(TaskRunner pid=3691285)[0m                                                             'torch_memory': {'_target_': 'verl.utils.profiler.config.TorchMemoryToolConfig',
[36m(TaskRunner pid=3691285)[0m                                                                              'stack_depth': 32,
[36m(TaskRunner pid=3691285)[0m                                                                              'trace_alloc_max_entries': 100000}}},
[36m(TaskRunner pid=3691285)[0m                                'rollout_n': 16,
[36m(TaskRunner pid=3691285)[0m                                'router_replay': {'_target_': 'verl.workers.config.RouterReplayConfig',
[36m(TaskRunner pid=3691285)[0m                                                  'mode': 'disabled',
[36m(TaskRunner pid=3691285)[0m                                                  'record_file': None,
[36m(TaskRunner pid=3691285)[0m                                                  'replay_file': None},
[36m(TaskRunner pid=3691285)[0m                                'strategy': 'fsdp2',
[36m(TaskRunner pid=3691285)[0m                                'ulysses_sequence_parallel_size': 1,
[36m(TaskRunner pid=3691285)[0m                                'use_torch_compile': True},
[36m(TaskRunner pid=3691285)[0m                        'rollout': {'_target_': 'verl.workers.config.RolloutConfig',
[36m(TaskRunner pid=3691285)[0m                                    'agent': {'_target_': 'verl.workers.config.AgentLoopConfig',
[36m(TaskRunner pid=3691285)[0m                                              'agent_loop_config_path': None,
[36m(TaskRunner pid=3691285)[0m                                              'custom_async_server': {'_target_': 'verl.workers.config.CustomAsyncServerConfig',
[36m(TaskRunner pid=3691285)[0m                                                                      'name': None,
[36m(TaskRunner pid=3691285)[0m                                                                      'path': None},
[36m(TaskRunner pid=3691285)[0m                                              'default_agent_loop': 'tool_agent',
[36m(TaskRunner pid=3691285)[0m                                              'num_workers': 8},
[36m(TaskRunner pid=3691285)[0m                                    'calculate_log_probs': True,
[36m(TaskRunner pid=3691285)[0m                                    'checkpoint_engine': {'_target_': 'verl.workers.config.CheckpointEngineConfig',
[36m(TaskRunner pid=3691285)[0m                                                          'backend': 'naive',
[36m(TaskRunner pid=3691285)[0m                                                          'custom_backend_module': None,
[36m(TaskRunner pid=3691285)[0m                                                          'engine_kwargs': {},
[36m(TaskRunner pid=3691285)[0m                                                          'update_weights_bucket_megabytes': 2048},
[36m(TaskRunner pid=3691285)[0m                                    'cudagraph_capture_sizes': None,
[36m(TaskRunner pid=3691285)[0m                                    'data_parallel_size': 1,
[36m(TaskRunner pid=3691285)[0m                                    'disable_log_stats': True,
[36m(TaskRunner pid=3691285)[0m                                    'disaggregation': {'bootstrap_port': None,
[36m(TaskRunner pid=3691285)[0m                                                       'decode_replicas': 1,
[36m(TaskRunner pid=3691285)[0m                                                       'decode_tensor_model_parallel_size': None,
[36m(TaskRunner pid=3691285)[0m                                                       'enabled': False,
[36m(TaskRunner pid=3691285)[0m                                                       'ib_device': None,
[36m(TaskRunner pid=3691285)[0m                                                       'prefill_replicas': 1,
[36m(TaskRunner pid=3691285)[0m                                                       'transfer_backend': 'nixl'},
[36m(TaskRunner pid=3691285)[0m                                    'do_sample': True,
[36m(TaskRunner pid=3691285)[0m                                    'dtype': 'bfloat16',
[36m(TaskRunner pid=3691285)[0m                                    'enable_chunked_prefill': True,
[36m(TaskRunner pid=3691285)[0m                                    'enable_prefix_caching': True,
[36m(TaskRunner pid=3691285)[0m                                    'enable_rollout_routing_replay': False,
[36m(TaskRunner pid=3691285)[0m                                    'enforce_eager': False,
[36m(TaskRunner pid=3691285)[0m                                    'engine_kwargs': {'sglang': {},
[36m(TaskRunner pid=3691285)[0m                                                      'trtllm': {},
[36m(TaskRunner pid=3691285)[0m                                                      'vllm': {'mm_processor_kwargs': {'max_pixels': 150528}}},
[36m(TaskRunner pid=3691285)[0m                                    'expert_parallel_size': 1,
[36m(TaskRunner pid=3691285)[0m                                    'free_cache_engine': True,
[36m(TaskRunner pid=3691285)[0m                                    'full_determinism': False,
[36m(TaskRunner pid=3691285)[0m                                    'gpu_memory_utilization': 0.65,
[36m(TaskRunner pid=3691285)[0m                                    'ignore_eos': False,
[36m(TaskRunner pid=3691285)[0m                                    'layered_summon': True,
[36m(TaskRunner pid=3691285)[0m                                    'limit_images': 112,
[36m(TaskRunner pid=3691285)[0m                                    'load_format': 'safetensors',
[36m(TaskRunner pid=3691285)[0m                                    'log_prob_max_token_len_per_gpu': 24576,
[36m(TaskRunner pid=3691285)[0m                                    'log_prob_micro_batch_size': None,
[36m(TaskRunner pid=3691285)[0m                                    'log_prob_micro_batch_size_per_gpu': None,
[36m(TaskRunner pid=3691285)[0m                                    'log_prob_use_dynamic_bsz': True,
[36m(TaskRunner pid=3691285)[0m                                    'logprobs_mode': 'processed_logprobs',
[36m(TaskRunner pid=3691285)[0m                                    'max_model_len': 20992,
[36m(TaskRunner pid=3691285)[0m                                    'max_num_batched_tokens': 24576,
[36m(TaskRunner pid=3691285)[0m                                    'max_num_seqs': 256,
[36m(TaskRunner pid=3691285)[0m                                    'mode': 'async',
[36m(TaskRunner pid=3691285)[0m                                    'moe_load_balance_metrics_interval': 0,
[36m(TaskRunner pid=3691285)[0m                                    'mtp': {'_target_': 'verl.workers.config.MtpConfig',
[36m(TaskRunner pid=3691285)[0m                                            'detach_encoder': False,
[36m(TaskRunner pid=3691285)[0m                                            'enable': False,
[36m(TaskRunner pid=3691285)[0m                                            'enable_rollout': False,
[36m(TaskRunner pid=3691285)[0m                                            'enable_train': False,
[36m(TaskRunner pid=3691285)[0m                                            'method': 'mtp',
[36m(TaskRunner pid=3691285)[0m                                            'mtp_loss_scaling_factor': 0.1,
[36m(TaskRunner pid=3691285)[0m                                            'num_speculative_tokens': 1,
[36m(TaskRunner pid=3691285)[0m                                            'speculative_algorithm': 'EAGLE',
[36m(TaskRunner pid=3691285)[0m                                            'speculative_eagle_topk': 1,
[36m(TaskRunner pid=3691285)[0m                                            'speculative_num_draft_tokens': 4,
[36m(TaskRunner pid=3691285)[0m                                            'speculative_num_steps': 3},
[36m(TaskRunner pid=3691285)[0m                                    'multi_stage_wake_up': False,
[36m(TaskRunner pid=3691285)[0m                                    'multi_turn': {'_target_': 'verl.workers.config.MultiTurnConfig',
[36m(TaskRunner pid=3691285)[0m                                                   'enable': True,
[36m(TaskRunner pid=3691285)[0m                                                   'format': 'hermes',
[36m(TaskRunner pid=3691285)[0m                                                   'function_tool_path': None,
[36m(TaskRunner pid=3691285)[0m                                                   'max_assistant_turns': 4,
[36m(TaskRunner pid=3691285)[0m                                                   'max_parallel_calls': 1,
[36m(TaskRunner pid=3691285)[0m                                                   'max_tool_response_length': 2048,
[36m(TaskRunner pid=3691285)[0m                                                   'max_user_turns': 3,
[36m(TaskRunner pid=3691285)[0m                                                   'num_repeat_rollouts': None,
[36m(TaskRunner pid=3691285)[0m                                                   'tokenization_sanity_check_mode': 'strict',
[36m(TaskRunner pid=3691285)[0m                                                   'tool_config_path': '/home/yw4636/agentic-tvg/crop_video_tool.yaml',
[36m(TaskRunner pid=3691285)[0m                                                   'tool_response_truncate_side': 'middle',
[36m(TaskRunner pid=3691285)[0m                                                   'use_inference_chat_template': False},
[36m(TaskRunner pid=3691285)[0m                                    'n': 16,
[36m(TaskRunner pid=3691285)[0m                                    'n_gpus_per_node': 1,
[36m(TaskRunner pid=3691285)[0m                                    'name': 'vllm',
[36m(TaskRunner pid=3691285)[0m                                    'nnodes': 0,
[36m(TaskRunner pid=3691285)[0m                                    'over_sample_rate': 0,
[36m(TaskRunner pid=3691285)[0m                                    'pipeline_model_parallel_size': 1,
[36m(TaskRunner pid=3691285)[0m                                    'profiler': {'_target_': 'verl.utils.profiler.ProfilerConfig',
[36m(TaskRunner pid=3691285)[0m                                                 'all_ranks': False,
[36m(TaskRunner pid=3691285)[0m                                                 'enable': False,
[36m(TaskRunner pid=3691285)[0m                                                 'ranks': [],
[36m(TaskRunner pid=3691285)[0m                                                 'save_path': 'outputs/profile',
[36m(TaskRunner pid=3691285)[0m                                                 'tool': None,
[36m(TaskRunner pid=3691285)[0m                                                 'tool_config': {'npu': {'_target_': 'verl.utils.profiler.config.NPUToolConfig',
[36m(TaskRunner pid=3691285)[0m                                                                         'analysis': True,
[36m(TaskRunner pid=3691285)[0m                                                                         'contents': [],
[36m(TaskRunner pid=3691285)[0m                                                                         'discrete': False,
[36m(TaskRunner pid=3691285)[0m                                                                         'level': 'level0',
[36m(TaskRunner pid=3691285)[0m                                                                         'profile_token_end': None,
[36m(TaskRunner pid=3691285)[0m                                                                         'profile_token_start': None},
[36m(TaskRunner pid=3691285)[0m                                                                 'precision_debugger': {'_target_': 'verl.utils.profiler.config.PrecisionDebuggerToolConfig',
[36m(TaskRunner pid=3691285)[0m                                                                                        'config_path': None,
[36m(TaskRunner pid=3691285)[0m                                                                                        'stages': None,
[36m(TaskRunner pid=3691285)[0m                                                                                        'steps': None,
[36m(TaskRunner pid=3691285)[0m                                                                                        'strict': False},
[36m(TaskRunner pid=3691285)[0m                                                                 'torch': {'_target_': 'verl.utils.profiler.config.TorchProfilerToolConfig',
[36m(TaskRunner pid=3691285)[0m                                                                           'contents': [],
[36m(TaskRunner pid=3691285)[0m                                                                           'discrete': False,
[36m(TaskRunner pid=3691285)[0m                                                                           'profile_token_end': None,
[36m(TaskRunner pid=3691285)[0m                                                                           'profile_token_start': None}}},
[36m(TaskRunner pid=3691285)[0m                                    'prometheus': {'_target_': 'verl.workers.config.PrometheusConfig',
[36m(TaskRunner pid=3691285)[0m                                                   'enable': False,
[36m(TaskRunner pid=3691285)[0m                                                   'file': '/tmp/ray/session_latest/metrics/prometheus/prometheus.yml',
[36m(TaskRunner pid=3691285)[0m                                                   'port': 9090,
[36m(TaskRunner pid=3691285)[0m                                                   'served_model_name': '/home/yw4636/agentic-tvg/results/sft-mix/merged'},
[36m(TaskRunner pid=3691285)[0m                                    'prompt_length': 4608,
[36m(TaskRunner pid=3691285)[0m                                    'qat': {'_target_': 'verl.workers.config.QATEngineConfig',
[36m(TaskRunner pid=3691285)[0m                                            'activation_observer': 'static_minmax',
[36m(TaskRunner pid=3691285)[0m                                            'enable': False,
[36m(TaskRunner pid=3691285)[0m                                            'group_size': 16,
[36m(TaskRunner pid=3691285)[0m                                            'ignore_patterns': ['lm_head',
[36m(TaskRunner pid=3691285)[0m                                                                'embed_tokens',
[36m(TaskRunner pid=3691285)[0m                                                                're:.*mlp.gate$'],
[36m(TaskRunner pid=3691285)[0m                                            'mode': 'w4a16',
[36m(TaskRunner pid=3691285)[0m                                            'quantization_config_path': None},
[36m(TaskRunner pid=3691285)[0m                                    'quantization': None,
[36m(TaskRunner pid=3691285)[0m                                    'quantization_config_file': None,
[36m(TaskRunner pid=3691285)[0m                                    'response_length': 16384,
[36m(TaskRunner pid=3691285)[0m                                    'scheduling_policy': 'fcfs',
[36m(TaskRunner pid=3691285)[0m                                    'seed': 42,
[36m(TaskRunner pid=3691285)[0m                                    'skip_tokenizer_init': True,
[36m(TaskRunner pid=3691285)[0m                                    'temperature': 1.0,
[36m(TaskRunner pid=3691285)[0m                                    'tensor_model_parallel_size': 1,
[36m(TaskRunner pid=3691285)[0m                                    'top_k': -1,
[36m(TaskRunner pid=3691285)[0m                                    'top_p': 1,
[36m(TaskRunner pid=3691285)[0m                                    'trace': {'_target_': 'verl.workers.config.TraceConfig',
[36m(TaskRunner pid=3691285)[0m                                              'backend': None,
[36m(TaskRunner pid=3691285)[0m                                              'experiment_name': 'grpo_vanilla',
[36m(TaskRunner pid=3691285)[0m                                              'max_samples_per_step_per_worker': None,
[36m(TaskRunner pid=3691285)[0m                                              'project_name': 'agentic-tvg',
[36m(TaskRunner pid=3691285)[0m                                              'token2text': False},
[36m(TaskRunner pid=3691285)[0m                                    'val_kwargs': {'_target_': 'verl.workers.config.SamplingConfig',
[36m(TaskRunner pid=3691285)[0m                                                   'do_sample': False,
[36m(TaskRunner pid=3691285)[0m                                                   'n': 1,
[36m(TaskRunner pid=3691285)[0m                                                   'temperature': 0,
[36m(TaskRunner pid=3691285)[0m                                                   'top_k': -1,
[36m(TaskRunner pid=3691285)[0m                                                   'top_p': 1.0}}},
[36m(TaskRunner pid=3691285)[0m  'algorithm': {'_target_': 'verl.trainer.config.AlgoConfig',
[36m(TaskRunner pid=3691285)[0m                'adv_estimator': 'grpo',
[36m(TaskRunner pid=3691285)[0m                'filter_groups': {'_target_': 'verl.trainer.config.FilterGroupsConfig',
[36m(TaskRunner pid=3691285)[0m                                  'enable': False,
[36m(TaskRunner pid=3691285)[0m                                  'max_inflight_gen_batches': 1,
[36m(TaskRunner pid=3691285)[0m                                  'max_num_gen_batches': 0,
[36m(TaskRunner pid=3691285)[0m                                  'metric': None},
[36m(TaskRunner pid=3691285)[0m                'gamma': 1.0,
[36m(TaskRunner pid=3691285)[0m                'kl_ctrl': {'_target_': 'verl.trainer.config.KLControlConfig',
[36m(TaskRunner pid=3691285)[0m                            'horizon': 10000,
[36m(TaskRunner pid=3691285)[0m                            'kl_coef': 0.001,
[36m(TaskRunner pid=3691285)[0m                            'target_kl': 0.1,
[36m(TaskRunner pid=3691285)[0m                            'type': 'fixed'},
[36m(TaskRunner pid=3691285)[0m                'kl_penalty': 'kl',
[36m(TaskRunner pid=3691285)[0m                'lam': 1.0,
[36m(TaskRunner pid=3691285)[0m                'norm_adv_by_std_in_grpo': True,
[36m(TaskRunner pid=3691285)[0m                'pf_ppo': {'reweight_method': 'pow', 'weight_pow': 2.0},
[36m(TaskRunner pid=3691285)[0m                'rollout_correction': {'bypass_mode': False,
[36m(TaskRunner pid=3691285)[0m                                       'loss_type': 'ppo_clip',
[36m(TaskRunner pid=3691285)[0m                                       'rollout_is': None,
[36m(TaskRunner pid=3691285)[0m                                       'rollout_is_batch_normalize': False,
[36m(TaskRunner pid=3691285)[0m                                       'rollout_is_threshold': 2.0,
[36m(TaskRunner pid=3691285)[0m                                       'rollout_rs': None,
[36m(TaskRunner pid=3691285)[0m                                       'rollout_rs_threshold': None},
[36m(TaskRunner pid=3691285)[0m                'use_kl_in_reward': False,
[36m(TaskRunner pid=3691285)[0m                'use_pf_ppo': False},
[36m(TaskRunner pid=3691285)[0m  'critic': {'_target_': 'verl.workers.config.FSDPCriticConfig',
[36m(TaskRunner pid=3691285)[0m             'checkpoint': {'_target_': 'verl.trainer.config.CheckpointConfig',
[36m(TaskRunner pid=3691285)[0m                            'async_save': False,
[36m(TaskRunner pid=3691285)[0m                            'load_contents': ['model', 'optimizer', 'extra'],
[36m(TaskRunner pid=3691285)[0m                            'save_contents': ['model', 'optimizer', 'extra']},
[36m(TaskRunner pid=3691285)[0m             'cliprange_value': 0.5,
[36m(TaskRunner pid=3691285)[0m             'data_loader_seed': 42,
[36m(TaskRunner pid=3691285)[0m             'enable': None,
[36m(TaskRunner pid=3691285)[0m             'forward_max_token_len_per_gpu': 32768,
[36m(TaskRunner pid=3691285)[0m             'forward_micro_batch_size': None,
[36m(TaskRunner pid=3691285)[0m             'forward_micro_batch_size_per_gpu': None,
[36m(TaskRunner pid=3691285)[0m             'fsdp': {'_target_': 'verl.workers.config.FSDPEngineConfig',
[36m(TaskRunner pid=3691285)[0m                      'dtype': 'bfloat16',
[36m(TaskRunner pid=3691285)[0m                      'entropy_checkpointing': False,
[36m(TaskRunner pid=3691285)[0m                      'entropy_from_logits_chunk_size': 2048,
[36m(TaskRunner pid=3691285)[0m                      'entropy_from_logits_with_chunking': False,
[36m(TaskRunner pid=3691285)[0m                      'forward_only': False,
[36m(TaskRunner pid=3691285)[0m                      'forward_prefetch': False,
[36m(TaskRunner pid=3691285)[0m                      'fsdp_size': -1,
[36m(TaskRunner pid=3691285)[0m                      'full_determinism': False,
[36m(TaskRunner pid=3691285)[0m                      'model_dtype': 'fp32',
[36m(TaskRunner pid=3691285)[0m                      'offload_policy': False,
[36m(TaskRunner pid=3691285)[0m                      'optimizer_offload': False,
[36m(TaskRunner pid=3691285)[0m                      'pad_to_length': False,
[36m(TaskRunner pid=3691285)[0m                      'pad_to_length_bucket': 1024,
[36m(TaskRunner pid=3691285)[0m                      'param_offload': False,
[36m(TaskRunner pid=3691285)[0m                      'qat': {'_target_': 'verl.workers.config.QATEngineConfig',
[36m(TaskRunner pid=3691285)[0m                              'activation_observer': 'static_minmax',
[36m(TaskRunner pid=3691285)[0m                              'enable': False,
[36m(TaskRunner pid=3691285)[0m                              'group_size': 16,
[36m(TaskRunner pid=3691285)[0m                              'ignore_patterns': ['lm_head',
[36m(TaskRunner pid=3691285)[0m                                                  'embed_tokens',
[36m(TaskRunner pid=3691285)[0m                                                  're:.*mlp.gate$'],
[36m(TaskRunner pid=3691285)[0m                              'mode': 'w4a16',
[36m(TaskRunner pid=3691285)[0m                              'quantization_config_path': None},
[36m(TaskRunner pid=3691285)[0m                      'reshard_after_forward': True,
[36m(TaskRunner pid=3691285)[0m                      'seed': 42,
[36m(TaskRunner pid=3691285)[0m                      'strategy': 'fsdp',
[36m(TaskRunner pid=3691285)[0m                      'ulysses_sequence_parallel_size': 1,
[36m(TaskRunner pid=3691285)[0m                      'use_orig_params': False,
[36m(TaskRunner pid=3691285)[0m                      'use_torch_compile': True,
[36m(TaskRunner pid=3691285)[0m                      'wrap_policy': {'min_num_params': 0}},
[36m(TaskRunner pid=3691285)[0m             'grad_clip': 1.0,
[36m(TaskRunner pid=3691285)[0m             'loss_agg_mode': 'token-mean',
[36m(TaskRunner pid=3691285)[0m             'loss_scale_factor': None,
[36m(TaskRunner pid=3691285)[0m             'model': {'_target_': 'verl.workers.config.HFModelConfig',
[36m(TaskRunner pid=3691285)[0m                       'custom_chat_template': None,
[36m(TaskRunner pid=3691285)[0m                       'enable_activation_offload': False,
[36m(TaskRunner pid=3691285)[0m                       'enable_gradient_checkpointing': True,
[36m(TaskRunner pid=3691285)[0m                       'exclude_modules': None,
[36m(TaskRunner pid=3691285)[0m                       'external_lib': None,
[36m(TaskRunner pid=3691285)[0m                       'fused_kernel_options': {'impl_backend': 'torch'},
[36m(TaskRunner pid=3691285)[0m                       'hf_config_path': None,
[36m(TaskRunner pid=3691285)[0m                       'lora': {'a2a_experimental': False,
[36m(TaskRunner pid=3691285)[0m                                'adapter_path': None,
[36m(TaskRunner pid=3691285)[0m                                'alpha': 32,
[36m(TaskRunner pid=3691285)[0m                                'dropout': 0.0,
[36m(TaskRunner pid=3691285)[0m                                'dropout_position': 'pre',
[36m(TaskRunner pid=3691285)[0m                                'dtype': None,
[36m(TaskRunner pid=3691285)[0m                                'exclude_modules': [],
[36m(TaskRunner pid=3691285)[0m                                'freeze_language_model': True,
[36m(TaskRunner pid=3691285)[0m                                'freeze_vision_model': True,
[36m(TaskRunner pid=3691285)[0m                                'freeze_vision_projection': True,
[36m(TaskRunner pid=3691285)[0m                                'lora_A_init_method': 'xavier',
[36m(TaskRunner pid=3691285)[0m                                'lora_B_init_method': 'zero',
[36m(TaskRunner pid=3691285)[0m                                'merge': False,
[36m(TaskRunner pid=3691285)[0m                                'rank': 0,
[36m(TaskRunner pid=3691285)[0m                                'target_modules': ['linear_qkv',
[36m(TaskRunner pid=3691285)[0m                                                   'linear_proj',
[36m(TaskRunner pid=3691285)[0m                                                   'linear_fc1',
[36m(TaskRunner pid=3691285)[0m                                                   'linear_fc2'],
[36m(TaskRunner pid=3691285)[0m                                'type': 'lora'},
[36m(TaskRunner pid=3691285)[0m                       'lora_adapter_path': None,
[36m(TaskRunner pid=3691285)[0m                       'lora_alpha': 16,
[36m(TaskRunner pid=3691285)[0m                       'lora_rank': 0,
[36m(TaskRunner pid=3691285)[0m                       'mtp': {'_target_': 'verl.workers.config.MtpConfig',
[36m(TaskRunner pid=3691285)[0m                               'detach_encoder': False,
[36m(TaskRunner pid=3691285)[0m                               'enable': False,
[36m(TaskRunner pid=3691285)[0m                               'enable_rollout': False,
[36m(TaskRunner pid=3691285)[0m                               'enable_train': False,
[36m(TaskRunner pid=3691285)[0m                               'method': 'mtp',
[36m(TaskRunner pid=3691285)[0m                               'mtp_loss_scaling_factor': 0.1,
[36m(TaskRunner pid=3691285)[0m                               'num_speculative_tokens': 1,
[36m(TaskRunner pid=3691285)[0m                               'speculative_algorithm': 'EAGLE',
[36m(TaskRunner pid=3691285)[0m                               'speculative_eagle_topk': 1,
[36m(TaskRunner pid=3691285)[0m                               'speculative_num_draft_tokens': 4,
[36m(TaskRunner pid=3691285)[0m                               'speculative_num_steps': 3},
[36m(TaskRunner pid=3691285)[0m                       'override_config': {},
[36m(TaskRunner pid=3691285)[0m                       'path': '~/models/deepseek-llm-7b-chat',
[36m(TaskRunner pid=3691285)[0m                       'target_modules': 'all-linear',
[36m(TaskRunner pid=3691285)[0m                       'tiled_mlp': {'enabled': False, 'num_shards': 4},
[36m(TaskRunner pid=3691285)[0m                       'tokenizer_path': None,
[36m(TaskRunner pid=3691285)[0m                       'trust_remote_code': False,
[36m(TaskRunner pid=3691285)[0m                       'use_fused_kernels': False,
[36m(TaskRunner pid=3691285)[0m                       'use_liger': False,
[36m(TaskRunner pid=3691285)[0m                       'use_remove_padding': True,
[36m(TaskRunner pid=3691285)[0m                       'use_shm': False},
[36m(TaskRunner pid=3691285)[0m             'optim': {'_target_': 'verl.workers.config.FSDPOptimizerConfig',
[36m(TaskRunner pid=3691285)[0m                       'betas': [0.9, 0.999],
[36m(TaskRunner pid=3691285)[0m                       'clip_grad': 1.0,
[36m(TaskRunner pid=3691285)[0m                       'lr': 1e-05,
[36m(TaskRunner pid=3691285)[0m                       'lr_scheduler_type': 'constant',
[36m(TaskRunner pid=3691285)[0m                       'lr_warmup_steps': -1,
[36m(TaskRunner pid=3691285)[0m                       'lr_warmup_steps_ratio': 0.0,
[36m(TaskRunner pid=3691285)[0m                       'min_lr_ratio': 0.0,
[36m(TaskRunner pid=3691285)[0m                       'num_cycles': 0.5,
[36m(TaskRunner pid=3691285)[0m                       'optimizer': 'AdamW',
[36m(TaskRunner pid=3691285)[0m                       'optimizer_impl': 'torch.optim',
[36m(TaskRunner pid=3691285)[0m                       'override_optimizer_config': None,
[36m(TaskRunner pid=3691285)[0m                       'total_training_steps': -1,
[36m(TaskRunner pid=3691285)[0m                       'warmup_style': None,
[36m(TaskRunner pid=3691285)[0m                       'weight_decay': 0.01,
[36m(TaskRunner pid=3691285)[0m                       'zero_indexed_step': True},
[36m(TaskRunner pid=3691285)[0m             'ppo_epochs': 1,
[36m(TaskRunner pid=3691285)[0m             'ppo_max_token_len_per_gpu': 32768,
[36m(TaskRunner pid=3691285)[0m             'ppo_micro_batch_size': None,
[36m(TaskRunner pid=3691285)[0m             'ppo_micro_batch_size_per_gpu': None,
[36m(TaskRunner pid=3691285)[0m             'ppo_mini_batch_size': 8,
[36m(TaskRunner pid=3691285)[0m             'profiler': {'_target_': 'verl.utils.profiler.ProfilerConfig',
[36m(TaskRunner pid=3691285)[0m                          'all_ranks': False,
[36m(TaskRunner pid=3691285)[0m                          'enable': False,
[36m(TaskRunner pid=3691285)[0m                          'ranks': [],
[36m(TaskRunner pid=3691285)[0m                          'save_path': 'outputs/profile',
[36m(TaskRunner pid=3691285)[0m                          'tool': None,
[36m(TaskRunner pid=3691285)[0m                          'tool_config': {'npu': {'_target_': 'verl.utils.profiler.config.NPUToolConfig',
[36m(TaskRunner pid=3691285)[0m                                                  'analysis': True,
[36m(TaskRunner pid=3691285)[0m                                                  'contents': [],
[36m(TaskRunner pid=3691285)[0m                                                  'discrete': False,
[36m(TaskRunner pid=3691285)[0m                                                  'level': 'level0'},
[36m(TaskRunner pid=3691285)[0m                                          'nsys': {'_target_': 'verl.utils.profiler.config.NsightToolConfig',
[36m(TaskRunner pid=3691285)[0m                                                   'discrete': False},
[36m(TaskRunner pid=3691285)[0m                                          'precision_debugger': {'_target_': 'verl.utils.profiler.config.PrecisionDebuggerToolConfig',
[36m(TaskRunner pid=3691285)[0m                                                                 'config_path': None,
[36m(TaskRunner pid=3691285)[0m                                                                 'stages': None,
[36m(TaskRunner pid=3691285)[0m                                                                 'steps': None,
[36m(TaskRunner pid=3691285)[0m                                                                 'strict': False},
[36m(TaskRunner pid=3691285)[0m                                          'torch': {'_target_': 'verl.utils.profiler.config.TorchProfilerToolConfig',
[36m(TaskRunner pid=3691285)[0m                                                    'contents': [],
[36m(TaskRunner pid=3691285)[0m                                                    'discrete': False,
[36m(TaskRunner pid=3691285)[0m                                                    'schedule': {'_target_': 'verl.utils.profiler.config.TorchProfilerScheduleConfig',
[36m(TaskRunner pid=3691285)[0m                                                                 'active': 0,
[36m(TaskRunner pid=3691285)[0m                                                                 'repeat': 0,
[36m(TaskRunner pid=3691285)[0m                                                                 'skip_first': 0,
[36m(TaskRunner pid=3691285)[0m                                                                 'wait': 0,
[36m(TaskRunner pid=3691285)[0m                                                                 'warmup': 0}},
[36m(TaskRunner pid=3691285)[0m                                          'torch_memory': {'_target_': 'verl.utils.profiler.config.TorchMemoryToolConfig',
[36m(TaskRunner pid=3691285)[0m                                                           'stack_depth': 32,
[36m(TaskRunner pid=3691285)[0m                                                           'trace_alloc_max_entries': 100000}}},
[36m(TaskRunner pid=3691285)[0m             'rollout_n': 16,
[36m(TaskRunner pid=3691285)[0m             'shuffle': False,
[36m(TaskRunner pid=3691285)[0m             'strategy': 'fsdp',
[36m(TaskRunner pid=3691285)[0m             'ulysses_sequence_parallel_size': 1,
[36m(TaskRunner pid=3691285)[0m             'use_dynamic_bsz': True},
[36m(TaskRunner pid=3691285)[0m  'custom_reward_function': {'name': None, 'path': None},
[36m(TaskRunner pid=3691285)[0m  'data': {'apply_chat_template_kwargs': {},
[36m(TaskRunner pid=3691285)[0m           'audio_key': 'audios',
[36m(TaskRunner pid=3691285)[0m           'continuous_token': {'enable': False, 'model_family': 'auto'},
[36m(TaskRunner pid=3691285)[0m           'custom_cls': {'name': None, 'path': None},
[36m(TaskRunner pid=3691285)[0m           'dataloader_num_workers': 8,
[36m(TaskRunner pid=3691285)[0m           'filter_overlong_prompts': False,
[36m(TaskRunner pid=3691285)[0m           'filter_overlong_prompts_workers': 1,
[36m(TaskRunner pid=3691285)[0m           'function_tool_path': None,
[36m(TaskRunner pid=3691285)[0m           'gen_batch_size': None,
[36m(TaskRunner pid=3691285)[0m           'image_key': 'images',
[36m(TaskRunner pid=3691285)[0m           'image_patch_size': 16,
[36m(TaskRunner pid=3691285)[0m           'max_prompt_length': 4608,
[36m(TaskRunner pid=3691285)[0m           'max_response_length': 16384,
[36m(TaskRunner pid=3691285)[0m           'mm_processor_kwargs': {},
[36m(TaskRunner pid=3691285)[0m           'prompt_key': 'prompt',
[36m(TaskRunner pid=3691285)[0m           'return_full_prompt': False,
[36m(TaskRunner pid=3691285)[0m           'return_multi_modal_inputs': True,
[36m(TaskRunner pid=3691285)[0m           'return_raw_chat': True,
[36m(TaskRunner pid=3691285)[0m           'return_raw_input_ids': False,
[36m(TaskRunner pid=3691285)[0m           'reward_fn_key': 'data_source',
[36m(TaskRunner pid=3691285)[0m           'seed': None,
[36m(TaskRunner pid=3691285)[0m           'shuffle': True,
[36m(TaskRunner pid=3691285)[0m           'tokenizer': None,
[36m(TaskRunner pid=3691285)[0m           'tool_config_path': '/home/yw4636/agentic-tvg/crop_video_tool.yaml',
[36m(TaskRunner pid=3691285)[0m           'train_batch_size': 8,
[36m(TaskRunner pid=3691285)[0m           'train_files': '/home/yw4636/agentic-tvg/data/processed/rl_train.parquet',
[36m(TaskRunner pid=3691285)[0m           'train_max_samples': -1,
[36m(TaskRunner pid=3691285)[0m           'truncation': 'error',
[36m(TaskRunner pid=3691285)[0m           'trust_remote_code': False,
[36m(TaskRunner pid=3691285)[0m           'use_shm': False,
[36m(TaskRunner pid=3691285)[0m           'val_batch_size': 2,
[36m(TaskRunner pid=3691285)[0m           'val_files': '/home/yw4636/agentic-tvg/data/processed/rl_val.parquet',
[36m(TaskRunner pid=3691285)[0m           'val_max_samples': -1,
[36m(TaskRunner pid=3691285)[0m           'validation_shuffle': False,
[36m(TaskRunner pid=3691285)[0m           'video_key': 'videos'},
[36m(TaskRunner pid=3691285)[0m  'distillation': {'_target_': 'verl.workers.config.DistillationConfig',
[36m(TaskRunner pid=3691285)[0m                   'distillation_loss': {'_target_': 'verl.workers.config.DistillationLossConfig',
[36m(TaskRunner pid=3691285)[0m                                         'clip_ratio': 0.2,
[36m(TaskRunner pid=3691285)[0m                                         'clip_ratio_high': 0.2,
[36m(TaskRunner pid=3691285)[0m                                         'clip_ratio_low': 0.2,
[36m(TaskRunner pid=3691285)[0m                                         'distillation_loss_coef': 1.0,
[36m(TaskRunner pid=3691285)[0m                                         'log_prob_min_clamp': None,
[36m(TaskRunner pid=3691285)[0m                                         'loss_max_clamp': None,
[36m(TaskRunner pid=3691285)[0m                                         'loss_mode': 'k3',
[36m(TaskRunner pid=3691285)[0m                                         'policy_loss_mode': 'vanilla',
[36m(TaskRunner pid=3691285)[0m                                         'topk': 32,
[36m(TaskRunner pid=3691285)[0m                                         'use_policy_gradient': False,
[36m(TaskRunner pid=3691285)[0m                                         'use_task_rewards': True},
[36m(TaskRunner pid=3691285)[0m                   'enabled': False,
[36m(TaskRunner pid=3691285)[0m                   'n_gpus_per_node': 8,
[36m(TaskRunner pid=3691285)[0m                   'nnodes': 0,
[36m(TaskRunner pid=3691285)[0m                   'teacher_key': 'data_source',
[36m(TaskRunner pid=3691285)[0m                   'teacher_models': {'teacher_model': {'_target_': 'verl.workers.config.DistillationTeacherModelConfig',
[36m(TaskRunner pid=3691285)[0m                                                        'inference': {'_target_': 'verl.workers.config.RolloutConfig',
[36m(TaskRunner pid=3691285)[0m                                                                      'cudagraph_capture_sizes': None,
[36m(TaskRunner pid=3691285)[0m                                                                      'data_parallel_size': 1,
[36m(TaskRunner pid=3691285)[0m                                                                      'disable_log_stats': True,
[36m(TaskRunner pid=3691285)[0m                                                                      'dtype': 'bfloat16',
[36m(TaskRunner pid=3691285)[0m                                                                      'enable_chunked_prefill': True,
[36m(TaskRunner pid=3691285)[0m                                                                      'enable_prefix_caching': True,
[36m(TaskRunner pid=3691285)[0m                                                                      'enforce_eager': True,
[36m(TaskRunner pid=3691285)[0m                                                                      'engine_kwargs': {},
[36m(TaskRunner pid=3691285)[0m                                                                      'expert_parallel_size': 1,
[36m(TaskRunner pid=3691285)[0m                                                                      'free_cache_engine': True,
[36m(TaskRunner pid=3691285)[0m                                                                      'gpu_memory_utilization': 0.5,
[36m(TaskRunner pid=3691285)[0m                                                                      'limit_images': None,
[36m(TaskRunner pid=3691285)[0m                                                                      'load_format': 'auto',
[36m(TaskRunner pid=3691285)[0m                                                                      'max_model_len': None,
[36m(TaskRunner pid=3691285)[0m                                                                      'max_num_batched_tokens': 8192,
[36m(TaskRunner pid=3691285)[0m                                                                      'max_num_seqs': 1024,
[36m(TaskRunner pid=3691285)[0m                                                                      'name': 'vllm',
[36m(TaskRunner pid=3691285)[0m                                                                      'prompt_length': 4608,
[36m(TaskRunner pid=3691285)[0m                                                                      'response_length': 16384,
[36m(TaskRunner pid=3691285)[0m                                                                      'skip_tokenizer_init': True,
[36m(TaskRunner pid=3691285)[0m                                                                      'temperature': 1.0,
[36m(TaskRunner pid=3691285)[0m                                                                      'tensor_model_parallel_size': 2},
[36m(TaskRunner pid=3691285)[0m                                                        'key': None,
[36m(TaskRunner pid=3691285)[0m                                                        'model_path': None,
[36m(TaskRunner pid=3691285)[0m                                                        'num_replicas': 0}}},
[36m(TaskRunner pid=3691285)[0m  'global_profiler': {'_target_': 'verl.utils.profiler.ProfilerConfig',
[36m(TaskRunner pid=3691285)[0m                      'global_tool_config': {'nsys': {'_target_': 'verl.utils.profiler.config.NsightToolConfig',
[36m(TaskRunner pid=3691285)[0m                                                      'controller_nsight_options': {'cuda-graph-trace': 'graph',
[36m(TaskRunner pid=3691285)[0m                                                                                    'cuda-memory-usage': 'true',
[36m(TaskRunner pid=3691285)[0m                                                                                    'trace': 'cuda,nvtx,cublas,ucx'},
[36m(TaskRunner pid=3691285)[0m                                                      'discrete': False,
[36m(TaskRunner pid=3691285)[0m                                                      'worker_nsight_options': {'capture-range': 'cudaProfilerApi',
[36m(TaskRunner pid=3691285)[0m                                                                                'capture-range-end': None,
[36m(TaskRunner pid=3691285)[0m                                                                                'cuda-graph-trace': 'graph',
[36m(TaskRunner pid=3691285)[0m                                                                                'cuda-memory-usage': 'true',
[36m(TaskRunner pid=3691285)[0m                                                                                'kill': 'none',
[36m(TaskRunner pid=3691285)[0m                                                                                'trace': 'cuda,nvtx,cublas,ucx'}},
[36m(TaskRunner pid=3691285)[0m                                             'precision_debugger': {'_target_': 'verl.utils.profiler.config.PrecisionDebuggerToolConfig',
[36m(TaskRunner pid=3691285)[0m                                                                    'config_path': None,
[36m(TaskRunner pid=3691285)[0m                                                                    'stages': None,
[36m(TaskRunner pid=3691285)[0m                                                                    'steps': None,
[36m(TaskRunner pid=3691285)[0m                                                                    'strict': False},
[36m(TaskRunner pid=3691285)[0m                                             'torch_memory': {'context': 'all',
[36m(TaskRunner pid=3691285)[0m                                                              'kw_args': {},
[36m(TaskRunner pid=3691285)[0m                                                              'stack_depth': 32,
[36m(TaskRunner pid=3691285)[0m                                                              'stacks': 'all',
[36m(TaskRunner pid=3691285)[0m                                                              'trace_alloc_max_entries': 100000}},
[36m(TaskRunner pid=3691285)[0m                      'profile_continuous_steps': False,
[36m(TaskRunner pid=3691285)[0m                      'save_path': 'outputs/profile',
[36m(TaskRunner pid=3691285)[0m                      'steps': None,
[36m(TaskRunner pid=3691285)[0m                      'tool': None},
[36m(TaskRunner pid=3691285)[0m  'model_engine': 'dp',
[36m(TaskRunner pid=3691285)[0m  'ray_kwargs': {'ray_init': {'num_cpus': None,
[36m(TaskRunner pid=3691285)[0m                              'object_store_memory': 42949672960},
[36m(TaskRunner pid=3691285)[0m                 'timeline_json_file': None},
[36m(TaskRunner pid=3691285)[0m  'reward': {'_target_': 'verl.workers.config.RewardConfig',
[36m(TaskRunner pid=3691285)[0m             'custom_reward_function': {'name': 'compute_score_qa',
[36m(TaskRunner pid=3691285)[0m                                        'path': '/home/yw4636/agentic-tvg/agentic_tvg/reward.py'},
[36m(TaskRunner pid=3691285)[0m             'num_workers': 8,
[36m(TaskRunner pid=3691285)[0m             'reward_manager': {'_target_': 'verl.workers.config.reward.RewardManagerConfig',
[36m(TaskRunner pid=3691285)[0m                                'module': {'_target_': 'verl.trainer.config.config.ModuleConfig',
[36m(TaskRunner pid=3691285)[0m                                           'name': 'custom_reward_manager',
[36m(TaskRunner pid=3691285)[0m                                           'path': None},
[36m(TaskRunner pid=3691285)[0m                                'name': 'naive',
[36m(TaskRunner pid=3691285)[0m                                'source': 'register'},
[36m(TaskRunner pid=3691285)[0m             'reward_model': {'_target_': 'verl.workers.config.RewardModelConfig',
[36m(TaskRunner pid=3691285)[0m                              'enable': False,
[36m(TaskRunner pid=3691285)[0m                              'enable_resource_pool': False,
[36m(TaskRunner pid=3691285)[0m                              'model_path': None,
[36m(TaskRunner pid=3691285)[0m                              'n_gpus_per_node': 8,
[36m(TaskRunner pid=3691285)[0m                              'nnodes': 0,
[36m(TaskRunner pid=3691285)[0m                              'rollout': {'_target_': 'verl.workers.config.RolloutConfig',
[36m(TaskRunner pid=3691285)[0m                                          'cudagraph_capture_sizes': None,
[36m(TaskRunner pid=3691285)[0m                                          'data_parallel_size': 1,
[36m(TaskRunner pid=3691285)[0m                                          'disable_log_stats': True,
[36m(TaskRunner pid=3691285)[0m                                          'disaggregation': {'bootstrap_port': None,
[36m(TaskRunner pid=3691285)[0m                                                             'decode_replicas': 1,
[36m(TaskRunner pid=3691285)[0m                                                             'decode_tensor_model_parallel_size': None,
[36m(TaskRunner pid=3691285)[0m                                                             'enabled': False,
[36m(TaskRunner pid=3691285)[0m                                                             'ib_device': None,
[36m(TaskRunner pid=3691285)[0m                                                             'prefill_replicas': 1,
[36m(TaskRunner pid=3691285)[0m                                                             'transfer_backend': 'nixl'},
[36m(TaskRunner pid=3691285)[0m                                          'do_sample': True,
[36m(TaskRunner pid=3691285)[0m                                          'dtype': 'bfloat16',
[36m(TaskRunner pid=3691285)[0m                                          'enable_chunked_prefill': True,
[36m(TaskRunner pid=3691285)[0m                                          'enable_prefix_caching': True,
[36m(TaskRunner pid=3691285)[0m                                          'enforce_eager': True,
[36m(TaskRunner pid=3691285)[0m                                          'engine_kwargs': {},
[36m(TaskRunner pid=3691285)[0m                                          'expert_parallel_size': 1,
[36m(TaskRunner pid=3691285)[0m                                          'free_cache_engine': True,
[36m(TaskRunner pid=3691285)[0m                                          'full_determinism': False,
[36m(TaskRunner pid=3691285)[0m                                          'gpu_memory_utilization': 0.5,
[36m(TaskRunner pid=3691285)[0m                                          'ignore_eos': False,
[36m(TaskRunner pid=3691285)[0m                                          'layered_summon': False,
[36m(TaskRunner pid=3691285)[0m                                          'limit_images': None,
[36m(TaskRunner pid=3691285)[0m                                          'load_format': 'auto',
[36m(TaskRunner pid=3691285)[0m                                          'max_model_len': None,
[36m(TaskRunner pid=3691285)[0m                                          'max_num_batched_tokens': 8192,
[36m(TaskRunner pid=3691285)[0m                                          'max_num_seqs': 1024,
[36m(TaskRunner pid=3691285)[0m                                          'mtp': None,
[36m(TaskRunner pid=3691285)[0m                                          'multi_stage_wake_up': False,
[36m(TaskRunner pid=3691285)[0m                                          'n': 1,
[36m(TaskRunner pid=3691285)[0m                                          'name': '???',
[36m(TaskRunner pid=3691285)[0m                                          'pipeline_model_parallel_size': 1,
[36m(TaskRunner pid=3691285)[0m                                          'prompt_length': 2048,
[36m(TaskRunner pid=3691285)[0m                                          'quantization': None,
[36m(TaskRunner pid=3691285)[0m                                          'quantization_config_file': None,
[36m(TaskRunner pid=3691285)[0m                                          'response_length': 2048,
[36m(TaskRunner pid=3691285)[0m                                          'scheduling_policy': 'fcfs',
[36m(TaskRunner pid=3691285)[0m                                          'seed': 42,
[36m(TaskRunner pid=3691285)[0m                                          'skip_tokenizer_init': False,
[36m(TaskRunner pid=3691285)[0m                                          'temperature': 1.0,
[36m(TaskRunner pid=3691285)[0m                                          'tensor_model_parallel_size': 2,
[36m(TaskRunner pid=3691285)[0m                                          'top_k': -1,
[36m(TaskRunner pid=3691285)[0m                                          'top_p': 1}},
[36m(TaskRunner pid=3691285)[0m             'sandbox_fusion': {'_target_': 'verl.workers.config.SandboxFusionConfig',
[36m(TaskRunner pid=3691285)[0m                                'max_concurrent': 64,
[36m(TaskRunner pid=3691285)[0m                                'memory_limit_mb': 1024,
[36m(TaskRunner pid=3691285)[0m                                'url': None}},
[36m(TaskRunner pid=3691285)[0m  'reward_model': {'enable': None,
[36m(TaskRunner pid=3691285)[0m                   'enable_resource_pool': None,
[36m(TaskRunner pid=3691285)[0m                   'model': {'external_lib': None,
[36m(TaskRunner pid=3691285)[0m                             'path': None,
[36m(TaskRunner pid=3691285)[0m                             'trust_remote_code': None},
[36m(TaskRunner pid=3691285)[0m                   'n_gpus_per_node': None,
[36m(TaskRunner pid=3691285)[0m                   'nnodes': None,
[36m(TaskRunner pid=3691285)[0m                   'num_workers': None,
[36m(TaskRunner pid=3691285)[0m                   'reward_loop_class_name': None,
[36m(TaskRunner pid=3691285)[0m                   'reward_loop_module_path': None,
[36m(TaskRunner pid=3691285)[0m                   'reward_loop_source': None,
[36m(TaskRunner pid=3691285)[0m                   'reward_manager': None,
[36m(TaskRunner pid=3691285)[0m                   'rollout': {'cudagraph_capture_sizes': None,
[36m(TaskRunner pid=3691285)[0m                               'data_parallel_size': None,
[36m(TaskRunner pid=3691285)[0m                               'disable_log_stats': None,
[36m(TaskRunner pid=3691285)[0m                               'dtype': None,
[36m(TaskRunner pid=3691285)[0m                               'enable_chunked_prefill': None,
[36m(TaskRunner pid=3691285)[0m                               'enable_prefix_caching': None,[36m(TaskRunner pid=3691285)[0m /home/yw4636/.conda/envs/verl/lib/python3.12/site-packages/verl/trainer/main_ppo_v0.py:182: UserWarning: Disabled critic as algorithm.adv_estimator != gae. If it is not intended, please set critic.enable=True
[36m(TaskRunner pid=3691285)[0m   use_critic=need_critic(config),

[36m(TaskRunner pid=3691285)[0m                               'enforce_eager': None,
[36m(TaskRunner pid=3691285)[0m                               'engine_kwargs': None,
[36m(TaskRunner pid=3691285)[0m                               'expert_parallel_size': None,
[36m(TaskRunner pid=3691285)[0m                               'free_cache_engine': None,
[36m(TaskRunner pid=3691285)[0m                               'gpu_memory_utilization': None,
[36m(TaskRunner pid=3691285)[0m                               'limit_images': None,
[36m(TaskRunner pid=3691285)[0m                               'load_format': None,
[36m(TaskRunner pid=3691285)[0m                               'max_model_len': None,
[36m(TaskRunner pid=3691285)[0m                               'max_num_batched_tokens': None,
[36m(TaskRunner pid=3691285)[0m                               'max_num_seqs': None,
[36m(TaskRunner pid=3691285)[0m                               'name': None,
[36m(TaskRunner pid=3691285)[0m                               'prompt_length': None,
[36m(TaskRunner pid=3691285)[0m                               'response_length': None,
[36m(TaskRunner pid=3691285)[0m                               'skip_tokenizer_init': None,
[36m(TaskRunner pid=3691285)[0m                               'tensor_model_parallel_size': None}},
[36m(TaskRunner pid=3691285)[0m  'sandbox_fusion': {'max_concurrent': None,
[36m(TaskRunner pid=3691285)[0m                     'memory_limit_mb': None,
[36m(TaskRunner pid=3691285)[0m                     'url': None},
[36m(TaskRunner pid=3691285)[0m  'skip': {'_target_': 'verl.utils.skip.SkipManagerConfig',
[36m(TaskRunner pid=3691285)[0m           'async_rollout': {'action': 'cache',
[36m(TaskRunner pid=3691285)[0m                             'dump_dir': '~/.verl/rollout_dump',
[36m(TaskRunner pid=3691285)[0m                             'enable': False,
[36m(TaskRunner pid=3691285)[0m                             'steps': []},
[36m(TaskRunner pid=3691285)[0m           'rollout': {'action': 'cache',
[36m(TaskRunner pid=3691285)[0m                       'dump_dir': '~/.verl/rollout_dump',
[36m(TaskRunner pid=3691285)[0m                       'enable': False,
[36m(TaskRunner pid=3691285)[0m                       'steps': []},
[36m(TaskRunner pid=3691285)[0m           'rollout_tq': {'action': 'cache',
[36m(TaskRunner pid=3691285)[0m                          'dump_dir': '~/.verl/rollout_dump',
[36m(TaskRunner pid=3691285)[0m                          'enable': False,
[36m(TaskRunner pid=3691285)[0m                          'steps': []}},
[36m(TaskRunner pid=3691285)[0m  'trainer': {'balance_batch': True,
[36m(TaskRunner pid=3691285)[0m              'critic_warmup': 0,
[36m(TaskRunner pid=3691285)[0m              'default_hdfs_dir': None,
[36m(TaskRunner pid=3691285)[0m              'default_local_dir': '/home/yw4636/agentic-tvg/results/grpo-vanilla/ckpt',
[36m(TaskRunner pid=3691285)[0m              'del_local_ckpt_after_load': False,
[36m(TaskRunner pid=3691285)[0m              'device': 'cuda',
[36m(TaskRunner pid=3691285)[0m              'esi_redundant_time': 0,
[36m(TaskRunner pid=3691285)[0m              'experiment_name': 'grpo_vanilla',
[36m(TaskRunner pid=3691285)[0m              'log_val_generations': 0,
[36m(TaskRunner pid=3691285)[0m              'logger': ['console', 'tensorboard'],
[36m(TaskRunner pid=3691285)[0m              'max_actor_ckpt_to_keep': 1,
[36m(TaskRunner pid=3691285)[0m              'max_critic_ckpt_to_keep': None,
[36m(TaskRunner pid=3691285)[0m              'n_gpus_per_node': 1,
[36m(TaskRunner pid=3691285)[0m              'nnodes': 1,
[36m(TaskRunner pid=3691285)[0m              'project_name': 'agentic-tvg',
[36m(TaskRunner pid=3691285)[0m              'ray_wait_register_center_timeout': 300,
[36m(TaskRunner pid=3691285)[0m              'resume_from_path': None,
[36m(TaskRunner pid=3691285)[0m              'resume_mode': 'auto',
[36m(TaskRunner pid=3691285)[0m              'rollout_data_dir': '/home/yw4636/agentic-tvg/results/grpo-vanilla/rollouts',
[36m(TaskRunner pid=3691285)[0m              'save_freq': 20,
[36m(TaskRunner pid=3691285)[0m              'test_freq': 20,
[36m(TaskRunner pid=3691285)[0m              'total_epochs': 100,
[36m(TaskRunner pid=3691285)[0m              'total_training_steps': 267,
[36m(TaskRunner pid=3691285)[0m              'use_v1': False,
[36m(TaskRunner pid=3691285)[0m              'v1': {'colocate_async': {'num_warmup_batches': 1},
[36m(TaskRunner pid=3691285)[0m                     'sampler': {'custom_sampler': {'name': None, 'path': None},
[36m(TaskRunner pid=3691285)[0m                                 'max_off_policy_strategy': 'drop',
[36m(TaskRunner pid=3691285)[0m                                 'max_off_policy_threshold': 8,
[36m(TaskRunner pid=3691285)[0m                                 'sampler_kwargs': {},
[36m(TaskRunner pid=3691285)[0m                                 'sync_refill_failed_groups': False},
[36m(TaskRunner pid=3691285)[0m                     'separate_async': {'num_warmup_batches': 1,
[36m(TaskRunner pid=3691285)[0m                                        'parameter_sync_step': 4},
[36m(TaskRunner pid=3691285)[0m                     'sync': {},
[36m(TaskRunner pid=3691285)[0m                     'trainer_mode': 'sync'},
[36m(TaskRunner pid=3691285)[0m              'val_before_train': False,
[36m(TaskRunner pid=3691285)[0m              'val_only': False,
[36m(TaskRunner pid=3691285)[0m              'validation_data_dir': '/home/yw4636/agentic-tvg/results/grpo-vanilla/val_rollouts'},
[36m(TaskRunner pid=3691285)[0m  'transfer_queue': {'backend': {'MooncakeStore': {'auto_init': False,
[36m(TaskRunner pid=3691285)[0m                                                   'device_name': '',
[36m(TaskRunner pid=3691285)[0m                                                   'global_segment_size': 4294967296,
[36m(TaskRunner pid=3691285)[0m                                                   'local_buffer_size': 1073741824,
[36m(TaskRunner pid=3691285)[0m                                                   'local_hostname': 'localhost',
[36m(TaskRunner pid=3691285)[0m                                                   'master_server_address': 'localhost:50124',
[36m(TaskRunner pid=3691285)[0m                                                   'metadata_server': 'localhost:50123',
[36m(TaskRunner pid=3691285)[0m                                                   'protocol': 'tcp'},
[36m(TaskRunner pid=3691285)[0m                                 'SimpleStorage': {'num_data_storage_units': 8,
[36m(TaskRunner pid=3691285)[0m                                                   'total_storage_size': 100000},
[36m(TaskRunner pid=3691285)[0m                                 'storage_backend': 'SimpleStorage'},
[36m(TaskRunner pid=3691285)[0m                     'enable': False,
[36m(TaskRunner pid=3691285)[0m                     'metrics': {'enabled': False, 'port': 0}}}
[36m(TaskRunner pid=3691285)[0m WARNING: val_batch_size is deprecated. Validation datasets are sent to inference engines as a whole batch, which will schedule the memory themselves.
[36m(TaskRunner pid=3691285)[0m [validate_config] All configuration checks passed successfully!
[36m(TaskRunner pid=3691285)[0m Using dataset class: RLHFDataset
[36m(TaskRunner pid=3691285)[0m {
[36m(TaskRunner pid=3691285)[0m   "type": "function",
[36m(TaskRunner pid=3691285)[0m   "function": {
[36m(TaskRunner pid=3691285)[0m     "name": "crop_video",
[36m(TaskRunner pid=3691285)[0m     "description": "Inspect a time interval of the current video closely: returns 30 higher-resolution frames sampled evenly from [start_time, end_time], each labeled with its timestamp in seconds.",
[36m(TaskRunner pid=3691285)[0m     "parameters": {
[36m(TaskRunner pid=3691285)[0m       "type": "object",
[36m(TaskRunner pid=3691285)[0m       "properties": {
[36m(TaskRunner pid=3691285)[0m         "start_time": {
[36m(TaskRunner pid=3691285)[0m           "type": "number",
[36m(TaskRunner pid=3691285)[0m           "description": "Interval start in seconds, >= 0."[36m(TaskRunner pid=3691285)[0m /home/yw4636/.conda/envs/verl/lib/python3.12/site-packages/verl/trainer/main_ppo_v0.py:218: FutureWarning: Warning: Class 'verl.trainer.ppo.ray_trainer.RayPPOTrainer' is deprecated. Please use 'Legacy trainer is deprecated, and wil be removed in v0.9.0. Please use `trainer.use_v1=True` instead.' instead.
[36m(TaskRunner pid=3691285)[0m   trainer = RayPPOTrainer(
[36m(TaskRunner pid=3691285)[0m /home/yw4636/.conda/envs/verl/lib/python3.12/site-packages/verl/trainer/ppo/ray_trainer.py:348: UserWarning: Disabled critic as algorithm.adv_estimator != gae. If it is not intended, please set critic.enable=True
[36m(TaskRunner pid=3691285)[0m   self.use_critic = need_critic(self.config)
[36m(WorkerDict pid=3691645)[0m /home/yw4636/.conda/envs/verl/lib/python3.12/site-packages/verl/workers/engine/__init__.py:31: UserWarning: torchtitan engine is not available: ModuleNotFoundError("No module named 'torchtitan'")
[36m(WorkerDict pid=3691645)[0m   warnings.warn(f"torchtitan engine is not available: {e!r}", stacklevel=1)
[36m(WorkerDict pid=3691645)[0m /home/yw4636/.conda/envs/verl/lib/python3.12/site-packages/verl/workers/engine/__init__.py:40: UserWarning: veomni engine is not available: ModuleNotFoundError("No module named 'veomni'")
[36m(WorkerDict pid=3691645)[0m   warnings.warn(f"veomni engine is not available: {e!r}", stacklevel=1)
[36m(WorkerDict pid=3691645)[0m /home/yw4636/.conda/envs/verl/lib/python3.12/site-packages/verl/workers/engine/__init__.py:49: UserWarning: automodel engine is not available: ModuleNotFoundError("No module named 'nemo_automodel'")
[36m(WorkerDict pid=3691645)[0m   warnings.warn(f"automodel engine is not available: {e!r}", stacklevel=1)
[36m(WorkerDict pid=3691645)[0m /home/yw4636/.conda/envs/verl/lib/python3.12/site-packages/verl/workers/engine/mindspeed/transformer_impl.py:24: UserWarning: NPU not support router replay for now.
[36m(WorkerDict pid=3691645)[0m   from verl.utils.megatron.router_replay_patch import RouterReplay
[36m(WorkerDict pid=3691645)[0m /home/yw4636/.conda/envs/verl/lib/python3.12/site-packages/verl/workers/engine/__init__.py:59: UserWarning: mindspeed engine is not available: ModuleNotFoundError("No module named 'megatron'")
[36m(WorkerDict pid=3691645)[0m   warnings.warn(f"mindspeed engine is not available: {e!r}", stacklevel=1)
[36m(WorkerDict pid=3691645)[0m /home/yw4636/.conda/envs/verl/lib/python3.12/site-packages/verl/workers/engine/__init__.py:69: UserWarning: megatron engine is not available: ModuleNotFoundError("No module named 'megatron'")
[36m(WorkerDict pid=3691645)[0m   warnings.warn(f"megatron engine is not available: {e!r}", stacklevel=1)
[36m(WorkerDict pid=3691645)[0m [transformers] Flash Attention 2 only supports torch.float16 and torch.bfloat16 dtypes, but the current dype in Qwen3VLForConditionalGeneration is torch.float32. You should run training or inference using Automatic Mixed-Precision via the `with torch.autocast(device_type='torch_device'):` decorator, or load the model with the `dtype` argument. Example: `model = AutoModel.from_pretrained("meta-llama/Llama-3.2-1B", attn_implementation="flash_attention_2", dtype=torch.float16)`
[36m(WorkerDict pid=3691645)[0m [transformers] Flash Attention 2 only supports torch.float16 and torch.bfloat16 dtypes, but the current dype in Qwen3VLModel is torch.float32. You should run training or inference using Automatic Mixed-Precision via the `with torch.autocast(device_type='torch_device'):` decorator, or load the model with the `dtype` argument. Example: `model = AutoModel.from_pretrained("meta-llama/Llama-3.2-1B", attn_implementation="flash_attention_2", dtype=torch.float16)`
[36m(WorkerDict pid=3691645)[0m [transformers] Flash Attention 2 only supports torch.float16 and torch.bfloat16 dtypes, but the current dype in Qwen3VLVisionModel is torch.float32. You should run training or inference using Automatic Mixed-Precision via the `with torch.autocast(device_type='torch_device'):` decorator, or load the model with the `dtype` argument. Example: `model = AutoModel.from_pretrained("meta-llama/Llama-3.2-1B", attn_implementation="flash_attention_2", dtype=torch.float16)`
[36m(WorkerDict pid=3691645)[0m [transformers] Flash Attention 2 only supports torch.float16 and torch.bfloat16 dtypes, but the current dype in Qwen3VLTextModel is torch.float32. You should run training or inference using Automatic Mixed-Precision via the `with torch.autocast(device_type='torch_device'):` decorator, or load the model with the `dtype` argument. Example: `model = AutoModel.from_pretrained("meta-llama/Llama-3.2-1B", attn_implementation="flash_attention_2", dtype=torch.float16)`
[36m(WorkerDict pid=3691645)[0m Loading weights:   0%|          | 0/713 [00:00<?, ?it/s]
[36m(WorkerDict pid=3691645)[0m Loading weights:   0%|          | 1/713 [00:00<06:50,  1.74it/s]
[36m(WorkerDict pid=3691645)[0m Loading weights:  19%|█▉        | 135/713 [00:00<00:02, 267.19it/s]
[36m(WorkerDict pid=3691645)[0m Loading weights:  30%|███       | 214/713 [00:00<00:01, 268.09it/s]
[36m(WorkerDict pid=3691645)[0m Loading weights:  38%|███▊      | 269/713 [00:01<00:01, 267.98it/s]
[36m(WorkerDict pid=3691645)[0m Loading weights:  44%|████▍     | 313/713 [00:01<00:01, 268.44it/s]
[36m(WorkerDict pid=3691645)[0m Loading weights:  49%|████▉     | 351/713 [00:01<00:01, 277.42it/s]
[36m(WorkerDict pid=3691645)[0m Loading weights:  54%|█████▍    | 387/713 [00:01<00:01, 278.97it/s]
[36m(WorkerDict pid=3691645)[0m Loading weights:  72%|███████▏  | 512/713 [00:01<00:00, 488.12it/s]
[36m(WorkerDict pid=3691645)[0m Loading weights:  96%|█████████▋| 688/713 [00:01<00:00, 777.20it/s]
[36m(WorkerDict pid=3691645)[0m Loading weights: 100%|██████████| 713/713 [00:01<00:00, 391.08it/s]
[36m(WorkerDict pid=3691645)[0m WARNING:2026-08-28 08:09:18,400:Setting the sleep level to 1 may cause a memory overflow.
[36m(vLLMHttpServer pid=3692243)[0m [transformers] The `use_fast` parameter is deprecated and will be removed in a future version. Use `backend="torchvision"` instead of `use_fast=True`, or `backend="pil"` instead of `use_fast=False`.
[36m(vLLMHttpServer pid=3692243)[0m (Worker pid=3693064) [transformers] The `use_fast` parameter is deprecated and will be removed in a future version. Use `backend="torchvision"` instead of `use_fast=True`, or `backend="pil"` instead of `use_fast=False`.
[36m(vLLMHttpServer pid=3692243)[0m (Worker pid=3693064) Loading safetensors checkpoint shards:   0% Completed | 0/1 [00:00<?, ?it/s]
[36m(vLLMHttpServer pid=3692243)[0m (Worker pid=3693064) Loading safetensors checkpoint shards: 100% Completed | 1/1 [00:01<00:00,  1.50s/it]
[36m(vLLMHttpServer pid=3692243)[0m (Worker pid=3693064) Loading safetensors checkpoint shards: 100% Completed | 1/1 [00:01<00:00,  1.50s/it]
[36m(vLLMHttpServer pid=3692243)[0m (Worker pid=3693064) 

[36m(TaskRunner pid=3691285)[0m         },
[36m(TaskRunner pid=3691285)[0m         "end_time": {
[36m(TaskRunner pid=3691285)[0m           "type": "number",
[36m(TaskRunner pid=3691285)[0m           "description": "Interval end in seconds, > start_time, <= video duration."
[36m(TaskRunner pid=3691285)[0m         }
[36m(TaskRunner pid=3691285)[0m       },
[36m(TaskRunner pid=3691285)[0m       "required": [
[36m(TaskRunner pid=3691285)[0m         "start_time",
[36m(TaskRunner pid=3691285)[0m         "end_time"
[36m(TaskRunner pid=3691285)[0m       ]
[36m(TaskRunner pid=3691285)[0m     }
[36m(TaskRunner pid=3691285)[0m   }
[36m(TaskRunner pid=3691285)[0m }
[36m(TaskRunner pid=3691285)[0m dataset len: 1068
[36m(TaskRunner pid=3691285)[0m Using dataset class: RLHFDataset
[36m(TaskRunner pid=3691285)[0m {
[36m(TaskRunner pid=3691285)[0m   "type": "function",
[36m(TaskRunner pid=3691285)[0m   "function": {
[36m(TaskRunner pid=3691285)[0m     "name": "crop_video",
[36m(TaskRunner pid=3691285)[0m     "description": "Inspect a time interval of the current video closely: returns 30 higher-resolution frames sampled evenly from [start_time, end_time], each labeled with its timestamp in seconds.",
[36m(TaskRunner pid=3691285)[0m     "parameters": {
[36m(TaskRunner pid=3691285)[0m       "type": "object",
[36m(TaskRunner pid=3691285)[0m       "properties": {
[36m(TaskRunner pid=3691285)[0m         "start_time": {
[36m(TaskRunner pid=3691285)[0m           "type": "number",
[36m(TaskRunner pid=3691285)[0m           "description": "Interval start in seconds, >= 0."
[36m(TaskRunner pid=3691285)[0m         },
[36m(TaskRunner pid=3691285)[0m         "end_time": {
[36m(TaskRunner pid=3691285)[0m           "type": "number",
[36m(TaskRunner pid=3691285)[0m           "description": "Interval end in seconds, > start_time, <= video duration."
[36m(TaskRunner pid=3691285)[0m         }
[36m(TaskRunner pid=3691285)[0m       },
[36m(TaskRunner pid=3691285)[0m       "required": [
[36m(TaskRunner pid=3691285)[0m         "start_time",
[36m(TaskRunner pid=3691285)[0m         "end_time"
[36m(TaskRunner pid=3691285)[0m       ]
[36m(TaskRunner pid=3691285)[0m     }
[36m(TaskRunner pid=3691285)[0m   }
[36m(TaskRunner pid=3691285)[0m }
[36m(TaskRunner pid=3691285)[0m dataset len: 114
[36m(TaskRunner pid=3691285)[0m Size of train dataloader: 133, Size of val dataloader: 57
[36m(TaskRunner pid=3691285)[0m Total training steps: 267
[36m(TaskRunner pid=3691285)[0m colocated worker base class <class 'verl.single_controller.base.worker.Worker'>
[36m(WorkerDict pid=3691645)[0m Warning: Failed to set NUMA affinity: libnuma.so: cannot open shared object file: No such file or directory
[36m(WorkerDict pid=3691645)[0m Monkey patch Qwen3VLForConditionalGeneration model forward
[36m(WorkerDict pid=3691645)[0m Monkey patch _flash_attention_forward in transformers.integrations.flash_attention
[36m(WorkerDict pid=3691645)[0m Skipping monkey patch for Qwen3VLForConditionalGeneration as use_fused_kernels is False or fused_kernels_backend is torch
[36m(WorkerDict pid=3691645)[0m PeftModelForCausalLM contains 4.47B parameters
[36m(WorkerDict pid=3691645)[0m Before FSDP, memory allocated (GB): 0.00, memory reserved (GB): 0.00, device memory used/total (GB): 0.41/79.27
[36m(WorkerDict pid=3691645)[0m After FSDP, memory allocated (GB): 16.76, memory reserved (GB): 18.74, device memory used/total (GB): 19.67/79.27
[36m(WorkerDict pid=3691645)[0m Total steps: 267, num_warmup_steps: 0
[36m(vLLMHttpServer pid=3692243)[0m ['serve',
[36m(vLLMHttpServer pid=3692243)[0m  '/home/yw4636/agentic-tvg/results/sft-mix/merged',
[36m(vLLMHttpServer pid=3692243)[0m  '--dtype',
[36m(vLLMHttpServer pid=3692243)[0m  'bfloat16',
[36m(vLLMHttpServer pid=3692243)[0m  '--load_format',
[36m(vLLMHttpServer pid=3692243)[0m  'safetensors',
[36m(vLLMHttpServer pid=3692243)[0m  '--distributed_executor_backend',
[36m(vLLMHttpServer pid=3692243)[0m  'mp',
[36m(vLLMHttpServer pid=3692243)[0m  '--worker_extension_cls',
[36m(vLLMHttpServer pid=3692243)[0m  'verl.workers.rollout.vllm_rollout.utils.vLLMColocateWorkerExtension',
[36m(vLLMHttpServer pid=3692243)[0m  '--max_model_len',
[36m(vLLMHttpServer pid=3692243)[0m  '20992',
[36m(vLLMHttpServer pid=3692243)[0m  '--max_num_seqs',
[36m(vLLMHttpServer pid=3692243)[0m  '256',
[36m(vLLMHttpServer pid=3692243)[0m  '--enable_chunked_prefill',
[36m(vLLMHttpServer pid=3692243)[0m  '--max_num_batched_tokens',
[36m(vLLMHttpServer pid=3692243)[0m  '24576',
[36m(vLLMHttpServer pid=3692243)[0m  '--enable_prefix_caching',
[36m(vLLMHttpServer pid=3692243)[0m  '--enable_sleep_mode',
[36m(vLLMHttpServer pid=3692243)[0m  '--logprobs_mode',
[36m(vLLMHttpServer pid=3692243)[0m  'processed_logprobs',
[36m(vLLMHttpServer pid=3692243)[0m  '--gpu_memory_utilization',
[36m(vLLMHttpServer pid=3692243)[0m  '0.65',
[36m(vLLMHttpServer pid=3692243)[0m  '--disable_log_stats',
[36m(vLLMHttpServer pid=3692243)[0m  '--tensor_parallel_size',
[36m(vLLMHttpServer pid=3692243)[0m  '1',
[36m(vLLMHttpServer pid=3692243)[0m  '--seed',
[36m(vLLMHttpServer pid=3692243)[0m  '42',
[36m(vLLMHttpServer pid=3692243)[0m  '--override_generation_config',
[36m(vLLMHttpServer pid=3692243)[0m  '{"temperature": 1.0, "top_k": -1, "top_p": 1, "repetition_penalty": 1.0, '
[36m(vLLMHttpServer pid=3692243)[0m  '"max_new_tokens": 16384}',
[36m(vLLMHttpServer pid=3692243)[0m  '--hf_overrides',
[36m(vLLMHttpServer pid=3692243)[0m  '{}',
[36m(vLLMHttpServer pid=3692243)[0m  '--scheduling_policy',
[36m(vLLMHttpServer pid=3692243)[0m  'fcfs',
[36m(vLLMHttpServer pid=3692243)[0m  '--compilation_config',
[36m(vLLMHttpServer pid=3692243)[0m  '{"cudagraph_mode": "FULL_AND_PIECEWISE"}',
[36m(vLLMHttpServer pid=3692243)[0m  '--mm_processor_kwargs',
[36m(vLLMHttpServer pid=3692243)[0m  '{"max_pixels": 150528}',
[36m(vLLMHttpServer pid=3692243)[0m  '--limit_mm_per_prompt',
[36m(vLLMHttpServer pid=3692243)[0m  '{"image": 112}',
[36m(vLLMHttpServer pid=3692243)[0m  '--enable_lora',
[36m(vLLMHttpServer pid=3692243)[0m  '--max_loras',
[36m(vLLMHttpServer pid=3692243)[0m  '1',
[36m(vLLMHttpServer pid=3692243)[0m  '--max_lora_rank',
[36m(vLLMHttpServer pid=3692243)[0m  '16']
[36m(vLLMHttpServer pid=3692243)[0m WARNING 08-28 08:09:34 [system_utils.py:157] We must use the `spawn` multiprocessing start method. Overriding VLLM_WORKER_MULTIPROC_METHOD to 'spawn'. See https://docs.vllm.ai/en/latest/usage/troubleshooting.html#python-multiprocessing for more information. Reasons: In a Ray actor and can only be spawned; CUDA is initialized
[36m(vLLMHttpServer pid=3692243)[0m (Worker pid=3693064) WARNING 08-28 08:10:01 [model_manager.py:401] Regarding Qwen3VLForConditionalGeneration, no matching PunicaWrapper is found; visual.patch_embed.proj will be ignored.
[36m(vLLMHttpServer pid=3692243)[0m (Worker pid=3693064) WARNING 08-28 08:10:01 [model_manager.py:401] Regarding Qwen3VLForConditionalGeneration, no matching PunicaWrapper is found; visual.merger.linear_fc1 will be ignored.
[36m(vLLMHttpServer pid=3692243)[0m (Worker pid=3693064) WARNING 08-28 08:10:01 [model_manager.py:401] Regarding Qwen3VLForConditionalGeneration, no matching PunicaWrapper is found; visual.merger.linear_fc2 will be ignored.
[36m(vLLMHttpServer pid=3692243)[0m (Worker pid=3693064) WARNING 08-28 08:10:01 [model_manager.py:401] Regarding Qwen3VLForConditionalGeneration, no matching PunicaWrapper is found; visual.deepstack_merger_list.0.linear_fc1 will be ignored.
[36m(vLLMHttpServer pid=3692243)[0m (Worker pid=3693064) WARNING 08-28 08:10:01 [model_manager.py:401] Regarding Qwen3VLForConditionalGeneration, no matching PunicaWrapper is found; visual.deepstack_merger_list.0.linear_fc2 will be ignored.
[36m(vLLMHttpServer pid=3692243)[0m (Worker pid=3693064) WARNING 08-28 08:10:01 [model_manager.py:401] Regarding Qwen3VLForConditionalGeneration, no matching PunicaWrapper is found; visual.deepstack_merger_list.1.linear_fc1 will be ignored.
[36m(vLLMHttpServer pid=3692243)[0m (Worker pid=3693064) WARNING 08-28 08:10:01 [model_manager.py:401] Regarding Qwen3VLForConditionalGeneration, no matching PunicaWrapper is found; visual.deepstack_merger_list.1.linear_fc2 will be ignored.
[36m(vLLMHttpServer pid=3692243)[0m (Worker pid=3693064) WARNING 08-28 08:10:01 [model_manager.py:401] Regarding Qwen3VLForConditionalGeneration, no matching PunicaWrapper is found; visual.deepstack_merger_list.2.linear_fc1 will be ignored.
[36m(vLLMHttpServer pid=3692243)[0m (Worker pid=3693064) WARNING 08-28 08:10:01 [model_manager.py:401] Regarding Qwen3VLForConditionalGeneration, no matching PunicaWrapper is found; visual.deepstack_merger_list.2.linear_fc2 will be ignored.
[36m(vLLMHttpServer pid=3692243)[0m (Worker pid=3693064) WARNING 08-28 08:10:01 [model_manager.py:401] Regarding Qwen3VLForConditionalGeneration, no matching PunicaWrapper is found; visual.blocks.0.attn.qkv will be ignored.
[36m(vLLMHttpServer pid=3692243)[0m (Worker pid=3693064) WARNING 08-28 08:10:01 [model_manager.py:401] Regarding Qwen3VLForConditionalGeneration, no matching PunicaWrapper is found; visual.blocks.0.attn.proj will be ignored.
[36m(vLLMHttpServer pid=3692243)[0m (Worker pid=3693064) WARNING 08-28 08:10:01 [model_manager.py:401] Regarding Qwen3VLForConditionalGeneration, no matching PunicaWrapper is found; visual.blocks.0.mlp.linear_fc1 will be ignored.
[36m(vLLMHttpServer pid=3692243)[0m (Worker pid=3693064) WARNING 08-28 08:10:01 [model_manager.py:401] Regarding Qwen3VLForConditionalGeneration, no matching PunicaWrapper is found; visual.blocks.0.mlp.linear_fc2 will be ignored.
[36m(vLLMHttpServer pid=3692243)[0m (Worker pid=3693064) WARNING 08-28 08:10:01 [model_manager.py:401] Regarding Qwen3VLForConditionalGeneration, no matching PunicaWrapper is found; visual.blocks.1.attn.qkv will be ignored.
[36m(vLLMHttpServer pid=3692243)[0m (Worker pid=3693064) WARNING 08-28 08:10:01 [model_manager.py:401] Regarding Qwen3VLForConditionalGeneration, no matching PunicaWrapper is found; visual.blocks.1.attn.proj will be ignored.
[36m(vLLMHttpServer pid=3692243)[0m (Worker pid=3693064) WARNING 08-28 08:10:01 [model_manager.py:401] Regarding Qwen3VLForConditionalGeneration, no matching PunicaWrapper is found; visual.blocks.1.mlp.linear_fc1 will be ignored.
[36m(vLLMHttpServer pid=3692243)[0m (Worker pid=3693064) WARNING 08-28 08:10:01 [model_manager.py:401] Regarding Qwen3VLForConditionalGeneration, no matching PunicaWrapper is found; visual.blocks.1.mlp.linear_fc2 will be ignored.
[36m(vLLMHttpServer pid=3692243)[0m (Worker pid=3693064) WARNING 08-28 08:10:01 [model_manager.py:401] Regarding Qwen3VLForConditionalGeneration, no matching PunicaWrapper is found; visual.blocks.2.attn.qkv will be ignored.
[36m(vLLMHttpServer pid=3692243)[0m (Worker pid=3693064) WARNING 08-28 08:10:01 [model_manager.py:401] Regarding Qwen3VLForConditionalGeneration, no matching PunicaWrapper is found; visual.blocks.2.attn.proj will be ignored.
[36m(vLLMHttpServer pid=3692243)[0m (Worker pid=3693064) WARNING 08-28 08:10:01 [model_manager.py:401] Regarding Qwen3VLForConditionalGeneration, no matching PunicaWrapper is found; visual.blocks.2.mlp.linear_fc1 will be ignored.
[36m(vLLMHttpServer pid=3692243)[0m (Worker pid=3693064) WARNING 08-28 08:10:01 [model_manager.py:401] Regarding Qwen3VLForConditionalGeneration, no matching PunicaWrapper is found; visual.blocks.2.mlp.linear_fc2 will be ignored.
[36m(vLLMHttpServer pid=3692243)[0m (Worker pid=3693064) WARNING 08-28 08:10:01 [model_manager.py:401] Regarding Qwen3VLForConditionalGeneration, no matching PunicaWrapper is found; visual.blocks.3.attn.qkv will be ignored.
[36m(vLLMHttpServer pid=3692243)[0m (Worker pid=3693064) WARNING 08-28 08:10:01 [model_manager.py:401] Regarding Qwen3VLForConditionalGeneration, no matching PunicaWrapper is found; visual.blocks.3.attn.proj will be ignored.
[36m(vLLMHttpServer pid=3692243)[0m (Worker pid=3693064) WARNING 08-28 08:10:01 [model_manager.py:401] Regarding Qwen3VLForConditionalGeneration, no matching PunicaWrapper is found; visual.blocks.3.mlp.linear_fc1 will be ignored.
[36m(vLLMHttpServer pid=3692243)[0m (Worker pid=3693064) WARNING 08-28 08:10:01 [model_manager.py:401] Regarding Qwen3VLForConditionalGeneration, no matching PunicaWrapper is found; visual.blocks.3.mlp.linear_fc2 will be ignored.
[36m(vLLMHttpServer pid=3692243)[0m (Worker pid=3693064) WARNING 08-28 08:10:01 [model_manager.py:401] Regarding Qwen3VLForConditionalGeneration, no matching PunicaWrapper is found; visual.blocks.4.attn.qkv will be ignored.
[36m(vLLMHttpServer pid=3692243)[0m (Worker pid=3693064) WARNING 08-28 08:10:01 [model_manager.py:401] Regarding Qwen3VLForConditionalGeneration, no matching PunicaWrapper is found; visual.blocks.4.attn.proj will be ignored.
[36m(vLLMHttpServer pid=3692243)[0m (Worker pid=3693064) WARNING 08-28 08:10:01 [model_manager.py:401] Regarding Qwen3VLForConditionalGeneration, no matching PunicaWrapper is found; visual.blocks.4.mlp.linear_fc1 will be ignored.
[36m(vLLMHttpServer pid=3692243)[0m (Worker pid=3693064) WARNING 08-28 08:10:01 [model_manager.py:401] Regarding Qwen3VLForConditionalGeneration, no matching PunicaWrapper is found; visual.blocks.4.mlp.linear_fc2 will be ignored.
[36m(vLLMHttpServer pid=3692243)[0m (Worker pid=3693064) WARNING 08-28 08:10:01 [model_manager.py:401] Regarding Qwen3VLForConditionalGeneration, no matching PunicaWrapper is found; visual.blocks.5.attn.qkv will be ignored.
[36m(vLLMHttpServer pid=3692243)[0m (Worker pid=3693064) WARNING 08-28 08:10:01 [model_manager.py:401] Regarding Qwen3VLForConditionalGeneration, no matching PunicaWrapper is found; visual.blocks.5.attn.proj will be ignored.
[36m(vLLMHttpServer pid=3692243)[0m (Worker pid=3693064) WARNING 08-28 08:10:01 [model_manager.py:401] Regarding Qwen3VLForConditionalGeneration, no matching PunicaWrapper is found; visual.blocks.5.mlp.linear_fc1 will be ignored.
[36m(vLLMHttpServer pid=3692243)[0m (Worker pid=3693064) WARNING 08-28 08:10:01 [model_manager.py:401] Regarding Qwen3VLForConditionalGeneration, no matching PunicaWrapper is found; visual.blocks.5.mlp.linear_fc2 will be ignored.
[36m(vLLMHttpServer pid=3692243)[0m (Worker pid=3693064) WARNING 08-28 08:10:01 [model_manager.py:401] Regarding Qwen3VLForConditionalGeneration, no matching PunicaWrapper is found; visual.blocks.6.attn.qkv will be ignored.
[36m(vLLMHttpServer pid=3692243)[0m (Worker pid=3693064) WARNING 08-28 08:10:01 [model_manager.py:401] Regarding Qwen3VLForConditionalGeneration, no matching PunicaWrapper is found; visual.blocks.6.attn.proj will be ignored.
[36m(vLLMHttpServer pid=3692243)[0m (Worker pid=3693064) WARNING 08-28 08:10:01 [model_manager.py:401] Regarding Qwen3VLForConditionalGeneration, no matching PunicaWrapper is found; visual.blocks.6.mlp.linear_fc1 will be ignored.
[36m(vLLMHttpServer pid=3692243)[0m (Worker pid=3693064) WARNING 08-28 08:10:01 [model_manager.py:401] Regarding Qwen3VLForConditionalGeneration, no matching PunicaWrapper is found; visual.blocks.6.mlp.linear_fc2 will be ignored.
[36m(vLLMHttpServer pid=3692243)[0m (Worker pid=3693064) WARNING 08-28 08:10:01 [model_manager.py:401] Regarding Qwen3VLForConditionalGeneration, no matching PunicaWrapper is found; visual.blocks.7.attn.qkv will be ignored.
[36m(vLLMHttpServer pid=3692243)[0m (Worker pid=3693064) WARNING 08-28 08:10:01 [model_manager.py:401] Regarding Qwen3VLForConditionalGeneration, no matching PunicaWrapper is found; visual.blocks.7.attn.proj will be ignored.
[36m(vLLMHttpServer pid=3692243)[0m (Worker pid=3693064) WARNING 08-28 08:10:01 [model_manager.py:401] Regarding Qwen3VLForConditionalGeneration, no matching PunicaWrapper is found; visual.blocks.7.mlp.linear_fc1 will be ignored.
[36m(vLLMHttpServer pid=3692243)[0m (Worker pid=3693064) WARNING 08-28 08:10:01 [model_manager.py:401] Regarding Qwen3VLForConditionalGeneration, no matching PunicaWrapper is found; visual.blocks.7.mlp.linear_fc2 will be ignored.
[36m(vLLMHttpServer pid=3692243)[0m (Worker pid=3693064) WARNING 08-28 08:10:01 [model_manager.py:401] Regarding Qwen3VLForConditionalGeneration, no matching PunicaWrapper is found; visual.blocks.8.attn.qkv will be ignored.
[36m(vLLMHttpServer pid=3692243)[0m (Worker pid=3693064) WARNING 08-28 08:10:01 [model_manager.py:401] Regarding Qwen3VLForConditionalGeneration, no matching PunicaWrapper is found; visual.blocks.8.attn.proj will be ignored.
[36m(vLLMHttpServer pid=3692243)[0m (Worker pid=3693064) WARNING 08-28 08:10:01 [model_manager.py:401] Regarding Qwen3VLForConditionalGeneration, no matching PunicaWrapper is found; visual.blocks.8.mlp.linear_fc1 will be ignored.
[36m(vLLMHttpServer pid=3692243)[0m (Worker pid=3693064) WARNING 08-28 08:10:01 [model_manager.py:401] Regarding Qwen3VLForConditionalGeneration, no matching PunicaWrapper is found; visual.blocks.8.mlp.linear_fc2 will be ignored.
[36m(vLLMHttpServer pid=3692243)[0m (Worker pid=3693064) WARNING 08-28 08:10:01 [model_manager.py:401] Regarding Qwen3VLForConditionalGeneration, no matching PunicaWrapper is found; visual.blocks.9.attn.qkv will be ignored.
[36m(vLLMHttpServer pid=3692243)[0m (Worker pid=3693064) WARNING 08-28 08:10:01 [model_manager.py:401] Regarding Qwen3VLForConditionalGeneration, no matching PunicaWrapper is found; visual.blocks.9.attn.proj will be ignored.
[36m(vLLMHttpServer pid=3692243)[0m (Worker pid=3693064) WARNING 08-28 08:10:01 [model_manager.py:401] Regarding Qwen3VLForConditionalGeneration, no matching PunicaWrapper is found; visual.blocks.9.mlp.linear_fc1 will be ignored.
[36m(vLLMHttpServer pid=3692243)[0m (Worker pid=3693064) WARNING 08-28 08:10:01 [model_manager.py:401] Regarding Qwen3VLForConditionalGeneration, no matching PunicaWrapper is found; visual.blocks.9.mlp.linear_fc2 will be ignored.
[36m(vLLMHttpServer pid=3692243)[0m (Worker pid=3693064) WARNING 08-28 08:10:01 [model_manager.py:401] Regarding Qwen3VLForConditionalGeneration, no matching PunicaWrapper is found; visual.blocks.10.attn.qkv will be ignored.
[36m(vLLMHttpServer pid=3692243)[0m (Worker pid=3693064) WARNING 08-28 08:10:01 [model_manager.py:401] Regarding Qwen3VLForConditionalGeneration, no matching PunicaWrapper is found; visual.blocks.10.attn.proj will be ignored.
[36m(vLLMHttpServer pid=3692243)[0m (Worker pid=3693064) WARNING 08-28 08:10:01 [model_manager.py:401] Regarding Qwen3VLForConditionalGeneration, no matching PunicaWrapper is found; visual.blocks.10.mlp.linear_fc1 will be ignored.
[36m(vLLMHttpServer pid=3692243)[0m (Worker pid=3693064) WARNING 08-28 08:10:01 [model_manager.py:401] Regarding Qwen3VLForConditionalGeneration, no matching PunicaWrapper is found; visual.blocks.10.mlp.linear_fc2 will be ignored.
[36m(vLLMHttpServer pid=3692243)[0m (Worker pid=3693064) WARNING 08-28 08:10:01 [model_manager.py:401] Regarding Qwen3VLForConditionalGeneration, no matching PunicaWrapper is found; visual.blocks.11.attn.qkv will be ignored.
[36m(vLLMHttpServer pid=3692243)[0m (Worker pid=3693064) WARNING 08-28 08:10:01 [model_manager.py:401] Regarding Qwen3VLForConditionalGeneration, no matching PunicaWrapper is found; visual.blocks.11.attn.proj will be ignored.
[36m(vLLMHttpServer pid=3692243)[0m (Worker pid=3693064) WARNING 08-28 08:10:01 [model_manager.py:401] Regarding Qwen3VLForConditionalGeneration, no matching PunicaWrapper is found; visual.blocks.11.mlp.linear_fc1 will be ignored.
[36m(vLLMHttpServer pid=3692243)[0m (Worker pid=3693064) WARNING 08-28 08:10:01 [model_manager.py:401] Regarding Qwen3VLForConditionalGeneration, no matching PunicaWrapper is found; visual.blocks.11.mlp.linear_fc2 will be ignored.
[36m(vLLMHttpServer pid=3692243)[0m (Worker pid=3693064) WARNING 08-28 08:10:01 [model_manager.py:401] Regarding Qwen3VLForConditionalGeneration, no matching PunicaWrapper is found; visual.blocks.12.attn.qkv will be ignored.
[36m(vLLMHttpServer pid=3692243)[0m (Worker pid=3693064) WARNING 08-28 08:10:01 [model_manager.py:401] Regarding Qwen3VLForConditionalGeneration, no matching PunicaWrapper is found; visual.blocks.12.attn.proj will be ignored.
[36m(vLLMHttpServer pid=3692243)[0m (Worker pid=3693064) WARNING 08-28 08:10:01 [model_manager.py:401] Regarding Qwen3VLForConditionalGeneration, no matching PunicaWrapper is found; visual.blocks.12.mlp.linear_fc1 will be ignored.
[36m(vLLMHttpServer pid=3692243)[0m (Worker pid=3693064) WARNING 08-28 08:10:01 [model_manager.py:401] Regarding Qwen3VLForConditionalGeneration, no matching PunicaWrapper is found; visual.blocks.12.mlp.linear_fc2 will be ignored.
[36m(vLLMHttpServer pid=3692243)[0m (Worker pid=3693064) WARNING 08-28 08:10:01 [model_manager.py:401] Regarding Qwen3VLForConditionalGeneration, no matching PunicaWrapper is found; visual.blocks.13.attn.qkv will be ignored.
[36m(vLLMHttpServer pid=3692243)[0m (Worker pid=3693064) WARNING 08-28 08:10:01 [model_manager.py:401] Regarding Qwen3VLForConditionalGeneration, no matching PunicaWrapper is found; visual.blocks.13.attn.proj will be ignored.
[36m(vLLMHttpServer pid=3692243)[0m (Worker pid=3693064) WARNING 08-28 08:10:01 [model_manager.py:401] Regarding Qwen3VLForConditionalGeneration, no matching PunicaWrapper is found; visual.blocks.13.mlp.linear_fc1 will be ignored.
[36m(vLLMHttpServer pid=3692243)[0m (Worker pid=3693064) WARNING 08-28 08:10:01 [model_manager.py:401] Regarding Qwen3VLForConditionalGeneration, no matching PunicaWrapper is found; visual.blocks.13.mlp.linear_fc2 will be ignored.
[36m(vLLMHttpServer pid=3692243)[0m (Worker pid=3693064) WARNING 08-28 08:10:01 [model_manager.py:401] Regarding Qwen3VLForConditionalGeneration, no matching PunicaWrapper is found; visual.blocks.14.attn.qkv will be ignored.
[36m(vLLMHttpServer pid=3692243)[0m (Worker pid=3693064) WARNING 08-28 08:10:01 [model_manager.py:401] Regarding Qwen3VLForConditionalGeneration, no matching PunicaWrapper is found; visual.blocks.14.attn.proj will be ignored.
[36m(vLLMHttpServer pid=3692243)[0m (Worker pid=3693064) WARNING 08-28 08:10:01 [model_manager.py:401] Regarding Qwen3VLForConditionalGeneration, no matching PunicaWrapper is found; visual.blocks.14.mlp.linear_fc1 will be ignored.
[36m(vLLMHttpServer pid=3692243)[0m (Worker pid=3693064) WARNING 08-28 08:10:01 [model_manager.py:401] Regarding Qwen3VLForConditionalGeneration, no matching PunicaWrapper is found; visual.blocks.14.mlp.linear_fc2 will be ignored.
[36m(vLLMHttpServer pid=3692243)[0m (Worker pid=3693064) WARNING 08-28 08:10:01 [model_manager.py:401] Regarding Qwen3VLForConditionalGeneration, no matching PunicaWrapper is found; visual.blocks.15.attn.qkv will be ignored.
[36m(vLLMHttpServer pid=3692243)[0m (Worker pid=3693064) WARNING 08-28 08:10:01 [model_manager.py:401] Regarding Qwen3VLForConditionalGeneration, no matching PunicaWrapper is found; visual.blocks.15.attn.proj will be ignored.
[36m(vLLMHttpServer pid=3692243)[0m (Worker pid=3693064) WARNING 08-28 08:10:01 [model_manager.py:401] Regarding Qwen3VLForConditionalGeneration, no matching PunicaWrapper is found; visual.blocks.15.mlp.linear_fc1 will be ignored.
[36m(vLLMHttpServer pid=3692243)[0m (Worker pid=3693064) WARNING 08-28 08:10:01 [model_manager.py:401] Regarding Qwen3VLForConditionalGeneration, no matching PunicaWrapper is found; visual.blocks.15.mlp.linear_fc2 will be ignored.
[36m(vLLMHttpServer pid=3692243)[0m (Worker pid=3693064) WARNING 08-28 08:10:01 [model_manager.py:401] Regarding Qwen3VLForConditionalGeneration, no matching PunicaWrapper is found; visual.blocks.16.attn.qkv will be ignored.
[36m(vLLMHttpServer pid=3692243)[0m (Worker pid=3693064) WARNING 08-28 08:10:01 [model_manager.py:401] Regarding Qwen3VLForConditionalGeneration, no matching PunicaWrapper is found; visual.blocks.16.attn.proj will be ignored.
[36m(vLLMHttpServer pid=3692243)[0m (Worker pid=3693064) WARNING 08-28 08:10:01 [model_manager.py:401] Regarding Qwen3VLForConditionalGeneration, no matching PunicaWrapper is found; visual.blocks.16.mlp.linear_fc1 will be ignored.
[36m(vLLMHttpServer pid=3692243)[0m (Worker pid=3693064) WARNING 08-28 08:10:01 [model_manager.py:401] Regarding Qwen3VLForConditionalGeneration, no matching PunicaWrapper is found; visual.blocks.16.mlp.linear_fc2 will be ignored.
[36m(vLLMHttpServer pid=3692243)[0m (Worker pid=3693064) WARNING 08-28 08:10:01 [model_manager.py:401] Regarding Qwen3VLForConditionalGeneration, no matching PunicaWrapper is found; visual.blocks.17.attn.qkv will be ignored.
[36m(vLLMHttpServer pid=3692243)[0m (Worker pid=3693064) WARNING 08-28 08:10:01 [model_manager.py:401] Regarding Qwen3VLForConditionalGeneration, no matching PunicaWrapper is found; visual.blocks.17.attn.proj will be ignored.[36m(vLLMHttpServer pid=3692243)[0m (Worker pid=3693064) Capturing CUDA graphs (mixed prefill-decode, PIECEWISE):   0%|          | 0/102 [00:00<?, ?it/s]
[36m(vLLMHttpServer pid=3692243)[0m Capturing CUDA graphs (mixed prefill-decode, PIECEWISE):   1%|          | 1/102 [00:00<00:15,  6.49it/s]
[36m(vLLMHttpServer pid=3692243)[0m Capturing CUDA graphs (mixed prefill-decode, PIECEWISE):   3%|▎         | 3/102 [00:00<00:08, 11.27it/s]
[36m(vLLMHttpServer pid=3692243)[0m Capturing CUDA graphs (mixed prefill-decode, PIECEWISE):   5%|▍         | 5/102 [00:00<00:07, 12.93it/s]
[36m(vLLMHttpServer pid=3692243)[0m Capturing CUDA graphs (mixed prefill-decode, PIECEWISE):   7%|▋         | 7/102 [00:00<00:06, 13.69it/s]
[36m(vLLMHttpServer pid=3692243)[0m Capturing CUDA graphs (mixed prefill-decode, PIECEWISE):   9%|▉         | 9/102 [00:00<00:06, 14.14it/s]
[36m(vLLMHttpServer pid=3692243)[0m Capturing CUDA graphs (mixed prefill-decode, PIECEWISE):  11%|█         | 11/102 [00:00<00:06, 14.38it/s]
[36m(vLLMHttpServer pid=3692243)[0m Capturing CUDA graphs (mixed prefill-decode, PIECEWISE):  13%|█▎        | 13/102 [00:00<00:06, 14.51it/s]
[36m(vLLMHttpServer pid=3692243)[0m Capturing CUDA graphs (mixed prefill-decode, PIECEWISE):  15%|█▍        | 15/102 [00:01<00:05, 14.58it/s]
[36m(vLLMHttpServer pid=3692243)[0m Capturing CUDA graphs (mixed prefill-decode, PIECEWISE):  17%|█▋        | 17/102 [00:01<00:05, 14.69it/s]
[36m(vLLMHttpServer pid=3692243)[0m Capturing CUDA graphs (mixed prefill-decode, PIECEWISE):  19%|█▊        | 19/102 [00:01<00:05, 14.77it/s]
[36m(vLLMHttpServer pid=3692243)[0m Capturing CUDA graphs (mixed prefill-decode, PIECEWISE):  21%|██        | 21/102 [00:01<00:05, 14.85it/s]
[36m(vLLMHttpServer pid=3692243)[0m Capturing CUDA graphs (mixed prefill-decode, PIECEWISE):  23%|██▎       | 23/102 [00:01<00:05, 14.93it/s]
[36m(vLLMHttpServer pid=3692243)[0m Capturing CUDA graphs (mixed prefill-decode, PIECEWISE):  25%|██▍       | 25/102 [00:01<00:05, 14.88it/s]
[36m(vLLMHttpServer pid=3692243)[0m Capturing CUDA graphs (mixed prefill-decode, PIECEWISE):  26%|██▋       | 27/102 [00:01<00:05, 14.94it/s]
[36m(vLLMHttpServer pid=3692243)[0m Capturing CUDA graphs (mixed prefill-decode, PIECEWISE):  28%|██▊       | 29/102 [00:02<00:05, 14.38it/s]
[36m(vLLMHttpServer pid=3692243)[0m Capturing CUDA graphs (mixed prefill-decode, PIECEWISE):  30%|███       | 31/102 [00:02<00:04, 14.57it/s]
[36m(vLLMHttpServer pid=3692243)[0m Capturing CUDA graphs (mixed prefill-decode, PIECEWISE):  32%|███▏      | 33/102 [00:02<00:04, 14.75it/s]
[36m(vLLMHttpServer pid=3692243)[0m Capturing CUDA graphs (mixed prefill-decode, PIECEWISE):  34%|███▍      | 35/102 [00:02<00:04, 14.41it/s]
[36m(vLLMHttpServer pid=3692243)[0m Capturing CUDA graphs (mixed prefill-decode, PIECEWISE):  36%|███▋      | 37/102 [00:02<00:04, 14.59it/s]
[36m(vLLMHttpServer pid=3692243)[0m Capturing CUDA graphs (mixed prefill-decode, PIECEWISE):  38%|███▊      | 39/102 [00:02<00:04, 14.63it/s]
[36m(vLLMHttpServer pid=3692243)[0m Capturing CUDA graphs (mixed prefill-decode, PIECEWISE):  40%|████      | 41/102 [00:02<00:04, 14.72it/s]
[36m(vLLMHttpServer pid=3692243)[0m Capturing CUDA graphs (mixed prefill-decode, PIECEWISE):  42%|████▏     | 43/102 [00:02<00:04, 14.68it/s]
[36m(vLLMHttpServer pid=3692243)[0m Capturing CUDA graphs (mixed prefill-decode, PIECEWISE):  44%|████▍     | 45/102 [00:03<00:03, 14.69it/s]
[36m(vLLMHttpServer pid=3692243)[0m Capturing CUDA graphs (mixed prefill-decode, PIECEWISE):  46%|████▌     | 47/102 [00:03<00:03, 14.72it/s]
[36m(vLLMHttpServer pid=3692243)[0m Capturing CUDA graphs (mixed prefill-decode, PIECEWISE):  48%|████▊     | 49/102 [00:03<00:03, 14.70it/s]
[36m(vLLMHttpServer pid=3692243)[0m Capturing CUDA graphs (mixed prefill-decode, PIECEWISE):  50%|█████     | 51/102 [00:03<00:03, 14.68it/s]
[36m(vLLMHttpServer pid=3692243)[0m Capturing CUDA graphs (mixed prefill-decode, PIECEWISE):  52%|█████▏    | 53/102 [00:03<00:03, 14.65it/s]
[36m(vLLMHttpServer pid=3692243)[0m Capturing CUDA graphs (mixed prefill-decode, PIECEWISE):  54%|█████▍    | 55/102 [00:03<00:03, 14.64it/s]
[36m(vLLMHttpServer pid=3692243)[0m Capturing CUDA graphs (mixed prefill-decode, PIECEWISE):  56%|█████▌    | 57/102 [00:03<00:03, 14.62it/s]
[36m(vLLMHttpServer pid=3692243)[0m Capturing CUDA graphs (mixed prefill-decode, PIECEWISE):  58%|█████▊    | 59/102 [00:04<00:02, 14.59it/s]
[36m(vLLMHttpServer pid=3692243)[0m Capturing CUDA graphs (mixed prefill-decode, PIECEWISE):  60%|█████▉    | 61/102 [00:04<00:02, 14.62it/s]
[36m(vLLMHttpServer pid=3692243)[0m Capturing CUDA graphs (mixed prefill-decode, PIECEWISE):  62%|██████▏   | 63/102 [00:04<00:02, 14.59it/s]
[36m(vLLMHttpServer pid=3692243)[0m Capturing CUDA graphs (mixed prefill-decode, PIECEWISE):  64%|██████▎   | 65/102 [00:04<00:02, 14.61it/s]
[36m(vLLMHttpServer pid=3692243)[0m Capturing CUDA graphs (mixed prefill-decode, PIECEWISE):  66%|██████▌   | 67/102 [00:04<00:02, 14.26it/s]
[36m(vLLMHttpServer pid=3692243)[0m Capturing CUDA graphs (mixed prefill-decode, PIECEWISE):  68%|██████▊   | 69/102 [00:04<00:02, 14.12it/s]
[36m(vLLMHttpServer pid=3692243)[0m Capturing CUDA graphs (mixed prefill-decode, PIECEWISE):  70%|██████▉   | 71/102 [00:04<00:02, 14.22it/s]
[36m(vLLMHttpServer pid=3692243)[0m Capturing CUDA graphs (mixed prefill-decode, PIECEWISE):  72%|███████▏  | 73/102 [00:05<00:02, 14.33it/s]
[36m(vLLMHttpServer pid=3692243)[0m Capturing CUDA graphs (mixed prefill-decode, PIECEWISE):  74%|███████▎  | 75/102 [00:05<00:01, 14.35it/s]
[36m(vLLMHttpServer pid=3692243)[0m Capturing CUDA graphs (mixed prefill-decode, PIECEWISE):  75%|███████▌  | 77/102 [00:05<00:01, 14.33it/s]
[36m(vLLMHttpServer pid=3692243)[0m Capturing CUDA graphs (mixed prefill-decode, PIECEWISE):  77%|███████▋  | 79/102 [00:05<00:01, 14.37it/s]
[36m(vLLMHttpServer pid=3692243)[0m Capturing CUDA graphs (mixed prefill-decode, PIECEWISE):  79%|███████▉  | 81/102 [00:05<00:01, 14.43it/s]
[36m(vLLMHttpServer pid=3692243)[0m Capturing CUDA graphs (mixed prefill-decode, PIECEWISE):  81%|████████▏ | 83/102 [00:05<00:01, 14.43it/s]
[36m(vLLMHttpServer pid=3692243)[0m Capturing CUDA graphs (mixed prefill-decode, PIECEWISE):  83%|████████▎ | 85/102 [00:05<00:01, 14.46it/s]
[36m(vLLMHttpServer pid=3692243)[0m Capturing CUDA graphs (mixed prefill-decode, PIECEWISE):  85%|████████▌ | 87/102 [00:06<00:01, 14.36it/s]
[36m(vLLMHttpServer pid=3692243)[0m Capturing CUDA graphs (mixed prefill-decode, PIECEWISE):  87%|████████▋ | 89/102 [00:06<00:00, 14.37it/s]
[36m(vLLMHttpServer pid=3692243)[0m Capturing CUDA graphs (mixed prefill-decode, PIECEWISE):  89%|████████▉ | 91/102 [00:06<00:00, 14.44it/s]
[36m(vLLMHttpServer pid=3692243)[0m Capturing CUDA graphs (mixed prefill-decode, PIECEWISE):  91%|█████████ | 93/102 [00:06<00:00, 14.46it/s]
[36m(vLLMHttpServer pid=3692243)[0m Capturing CUDA graphs (mixed prefill-decode, PIECEWISE):  93%|█████████▎| 95/102 [00:06<00:00, 14.45it/s]
[36m(vLLMHttpServer pid=3692243)[0m Capturing CUDA graphs (mixed prefill-decode, PIECEWISE):  95%|█████████▌| 97/102 [00:06<00:00, 14.36it/s]
[36m(vLLMHttpServer pid=3692243)[0m Capturing CUDA graphs (mixed prefill-decode, PIECEWISE):  97%|█████████▋| 99/102 [00:06<00:00, 13.69it/s]
[36m(vLLMHttpServer pid=3692243)[0m Capturing CUDA graphs (mixed prefill-decode, PIECEWISE):  99%|█████████▉| 101/102 [00:07<00:00, 12.86it/s]
[36m(vLLMHttpServer pid=3692243)[0m Capturing CUDA graphs (mixed prefill-decode, PIECEWISE): 100%|██████████| 102/102 [00:07<00:00, 14.32it/s]
[36m(vLLMHttpServer pid=3692243)[0m (Worker pid=3693064) Capturing CUDA graphs (decode, FULL):   0%|          | 0/70 [00:00<?, ?it/s]
[36m(vLLMHttpServer pid=3692243)[0m Capturing CUDA graphs (decode, FULL):   1%|▏         | 1/70 [00:00<00:10,  6.62it/s]
[36m(vLLMHttpServer pid=3692243)[0m Capturing CUDA graphs (decode, FULL):   4%|▍         | 3/70 [00:00<00:05, 11.50it/s]
[36m(vLLMHttpServer pid=3692243)[0m Capturing CUDA graphs (decode, FULL):   7%|▋         | 5/70 [00:00<00:04, 13.33it/s]
[36m(vLLMHttpServer pid=3692243)[0m Capturing CUDA graphs (decode, FULL):  10%|█         | 7/70 [00:00<00:04, 14.17it/s]
[36m(vLLMHttpServer pid=3692243)[0m Capturing CUDA graphs (decode, FULL):  13%|█▎        | 9/70 [00:00<00:04, 14.61it/s]
[36m(vLLMHttpServer pid=3692243)[0m Capturing CUDA graphs (decode, FULL):  16%|█▌        | 11/70 [00:00<00:03, 14.84it/s]
[36m(vLLMHttpServer pid=3692243)[0m Capturing CUDA graphs (decode, FULL):  19%|█▊        | 13/70 [00:00<00:03, 15.07it/s]
[36m(vLLMHttpServer pid=3692243)[0m Capturing CUDA graphs (decode, FULL):  21%|██▏       | 15/70 [00:01<00:03, 15.23it/s]
[36m(vLLMHttpServer pid=3692243)[0m Capturing CUDA graphs (decode, FULL):  24%|██▍       | 17/70 [00:01<00:03, 15.31it/s]
[36m(vLLMHttpServer pid=3692243)[0m Capturing CUDA graphs (decode, FULL):  27%|██▋       | 19/70 [00:01<00:03, 15.26it/s]
[36m(vLLMHttpServer pid=3692243)[0m Capturing CUDA graphs (decode, FULL):  30%|███       | 21/70 [00:01<00:03, 15.30it/s]
[36m(vLLMHttpServer pid=3692243)[0m Capturing CUDA graphs (decode, FULL):  33%|███▎      | 23/70 [00:01<00:03, 15.32it/s]
[36m(vLLMHttpServer pid=3692243)[0m Capturing CUDA graphs (decode, FULL):  36%|███▌      | 25/70 [00:01<00:02, 15.37it/s]
[36m(vLLMHttpServer pid=3692243)[0m Capturing CUDA graphs (decode, FULL):  39%|███▊      | 27/70 [00:01<00:02, 15.39it/s]
[36m(vLLMHttpServer pid=3692243)[0m Capturing CUDA graphs (decode, FULL):  41%|████▏     | 29/70 [00:01<00:02, 15.34it/s]
[36m(vLLMHttpServer pid=3692243)[0m Capturing CUDA graphs (decode, FULL):  44%|████▍     | 31/70 [00:02<00:02, 15.20it/s]
[36m(vLLMHttpServer pid=3692243)[0m Capturing CUDA graphs (decode, FULL):  47%|████▋     | 33/70 [00:02<00:02, 15.24it/s]
[36m(vLLMHttpServer pid=3692243)[0m Capturing CUDA graphs (decode, FULL):  50%|█████     | 35/70 [00:02<00:02, 15.28it/s]
[36m(vLLMHttpServer pid=3692243)[0m Capturing CUDA graphs (decode, FULL):  53%|█████▎    | 37/70 [00:02<00:02, 15.34it/s]
[36m(vLLMHttpServer pid=3692243)[0m Capturing CUDA graphs (decode, FULL):  56%|█████▌    | 39/70 [00:02<00:02, 15.30it/s]
[36m(vLLMHttpServer pid=3692243)[0m Capturing CUDA graphs (decode, FULL):  59%|█████▊    | 41/70 [00:02<00:01, 15.37it/s]
[36m(vLLMHttpServer pid=3692243)[0m Capturing CUDA graphs (decode, FULL):  61%|██████▏   | 43/70 [00:02<00:01, 15.42it/s]
[36m(vLLMHttpServer pid=3692243)[0m Capturing CUDA graphs (decode, FULL):  64%|██████▍   | 45/70 [00:03<00:01, 15.44it/s]
[36m(vLLMHttpServer pid=3692243)[0m Capturing CUDA graphs (decode, FULL):  67%|██████▋   | 47/70 [00:03<00:01, 15.46it/s]
[36m(vLLMHttpServer pid=3692243)[0m Capturing CUDA graphs (decode, FULL):  70%|███████   | 49/70 [00:03<00:01, 15.39it/s]
[36m(vLLMHttpServer pid=3692243)[0m Capturing CUDA graphs (decode, FULL):  73%|███████▎  | 51/70 [00:03<00:01, 15.36it/s]
[36m(vLLMHttpServer pid=3692243)[0m Capturing CUDA graphs (decode, FULL):  76%|███████▌  | 53/70 [00:03<00:01, 15.42it/s]
[36m(vLLMHttpServer pid=3692243)[0m Capturing CUDA graphs (decode, FULL):  79%|███████▊  | 55/70 [00:03<00:00, 15.51it/s]
[36m(vLLMHttpServer pid=3692243)[0m Capturing CUDA graphs (decode, FULL):  81%|████████▏ | 57/70 [00:03<00:00, 15.60it/s]
[36m(vLLMHttpServer pid=3692243)[0m Capturing CUDA graphs (decode, FULL):  84%|████████▍ | 59/70 [00:03<00:00, 15.47it/s]
[36m(vLLMHttpServer pid=3692243)[0m Capturing CUDA graphs (decode, FULL):  87%|████████▋ | 61/70 [00:04<00:00, 15.47it/s]
[36m(vLLMHttpServer pid=3692243)[0m Capturing CUDA graphs (decode, FULL):  90%|█████████ | 63/70 [00:04<00:00, 15.54it/s]
[36m(vLLMHttpServer pid=3692243)[0m Capturing CUDA graphs (decode, FULL):  93%|█████████▎| 65/70 [00:04<00:00, 15.53it/s]
[36m(vLLMHttpServer pid=3692243)[0m Capturing CUDA graphs (decode, FULL):  96%|█████████▌| 67/70 [00:04<00:00, 15.52it/s]
[36m(vLLMHttpServer pid=3692243)[0m Capturing CUDA graphs (decode, FULL):  99%|█████████▊| 69/70 [00:04<00:00, 15.43it/s]Capturing CUDA graphs (decode, FULL): 100%|██████████| 70/70 [00:04<00:00, 15.21it/s]
[36m(vLLMHttpServer pid=3692243)[0m (EngineCore pid=3693023) [transformers] The `use_fast` parameter is deprecated and will be removed in a future version. Use `backend="torchvision"` instead of `use_fast=True`, or `backend="pil"` instead of `use_fast=False`.

[36m(vLLMHttpServer pid=3692243)[0m (Worker pid=3693064) WARNING 08-28 08:10:01 [model_manager.py:401] Regarding Qwen3VLForConditionalGeneration, no matching PunicaWrapper is found; visual.blocks.17.mlp.linear_fc1 will be ignored.
[36m(vLLMHttpServer pid=3692243)[0m (Worker pid=3693064) WARNING 08-28 08:10:01 [model_manager.py:401] Regarding Qwen3VLForConditionalGeneration, no matching PunicaWrapper is found; visual.blocks.17.mlp.linear_fc2 will be ignored.
[36m(vLLMHttpServer pid=3692243)[0m (Worker pid=3693064) WARNING 08-28 08:10:01 [model_manager.py:401] Regarding Qwen3VLForConditionalGeneration, no matching PunicaWrapper is found; visual.blocks.18.attn.qkv will be ignored.
[36m(vLLMHttpServer pid=3692243)[0m (Worker pid=3693064) WARNING 08-28 08:10:01 [model_manager.py:401] Regarding Qwen3VLForConditionalGeneration, no matching PunicaWrapper is found; visual.blocks.18.attn.proj will be ignored.
[36m(vLLMHttpServer pid=3692243)[0m (Worker pid=3693064) WARNING 08-28 08:10:01 [model_manager.py:401] Regarding Qwen3VLForConditionalGeneration, no matching PunicaWrapper is found; visual.blocks.18.mlp.linear_fc1 will be ignored.
[36m(vLLMHttpServer pid=3692243)[0m (Worker pid=3693064) WARNING 08-28 08:10:01 [model_manager.py:401] Regarding Qwen3VLForConditionalGeneration, no matching PunicaWrapper is found; visual.blocks.18.mlp.linear_fc2 will be ignored.
[36m(vLLMHttpServer pid=3692243)[0m (Worker pid=3693064) WARNING 08-28 08:10:01 [model_manager.py:401] Regarding Qwen3VLForConditionalGeneration, no matching PunicaWrapper is found; visual.blocks.19.attn.qkv will be ignored.
[36m(vLLMHttpServer pid=3692243)[0m (Worker pid=3693064) WARNING 08-28 08:10:01 [model_manager.py:401] Regarding Qwen3VLForConditionalGeneration, no matching PunicaWrapper is found; visual.blocks.19.attn.proj will be ignored.
[36m(vLLMHttpServer pid=3692243)[0m (Worker pid=3693064) WARNING 08-28 08:10:01 [model_manager.py:401] Regarding Qwen3VLForConditionalGeneration, no matching PunicaWrapper is found; visual.blocks.19.mlp.linear_fc1 will be ignored.
[36m(vLLMHttpServer pid=3692243)[0m (Worker pid=3693064) WARNING 08-28 08:10:01 [model_manager.py:401] Regarding Qwen3VLForConditionalGeneration, no matching PunicaWrapper is found; visual.blocks.19.mlp.linear_fc2 will be ignored.
[36m(vLLMHttpServer pid=3692243)[0m (Worker pid=3693064) WARNING 08-28 08:10:01 [model_manager.py:401] Regarding Qwen3VLForConditionalGeneration, no matching PunicaWrapper is found; visual.blocks.20.attn.qkv will be ignored.
[36m(vLLMHttpServer pid=3692243)[0m (Worker pid=3693064) WARNING 08-28 08:10:01 [model_manager.py:401] Regarding Qwen3VLForConditionalGeneration, no matching PunicaWrapper is found; visual.blocks.20.attn.proj will be ignored.
[36m(vLLMHttpServer pid=3692243)[0m (Worker pid=3693064) WARNING 08-28 08:10:01 [model_manager.py:401] Regarding Qwen3VLForConditionalGeneration, no matching PunicaWrapper is found; visual.blocks.20.mlp.linear_fc1 will be ignored.
[36m(vLLMHttpServer pid=3692243)[0m (Worker pid=3693064) WARNING 08-28 08:10:01 [model_manager.py:401] Regarding Qwen3VLForConditionalGeneration, no matching PunicaWrapper is found; visual.blocks.20.mlp.linear_fc2 will be ignored.
[36m(vLLMHttpServer pid=3692243)[0m (Worker pid=3693064) WARNING 08-28 08:10:01 [model_manager.py:401] Regarding Qwen3VLForConditionalGeneration, no matching PunicaWrapper is found; visual.blocks.21.attn.qkv will be ignored.
[36m(vLLMHttpServer pid=3692243)[0m (Worker pid=3693064) WARNING 08-28 08:10:01 [model_manager.py:401] Regarding Qwen3VLForConditionalGeneration, no matching PunicaWrapper is found; visual.blocks.21.attn.proj will be ignored.
[36m(vLLMHttpServer pid=3692243)[0m (Worker pid=3693064) WARNING 08-28 08:10:01 [model_manager.py:401] Regarding Qwen3VLForConditionalGeneration, no matching PunicaWrapper is found; visual.blocks.21.mlp.linear_fc1 will be ignored.
[36m(vLLMHttpServer pid=3692243)[0m (Worker pid=3693064) WARNING 08-28 08:10:01 [model_manager.py:401] Regarding Qwen3VLForConditionalGeneration, no matching PunicaWrapper is found; visual.blocks.21.mlp.linear_fc2 will be ignored.
[36m(vLLMHttpServer pid=3692243)[0m (Worker pid=3693064) WARNING 08-28 08:10:01 [model_manager.py:401] Regarding Qwen3VLForConditionalGeneration, no matching PunicaWrapper is found; visual.blocks.22.attn.qkv will be ignored.
[36m(vLLMHttpServer pid=3692243)[0m (Worker pid=3693064) WARNING 08-28 08:10:01 [model_manager.py:401] Regarding Qwen3VLForConditionalGeneration, no matching PunicaWrapper is found; visual.blocks.22.attn.proj will be ignored.
[36m(vLLMHttpServer pid=3692243)[0m (Worker pid=3693064) WARNING 08-28 08:10:01 [model_manager.py:401] Regarding Qwen3VLForConditionalGeneration, no matching PunicaWrapper is found; visual.blocks.22.mlp.linear_fc1 will be ignored.
[36m(vLLMHttpServer pid=3692243)[0m (Worker pid=3693064) WARNING 08-28 08:10:01 [model_manager.py:401] Regarding Qwen3VLForConditionalGeneration, no matching PunicaWrapper is found; visual.blocks.22.mlp.linear_fc2 will be ignored.
[36m(vLLMHttpServer pid=3692243)[0m (Worker pid=3693064) WARNING 08-28 08:10:01 [model_manager.py:401] Regarding Qwen3VLForConditionalGeneration, no matching PunicaWrapper is found; visual.blocks.23.attn.qkv will be ignored.
[36m(vLLMHttpServer pid=3692243)[0m (Worker pid=3693064) WARNING 08-28 08:10:01 [model_manager.py:401] Regarding Qwen3VLForConditionalGeneration, no matching PunicaWrapper is found; visual.blocks.23.attn.proj will be ignored.
[36m(vLLMHttpServer pid=3692243)[0m (Worker pid=3693064) WARNING 08-28 08:10:01 [model_manager.py:401] Regarding Qwen3VLForConditionalGeneration, no matching PunicaWrapper is found; visual.blocks.23.mlp.linear_fc1 will be ignored.
[36m(vLLMHttpServer pid=3692243)[0m (Worker pid=3693064) WARNING 08-28 08:10:01 [model_manager.py:401] Regarding Qwen3VLForConditionalGeneration, no matching PunicaWrapper is found; visual.blocks.23.mlp.linear_fc2 will be ignored.
[36m(vLLMHttpServer pid=3692243)[0m (Worker pid=3693064) WARNING 08-28 08:10:22 [utils.py:279] Using default LoRA kernel configs
[36m(vLLMHttpServer pid=3692243)[0m WARNING 08-28 08:10:43 [api_router.py:30] LoRA dynamic loading & unloading is enabled in the API server. This should ONLY be used for local development!
[36m(vLLMHttpServer pid=3692243)[0m WARNING 08-28 08:10:43 [model.py:1477] Default vLLM sampling parameters have been overridden by the model's `generation_config.json`: `{'repetition_penalty': 1.0, 'temperature': 1.0, 'top_k': -1, 'top_p': 1, 'max_tokens': 16384}`. If this is not intended, please relaunch vLLM instance with `--generation-config vllm`.
[36m(TaskRunner pid=3691285)[0m LLMServerManager: ['10.110.2.5:35469']
[36m(TaskRunner pid=3691285)[0m Saving tensorboard log to /home/yw4636/agentic-tvg/logs/tb/grpo_vanilla.
[36m(TaskRunner pid=3691285)[0m Found checkpoint: %s /home/yw4636/agentic-tvg/results/grpo-vanilla/ckpt/global_step_60
[36m(TaskRunner pid=3691285)[0m Load from checkpoint folder: /home/yw4636/agentic-tvg/results/grpo-vanilla/ckpt/global_step_60
[36m(TaskRunner pid=3691285)[0m Setting global step to 60
[36m(TaskRunner pid=3691285)[0m Resuming from /home/yw4636/agentic-tvg/results/grpo-vanilla/ckpt/global_step_60
[36m(AgentLoopWorker pid=3694501)[0m Using dataset class: RLHFDataset
[36m(AgentLoopWorker pid=3694499)[0m {
[36m(AgentLoopWorker pid=3694499)[0m   "type": "function",
[36m(AgentLoopWorker pid=3694499)[0m   "function": {
[36m(AgentLoopWorker pid=3694499)[0m     "name": "crop_video",
[36m(AgentLoopWorker pid=3694499)[0m     "description": "Inspect a time interval of the current video closely: returns 30 higher-resolution frames sampled evenly from [start_time, end_time], each labeled with its timestamp in seconds.",
[36m(AgentLoopWorker pid=3694499)[0m     "parameters": {
[36m(AgentLoopWorker pid=3694499)[0m       "type": "object",
[36m(AgentLoopWorker pid=3694499)[0m       "properties": {
[36m(AgentLoopWorker pid=3694499)[0m         "start_time": {
[36m(AgentLoopWorker pid=3694499)[0m           "type": "number",
[36m(AgentLoopWorker pid=3694499)[0m           "description": "Interval start in seconds, >= 0."[36m(WorkerDict pid=3691645)[0m INFO:2026-08-28 08:11:22,139:[Rank 0] Loaded model from /home/yw4636/agentic-tvg/results/grpo-vanilla/ckpt/global_step_60/actor/model_world_size_1_rank_0.pt
[36m(WorkerDict pid=3691645)[0m INFO:2026-08-28 08:11:22,525:[Rank 0] Loaded optimizer from /home/yw4636/agentic-tvg/results/grpo-vanilla/ckpt/global_step_60/actor/optim_world_size_1_rank_0.pt
[36m(WorkerDict pid=3691645)[0m INFO:2026-08-28 08:11:22,527:[Rank 0] Loaded rng from /home/yw4636/agentic-tvg/results/grpo-vanilla/ckpt/global_step_60/actor/extra_state_world_size_1_rank_0.pt
[36m(WorkerDict pid=3691645)[0m INFO:2026-08-28 08:11:22,528:[Rank 0] Loaded lr_scheduler from /home/yw4636/agentic-tvg/results/grpo-vanilla/ckpt/global_step_60/actor/extra_state_world_size_1_rank_0.pt
[36m(WorkerDict pid=3691645)[0m /home/yw4636/.conda/envs/verl/lib/python3.12/site-packages/verl/plugin/platform/platform_cuda.py:99: FutureWarning: torch.cuda._set_allocator_settings is deprecated. Use torch._C._accelerator_setAllocatorSettings instead.
[36m(WorkerDict pid=3691645)[0m   torch.cuda.memory._set_allocator_settings(settings)
[36m(WorkerDict pid=3691645)[0m /home/yw4636/.conda/envs/verl/lib/python3.12/site-packages/verl/plugin/platform/platform_cuda.py:99: FutureWarning: torch.cuda._set_allocator_settings is deprecated. Use torch._C._accelerator_setAllocatorSettings instead.
[36m(WorkerDict pid=3691645)[0m   torch.cuda.memory._set_allocator_settings(settings)
[36m(TaskRunner pid=3691285)[0m Training Progress:  22%|██▏       | 60/267 [00:00<?, ?it/s]
[36m(AgentLoopWorker pid=3694505)[0m qwen-vl-utils using torchcodec to read video.
[36m(TaskRunner pid=3691285)[0m W0828 08:14:01.913000 3691285 site-packages/torch/fx/_symbolic_trace.py:53] is_fx_tracing will return true for both fx.symbolic_trace and torch.export. Please use is_fx_tracing_symbolic_tracing() for specifically fx.symbolic_trace or torch.compiler.is_compiling() for specifically torch.export/compile.
[36m(AgentLoopWorker pid=3694507)[0m qwen-vl-utils using torchcodec to read video.[32m [repeated 7x across cluster][0m
[36m(WorkerDict pid=3691645)[0m [rank0]:W0828 08:14:42.624000 3691645 site-packages/torch/fx/_symbolic_trace.py:53] is_fx_tracing will return true for both fx.symbolic_trace and torch.export. Please use is_fx_tracing_symbolic_tracing() for specifically fx.symbolic_trace or torch.compiler.is_compiling() for specifically torch.export/compile.
[36m(WorkerDict pid=3691645)[0m /home/yw4636/.conda/envs/verl/lib/python3.12/site-packages/verl/plugin/platform/platform_cuda.py:99: FutureWarning: torch.cuda._set_allocator_settings is deprecated. Use torch._C._accelerator_setAllocatorSettings instead.
[36m(WorkerDict pid=3691645)[0m   torch.cuda.memory._set_allocator_settings(settings)
[36m(TaskRunner pid=3691285)[0m Training Progress:  23%|██▎       | 61/267 [13:13<45:22:41, 793.01s/it]

[36m(AgentLoopWorker pid=3694499)[0m         },
[36m(AgentLoopWorker pid=3694499)[0m         "end_time": {
[36m(AgentLoopWorker pid=3694499)[0m           "type": "number",
[36m(AgentLoopWorker pid=3694499)[0m           "description": "Interval end in seconds, > start_time, <= video duration."
[36m(AgentLoopWorker pid=3694499)[0m         }
[36m(AgentLoopWorker pid=3694499)[0m       },
[36m(AgentLoopWorker pid=3694499)[0m       "required": [
[36m(AgentLoopWorker pid=3694499)[0m         "start_time",
[36m(AgentLoopWorker pid=3694499)[0m         "end_time"
[36m(AgentLoopWorker pid=3694499)[0m       ]
[36m(AgentLoopWorker pid=3694499)[0m     }
[36m(AgentLoopWorker pid=3694499)[0m   }
[36m(AgentLoopWorker pid=3694499)[0m }
[36m(vLLMHttpServer pid=3692243)[0m WARNING 08-28 08:11:43 [input_processor.py:157] vLLM has deprecated support for supporting different tokenizers for different LoRAs. By default, vLLM uses base model's tokenizer. If you are using a LoRA with its own tokenizer, consider specifying `--tokenizer [lora_path]` to use the LoRA tokenizer.
[36m(vLLMHttpServer pid=3692243)[0m WARNING 08-28 08:11:43 [input_processor.py:282] Passing raw prompts to InputProcessor is deprecated and will be removed in v0.18. You should instead pass the outputs of Renderer.render_cmpl() or Renderer.render_chat().
[36m(AgentLoopWorker pid=3694504)[0m Using dataset class: RLHFDataset[32m [repeated 7x across cluster] (Ray deduplicates logs by default. Set RAY_DEDUP_LOGS=0 to disable log deduplication, or see https://docs.ray.io/en/master/ray-observability/user-guides/configure-logging.html#log-deduplication for more options.)[0m
[36m(AgentLoopWorker pid=3694504)[0m {[32m [repeated 7x across cluster][0m
[36m(AgentLoopWorker pid=3694504)[0m   "type": "function",[32m [repeated 7x across cluster][0m
[36m(AgentLoopWorker pid=3694504)[0m   "function": {[32m [repeated 7x across cluster][0m
[36m(AgentLoopWorker pid=3694504)[0m     "name": "crop_video",[32m [repeated 7x across cluster][0m
[36m(AgentLoopWorker pid=3694504)[0m     "description": "Inspect a time interval of the current video closely: returns 30 higher-resolution frames sampled evenly from [start_time, end_time], each labeled with its timestamp in seconds.",[32m [repeated 7x across cluster][0m
[36m(AgentLoopWorker pid=3694504)[0m     "parameters": {[32m [repeated 7x across cluster][0m
[36m(AgentLoopWorker pid=3694504)[0m       "type": "object",[32m [repeated 7x across cluster][0m
[36m(AgentLoopWorker pid=3694504)[0m       "properties": {[32m [repeated 7x across cluster][0m
[36m(AgentLoopWorker pid=3694504)[0m         "start_time": {[32m [repeated 7x across cluster][0m
[36m(AgentLoopWorker pid=3694504)[0m           "type": "number",[32m [repeated 14x across cluster][0m
[36m(AgentLoopWorker pid=3694504)[0m           "description": "Interval start in seconds, >= 0."[32m [repeated 7x across cluster][0m
[36m(AgentLoopWorker pid=3694504)[0m       },[32m [repeated 14x across cluster][0m
[36m(AgentLoopWorker pid=3694504)[0m         "end_time": {[32m [repeated 7x across cluster][0m
[36m(AgentLoopWorker pid=3694504)[0m           "description": "Interval end in seconds, > start_time, <= video duration."[32m [repeated 7x across cluster][0m
[36m(AgentLoopWorker pid=3694504)[0m }[32m [repeated 28x across cluster][0m
[36m(AgentLoopWorker pid=3694504)[0m       "required": [[32m [repeated 7x across cluster][0m
[36m(AgentLoopWorker pid=3694504)[0m         "start_time",[32m [repeated 7x across cluster][0m
[36m(AgentLoopWorker pid=3694504)[0m         "end_time"[32m [repeated 7x across cluster][0m
[36m(AgentLoopWorker pid=3694504)[0m       ][32m [repeated 7x across cluster][0m
[36m(vLLMHttpServer pid=3692243)[0m (Worker pid=3693064) WARNING 08-28 08:11:43 [jit_monitor.py:106] Triton kernel JIT compilation during inference: _compute_slot_mapping_kernel. This causes a latency spike; consider extending warmup to cover this shape/config.
[36m(vLLMHttpServer pid=3692243)[0m (Worker pid=3693064) WARNING 08-28 08:11:43 [jit_monitor.py:106] Triton kernel JIT compilation during inference: _bilinear_pos_embed_kernel. This causes a latency spike; consider extending warmup to cover this shape/config.
[36m(vLLMHttpServer pid=3692243)[0m (Worker pid=3693064) WARNING 08-28 08:11:43 [jit_monitor.py:106] Triton kernel JIT compilation during inference: rotary_kernel. This causes a latency spike; consider extending warmup to cover this shape/config.
[36m(vLLMHttpServer pid=3692243)[0m (Worker pid=3693064) WARNING 08-28 08:11:43 [jit_monitor.py:106] Triton kernel JIT compilation during inference: _lora_expand_kernel. This causes a latency spike; consider extending warmup to cover this shape/config.
[36m(TaskRunner pid=3691285)[0m Dumped generations to /home/yw4636/agentic-tvg/results/grpo-vanilla/rollouts/61.jsonl
[36m(TaskRunner pid=3691285)[0m step:61 - global_seqlen/min:930064 - global_seqlen/max:930064 - global_seqlen/minmax_diff:0 - global_seqlen/balanced_min:930064 - global_seqlen/balanced_max:930064 - global_seqlen/mean:930064.0 - actor/entropy:0.9863978624343872 - perf/mfu/actor_infer:0.2942270652793814 - training/rollout_probs_diff_valid:1 - training/rollout_probs_diff_max:0.42134830355644226 - training/rollout_probs_diff_mean:0.008882303722202778 - training/rollout_probs_diff_std:0.013807699084281921 - training/rollout_actor_probs_pearson_corr:0.9990050196647644 - rollout_corr/training_ppl:2.6767799854278564 - rollout_corr/training_log_ppl:0.9663192629814148 - rollout_corr/kl:0.0025203500408679247 - rollout_corr/k3_kl:0.002340113976970315 - rollout_corr/rollout_ppl:2.6698076725006104 - rollout_corr/rollout_log_ppl:0.9637422561645508 - rollout_corr/log_ppl_diff:0.002576952101662755 - rollout_corr/log_ppl_abs_diff:0.0032901254016906023 - rollout_corr/log_ppl_diff_max:0.011339426040649414 - rollout_corr/log_ppl_diff_min:-0.008464574813842773 - rollout_corr/ppl_ratio:1.002586007118225 - rollout_corr/chi2_token:0.004724979400634766 - rollout_corr/chi2_seq:2.0987188816070557 - actor/pg_clipfrac:np.float64(0.0) - actor/ppo_kl:np.float64(0.0) - actor/pg_clipfrac_lower:np.float64(0.0) - actor/pg_loss:np.float64(0.004477834969293326) - actor/kl_loss:np.float64(0.0010072644527099328) - actor/kl_coef:np.float64(0.0010000000000000002) - actor/loss:np.float64(0.0044788457453250885) - actor/grad_norm:np.float64(0.05394751578569412) - actor/lr:np.float64(8.889816738792578e-06) - actor/perf/max_memory_allocated_gb:np.float64(39.146246910095215) - actor/perf/max_memory_reserved_gb:np.float64(41.689453125) - actor/perf/cpu_memory_used_gb:np.float64(98.64391708374023) - perf/mfu/actor:np.float64(0.33786157293334124) - training/global_step:61 - training/epoch:0 - critic/score/mean:1.1458483934402466 - critic/score/max:1.9941176176071167 - critic/score/min:0.0 - critic/rewards/mean:1.1458483934402466 - critic/rewards/max:1.9941176176071167 - critic/rewards/min:0.0 - critic/advantages/mean:-0.0044778515584766865 - critic/advantages/max:3.7499847412109375 - critic/advantages/min:-2.454429864883423 - critic/returns/mean:-0.0044778515584766865 - critic/returns/max:3.7499847412109375 - critic/returns/min:-2.454429864883423 - response_length/mean:3247.125 - response_length/max:3652.0 - response_length/min:2893.0 - response_length/clip_ratio:0.0 - response_length_non_aborted/mean:3247.125 - response_length_non_aborted/max:3652.0 - response_length_non_aborted/min:2893.0 - response_length_non_aborted/clip_ratio:0.0 - response/aborted_ratio:0.0 - prompt_length/mean:4019.0 - prompt_length/max:4145.0 - prompt_length/min:3939.0 - prompt_length/clip_ratio:0.0 - num_turns/min:np.int32(4) - num_turns/max:np.int32(4) - num_turns/mean:np.float64(4.0) - timing_s/start_profile:0.0002111729991156608 - timing_s/agent_loop/num_preempted/min:np.int64(-1) - timing_s/agent_loop/num_preempted/max:np.int64(-1) - timing_s/agent_loop/num_preempted/mean:np.float64(-1.0) - timing_s/agent_loop/generate_sequences/min:np.float64(65.94781357099419) - timing_s/agent_loop/generate_sequences/max:np.float64(123.01192448401707) - timing_s/agent_loop/generate_sequences/mean:np.float64(107.27895062549214) - timing_s/agent_loop/tool_calls/min:np.float64(0.0722299299959559) - timing_s/agent_loop/tool_calls/max:np.float64(0.7827824919950217) - timing_s/agent_loop/tool_calls/mean:np.float64(0.15060046930375393) - timing_s/agent_loop/compute_score/min:np.float64(0.32103831801214255) - timing_s/agent_loop/compute_score/max:np.float64(3.129566176998196) - timing_s/agent_loop/compute_score/mean:np.float64(1.1397676056074033) - timing_s/agent_loop/slowest/generate_sequences:np.float64(123.01192448401707) - timing_s/agent_loop/slowest/tool_calls:np.float64(0.10090408998075873) - timing_s/agent_loop/slowest/compute_score:np.float64(0.9487421829835512) - timing_s/agent_loop/slowest/num_preempted:np.int64(-1) - timing_s/agent_loop/slowest/prompt_length:3958 - timing_s/agent_loop/slowest/response_length:3501 - timing_s/gen:154.6990747480013 - timing_s/reward:3.810401540249586e-05 - timing_s/old_log_prob:148.6649903570069 - timing_s/ref:145.623682097008 - timing_s/adv:0.18433216601260938 - timing_s/update_actor:339.1397717880027 - timing_s/update_weights:4.014397707011085 - timing_s/dump_rollout_generations:0.3252890199946705 - timing_s/step:792.8119212840102 - timing_s/stop_profile:4.2027997551485896e-05 - timing_per_token_ms/adv:0.00019819299103353036 - timing_per_token_ms/gen:0.37220203147977365 - timing_per_token_ms/ref:0.1565738294321767 - timing_per_token_ms/update_actor:0.36464132768067864 - perf/total_num_tokens:930064 - perf/time_per_step:792.8119212840102 - perf/throughput:1173.1206040566358[36m(TaskRunner pid=3691285)[0m Training Progress:  23%|██▎       | 62/267 [26:23<45:04:53, 791.67s/it]
[36m(TaskRunner pid=3691285)[0m Training Progress:  24%|██▎       | 63/267 [39:16<44:22:21, 783.04s/it]

[36m(TaskRunner pid=3691285)[0m Dumped generations to /home/yw4636/agentic-tvg/results/grpo-vanilla/rollouts/62.jsonl
[36m(TaskRunner pid=3691285)[0m step:62 - global_seqlen/min:934814 - global_seqlen/max:934814 - global_seqlen/minmax_diff:0 - global_seqlen/balanced_min:934814 - global_seqlen/balanced_max:934814 - global_seqlen/mean:934814.0 - actor/entropy:1.0577952861785889 - perf/mfu/actor_infer:0.2972843060855646 - training/rollout_probs_diff_valid:1 - training/rollout_probs_diff_max:0.264845073223114 - training/rollout_probs_diff_mean:0.008964652195572853 - training/rollout_probs_diff_std:0.01398545689880848 - training/rollout_actor_probs_pearson_corr:0.9990130662918091 - rollout_corr/training_ppl:2.9191882610321045 - rollout_corr/training_log_ppl:1.0532013177871704 - rollout_corr/kl:0.0024314550682902336 - rollout_corr/k3_kl:0.002674666466191411 - rollout_corr/rollout_ppl:2.9122042655944824 - rollout_corr/rollout_log_ppl:1.050799012184143 - rollout_corr/log_ppl_diff:0.0024022748693823814 - rollout_corr/log_ppl_abs_diff:0.0033980337902903557 - rollout_corr/log_ppl_diff_max:0.01612722873687744 - rollout_corr/log_ppl_diff_min:-0.00821232795715332 - rollout_corr/ppl_ratio:1.0024118423461914 - rollout_corr/chi2_token:0.005853533744812012 - rollout_corr/chi2_seq:9.499642372131348 - actor/pg_clipfrac:np.float64(0.0) - actor/ppo_kl:np.float64(0.0) - actor/pg_clipfrac_lower:np.float64(0.0) - actor/pg_loss:np.float64(-0.006886399234645069) - actor/kl_loss:np.float64(0.0010527754748181906) - actor/kl_coef:np.float64(0.0010000000000000002) - actor/loss:np.float64(-0.0068853460252285) - actor/grad_norm:np.float64(0.051222603768110275) - actor/lr:np.float64(8.854759634954008e-06) - actor/perf/max_memory_allocated_gb:np.float64(39.18062353134155) - actor/perf/max_memory_reserved_gb:np.float64(42.001953125) - actor/perf/cpu_memory_used_gb:np.float64(98.9382553100586) - perf/mfu/actor:np.float64(0.3362021893321529) - training/global_step:62 - training/epoch:0 - critic/score/mean:1.273740530014038 - critic/score/max:2.0 - critic/score/min:0.5 - critic/rewards/mean:1.273740530014038 - critic/rewards/max:2.0 - critic/rewards/min:0.5 - critic/advantages/mean:0.006886395625770092 - critic/advantages/max:2.562465190887451 - critic/advantages/min:-3.317718267440796 - critic/returns/mean:0.006886395625770092 - critic/returns/max:2.562465190887451 - critic/returns/min:-3.317718267440796 - response_length/mean:3284.234375 - response_length/max:4103.0 - response_length/min:2999.0 - response_length/clip_ratio:0.0 - response_length_non_aborted/mean:3284.234375 - response_length_non_aborted/max:4103.0 - response_length_non_aborted/min:2999.0 - response_length_non_aborted/clip_ratio:0.0 - response/aborted_ratio:0.0 - prompt_length/mean:4019.0 - prompt_length/max:4155.0 - prompt_length/min:3929.0 - prompt_length/clip_ratio:0.0 - num_turns/min:np.int32(4) - num_turns/max:np.int32(4) - num_turns/mean:np.float64(4.0) - timing_s/start_profile:6.629398558288813e-05 - timing_s/agent_loop/num_preempted/min:np.int64(-1) - timing_s/agent_loop/num_preempted/max:np.int64(-1) - timing_s/agent_loop/num_preempted/mean:np.float64(-1.0) - timing_s/agent_loop/generate_sequences/min:np.float64(68.29666993397404) - timing_s/agent_loop/generate_sequences/max:np.float64(135.9025493839872) - timing_s/agent_loop/generate_sequences/mean:np.float64(112.35869861861715) - timing_s/agent_loop/tool_calls/min:np.float64(0.06876733599347062) - timing_s/agent_loop/tool_calls/max:np.float64(2.8164839560049586) - timing_s/agent_loop/tool_calls/mean:np.float64(0.16471919899868226) - timing_s/agent_loop/compute_score/min:np.float64(0.3185933319909964) - timing_s/agent_loop/compute_score/max:np.float64(2.4344229589914903) - timing_s/agent_loop/compute_score/mean:np.float64(0.8769814135935121) - timing_s/agent_loop/slowest/generate_sequences:np.float64(135.9025493839872) - timing_s/agent_loop/slowest/tool_calls:np.float64(2.8164839560049586) - timing_s/agent_loop/slowest/compute_score:np.float64(1.1347029090102296) - timing_s/agent_loop/slowest/num_preempted:np.int64(-1) - timing_s/agent_loop/slowest/prompt_length:3951 - timing_s/agent_loop/slowest/response_length:4103 - timing_s/gen:159.9367846119858 - timing_s/reward:0.000555623002583161 - timing_s/old_log_prob:151.6917801600066 - timing_s/ref:141.5705133070005 - timing_s/adv:0.19329152500722557 - timing_s/update_actor:332.76385485799983 - timing_s/update_weights:4.013754148996668 - timing_s/dump_rollout_generations:0.32867115901899524 - timing_s/step:790.6547776480147 - timing_s/stop_profile:4.778199945576489e-05 - timing_per_token_ms/adv:0.000206770036613942 - timing_per_token_ms/gen:0.3804558344838404 - timing_per_token_ms/ref:0.15144244021484543 - timing_per_token_ms/update_actor:0.3559679838534723 - perf/total_num_tokens:934814 - perf/time_per_step:790.6547776480147 - perf/throughput:1182.3289081750954
[36m(TaskRunner pid=3691285)[0m Dumped generations to /home/yw4636/agentic-tvg/results/grpo-vanilla/rollouts/63.jsonl
[36m(TaskRunner pid=3691285)[0m step:63 - global_seqlen/min:924090 - global_seqlen/max:924090 - global_seqlen/minmax_diff:0 - global_seqlen/balanced_min:924090 - global_seqlen/balanced_max:924090 - global_seqlen/mean:924090.0 - actor/entropy:1.0937331914901733 - perf/mfu/actor_infer:0.296950214668149 - training/rollout_probs_diff_valid:1 - training/rollout_probs_diff_max:0.23599231243133545 - training/rollout_probs_diff_mean:0.009060550481081009 - training/rollout_probs_diff_std:0.013660780154168606 - training/rollout_actor_probs_pearson_corr:0.9990391135215759 - rollout_corr/training_ppl:3.0028607845306396 - rollout_corr/training_log_ppl:1.0778887271881104 - rollout_corr/kl:0.002727984916418791 - rollout_corr/k3_kl:0.0025799309369176626 - rollout_corr/rollout_ppl:2.9943413734436035 - rollout_corr/rollout_log_ppl:1.0751341581344604 - rollout_corr/log_ppl_diff:0.002754499204456806 - rollout_corr/log_ppl_abs_diff:0.0034381896257400513 - rollout_corr/log_ppl_diff_max:0.015174508094787598 - rollout_corr/log_ppl_diff_min:-0.004148423671722412 - rollout_corr/ppl_ratio:1.002764344215393 - rollout_corr/chi2_token:0.004953265190124512 - rollout_corr/chi2_seq:0.5659142732620239 - actor/pg_clipfrac:np.float64(0.0) - actor/ppo_kl:np.float64(0.0) - actor/pg_clipfrac_lower:np.float64(0.0) - actor/pg_loss:np.float64(0.0013459822512231767) - actor/kl_loss:np.float64(0.00115616200491786) - actor/kl_coef:np.float64(0.0010000000000000002) - actor/loss:np.float64(0.0013471338897943497) - actor/grad_norm:np.float64(0.05440612509846687) - actor/lr:np.float64(8.819238086832802e-06) - actor/perf/max_memory_allocated_gb:np.float64(39.18062353134155) - actor/perf/max_memory_reserved_gb:np.float64(42.001953125) - actor/perf/cpu_memory_used_gb:np.float64(115.46647262573242) - perf/mfu/actor:np.float64(0.33623218904755686) - training/global_step:63 - training/epoch:0 - critic/score/mean:1.1386936902999878 - critic/score/max:1.975000023841858 - critic/score/min:0.0 - critic/rewards/mean:1.1386936902999878 - critic/rewards/max:1.975000023841858 - critic/rewards/min:0.0 - critic/advantages/mean:-0.0013459965121001005 - critic/advantages/max:3.7499186992645264 - critic/advantages/min:-2.7698845863342285 - critic/returns/mean:-0.0013459965121001005 - critic/returns/max:3.7499186992645264 - critic/returns/min:-2.7698845863342285 - response_length/mean:3250.453125 - response_length/max:3709.0 - response_length/min:88.0 - response_length/clip_ratio:0.0 - response_length_non_aborted/mean:3250.453125 - response_length_non_aborted/max:3709.0 - response_length_non_aborted/min:88.0 - response_length_non_aborted/clip_ratio:0.0 - response/aborted_ratio:0.0 - prompt_length/mean:3969.0 - prompt_length/max:4153.0 - prompt_length/min:3933.0 - prompt_length/clip_ratio:0.0 - num_turns/min:np.int32(2) - num_turns/max:np.int32(4) - num_turns/mean:np.float64(3.984375) - timing_s/start_profile:6.337297963909805e-05 - timing_s/agent_loop/num_preempted/min:np.int64(-1) - timing_s/agent_loop/num_preempted/max:np.int64(-1) - timing_s/agent_loop/num_preempted/mean:np.float64(-1.0) - timing_s/agent_loop/generate_sequences/min:np.float64(36.44443406199571) - timing_s/agent_loop/generate_sequences/max:np.float64(125.28727083600825) - timing_s/agent_loop/generate_sequences/mean:np.float64(107.64486495886581) - timing_s/agent_loop/tool_calls/min:np.float64(0.0) - timing_s/agent_loop/tool_calls/max:np.float64(0.9922644490143284) - timing_s/agent_loop/tool_calls/mean:np.float64(0.14837828668009934) - timing_s/agent_loop/compute_score/min:np.float64(0.2235056670033373) - timing_s/agent_loop/compute_score/max:np.float64(5.631524722994072) - timing_s/agent_loop/compute_score/mean:np.float64(0.9564271716949406) - timing_s/agent_loop/slowest/generate_sequences:np.float64(125.28727083600825) - timing_s/agent_loop/slowest/tool_calls:np.float64(0.11915620401850902) - timing_s/agent_loop/slowest/compute_score:np.float64(1.1448798440105747) - timing_s/agent_loop/slowest/num_preempted:np.int64(-1) - timing_s/agent_loop/slowest/prompt_length:3940 - timing_s/agent_loop/slowest/response_length:3460 - timing_s/gen:154.17095254201558 - timing_s/reward:0.0004481490177568048 - timing_s/old_log_prob:146.8921553620021 - timing_s/ref:140.18566297600046 - timing_s/adv:0.1711274230037816 - timing_s/update_actor:326.75555956200697 - timing_s/update_weights:4.056888850987889 - timing_s/dump_rollout_generations:0.3204329459986184 - timing_s/step:772.7143509089947 - timing_s/stop_profile:4.500499926507473e-05 - timing_per_token_ms/adv:0.00018518480126803838 - timing_per_token_ms/gen:0.37055158786038384 - timing_per_token_ms/ref:0.15170130937029994 - timing_per_token_ms/update_actor:0.3535971166899403 - perf/total_num_tokens:924090 - perf/time_per_step:772.7143509089947 - perf/throughput:1195.901174752264[36m(TaskRunner pid=3691285)[0m Training Progress:  24%|██▍       | 64/267 [52:29<44:22:49, 787.04s/it]
[36m(TaskRunner pid=3691285)[0m Training Progress:  24%|██▍       | 65/267 [1:05:16<43:45:38, 779.90s/it]

[36m(TaskRunner pid=3691285)[0m Dumped generations to /home/yw4636/agentic-tvg/results/grpo-vanilla/rollouts/64.jsonl
[36m(TaskRunner pid=3691285)[0m step:64 - global_seqlen/min:930034 - global_seqlen/max:930034 - global_seqlen/minmax_diff:0 - global_seqlen/balanced_min:930034 - global_seqlen/balanced_max:930034 - global_seqlen/mean:930034.0 - actor/entropy:1.0350767374038696 - perf/mfu/actor_infer:0.2985781569185118 - training/rollout_probs_diff_valid:1 - training/rollout_probs_diff_max:0.23372548818588257 - training/rollout_probs_diff_mean:0.008877166546881199 - training/rollout_probs_diff_std:0.013551168143749237 - training/rollout_actor_probs_pearson_corr:0.9990496039390564 - rollout_corr/training_ppl:2.844857692718506 - rollout_corr/training_log_ppl:1.0166950225830078 - rollout_corr/kl:0.0022334507666528225 - rollout_corr/k3_kl:0.0023674836847931147 - rollout_corr/rollout_ppl:2.8381967544555664 - rollout_corr/rollout_log_ppl:1.0144392251968384 - rollout_corr/log_ppl_diff:0.0022558975033462048 - rollout_corr/log_ppl_abs_diff:0.003378623630851507 - rollout_corr/log_ppl_diff_max:0.009901046752929688 - rollout_corr/log_ppl_diff_min:-0.006240785121917725 - rollout_corr/ppl_ratio:1.002264380455017 - rollout_corr/chi2_token:0.00504457950592041 - rollout_corr/chi2_seq:6.073905944824219 - actor/pg_clipfrac:np.float64(0.0) - actor/ppo_kl:np.float64(0.0) - actor/pg_clipfrac_lower:np.float64(0.0) - actor/pg_loss:np.float64(0.001478680787840858) - actor/kl_loss:np.float64(0.0011029978340957314) - actor/kl_coef:np.float64(0.0010000000000000002) - actor/loss:np.float64(0.0014797896146774292) - actor/grad_norm:np.float64(0.055894993245601654) - actor/lr:np.float64(8.783257012152348e-06) - actor/perf/max_memory_allocated_gb:np.float64(39.18062353134155) - actor/perf/max_memory_reserved_gb:np.float64(42.001953125) - actor/perf/cpu_memory_used_gb:np.float64(132.44135665893555) - perf/mfu/actor:np.float64(0.3354920909969321) - training/global_step:64 - training/epoch:0 - critic/score/mean:1.0794185400009155 - critic/score/max:2.0 - critic/score/min:0.3571428656578064 - critic/rewards/mean:1.0794185400009155 - critic/rewards/max:2.0 - critic/rewards/min:0.3571428656578064 - critic/advantages/mean:-0.0014786738902330399 - critic/advantages/max:3.6713998317718506 - critic/advantages/min:-3.246945381164551 - critic/returns/mean:-0.0014786738902330399 - critic/returns/max:3.6713998317718506 - critic/returns/min:-3.246945381164551 - response_length/mean:3202.765625 - response_length/max:3609.0 - response_length/min:2916.0 - response_length/clip_ratio:0.0 - response_length_non_aborted/mean:3202.765625 - response_length_non_aborted/max:3609.0 - response_length_non_aborted/min:2916.0 - response_length_non_aborted/clip_ratio:0.0 - response/aborted_ratio:0.0 - prompt_length/mean:4063.125 - prompt_length/max:4144.0 - prompt_length/min:3941.0 - prompt_length/clip_ratio:0.0 - num_turns/min:np.int32(4) - num_turns/max:np.int32(4) - num_turns/mean:np.float64(4.0) - timing_s/start_profile:6.217500776983798e-05 - timing_s/agent_loop/num_preempted/min:np.int64(-1) - timing_s/agent_loop/num_preempted/max:np.int64(-1) - timing_s/agent_loop/num_preempted/mean:np.float64(-1.0) - timing_s/agent_loop/generate_sequences/min:np.float64(64.3951222919859) - timing_s/agent_loop/generate_sequences/max:np.float64(119.66013953997754) - timing_s/agent_loop/generate_sequences/mean:np.float64(104.37395578752353) - timing_s/agent_loop/tool_calls/min:np.float64(0.05410625599324703) - timing_s/agent_loop/tool_calls/max:np.float64(0.7676125750003848) - timing_s/agent_loop/tool_calls/mean:np.float64(0.1480666886027393) - timing_s/agent_loop/compute_score/min:np.float64(0.33040049800183624) - timing_s/agent_loop/compute_score/max:np.float64(3.3577295150025748) - timing_s/agent_loop/compute_score/mean:np.float64(1.085919827227599) - timing_s/agent_loop/slowest/generate_sequences:np.float64(119.66013953997754) - timing_s/agent_loop/slowest/tool_calls:np.float64(0.11309926901594736) - timing_s/agent_loop/slowest/compute_score:np.float64(2.599675361008849) - timing_s/agent_loop/slowest/num_preempted:np.int64(-1) - timing_s/agent_loop/slowest/prompt_length:3941 - timing_s/agent_loop/slowest/response_length:3524 - timing_s/gen:150.53891904701595 - timing_s/reward:0.00046396401012316346 - timing_s/old_log_prob:150.30655530499644 - timing_s/ref:147.23926291899988 - timing_s/adv:0.17277867201482877 - timing_s/update_actor:340.26891803499893 - timing_s/update_weights:4.070447581994813 - timing_s/dump_rollout_generations:0.3244142359762918 - timing_s/step:793.0974472810049 - timing_s/stop_profile:4.770199302583933e-05 - timing_per_token_ms/adv:0.00018577672645820343 - timing_per_token_ms/gen:0.36720929432818306 - timing_per_token_ms/ref:0.15831600018816505 - timing_per_token_ms/update_actor:0.365867181237459 - perf/total_num_tokens:930034 - perf/time_per_step:793.0974472810049 - perf/throughput:1172.6604381194998
[36m(TaskRunner pid=3691285)[0m Dumped generations to /home/yw4636/agentic-tvg/results/grpo-vanilla/rollouts/65.jsonl
[36m(TaskRunner pid=3691285)[0m step:65 - global_seqlen/min:915196 - global_seqlen/max:915196 - global_seqlen/minmax_diff:0 - global_seqlen/balanced_min:915196 - global_seqlen/balanced_max:915196 - global_seqlen/mean:915196.0 - actor/entropy:1.0571635961532593 - perf/mfu/actor_infer:0.29591066904769536 - training/rollout_probs_diff_valid:1 - training/rollout_probs_diff_max:0.266640841960907 - training/rollout_probs_diff_mean:0.00889024417847395 - training/rollout_probs_diff_std:0.013428843580186367 - training/rollout_actor_probs_pearson_corr:0.9990556240081787 - rollout_corr/training_ppl:2.926149606704712 - rollout_corr/training_log_ppl:1.051990270614624 - rollout_corr/kl:0.002137168077751994 - rollout_corr/k3_kl:0.0023903767578303814 - rollout_corr/rollout_ppl:2.920050859451294 - rollout_corr/rollout_log_ppl:1.0498640537261963 - rollout_corr/log_ppl_diff:0.0021261870861053467 - rollout_corr/log_ppl_abs_diff:0.0033386675640940666 - rollout_corr/log_ppl_diff_max:0.014646053314208984 - rollout_corr/log_ppl_diff_min:-0.005669951438903809 - rollout_corr/ppl_ratio:1.002134919166565 - rollout_corr/chi2_token:0.005570530891418457 - rollout_corr/chi2_seq:2.945950984954834 - actor/pg_clipfrac:np.float64(0.0) - actor/ppo_kl:np.float64(0.0) - actor/pg_clipfrac_lower:np.float64(0.0) - actor/pg_loss:np.float64(0.03716684825485572) - actor/kl_loss:np.float64(0.001142037986937794) - actor/kl_coef:np.float64(0.0010000000000000002) - actor/loss:np.float64(0.0371679849922657) - actor/grad_norm:np.float64(0.05571405217051506) - actor/lr:np.float64(8.746821392254458e-06) - actor/perf/max_memory_allocated_gb:np.float64(39.18062353134155) - actor/perf/max_memory_reserved_gb:np.float64(42.001953125) - actor/perf/cpu_memory_used_gb:np.float64(98.9107666015625) - perf/mfu/actor:np.float64(0.33608056542630904) - training/global_step:65 - training/epoch:0 - critic/score/mean:1.1501590013504028 - critic/score/max:1.9708333015441895 - critic/score/min:0.5 - critic/rewards/mean:1.1501590013504028 - critic/rewards/max:1.9708333015441895 - critic/rewards/min:0.5 - critic/advantages/mean:-0.03716684505343437 - critic/advantages/max:2.233285665512085 - critic/advantages/min:-2.241584539413452 - critic/returns/mean:-0.03716684505343437 - critic/returns/max:2.233285665512085 - critic/returns/min:-2.241584539413452 - response_length/mean:3150.09375 - response_length/max:3506.0 - response_length/min:481.0 - response_length/clip_ratio:0.0 - response_length_non_aborted/mean:3150.09375 - response_length_non_aborted/max:3506.0 - response_length_non_aborted/min:481.0 - response_length_non_aborted/clip_ratio:0.0 - response/aborted_ratio:0.0 - prompt_length/mean:3999.875 - prompt_length/max:4149.0 - prompt_length/min:3619.0 - prompt_length/clip_ratio:0.0 - num_turns/min:np.int32(4) - num_turns/max:np.int32(4) - num_turns/mean:np.float64(4.0) - timing_s/start_profile:6.022799061611295e-05 - timing_s/agent_loop/num_preempted/min:np.int64(-1) - timing_s/agent_loop/num_preempted/max:np.int64(-1) - timing_s/agent_loop/num_preempted/mean:np.float64(-1.0) - timing_s/agent_loop/generate_sequences/min:np.float64(56.71870972900069) - timing_s/agent_loop/generate_sequences/max:np.float64(122.32683572598035) - timing_s/agent_loop/generate_sequences/mean:np.float64(104.81205158718672) - timing_s/agent_loop/tool_calls/min:np.float64(0.00013407200458459556) - timing_s/agent_loop/tool_calls/max:np.float64(0.7599144889973104) - timing_s/agent_loop/tool_calls/mean:np.float64(0.13028494035097538) - timing_s/agent_loop/compute_score/min:np.float64(0.2960514230071567) - timing_s/agent_loop/compute_score/max:np.float64(3.195374553994043) - timing_s/agent_loop/compute_score/mean:np.float64(0.9677313890863388) - timing_s/agent_loop/slowest/generate_sequences:np.float64(122.32683572598035) - timing_s/agent_loop/slowest/tool_calls:np.float64(0.09010160801699385) - timing_s/agent_loop/slowest/compute_score:np.float64(0.9124950979894493) - timing_s/agent_loop/slowest/num_preempted:np.int64(-1) - timing_s/agent_loop/slowest/prompt_length:4149 - timing_s/agent_loop/slowest/response_length:3439 - timing_s/gen:149.34194956099964 - timing_s/reward:0.0005151530203875154 - timing_s/old_log_prob:145.72197264898568 - timing_s/ref:146.19516478598234 - timing_s/adv:0.17699241600348614 - timing_s/update_actor:321.2097101989784 - timing_s/update_weights:4.025665189983556 - timing_s/dump_rollout_generations:0.32484320999355987 - timing_s/step:767.155295530014 - timing_s/stop_profile:4.990200977772474e-05 - timing_per_token_ms/adv:0.0001933929081895967 - timing_per_token_ms/gen:0.3703807167470205 - timing_per_token_ms/ref:0.15974191843712424 - timing_per_token_ms/update_actor:0.3509736823576353 - perf/total_num_tokens:915196 - perf/time_per_step:767.155295530014 - perf/throughput:1192.9735808806577[36m(TaskRunner pid=3691285)[0m Training Progress:  25%|██▍       | 66/267 [1:17:59<43:12:59, 774.03s/it]
[36m(TaskRunner pid=3691285)[0m Training Progress:  25%|██▌       | 67/267 [1:30:52<42:58:28, 773.54s/it]

[36m(TaskRunner pid=3691285)[0m Dumped generations to /home/yw4636/agentic-tvg/results/grpo-vanilla/rollouts/66.jsonl
[36m(TaskRunner pid=3691285)[0m step:66 - global_seqlen/min:924269 - global_seqlen/max:924269 - global_seqlen/minmax_diff:0 - global_seqlen/balanced_min:924269 - global_seqlen/balanced_max:924269 - global_seqlen/mean:924269.0 - actor/entropy:0.9621105790138245 - perf/mfu/actor_infer:0.29796165930781887 - training/rollout_probs_diff_valid:1 - training/rollout_probs_diff_max:0.49101439118385315 - training/rollout_probs_diff_mean:0.008898383006453514 - training/rollout_probs_diff_std:0.014656524173915386 - training/rollout_actor_probs_pearson_corr:0.9989212155342102 - rollout_corr/training_ppl:2.612213373184204 - rollout_corr/training_log_ppl:0.9407579302787781 - rollout_corr/kl:0.0017615683609619737 - rollout_corr/k3_kl:0.002583364024758339 - rollout_corr/rollout_ppl:2.6080446243286133 - rollout_corr/rollout_log_ppl:0.93902987241745 - rollout_corr/log_ppl_diff:0.0017280327156186104 - rollout_corr/log_ppl_abs_diff:0.0032936856150627136 - rollout_corr/log_ppl_diff_max:0.010599017143249512 - rollout_corr/log_ppl_diff_min:-0.011048197746276855 - rollout_corr/ppl_ratio:1.0017362833023071 - rollout_corr/chi2_token:0.006896615028381348 - rollout_corr/chi2_seq:20.53656768798828 - actor/pg_clipfrac:np.float64(0.0) - actor/ppo_kl:np.float64(0.0) - actor/pg_clipfrac_lower:np.float64(0.0) - actor/pg_loss:np.float64(0.036215642336173914) - actor/kl_loss:np.float64(0.0011259518068982288) - actor/kl_coef:np.float64(0.0010000000000000002) - actor/loss:np.float64(0.03621676191687584) - actor/grad_norm:np.float64(0.05956596881151199) - actor/lr:np.float64(8.709936271409712e-06) - actor/perf/max_memory_allocated_gb:np.float64(39.18062353134155) - actor/perf/max_memory_reserved_gb:np.float64(42.001953125) - actor/perf/cpu_memory_used_gb:np.float64(99.73531723022461) - perf/mfu/actor:np.float64(0.33726492237683725) - training/global_step:66 - training/epoch:0 - critic/score/mean:1.295742154121399 - critic/score/max:1.9372624158859253 - critic/score/min:0.0 - critic/rewards/mean:1.295742154121399 - critic/rewards/max:1.9372624158859253 - critic/rewards/min:0.0 - critic/advantages/mean:-0.03621561452746391 - critic/advantages/max:2.6750288009643555 - critic/advantages/min:-3.5253539085388184 - critic/returns/mean:-0.03621561452746391 - critic/returns/max:2.6750288009643555 - critic/returns/min:-3.5253539085388184 - response_length/mean:3228.8515625 - response_length/max:3772.0 - response_length/min:563.0 - response_length/clip_ratio:0.0 - response_length_non_aborted/mean:3228.8515625 - response_length_non_aborted/max:3772.0 - response_length_non_aborted/min:563.0 - response_length_non_aborted/clip_ratio:0.0 - response/aborted_ratio:0.0 - prompt_length/mean:3992.0 - prompt_length/max:4144.0 - prompt_length/min:3932.0 - prompt_length/clip_ratio:0.0 - num_turns/min:np.int32(4) - num_turns/max:np.int32(4) - num_turns/mean:np.float64(4.0) - timing_s/start_profile:6.24659878667444e-05 - timing_s/agent_loop/num_preempted/min:np.int64(-1) - timing_s/agent_loop/num_preempted/max:np.int64(-1) - timing_s/agent_loop/num_preempted/mean:np.float64(-1.0) - timing_s/agent_loop/generate_sequences/min:np.float64(60.851450157992076) - timing_s/agent_loop/generate_sequences/max:np.float64(123.75183649000246) - timing_s/agent_loop/generate_sequences/mean:np.float64(104.32322272846932) - timing_s/agent_loop/tool_calls/min:np.float64(0.0004174509958829731) - timing_s/agent_loop/tool_calls/max:np.float64(3.7179364539915696) - timing_s/agent_loop/tool_calls/mean:np.float64(0.15383777211582128) - timing_s/agent_loop/compute_score/min:np.float64(0.3204365340061486) - timing_s/agent_loop/compute_score/max:np.float64(3.286784602998523) - timing_s/agent_loop/compute_score/mean:np.float64(0.8695370305301822) - timing_s/agent_loop/slowest/generate_sequences:np.float64(123.75183649000246) - timing_s/agent_loop/slowest/tool_calls:np.float64(3.7179364539915696) - timing_s/agent_loop/slowest/compute_score:np.float64(0.9970910089905374) - timing_s/agent_loop/slowest/num_preempted:np.int64(-1) - timing_s/agent_loop/slowest/prompt_length:3940 - timing_s/agent_loop/slowest/response_length:3731 - timing_s/gen:151.73827668398735 - timing_s/reward:0.0005274550057947636 - timing_s/old_log_prob:145.43090071700863 - timing_s/ref:133.73263561198837 - timing_s/adv:0.16918405200704 - timing_s/update_actor:326.18293805400026 - timing_s/update_weights:4.012351747980574 - timing_s/dump_rollout_generations:0.3202418069995474 - timing_s/step:761.7392669479887 - timing_s/stop_profile:4.698301199823618e-05 - timing_per_token_ms/adv:0.00018304633392122858 - timing_per_token_ms/gen:0.3671445601159162 - timing_per_token_ms/ref:0.14469016662031114 - timing_per_token_ms/update_actor:0.3529090968689854 - perf/total_num_tokens:924269 - perf/time_per_step:761.7392669479887 - perf/throughput:1213.3666204490266
[36m(TaskRunner pid=3691285)[0m Dumped generations to /home/yw4636/agentic-tvg/results/grpo-vanilla/rollouts/67.jsonl
[36m(TaskRunner pid=3691285)[0m step:67 - global_seqlen/min:934804 - global_seqlen/max:934804 - global_seqlen/minmax_diff:0 - global_seqlen/balanced_min:934804 - global_seqlen/balanced_max:934804 - global_seqlen/mean:934804.0 - actor/entropy:1.0407332181930542 - perf/mfu/actor_infer:0.3003661767977403 - training/rollout_probs_diff_valid:1 - training/rollout_probs_diff_max:0.3269381821155548 - training/rollout_probs_diff_mean:0.00883976835757494 - training/rollout_probs_diff_std:0.013717216439545155 - training/rollout_actor_probs_pearson_corr:0.9990358948707581 - rollout_corr/training_ppl:2.845097064971924 - rollout_corr/training_log_ppl:1.0238341093063354 - rollout_corr/kl:0.0029620379209518433 - rollout_corr/k3_kl:0.0024059417191892862 - rollout_corr/rollout_ppl:2.8367223739624023 - rollout_corr/rollout_log_ppl:1.0208468437194824 - rollout_corr/log_ppl_diff:0.002987148240208626 - rollout_corr/log_ppl_abs_diff:0.0034182853996753693 - rollout_corr/log_ppl_diff_max:0.010114431381225586 - rollout_corr/log_ppl_diff_min:-0.0032811760902404785 - rollout_corr/ppl_ratio:1.0029960870742798 - rollout_corr/chi2_token:0.00374603271484375 - rollout_corr/chi2_seq:-0.2243371605873108 - actor/pg_clipfrac:np.float64(0.0) - actor/ppo_kl:np.float64(0.0) - actor/pg_clipfrac_lower:np.float64(0.0) - actor/pg_loss:np.float64(0.030546529917046428) - actor/kl_loss:np.float64(0.0011694824297592277) - actor/kl_coef:np.float64(0.0010000000000000002) - actor/loss:np.float64(0.030547698959708214) - actor/grad_norm:np.float64(0.053221382200717926) - actor/lr:np.float64(8.672606756119131e-06) - actor/perf/max_memory_allocated_gb:np.float64(39.18062353134155) - actor/perf/max_memory_reserved_gb:np.float64(42.001953125) - actor/perf/cpu_memory_used_gb:np.float64(99.89434432983398) - perf/mfu/actor:np.float64(0.33534946414534056) - training/global_step:67 - training/epoch:0 - critic/score/mean:1.228415846824646 - critic/score/max:1.9895738363265991 - critic/score/min:0.0 - critic/rewards/mean:1.228415846824646 - critic/rewards/max:1.9895738363265991 - critic/rewards/min:0.0 - critic/advantages/mean:-0.0305465217679739 - critic/advantages/max:2.315202236175537 - critic/advantages/min:-3.6604321002960205 - critic/returns/mean:-0.0305465217679739 - critic/returns/max:2.315202236175537 - critic/returns/min:-3.6604321002960205 - response_length/mean:3263.90625 - response_length/max:3830.0 - response_length/min:2965.0 - response_length/clip_ratio:0.0 - response_length_non_aborted/mean:3263.90625 - response_length_non_aborted/max:3830.0 - response_length_non_aborted/min:2965.0 - response_length_non_aborted/clip_ratio:0.0 - response/aborted_ratio:0.0 - prompt_length/mean:4039.25 - prompt_length/max:4151.0 - prompt_length/min:3930.0 - prompt_length/clip_ratio:0.0 - num_turns/min:np.int32(4) - num_turns/max:np.int32(4) - num_turns/mean:np.float64(4.0) - timing_s/start_profile:6.980300531722605e-05 - timing_s/agent_loop/num_preempted/min:np.int64(-1) - timing_s/agent_loop/num_preempted/max:np.int64(-1) - timing_s/agent_loop/num_preempted/mean:np.float64(-1.0) - timing_s/agent_loop/generate_sequences/min:np.float64(65.4279298329784) - timing_s/agent_loop/generate_sequences/max:np.float64(125.65967751201242) - timing_s/agent_loop/generate_sequences/mean:np.float64(107.46975090877459) - timing_s/agent_loop/tool_calls/min:np.float64(0.058112610975513235) - timing_s/agent_loop/tool_calls/max:np.float64(0.8381425459810998) - timing_s/agent_loop/tool_calls/mean:np.float64(0.14003066312307055) - timing_s/agent_loop/compute_score/min:np.float64(0.31899195900768973) - timing_s/agent_loop/compute_score/max:np.float64(5.308529127010843) - timing_s/agent_loop/compute_score/mean:np.float64(1.018783771398148) - timing_s/agent_loop/slowest/generate_sequences:np.float64(125.65967751201242) - timing_s/agent_loop/slowest/tool_calls:np.float64(0.8381425459810998) - timing_s/agent_loop/slowest/compute_score:np.float64(0.8849404249922372) - timing_s/agent_loop/slowest/num_preempted:np.int64(-1) - timing_s/agent_loop/slowest/prompt_length:3930 - timing_s/agent_loop/slowest/response_length:3830 - timing_s/gen:154.1089872320008 - timing_s/reward:0.0005129560013301671 - timing_s/old_log_prob:144.5093325790076 - timing_s/ref:140.3094513049873 - timing_s/adv:0.16885093098971993 - timing_s/update_actor:328.81940002398915 - timing_s/update_weights:4.058391690021381 - timing_s/dump_rollout_generations:0.32508781197248027 - timing_s/step:772.4703648830182 - timing_s/stop_profile:3.89580090995878e-05 - timing_per_token_ms/adv:0.00018062709508059435 - timing_per_token_ms/gen:0.3688759328641888 - timing_per_token_ms/ref:0.150095048058189 - timing_per_token_ms/update_actor:0.35175223899768204 - perf/total_num_tokens:934804 - perf/time_per_step:772.4703648830182 - perf/throughput:1210.148689835584[36m(TaskRunner pid=3691285)[0m Training Progress:  25%|██▌       | 68/267 [1:43:37<42:36:54, 770.93s/it]
[36m(TaskRunner pid=3691285)[0m Training Progress:  26%|██▌       | 69/267 [1:56:22<42:17:46, 769.02s/it]

[36m(TaskRunner pid=3691285)[0m Dumped generations to /home/yw4636/agentic-tvg/results/grpo-vanilla/rollouts/68.jsonl
[36m(TaskRunner pid=3691285)[0m step:68 - global_seqlen/min:930012 - global_seqlen/max:930012 - global_seqlen/minmax_diff:0 - global_seqlen/balanced_min:930012 - global_seqlen/balanced_max:930012 - global_seqlen/mean:930012.0 - actor/entropy:0.9969497323036194 - perf/mfu/actor_infer:0.29923416249566365 - training/rollout_probs_diff_valid:1 - training/rollout_probs_diff_max:0.24062353372573853 - training/rollout_probs_diff_mean:0.009304787963628769 - training/rollout_probs_diff_std:0.014282744377851486 - training/rollout_actor_probs_pearson_corr:0.998924970626831 - rollout_corr/training_ppl:2.7383008003234863 - rollout_corr/training_log_ppl:0.9898151755332947 - rollout_corr/kl:0.0029696947894990444 - rollout_corr/k3_kl:0.0026052193716168404 - rollout_corr/rollout_ppl:2.7302162647247314 - rollout_corr/rollout_log_ppl:0.9868798851966858 - rollout_corr/log_ppl_diff:0.0029353280551731586 - rollout_corr/log_ppl_abs_diff:0.003415730781853199 - rollout_corr/log_ppl_diff_max:0.009944140911102295 - rollout_corr/log_ppl_diff_min:-0.004532873630523682 - rollout_corr/ppl_ratio:1.0029442310333252 - rollout_corr/chi2_token:0.004634976387023926 - rollout_corr/chi2_seq:0.15933215618133545 - actor/pg_clipfrac:np.float64(0.0) - actor/ppo_kl:np.float64(0.0) - actor/pg_clipfrac_lower:np.float64(0.0) - actor/pg_loss:np.float64(0.048363361158408225) - actor/kl_loss:np.float64(0.001176188587123761) - actor/kl_coef:np.float64(0.0010000000000000002) - actor/loss:np.float64(0.048364538699388504) - actor/grad_norm:np.float64(0.061819203197956085) - actor/lr:np.float64(8.634838014407203e-06) - actor/perf/max_memory_allocated_gb:np.float64(39.18062353134155) - actor/perf/max_memory_reserved_gb:np.float64(42.001953125) - actor/perf/cpu_memory_used_gb:np.float64(99.84070205688477) - perf/mfu/actor:np.float64(0.33741812951993205) - training/global_step:68 - training/epoch:0 - critic/score/mean:1.1202235221862793 - critic/score/max:1.8636363744735718 - critic/score/min:0.3519230782985687 - critic/rewards/mean:1.1202235221862793 - critic/rewards/max:1.8636363744735718 - critic/rewards/min:0.3519230782985687 - critic/advantages/mean:-0.048363350331783295 - critic/advantages/max:2.6095502376556396 - critic/advantages/min:-2.1339099407196045 - critic/returns/mean:-0.048363350331783295 - critic/returns/max:2.6095502376556396 - critic/returns/min:-2.1339099407196045 - response_length/mean:3246.34375 - response_length/max:3737.0 - response_length/min:2979.0 - response_length/clip_ratio:0.0 - response_length_non_aborted/mean:3246.34375 - response_length_non_aborted/max:3737.0 - response_length_non_aborted/min:2979.0 - response_length_non_aborted/clip_ratio:0.0 - response/aborted_ratio:0.0 - prompt_length/mean:4019.375 - prompt_length/max:4135.0 - prompt_length/min:3939.0 - prompt_length/clip_ratio:0.0 - num_turns/min:np.int32(4) - num_turns/max:np.int32(4) - num_turns/mean:np.float64(4.0) - timing_s/start_profile:6.273898179642856e-05 - timing_s/agent_loop/num_preempted/min:np.int64(-1) - timing_s/agent_loop/num_preempted/max:np.int64(-1) - timing_s/agent_loop/num_preempted/mean:np.float64(-1.0) - timing_s/agent_loop/generate_sequences/min:np.float64(60.78351071802899) - timing_s/agent_loop/generate_sequences/max:np.float64(127.53116060903994) - timing_s/agent_loop/generate_sequences/mean:np.float64(110.35233005259238) - timing_s/agent_loop/tool_calls/min:np.float64(0.05063393697491847) - timing_s/agent_loop/tool_calls/max:np.float64(0.790286217990797) - timing_s/agent_loop/tool_calls/mean:np.float64(0.15249125970990463) - timing_s/agent_loop/compute_score/min:np.float64(0.3393050049780868) - timing_s/agent_loop/compute_score/max:np.float64(4.513946474995464) - timing_s/agent_loop/compute_score/mean:np.float64(1.2068187955239864) - timing_s/agent_loop/slowest/generate_sequences:np.float64(127.53116060903994) - timing_s/agent_loop/slowest/tool_calls:np.float64(0.09423012702609412) - timing_s/agent_loop/slowest/compute_score:np.float64(0.9359732859884389) - timing_s/agent_loop/slowest/num_preempted:np.int64(-1) - timing_s/agent_loop/slowest/prompt_length:3945 - timing_s/agent_loop/slowest/response_length:3604 - timing_s/gen:155.632397407986 - timing_s/reward:0.0005167739873286337 - timing_s/old_log_prob:144.44003701099427 - timing_s/ref:134.83549155498622 - timing_s/adv:0.16928730098879896 - timing_s/update_actor:324.83321215899196 - timing_s/update_weights:4.061608600983163 - timing_s/dump_rollout_generations:0.32411331302137114 - timing_s/step:764.4621357769938 - timing_s/stop_profile:4.6603992814198136e-05 - timing_per_token_ms/adv:0.00018202700716635803 - timing_per_token_ms/gen:0.3745376948297267 - timing_per_token_ms/ref:0.14498252877918372 - timing_per_token_ms/update_actor:0.3492785170072988 - perf/total_num_tokens:930012 - perf/time_per_step:764.4621357769938 - perf/throughput:1216.5573106570446
[36m(TaskRunner pid=3691285)[0m Dumped generations to /home/yw4636/agentic-tvg/results/grpo-vanilla/rollouts/69.jsonl
[36m(TaskRunner pid=3691285)[0m step:69 - global_seqlen/min:930230 - global_seqlen/max:930230 - global_seqlen/minmax_diff:0 - global_seqlen/balanced_min:930230 - global_seqlen/balanced_max:930230 - global_seqlen/mean:930230.0 - actor/entropy:1.0808840990066528 - perf/mfu/actor_infer:0.2985783519644149 - training/rollout_probs_diff_valid:1 - training/rollout_probs_diff_max:0.47980064153671265 - training/rollout_probs_diff_mean:0.008904748596251011 - training/rollout_probs_diff_std:0.013687899336218834 - training/rollout_actor_probs_pearson_corr:0.9990418553352356 - rollout_corr/training_ppl:2.8871054649353027 - rollout_corr/training_log_ppl:1.0280531644821167 - rollout_corr/kl:0.0023691337555646896 - rollout_corr/k3_kl:0.00260868645273149 - rollout_corr/rollout_ppl:2.880134105682373 - rollout_corr/rollout_log_ppl:1.0256859064102173 - rollout_corr/log_ppl_diff:0.002367354230955243 - rollout_corr/log_ppl_abs_diff:0.003235121490433812 - rollout_corr/log_ppl_diff_max:0.009920716285705566 - rollout_corr/log_ppl_diff_min:-0.00461810827255249 - rollout_corr/ppl_ratio:1.002375602722168 - rollout_corr/chi2_token:0.006065487861633301 - rollout_corr/chi2_seq:1.773822546005249 - actor/pg_clipfrac:np.float64(0.0) - actor/ppo_kl:np.float64(0.0) - actor/pg_clipfrac_lower:np.float64(0.0) - actor/pg_loss:np.float64(0.013867451139958575) - actor/kl_loss:np.float64(0.0012335502724454273) - actor/kl_coef:np.float64(0.0010000000000000002) - actor/loss:np.float64(0.013868682086467743) - actor/grad_norm:np.float64(0.05977267399430275) - actor/lr:np.float64(8.59663527510641e-06) - actor/perf/max_memory_allocated_gb:np.float64(39.18062353134155) - actor/perf/max_memory_reserved_gb:np.float64(42.001953125) - actor/perf/cpu_memory_used_gb:np.float64(100.00907897949219) - perf/mfu/actor:np.float64(0.33739717499105515) - training/global_step:69 - training/epoch:0 - critic/score/mean:1.25175940990448 - critic/score/max:1.9647727012634277 - critic/score/min:0.13786008954048157 - critic/rewards/mean:1.25175940990448 - critic/rewards/max:1.9647727012634277 - critic/rewards/min:0.13786008954048157 - critic/advantages/mean:-0.013867462053894997 - critic/advantages/max:2.228703260421753 - critic/advantages/min:-2.4526824951171875 - critic/returns/mean:-0.013867462053894997 - critic/returns/max:2.228703260421753 - critic/returns/min:-2.4526824951171875 - response_length/mean:3251.171875 - response_length/max:4123.0 - response_length/min:2981.0 - response_length/clip_ratio:0.0 - response_length_non_aborted/mean:3251.171875 - response_length_non_aborted/max:4123.0 - response_length_non_aborted/min:2981.0 - response_length_non_aborted/clip_ratio:0.0 - response/aborted_ratio:0.0 - prompt_length/mean:4016.25 - prompt_length/max:4137.0 - prompt_length/min:3930.0 - prompt_length/clip_ratio:0.0 - num_turns/min:np.int32(4) - num_turns/max:np.int32(4) - num_turns/mean:np.float64(4.0) - timing_s/start_profile:6.010901415720582e-05 - timing_s/agent_loop/num_preempted/min:np.int64(-1) - timing_s/agent_loop/num_preempted/max:np.int64(-1) - timing_s/agent_loop/num_preempted/mean:np.float64(-1.0) - timing_s/agent_loop/generate_sequences/min:np.float64(65.6034524429997) - timing_s/agent_loop/generate_sequences/max:np.float64(129.34092803800013) - timing_s/agent_loop/generate_sequences/mean:np.float64(105.79659648728853) - timing_s/agent_loop/tool_calls/min:np.float64(0.05696463299682364) - timing_s/agent_loop/tool_calls/max:np.float64(0.8592969469900709) - timing_s/agent_loop/tool_calls/mean:np.float64(0.1450575071567073) - timing_s/agent_loop/compute_score/min:np.float64(0.337764611991588) - timing_s/agent_loop/compute_score/max:np.float64(3.346960373019101) - timing_s/agent_loop/compute_score/mean:np.float64(1.1123586821415756) - timing_s/agent_loop/slowest/generate_sequences:np.float64(129.34092803800013) - timing_s/agent_loop/slowest/tool_calls:np.float64(0.10139390200492926) - timing_s/agent_loop/slowest/compute_score:np.float64(0.9500630449911114) - timing_s/agent_loop/slowest/num_preempted:np.int64(-1) - timing_s/agent_loop/slowest/prompt_length:3930 - timing_s/agent_loop/slowest/response_length:4123 - timing_s/gen:152.1788468149898 - timing_s/reward:0.0005057099915575236 - timing_s/old_log_prob:142.6480784789892 - timing_s/ref:136.46357401800924 - timing_s/adv:0.1723145919968374 - timing_s/update_actor:327.9160845890001 - timing_s/update_weights:4.03324689497822 - timing_s/dump_rollout_generations:0.32504669699119404 - timing_s/step:763.9045921929937 - timing_s/stop_profile:4.7349982196465135e-05 - timing_per_token_ms/adv:0.00018523869580301368 - timing_per_token_ms/gen:0.365682678877784 - timing_per_token_ms/ref:0.14669874549091003 - timing_per_token_ms/update_actor:0.352510760337766 - perf/total_num_tokens:930230 - perf/time_per_step:763.9045921929937 - perf/throughput:1217.730603411513[36m(TaskRunner pid=3691285)[0m Training Progress:  26%|██▌       | 70/267 [2:09:10<42:04:14, 768.80s/it]
[36m(TaskRunner pid=3691285)[0m Training Progress:  27%|██▋       | 71/267 [2:21:55<41:47:27, 767.59s/it]

[36m(TaskRunner pid=3691285)[0m Dumped generations to /home/yw4636/agentic-tvg/results/grpo-vanilla/rollouts/70.jsonl
[36m(TaskRunner pid=3691285)[0m step:70 - global_seqlen/min:931589 - global_seqlen/max:931589 - global_seqlen/minmax_diff:0 - global_seqlen/balanced_min:931589 - global_seqlen/balanced_max:931589 - global_seqlen/mean:931589.0 - actor/entropy:1.0986011028289795 - perf/mfu/actor_infer:0.2997759374492092 - training/rollout_probs_diff_valid:1 - training/rollout_probs_diff_max:0.4570527970790863 - training/rollout_probs_diff_mean:0.009068300947546959 - training/rollout_probs_diff_std:0.013826530426740646 - training/rollout_actor_probs_pearson_corr:0.9990200400352478 - rollout_corr/training_ppl:3.001877546310425 - rollout_corr/training_log_ppl:1.077505350112915 - rollout_corr/kl:0.0027251536957919598 - rollout_corr/k3_kl:0.0027349707670509815 - rollout_corr/rollout_ppl:2.993317127227783 - rollout_corr/rollout_log_ppl:1.0747876167297363 - rollout_corr/log_ppl_diff:0.0027176819276064634 - rollout_corr/log_ppl_abs_diff:0.003734223311766982 - rollout_corr/log_ppl_diff_max:0.012040019035339355 - rollout_corr/log_ppl_diff_min:-0.007388770580291748 - rollout_corr/ppl_ratio:1.0027284622192383 - rollout_corr/chi2_token:0.005981087684631348 - rollout_corr/chi2_seq:3.341629981994629 - actor/pg_clipfrac:np.float64(0.0) - actor/ppo_kl:np.float64(0.0) - actor/pg_clipfrac_lower:np.float64(0.0) - actor/pg_loss:np.float64(0.046059400716330856) - actor/kl_loss:np.float64(0.0012438093635864789) - actor/kl_coef:np.float64(0.0010000000000000002) - actor/loss:np.float64(0.04606064781546593) - actor/grad_norm:np.float64(0.05693668872117996) - actor/lr:np.float64(8.558003827133334e-06) - actor/perf/max_memory_allocated_gb:np.float64(39.18062353134155) - actor/perf/max_memory_reserved_gb:np.float64(42.060546875) - actor/perf/cpu_memory_used_gb:np.float64(97.51779556274414) - perf/mfu/actor:np.float64(0.3374418302653907) - training/global_step:70 - training/epoch:0 - critic/score/mean:1.119666576385498 - critic/score/max:1.9800000190734863 - critic/score/min:0.0 - critic/rewards/mean:1.119666576385498 - critic/rewards/max:1.9800000190734863 - critic/rewards/min:0.0 - critic/advantages/mean:-0.04605938866734505 - critic/advantages/max:2.1853749752044678 - critic/advantages/min:-3.5247111320495605 - critic/returns/mean:-0.04605938866734505 - critic/returns/max:2.1853749752044678 - critic/returns/min:-3.5247111320495605 - response_length/mean:3263.5390625 - response_length/max:3622.0 - response_length/min:2978.0 - response_length/clip_ratio:0.0 - response_length_non_aborted/mean:3263.5390625 - response_length_non_aborted/max:3622.0 - response_length_non_aborted/min:2978.0 - response_length_non_aborted/clip_ratio:0.0 - response/aborted_ratio:0.0 - prompt_length/mean:4014.5 - prompt_length/max:4138.0 - prompt_length/min:3934.0 - prompt_length/clip_ratio:0.0 - num_turns/min:np.int32(4) - num_turns/max:np.int32(4) - num_turns/mean:np.float64(4.0) - timing_s/start_profile:6.616098107770085e-05 - timing_s/agent_loop/num_preempted/min:np.int64(-1) - timing_s/agent_loop/num_preempted/max:np.int64(-1) - timing_s/agent_loop/num_preempted/mean:np.float64(-1.0) - timing_s/agent_loop/generate_sequences/min:np.float64(68.83035548301996) - timing_s/agent_loop/generate_sequences/max:np.float64(124.60905350203393) - timing_s/agent_loop/generate_sequences/mean:np.float64(108.73967940208854) - timing_s/agent_loop/tool_calls/min:np.float64(0.062284729996463284) - timing_s/agent_loop/tool_calls/max:np.float64(0.876931289996719) - timing_s/agent_loop/tool_calls/mean:np.float64(0.13531335089032837) - timing_s/agent_loop/compute_score/min:np.float64(0.3351495940005407) - timing_s/agent_loop/compute_score/max:np.float64(2.672675606998382) - timing_s/agent_loop/compute_score/mean:np.float64(1.0737807086256907) - timing_s/agent_loop/slowest/generate_sequences:np.float64(124.60905350203393) - timing_s/agent_loop/slowest/tool_calls:np.float64(0.13284696399932727) - timing_s/agent_loop/slowest/compute_score:np.float64(1.0863647499936633) - timing_s/agent_loop/slowest/num_preempted:np.int64(-1) - timing_s/agent_loop/slowest/prompt_length:3952 - timing_s/agent_loop/slowest/response_length:3615 - timing_s/gen:152.5197840220062 - timing_s/reward:0.0005275389994494617 - timing_s/old_log_prob:145.2622510509973 - timing_s/ref:134.60254291602178 - timing_s/adv:0.17125248699449003 - timing_s/update_actor:331.1992448310193 - timing_s/update_weights:3.9925955569779035 - timing_s/dump_rollout_generations:0.3239735499955714 - timing_s/step:768.2356292929908 - timing_s/stop_profile:4.828599048778415e-05 - timing_per_token_ms/adv:0.00018382836958625535 - timing_per_token_ms/gen:0.3651130842476084 - timing_per_token_ms/ref:0.1444870462360781 - timing_per_token_ms/update_actor:0.3555207766848034 - perf/total_num_tokens:931589 - perf/time_per_step:768.2356292929908 - perf/throughput:1212.634463279637
[36m(TaskRunner pid=3691285)[0m Dumped generations to /home/yw4636/agentic-tvg/results/grpo-vanilla/rollouts/71.jsonl
[36m(TaskRunner pid=3691285)[0m step:71 - global_seqlen/min:936778 - global_seqlen/max:936778 - global_seqlen/minmax_diff:0 - global_seqlen/balanced_min:936778 - global_seqlen/balanced_max:936778 - global_seqlen/mean:936778.0 - actor/entropy:1.0083955526351929 - perf/mfu/actor_infer:0.2990127111657972 - training/rollout_probs_diff_valid:1 - training/rollout_probs_diff_max:0.4308871030807495 - training/rollout_probs_diff_mean:0.008842708542943 - training/rollout_probs_diff_std:0.01418210007250309 - training/rollout_actor_probs_pearson_corr:0.9989806413650513 - rollout_corr/training_ppl:2.751722574234009 - rollout_corr/training_log_ppl:0.984589159488678 - rollout_corr/kl:0.0022277317475527525 - rollout_corr/k3_kl:0.0024916869588196278 - rollout_corr/rollout_ppl:2.7451882362365723 - rollout_corr/rollout_log_ppl:0.9823446273803711 - rollout_corr/log_ppl_diff:0.0022445162758231163 - rollout_corr/log_ppl_abs_diff:0.0033749956637620926 - rollout_corr/log_ppl_diff_max:0.020757555961608887 - rollout_corr/log_ppl_diff_min:-0.006048083305358887 - rollout_corr/ppl_ratio:1.0022540092468262 - rollout_corr/chi2_token:0.005518674850463867 - rollout_corr/chi2_seq:4.972194671630859 - actor/pg_clipfrac:np.float64(0.0) - actor/ppo_kl:np.float64(0.0) - actor/pg_clipfrac_lower:np.float64(0.0) - actor/pg_loss:np.float64(0.02454515962926962) - actor/kl_loss:np.float64(0.0012242039992997888) - actor/kl_coef:np.float64(0.0010000000000000002) - actor/loss:np.float64(0.02454637736082077) - actor/grad_norm:np.float64(0.056987106800079346) - actor/lr:np.float64(8.518949018756428e-06) - actor/perf/max_memory_allocated_gb:np.float64(39.18062353134155) - actor/perf/max_memory_reserved_gb:np.float64(42.060546875) - actor/perf/cpu_memory_used_gb:np.float64(97.95415878295898) - perf/mfu/actor:np.float64(0.3383347366762244) - training/global_step:71 - training/epoch:0 - critic/score/mean:1.0252125263214111 - critic/score/max:1.9644443988800049 - critic/score/min:0.5 - critic/rewards/mean:1.0252125263214111 - critic/rewards/max:1.9644443988800049 - critic/rewards/min:0.5 - critic/advantages/mean:-0.024545161053538322 - critic/advantages/max:3.4265527725219727 - critic/advantages/min:-2.6352121829986572 - critic/returns/mean:-0.024545161053538322 - critic/returns/max:3.4265527725219727 - critic/returns/min:-2.6352121829986572 - response_length/mean:3300.203125 - response_length/max:9425.0 - response_length/min:2992.0 - response_length/clip_ratio:0.0 - response_length_non_aborted/mean:3300.203125 - response_length_non_aborted/max:9425.0 - response_length_non_aborted/min:2992.0 - response_length_non_aborted/clip_ratio:0.0 - response/aborted_ratio:0.0 - prompt_length/mean:4018.375 - prompt_length/max:4149.0 - prompt_length/min:3938.0 - prompt_length/clip_ratio:0.0 - num_turns/min:np.int32(4) - num_turns/max:np.int32(8) - num_turns/mean:np.float64(4.03125) - timing_s/start_profile:6.157901952974498e-05 - timing_s/agent_loop/num_preempted/min:np.int64(-1) - timing_s/agent_loop/num_preempted/max:np.int64(-1) - timing_s/agent_loop/num_preempted/mean:np.float64(-1.0) - timing_s/agent_loop/generate_sequences/min:np.float64(59.401662814983865) - timing_s/agent_loop/generate_sequences/max:np.float64(123.00266584500787) - timing_s/agent_loop/generate_sequences/mean:np.float64(104.70737070745054) - timing_s/agent_loop/tool_calls/min:np.float64(0.06133385599241592) - timing_s/agent_loop/tool_calls/max:np.float64(0.44119468599092215) - timing_s/agent_loop/tool_calls/mean:np.float64(0.14439706050052337) - timing_s/agent_loop/compute_score/min:np.float64(0.3287254610040691) - timing_s/agent_loop/compute_score/max:np.float64(3.858278286003042) - timing_s/agent_loop/compute_score/mean:np.float64(1.1686281899369533) - timing_s/agent_loop/slowest/generate_sequences:np.float64(123.00266584500787) - timing_s/agent_loop/slowest/tool_calls:np.float64(0.3667936250276398) - timing_s/agent_loop/slowest/compute_score:np.float64(1.2029668889881577) - timing_s/agent_loop/slowest/num_preempted:np.int64(-1) - timing_s/agent_loop/slowest/prompt_length:3938 - timing_s/agent_loop/slowest/response_length:9425 - timing_s/gen:151.79640783101786 - timing_s/reward:0.0005209770170040429 - timing_s/old_log_prob:143.4483387649816 - timing_s/ref:137.37547322298633 - timing_s/adv:0.17128838499775156 - timing_s/update_actor:326.58960698600276 - timing_s/update_weights:3.979780048975954 - timing_s/dump_rollout_generations:0.3241448559856508 - timing_s/step:763.8670236039907 - timing_s/stop_profile:4.536498454399407e-05 - timing_per_token_ms/adv:0.00018284842833387588 - timing_per_token_ms/gen:0.3593443770767374 - timing_per_token_ms/ref:0.1466467756746917 - timing_per_token_ms/update_actor:0.348630739605331 - perf/total_num_tokens:936778 - perf/time_per_step:763.8670236039907 - perf/throughput:1226.3626666068137[36m(TaskRunner pid=3691285)[0m Training Progress:  27%|██▋       | 72/267 [2:34:12<41:04:05, 758.18s/it]
[36m(TaskRunner pid=3691285)[0m Training Progress:  27%|██▋       | 73/267 [2:46:48<40:49:16, 757.51s/it]

[36m(TaskRunner pid=3691285)[0m Dumped generations to /home/yw4636/agentic-tvg/results/grpo-vanilla/rollouts/72.jsonl
[36m(TaskRunner pid=3691285)[0m step:72 - global_seqlen/min:917584 - global_seqlen/max:917584 - global_seqlen/minmax_diff:0 - global_seqlen/balanced_min:917584 - global_seqlen/balanced_max:917584 - global_seqlen/mean:917584.0 - actor/entropy:0.9992116689682007 - perf/mfu/actor_infer:0.3001347355573992 - training/rollout_probs_diff_valid:1 - training/rollout_probs_diff_max:0.18511122465133667 - training/rollout_probs_diff_mean:0.00904308445751667 - training/rollout_probs_diff_std:0.013661207631230354 - training/rollout_actor_probs_pearson_corr:0.9990051984786987 - rollout_corr/training_ppl:2.6830458641052246 - rollout_corr/training_log_ppl:0.9724680781364441 - rollout_corr/kl:0.0025875254068523645 - rollout_corr/k3_kl:0.0023736211005598307 - rollout_corr/rollout_ppl:2.6757001876831055 - rollout_corr/rollout_log_ppl:0.9698729515075684 - rollout_corr/log_ppl_diff:0.0025951960124075413 - rollout_corr/log_ppl_abs_diff:0.0034479559399187565 - rollout_corr/log_ppl_diff_max:0.015423774719238281 - rollout_corr/log_ppl_diff_min:-0.006197750568389893 - rollout_corr/ppl_ratio:1.0026053190231323 - rollout_corr/chi2_token:0.004437923431396484 - rollout_corr/chi2_seq:0.47888684272766113 - actor/pg_clipfrac:np.float64(0.0) - actor/ppo_kl:np.float64(0.0) - actor/pg_clipfrac_lower:np.float64(0.0) - actor/pg_loss:np.float64(0.0033888380276039243) - actor/kl_loss:np.float64(0.0012552174739539623) - actor/kl_coef:np.float64(0.0010000000000000002) - actor/loss:np.float64(0.003390088677406311) - actor/grad_norm:np.float64(0.056855667382478714) - actor/lr:np.float64(8.479476256855603e-06) - actor/perf/max_memory_allocated_gb:np.float64(39.18062353134155) - actor/perf/max_memory_reserved_gb:np.float64(42.060546875) - actor/perf/cpu_memory_used_gb:np.float64(113.82582473754883) - perf/mfu/actor:np.float64(0.33855576708950413) - training/global_step:72 - training/epoch:0 - critic/score/mean:1.2352073192596436 - critic/score/max:2.0 - critic/score/min:0.049450550228357315 - critic/rewards/mean:1.2352073192596436 - critic/rewards/max:2.0 - critic/rewards/min:0.049450550228357315 - critic/advantages/mean:-0.0033888304606080055 - critic/advantages/max:3.032801389694214 - critic/advantages/min:-3.32881760597229 - critic/returns/mean:-0.0033888304606080055 - critic/returns/max:3.032801389694214 - critic/returns/min:-3.32881760597229 - response_length/mean:3200.375 - response_length/max:6204.0 - response_length/min:330.0 - response_length/clip_ratio:0.0 - response_length_non_aborted/mean:3200.375 - response_length_non_aborted/max:6204.0 - response_length_non_aborted/min:330.0 - response_length_non_aborted/clip_ratio:0.0 - response/aborted_ratio:0.0 - prompt_length/mean:3968.25 - prompt_length/max:4148.0 - prompt_length/min:3752.0 - prompt_length/clip_ratio:0.0 - num_turns/min:np.int32(4) - num_turns/max:np.int32(6) - num_turns/mean:np.float64(4.015625) - timing_s/start_profile:5.872998735867441e-05 - timing_s/agent_loop/num_preempted/min:np.int64(-1) - timing_s/agent_loop/num_preempted/max:np.int64(-1) - timing_s/agent_loop/num_preempted/mean:np.float64(-1.0) - timing_s/agent_loop/generate_sequences/min:np.float64(56.082200451986864) - timing_s/agent_loop/generate_sequences/max:np.float64(118.51363603401114) - timing_s/agent_loop/generate_sequences/mean:np.float64(101.00054199953684) - timing_s/agent_loop/tool_calls/min:np.float64(0.000290702999336645) - timing_s/agent_loop/tool_calls/max:np.float64(0.8045961589959916) - timing_s/agent_loop/tool_calls/mean:np.float64(0.16257228248423417) - timing_s/agent_loop/compute_score/min:np.float64(0.2303653220005799) - timing_s/agent_loop/compute_score/max:np.float64(5.62077568800305) - timing_s/agent_loop/compute_score/mean:np.float64(1.1843711254673508) - timing_s/agent_loop/slowest/generate_sequences:np.float64(115.16732451101416) - timing_s/agent_loop/slowest/tool_calls:np.float64(0.13060115597909316) - timing_s/agent_loop/slowest/compute_score:np.float64(4.808845499996096) - timing_s/agent_loop/slowest/num_preempted:np.int64(-1) - timing_s/agent_loop/slowest/prompt_length:3950 - timing_s/agent_loop/slowest/response_length:3361 - timing_s/gen:146.87826068000868 - timing_s/reward:0.0005177890125196427 - timing_s/old_log_prob:139.04172507100157 - timing_s/ref:129.778290207003 - timing_s/adv:0.16986753599485382 - timing_s/update_actor:316.25215203798143 - timing_s/update_weights:4.006091143004596 - timing_s/dump_rollout_generations:0.31218427800922655 - timing_s/step:736.6025315150036 - timing_s/stop_profile:4.746799822896719e-05 - timing_per_token_ms/adv:0.00018512477985105867 - timing_per_token_ms/gen:0.3585474863297482 - timing_per_token_ms/ref:0.14143477894885156 - timing_per_token_ms/update_actor:0.3446574395782636 - perf/total_num_tokens:917584 - perf/time_per_step:736.6025315150036 - perf/throughput:1245.6975923131347
[36m(TaskRunner pid=3691285)[0m Dumped generations to /home/yw4636/agentic-tvg/results/grpo-vanilla/rollouts/73.jsonl
[36m(TaskRunner pid=3691285)[0m step:73 - global_seqlen/min:916998 - global_seqlen/max:916998 - global_seqlen/minmax_diff:0 - global_seqlen/balanced_min:916998 - global_seqlen/balanced_max:916998 - global_seqlen/mean:916998.0 - actor/entropy:1.0511780977249146 - perf/mfu/actor_infer:0.29944003673348996 - training/rollout_probs_diff_valid:1 - training/rollout_probs_diff_max:0.4143495261669159 - training/rollout_probs_diff_mean:0.009169621393084526 - training/rollout_probs_diff_std:0.014152418822050095 - training/rollout_actor_probs_pearson_corr:0.9989701509475708 - rollout_corr/training_ppl:2.849907398223877 - rollout_corr/training_log_ppl:1.0284208059310913 - rollout_corr/kl:0.002830899553373456 - rollout_corr/k3_kl:0.002656154101714492 - rollout_corr/rollout_ppl:2.8420448303222656 - rollout_corr/rollout_log_ppl:1.0257219076156616 - rollout_corr/log_ppl_diff:0.0026988813187927008 - rollout_corr/log_ppl_abs_diff:0.0035864992532879114 - rollout_corr/log_ppl_diff_max:0.014142274856567383 - rollout_corr/log_ppl_diff_min:-0.006123006343841553 - rollout_corr/ppl_ratio:1.0027096271514893 - rollout_corr/chi2_token:0.004983186721801758 - rollout_corr/chi2_seq:0.7245761156082153 - actor/pg_clipfrac:np.float64(0.0) - actor/ppo_kl:np.float64(0.0) - actor/pg_clipfrac_lower:np.float64(0.0) - actor/pg_loss:np.float64(-0.0016053512081271037) - actor/kl_loss:np.float64(0.001304064553551143) - actor/kl_coef:np.float64(0.0010000000000000002) - actor/loss:np.float64(-0.0016040466725826263) - actor/grad_norm:np.float64(0.053309109061956406) - actor/lr:np.float64(8.439591006173664e-06) - actor/perf/max_memory_allocated_gb:np.float64(39.18062353134155) - actor/perf/max_memory_reserved_gb:np.float64(42.060546875) - actor/perf/cpu_memory_used_gb:np.float64(97.14225006103516) - perf/mfu/actor:np.float64(0.33847253282497014) - training/global_step:73 - training/epoch:0 - critic/score/mean:1.0663771629333496 - critic/score/max:1.962499976158142 - critic/score/min:0.5 - critic/rewards/mean:1.0663771629333496 - critic/rewards/max:1.962499976158142 - critic/rewards/min:0.5 - critic/advantages/mean:0.0016053423751145601 - critic/advantages/max:3.246948003768921 - critic/advantages/min:-2.047898054122925 - critic/returns/mean:0.0016053423751145601 - critic/returns/max:3.246948003768921 - critic/returns/min:-2.047898054122925 - response_length/mean:3216.421875 - response_length/max:3571.0 - response_length/min:672.0 - response_length/clip_ratio:0.0 - response_length_non_aborted/mean:3216.421875 - response_length_non_aborted/max:3571.0 - response_length_non_aborted/min:672.0 - response_length_non_aborted/clip_ratio:0.0 - response/aborted_ratio:0.0 - prompt_length/mean:3947.625 - prompt_length/max:4135.0 - prompt_length/min:3755.0 - prompt_length/clip_ratio:0.0 - num_turns/min:np.int32(4) - num_turns/max:np.int32(4) - num_turns/mean:np.float64(4.0) - timing_s/start_profile:6.433800444938242e-05 - timing_s/agent_loop/num_preempted/min:np.int64(-1) - timing_s/agent_loop/num_preempted/max:np.int64(-1) - timing_s/agent_loop/num_preempted/mean:np.float64(-1.0) - timing_s/agent_loop/generate_sequences/min:np.float64(56.80742956101312) - timing_s/agent_loop/generate_sequences/max:np.float64(121.44607944099698) - timing_s/agent_loop/generate_sequences/mean:np.float64(104.31832510421646) - timing_s/agent_loop/tool_calls/min:np.float64(0.0001052080187946558) - timing_s/agent_loop/tool_calls/max:np.float64(0.732975377002731) - timing_s/agent_loop/tool_calls/mean:np.float64(0.12152092681321847) - timing_s/agent_loop/compute_score/min:np.float64(0.3099759540054947) - timing_s/agent_loop/compute_score/max:np.float64(4.6122035490116104) - timing_s/agent_loop/compute_score/mean:np.float64(1.2302232128288324) - timing_s/agent_loop/slowest/generate_sequences:np.float64(121.44607944099698) - timing_s/agent_loop/slowest/tool_calls:np.float64(0.24181239897734486) - timing_s/agent_loop/slowest/compute_score:np.float64(0.8956926339888014) - timing_s/agent_loop/slowest/num_preempted:np.int64(-1) - timing_s/agent_loop/slowest/prompt_length:3966 - timing_s/agent_loop/slowest/response_length:3519 - timing_s/gen:148.96425915398868 - timing_s/reward:0.0004749209911096841 - timing_s/old_log_prob:148.81641419400694 - timing_s/ref:133.65824528998928 - timing_s/adv:0.16845057799946517 - timing_s/update_actor:319.7943083999853 - timing_s/update_weights:3.974117498000851 - timing_s/dump_rollout_generations:0.323703779024072 - timing_s/step:755.884995482018 - timing_s/stop_profile:4.907097900286317e-05 - timing_per_token_ms/adv:0.00018369786847895542 - timing_per_token_ms/gen:0.3618254445059501 - timing_per_token_ms/ref:0.14575631058081837 - timing_per_token_ms/update_actor:0.34874046442847784 - perf/total_num_tokens:916998 - perf/time_per_step:755.884995482018 - perf/throughput:1213.1448639422222[36m(TaskRunner pid=3691285)[0m Training Progress:  28%|██▊       | 74/267 [2:59:20<40:31:59, 756.06s/it]
[36m(TaskRunner pid=3691285)[0m Training Progress:  28%|██▊       | 75/267 [3:11:56<40:18:52, 755.90s/it]

[36m(TaskRunner pid=3691285)[0m Dumped generations to /home/yw4636/agentic-tvg/results/grpo-vanilla/rollouts/74.jsonl
[36m(TaskRunner pid=3691285)[0m step:74 - global_seqlen/min:924784 - global_seqlen/max:924784 - global_seqlen/minmax_diff:0 - global_seqlen/balanced_min:924784 - global_seqlen/balanced_max:924784 - global_seqlen/mean:924784.0 - actor/entropy:1.0423794984817505 - perf/mfu/actor_infer:0.2986916387559415 - training/rollout_probs_diff_valid:1 - training/rollout_probs_diff_max:0.2792350649833679 - training/rollout_probs_diff_mean:0.009135697036981583 - training/rollout_probs_diff_std:0.014238248579204082 - training/rollout_actor_probs_pearson_corr:0.9989679455757141 - rollout_corr/training_ppl:2.866260528564453 - rollout_corr/training_log_ppl:1.025743007659912 - rollout_corr/kl:0.0025682130362838507 - rollout_corr/k3_kl:0.0026579787954688072 - rollout_corr/rollout_ppl:2.858160972595215 - rollout_corr/rollout_log_ppl:1.0230696201324463 - rollout_corr/log_ppl_diff:0.002673369599506259 - rollout_corr/log_ppl_abs_diff:0.003614477114751935 - rollout_corr/log_ppl_diff_max:0.013852715492248535 - rollout_corr/log_ppl_diff_min:-0.010839223861694336 - rollout_corr/ppl_ratio:1.0026847124099731 - rollout_corr/chi2_token:0.005529880523681641 - rollout_corr/chi2_seq:25.85141372680664 - actor/pg_clipfrac:np.float64(0.0) - actor/ppo_kl:np.float64(0.0) - actor/pg_clipfrac_lower:np.float64(0.0) - actor/pg_loss:np.float64(-0.029607632488477975) - actor/kl_loss:np.float64(0.0013007844645471778) - actor/kl_coef:np.float64(0.0010000000000000002) - actor/loss:np.float64(-0.029606327414512634) - actor/grad_norm:np.float64(0.05859572812914848) - actor/lr:np.float64(8.39929878855976e-06) - actor/perf/max_memory_allocated_gb:np.float64(39.18062353134155) - actor/perf/max_memory_reserved_gb:np.float64(42.060546875) - actor/perf/cpu_memory_used_gb:np.float64(97.58715438842773) - perf/mfu/actor:np.float64(0.33679881014172336) - training/global_step:74 - training/epoch:0 - critic/score/mean:1.0318231582641602 - critic/score/max:1.9992146492004395 - critic/score/min:0.5 - critic/rewards/mean:1.0318231582641602 - critic/rewards/max:1.9992146492004395 - critic/rewards/min:0.5 - critic/advantages/mean:0.029607610777020454 - critic/advantages/max:3.3346433639526367 - critic/advantages/min:-2.414254665374756 - critic/returns/mean:0.029607610777020454 - critic/returns/max:3.3346433639526367 - critic/returns/min:-2.414254665374756 - response_length/mean:3160.75 - response_length/max:3673.0 - response_length/min:299.0 - response_length/clip_ratio:0.0 - response_length_non_aborted/mean:3160.75 - response_length_non_aborted/max:3673.0 - response_length_non_aborted/min:299.0 - response_length_non_aborted/clip_ratio:0.0 - response/aborted_ratio:0.0 - prompt_length/mean:4064.125 - prompt_length/max:4150.0 - prompt_length/min:3941.0 - prompt_length/clip_ratio:0.0 - num_turns/min:np.int32(4) - num_turns/max:np.int32(4) - num_turns/mean:np.float64(4.0) - timing_s/start_profile:7.830600952729583e-05 - timing_s/agent_loop/num_preempted/min:np.int64(-1) - timing_s/agent_loop/num_preempted/max:np.int64(-1) - timing_s/agent_loop/num_preempted/mean:np.float64(-1.0) - timing_s/agent_loop/generate_sequences/min:np.float64(58.45691351199639) - timing_s/agent_loop/generate_sequences/max:np.float64(122.1316913869814) - timing_s/agent_loop/generate_sequences/mean:np.float64(104.80002705217726) - timing_s/agent_loop/tool_calls/min:np.float64(0.0001356879947707057) - timing_s/agent_loop/tool_calls/max:np.float64(0.8375837619823869) - timing_s/agent_loop/tool_calls/mean:np.float64(0.12153078285905394) - timing_s/agent_loop/compute_score/min:np.float64(0.3522118350083474) - timing_s/agent_loop/compute_score/max:np.float64(5.362464500009082) - timing_s/agent_loop/compute_score/mean:np.float64(1.445319591983889) - timing_s/agent_loop/slowest/generate_sequences:np.float64(122.1316913869814) - timing_s/agent_loop/slowest/tool_calls:np.float64(0.14894866000395268) - timing_s/agent_loop/slowest/compute_score:np.float64(0.9432061199913733) - timing_s/agent_loop/slowest/num_preempted:np.int64(-1) - timing_s/agent_loop/slowest/prompt_length:3944 - timing_s/agent_loop/slowest/response_length:3673 - timing_s/gen:151.81217498000478 - timing_s/reward:0.000421295000705868 - timing_s/old_log_prob:142.14328471498447 - timing_s/ref:130.41688276198693 - timing_s/adv:0.16886020899983123 - timing_s/update_actor:322.79243338800734 - timing_s/update_weights:4.015378809999675 - timing_s/dump_rollout_generations:0.32369069501874037 - timing_s/step:751.8595197760151 - timing_s/stop_profile:3.820398706011474e-05 - timing_per_token_ms/adv:0.00018259421551392675 - timing_per_token_ms/gen:0.3752377179565886 - timing_per_token_ms/ref:0.14102415565363038 - timing_per_token_ms/update_actor:0.34904629987976366 - perf/total_num_tokens:924784 - perf/time_per_step:751.8595197760151 - perf/throughput:1229.9957314838555
[36m(TaskRunner pid=3691285)[0m Dumped generations to /home/yw4636/agentic-tvg/results/grpo-vanilla/rollouts/75.jsonl
[36m(TaskRunner pid=3691285)[0m step:75 - global_seqlen/min:933001 - global_seqlen/max:933001 - global_seqlen/minmax_diff:0 - global_seqlen/balanced_min:933001 - global_seqlen/balanced_max:933001 - global_seqlen/mean:933001.0 - actor/entropy:1.053041696548462 - perf/mfu/actor_infer:0.30356104420387986 - training/rollout_probs_diff_valid:1 - training/rollout_probs_diff_max:0.44262567162513733 - training/rollout_probs_diff_mean:0.009000630117952824 - training/rollout_probs_diff_std:0.014274610206484795 - training/rollout_actor_probs_pearson_corr:0.9989731311798096 - rollout_corr/training_ppl:2.863600254058838 - rollout_corr/training_log_ppl:1.024918556213379 - rollout_corr/kl:0.002281059045344591 - rollout_corr/k3_kl:0.002524600364267826 - rollout_corr/rollout_ppl:2.857182025909424 - rollout_corr/rollout_log_ppl:1.02266263961792 - rollout_corr/log_ppl_diff:0.0022559822537004948 - rollout_corr/log_ppl_abs_diff:0.00338331563398242 - rollout_corr/log_ppl_diff_max:0.01038825511932373 - rollout_corr/log_ppl_diff_min:-0.008161962032318115 - rollout_corr/ppl_ratio:1.0022644996643066 - rollout_corr/chi2_token:0.005684375762939453 - rollout_corr/chi2_seq:2.795701265335083 - actor/pg_clipfrac:np.float64(0.0) - actor/ppo_kl:np.float64(0.0) - actor/pg_clipfrac_lower:np.float64(0.0) - actor/pg_loss:np.float64(0.03500929796427954) - actor/kl_loss:np.float64(0.001387877846354968) - actor/kl_coef:np.float64(0.0010000000000000002) - actor/loss:np.float64(0.0350106880068779) - actor/grad_norm:np.float64(0.05581139400601387) - actor/lr:np.float64(8.358605182204924e-06) - actor/perf/max_memory_allocated_gb:np.float64(39.18062353134155) - actor/perf/max_memory_reserved_gb:np.float64(42.060546875) - actor/perf/cpu_memory_used_gb:np.float64(98.04819869995117) - perf/mfu/actor:np.float64(0.33849325010830655) - training/global_step:75 - training/epoch:0 - critic/score/mean:1.164546012878418 - critic/score/max:1.9299999475479126 - critic/score/min:0.0 - critic/rewards/mean:1.164546012878418 - critic/rewards/max:1.9299999475479126 - critic/rewards/min:0.0 - critic/advantages/mean:-0.03500930964946747 - critic/advantages/max:2.178995370864868 - critic/advantages/min:-3.1815052032470703 - critic/returns/mean:-0.03500930964946747 - critic/returns/max:2.178995370864868 - critic/returns/min:-3.1815052032470703 - response_length/mean:3273.9453125 - response_length/max:6157.0 - response_length/min:2947.0 - response_length/clip_ratio:0.0 - response_length_non_aborted/mean:3273.9453125 - response_length_non_aborted/max:6157.0 - response_length_non_aborted/min:2947.0 - response_length_non_aborted/clip_ratio:0.0 - response/aborted_ratio:0.0 - prompt_length/mean:4015.125 - prompt_length/max:4149.0 - prompt_length/min:3926.0 - prompt_length/clip_ratio:0.0 - num_turns/min:np.int32(4) - num_turns/max:np.int32(6) - num_turns/mean:np.float64(4.015625) - timing_s/start_profile:5.8147008530795574e-05 - timing_s/agent_loop/num_preempted/min:np.int64(-1) - timing_s/agent_loop/num_preempted/max:np.int64(-1) - timing_s/agent_loop/num_preempted/mean:np.float64(-1.0) - timing_s/agent_loop/generate_sequences/min:np.float64(69.37694538102369) - timing_s/agent_loop/generate_sequences/max:np.float64(122.6958478409797) - timing_s/agent_loop/generate_sequences/mean:np.float64(104.16071358344493) - timing_s/agent_loop/tool_calls/min:np.float64(0.06404781801393256) - timing_s/agent_loop/tool_calls/max:np.float64(0.8880230500071775) - timing_s/agent_loop/tool_calls/mean:np.float64(0.15858733400796154) - timing_s/agent_loop/compute_score/min:np.float64(0.329303300997708) - timing_s/agent_loop/compute_score/max:np.float64(5.188211861997843) - timing_s/agent_loop/compute_score/mean:np.float64(1.2097332919140626) - timing_s/agent_loop/slowest/generate_sequences:np.float64(122.6958478409797) - timing_s/agent_loop/slowest/tool_calls:np.float64(0.16408791299909353) - timing_s/agent_loop/slowest/compute_score:np.float64(1.1577396189968567) - timing_s/agent_loop/slowest/num_preempted:np.int64(-1) - timing_s/agent_loop/slowest/prompt_length:4149 - timing_s/agent_loop/slowest/response_length:6157 - timing_s/gen:151.10776164499111 - timing_s/reward:0.000583385000936687 - timing_s/old_log_prob:141.69010245599202 - timing_s/ref:131.46674397599418 - timing_s/adv:0.17553716400288977 - timing_s/update_actor:325.70233895999263 - timing_s/update_weights:3.975347433006391 - timing_s/dump_rollout_generations:0.3238461659930181 - timing_s/step:754.598905427003 - timing_s/stop_profile:4.724899190478027e-05 - timing_per_token_ms/adv:0.00018814252503790432 - timing_per_token_ms/gen:0.36058311155785167 - timing_per_token_ms/ref:0.14090739878734768 - timing_per_token_ms/update_actor:0.3490910931070734 - perf/total_num_tokens:933001 - perf/time_per_step:754.598905427003 - perf/throughput:1236.419763254288[36m(AgentLoopWorker pid=3694504)[0m ERROR:2026-08-28 11:24:51,215:Failed to decode tool call: string indices must be integers, not 'str'
[36m(TaskRunner pid=3691285)[0m Training Progress:  28%|██▊       | 76/267 [3:24:17<39:52:25, 751.55s/it]
[36m(TaskRunner pid=3691285)[0m Training Progress:  29%|██▉       | 77/267 [3:36:44<39:35:41, 750.22s/it]

[36m(TaskRunner pid=3691285)[0m Dumped generations to /home/yw4636/agentic-tvg/results/grpo-vanilla/rollouts/76.jsonl
[36m(TaskRunner pid=3691285)[0m step:76 - global_seqlen/min:922240 - global_seqlen/max:922240 - global_seqlen/minmax_diff:0 - global_seqlen/balanced_min:922240 - global_seqlen/balanced_max:922240 - global_seqlen/mean:922240.0 - actor/entropy:1.0841894149780273 - perf/mfu/actor_infer:0.3046030045454998 - training/rollout_probs_diff_valid:1 - training/rollout_probs_diff_max:0.47399529814720154 - training/rollout_probs_diff_mean:0.009090885519981384 - training/rollout_probs_diff_std:0.013858814723789692 - training/rollout_actor_probs_pearson_corr:0.9990071058273315 - rollout_corr/training_ppl:2.9778454303741455 - rollout_corr/training_log_ppl:1.065969467163086 - rollout_corr/kl:0.002659348538145423 - rollout_corr/k3_kl:0.0025274748913943768 - rollout_corr/rollout_ppl:2.9699347019195557 - rollout_corr/rollout_log_ppl:1.0633387565612793 - rollout_corr/log_ppl_diff:0.002630794420838356 - rollout_corr/log_ppl_abs_diff:0.003392343409359455 - rollout_corr/log_ppl_diff_max:0.013112187385559082 - rollout_corr/log_ppl_diff_min:-0.008200764656066895 - rollout_corr/ppl_ratio:1.002639889717102 - rollout_corr/chi2_token:0.004894375801086426 - rollout_corr/chi2_seq:6.664881229400635 - actor/pg_clipfrac:np.float64(0.0) - actor/ppo_kl:np.float64(0.0) - actor/pg_clipfrac_lower:np.float64(0.0) - actor/pg_loss:np.float64(0.026857305914745666) - actor/kl_loss:np.float64(0.0013989082635816885) - actor/kl_coef:np.float64(0.0010000000000000002) - actor/loss:np.float64(0.026858702301979065) - actor/grad_norm:np.float64(0.05680371820926666) - actor/lr:np.float64(8.317515820869804e-06) - actor/perf/max_memory_allocated_gb:np.float64(39.18062353134155) - actor/perf/max_memory_reserved_gb:np.float64(42.060546875) - actor/perf/cpu_memory_used_gb:np.float64(97.78696060180664) - perf/mfu/actor:np.float64(0.33975095017817736) - training/global_step:76 - training/epoch:0 - critic/score/mean:0.9466890692710876 - critic/score/max:1.8698225021362305 - critic/score/min:0.0 - critic/rewards/mean:0.9466890692710876 - critic/rewards/max:1.8698225021362305 - critic/rewards/min:0.0 - critic/advantages/mean:-0.026857348158955574 - critic/advantages/max:2.0228073596954346 - critic/advantages/min:-2.4920711517333984 - critic/returns/mean:-0.026857348158955574 - critic/returns/max:2.0228073596954346 - critic/returns/min:-2.4920711517333984 - response_length/mean:3236.25 - response_length/max:3610.0 - response_length/min:261.0 - response_length/clip_ratio:0.0 - response_length_non_aborted/mean:3236.25 - response_length_non_aborted/max:3610.0 - response_length_non_aborted/min:261.0 - response_length_non_aborted/clip_ratio:0.0 - response/aborted_ratio:0.0 - prompt_length/mean:3968.75 - prompt_length/max:4136.0 - prompt_length/min:3931.0 - prompt_length/clip_ratio:0.0 - num_turns/min:np.int32(2) - num_turns/max:np.int32(6) - num_turns/mean:np.float64(4.0) - timing_s/start_profile:6.428599590435624e-05 - timing_s/agent_loop/num_preempted/min:np.int64(-1) - timing_s/agent_loop/num_preempted/max:np.int64(-1) - timing_s/agent_loop/num_preempted/mean:np.float64(-1.0) - timing_s/agent_loop/generate_sequences/min:np.float64(63.14150161499856) - timing_s/agent_loop/generate_sequences/max:np.float64(119.15053277101833) - timing_s/agent_loop/generate_sequences/mean:np.float64(102.99285777024124) - timing_s/agent_loop/tool_calls/min:np.float64(0.0) - timing_s/agent_loop/tool_calls/max:np.float64(0.7940878900117241) - timing_s/agent_loop/tool_calls/mean:np.float64(0.14587951528142185) - timing_s/agent_loop/compute_score/min:np.float64(0.22534613401512615) - timing_s/agent_loop/compute_score/max:np.float64(4.26535761001287) - timing_s/agent_loop/compute_score/mean:np.float64(1.2447350578370333) - timing_s/agent_loop/slowest/generate_sequences:np.float64(118.88953136300552) - timing_s/agent_loop/slowest/tool_calls:np.float64(0.11376559399650432) - timing_s/agent_loop/slowest/compute_score:np.float64(1.9138269099930767) - timing_s/agent_loop/slowest/num_preempted:np.int64(-1) - timing_s/agent_loop/slowest/prompt_length:3956 - timing_s/agent_loop/slowest/response_length:3397 - timing_s/gen:149.45623096299823 - timing_s/reward:0.0005330199783202261 - timing_s/old_log_prob:139.87585561300511 - timing_s/ref:129.59722774100373 - timing_s/adv:0.1629986029874999 - timing_s/update_actor:316.98551936700824 - timing_s/update_weights:3.970581128989579 - timing_s/dump_rollout_generations:0.3147798470163252 - timing_s/step:740.5134158110013 - timing_s/stop_profile:4.560197703540325e-05 - timing_per_token_ms/adv:0.00017674206604300388 - timing_per_token_ms/gen:0.36079623156382346 - timing_per_token_ms/ref:0.14052440551375317 - timing_per_token_ms/update_actor:0.3437126120825471 - perf/total_num_tokens:922240 - perf/time_per_step:740.5134158110013 - perf/throughput:1245.4062010341486
[36m(TaskRunner pid=3691285)[0m Dumped generations to /home/yw4636/agentic-tvg/results/grpo-vanilla/rollouts/77.jsonl
[36m(TaskRunner pid=3691285)[0m step:77 - global_seqlen/min:924909 - global_seqlen/max:924909 - global_seqlen/minmax_diff:0 - global_seqlen/balanced_min:924909 - global_seqlen/balanced_max:924909 - global_seqlen/mean:924909.0 - actor/entropy:1.0280534029006958 - perf/mfu/actor_infer:0.3043454799112056 - training/rollout_probs_diff_valid:1 - training/rollout_probs_diff_max:0.29635757207870483 - training/rollout_probs_diff_mean:0.009477732703089714 - training/rollout_probs_diff_std:0.014730425551533699 - training/rollout_actor_probs_pearson_corr:0.9988896250724792 - rollout_corr/training_ppl:2.847698450088501 - rollout_corr/training_log_ppl:1.0276548862457275 - rollout_corr/kl:0.0034914561547338963 - rollout_corr/k3_kl:0.002861977322027087 - rollout_corr/rollout_ppl:2.8368544578552246 - rollout_corr/rollout_log_ppl:1.0240068435668945 - rollout_corr/log_ppl_diff:0.003648090176284313 - rollout_corr/log_ppl_abs_diff:0.004189575091004372 - rollout_corr/log_ppl_diff_max:0.013655543327331543 - rollout_corr/log_ppl_diff_min:-0.005136966705322266 - rollout_corr/ppl_ratio:1.0036619901657104 - rollout_corr/chi2_token:0.004530787467956543 - rollout_corr/chi2_seq:2.367783784866333 - actor/pg_clipfrac:np.float64(0.0) - actor/ppo_kl:np.float64(0.0) - actor/pg_clipfrac_lower:np.float64(0.0) - actor/pg_loss:np.float64(-0.0009520441344648134) - actor/kl_loss:np.float64(0.001461951358578517) - actor/kl_coef:np.float64(0.0010000000000000002) - actor/loss:np.float64(-0.0009505823254585266) - actor/grad_norm:np.float64(0.05876287817955017) - actor/lr:np.float64(8.276036393104703e-06) - actor/perf/max_memory_allocated_gb:np.float64(39.18062353134155) - actor/perf/max_memory_reserved_gb:np.float64(42.060546875) - actor/perf/cpu_memory_used_gb:np.float64(97.92767333984375) - perf/mfu/actor:np.float64(0.33962308509927885) - training/global_step:77 - training/epoch:0 - critic/score/mean:1.3171241283416748 - critic/score/max:1.9482758045196533 - critic/score/min:0.5 - critic/rewards/mean:1.3171241283416748 - critic/rewards/max:1.9482758045196533 - critic/rewards/min:0.5 - critic/advantages/mean:0.0009520488092675805 - critic/advantages/max:2.2933077812194824 - critic/advantages/min:-3.3353209495544434 - critic/returns/mean:0.0009520488092675805 - critic/returns/max:2.2933077812194824 - critic/returns/min:-3.3353209495544434 - response_length/mean:3287.6015625 - response_length/max:3690.0 - response_length/min:3028.0 - response_length/clip_ratio:0.0 - response_length_non_aborted/mean:3287.6015625 - response_length_non_aborted/max:3690.0 - response_length_non_aborted/min:3028.0 - response_length_non_aborted/clip_ratio:0.0 - response/aborted_ratio:0.0 - prompt_length/mean:3938.25 - prompt_length/max:3950.0 - prompt_length/min:3931.0 - prompt_length/clip_ratio:0.0 - num_turns/min:np.int32(4) - num_turns/max:np.int32(4) - num_turns/mean:np.float64(4.0) - timing_s/start_profile:7.197397644631565e-05 - timing_s/agent_loop/num_preempted/min:np.int64(-1) - timing_s/agent_loop/num_preempted/max:np.int64(-1) - timing_s/agent_loop/num_preempted/mean:np.float64(-1.0) - timing_s/agent_loop/generate_sequences/min:np.float64(68.13539799000137) - timing_s/agent_loop/generate_sequences/max:np.float64(115.14197117299773) - timing_s/agent_loop/generate_sequences/mean:np.float64(99.03076602810756) - timing_s/agent_loop/tool_calls/min:np.float64(0.0722225810168311) - timing_s/agent_loop/tool_calls/max:np.float64(0.5950794430100359) - timing_s/agent_loop/tool_calls/mean:np.float64(0.1519916732343063) - timing_s/agent_loop/compute_score/min:np.float64(0.32558512600371614) - timing_s/agent_loop/compute_score/max:np.float64(10.905455597996479) - timing_s/agent_loop/compute_score/mean:np.float64(1.2201890826418094) - timing_s/agent_loop/slowest/generate_sequences:np.float64(115.05615458200919) - timing_s/agent_loop/slowest/tool_calls:np.float64(0.098421363014495) - timing_s/agent_loop/slowest/compute_score:np.float64(1.841026129986858) - timing_s/agent_loop/slowest/num_preempted:np.int64(-1) - timing_s/agent_loop/slowest/prompt_length:3950 - timing_s/agent_loop/slowest/response_length:3436 - timing_s/gen:145.2427264440048 - timing_s/reward:0.0005462710105348378 - timing_s/old_log_prob:140.124276543007 - timing_s/ref:130.378931543004 - timing_s/adv:0.17385525300051086 - timing_s/update_actor:326.6703160740144 - timing_s/update_weights:3.9653830970055424 - timing_s/dump_rollout_generations:0.32391944801202044 - timing_s/step:747.0425184190099 - timing_s/stop_profile:4.5863998821005225e-05 - timing_per_token_ms/adv:0.00018797011706071716 - timing_per_token_ms/gen:0.3451479076074285 - timing_per_token_ms/ref:0.1409640640787407 - timing_per_token_ms/update_actor:0.3531918448993516 - perf/total_num_tokens:924909 - perf/time_per_step:747.0425184190099 - perf/throughput:1238.0941876741028[36m(TaskRunner pid=3691285)[0m Training Progress:  29%|██▉       | 78/267 [3:49:11<39:19:46, 749.14s/it]
[36m(TaskRunner pid=3691285)[0m Training Progress:  30%|██▉       | 79/267 [4:01:54<39:20:42, 753.42s/it]

[36m(TaskRunner pid=3691285)[0m Dumped generations to /home/yw4636/agentic-tvg/results/grpo-vanilla/rollouts/78.jsonl
[36m(TaskRunner pid=3691285)[0m step:78 - global_seqlen/min:925851 - global_seqlen/max:925851 - global_seqlen/minmax_diff:0 - global_seqlen/balanced_min:925851 - global_seqlen/balanced_max:925851 - global_seqlen/mean:925851.0 - actor/entropy:1.0560572147369385 - perf/mfu/actor_infer:0.30395445260646453 - training/rollout_probs_diff_valid:1 - training/rollout_probs_diff_max:0.36129021644592285 - training/rollout_probs_diff_mean:0.009226704016327858 - training/rollout_probs_diff_std:0.01426189299672842 - training/rollout_actor_probs_pearson_corr:0.9989498257637024 - rollout_corr/training_ppl:2.876697540283203 - rollout_corr/training_log_ppl:1.0380696058273315 - rollout_corr/kl:0.002698373980820179 - rollout_corr/k3_kl:0.0026912810280919075 - rollout_corr/rollout_ppl:2.869091272354126 - rollout_corr/rollout_log_ppl:1.035379409790039 - rollout_corr/log_ppl_diff:0.002690115012228489 - rollout_corr/log_ppl_abs_diff:0.0035503143444657326 - rollout_corr/log_ppl_diff_max:0.014593780040740967 - rollout_corr/log_ppl_diff_min:-0.007604479789733887 - rollout_corr/ppl_ratio:1.0027008056640625 - rollout_corr/chi2_token:0.005607724189758301 - rollout_corr/chi2_seq:1.9299530982971191 - actor/pg_clipfrac:np.float64(0.0) - actor/ppo_kl:np.float64(0.0) - actor/pg_clipfrac_lower:np.float64(0.0) - actor/pg_loss:np.float64(0.04171989721362479) - actor/kl_loss:np.float64(0.0014411908432521159) - actor/kl_coef:np.float64(0.0010000000000000002) - actor/loss:np.float64(0.041721343994140625) - actor/grad_norm:np.float64(0.05799083784222603) - actor/lr:np.float64(8.234172641462046e-06) - actor/perf/max_memory_allocated_gb:np.float64(39.18062353134155) - actor/perf/max_memory_reserved_gb:np.float64(42.060546875) - actor/perf/cpu_memory_used_gb:np.float64(98.24635314941406) - perf/mfu/actor:np.float64(0.34020790285132574) - training/global_step:78 - training/epoch:0 - critic/score/mean:1.1107518672943115 - critic/score/max:1.8886926174163818 - critic/score/min:0.2268722504377365 - critic/rewards/mean:1.1107518672943115 - critic/rewards/max:1.8886926174163818 - critic/rewards/min:0.2268722504377365 - critic/advantages/mean:-0.041719917207956314 - critic/advantages/max:2.313894271850586 - critic/advantages/min:-3.5196330547332764 - critic/returns/mean:-0.041719917207956314 - critic/returns/max:2.313894271850586 - critic/returns/min:-3.5196330547332764 - response_length/mean:3243.9609375 - response_length/max:3491.0 - response_length/min:3018.0 - response_length/clip_ratio:0.0 - response_length_non_aborted/mean:3243.9609375 - response_length_non_aborted/max:3491.0 - response_length_non_aborted/min:3018.0 - response_length_non_aborted/clip_ratio:0.0 - response/aborted_ratio:0.0 - prompt_length/mean:3989.25 - prompt_length/max:4135.0 - prompt_length/min:3930.0 - prompt_length/clip_ratio:0.0 - num_turns/min:np.int32(4) - num_turns/max:np.int32(4) - num_turns/mean:np.float64(4.0) - timing_s/start_profile:6.281098467297852e-05 - timing_s/agent_loop/num_preempted/min:np.int64(-1) - timing_s/agent_loop/num_preempted/max:np.int64(-1) - timing_s/agent_loop/num_preempted/mean:np.float64(-1.0) - timing_s/agent_loop/generate_sequences/min:np.float64(72.2327556630189) - timing_s/agent_loop/generate_sequences/max:np.float64(116.13591743601137) - timing_s/agent_loop/generate_sequences/mean:np.float64(101.97537104577395) - timing_s/agent_loop/tool_calls/min:np.float64(0.0676883429987356) - timing_s/agent_loop/tool_calls/max:np.float64(0.894585821981309) - timing_s/agent_loop/tool_calls/mean:np.float64(0.14255004013125472) - timing_s/agent_loop/compute_score/min:np.float64(0.3282814899866935) - timing_s/agent_loop/compute_score/max:np.float64(11.422350078995805) - timing_s/agent_loop/compute_score/mean:np.float64(1.2658709058673594) - timing_s/agent_loop/slowest/generate_sequences:np.float64(116.13591743601137) - timing_s/agent_loop/slowest/tool_calls:np.float64(0.11904100701212883) - timing_s/agent_loop/slowest/compute_score:np.float64(1.659402809018502) - timing_s/agent_loop/slowest/num_preempted:np.int64(-1) - timing_s/agent_loop/slowest/prompt_length:3947 - timing_s/agent_loop/slowest/response_length:3400 - timing_s/gen:145.59231949600508 - timing_s/reward:0.0005250920075923204 - timing_s/old_log_prob:140.37459918600507 - timing_s/ref:131.52687584600062 - timing_s/adv:0.17188766700564884 - timing_s/update_actor:323.6535846070037 - timing_s/update_weights:3.969655819993932 - timing_s/dump_rollout_generations:0.32360872501158156 - timing_s/step:745.7777538209921 - timing_s/stop_profile:4.504100070334971e-05 - timing_per_token_ms/adv:0.00018565370346378503 - timing_per_token_ms/gen:0.35063307418834777 - timing_per_token_ms/ref:0.1420605214510765 - timing_per_token_ms/update_actor:0.34957415891650356 - perf/total_num_tokens:925851 - perf/time_per_step:745.7777538209921 - perf/throughput:1241.4569826686338
[36m(TaskRunner pid=3691285)[0m Dumped generations to /home/yw4636/agentic-tvg/results/grpo-vanilla/rollouts/79.jsonl
[36m(TaskRunner pid=3691285)[0m step:79 - global_seqlen/min:935867 - global_seqlen/max:935867 - global_seqlen/minmax_diff:0 - global_seqlen/balanced_min:935867 - global_seqlen/balanced_max:935867 - global_seqlen/mean:935867.0 - actor/entropy:1.1416079998016357 - perf/mfu/actor_infer:0.3032013627482752 - training/rollout_probs_diff_valid:1 - training/rollout_probs_diff_max:0.20314204692840576 - training/rollout_probs_diff_mean:0.008964239619672298 - training/rollout_probs_diff_std:0.01334175281226635 - training/rollout_actor_probs_pearson_corr:0.9990743398666382 - rollout_corr/training_ppl:3.6347291469573975 - rollout_corr/training_log_ppl:1.0835509300231934 - rollout_corr/kl:0.0023855494800955057 - rollout_corr/k3_kl:0.0024127790238708258 - rollout_corr/rollout_ppl:3.626523971557617 - rollout_corr/rollout_log_ppl:1.0810883045196533 - rollout_corr/log_ppl_diff:0.0024624632205814123 - rollout_corr/log_ppl_abs_diff:0.0033365727867931128 - rollout_corr/log_ppl_diff_max:0.013511180877685547 - rollout_corr/log_ppl_diff_min:-0.004940032958984375 - rollout_corr/ppl_ratio:1.0024715662002563 - rollout_corr/chi2_token:0.005011320114135742 - rollout_corr/chi2_seq:5.742072105407715 - actor/pg_clipfrac:np.float64(0.0) - actor/ppo_kl:np.float64(0.0) - actor/pg_clipfrac_lower:np.float64(0.0) - actor/pg_loss:np.float64(0.033664936549030244) - actor/kl_loss:np.float64(0.0015139201441343175) - actor/kl_coef:np.float64(0.0010000000000000002) - actor/loss:np.float64(0.0336664542555809) - actor/grad_norm:np.float64(0.05613309144973755) - actor/lr:np.float64(8.191930361701357e-06) - actor/perf/max_memory_allocated_gb:np.float64(39.21875619888306) - actor/perf/max_memory_reserved_gb:np.float64(42.060546875) - actor/perf/cpu_memory_used_gb:np.float64(114.8022689819336) - perf/mfu/actor:np.float64(0.33772992845636524) - training/global_step:79 - training/epoch:0 - critic/score/mean:1.3252700567245483 - critic/score/max:1.9229999780654907 - critic/score/min:0.5 - critic/rewards/mean:1.3252700567245483 - critic/rewards/max:1.9229999780654907 - critic/rewards/min:0.5 - critic/advantages/mean:-0.033664919435977936 - critic/advantages/max:2.462916374206543 - critic/advantages/min:-3.5584516525268555 - critic/returns/mean:-0.033664919435977936 - critic/returns/max:2.462916374206543 - critic/returns/min:-3.5584516525268555 - response_length/mean:3289.3359375 - response_length/max:3844.0 - response_length/min:2941.0 - response_length/clip_ratio:0.0 - response_length_non_aborted/mean:3289.3359375 - response_length_non_aborted/max:3844.0 - response_length_non_aborted/min:2941.0 - response_length_non_aborted/clip_ratio:0.0 - response/aborted_ratio:0.0 - prompt_length/mean:4022.125 - prompt_length/max:4149.0 - prompt_length/min:3936.0 - prompt_length/clip_ratio:0.0 - num_turns/min:np.int32(4) - num_turns/max:np.int32(4) - num_turns/mean:np.float64(4.0) - timing_s/start_profile:5.99570048507303e-05 - timing_s/agent_loop/num_preempted/min:np.int64(-1) - timing_s/agent_loop/num_preempted/max:np.int64(-1) - timing_s/agent_loop/num_preempted/mean:np.float64(-1.0) - timing_s/agent_loop/generate_sequences/min:np.float64(68.94716732899542) - timing_s/agent_loop/generate_sequences/max:np.float64(125.35797330801142) - timing_s/agent_loop/generate_sequences/mean:np.float64(105.37223960528809) - timing_s/agent_loop/tool_calls/min:np.float64(0.057253197010140866) - timing_s/agent_loop/tool_calls/max:np.float64(0.7412274550006259) - timing_s/agent_loop/tool_calls/mean:np.float64(0.1341844291346206) - timing_s/agent_loop/compute_score/min:np.float64(0.32248355200863443) - timing_s/agent_loop/compute_score/max:np.float64(7.100413865002338) - timing_s/agent_loop/compute_score/mean:np.float64(1.5224207126323108) - timing_s/agent_loop/slowest/generate_sequences:np.float64(125.35797330801142) - timing_s/agent_loop/slowest/tool_calls:np.float64(0.10369391701533459) - timing_s/agent_loop/slowest/compute_score:np.float64(0.9916125510062557) - timing_s/agent_loop/slowest/num_preempted:np.int64(-1) - timing_s/agent_loop/slowest/prompt_length:4142 - timing_s/agent_loop/slowest/response_length:3844 - timing_s/gen:153.53872693498852 - timing_s/reward:0.0005281360063236207 - timing_s/old_log_prob:145.27307704501436 - timing_s/ref:135.2512344160059 - timing_s/adv:0.16659289901144803 - timing_s/update_actor:324.5461875189794 - timing_s/update_weights:4.067947872012155 - timing_s/dump_rollout_generations:0.3151079730014317 - timing_s/step:763.3320796180051 - timing_s/stop_profile:4.701802390627563e-05 - timing_per_token_ms/adv:0.0001780091605019175 - timing_per_token_ms/gen:0.36466974701625404 - timing_per_token_ms/ref:0.14451971745558492 - timing_per_token_ms/update_actor:0.3467866561370146 - perf/total_num_tokens:935867 - perf/time_per_step:763.3320796180051 - perf/throughput:1226.028651210803[36m(WorkerDict pid=3691645)[0m /home/yw4636/.conda/envs/verl/lib/python3.12/site-packages/verl/plugin/platform/platform_cuda.py:99: FutureWarning: torch.cuda._set_allocator_settings is deprecated. Use torch._C._accelerator_setAllocatorSettings instead.
[36m(WorkerDict pid=3691645)[0m   torch.cuda.memory._set_allocator_settings(settings)

[36m(TaskRunner pid=3691285)[0m local_global_step_folder: /home/yw4636/agentic-tvg/results/grpo-vanilla/ckpt/global_step_80
[36m(TaskRunner pid=3691285)[0m Dumped generations to /home/yw4636/agentic-tvg/results/grpo-vanilla/rollouts/80.jsonl
[36m(TaskRunner pid=3691285)[0m test_gen_batch meta info: {'eos_token_id': 151645, 'pad_token_id': 151643, 'recompute_log_prob': False, 'do_sample': False, 'validate': True, 'global_steps': 80}
[36m(TaskRunner pid=3691285)[0m validation generation end
[36m(TaskRunner pid=3691285)[0m test_gen_batch meta info: {'eos_token_id': 151645, 'pad_token_id': 151643, 'recompute_log_prob': False, 'do_sample': False, 'validate': True, 'global_steps': 80}
[36m(TaskRunner pid=3691285)[0m validation generation end
[36m(TaskRunner pid=3691285)[0m test_gen_batch meta info: {'eos_token_id': 151645, 'pad_token_id': 151643, 'recompute_log_prob': False, 'do_sample': False, 'validate': True, 'global_steps': 80}
[36m(TaskRunner pid=3691285)[0m validation generation end
[36m(TaskRunner pid=3691285)[0m test_gen_batch meta info: {'eos_token_id': 151645, 'pad_token_id': 151643, 'recompute_log_prob': False, 'do_sample': False, 'validate': True, 'global_steps': 80}
[36m(TaskRunner pid=3691285)[0m validation generation end
[36m(TaskRunner pid=3691285)[0m test_gen_batch meta info: {'eos_token_id': 151645, 'pad_token_id': 151643, 'recompute_log_prob': False, 'do_sample': False, 'validate': True, 'global_steps': 80}
[36m(TaskRunner pid=3691285)[0m validation generation end
[36m(TaskRunner pid=3691285)[0m test_gen_batch meta info: {'eos_token_id': 151645, 'pad_token_id': 151643, 'recompute_log_prob': False, 'do_sample': False, 'validate': True, 'global_steps': 80}
[36m(TaskRunner pid=3691285)[0m validation generation end
[36m(TaskRunner pid=3691285)[0m test_gen_batch meta info: {'eos_token_id': 151645, 'pad_token_id': 151643, 'recompute_log_prob': False, 'do_sample': False, 'validate': True, 'global_steps': 80}
[36m(TaskRunner pid=3691285)[0m validation generation end
[36m(TaskRunner pid=3691285)[0m test_gen_batch meta info: {'eos_token_id': 151645, 'pad_token_id': 151643, 'recompute_log_prob': False, 'do_sample': False, 'validate': True, 'global_steps': 80}
[36m(TaskRunner pid=3691285)[0m validation generation end
[36m(TaskRunner pid=3691285)[0m test_gen_batch meta info: {'eos_token_id': 151645, 'pad_token_id': 151643, 'recompute_log_prob': False, 'do_sample': False, 'validate': True, 'global_steps': 80}
[36m(TaskRunner pid=3691285)[0m validation generation end
[36m(TaskRunner pid=3691285)[0m test_gen_batch meta info: {'eos_token_id': 151645, 'pad_token_id': 151643, 'recompute_log_prob': False, 'do_sample': False, 'validate': True, 'global_steps': 80}
[36m(TaskRunner pid=3691285)[0m validation generation end
[36m(TaskRunner pid=3691285)[0m test_gen_batch meta info: {'eos_token_id': 151645, 'pad_token_id': 151643, 'recompute_log_prob': False, 'do_sample': False, 'validate': True, 'global_steps': 80}
[36m(TaskRunner pid=3691285)[0m validation generation end
[36m(TaskRunner pid=3691285)[0m test_gen_batch meta info: {'eos_token_id': 151645, 'pad_token_id': 151643, 'recompute_log_prob': False, 'do_sample': False, 'validate': True, 'global_steps': 80}
[36m(TaskRunner pid=3691285)[0m validation generation end
[36m(TaskRunner pid=3691285)[0m test_gen_batch meta info: {'eos_token_id': 151645, 'pad_token_id': 151643, 'recompute_log_prob': False, 'do_sample': False, 'validate': True, 'global_steps': 80}
[36m(TaskRunner pid=3691285)[0m validation generation end
[36m(TaskRunner pid=3691285)[0m test_gen_batch meta info: {'eos_token_id': 151645, 'pad_token_id': 151643, 'recompute_log_prob': False, 'do_sample': False, 'validate': True, 'global_steps': 80}
[36m(TaskRunner pid=3691285)[0m validation generation end
[36m(TaskRunner pid=3691285)[0m test_gen_batch meta info: {'eos_token_id': 151645, 'pad_token_id': 151643, 'recompute_log_prob': False, 'do_sample': False, 'validate': True, 'global_steps': 80}
[36m(TaskRunner pid=3691285)[0m validation generation end
[36m(TaskRunner pid=3691285)[0m test_gen_batch meta info: {'eos_token_id': 151645, 'pad_token_id': 151643, 'recompute_log_prob': False, 'do_sample': False, 'validate': True, 'global_steps': 80}
[36m(TaskRunner pid=3691285)[0m validation generation end
[36m(TaskRunner pid=3691285)[0m test_gen_batch meta info: {'eos_token_id': 151645, 'pad_token_id': 151643, 'recompute_log_prob': False, 'do_sample': False, 'validate': True, 'global_steps': 80}
[36m(TaskRunner pid=3691285)[0m validation generation end
[36m(TaskRunner pid=3691285)[0m test_gen_batch meta info: {'eos_token_id': 151645, 'pad_token_id': 151643, 'recompute_log_prob': False, 'do_sample': False, 'validate': True, 'global_steps': 80}
[36m(TaskRunner pid=3691285)[0m validation generation end
[36m(TaskRunner pid=3691285)[0m test_gen_batch meta info: {'eos_token_id': 151645, 'pad_token_id': 151643, 'recompute_log_prob': False, 'do_sample': False, 'validate': True, 'global_steps': 80}
[36m(TaskRunner pid=3691285)[0m validation generation end
[36m(TaskRunner pid=3691285)[0m test_gen_batch meta info: {'eos_token_id': 151645, 'pad_token_id': 151643, 'recompute_log_prob': False, 'do_sample': False, 'validate': True, 'global_steps': 80}
[36m(TaskRunner pid=3691285)[0m validation generation end
[36m(TaskRunner pid=3691285)[0m test_gen_batch meta info: {'eos_token_id': 151645, 'pad_token_id': 151643, 'recompute_log_prob': False, 'do_sample': False, 'validate': True, 'global_steps': 80}
[36m(TaskRunner pid=3691285)[0m validation generation end
[36m(TaskRunner pid=3691285)[0m test_gen_batch meta info: {'eos_token_id': 151645, 'pad_token_id': 151643, 'recompute_log_prob': False, 'do_sample': False, 'validate': True, 'global_steps': 80}
[36m(TaskRunner pid=3691285)[0m validation generation end
[36m(TaskRunner pid=3691285)[0m test_gen_batch meta info: {'eos_token_id': 151645, 'pad_token_id': 151643, 'recompute_log_prob': False, 'do_sample': False, 'validate': True, 'global_steps': 80}
[36m(TaskRunner pid=3691285)[0m validation generation end
[36m(TaskRunner pid=3691285)[0m test_gen_batch meta info: {'eos_token_id': 151645, 'pad_token_id': 151643, 'recompute_log_prob': False, 'do_sample': False, 'validate': True, 'global_steps': 80}
[36m(TaskRunner pid=3691285)[0m validation generation end
[36m(TaskRunner pid=3691285)[0m test_gen_batch meta info: {'eos_token_id': 151645, 'pad_token_id': 151643, 'recompute_log_prob': False, 'do_sample': False, 'validate': True, 'global_steps': 80}
[36m(TaskRunner pid=3691285)[0m validation generation end
[36m(TaskRunner pid=3691285)[0m test_gen_batch meta info: {'eos_token_id': 151645, 'pad_token_id': 151643, 'recompute_log_prob': False, 'do_sample': False, 'validate': True, 'global_steps': 80}
[36m(TaskRunner pid=3691285)[0m validation generation end
[36m(TaskRunner pid=3691285)[0m test_gen_batch meta info: {'eos_token_id': 151645, 'pad_token_id': 151643, 'recompute_log_prob': False, 'do_sample': False, 'validate': True, 'global_steps': 80}
[36m(TaskRunner pid=3691285)[0m validation generation end
[36m(TaskRunner pid=3691285)[0m test_gen_batch meta info: {'eos_token_id': 151645, 'pad_token_id': 151643, 'recompute_log_prob': False, 'do_sample': False, 'validate': True, 'global_steps': 80}
[36m(TaskRunner pid=3691285)[0m validation generation end
[36m(TaskRunner pid=3691285)[0m test_gen_batch meta info: {'eos_token_id': 151645, 'pad_token_id': 151643, 'recompute_log_prob': False, 'do_sample': False, 'validate': True, 'global_steps': 80}
[36m(TaskRunner pid=3691285)[0m validation generation end
[36m(TaskRunner pid=3691285)[0m test_gen_batch meta info: {'eos_token_id': 151645, 'pad_token_id': 151643, 'recompute_log_prob': False, 'do_sample': False, 'validate': True, 'global_steps': 80}
[36m(TaskRunner pid=3691285)[0m validation generation end
[36m(TaskRunner pid=3691285)[0m test_gen_batch meta info: {'eos_token_id': 151645, 'pad_token_id': 151643, 'recompute_log_prob': False, 'do_sample': False, 'validate': True, 'global_steps': 80}
[36m(TaskRunner pid=3691285)[0m validation generation end
[36m(TaskRunner pid=3691285)[0m test_gen_batch meta info: {'eos_token_id': 151645, 'pad_token_id': 151643, 'recompute_log_prob': False, 'do_sample': False, 'validate': True, 'global_steps': 80}[36m(TaskRunner pid=3691285)[0m Training Progress:  30%|██▉       | 80/267 [4:39:14<62:18:36, 1199.55s/it]

[36m(TaskRunner pid=3691285)[0m validation generation end
[36m(TaskRunner pid=3691285)[0m test_gen_batch meta info: {'eos_token_id': 151645, 'pad_token_id': 151643, 'recompute_log_prob': False, 'do_sample': False, 'validate': True, 'global_steps': 80}
[36m(TaskRunner pid=3691285)[0m validation generation end
[36m(TaskRunner pid=3691285)[0m test_gen_batch meta info: {'eos_token_id': 151645, 'pad_token_id': 151643, 'recompute_log_prob': False, 'do_sample': False, 'validate': True, 'global_steps': 80}
[36m(TaskRunner pid=3691285)[0m validation generation end
[36m(TaskRunner pid=3691285)[0m test_gen_batch meta info: {'eos_token_id': 151645, 'pad_token_id': 151643, 'recompute_log_prob': False, 'do_sample': False, 'validate': True, 'global_steps': 80}
[36m(TaskRunner pid=3691285)[0m validation generation end
[36m(TaskRunner pid=3691285)[0m test_gen_batch meta info: {'eos_token_id': 151645, 'pad_token_id': 151643, 'recompute_log_prob': False, 'do_sample': False, 'validate': True, 'global_steps': 80}
[36m(TaskRunner pid=3691285)[0m validation generation end
[36m(TaskRunner pid=3691285)[0m test_gen_batch meta info: {'eos_token_id': 151645, 'pad_token_id': 151643, 'recompute_log_prob': False, 'do_sample': False, 'validate': True, 'global_steps': 80}
[36m(TaskRunner pid=3691285)[0m validation generation end
[36m(TaskRunner pid=3691285)[0m test_gen_batch meta info: {'eos_token_id': 151645, 'pad_token_id': 151643, 'recompute_log_prob': False, 'do_sample': False, 'validate': True, 'global_steps': 80}
[36m(TaskRunner pid=3691285)[0m validation generation end
[36m(TaskRunner pid=3691285)[0m test_gen_batch meta info: {'eos_token_id': 151645, 'pad_token_id': 151643, 'recompute_log_prob': False, 'do_sample': False, 'validate': True, 'global_steps': 80}
[36m(TaskRunner pid=3691285)[0m validation generation end
[36m(TaskRunner pid=3691285)[0m test_gen_batch meta info: {'eos_token_id': 151645, 'pad_token_id': 151643, 'recompute_log_prob': False, 'do_sample': False, 'validate': True, 'global_steps': 80}
[36m(TaskRunner pid=3691285)[0m validation generation end
[36m(TaskRunner pid=3691285)[0m test_gen_batch meta info: {'eos_token_id': 151645, 'pad_token_id': 151643, 'recompute_log_prob': False, 'do_sample': False, 'validate': True, 'global_steps': 80}
[36m(TaskRunner pid=3691285)[0m validation generation end
[36m(TaskRunner pid=3691285)[0m test_gen_batch meta info: {'eos_token_id': 151645, 'pad_token_id': 151643, 'recompute_log_prob': False, 'do_sample': False, 'validate': True, 'global_steps': 80}
[36m(TaskRunner pid=3691285)[0m validation generation end
[36m(TaskRunner pid=3691285)[0m test_gen_batch meta info: {'eos_token_id': 151645, 'pad_token_id': 151643, 'recompute_log_prob': False, 'do_sample': False, 'validate': True, 'global_steps': 80}
[36m(TaskRunner pid=3691285)[0m validation generation end
[36m(TaskRunner pid=3691285)[0m test_gen_batch meta info: {'eos_token_id': 151645, 'pad_token_id': 151643, 'recompute_log_prob': False, 'do_sample': False, 'validate': True, 'global_steps': 80}
[36m(TaskRunner pid=3691285)[0m validation generation end
[36m(TaskRunner pid=3691285)[0m test_gen_batch meta info: {'eos_token_id': 151645, 'pad_token_id': 151643, 'recompute_log_prob': False, 'do_sample': False, 'validate': True, 'global_steps': 80}
[36m(TaskRunner pid=3691285)[0m validation generation end
[36m(TaskRunner pid=3691285)[0m test_gen_batch meta info: {'eos_token_id': 151645, 'pad_token_id': 151643, 'recompute_log_prob': False, 'do_sample': False, 'validate': True, 'global_steps': 80}
[36m(TaskRunner pid=3691285)[0m validation generation end
[36m(TaskRunner pid=3691285)[0m test_gen_batch meta info: {'eos_token_id': 151645, 'pad_token_id': 151643, 'recompute_log_prob': False, 'do_sample': False, 'validate': True, 'global_steps': 80}
[36m(TaskRunner pid=3691285)[0m validation generation end
[36m(TaskRunner pid=3691285)[0m test_gen_batch meta info: {'eos_token_id': 151645, 'pad_token_id': 151643, 'recompute_log_prob': False, 'do_sample': False, 'validate': True, 'global_steps': 80}
[36m(TaskRunner pid=3691285)[0m validation generation end
[36m(TaskRunner pid=3691285)[0m test_gen_batch meta info: {'eos_token_id': 151645, 'pad_token_id': 151643, 'recompute_log_prob': False, 'do_sample': False, 'validate': True, 'global_steps': 80}
[36m(TaskRunner pid=3691285)[0m validation generation end
[36m(TaskRunner pid=3691285)[0m test_gen_batch meta info: {'eos_token_id': 151645, 'pad_token_id': 151643, 'recompute_log_prob': False, 'do_sample': False, 'validate': True, 'global_steps': 80}
[36m(TaskRunner pid=3691285)[0m validation generation end
[36m(TaskRunner pid=3691285)[0m test_gen_batch meta info: {'eos_token_id': 151645, 'pad_token_id': 151643, 'recompute_log_prob': False, 'do_sample': False, 'validate': True, 'global_steps': 80}
[36m(TaskRunner pid=3691285)[0m validation generation end
[36m(TaskRunner pid=3691285)[0m test_gen_batch meta info: {'eos_token_id': 151645, 'pad_token_id': 151643, 'recompute_log_prob': False, 'do_sample': False, 'validate': True, 'global_steps': 80}
[36m(TaskRunner pid=3691285)[0m validation generation end
[36m(TaskRunner pid=3691285)[0m test_gen_batch meta info: {'eos_token_id': 151645, 'pad_token_id': 151643, 'recompute_log_prob': False, 'do_sample': False, 'validate': True, 'global_steps': 80}
[36m(TaskRunner pid=3691285)[0m validation generation end
[36m(TaskRunner pid=3691285)[0m test_gen_batch meta info: {'eos_token_id': 151645, 'pad_token_id': 151643, 'recompute_log_prob': False, 'do_sample': False, 'validate': True, 'global_steps': 80}
[36m(TaskRunner pid=3691285)[0m validation generation end
[36m(TaskRunner pid=3691285)[0m test_gen_batch meta info: {'eos_token_id': 151645, 'pad_token_id': 151643, 'recompute_log_prob': False, 'do_sample': False, 'validate': True, 'global_steps': 80}
[36m(TaskRunner pid=3691285)[0m validation generation end
[36m(TaskRunner pid=3691285)[0m test_gen_batch meta info: {'eos_token_id': 151645, 'pad_token_id': 151643, 'recompute_log_prob': False, 'do_sample': False, 'validate': True, 'global_steps': 80}
[36m(TaskRunner pid=3691285)[0m validation generation end
[36m(TaskRunner pid=3691285)[0m test_gen_batch meta info: {'eos_token_id': 151645, 'pad_token_id': 151643, 'recompute_log_prob': False, 'do_sample': False, 'validate': True, 'global_steps': 80}
[36m(TaskRunner pid=3691285)[0m validation generation end
[36m(TaskRunner pid=3691285)[0m Dumped generations to /home/yw4636/agentic-tvg/results/grpo-vanilla/val_rollouts/80.jsonl
[36m(TaskRunner pid=3691285)[0m step:80 - global_seqlen/min:929682 - global_seqlen/max:929682 - global_seqlen/minmax_diff:0 - global_seqlen/balanced_min:929682 - global_seqlen/balanced_max:929682 - global_seqlen/mean:929682.0 - actor/entropy:1.061525821685791 - perf/mfu/actor_infer:0.30465308550808595 - training/rollout_probs_diff_valid:1 - training/rollout_probs_diff_max:0.27553120255470276 - training/rollout_probs_diff_mean:0.00914655439555645 - training/rollout_probs_diff_std:0.013927752152085304 - training/rollout_actor_probs_pearson_corr:0.9989935755729675 - rollout_corr/training_ppl:2.9065685272216797 - rollout_corr/training_log_ppl:1.0425145626068115 - rollout_corr/kl:0.0022397225257009268 - rollout_corr/k3_kl:0.0025970961432904005 - rollout_corr/rollout_ppl:2.8999719619750977 - rollout_corr/rollout_log_ppl:1.0402979850769043 - rollout_corr/log_ppl_diff:0.0022166369017213583 - rollout_corr/log_ppl_abs_diff:0.0032627924811095 - rollout_corr/log_ppl_diff_max:0.012420892715454102 - rollout_corr/log_ppl_diff_min:-0.007950544357299805 - rollout_corr/ppl_ratio:1.0022252798080444 - rollout_corr/chi2_token:0.0060198307037353516 - rollout_corr/chi2_seq:9.66700553894043 - actor/pg_clipfrac:np.float64(0.0) - actor/ppo_kl:np.float64(0.0) - actor/pg_clipfrac_lower:np.float64(0.0) - actor/pg_loss:np.float64(0.014803844562266022) - actor/kl_loss:np.float64(0.0015422239193867426) - actor/kl_coef:np.float64(0.0010000000000000002) - actor/loss:np.float64(0.014805391430854797) - actor/grad_norm:np.float64(0.059739530086517334) - actor/lr:np.float64(8.149315401986872e-06) - actor/perf/max_memory_allocated_gb:np.float64(39.21875619888306) - actor/perf/max_memory_reserved_gb:np.float64(42.060546875) - actor/perf/cpu_memory_used_gb:np.float64(98.25014114379883) - perf/mfu/actor:np.float64(0.3397514888012967) - val-aux/longvt_longvt-val/reward/mean@1:np.float64(1.0599052623698586) - val-aux/longvt_longvt-val/score/mean@1:np.float64(1.0599052595522067) - val-core/longvt_longvt-val/acc/mean@1:np.float64(0.4692982456140351) - val-aux/longvt_longvt-val/format_score/mean@1:np.float64(0.4956140350877193) - val-aux/longvt_longvt-val/evidence_iou/mean@1:np.float64(0.18998595770090465) - val-aux/longvt_longvt-val/answered/mean@1:np.float64(0.9912280701754386) - val-aux/longvt_longvt-val/num_tool_calls/mean@1:np.float64(0.9912280701754386) - val-aux/longvt_longvt-val/judge_used/mean@1:np.float64(0.9912280701754386) - val-aux/num_turns/min:np.int32(2) - val-aux/num_turns/max:np.int32(4) - val-aux/num_turns/mean:np.float64(3.982456140350877) - training/global_step:80 - training/epoch:0 - critic/score/mean:0.9597448706626892 - critic/score/max:1.8333333730697632 - critic/score/min:0.0 - critic/rewards/mean:0.9597448706626892 - critic/rewards/max:1.8333333730697632 - critic/rewards/min:0.0 - critic/advantages/mean:-0.014803855679929256 - critic/advantages/max:2.722339391708374 - critic/advantages/min:-2.7477681636810303 - critic/returns/mean:-0.014803855679929256 - critic/returns/max:2.722339391708374 - critic/returns/min:-2.7477681636810303 - response_length/mean:3315.515625 - response_length/max:3713.0 - response_length/min:3091.0 - response_length/clip_ratio:0.0 - response_length_non_aborted/mean:3315.515625 - response_length_non_aborted/max:3713.0 - response_length_non_aborted/min:3091.0 - response_length_non_aborted/clip_ratio:0.0 - response/aborted_ratio:0.0 - prompt_length/mean:3947.625 - prompt_length/max:3957.0 - prompt_length/min:3935.0 - prompt_length/clip_ratio:0.0 - num_turns/min:np.int32(4) - num_turns/max:np.int32(4) - num_turns/mean:np.float64(4.0) - timing_s/start_profile:6.659299833700061e-05 - timing_s/agent_loop/num_preempted/min:np.int64(-1) - timing_s/agent_loop/num_preempted/max:np.int64(-1) - timing_s/agent_loop/num_preempted/mean:np.float64(-1.0) - timing_s/agent_loop/generate_sequences/min:np.float64(70.60062342497986) - timing_s/agent_loop/generate_sequences/max:np.float64(118.54611004100298) - timing_s/agent_loop/generate_sequences/mean:np.float64(102.21322410115772) - timing_s/agent_loop/tool_calls/min:np.float64(0.06378596101421863) - timing_s/agent_loop/tool_calls/max:np.float64(0.30507084098644555) - timing_s/agent_loop/tool_calls/mean:np.float64(0.13268063931377583) - timing_s/agent_loop/compute_score/min:np.float64(0.31920999599969946) - timing_s/agent_loop/compute_score/max:np.float64(3.9175492280046456) - timing_s/agent_loop/compute_score/mean:np.float64(1.1596213443597208) - timing_s/agent_loop/slowest/generate_sequences:np.float64(118.54611004100298) - timing_s/agent_loop/slowest/tool_calls:np.float64(0.20905964699340984) - timing_s/agent_loop/slowest/compute_score:np.float64(1.0308246380009223) - timing_s/agent_loop/slowest/num_preempted:np.int64(-1) - timing_s/agent_loop/slowest/prompt_length:3957 - timing_s/agent_loop/slowest/response_length:3608 - timing_s/gen:147.69731835299172 - timing_s/reward:0.0004426610248629004 - timing_s/old_log_prob:143.02690138999606 - timing_s/ref:134.07299186999444 - timing_s/adv:0.16542940097860992 - timing_s/update_actor:327.7646251769911 - timing_s/save_checkpoint:24.925168779009255 - timing_s/update_weights:3.9863466010137927 - timing_s/dump_rollout_generations:0.3390389530104585 - timing_s/step:782.1493767850043 - timing_s/testing:1457.1227541249827 - timing_s/stop_profile:0.00013825701898895204 - timing_per_token_ms/adv:0.00017794192097793645 - timing_per_token_ms/gen:0.3480258970677443 - timing_per_token_ms/ref:0.14421381920914295 - timing_per_token_ms/update_actor:0.3525556321161334 - perf/total_num_tokens:929682 - perf/time_per_step:782.1493767850043 - perf/throughput:1188.6246126301642[36m(TaskRunner pid=3691285)[0m Training Progress:  30%|███       | 81/267 [4:52:07<55:21:49, 1071.55s/it]
[36m(TaskRunner pid=3691285)[0m Training Progress:  31%|███       | 82/267 [5:04:42<50:11:33, 976.72s/it] 

[36m(TaskRunner pid=3691285)[0m Dumped generations to /home/yw4636/agentic-tvg/results/grpo-vanilla/rollouts/81.jsonl
[36m(TaskRunner pid=3691285)[0m step:81 - global_seqlen/min:928754 - global_seqlen/max:928754 - global_seqlen/minmax_diff:0 - global_seqlen/balanced_min:928754 - global_seqlen/balanced_max:928754 - global_seqlen/mean:928754.0 - actor/entropy:1.0449000597000122 - perf/mfu/actor_infer:0.302293406757954 - training/rollout_probs_diff_valid:1 - training/rollout_probs_diff_max:0.33344027400016785 - training/rollout_probs_diff_mean:0.00895296037197113 - training/rollout_probs_diff_std:0.013643079437315464 - training/rollout_actor_probs_pearson_corr:0.9990354776382446 - rollout_corr/training_ppl:2.870450735092163 - rollout_corr/training_log_ppl:1.0299415588378906 - rollout_corr/kl:0.0026254968252032995 - rollout_corr/k3_kl:0.002528801094740629 - rollout_corr/rollout_ppl:2.8626925945281982 - rollout_corr/rollout_log_ppl:1.0272983312606812 - rollout_corr/log_ppl_diff:0.002643087413161993 - rollout_corr/log_ppl_abs_diff:0.00326864467933774 - rollout_corr/log_ppl_diff_max:0.013120889663696289 - rollout_corr/log_ppl_diff_min:-0.005531966686248779 - rollout_corr/ppl_ratio:1.002651572227478 - rollout_corr/chi2_token:0.0049637556076049805 - rollout_corr/chi2_seq:0.7667298316955566 - actor/pg_clipfrac:np.float64(0.0) - actor/ppo_kl:np.float64(0.0) - actor/pg_clipfrac_lower:np.float64(0.0) - actor/pg_loss:np.float64(0.02525678661186248) - actor/kl_loss:np.float64(0.0015138475100684445) - actor/kl_coef:np.float64(0.0010000000000000002) - actor/loss:np.float64(0.02525830641388893) - actor/grad_norm:np.float64(0.05803365260362625) - actor/lr:np.float64(8.106333662077902e-06) - actor/perf/max_memory_allocated_gb:np.float64(39.21875619888306) - actor/perf/max_memory_reserved_gb:np.float64(42.099609375) - actor/perf/cpu_memory_used_gb:np.float64(98.88792037963867) - perf/mfu/actor:np.float64(0.33791268190313917) - training/global_step:81 - training/epoch:0 - critic/score/mean:1.1855424642562866 - critic/score/max:1.8802416324615479 - critic/score/min:0.5 - critic/rewards/mean:1.1855424642562866 - critic/rewards/max:1.8802416324615479 - critic/rewards/min:0.5 - critic/advantages/mean:-0.025256766006350517 - critic/advantages/max:1.9891369342803955 - critic/advantages/min:-3.1339128017425537 - critic/returns/mean:-0.025256766006350517 - critic/returns/max:1.9891369342803955 - critic/returns/min:-3.1339128017425537 - response_length/mean:3240.765625 - response_length/max:3582.0 - response_length/min:413.0 - response_length/clip_ratio:0.0 - response_length_non_aborted/mean:3240.765625 - response_length_non_aborted/max:3582.0 - response_length_non_aborted/min:413.0 - response_length_non_aborted/clip_ratio:0.0 - response/aborted_ratio:0.0 - prompt_length/mean:4015.125 - prompt_length/max:4149.0 - prompt_length/min:3928.0 - prompt_length/clip_ratio:0.0 - num_turns/min:np.int32(4) - num_turns/max:np.int32(4) - num_turns/mean:np.float64(4.0) - timing_s/start_profile:6.694399053230882e-05 - timing_s/agent_loop/num_preempted/min:np.int64(-1) - timing_s/agent_loop/num_preempted/max:np.int64(-1) - timing_s/agent_loop/num_preempted/mean:np.float64(-1.0) - timing_s/agent_loop/generate_sequences/min:np.float64(72.53683815797558) - timing_s/agent_loop/generate_sequences/max:np.float64(121.04171589101315) - timing_s/agent_loop/generate_sequences/mean:np.float64(104.95982058666436) - timing_s/agent_loop/tool_calls/min:np.float64(0.00016730499919503927) - timing_s/agent_loop/tool_calls/max:np.float64(0.7149420329951681) - timing_s/agent_loop/tool_calls/mean:np.float64(0.13633095216459878) - timing_s/agent_loop/compute_score/min:np.float64(0.3175750590162352) - timing_s/agent_loop/compute_score/max:np.float64(4.185103745985543) - timing_s/agent_loop/compute_score/mean:np.float64(1.217182093506608) - timing_s/agent_loop/slowest/generate_sequences:np.float64(121.04171589101315) - timing_s/agent_loop/slowest/tool_calls:np.float64(0.10839138401206583) - timing_s/agent_loop/slowest/compute_score:np.float64(0.8884866179723758) - timing_s/agent_loop/slowest/num_preempted:np.int64(-1) - timing_s/agent_loop/slowest/prompt_length:4149 - timing_s/agent_loop/slowest/response_length:3404 - timing_s/gen:149.9818481929833 - timing_s/reward:0.0004520619986578822 - timing_s/old_log_prob:144.32860697200522 - timing_s/ref:139.2215852639929 - timing_s/adv:0.16657014901284128 - timing_s/update_actor:334.0856695789844 - timing_s/update_weights:3.96377798600588 - timing_s/dump_rollout_generations:0.33872825297294185 - timing_s/step:772.2631170490058 - timing_s/stop_profile:7.978398934938014e-05 - timing_per_token_ms/adv:0.00017934797482739378 - timing_per_token_ms/gen:0.36156060776770366 - timing_per_token_ms/ref:0.149901465042404 - timing_per_token_ms/update_actor:0.35971384196351713 - perf/total_num_tokens:928754 - perf/time_per_step:772.2631170490058 - perf/throughput:1202.639333015128
[36m(TaskRunner pid=3691285)[0m Dumped generations to /home/yw4636/agentic-tvg/results/grpo-vanilla/rollouts/82.jsonl
[36m(TaskRunner pid=3691285)[0m step:82 - global_seqlen/min:924734 - global_seqlen/max:924734 - global_seqlen/minmax_diff:0 - global_seqlen/balanced_min:924734 - global_seqlen/balanced_max:924734 - global_seqlen/mean:924734.0 - actor/entropy:1.032469391822815 - perf/mfu/actor_infer:0.3031295144049426 - training/rollout_probs_diff_valid:1 - training/rollout_probs_diff_max:0.22952356934547424 - training/rollout_probs_diff_mean:0.009064262732863426 - training/rollout_probs_diff_std:0.013594607822597027 - training/rollout_actor_probs_pearson_corr:0.9990194439888 - rollout_corr/training_ppl:2.790353775024414 - rollout_corr/training_log_ppl:1.0011705160140991 - rollout_corr/kl:0.0021102691534906626 - rollout_corr/k3_kl:0.0023273553233593702 - rollout_corr/rollout_ppl:2.784834861755371 - rollout_corr/rollout_log_ppl:0.9990763664245605 - rollout_corr/log_ppl_diff:0.002094160532578826 - rollout_corr/log_ppl_abs_diff:0.003295896342024207 - rollout_corr/log_ppl_diff_max:0.0112018883228302 - rollout_corr/log_ppl_diff_min:-0.006891369819641113 - rollout_corr/ppl_ratio:1.0021023750305176 - rollout_corr/chi2_token:0.005164027214050293 - rollout_corr/chi2_seq:7.239673614501953 - actor/pg_clipfrac:np.float64(0.0) - actor/ppo_kl:np.float64(0.0) - actor/pg_clipfrac_lower:np.float64(0.0) - actor/pg_loss:np.float64(0.00423869003134314) - actor/kl_loss:np.float64(0.0014985862253524829) - actor/kl_coef:np.float64(0.0010000000000000002) - actor/loss:np.float64(0.0042401887476444244) - actor/grad_norm:np.float64(0.05882725864648819) - actor/lr:np.float64(8.062991092512052e-06) - actor/perf/max_memory_allocated_gb:np.float64(39.21875619888306) - actor/perf/max_memory_reserved_gb:np.float64(42.099609375) - actor/perf/cpu_memory_used_gb:np.float64(115.41853713989258) - perf/mfu/actor:np.float64(0.3373131020785651) - training/global_step:82 - training/epoch:0 - critic/score/mean:1.0903431177139282 - critic/score/max:1.9744524955749512 - critic/score/min:0.5 - critic/rewards/mean:1.0903431177139282 - critic/rewards/max:1.9744524955749512 - critic/rewards/min:0.5 - critic/advantages/mean:-0.004238678142428398 - critic/advantages/max:2.895857095718384 - critic/advantages/min:-2.471311330795288 - critic/returns/mean:-0.004238678142428398 - critic/returns/max:2.895857095718384 - critic/returns/min:-2.471311330795288 - response_length/mean:3201.234375 - response_length/max:3531.0 - response_length/min:2957.0 - response_length/clip_ratio:0.0 - response_length_non_aborted/mean:3201.234375 - response_length_non_aborted/max:3531.0 - response_length_non_aborted/min:2957.0 - response_length_non_aborted/clip_ratio:0.0 - response/aborted_ratio:0.0 - prompt_length/mean:4023.25 - prompt_length/max:4154.0 - prompt_length/min:3946.0 - prompt_length/clip_ratio:0.0 - num_turns/min:np.int32(4) - num_turns/max:np.int32(4) - num_turns/mean:np.float64(4.0) - timing_s/start_profile:5.9668003814294934e-05 - timing_s/agent_loop/num_preempted/min:np.int64(-1) - timing_s/agent_loop/num_preempted/max:np.int64(-1) - timing_s/agent_loop/num_preempted/mean:np.float64(-1.0) - timing_s/agent_loop/generate_sequences/min:np.float64(66.80018759600352) - timing_s/agent_loop/generate_sequences/max:np.float64(111.89181224899949) - timing_s/agent_loop/generate_sequences/mean:np.float64(96.60406392390587) - timing_s/agent_loop/tool_calls/min:np.float64(0.07150039900443517) - timing_s/agent_loop/tool_calls/max:np.float64(0.7612111740163527) - timing_s/agent_loop/tool_calls/mean:np.float64(0.16497538540738788) - timing_s/agent_loop/compute_score/min:np.float64(0.37050993301090784) - timing_s/agent_loop/compute_score/max:np.float64(3.1639798260002863) - timing_s/agent_loop/compute_score/mean:np.float64(1.1589994773801209) - timing_s/agent_loop/slowest/generate_sequences:np.float64(111.25112720401376) - timing_s/agent_loop/slowest/tool_calls:np.float64(0.0999816550174728) - timing_s/agent_loop/slowest/compute_score:np.float64(1.7120123579807114) - timing_s/agent_loop/slowest/num_preempted:np.int64(-1) - timing_s/agent_loop/slowest/prompt_length:3956 - timing_s/agent_loop/slowest/response_length:3387 - timing_s/gen:141.43036644801032 - timing_s/reward:0.0006937670113984495 - timing_s/old_log_prob:144.98097561101895 - timing_s/ref:137.6359782970103 - timing_s/adv:0.1663407720043324 - timing_s/update_actor:326.79309327798546 - timing_s/update_weights:3.976093071018113 - timing_s/dump_rollout_generations:0.3219347470148932 - timing_s/step:755.4747208000044 - timing_s/stop_profile:4.917100886814296e-05 - timing_per_token_ms/adv:0.00017987958916221574 - timing_per_token_ms/gen:0.3451558394174374 - timing_per_token_ms/ref:0.14883845332496728 - timing_per_token_ms/update_actor:0.35339145449176246 - perf/total_num_tokens:924734 - perf/time_per_step:755.4747208000044 - perf/throughput:1224.0436040278883[36m(TaskRunner pid=3691285)[0m Training Progress:  31%|███       | 83/267 [5:17:10<46:24:19, 907.93s/it]
[36m(TaskRunner pid=3691285)[0m Training Progress:  31%|███▏      | 84/267 [5:29:59<44:02:09, 866.28s/it]

[36m(TaskRunner pid=3691285)[0m Dumped generations to /home/yw4636/agentic-tvg/results/grpo-vanilla/rollouts/83.jsonl
[36m(TaskRunner pid=3691285)[0m step:83 - global_seqlen/min:907312 - global_seqlen/max:907312 - global_seqlen/minmax_diff:0 - global_seqlen/balanced_min:907312 - global_seqlen/balanced_max:907312 - global_seqlen/mean:907312.0 - actor/entropy:1.145004391670227 - perf/mfu/actor_infer:0.30170704515652375 - training/rollout_probs_diff_valid:1 - training/rollout_probs_diff_max:0.30513474345207214 - training/rollout_probs_diff_mean:0.009307685308158398 - training/rollout_probs_diff_std:0.014459644444286823 - training/rollout_actor_probs_pearson_corr:0.9989449381828308 - rollout_corr/training_ppl:5.752789497375488 - rollout_corr/training_log_ppl:1.088855504989624 - rollout_corr/kl:0.0029514676425606012 - rollout_corr/k3_kl:0.0027800407260656357 - rollout_corr/rollout_ppl:5.7362260818481445 - rollout_corr/rollout_log_ppl:1.0859781503677368 - rollout_corr/log_ppl_diff:0.002877399092540145 - rollout_corr/log_ppl_abs_diff:0.0038340019527822733 - rollout_corr/log_ppl_diff_max:0.01687943935394287 - rollout_corr/log_ppl_diff_min:-0.006452441215515137 - rollout_corr/ppl_ratio:1.0028890371322632 - rollout_corr/chi2_token:0.005244016647338867 - rollout_corr/chi2_seq:1.6810131072998047 - actor/pg_clipfrac:np.float64(0.0) - actor/ppo_kl:np.float64(0.0) - actor/pg_clipfrac_lower:np.float64(0.0) - actor/pg_loss:np.float64(0.02353952705016127) - actor/kl_loss:np.float64(0.0016150156316143693) - actor/kl_coef:np.float64(0.0010000000000000002) - actor/loss:np.float64(0.02354114130139351) - actor/grad_norm:np.float64(0.056737419217824936) - actor/lr:np.float64(8.019293693781401e-06) - actor/perf/max_memory_allocated_gb:np.float64(39.21875619888306) - actor/perf/max_memory_reserved_gb:np.float64(42.099609375) - actor/perf/cpu_memory_used_gb:np.float64(130.90422821044922) - perf/mfu/actor:np.float64(0.3373588169370772) - training/global_step:83 - training/epoch:0 - critic/score/mean:1.159153699874878 - critic/score/max:1.9288486242294312 - critic/score/min:0.0 - critic/rewards/mean:1.159153699874878 - critic/rewards/max:1.9288486242294312 - critic/rewards/min:0.0 - critic/advantages/mean:-0.023539530113339424 - critic/advantages/max:3.7499873638153076 - critic/advantages/min:-3.5585684776306152 - critic/returns/mean:-0.023539530113339424 - critic/returns/max:3.7499873638153076 - critic/returns/min:-3.5585684776306152 - response_length/mean:3156.75 - response_length/max:3545.0 - response_length/min:2573.0 - response_length/clip_ratio:0.0 - response_length_non_aborted/mean:3156.75 - response_length_non_aborted/max:3545.0 - response_length_non_aborted/min:2573.0 - response_length_non_aborted/clip_ratio:0.0 - response/aborted_ratio:0.0 - prompt_length/mean:3931.625 - prompt_length/max:4192.0 - prompt_length/min:3627.0 - prompt_length/clip_ratio:0.0 - num_turns/min:np.int32(4) - num_turns/max:np.int32(4) - num_turns/mean:np.float64(4.0) - timing_s/start_profile:7.800001185387373e-05 - timing_s/agent_loop/num_preempted/min:np.int64(-1) - timing_s/agent_loop/num_preempted/max:np.int64(-1) - timing_s/agent_loop/num_preempted/mean:np.float64(-1.0) - timing_s/agent_loop/generate_sequences/min:np.float64(61.36743184598163) - timing_s/agent_loop/generate_sequences/max:np.float64(116.23762599099427) - timing_s/agent_loop/generate_sequences/mean:np.float64(98.10509736185827) - timing_s/agent_loop/tool_calls/min:np.float64(0.07120124399079941) - timing_s/agent_loop/tool_calls/max:np.float64(0.7029094400058966) - timing_s/agent_loop/tool_calls/mean:np.float64(0.13612660239027718) - timing_s/agent_loop/compute_score/min:np.float64(0.3206465039984323) - timing_s/agent_loop/compute_score/max:np.float64(3.851219265983673) - timing_s/agent_loop/compute_score/mean:np.float64(1.0947308528525355) - timing_s/agent_loop/slowest/generate_sequences:np.float64(116.23762599099427) - timing_s/agent_loop/slowest/tool_calls:np.float64(0.2228336950065568) - timing_s/agent_loop/slowest/compute_score:np.float64(0.4040564099850599) - timing_s/agent_loop/slowest/num_preempted:np.int64(-1) - timing_s/agent_loop/slowest/prompt_length:4192 - timing_s/agent_loop/slowest/response_length:3064 - timing_s/gen:141.69807477699942 - timing_s/reward:0.0005354589957278222 - timing_s/old_log_prob:141.85851385100977 - timing_s/ref:134.8245799789729 - timing_s/adv:0.172629546985263 - timing_s/update_actor:324.4037175400008 - timing_s/update_weights:3.96416186899296 - timing_s/dump_rollout_generations:0.3247405500151217 - timing_s/step:747.4055671639799 - timing_s/stop_profile:6.96259958203882e-05 - timing_per_token_ms/adv:0.00019026481186765193 - timing_per_token_ms/gen:0.3506822552293682 - timing_per_token_ms/ref:0.14859781417965695 - timing_per_token_ms/update_actor:0.35754373086656055 - perf/total_num_tokens:907312 - perf/time_per_step:747.4055671639799 - perf/throughput:1213.9486777477225
[36m(TaskRunner pid=3691285)[0m Dumped generations to /home/yw4636/agentic-tvg/results/grpo-vanilla/rollouts/84.jsonl
[36m(TaskRunner pid=3691285)[0m step:84 - global_seqlen/min:931987 - global_seqlen/max:931987 - global_seqlen/minmax_diff:0 - global_seqlen/balanced_min:931987 - global_seqlen/balanced_max:931987 - global_seqlen/mean:931987.0 - actor/entropy:1.0738670825958252 - perf/mfu/actor_infer:0.3056850455177187 - training/rollout_probs_diff_valid:1 - training/rollout_probs_diff_max:0.44013381004333496 - training/rollout_probs_diff_mean:0.00904861744493246 - training/rollout_probs_diff_std:0.013906540349125862 - training/rollout_actor_probs_pearson_corr:0.998998761177063 - rollout_corr/training_ppl:2.9651756286621094 - rollout_corr/training_log_ppl:1.066851258277893 - rollout_corr/kl:0.002800178248435259 - rollout_corr/k3_kl:0.0024723622482270002 - rollout_corr/rollout_ppl:2.9570834636688232 - rollout_corr/rollout_log_ppl:1.0641087293624878 - rollout_corr/log_ppl_diff:0.0027425396256148815 - rollout_corr/log_ppl_abs_diff:0.003444704692810774 - rollout_corr/log_ppl_diff_max:0.011758923530578613 - rollout_corr/log_ppl_diff_min:-0.006537318229675293 - rollout_corr/ppl_ratio:1.0027515888214111 - rollout_corr/chi2_token:0.0043839216232299805 - rollout_corr/chi2_seq:1.857940435409546 - actor/pg_clipfrac:np.float64(0.0) - actor/ppo_kl:np.float64(0.0) - actor/pg_clipfrac_lower:np.float64(0.0) - actor/pg_loss:np.float64(-0.01698523771483451) - actor/kl_loss:np.float64(0.0016043977811932564) - actor/kl_coef:np.float64(0.0010000000000000002) - actor/loss:np.float64(-0.016983631998300552) - actor/grad_norm:np.float64(0.0544898584485054) - actor/lr:np.float64(7.975247515501787e-06) - actor/perf/max_memory_allocated_gb:np.float64(39.21875619888306) - actor/perf/max_memory_reserved_gb:np.float64(42.099609375) - actor/perf/cpu_memory_used_gb:np.float64(99.18143844604492) - perf/mfu/actor:np.float64(0.3377620527078747) - training/global_step:84 - training/epoch:0 - critic/score/mean:0.9801034331321716 - critic/score/max:1.8499233722686768 - critic/score/min:0.17142857611179352 - critic/rewards/mean:0.9801034331321716 - critic/rewards/max:1.8499233722686768 - critic/rewards/min:0.17142857611179352 - critic/advantages/mean:0.016985232010483742 - critic/advantages/max:2.207984685897827 - critic/advantages/min:-2.9009313583374023 - critic/returns/mean:0.016985232010483742 - critic/returns/max:2.207984685897827 - critic/returns/min:-2.9009313583374023 - response_length/mean:3285.3984375 - response_length/max:3757.0 - response_length/min:3009.0 - response_length/clip_ratio:0.0 - response_length_non_aborted/mean:3285.3984375 - response_length_non_aborted/max:3757.0 - response_length_non_aborted/min:3009.0 - response_length_non_aborted/clip_ratio:0.0 - response/aborted_ratio:0.0 - prompt_length/mean:3995.75 - prompt_length/max:4132.0 - prompt_length/min:3947.0 - prompt_length/clip_ratio:0.0 - num_turns/min:np.int32(4) - num_turns/max:np.int32(4) - num_turns/mean:np.float64(4.0) - timing_s/start_profile:6.387900793924928e-05 - timing_s/agent_loop/num_preempted/min:np.int64(-1) - timing_s/agent_loop/num_preempted/max:np.int64(-1) - timing_s/agent_loop/num_preempted/mean:np.float64(-1.0) - timing_s/agent_loop/generate_sequences/min:np.float64(68.77581095602363) - timing_s/agent_loop/generate_sequences/max:np.float64(124.13731529199868) - timing_s/agent_loop/generate_sequences/mean:np.float64(107.17964043079701) - timing_s/agent_loop/tool_calls/min:np.float64(0.0678308520000428) - timing_s/agent_loop/tool_calls/max:np.float64(0.6839780549926218) - timing_s/agent_loop/tool_calls/mean:np.float64(0.13498848170115707) - timing_s/agent_loop/compute_score/min:np.float64(0.3587298229977023) - timing_s/agent_loop/compute_score/max:np.float64(3.120252297987463) - timing_s/agent_loop/compute_score/mean:np.float64(1.1829459391860837) - timing_s/agent_loop/slowest/generate_sequences:np.float64(124.13731529199868) - timing_s/agent_loop/slowest/tool_calls:np.float64(0.10179806599626318) - timing_s/agent_loop/slowest/compute_score:np.float64(0.8477449420024641) - timing_s/agent_loop/slowest/num_preempted:np.int64(-1) - timing_s/agent_loop/slowest/prompt_length:3953 - timing_s/agent_loop/slowest/response_length:3757 - timing_s/gen:153.1384270779963 - timing_s/reward:0.00036577798891812563 - timing_s/old_log_prob:144.79520969101577 - timing_s/ref:137.13776553500793 - timing_s/adv:0.17010586598189548 - timing_s/update_actor:329.37415521199 - timing_s/update_weights:3.968511230981676 - timing_s/dump_rollout_generations:0.3231419759977143 - timing_s/step:769.0617042630038 - timing_s/stop_profile:4.739599535241723e-05 - timing_per_token_ms/adv:0.0001825195694595477 - timing_per_token_ms/gen:0.36415490672030437 - timing_per_token_ms/ref:0.14714557771192938 - timing_per_token_ms/update_actor:0.3534106754836602 - perf/total_num_tokens:931987 - perf/time_per_step:769.0617042630038 - perf/throughput:1211.8494456737103[36m(TaskRunner pid=3691285)[0m Training Progress:  32%|███▏      | 85/267 [5:42:09<41:43:20, 825.28s/it]
[36m(TaskRunner pid=3691285)[0m Training Progress:  32%|███▏      | 86/267 [5:54:44<40:26:14, 804.28s/it]

[36m(TaskRunner pid=3691285)[0m Dumped generations to /home/yw4636/agentic-tvg/results/grpo-vanilla/rollouts/85.jsonl
[36m(TaskRunner pid=3691285)[0m step:85 - global_seqlen/min:903853 - global_seqlen/max:903853 - global_seqlen/minmax_diff:0 - global_seqlen/balanced_min:903853 - global_seqlen/balanced_max:903853 - global_seqlen/mean:903853.0 - actor/entropy:1.0039786100387573 - perf/mfu/actor_infer:0.3041479298602853 - training/rollout_probs_diff_valid:1 - training/rollout_probs_diff_max:0.33188602328300476 - training/rollout_probs_diff_mean:0.009381945244967937 - training/rollout_probs_diff_std:0.014724303968250751 - training/rollout_actor_probs_pearson_corr:0.9988824725151062 - rollout_corr/training_ppl:2.7349798679351807 - rollout_corr/training_log_ppl:0.9872389435768127 - rollout_corr/kl:0.0028066060040146112 - rollout_corr/k3_kl:0.002659231424331665 - rollout_corr/rollout_ppl:2.7272655963897705 - rollout_corr/rollout_log_ppl:0.9844542741775513 - rollout_corr/log_ppl_diff:0.0027846661396324635 - rollout_corr/log_ppl_abs_diff:0.003715663682669401 - rollout_corr/log_ppl_diff_max:0.01328575611114502 - rollout_corr/log_ppl_diff_min:-0.005788922309875488 - rollout_corr/ppl_ratio:1.0027955770492554 - rollout_corr/chi2_token:0.005157351493835449 - rollout_corr/chi2_seq:1.9293243885040283 - actor/pg_clipfrac:np.float64(0.0) - actor/ppo_kl:np.float64(0.0) - actor/pg_clipfrac_lower:np.float64(0.0) - actor/pg_loss:np.float64(-0.01993859838694334) - actor/kl_loss:np.float64(0.0016648635537421796) - actor/kl_coef:np.float64(0.0010000000000000002) - actor/loss:np.float64(-0.0199369378387928) - actor/grad_norm:np.float64(0.057798027992248535) - actor/lr:np.float64(7.930858655575263e-06) - actor/perf/max_memory_allocated_gb:np.float64(39.21875619888306) - actor/perf/max_memory_reserved_gb:np.float64(42.099609375) - actor/perf/cpu_memory_used_gb:np.float64(114.49467086791992) - perf/mfu/actor:np.float64(0.34070032568501046) - training/global_step:85 - training/epoch:0 - critic/score/mean:1.079622507095337 - critic/score/max:1.980813980102539 - critic/score/min:0.5 - critic/rewards/mean:1.079622507095337 - critic/rewards/max:1.980813980102539 - critic/rewards/min:0.5 - critic/advantages/mean:0.019938627257943153 - critic/advantages/max:3.5652716159820557 - critic/advantages/min:-2.727142333984375 - critic/returns/mean:0.019938627257943153 - critic/returns/max:3.5652716159820557 - critic/returns/min:-2.727142333984375 - response_length/mean:3192.3515625 - response_length/max:5454.0 - response_length/min:2653.0 - response_length/clip_ratio:0.0 - response_length_non_aborted/mean:3192.3515625 - response_length_non_aborted/max:5454.0 - response_length_non_aborted/min:2653.0 - response_length_non_aborted/clip_ratio:0.0 - response/aborted_ratio:0.0 - prompt_length/mean:3869.0 - prompt_length/max:3961.0 - prompt_length/min:3622.0 - prompt_length/clip_ratio:0.0 - num_turns/min:np.int32(4) - num_turns/max:np.int32(6) - num_turns/mean:np.float64(4.015625) - timing_s/start_profile:6.269299774430692e-05 - timing_s/agent_loop/num_preempted/min:np.int64(-1) - timing_s/agent_loop/num_preempted/max:np.int64(-1) - timing_s/agent_loop/num_preempted/mean:np.float64(-1.0) - timing_s/agent_loop/generate_sequences/min:np.float64(66.88905710002291) - timing_s/agent_loop/generate_sequences/max:np.float64(111.88466142400284) - timing_s/agent_loop/generate_sequences/mean:np.float64(96.20655851030028) - timing_s/agent_loop/tool_calls/min:np.float64(0.06314446497708559) - timing_s/agent_loop/tool_calls/max:np.float64(0.8126640290138312) - timing_s/agent_loop/tool_calls/mean:np.float64(0.16207169079029882) - timing_s/agent_loop/compute_score/min:np.float64(0.2908374659891706) - timing_s/agent_loop/compute_score/max:np.float64(21.359189114999026) - timing_s/agent_loop/compute_score/mean:np.float64(1.269306137920239) - timing_s/agent_loop/slowest/generate_sequences:np.float64(93.72838613102795) - timing_s/agent_loop/slowest/tool_calls:np.float64(0.1378927160112653) - timing_s/agent_loop/slowest/compute_score:np.float64(21.359189114999026) - timing_s/agent_loop/slowest/num_preempted:np.int64(-1) - timing_s/agent_loop/slowest/prompt_length:3945 - timing_s/agent_loop/slowest/response_length:3147 - timing_s/gen:140.65735797199886 - timing_s/reward:0.0003264390106778592 - timing_s/old_log_prob:136.8432083360094 - timing_s/ref:132.1192605260003 - timing_s/adv:0.16621903498889878 - timing_s/update_actor:315.3590841869882 - timing_s/update_weights:3.929098428983707 - timing_s/dump_rollout_generations:0.32058946799952537 - timing_s/step:729.5452885770064 - timing_s/stop_profile:4.972401075065136e-05 - timing_per_token_ms/adv:0.00018390051810294238 - timing_per_token_ms/gen:0.3442244964698311 - timing_per_token_ms/ref:0.1461733938217833 - timing_per_token_ms/update_actor:0.3489052801583755 - perf/total_num_tokens:903853 - perf/time_per_step:729.5452885770064 - perf/throughput:1238.9265123800394
[36m(TaskRunner pid=3691285)[0m Dumped generations to /home/yw4636/agentic-tvg/results/grpo-vanilla/rollouts/86.jsonl
[36m(TaskRunner pid=3691285)[0m step:86 - global_seqlen/min:916457 - global_seqlen/max:916457 - global_seqlen/minmax_diff:0 - global_seqlen/balanced_min:916457 - global_seqlen/balanced_max:916457 - global_seqlen/mean:916457.0 - actor/entropy:1.0320491790771484 - perf/mfu/actor_infer:0.3035537759814599 - training/rollout_probs_diff_valid:1 - training/rollout_probs_diff_max:0.25190111994743347 - training/rollout_probs_diff_mean:0.009411760605871677 - training/rollout_probs_diff_std:0.014446815475821495 - training/rollout_actor_probs_pearson_corr:0.9989094138145447 - rollout_corr/training_ppl:2.8100357055664062 - rollout_corr/training_log_ppl:1.0078986883163452 - rollout_corr/kl:0.0023101975675672293 - rollout_corr/k3_kl:0.0026757861487567425 - rollout_corr/rollout_ppl:2.8038463592529297 - rollout_corr/rollout_log_ppl:1.005631446838379 - rollout_corr/log_ppl_diff:0.0022673294879496098 - rollout_corr/log_ppl_abs_diff:0.003307855222374201 - rollout_corr/log_ppl_diff_max:0.011819124221801758 - rollout_corr/log_ppl_diff_min:-0.005956888198852539 - rollout_corr/ppl_ratio:1.0022766590118408 - rollout_corr/chi2_token:0.0061702728271484375 - rollout_corr/chi2_seq:3.150440216064453 - actor/pg_clipfrac:np.float64(0.0) - actor/ppo_kl:np.float64(0.0) - actor/pg_clipfrac_lower:np.float64(0.0) - actor/pg_loss:np.float64(0.021425327489851043) - actor/kl_loss:np.float64(0.0016662583402649034) - actor/kl_coef:np.float64(0.0010000000000000002) - actor/loss:np.float64(0.021426983177661896) - actor/grad_norm:np.float64(0.05866454914212227) - actor/lr:np.float64(7.886133259345895e-06) - actor/perf/max_memory_allocated_gb:np.float64(39.21875619888306) - actor/perf/max_memory_reserved_gb:np.float64(42.099609375) - actor/perf/cpu_memory_used_gb:np.float64(130.89589309692383) - perf/mfu/actor:np.float64(0.3367055070883204) - training/global_step:86 - training/epoch:0 - critic/score/mean:1.3365923166275024 - critic/score/max:1.9985713958740234 - critic/score/min:0.5 - critic/rewards/mean:1.3365923166275024 - critic/rewards/max:1.9985713958740234 - critic/rewards/min:0.5 - critic/advantages/mean:-0.02142532356083393 - critic/advantages/max:1.5500115156173706 - critic/advantages/min:-3.488025665283203 - critic/returns/mean:-0.02142532356083393 - critic/returns/max:1.5500115156173706 - critic/returns/min:-3.488025665283203 - response_length/mean:3204.9453125 - response_length/max:3615.0 - response_length/min:2660.0 - response_length/clip_ratio:0.0 - response_length_non_aborted/mean:3204.9453125 - response_length_non_aborted/max:3615.0 - response_length_non_aborted/min:2660.0 - response_length_non_aborted/clip_ratio:0.0 - response/aborted_ratio:0.0 - prompt_length/mean:3954.875 - prompt_length/max:4147.0 - prompt_length/min:3619.0 - prompt_length/clip_ratio:0.0 - num_turns/min:np.int32(4) - num_turns/max:np.int32(4) - num_turns/mean:np.float64(4.0) - timing_s/start_profile:6.324198329821229e-05 - timing_s/agent_loop/num_preempted/min:np.int64(-1) - timing_s/agent_loop/num_preempted/max:np.int64(-1) - timing_s/agent_loop/num_preempted/mean:np.float64(-1.0) - timing_s/agent_loop/generate_sequences/min:np.float64(69.23377396501019) - timing_s/agent_loop/generate_sequences/max:np.float64(114.78178074298194) - timing_s/agent_loop/generate_sequences/mean:np.float64(98.53888739610079) - timing_s/agent_loop/tool_calls/min:np.float64(0.06827571199391969) - timing_s/agent_loop/tool_calls/max:np.float64(5.777486653998494) - timing_s/agent_loop/tool_calls/mean:np.float64(0.20147576741305784) - timing_s/agent_loop/compute_score/min:np.float64(0.29801134500303306) - timing_s/agent_loop/compute_score/max:np.float64(7.745282773976214) - timing_s/agent_loop/compute_score/mean:np.float64(1.3596238841485047) - timing_s/agent_loop/slowest/generate_sequences:np.float64(110.37856228198507) - timing_s/agent_loop/slowest/tool_calls:np.float64(5.777486653998494) - timing_s/agent_loop/slowest/compute_score:np.float64(0.3259316460171249) - timing_s/agent_loop/slowest/num_preempted:np.int64(-1) - timing_s/agent_loop/slowest/prompt_length:3957 - timing_s/agent_loop/slowest/response_length:3486 - timing_s/gen:142.68148780099 - timing_s/reward:0.00046971600386314094 - timing_s/old_log_prob:145.1396557939879 - timing_s/ref:138.88703810499283 - timing_s/adv:0.1707424400083255 - timing_s/update_actor:323.91282909101574 - timing_s/update_weights:3.9518522740108892 - timing_s/dump_rollout_generations:0.321533278998686 - timing_s/step:755.2248500600108 - timing_s/stop_profile:5.064098513685167e-05 - timing_per_token_ms/adv:0.00018630709352247351 - timing_per_token_ms/gen:0.34780597319325846 - timing_per_token_ms/ref:0.15154779559214762 - timing_per_token_ms/update_actor:0.35344029135138444 - perf/total_num_tokens:916457 - perf/time_per_step:755.2248500600108 - perf/throughput:1213.4889363441598[36m(TaskRunner pid=3691285)[0m Training Progress:  33%|███▎      | 87/267 [6:07:35<39:42:45, 794.25s/it]
[36m(TaskRunner pid=3691285)[0m Training Progress:  33%|███▎      | 88/267 [6:20:06<38:51:15, 781.42s/it]

[36m(TaskRunner pid=3691285)[0m Dumped generations to /home/yw4636/agentic-tvg/results/grpo-vanilla/rollouts/87.jsonl
[36m(TaskRunner pid=3691285)[0m step:87 - global_seqlen/min:923577 - global_seqlen/max:923577 - global_seqlen/minmax_diff:0 - global_seqlen/balanced_min:923577 - global_seqlen/balanced_max:923577 - global_seqlen/mean:923577.0 - actor/entropy:1.0248514413833618 - perf/mfu/actor_infer:0.30469077733648847 - training/rollout_probs_diff_valid:1 - training/rollout_probs_diff_max:0.25789013504981995 - training/rollout_probs_diff_mean:0.009138921275734901 - training/rollout_probs_diff_std:0.014061752706766129 - training/rollout_actor_probs_pearson_corr:0.9989745020866394 - rollout_corr/training_ppl:2.8169190883636475 - rollout_corr/training_log_ppl:1.0022969245910645 - rollout_corr/kl:0.0030889553017914295 - rollout_corr/k3_kl:0.0026304733473807573 - rollout_corr/rollout_ppl:2.8080923557281494 - rollout_corr/rollout_log_ppl:0.9992308616638184 - rollout_corr/log_ppl_diff:0.00306598749011755 - rollout_corr/log_ppl_abs_diff:0.0037858467549085617 - rollout_corr/log_ppl_diff_max:0.014794111251831055 - rollout_corr/log_ppl_diff_min:-0.0072776079177856445 - rollout_corr/ppl_ratio:1.0030776262283325 - rollout_corr/chi2_token:0.004207491874694824 - rollout_corr/chi2_seq:0.6611478328704834 - actor/pg_clipfrac:np.float64(0.0) - actor/ppo_kl:np.float64(0.0) - actor/pg_clipfrac_lower:np.float64(0.0) - actor/pg_loss:np.float64(0.02720041439170018) - actor/kl_loss:np.float64(0.0016590268169238698) - actor/kl_coef:np.float64(0.0010000000000000002) - actor/loss:np.float64(0.027202073484659195) - actor/grad_norm:np.float64(0.05977432429790497) - actor/lr:np.float64(7.841077518748971e-06) - actor/perf/max_memory_allocated_gb:np.float64(39.21875619888306) - actor/perf/max_memory_reserved_gb:np.float64(42.099609375) - actor/perf/cpu_memory_used_gb:np.float64(98.82467269897461) - perf/mfu/actor:np.float64(0.33689624068490986) - training/global_step:87 - training/epoch:0 - critic/score/mean:1.2742657661437988 - critic/score/max:2.0 - critic/score/min:0.5 - critic/rewards/mean:1.2742657661437988 - critic/rewards/max:2.0 - critic/rewards/min:0.5 - critic/advantages/mean:-0.027200432494282722 - critic/advantages/max:2.6802546977996826 - critic/advantages/min:-3.5459582805633545 - critic/returns/mean:-0.027200432494282722 - critic/returns/max:2.6802546977996826 - critic/returns/min:-3.5459582805633545 - response_length/mean:3227.6953125 - response_length/max:3682.0 - response_length/min:587.0 - response_length/clip_ratio:0.0 - response_length_non_aborted/mean:3227.6953125 - response_length_non_aborted/max:3682.0 - response_length_non_aborted/min:587.0 - response_length_non_aborted/clip_ratio:0.0 - response/aborted_ratio:0.0 - prompt_length/mean:3987.75 - prompt_length/max:4137.0 - prompt_length/min:3923.0 - prompt_length/clip_ratio:0.0 - num_turns/min:np.int32(4) - num_turns/max:np.int32(4) - num_turns/mean:np.float64(4.0) - timing_s/start_profile:7.077798363752663e-05 - timing_s/agent_loop/num_preempted/min:np.int64(-1) - timing_s/agent_loop/num_preempted/max:np.int64(-1) - timing_s/agent_loop/num_preempted/mean:np.float64(-1.0) - timing_s/agent_loop/generate_sequences/min:np.float64(70.23662019500625) - timing_s/agent_loop/generate_sequences/max:np.float64(119.54249910201179) - timing_s/agent_loop/generate_sequences/mean:np.float64(103.36440666767749) - timing_s/agent_loop/tool_calls/min:np.float64(9.79570031631738e-05) - timing_s/agent_loop/tool_calls/max:np.float64(0.6941827870032284) - timing_s/agent_loop/tool_calls/mean:np.float64(0.12999896708583947) - timing_s/agent_loop/compute_score/min:np.float64(0.32709883101051673) - timing_s/agent_loop/compute_score/max:np.float64(3.910052503022598) - timing_s/agent_loop/compute_score/mean:np.float64(1.117489570361613) - timing_s/agent_loop/slowest/generate_sequences:np.float64(119.54249910201179) - timing_s/agent_loop/slowest/tool_calls:np.float64(0.09655704701435752) - timing_s/agent_loop/slowest/compute_score:np.float64(1.1347065420122817) - timing_s/agent_loop/slowest/num_preempted:np.int64(-1) - timing_s/agent_loop/slowest/prompt_length:3949 - timing_s/agent_loop/slowest/response_length:3375 - timing_s/gen:150.7354936929769 - timing_s/reward:0.00041426598909310997 - timing_s/old_log_prob:144.66071271998226 - timing_s/ref:139.33143806201406 - timing_s/adv:0.17660012299893424 - timing_s/update_actor:331.2903140440176 - timing_s/update_weights:3.9773642600048333 - timing_s/dump_rollout_generations:0.3307872400037013 - timing_s/step:770.7782866729831 - timing_s/stop_profile:4.7119014197960496e-05 - timing_per_token_ms/adv:0.0001912132101589085 - timing_per_token_ms/gen:0.3648488876616609 - timing_per_token_ms/ref:0.15086066246995547 - timing_per_token_ms/update_actor:0.3587035125864087 - perf/total_num_tokens:923577 - perf/time_per_step:770.7782866729831 - perf/throughput:1198.2395144867965
[36m(TaskRunner pid=3691285)[0m Dumped generations to /home/yw4636/agentic-tvg/results/grpo-vanilla/rollouts/88.jsonl
[36m(TaskRunner pid=3691285)[0m step:88 - global_seqlen/min:926010 - global_seqlen/max:926010 - global_seqlen/minmax_diff:0 - global_seqlen/balanced_min:926010 - global_seqlen/balanced_max:926010 - global_seqlen/mean:926010.0 - actor/entropy:0.9766791462898254 - perf/mfu/actor_infer:0.3027728390421664 - training/rollout_probs_diff_valid:1 - training/rollout_probs_diff_max:0.2078845202922821 - training/rollout_probs_diff_mean:0.008940641768276691 - training/rollout_probs_diff_std:0.013616040349006653 - training/rollout_actor_probs_pearson_corr:0.9990121126174927 - rollout_corr/training_ppl:2.6385319232940674 - rollout_corr/training_log_ppl:0.9504071474075317 - rollout_corr/kl:0.00263428408652544 - rollout_corr/k3_kl:0.0022633695043623447 - rollout_corr/rollout_ppl:2.631972312927246 - rollout_corr/rollout_log_ppl:0.9478737115859985 - rollout_corr/log_ppl_diff:0.0025334719102829695 - rollout_corr/log_ppl_abs_diff:0.00339943147264421 - rollout_corr/log_ppl_diff_max:0.010661900043487549 - rollout_corr/log_ppl_diff_min:-0.006821155548095703 - rollout_corr/ppl_ratio:1.0025427341461182 - rollout_corr/chi2_token:0.0037801265716552734 - rollout_corr/chi2_seq:6.513930797576904 - actor/pg_clipfrac:np.float64(0.0) - actor/ppo_kl:np.float64(0.0) - actor/pg_clipfrac_lower:np.float64(0.0) - actor/pg_loss:np.float64(0.01262333890190348) - actor/kl_loss:np.float64(0.001722529334074352) - actor/kl_coef:np.float64(0.0010000000000000002) - actor/loss:np.float64(0.012625068426132202) - actor/grad_norm:np.float64(0.057605113834142685) - actor/lr:np.float64(7.79569767145377e-06) - actor/perf/max_memory_allocated_gb:np.float64(39.21875619888306) - actor/perf/max_memory_reserved_gb:np.float64(42.099609375) - actor/perf/cpu_memory_used_gb:np.float64(99.1546745300293) - perf/mfu/actor:np.float64(0.3366096422943149) - training/global_step:88 - training/epoch:0 - critic/score/mean:1.1060389280319214 - critic/score/max:1.900900959968567 - critic/score/min:0.5 - critic/rewards/mean:1.1060389280319214 - critic/rewards/max:1.900900959968567 - critic/rewards/min:0.5 - critic/advantages/mean:-0.012623345479369164 - critic/advantages/max:1.7728207111358643 - critic/advantages/min:-3.6619064807891846 - critic/returns/mean:-0.012623345479369164 - critic/returns/max:1.7728207111358643 - critic/returns/min:-3.6619064807891846 - response_length/mean:3222.328125 - response_length/max:3571.0 - response_length/min:2917.0 - response_length/clip_ratio:0.0 - response_length_non_aborted/mean:3222.328125 - response_length_non_aborted/max:3571.0 - response_length_non_aborted/min:2917.0 - response_length_non_aborted/clip_ratio:0.0 - response/aborted_ratio:0.0 - prompt_length/mean:4012.125 - prompt_length/max:4146.0 - prompt_length/min:3927.0 - prompt_length/clip_ratio:0.0 - num_turns/min:np.int32(4) - num_turns/max:np.int32(4) - num_turns/mean:np.float64(4.0) - timing_s/start_profile:6.287399446591735e-05 - timing_s/agent_loop/num_preempted/min:np.int64(-1) - timing_s/agent_loop/num_preempted/max:np.int64(-1) - timing_s/agent_loop/num_preempted/mean:np.float64(-1.0) - timing_s/agent_loop/generate_sequences/min:np.float64(62.77272479099338) - timing_s/agent_loop/generate_sequences/max:np.float64(116.93718685000204) - timing_s/agent_loop/generate_sequences/mean:np.float64(102.49304292364263) - timing_s/agent_loop/tool_calls/min:np.float64(0.0634745380084496) - timing_s/agent_loop/tool_calls/max:np.float64(0.7993916089762934) - timing_s/agent_loop/tool_calls/mean:np.float64(0.1314631304624072) - timing_s/agent_loop/compute_score/min:np.float64(0.34835218099760823) - timing_s/agent_loop/compute_score/max:np.float64(8.021389006986283) - timing_s/agent_loop/compute_score/mean:np.float64(1.2386739610776658) - timing_s/agent_loop/slowest/generate_sequences:np.float64(112.76812346698716) - timing_s/agent_loop/slowest/tool_calls:np.float64(0.08784066498628817) - timing_s/agent_loop/slowest/compute_score:np.float64(8.021389006986283) - timing_s/agent_loop/slowest/num_preempted:np.int64(-1) - timing_s/agent_loop/slowest/prompt_length:3927 - timing_s/agent_loop/slowest/response_length:3340 - timing_s/gen:145.48815554499743 - timing_s/reward:0.00037379798595793545 - timing_s/old_log_prob:140.159033302014 - timing_s/ref:132.0418641230208 - timing_s/adv:0.17393277899827808 - timing_s/update_actor:328.1381092419906 - timing_s/update_weights:3.9751395609928295 - timing_s/dump_rollout_generations:0.32238379298360087 - timing_s/step:750.4679816010175 - timing_s/stop_profile:4.9300986574962735e-05 - timing_per_token_ms/adv:0.00018783034632269423 - timing_per_token_ms/gen:0.35273447367973815 - timing_per_token_ms/ref:0.142592265875121 - timing_per_token_ms/update_actor:0.3543569823673509 - perf/total_num_tokens:926010 - perf/time_per_step:750.4679816010175 - perf/throughput:1233.9100703863319[36m(TaskRunner pid=3691285)[0m Training Progress:  33%|███▎      | 89/267 [6:35:09<40:25:52, 817.71s/it]
[36m(TaskRunner pid=3691285)[0m Training Progress:  34%|███▎      | 90/267 [6:47:44<39:16:56, 798.96s/it]

[36m(TaskRunner pid=3691285)[0m Dumped generations to /home/yw4636/agentic-tvg/results/grpo-vanilla/rollouts/89.jsonl
[36m(TaskRunner pid=3691285)[0m step:89 - global_seqlen/min:917447 - global_seqlen/max:917447 - global_seqlen/minmax_diff:0 - global_seqlen/balanced_min:917447 - global_seqlen/balanced_max:917447 - global_seqlen/mean:917447.0 - actor/entropy:0.8037362098693848 - perf/mfu/actor_infer:0.30621226835563875 - training/rollout_probs_diff_valid:1 - training/rollout_probs_diff_max:0.32322537899017334 - training/rollout_probs_diff_mean:0.007439531851559877 - training/rollout_probs_diff_std:0.013378672301769257 - training/rollout_actor_probs_pearson_corr:0.9990863800048828 - rollout_corr/training_ppl:2.7036352157592773 - rollout_corr/training_log_ppl:0.9663466215133667 - rollout_corr/kl:0.002228685887530446 - rollout_corr/k3_kl:0.0022107029799371958 - rollout_corr/rollout_ppl:2.6960396766662598 - rollout_corr/rollout_log_ppl:0.9636388421058655 - rollout_corr/log_ppl_diff:0.0027078576385974884 - rollout_corr/log_ppl_abs_diff:0.0037444578483700752 - rollout_corr/log_ppl_diff_max:0.010384678840637207 - rollout_corr/log_ppl_diff_min:-0.0061057209968566895 - rollout_corr/ppl_ratio:1.002718448638916 - rollout_corr/chi2_token:0.0052776336669921875 - rollout_corr/chi2_seq:7.388420104980469 - actor/pg_clipfrac:np.float64(0.0) - actor/ppo_kl:np.float64(0.0) - actor/pg_clipfrac_lower:np.float64(0.0) - actor/pg_loss:np.float64(0.6500640535668936) - actor/kl_loss:np.float64(0.0014836930954515992) - actor/kl_coef:np.float64(0.0010000000000000002) - actor/loss:np.float64(0.650065541267395) - actor/grad_norm:np.float64(0.04616742208600044) - actor/lr:np.float64(7.750000000000002e-06) - actor/perf/max_memory_allocated_gb:np.float64(39.21875619888306) - actor/perf/max_memory_reserved_gb:np.float64(42.099609375) - actor/perf/cpu_memory_used_gb:np.float64(97.99514770507812) - perf/mfu/actor:np.float64(0.33783783015839614) - training/global_step:89 - training/epoch:0 - critic/score/mean:1.1440335512161255 - critic/score/max:1.9375 - critic/score/min:0.03671874850988388 - critic/rewards/mean:1.1440335512161255 - critic/rewards/max:1.9375 - critic/rewards/min:0.03671874850988388 - critic/advantages/mean:-0.6500639915466309 - critic/advantages/max:2.9911441802978516 - critic/advantages/min:-3.407956123352051 - critic/returns/mean:-0.6500639915466309 - critic/returns/max:2.9911441802978516 - critic/returns/min:-3.407956123352051 - response_length/mean:3300.5546875 - response_length/max:16373.0 - response_length/min:2681.0 - response_length/clip_ratio:0.0 - response_length_non_aborted/mean:3300.5546875 - response_length_non_aborted/max:16373.0 - response_length_non_aborted/min:2681.0 - response_length_non_aborted/clip_ratio:0.0 - response/aborted_ratio:0.0 - prompt_length/mean:3867.0 - prompt_length/max:3969.0 - prompt_length/min:3618.0 - prompt_length/clip_ratio:0.0 - num_turns/min:np.int32(4) - num_turns/max:np.int32(4) - num_turns/mean:np.float64(4.0) - timing_s/start_profile:6.332900375127792e-05 - timing_s/agent_loop/num_preempted/min:np.int64(-1) - timing_s/agent_loop/num_preempted/max:np.int64(-1) - timing_s/agent_loop/num_preempted/mean:np.float64(-1.0) - timing_s/agent_loop/generate_sequences/min:np.float64(59.88127203800832) - timing_s/agent_loop/generate_sequences/max:np.float64(280.397957239009) - timing_s/agent_loop/generate_sequences/mean:np.float64(98.69421805501634) - timing_s/agent_loop/tool_calls/min:np.float64(0.07723316198098473) - timing_s/agent_loop/tool_calls/max:np.float64(0.29279764799866825) - timing_s/agent_loop/tool_calls/mean:np.float64(0.1490526186180432) - timing_s/agent_loop/compute_score/min:np.float64(0.2929858429997694) - timing_s/agent_loop/compute_score/max:np.float64(3.932347212015884) - timing_s/agent_loop/compute_score/mean:np.float64(1.1697367244762518) - timing_s/agent_loop/slowest/generate_sequences:np.float64(280.397957239009) - timing_s/agent_loop/slowest/tool_calls:np.float64(0.16800731100374833) - timing_s/agent_loop/slowest/compute_score:np.float64(0.48926197600667365) - timing_s/agent_loop/slowest/num_preempted:np.int64(-1) - timing_s/agent_loop/slowest/prompt_length:3950 - timing_s/agent_loop/slowest/response_length:16373 - timing_s/gen:301.1905441409908 - timing_s/reward:0.000515979016199708 - timing_s/old_log_prob:141.50972144000116 - timing_s/ref:130.39607362399693 - timing_s/adv:0.16512929799500853 - timing_s/update_actor:324.60682615899714 - timing_s/update_weights:3.955201300996123 - timing_s/dump_rollout_generations:0.3237102879793383 - timing_s/step:902.3083924410166 - timing_s/stop_profile:4.9498979933559895e-05 - timing_per_token_ms/adv:0.00017998783362418595 - timing_per_token_ms/gen:0.7129259621157211 - timing_per_token_ms/ref:0.14212927136281106 - timing_per_token_ms/update_actor:0.353815344274925 - perf/total_num_tokens:917447 - perf/time_per_step:902.3083924410166 - perf/throughput:1016.7776424178311
[36m(TaskRunner pid=3691285)[0m Dumped generations to /home/yw4636/agentic-tvg/results/grpo-vanilla/rollouts/90.jsonl
[36m(TaskRunner pid=3691285)[0m step:90 - global_seqlen/min:921242 - global_seqlen/max:921242 - global_seqlen/minmax_diff:0 - global_seqlen/balanced_min:921242 - global_seqlen/balanced_max:921242 - global_seqlen/mean:921242.0 - actor/entropy:1.0005556344985962 - perf/mfu/actor_infer:0.3046267945170084 - training/rollout_probs_diff_valid:1 - training/rollout_probs_diff_max:0.22653314471244812 - training/rollout_probs_diff_mean:0.009325767867267132 - training/rollout_probs_diff_std:0.014181310310959816 - training/rollout_actor_probs_pearson_corr:0.9989371299743652 - rollout_corr/training_ppl:2.7088561058044434 - rollout_corr/training_log_ppl:0.9761238694190979 - rollout_corr/kl:0.003251442452892661 - rollout_corr/k3_kl:0.0026525482535362244 - rollout_corr/rollout_ppl:2.6998422145843506 - rollout_corr/rollout_log_ppl:0.9728160500526428 - rollout_corr/log_ppl_diff:0.0033078414853662252 - rollout_corr/log_ppl_abs_diff:0.003869870910421014 - rollout_corr/log_ppl_diff_max:0.011309564113616943 - rollout_corr/log_ppl_diff_min:-0.004408597946166992 - rollout_corr/ppl_ratio:1.0033187866210938 - rollout_corr/chi2_token:0.00420689582824707 - rollout_corr/chi2_seq:-0.1560317873954773 - actor/pg_clipfrac:np.float64(0.0) - actor/ppo_kl:np.float64(0.0) - actor/pg_clipfrac_lower:np.float64(0.0) - actor/pg_loss:np.float64(-0.009854778734734282) - actor/kl_loss:np.float64(0.001806803102226695) - actor/kl_coef:np.float64(0.0010000000000000002) - actor/loss:np.float64(-0.009852970018982887) - actor/grad_norm:np.float64(0.05893046408891678) - actor/lr:np.float64(7.703990830928029e-06) - actor/perf/max_memory_allocated_gb:np.float64(39.21875619888306) - actor/perf/max_memory_reserved_gb:np.float64(42.099609375) - actor/perf/cpu_memory_used_gb:np.float64(99.10191345214844) - perf/mfu/actor:np.float64(0.3387976541501194) - training/global_step:90 - training/epoch:0 - critic/score/mean:1.1104955673217773 - critic/score/max:1.9062234163284302 - critic/score/min:0.0 - critic/rewards/mean:1.1104955673217773 - critic/rewards/max:1.9062234163284302 - critic/rewards/min:0.0 - critic/advantages/mean:0.009854783304035664 - critic/advantages/max:2.7211251258850098 - critic/advantages/min:-2.9173450469970703 - critic/returns/mean:0.009854783304035664 - critic/returns/max:2.7211251258850098 - critic/returns/min:-2.9173450469970703 - response_length/mean:3263.953125 - response_length/max:3902.0 - response_length/min:260.0 - response_length/clip_ratio:0.0 - response_length_non_aborted/mean:3263.953125 - response_length_non_aborted/max:3902.0 - response_length_non_aborted/min:260.0 - response_length_non_aborted/clip_ratio:0.0 - response/aborted_ratio:0.0 - prompt_length/mean:3933.25 - prompt_length/max:4135.0 - prompt_length/min:3624.0 - prompt_length/clip_ratio:0.0 - num_turns/min:np.int32(4) - num_turns/max:np.int32(4) - num_turns/mean:np.float64(4.0) - timing_s/start_profile:9.338202653452754e-05 - timing_s/agent_loop/num_preempted/min:np.int64(-1) - timing_s/agent_loop/num_preempted/max:np.int64(-1) - timing_s/agent_loop/num_preempted/mean:np.float64(-1.0) - timing_s/agent_loop/generate_sequences/min:np.float64(64.66602274301113) - timing_s/agent_loop/generate_sequences/max:np.float64(115.84366065298673) - timing_s/agent_loop/generate_sequences/mean:np.float64(99.72441731454796) - timing_s/agent_loop/tool_calls/min:np.float64(0.00011599698336794972) - timing_s/agent_loop/tool_calls/max:np.float64(0.37181025501922704) - timing_s/agent_loop/tool_calls/mean:np.float64(0.13663648033525533) - timing_s/agent_loop/compute_score/min:np.float64(0.32598987099481747) - timing_s/agent_loop/compute_score/max:np.float64(8.74679806898348) - timing_s/agent_loop/compute_score/mean:np.float64(1.2902318797430326) - timing_s/agent_loop/slowest/generate_sequences:np.float64(115.84366065298673) - timing_s/agent_loop/slowest/tool_calls:np.float64(0.08346446900395676) - timing_s/agent_loop/slowest/compute_score:np.float64(1.882499388011638) - timing_s/agent_loop/slowest/num_preempted:np.int64(-1) - timing_s/agent_loop/slowest/prompt_length:3966 - timing_s/agent_loop/slowest/response_length:3385 - timing_s/gen:144.34157387798768 - timing_s/reward:0.0004982180253136903 - timing_s/old_log_prob:144.82556466199458 - timing_s/ref:135.5232615369896 - timing_s/adv:0.1720827689860016 - timing_s/update_actor:325.0014527850144 - timing_s/update_weights:4.009145794989308 - timing_s/dump_rollout_generations:0.3223332269990351 - timing_s/step:754.3720630970201 - timing_s/stop_profile:4.5586988562718034e-05 - timing_per_token_ms/adv:0.00018679431570206483 - timing_per_token_ms/gen:0.3454916485425258 - timing_per_token_ms/ref:0.14710929542616336 - timing_per_token_ms/update_actor:0.35278618732647277 - perf/total_num_tokens:921242 - perf/time_per_step:754.3720630970201 - perf/throughput:1221.2037601417892[36m(TaskRunner pid=3691285)[0m Training Progress:  34%|███▍      | 91/267 [7:00:18<38:23:53, 785.42s/it]
[36m(TaskRunner pid=3691285)[0m Training Progress:  34%|███▍      | 92/267 [7:12:55<37:46:04, 776.94s/it]

[36m(TaskRunner pid=3691285)[0m Dumped generations to /home/yw4636/agentic-tvg/results/grpo-vanilla/rollouts/91.jsonl
[36m(TaskRunner pid=3691285)[0m step:91 - global_seqlen/min:925993 - global_seqlen/max:925993 - global_seqlen/minmax_diff:0 - global_seqlen/balanced_min:925993 - global_seqlen/balanced_max:925993 - global_seqlen/mean:925993.0 - actor/entropy:0.9746641516685486 - perf/mfu/actor_infer:0.3042814263442558 - training/rollout_probs_diff_valid:1 - training/rollout_probs_diff_max:0.3022648096084595 - training/rollout_probs_diff_mean:0.009046484716236591 - training/rollout_probs_diff_std:0.013893203809857368 - training/rollout_actor_probs_pearson_corr:0.998982846736908 - rollout_corr/training_ppl:2.6615653038024902 - rollout_corr/training_log_ppl:0.9548875093460083 - rollout_corr/kl:0.002774320775642991 - rollout_corr/k3_kl:0.0024507122579962015 - rollout_corr/rollout_ppl:2.6538074016571045 - rollout_corr/rollout_log_ppl:0.9520487785339355 - rollout_corr/log_ppl_diff:0.0028387727215886116 - rollout_corr/log_ppl_abs_diff:0.0038913749158382416 - rollout_corr/log_ppl_diff_max:0.012989163398742676 - rollout_corr/log_ppl_diff_min:-0.007668972015380859 - rollout_corr/ppl_ratio:1.00285005569458 - rollout_corr/chi2_token:0.004281878471374512 - rollout_corr/chi2_seq:4.325976848602295 - actor/pg_clipfrac:np.float64(0.0) - actor/ppo_kl:np.float64(0.0) - actor/pg_clipfrac_lower:np.float64(0.0) - actor/pg_loss:np.float64(-0.010892011792748235) - actor/kl_loss:np.float64(0.0017706269900372718) - actor/kl_coef:np.float64(0.0010000000000000002) - actor/loss:np.float64(-0.010890243574976921) - actor/grad_norm:np.float64(0.06084798276424408) - actor/lr:np.float64(7.657676533903e-06) - actor/perf/max_memory_allocated_gb:np.float64(39.21875619888306) - actor/perf/max_memory_reserved_gb:np.float64(42.099609375) - actor/perf/cpu_memory_used_gb:np.float64(115.56341934204102) - perf/mfu/actor:np.float64(0.3369938577081518) - training/global_step:91 - training/epoch:0 - critic/score/mean:0.985222339630127 - critic/score/max:1.9259259700775146 - critic/score/min:0.5 - critic/rewards/mean:0.985222339630127 - critic/rewards/max:1.9259259700775146 - critic/rewards/min:0.5 - critic/advantages/mean:0.010892015881836414 - critic/advantages/max:2.8466174602508545 - critic/advantages/min:-1.81123948097229 - critic/returns/mean:0.010892015881836414 - critic/returns/max:2.8466174602508545 - critic/returns/min:-1.81123948097229 - response_length/mean:3214.6953125 - response_length/max:3488.0 - response_length/min:2848.0 - response_length/clip_ratio:0.0 - response_length_non_aborted/mean:3214.6953125 - response_length_non_aborted/max:3488.0 - response_length_non_aborted/min:2848.0 - response_length_non_aborted/clip_ratio:0.0 - response/aborted_ratio:0.0 - prompt_length/mean:4019.625 - prompt_length/max:4147.0 - prompt_length/min:3942.0 - prompt_length/clip_ratio:0.0 - num_turns/min:np.int32(4) - num_turns/max:np.int32(4) - num_turns/mean:np.float64(4.0) - timing_s/start_profile:6.070197559893131e-05 - timing_s/agent_loop/num_preempted/min:np.int64(-1) - timing_s/agent_loop/num_preempted/max:np.int64(-1) - timing_s/agent_loop/num_preempted/mean:np.float64(-1.0) - timing_s/agent_loop/generate_sequences/min:np.float64(64.93130230598035) - timing_s/agent_loop/generate_sequences/max:np.float64(111.78580151702045) - timing_s/agent_loop/generate_sequences/mean:np.float64(97.56444949175852) - timing_s/agent_loop/tool_calls/min:np.float64(0.06552083400310948) - timing_s/agent_loop/tool_calls/max:np.float64(0.7444368849974126) - timing_s/agent_loop/tool_calls/mean:np.float64(0.1416326019598273) - timing_s/agent_loop/compute_score/min:np.float64(0.31882139600929804) - timing_s/agent_loop/compute_score/max:np.float64(4.607348782999907) - timing_s/agent_loop/compute_score/mean:np.float64(1.230044247647811) - timing_s/agent_loop/slowest/generate_sequences:np.float64(111.72653323202394) - timing_s/agent_loop/slowest/tool_calls:np.float64(0.09567589999642223) - timing_s/agent_loop/slowest/compute_score:np.float64(3.1658198639925104) - timing_s/agent_loop/slowest/num_preempted:np.int64(-1) - timing_s/agent_loop/slowest/prompt_length:3962 - timing_s/agent_loop/slowest/response_length:3402 - timing_s/gen:141.88718094400247 - timing_s/reward:0.0005261299957055598 - timing_s/old_log_prob:142.6312365400081 - timing_s/ref:136.67291594698327 - timing_s/adv:0.16955853698891588 - timing_s/update_actor:327.91552255800343 - timing_s/update_weights:3.9838611610175576 - timing_s/dump_rollout_generations:0.32289414599654265 - timing_s/step:753.7397986169963 - timing_s/stop_profile:4.608198651112616e-05 - timing_per_token_ms/adv:0.0001831099554628554 - timing_per_token_ms/gen:0.34482073520770695 - timing_per_token_ms/ref:0.14759605736434644 - timing_per_token_ms/update_actor:0.3541231116844333 - perf/total_num_tokens:925993 - perf/time_per_step:753.7397986169963 - perf/throughput:1228.5313866921497
[36m(TaskRunner pid=3691285)[0m Dumped generations to /home/yw4636/agentic-tvg/results/grpo-vanilla/rollouts/92.jsonl
[36m(TaskRunner pid=3691285)[0m step:92 - global_seqlen/min:927465 - global_seqlen/max:927465 - global_seqlen/minmax_diff:0 - global_seqlen/balanced_min:927465 - global_seqlen/balanced_max:927465 - global_seqlen/mean:927465.0 - actor/entropy:1.016038417816162 - perf/mfu/actor_infer:0.3039266693242357 - training/rollout_probs_diff_valid:1 - training/rollout_probs_diff_max:0.29142168164253235 - training/rollout_probs_diff_mean:0.009113788604736328 - training/rollout_probs_diff_std:0.014005780220031738 - training/rollout_actor_probs_pearson_corr:0.9989814162254333 - rollout_corr/training_ppl:2.7655189037323 - rollout_corr/training_log_ppl:0.9960691928863525 - rollout_corr/kl:0.0027799003291875124 - rollout_corr/k3_kl:0.0025486478116363287 - rollout_corr/rollout_ppl:2.7575228214263916 - rollout_corr/rollout_log_ppl:0.9930296540260315 - rollout_corr/log_ppl_diff:0.0030395383946597576 - rollout_corr/log_ppl_abs_diff:0.004008549731224775 - rollout_corr/log_ppl_diff_max:0.013924002647399902 - rollout_corr/log_ppl_diff_min:-0.008363842964172363 - rollout_corr/ppl_ratio:1.0030522346496582 - rollout_corr/chi2_token:0.004639267921447754 - rollout_corr/chi2_seq:107.93206024169922 - actor/pg_clipfrac:np.float64(0.0) - actor/ppo_kl:np.float64(0.0) - actor/pg_clipfrac_lower:np.float64(0.0) - actor/pg_loss:np.float64(0.005780247462098487) - actor/kl_loss:np.float64(0.001972435897187097) - actor/kl_coef:np.float64(0.0010000000000000002) - actor/loss:np.float64(0.005782216787338257) - actor/grad_norm:np.float64(0.0583844892680645) - actor/lr:np.float64(7.611063520833008e-06) - actor/perf/max_memory_allocated_gb:np.float64(39.21875619888306) - actor/perf/max_memory_reserved_gb:np.float64(42.099609375) - actor/perf/cpu_memory_used_gb:np.float64(99.28647994995117) - perf/mfu/actor:np.float64(0.3378612340507523) - training/global_step:92 - training/epoch:0 - critic/score/mean:1.1700818538665771 - critic/score/max:1.9998902082443237 - critic/score/min:0.5 - critic/rewards/mean:1.1700818538665771 - critic/rewards/max:1.9998902082443237 - critic/rewards/min:0.5 - critic/advantages/mean:-0.005780245643109083 - critic/advantages/max:3.0721232891082764 - critic/advantages/min:-3.091317892074585 - critic/returns/mean:-0.005780245643109083 - critic/returns/max:3.0721232891082764 - critic/returns/min:-3.091317892074585 - response_length/mean:3229.6953125 - response_length/max:3690.0 - response_length/min:2927.0 - response_length/clip_ratio:0.0 - response_length_non_aborted/mean:3229.6953125 - response_length_non_aborted/max:3690.0 - response_length_non_aborted/min:2927.0 - response_length_non_aborted/clip_ratio:0.0 - response/aborted_ratio:0.0 - prompt_length/mean:4016.125 - prompt_length/max:4142.0 - prompt_length/min:3929.0 - prompt_length/clip_ratio:0.0 - num_turns/min:np.int32(4) - num_turns/max:np.int32(4) - num_turns/mean:np.float64(4.0) - timing_s/start_profile:6.143099744804204e-05 - timing_s/agent_loop/num_preempted/min:np.int64(-1) - timing_s/agent_loop/num_preempted/max:np.int64(-1) - timing_s/agent_loop/num_preempted/mean:np.float64(-1.0) - timing_s/agent_loop/generate_sequences/min:np.float64(69.17685369300307) - timing_s/agent_loop/generate_sequences/max:np.float64(115.81215590101783) - timing_s/agent_loop/generate_sequences/mean:np.float64(98.52558863082231) - timing_s/agent_loop/tool_calls/min:np.float64(0.058904400997562334) - timing_s/agent_loop/tool_calls/max:np.float64(0.7400972420000471) - timing_s/agent_loop/tool_calls/mean:np.float64(0.15795100092873327) - timing_s/agent_loop/compute_score/min:np.float64(0.3277231359970756) - timing_s/agent_loop/compute_score/max:np.float64(5.323263794998638) - timing_s/agent_loop/compute_score/mean:np.float64(1.139512961798573) - timing_s/agent_loop/slowest/generate_sequences:np.float64(115.81215590101783) - timing_s/agent_loop/slowest/tool_calls:np.float64(0.06701986899133772) - timing_s/agent_loop/slowest/compute_score:np.float64(0.9515902709972579) - timing_s/agent_loop/slowest/num_preempted:np.int64(-1) - timing_s/agent_loop/slowest/prompt_length:3941 - timing_s/agent_loop/slowest/response_length:3690 - timing_s/gen:144.95971268200083 - timing_s/reward:0.0005146879993844777 - timing_s/old_log_prob:143.52346462701098 - timing_s/ref:134.57672968300176 - timing_s/adv:0.1711181300051976 - timing_s/update_actor:329.3981833489961 - timing_s/update_weights:3.98852013098076 - timing_s/dump_rollout_generations:0.3243293809937313 - timing_s/step:757.1016045219731 - timing_s/stop_profile:4.754899418912828e-05 - timing_per_token_ms/adv:0.0001845009030046391 - timing_per_token_ms/gen:0.350651577238567 - timing_per_token_ms/ref:0.14510168004507099 - timing_per_token_ms/update_actor:0.35515969157757554 - perf/total_num_tokens:927465 - perf/time_per_step:757.1016045219731 - perf/throughput:1225.0205183300236[36m(TaskRunner pid=3691285)[0m Training Progress:  35%|███▍      | 93/267 [7:25:41<37:23:54, 773.76s/it]
[36m(TaskRunner pid=3691285)[0m Training Progress:  35%|███▌      | 94/267 [7:38:16<36:54:30, 768.04s/it]

[36m(TaskRunner pid=3691285)[0m Dumped generations to /home/yw4636/agentic-tvg/results/grpo-vanilla/rollouts/93.jsonl
[36m(TaskRunner pid=3691285)[0m step:93 - global_seqlen/min:928982 - global_seqlen/max:928982 - global_seqlen/minmax_diff:0 - global_seqlen/balanced_min:928982 - global_seqlen/balanced_max:928982 - global_seqlen/mean:928982.0 - actor/entropy:1.067987084388733 - perf/mfu/actor_infer:0.30248941875290786 - training/rollout_probs_diff_valid:1 - training/rollout_probs_diff_max:0.3301159739494324 - training/rollout_probs_diff_mean:0.009380238130688667 - training/rollout_probs_diff_std:0.014259540475904942 - training/rollout_actor_probs_pearson_corr:0.9989367723464966 - rollout_corr/training_ppl:2.9335153102874756 - rollout_corr/training_log_ppl:1.0585596561431885 - rollout_corr/kl:0.002606854075565934 - rollout_corr/k3_kl:0.0026448904536664486 - rollout_corr/rollout_ppl:2.9257891178131104 - rollout_corr/rollout_log_ppl:1.0558786392211914 - rollout_corr/log_ppl_diff:0.0026810606941580772 - rollout_corr/log_ppl_abs_diff:0.0033924560993909836 - rollout_corr/log_ppl_diff_max:0.0113067626953125 - rollout_corr/log_ppl_diff_min:-0.004364967346191406 - rollout_corr/ppl_ratio:1.0026894807815552 - rollout_corr/chi2_token:0.005479216575622559 - rollout_corr/chi2_seq:1.6910865306854248 - actor/pg_clipfrac:np.float64(0.0) - actor/ppo_kl:np.float64(0.0) - actor/pg_clipfrac_lower:np.float64(0.0) - actor/pg_loss:np.float64(-0.007027751940768212) - actor/kl_loss:np.float64(0.0021460641801240854) - actor/kl_coef:np.float64(0.0010000000000000002) - actor/loss:np.float64(-0.007025603204965591) - actor/grad_norm:np.float64(0.05770815908908844) - actor/lr:np.float64(7.564158244981408e-06) - actor/perf/max_memory_allocated_gb:np.float64(39.21875619888306) - actor/perf/max_memory_reserved_gb:np.float64(42.099609375) - actor/perf/cpu_memory_used_gb:np.float64(99.42817687988281) - perf/mfu/actor:np.float64(0.3366145023749048) - training/global_step:93 - training/epoch:0 - critic/score/mean:1.071767807006836 - critic/score/max:1.880232572555542 - critic/score/min:0.5 - critic/rewards/mean:1.071767807006836 - critic/rewards/max:1.880232572555542 - critic/rewards/min:0.5 - critic/advantages/mean:0.007027762942016125 - critic/advantages/max:3.2984201908111572 - critic/advantages/min:-1.5209840536117554 - critic/returns/mean:0.007027762942016125 - critic/returns/max:3.2984201908111572 - critic/returns/min:-1.5209840536117554 - response_length/mean:3242.796875 - response_length/max:3702.0 - response_length/min:471.0 - response_length/clip_ratio:0.0 - response_length_non_aborted/mean:3242.796875 - response_length_non_aborted/max:3702.0 - response_length_non_aborted/min:471.0 - response_length_non_aborted/clip_ratio:0.0 - response/aborted_ratio:0.0 - prompt_length/mean:4014.875 - prompt_length/max:4145.0 - prompt_length/min:3934.0 - prompt_length/clip_ratio:0.0 - num_turns/min:np.int32(4) - num_turns/max:np.int32(4) - num_turns/mean:np.float64(4.0) - timing_s/start_profile:6.406399188563228e-05 - timing_s/agent_loop/num_preempted/min:np.int64(-1) - timing_s/agent_loop/num_preempted/max:np.int64(-1) - timing_s/agent_loop/num_preempted/mean:np.float64(-1.0) - timing_s/agent_loop/generate_sequences/min:np.float64(74.3102399459749) - timing_s/agent_loop/generate_sequences/max:np.float64(122.66387941400171) - timing_s/agent_loop/generate_sequences/mean:np.float64(106.8338351865932) - timing_s/agent_loop/tool_calls/min:np.float64(0.00011571397772058845) - timing_s/agent_loop/tool_calls/max:np.float64(0.7793538059922867) - timing_s/agent_loop/tool_calls/mean:np.float64(0.13157858358476915) - timing_s/agent_loop/compute_score/min:np.float64(0.3553974399983417) - timing_s/agent_loop/compute_score/max:np.float64(10.835740134003572) - timing_s/agent_loop/compute_score/mean:np.float64(1.3655597773433783) - timing_s/agent_loop/slowest/generate_sequences:np.float64(122.18367821598076) - timing_s/agent_loop/slowest/tool_calls:np.float64(0.103137295023771) - timing_s/agent_loop/slowest/compute_score:np.float64(1.7632616029877681) - timing_s/agent_loop/slowest/num_preempted:np.int64(-1) - timing_s/agent_loop/slowest/prompt_length:3945 - timing_s/agent_loop/slowest/response_length:3702 - timing_s/gen:153.82937546999892 - timing_s/reward:0.0005103540024720132 - timing_s/old_log_prob:143.10922578399186 - timing_s/ref:134.64874460501596 - timing_s/adv:0.17245646900846623 - timing_s/update_actor:329.07420916398405 - timing_s/update_weights:4.029522122989874 - timing_s/dump_rollout_generations:0.3233479799819179 - timing_s/step:765.3627428839973 - timing_s/stop_profile:4.623099812306464e-05 - timing_per_token_ms/adv:0.00018564026968064638 - timing_per_token_ms/gen:0.37060353829882314 - timing_per_token_ms/ref:0.1449422535689776 - timing_per_token_ms/update_actor:0.3542309852763391 - perf/total_num_tokens:928982 - perf/time_per_step:765.3627428839973 - perf/throughput:1213.780012990261
[36m(TaskRunner pid=3691285)[0m Dumped generations to /home/yw4636/agentic-tvg/results/grpo-vanilla/rollouts/94.jsonl
[36m(TaskRunner pid=3691285)[0m step:94 - global_seqlen/min:922985 - global_seqlen/max:922985 - global_seqlen/minmax_diff:0 - global_seqlen/balanced_min:922985 - global_seqlen/balanced_max:922985 - global_seqlen/mean:922985.0 - actor/entropy:1.032772183418274 - perf/mfu/actor_infer:0.3013537375558357 - training/rollout_probs_diff_valid:1 - training/rollout_probs_diff_max:0.2704704999923706 - training/rollout_probs_diff_mean:0.00896750669926405 - training/rollout_probs_diff_std:0.013882877305150032 - training/rollout_actor_probs_pearson_corr:0.9990110993385315 - rollout_corr/training_ppl:2.8578603267669678 - rollout_corr/training_log_ppl:1.021255612373352 - rollout_corr/kl:0.0021974758710712194 - rollout_corr/k3_kl:0.0026034023612737656 - rollout_corr/rollout_ppl:2.85089111328125 - rollout_corr/rollout_log_ppl:1.0190049409866333 - rollout_corr/log_ppl_diff:0.0022507640533149242 - rollout_corr/log_ppl_abs_diff:0.0031449771486222744 - rollout_corr/log_ppl_diff_max:0.012726783752441406 - rollout_corr/log_ppl_diff_min:-0.0063637495040893555 - rollout_corr/ppl_ratio:1.00225830078125 - rollout_corr/chi2_token:0.006832242012023926 - rollout_corr/chi2_seq:2.9008102416992188 - actor/pg_clipfrac:np.float64(0.0) - actor/ppo_kl:np.float64(0.0) - actor/pg_clipfrac_lower:np.float64(0.0) - actor/pg_loss:np.float64(0.030879887111950666) - actor/kl_loss:np.float64(0.00204529480470228) - actor/kl_coef:np.float64(0.0010000000000000002) - actor/loss:np.float64(0.030881932005286217) - actor/grad_norm:np.float64(0.06032102182507515) - actor/lr:np.float64(7.516967200073406e-06) - actor/perf/max_memory_allocated_gb:np.float64(39.21875619888306) - actor/perf/max_memory_reserved_gb:np.float64(42.099609375) - actor/perf/cpu_memory_used_gb:np.float64(99.18103790283203) - perf/mfu/actor:np.float64(0.3368901308949827) - training/global_step:94 - training/epoch:0 - critic/score/mean:1.0402767658233643 - critic/score/max:2.0 - critic/score/min:0.11560693383216858 - critic/rewards/mean:1.0402767658233643 - critic/rewards/max:2.0 - critic/rewards/min:0.11560693383216858 - critic/advantages/mean:-0.03087988682091236 - critic/advantages/max:2.928307294845581 - critic/advantages/min:-3.171900510787964 - critic/returns/mean:-0.03087988682091236 - critic/returns/max:2.928307294845581 - critic/returns/min:-3.171900510787964 - response_length/mean:3221.0703125 - response_length/max:3628.0 - response_length/min:2722.0 - response_length/clip_ratio:0.0 - response_length_non_aborted/mean:3221.0703125 - response_length_non_aborted/max:3628.0 - response_length_non_aborted/min:2722.0 - response_length_non_aborted/clip_ratio:0.0 - response/aborted_ratio:0.0 - prompt_length/mean:3989.75 - prompt_length/max:4139.0 - prompt_length/min:3933.0 - prompt_length/clip_ratio:0.0 - num_turns/min:np.int32(4) - num_turns/max:np.int32(4) - num_turns/mean:np.float64(4.0) - timing_s/start_profile:6.195300375111401e-05 - timing_s/agent_loop/num_preempted/min:np.int64(-1) - timing_s/agent_loop/num_preempted/max:np.int64(-1) - timing_s/agent_loop/num_preempted/mean:np.float64(-1.0) - timing_s/agent_loop/generate_sequences/min:np.float64(75.31277091000811) - timing_s/agent_loop/generate_sequences/max:np.float64(122.59954579401528) - timing_s/agent_loop/generate_sequences/mean:np.float64(104.84159828474162) - timing_s/agent_loop/tool_calls/min:np.float64(0.057380926999030635) - timing_s/agent_loop/tool_calls/max:np.float64(0.7373706660000607) - timing_s/agent_loop/tool_calls/mean:np.float64(0.13324504132742732) - timing_s/agent_loop/compute_score/min:np.float64(0.3477717939822469) - timing_s/agent_loop/compute_score/max:np.float64(4.8289108329918236) - timing_s/agent_loop/compute_score/mean:np.float64(1.2468265358595545) - timing_s/agent_loop/slowest/generate_sequences:np.float64(122.59954579401528) - timing_s/agent_loop/slowest/tool_calls:np.float64(0.10910361600690521) - timing_s/agent_loop/slowest/compute_score:np.float64(3.280103255994618) - timing_s/agent_loop/slowest/num_preempted:np.int64(-1) - timing_s/agent_loop/slowest/prompt_length:3936 - timing_s/agent_loop/slowest/response_length:3418 - timing_s/gen:148.38999534997856 - timing_s/reward:0.0005116199899930507 - timing_s/old_log_prob:140.13687315199059 - timing_s/ref:136.4799940889934 - timing_s/adv:0.16984668801887892 - timing_s/update_actor:324.9381360760017 - timing_s/update_weights:3.989003536000382 - timing_s/dump_rollout_generations:0.3241575410065707 - timing_s/step:754.6113193039782 - timing_s/stop_profile:6.747501902282238e-05 - timing_per_token_ms/adv:0.00018401890390296584 - timing_per_token_ms/gen:0.35991044162334085 - timing_per_token_ms/ref:0.1478680521232668 - timing_per_token_ms/update_actor:0.3520513725315164 - perf/total_num_tokens:922985 - perf/time_per_step:754.6113193039782 - perf/throughput:1223.1263650422347[36m(TaskRunner pid=3691285)[0m Training Progress:  36%|███▌      | 95/267 [7:50:43<36:23:47, 761.79s/it]
[36m(TaskRunner pid=3691285)[0m Training Progress:  36%|███▌      | 96/267 [8:03:00<35:49:58, 754.37s/it]

[36m(TaskRunner pid=3691285)[0m Dumped generations to /home/yw4636/agentic-tvg/results/grpo-vanilla/rollouts/95.jsonl
[36m(TaskRunner pid=3691285)[0m step:95 - global_seqlen/min:924657 - global_seqlen/max:924657 - global_seqlen/minmax_diff:0 - global_seqlen/balanced_min:924657 - global_seqlen/balanced_max:924657 - global_seqlen/mean:924657.0 - actor/entropy:0.9856187701225281 - perf/mfu/actor_infer:0.30349750474676634 - training/rollout_probs_diff_valid:1 - training/rollout_probs_diff_max:0.5806553363800049 - training/rollout_probs_diff_mean:0.008877701126039028 - training/rollout_probs_diff_std:0.014166991226375103 - training/rollout_actor_probs_pearson_corr:0.9989759922027588 - rollout_corr/training_ppl:2.7237584590911865 - rollout_corr/training_log_ppl:0.9795698523521423 - rollout_corr/kl:0.00285337888635695 - rollout_corr/k3_kl:0.0024856505915522575 - rollout_corr/rollout_ppl:2.715306043624878 - rollout_corr/rollout_log_ppl:0.9767470955848694 - rollout_corr/log_ppl_diff:0.002822795184329152 - rollout_corr/log_ppl_abs_diff:0.0037822730373591185 - rollout_corr/log_ppl_diff_max:0.011885285377502441 - rollout_corr/log_ppl_diff_min:-0.00724184513092041 - rollout_corr/ppl_ratio:1.002833366394043 - rollout_corr/chi2_token:0.004433035850524902 - rollout_corr/chi2_seq:33.091670989990234 - actor/pg_clipfrac:np.float64(0.0) - actor/ppo_kl:np.float64(0.0) - actor/pg_clipfrac_lower:np.float64(0.0) - actor/pg_loss:np.float64(-0.02332230283627723) - actor/kl_loss:np.float64(0.0020648771678679623) - actor/kl_coef:np.float64(0.0010000000000000002) - actor/loss:np.float64(-0.023320237174630165) - actor/grad_norm:np.float64(0.057111311703920364) - actor/lr:np.float64(7.469496919397039e-06) - actor/perf/max_memory_allocated_gb:np.float64(39.21875619888306) - actor/perf/max_memory_reserved_gb:np.float64(42.099609375) - actor/perf/cpu_memory_used_gb:np.float64(99.56061172485352) - perf/mfu/actor:np.float64(0.3389489899753762) - training/global_step:95 - training/epoch:0 - critic/score/mean:1.1108567714691162 - critic/score/max:1.9581902027130127 - critic/score/min:0.0 - critic/rewards/mean:1.1108567714691162 - critic/rewards/max:1.9581902027130127 - critic/rewards/min:0.0 - critic/advantages/mean:0.02332230843603611 - critic/advantages/max:2.446242094039917 - critic/advantages/min:-3.6234283447265625 - critic/returns/mean:0.02332230843603611 - critic/returns/max:2.446242094039917 - critic/returns/min:-3.6234283447265625 - response_length/mean:3262.1328125 - response_length/max:3706.0 - response_length/min:114.0 - response_length/clip_ratio:0.0 - response_length_non_aborted/mean:3262.1328125 - response_length_non_aborted/max:3706.0 - response_length_non_aborted/min:114.0 - response_length_non_aborted/clip_ratio:0.0 - response/aborted_ratio:0.0 - prompt_length/mean:3961.75 - prompt_length/max:4134.0 - prompt_length/min:3922.0 - prompt_length/clip_ratio:0.0 - num_turns/min:np.int32(2) - num_turns/max:np.int32(4) - num_turns/mean:np.float64(3.984375) - timing_s/start_profile:5.9802987379953265e-05 - timing_s/agent_loop/num_preempted/min:np.int64(-1) - timing_s/agent_loop/num_preempted/max:np.int64(-1) - timing_s/agent_loop/num_preempted/mean:np.float64(-1.0) - timing_s/agent_loop/generate_sequences/min:np.float64(19.59990050099441) - timing_s/agent_loop/generate_sequences/max:np.float64(113.92417343897978) - timing_s/agent_loop/generate_sequences/mean:np.float64(98.05017827376196) - timing_s/agent_loop/tool_calls/min:np.float64(0.0) - timing_s/agent_loop/tool_calls/max:np.float64(0.6099376049824059) - timing_s/agent_loop/tool_calls/mean:np.float64(0.1493034252346206) - timing_s/agent_loop/compute_score/min:np.float64(0.33962160401279107) - timing_s/agent_loop/compute_score/max:np.float64(6.399347411992494) - timing_s/agent_loop/compute_score/mean:np.float64(1.346726665516826) - timing_s/agent_loop/slowest/generate_sequences:np.float64(112.60961212799884) - timing_s/agent_loop/slowest/tool_calls:np.float64(0.09985728899482638) - timing_s/agent_loop/slowest/compute_score:np.float64(4.088813687994843) - timing_s/agent_loop/slowest/num_preempted:np.int64(-1) - timing_s/agent_loop/slowest/prompt_length:3947 - timing_s/agent_loop/slowest/response_length:3585 - timing_s/gen:141.83600979999756 - timing_s/reward:0.0004540919908322394 - timing_s/old_log_prob:142.06344097602414 - timing_s/ref:134.21916585200233 - timing_s/adv:0.16797990098712035 - timing_s/update_actor:323.4951076020079 - timing_s/update_weights:3.9759669360064436 - timing_s/dump_rollout_generations:0.3205324879963882 - timing_s/step:746.2490382530086 - timing_s/stop_profile:4.669299232773483e-05 - timing_per_token_ms/adv:0.0001816672571419676 - timing_per_token_ms/gen:0.33968384803844676 - timing_per_token_ms/ref:0.14515562619652728 - timing_per_token_ms/update_actor:0.34985417035939587 - perf/total_num_tokens:924657 - perf/time_per_step:746.2490382530086 - perf/throughput:1239.07295366792
[36m(TaskRunner pid=3691285)[0m Dumped generations to /home/yw4636/agentic-tvg/results/grpo-vanilla/rollouts/96.jsonl
[36m(TaskRunner pid=3691285)[0m step:96 - global_seqlen/min:915821 - global_seqlen/max:915821 - global_seqlen/minmax_diff:0 - global_seqlen/balanced_min:915821 - global_seqlen/balanced_max:915821 - global_seqlen/mean:915821.0 - actor/entropy:1.0144141912460327 - perf/mfu/actor_infer:0.3040672340155988 - training/rollout_probs_diff_valid:1 - training/rollout_probs_diff_max:0.2395910769701004 - training/rollout_probs_diff_mean:0.009232172742486 - training/rollout_probs_diff_std:0.014099462889134884 - training/rollout_actor_probs_pearson_corr:0.9989606738090515 - rollout_corr/training_ppl:2.7717044353485107 - rollout_corr/training_log_ppl:1.0016746520996094 - rollout_corr/kl:0.002776592504233122 - rollout_corr/k3_kl:0.0025809553917497396 - rollout_corr/rollout_ppl:2.763641595840454 - rollout_corr/rollout_log_ppl:0.9988225698471069 - rollout_corr/log_ppl_diff:0.002852026838809252 - rollout_corr/log_ppl_abs_diff:0.003334911074489355 - rollout_corr/log_ppl_diff_max:0.013028860092163086 - rollout_corr/log_ppl_diff_min:-0.003065347671508789 - rollout_corr/ppl_ratio:1.002861499786377 - rollout_corr/chi2_token:0.0048618316650390625 - rollout_corr/chi2_seq:-0.039921462535858154 - actor/pg_clipfrac:np.float64(0.0) - actor/ppo_kl:np.float64(0.0) - actor/pg_clipfrac_lower:np.float64(0.0) - actor/pg_loss:np.float64(0.030587399516662117) - actor/kl_loss:np.float64(0.0022264003346208483) - actor/kl_coef:np.float64(0.0010000000000000002) - actor/loss:np.float64(0.030589628964662552) - actor/grad_norm:np.float64(0.06028195470571518) - actor/lr:np.float64(7.4217539748986934e-06) - actor/perf/max_memory_allocated_gb:np.float64(39.21875619888306) - actor/perf/max_memory_reserved_gb:np.float64(42.099609375) - actor/perf/cpu_memory_used_gb:np.float64(98.87346649169922) - perf/mfu/actor:np.float64(0.33704798498079497) - training/global_step:96 - training/epoch:0 - critic/score/mean:1.207147479057312 - critic/score/max:1.9900000095367432 - critic/score/min:0.5 - critic/rewards/mean:1.207147479057312 - critic/rewards/max:1.9900000095367432 - critic/rewards/min:0.5 - critic/advantages/mean:-0.030587412416934967 - critic/advantages/max:2.496856451034546 - critic/advantages/min:-3.1447794437408447 - critic/returns/mean:-0.030587412416934967 - critic/returns/max:2.496856451034546 - critic/returns/min:-3.1447794437408447 - response_length/mean:3198.2265625 - response_length/max:3909.0 - response_length/min:494.0 - response_length/clip_ratio:0.0 - response_length_non_aborted/mean:3198.2265625 - response_length_non_aborted/max:3909.0 - response_length_non_aborted/min:494.0 - response_length_non_aborted/clip_ratio:0.0 - response/aborted_ratio:0.0 - prompt_length/mean:3956.625 - prompt_length/max:4135.0 - prompt_length/min:3633.0 - prompt_length/clip_ratio:0.0 - num_turns/min:np.int32(4) - num_turns/max:np.int32(4) - num_turns/mean:np.float64(4.0) - timing_s/start_profile:6.096699507907033e-05 - timing_s/agent_loop/num_preempted/min:np.int64(-1) - timing_s/agent_loop/num_preempted/max:np.int64(-1) - timing_s/agent_loop/num_preempted/mean:np.float64(-1.0) - timing_s/agent_loop/generate_sequences/min:np.float64(68.51092900999356) - timing_s/agent_loop/generate_sequences/max:np.float64(118.01008502297918) - timing_s/agent_loop/generate_sequences/mean:np.float64(99.24772352647165) - timing_s/agent_loop/tool_calls/min:np.float64(0.0003362300049047917) - timing_s/agent_loop/tool_calls/max:np.float64(0.7516225680010393) - timing_s/agent_loop/tool_calls/mean:np.float64(0.12992626402296992) - timing_s/agent_loop/compute_score/min:np.float64(0.326577198022278) - timing_s/agent_loop/compute_score/max:np.float64(4.079896178998752) - timing_s/agent_loop/compute_score/mean:np.float64(1.1534326294540733) - timing_s/agent_loop/slowest/generate_sequences:np.float64(118.01008502297918) - timing_s/agent_loop/slowest/tool_calls:np.float64(0.09913508998579346) - timing_s/agent_loop/slowest/compute_score:np.float64(0.3469819159945473) - timing_s/agent_loop/slowest/num_preempted:np.int64(-1) - timing_s/agent_loop/slowest/prompt_length:3947 - timing_s/agent_loop/slowest/response_length:3909 - timing_s/gen:144.47760644200025 - timing_s/reward:0.0004598399973474443 - timing_s/old_log_prob:137.02237329501077 - timing_s/ref:128.6375173839915 - timing_s/adv:0.16884750800090842 - timing_s/update_actor:322.23111511199386 - timing_s/update_weights:3.9602920850156806 - timing_s/dump_rollout_generations:0.3312180250068195 - timing_s/step:737.0095956359874 - timing_s/stop_profile:4.759299918077886e-05 - timing_per_token_ms/adv:0.0001843673687335281 - timing_per_token_ms/gen:0.3529241216250223 - timing_per_token_ms/ref:0.14046141918998528 - timing_per_token_ms/update_actor:0.35184944996019296 - perf/total_num_tokens:915821 - perf/time_per_step:737.0095956359874 - perf/throughput:1242.6174712280524[36m(TaskRunner pid=3691285)[0m Training Progress:  36%|███▋      | 97/267 [8:15:27<35:31:07, 752.16s/it]
[36m(TaskRunner pid=3691285)[0m Training Progress:  37%|███▋      | 98/267 [8:27:50<35:10:36, 749.33s/it]

[36m(TaskRunner pid=3691285)[0m Dumped generations to /home/yw4636/agentic-tvg/results/grpo-vanilla/rollouts/97.jsonl
[36m(TaskRunner pid=3691285)[0m step:97 - global_seqlen/min:919915 - global_seqlen/max:919915 - global_seqlen/minmax_diff:0 - global_seqlen/balanced_min:919915 - global_seqlen/balanced_max:919915 - global_seqlen/mean:919915.0 - actor/entropy:1.0618340969085693 - perf/mfu/actor_infer:0.3028352359126126 - training/rollout_probs_diff_valid:1 - training/rollout_probs_diff_max:0.2898975610733032 - training/rollout_probs_diff_mean:0.009186281822621822 - training/rollout_probs_diff_std:0.013915822841227055 - training/rollout_actor_probs_pearson_corr:0.9989916682243347 - rollout_corr/training_ppl:2.9431192874908447 - rollout_corr/training_log_ppl:1.0594760179519653 - rollout_corr/kl:0.0022123034577816725 - rollout_corr/k3_kl:0.0026767223607748747 - rollout_corr/rollout_ppl:2.9366846084594727 - rollout_corr/rollout_log_ppl:1.0572665929794312 - rollout_corr/log_ppl_diff:0.0022094990126788616 - rollout_corr/log_ppl_abs_diff:0.0037143765948712826 - rollout_corr/log_ppl_diff_max:0.011599183082580566 - rollout_corr/log_ppl_diff_min:-0.009163975715637207 - rollout_corr/ppl_ratio:1.0022201538085938 - rollout_corr/chi2_token:0.007866144180297852 - rollout_corr/chi2_seq:13.05445671081543 - actor/pg_clipfrac:np.float64(0.0) - actor/ppo_kl:np.float64(0.0) - actor/pg_clipfrac_lower:np.float64(0.0) - actor/pg_loss:np.float64(-0.021254390594549477) - actor/kl_loss:np.float64(0.0024222393076342996) - actor/kl_coef:np.float64(0.0010000000000000002) - actor/loss:np.float64(-0.021251972764730453) - actor/grad_norm:np.float64(0.062075208872556686) - actor/lr:np.float64(7.373744976273256e-06) - actor/perf/max_memory_allocated_gb:np.float64(39.21875619888306) - actor/perf/max_memory_reserved_gb:np.float64(42.099609375) - actor/perf/cpu_memory_used_gb:np.float64(99.60750198364258) - perf/mfu/actor:np.float64(0.33779769475008975) - training/global_step:97 - training/epoch:0 - critic/score/mean:1.1433035135269165 - critic/score/max:2.0 - critic/score/min:0.0 - critic/rewards/mean:1.1433035135269165 - critic/rewards/max:2.0 - critic/rewards/min:0.0 - critic/advantages/mean:0.02125440165400505 - critic/advantages/max:2.820734977722168 - critic/advantages/min:-3.631401777267456 - critic/returns/mean:0.02125440165400505 - critic/returns/max:2.820734977722168 - critic/returns/min:-3.631401777267456 - response_length/mean:3193.8359375 - response_length/max:3415.0 - response_length/min:250.0 - response_length/clip_ratio:0.0 - response_length_non_aborted/mean:3193.8359375 - response_length_non_aborted/max:3415.0 - response_length_non_aborted/min:250.0 - response_length_non_aborted/clip_ratio:0.0 - response/aborted_ratio:0.0 - prompt_length/mean:3993.0 - prompt_length/max:4152.0 - prompt_length/min:3935.0 - prompt_length/clip_ratio:0.0 - num_turns/min:np.int32(2) - num_turns/max:np.int32(4) - num_turns/mean:np.float64(3.984375) - timing_s/start_profile:6.164700607769191e-05 - timing_s/agent_loop/num_preempted/min:np.int64(-1) - timing_s/agent_loop/num_preempted/max:np.int64(-1) - timing_s/agent_loop/num_preempted/mean:np.float64(-1.0) - timing_s/agent_loop/generate_sequences/min:np.float64(24.351668157003587) - timing_s/agent_loop/generate_sequences/max:np.float64(113.50428153495886) - timing_s/agent_loop/generate_sequences/mean:np.float64(100.00195442103154) - timing_s/agent_loop/tool_calls/min:np.float64(0.0) - timing_s/agent_loop/tool_calls/max:np.float64(0.7495577239897102) - timing_s/agent_loop/tool_calls/mean:np.float64(0.1441768456097634) - timing_s/agent_loop/compute_score/min:np.float64(0.23298453498864546) - timing_s/agent_loop/compute_score/max:np.float64(4.63340588301071) - timing_s/agent_loop/compute_score/mean:np.float64(1.2353298876621466) - timing_s/agent_loop/slowest/generate_sequences:np.float64(112.33455763099482) - timing_s/agent_loop/slowest/tool_calls:np.float64(0.24677578601404093) - timing_s/agent_loop/slowest/compute_score:np.float64(3.38732860199525) - timing_s/agent_loop/slowest/num_preempted:np.int64(-1) - timing_s/agent_loop/slowest/prompt_length:3957 - timing_s/agent_loop/slowest/response_length:3298 - timing_s/gen:143.7956177390006 - timing_s/reward:0.00043765499140135944 - timing_s/old_log_prob:140.56255204800982 - timing_s/ref:134.0459493699891 - timing_s/adv:0.17060090799350291 - timing_s/update_actor:323.1221005989937 - timing_s/update_weights:3.9643873939930927 - timing_s/dump_rollout_generations:0.3209662169974763 - timing_s/step:746.1627888749936 - timing_s/stop_profile:4.624199937097728e-05 - timing_per_token_ms/adv:0.00018545290379383194 - timing_per_token_ms/gen:0.35174106797273214 - timing_per_token_ms/ref:0.14571558173308305 - timing_per_token_ms/update_actor:0.35125212720631116 - perf/total_num_tokens:919915 - perf/time_per_step:746.1627888749936 - perf/throughput:1232.8609972456231
[36m(TaskRunner pid=3691285)[0m Dumped generations to /home/yw4636/agentic-tvg/results/grpo-vanilla/rollouts/98.jsonl
[36m(TaskRunner pid=3691285)[0m step:98 - global_seqlen/min:913851 - global_seqlen/max:913851 - global_seqlen/minmax_diff:0 - global_seqlen/balanced_min:913851 - global_seqlen/balanced_max:913851 - global_seqlen/mean:913851.0 - actor/entropy:0.9831734895706177 - perf/mfu/actor_infer:0.30278487151523414 - training/rollout_probs_diff_valid:1 - training/rollout_probs_diff_max:0.2520813047885895 - training/rollout_probs_diff_mean:0.00954517163336277 - training/rollout_probs_diff_std:0.014672053046524525 - training/rollout_actor_probs_pearson_corr:0.9988629817962646 - rollout_corr/training_ppl:2.693145751953125 - rollout_corr/training_log_ppl:0.9771928787231445 - rollout_corr/kl:0.003252704394981265 - rollout_corr/k3_kl:0.0027134076226502657 - rollout_corr/rollout_ppl:2.6844191551208496 - rollout_corr/rollout_log_ppl:0.9739342927932739 - rollout_corr/log_ppl_diff:0.003258710727095604 - rollout_corr/log_ppl_abs_diff:0.0037172921001911163 - rollout_corr/log_ppl_diff_max:0.012616157531738281 - rollout_corr/log_ppl_diff_min:-0.00439608097076416 - rollout_corr/ppl_ratio:1.0032694339752197 - rollout_corr/chi2_token:0.004347085952758789 - rollout_corr/chi2_seq:0.5135738849639893 - actor/pg_clipfrac:np.float64(0.0) - actor/ppo_kl:np.float64(0.0) - actor/pg_clipfrac_lower:np.float64(0.0) - actor/pg_loss:np.float64(0.021540637244470417) - actor/kl_loss:np.float64(0.002355974294914631) - actor/kl_coef:np.float64(0.0010000000000000002) - actor/loss:np.float64(0.021542996168136597) - actor/grad_norm:np.float64(0.06812131404876709) - actor/lr:np.float64(7.325476570049049e-06) - actor/perf/max_memory_allocated_gb:np.float64(39.21875619888306) - actor/perf/max_memory_reserved_gb:np.float64(42.099609375) - actor/perf/cpu_memory_used_gb:np.float64(115.35477066040039) - perf/mfu/actor:np.float64(0.3379269395578646) - training/global_step:98 - training/epoch:0 - critic/score/mean:1.2630681991577148 - critic/score/max:1.8600729703903198 - critic/score/min:0.5 - critic/rewards/mean:1.2630681991577148 - critic/rewards/max:1.8600729703903198 - critic/rewards/min:0.5 - critic/advantages/mean:-0.02154063619673252 - critic/advantages/max:3.404064416885376 - critic/advantages/min:-2.4411540031433105 - critic/returns/mean:-0.02154063619673252 - critic/returns/max:3.404064416885376 - critic/returns/min:-2.4411540031433105 - response_length/mean:3208.9609375 - response_length/max:3500.0 - response_length/min:2743.0 - response_length/clip_ratio:0.0 - response_length_non_aborted/mean:3208.9609375 - response_length_non_aborted/max:3500.0 - response_length_non_aborted/min:2743.0 - response_length_non_aborted/clip_ratio:0.0 - response/aborted_ratio:0.0 - prompt_length/mean:3930.5 - prompt_length/max:4136.0 - prompt_length/min:3630.0 - prompt_length/clip_ratio:0.0 - num_turns/min:np.int32(4) - num_turns/max:np.int32(4) - num_turns/mean:np.float64(4.0) - timing_s/start_profile:7.323099998757243e-05 - timing_s/agent_loop/num_preempted/min:np.int64(-1) - timing_s/agent_loop/num_preempted/max:np.int64(-1) - timing_s/agent_loop/num_preempted/mean:np.float64(-1.0) - timing_s/agent_loop/generate_sequences/min:np.float64(71.61617953897803) - timing_s/agent_loop/generate_sequences/max:np.float64(116.94323573898873) - timing_s/agent_loop/generate_sequences/mean:np.float64(102.85518244644459) - timing_s/agent_loop/tool_calls/min:np.float64(0.05189919599797577) - timing_s/agent_loop/tool_calls/max:np.float64(0.8999647689925041) - timing_s/agent_loop/tool_calls/mean:np.float64(0.13849489529593484) - timing_s/agent_loop/compute_score/min:np.float64(0.29461080199689604) - timing_s/agent_loop/compute_score/max:np.float64(3.1401783939800225) - timing_s/agent_loop/compute_score/mean:np.float64(1.0994528327323678) - timing_s/agent_loop/slowest/generate_sequences:np.float64(116.94323573898873) - timing_s/agent_loop/slowest/tool_calls:np.float64(0.08810622501187027) - timing_s/agent_loop/slowest/compute_score:np.float64(0.9106628099980298) - timing_s/agent_loop/slowest/num_preempted:np.int64(-1) - timing_s/agent_loop/slowest/prompt_length:3945 - timing_s/agent_loop/slowest/response_length:3500 - timing_s/gen:146.97473300399724 - timing_s/reward:0.0005233940028119832 - timing_s/old_log_prob:138.03042260499205 - timing_s/ref:133.78162046999205 - timing_s/adv:0.17533519797143526 - timing_s/update_actor:319.2622518760036 - timing_s/update_weights:3.9475711659761146 - timing_s/dump_rollout_generations:0.3214263120025862 - timing_s/step:742.6346403129864 - timing_s/stop_profile:4.68849902972579e-05 - timing_per_token_ms/adv:0.00019186409816418132 - timing_per_token_ms/gen:0.3578230224542048 - timing_per_token_ms/ref:0.1463932528059739 - timing_per_token_ms/update_actor:0.34935919737025356 - perf/total_num_tokens:913851 - perf/time_per_step:742.6346403129864 - perf/throughput:1230.5526168491867[36m(TaskRunner pid=3691285)[0m Training Progress:  37%|███▋      | 99/267 [8:40:26<35:04:10, 751.49s/it]
[36m(WorkerDict pid=3691645)[0m /home/yw4636/.conda/envs/verl/lib/python3.12/site-packages/verl/plugin/platform/platform_cuda.py:99: FutureWarning: torch.cuda._set_allocator_settings is deprecated. Use torch._C._accelerator_setAllocatorSettings instead.
[36m(WorkerDict pid=3691645)[0m   torch.cuda.memory._set_allocator_settings(settings)

[36m(TaskRunner pid=3691285)[0m Dumped generations to /home/yw4636/agentic-tvg/results/grpo-vanilla/rollouts/99.jsonl
[36m(TaskRunner pid=3691285)[0m step:99 - global_seqlen/min:926256 - global_seqlen/max:926256 - global_seqlen/minmax_diff:0 - global_seqlen/balanced_min:926256 - global_seqlen/balanced_max:926256 - global_seqlen/mean:926256.0 - actor/entropy:1.02809476852417 - perf/mfu/actor_infer:0.3043462623741789 - training/rollout_probs_diff_valid:1 - training/rollout_probs_diff_max:0.34237492084503174 - training/rollout_probs_diff_mean:0.009369654580950737 - training/rollout_probs_diff_std:0.01464614924043417 - training/rollout_actor_probs_pearson_corr:0.9989013075828552 - rollout_corr/training_ppl:2.8526651859283447 - rollout_corr/training_log_ppl:1.0188286304473877 - rollout_corr/kl:0.002964794635772705 - rollout_corr/k3_kl:0.002830548444762826 - rollout_corr/rollout_ppl:2.843672513961792 - rollout_corr/rollout_log_ppl:1.015716552734375 - rollout_corr/log_ppl_diff:0.0031121494248509407 - rollout_corr/log_ppl_abs_diff:0.003591294400393963 - rollout_corr/log_ppl_diff_max:0.01428067684173584 - rollout_corr/log_ppl_diff_min:-0.004385948181152344 - rollout_corr/ppl_ratio:1.0031228065490723 - rollout_corr/chi2_token:0.005505204200744629 - rollout_corr/chi2_seq:0.6691951751708984 - actor/pg_clipfrac:np.float64(0.0) - actor/ppo_kl:np.float64(0.0) - actor/pg_clipfrac_lower:np.float64(0.0) - actor/pg_loss:np.float64(-0.010096927406266332) - actor/kl_loss:np.float64(0.0023783881078998093) - actor/kl_coef:np.float64(0.0010000000000000002) - actor/loss:np.float64(-0.010094545781612396) - actor/grad_norm:np.float64(0.06140745431184769) - actor/lr:np.float64(7.276955438667662e-06) - actor/perf/max_memory_allocated_gb:np.float64(39.21875619888306) - actor/perf/max_memory_reserved_gb:np.float64(42.099609375) - actor/perf/cpu_memory_used_gb:np.float64(131.46125411987305) - perf/mfu/actor:np.float64(0.34028597265579985) - training/global_step:99 - training/epoch:0 - critic/score/mean:1.127648115158081 - critic/score/max:1.96875 - critic/score/min:0.5 - critic/rewards/mean:1.127648115158081 - critic/rewards/max:1.96875 - critic/rewards/min:0.5 - critic/advantages/mean:0.010096936486661434 - critic/advantages/max:2.8350400924682617 - critic/advantages/min:-3.158806800842285 - critic/returns/mean:0.010096936486661434 - critic/returns/max:2.8350400924682617 - critic/returns/min:-3.158806800842285 - response_length/mean:3245.0 - response_length/max:3716.0 - response_length/min:502.0 - response_length/clip_ratio:0.0 - response_length_non_aborted/mean:3245.0 - response_length_non_aborted/max:3716.0 - response_length_non_aborted/min:502.0 - response_length_non_aborted/clip_ratio:0.0 - response/aborted_ratio:0.0 - prompt_length/mean:3991.375 - prompt_length/max:4140.0 - prompt_length/min:3934.0 - prompt_length/clip_ratio:0.0 - num_turns/min:np.int32(4) - num_turns/max:np.int32(4) - num_turns/mean:np.float64(4.0) - timing_s/start_profile:6.821300485171378e-05 - timing_s/agent_loop/num_preempted/min:np.int64(-1) - timing_s/agent_loop/num_preempted/max:np.int64(-1) - timing_s/agent_loop/num_preempted/mean:np.float64(-1.0) - timing_s/agent_loop/generate_sequences/min:np.float64(66.23439647399937) - timing_s/agent_loop/generate_sequences/max:np.float64(120.04089583401219) - timing_s/agent_loop/generate_sequences/mean:np.float64(104.31002104015806) - timing_s/agent_loop/tool_calls/min:np.float64(0.00010253998334519565) - timing_s/agent_loop/tool_calls/max:np.float64(0.8137887350167148) - timing_s/agent_loop/tool_calls/mean:np.float64(0.15997120507904583) - timing_s/agent_loop/compute_score/min:np.float64(0.31967623898526654) - timing_s/agent_loop/compute_score/max:np.float64(2.530673867004225) - timing_s/agent_loop/compute_score/mean:np.float64(1.16050740418018) - timing_s/agent_loop/slowest/generate_sequences:np.float64(119.42576292902231) - timing_s/agent_loop/slowest/tool_calls:np.float64(0.6970201820076909) - timing_s/agent_loop/slowest/compute_score:np.float64(0.9967283339938149) - timing_s/agent_loop/slowest/num_preempted:np.int64(-1) - timing_s/agent_loop/slowest/prompt_length:3934 - timing_s/agent_loop/slowest/response_length:3716 - timing_s/gen:148.97821766301058 - timing_s/reward:0.0004048410046380013 - timing_s/old_log_prob:142.08815491900896 - timing_s/ref:136.0516536530049 - timing_s/adv:0.16088703699642792 - timing_s/update_actor:324.7307187030092 - timing_s/update_weights:4.030968501989264 - timing_s/dump_rollout_generations:0.2787285929953214 - timing_s/step:756.4724864890159 - timing_s/stop_profile:4.76340064778924e-05 - timing_per_token_ms/adv:0.00017369608077726667 - timing_per_token_ms/gen:0.35867251941210176 - timing_per_token_ms/ref:0.146883424941922 - timing_per_token_ms/update_actor:0.35058419994365403 - perf/total_num_tokens:926256 - perf/time_per_step:756.4724864890159 - perf/throughput:1224.441095404531
[36m(TaskRunner pid=3691285)[0m local_global_step_folder: /home/yw4636/agentic-tvg/results/grpo-vanilla/ckpt/global_step_100
[36m(WorkerDict pid=3691645)[0m Checkpoint manager remove previous save local path: /home/yw4636/agentic-tvg/results/grpo-vanilla/ckpt/global_step_80/actor
[36m(TaskRunner pid=3691285)[0m Dumped generations to /home/yw4636/agentic-tvg/results/grpo-vanilla/rollouts/100.jsonl
[36m(TaskRunner pid=3691285)[0m test_gen_batch meta info: {'eos_token_id': 151645, 'pad_token_id': 151643, 'recompute_log_prob': False, 'do_sample': False, 'validate': True, 'global_steps': 100}
[36m(TaskRunner pid=3691285)[0m validation generation end
[36m(TaskRunner pid=3691285)[0m test_gen_batch meta info: {'eos_token_id': 151645, 'pad_token_id': 151643, 'recompute_log_prob': False, 'do_sample': False, 'validate': True, 'global_steps': 100}
[36m(TaskRunner pid=3691285)[0m validation generation end
[36m(TaskRunner pid=3691285)[0m test_gen_batch meta info: {'eos_token_id': 151645, 'pad_token_id': 151643, 'recompute_log_prob': False, 'do_sample': False, 'validate': True, 'global_steps': 100}
[36m(TaskRunner pid=3691285)[0m validation generation end
[36m(TaskRunner pid=3691285)[0m test_gen_batch meta info: {'eos_token_id': 151645, 'pad_token_id': 151643, 'recompute_log_prob': False, 'do_sample': False, 'validate': True, 'global_steps': 100}
[36m(TaskRunner pid=3691285)[0m validation generation end
[36m(TaskRunner pid=3691285)[0m test_gen_batch meta info: {'eos_token_id': 151645, 'pad_token_id': 151643, 'recompute_log_prob': False, 'do_sample': False, 'validate': True, 'global_steps': 100}
[36m(TaskRunner pid=3691285)[0m validation generation end
[36m(TaskRunner pid=3691285)[0m test_gen_batch meta info: {'eos_token_id': 151645, 'pad_token_id': 151643, 'recompute_log_prob': False, 'do_sample': False, 'validate': True, 'global_steps': 100}
[36m(TaskRunner pid=3691285)[0m validation generation end
[36m(TaskRunner pid=3691285)[0m test_gen_batch meta info: {'eos_token_id': 151645, 'pad_token_id': 151643, 'recompute_log_prob': False, 'do_sample': False, 'validate': True, 'global_steps': 100}
[36m(TaskRunner pid=3691285)[0m validation generation end
[36m(TaskRunner pid=3691285)[0m test_gen_batch meta info: {'eos_token_id': 151645, 'pad_token_id': 151643, 'recompute_log_prob': False, 'do_sample': False, 'validate': True, 'global_steps': 100}
[36m(TaskRunner pid=3691285)[0m validation generation end
[36m(TaskRunner pid=3691285)[0m test_gen_batch meta info: {'eos_token_id': 151645, 'pad_token_id': 151643, 'recompute_log_prob': False, 'do_sample': False, 'validate': True, 'global_steps': 100}
[36m(TaskRunner pid=3691285)[0m validation generation end
[36m(TaskRunner pid=3691285)[0m test_gen_batch meta info: {'eos_token_id': 151645, 'pad_token_id': 151643, 'recompute_log_prob': False, 'do_sample': False, 'validate': True, 'global_steps': 100}
[36m(TaskRunner pid=3691285)[0m validation generation end
[36m(TaskRunner pid=3691285)[0m test_gen_batch meta info: {'eos_token_id': 151645, 'pad_token_id': 151643, 'recompute_log_prob': False, 'do_sample': False, 'validate': True, 'global_steps': 100}
[36m(TaskRunner pid=3691285)[0m validation generation end
[36m(TaskRunner pid=3691285)[0m test_gen_batch meta info: {'eos_token_id': 151645, 'pad_token_id': 151643, 'recompute_log_prob': False, 'do_sample': False, 'validate': True, 'global_steps': 100}
[36m(TaskRunner pid=3691285)[0m validation generation end
[36m(TaskRunner pid=3691285)[0m test_gen_batch meta info: {'eos_token_id': 151645, 'pad_token_id': 151643, 'recompute_log_prob': False, 'do_sample': False, 'validate': True, 'global_steps': 100}
[36m(TaskRunner pid=3691285)[0m validation generation end
[36m(TaskRunner pid=3691285)[0m test_gen_batch meta info: {'eos_token_id': 151645, 'pad_token_id': 151643, 'recompute_log_prob': False, 'do_sample': False, 'validate': True, 'global_steps': 100}
[36m(TaskRunner pid=3691285)[0m validation generation end
[36m(TaskRunner pid=3691285)[0m test_gen_batch meta info: {'eos_token_id': 151645, 'pad_token_id': 151643, 'recompute_log_prob': False, 'do_sample': False, 'validate': True, 'global_steps': 100}
[36m(TaskRunner pid=3691285)[0m validation generation end
[36m(TaskRunner pid=3691285)[0m test_gen_batch meta info: {'eos_token_id': 151645, 'pad_token_id': 151643, 'recompute_log_prob': False, 'do_sample': False, 'validate': True, 'global_steps': 100}
[36m(TaskRunner pid=3691285)[0m validation generation end
[36m(TaskRunner pid=3691285)[0m test_gen_batch meta info: {'eos_token_id': 151645, 'pad_token_id': 151643, 'recompute_log_prob': False, 'do_sample': False, 'validate': True, 'global_steps': 100}
[36m(TaskRunner pid=3691285)[0m validation generation end
[36m(TaskRunner pid=3691285)[0m test_gen_batch meta info: {'eos_token_id': 151645, 'pad_token_id': 151643, 'recompute_log_prob': False, 'do_sample': False, 'validate': True, 'global_steps': 100}
[36m(TaskRunner pid=3691285)[0m validation generation end
[36m(TaskRunner pid=3691285)[0m test_gen_batch meta info: {'eos_token_id': 151645, 'pad_token_id': 151643, 'recompute_log_prob': False, 'do_sample': False, 'validate': True, 'global_steps': 100}
[36m(TaskRunner pid=3691285)[0m validation generation end
[36m(TaskRunner pid=3691285)[0m test_gen_batch meta info: {'eos_token_id': 151645, 'pad_token_id': 151643, 'recompute_log_prob': False, 'do_sample': False, 'validate': True, 'global_steps': 100}
[36m(TaskRunner pid=3691285)[0m validation generation end
[36m(TaskRunner pid=3691285)[0m test_gen_batch meta info: {'eos_token_id': 151645, 'pad_token_id': 151643, 'recompute_log_prob': False, 'do_sample': False, 'validate': True, 'global_steps': 100}
[36m(TaskRunner pid=3691285)[0m validation generation end
[36m(TaskRunner pid=3691285)[0m test_gen_batch meta info: {'eos_token_id': 151645, 'pad_token_id': 151643, 'recompute_log_prob': False, 'do_sample': False, 'validate': True, 'global_steps': 100}
[36m(TaskRunner pid=3691285)[0m validation generation end
[36m(TaskRunner pid=3691285)[0m test_gen_batch meta info: {'eos_token_id': 151645, 'pad_token_id': 151643, 'recompute_log_prob': False, 'do_sample': False, 'validate': True, 'global_steps': 100}
[36m(TaskRunner pid=3691285)[0m validation generation end
[36m(TaskRunner pid=3691285)[0m test_gen_batch meta info: {'eos_token_id': 151645, 'pad_token_id': 151643, 'recompute_log_prob': False, 'do_sample': False, 'validate': True, 'global_steps': 100}
[36m(TaskRunner pid=3691285)[0m validation generation end
[36m(TaskRunner pid=3691285)[0m test_gen_batch meta info: {'eos_token_id': 151645, 'pad_token_id': 151643, 'recompute_log_prob': False, 'do_sample': False, 'validate': True, 'global_steps': 100}
[36m(TaskRunner pid=3691285)[0m validation generation end
[36m(TaskRunner pid=3691285)[0m test_gen_batch meta info: {'eos_token_id': 151645, 'pad_token_id': 151643, 'recompute_log_prob': False, 'do_sample': False, 'validate': True, 'global_steps': 100}
[36m(TaskRunner pid=3691285)[0m validation generation end
[36m(TaskRunner pid=3691285)[0m test_gen_batch meta info: {'eos_token_id': 151645, 'pad_token_id': 151643, 'recompute_log_prob': False, 'do_sample': False, 'validate': True, 'global_steps': 100}
[36m(TaskRunner pid=3691285)[0m validation generation end
[36m(TaskRunner pid=3691285)[0m test_gen_batch meta info: {'eos_token_id': 151645, 'pad_token_id': 151643, 'recompute_log_prob': False, 'do_sample': False, 'validate': True, 'global_steps': 100}
[36m(TaskRunner pid=3691285)[0m validation generation end
[36m(TaskRunner pid=3691285)[0m test_gen_batch meta info: {'eos_token_id': 151645, 'pad_token_id': 151643, 'recompute_log_prob': False, 'do_sample': False, 'validate': True, 'global_steps': 100}
[36m(TaskRunner pid=3691285)[0m validation generation end
[36m(TaskRunner pid=3691285)[0m test_gen_batch meta info: {'eos_token_id': 151645, 'pad_token_id': 151643, 'recompute_log_prob': False, 'do_sample': False, 'validate': True, 'global_steps': 100}
[36m(TaskRunner pid=3691285)[0m validation generation end
[36m(TaskRunner pid=3691285)[0m test_gen_batch meta info: {'eos_token_id': 151645, 'pad_token_id': 151643, 'recompute_log_prob': False, 'do_sample': False, 'validate': True, 'global_steps': 100}
[36m(TaskRunner pid=3691285)[0m validation generation end
[36m(TaskRunner pid=3691285)[0m test_gen_batch meta info: {'eos_token_id': 151645, 'pad_token_id': 151643, 'recompute_log_prob': False, 'do_sample': False, 'validate': True, 'global_steps': 100}
[36m(TaskRunner pid=3691285)[0m validation generation end
[36m(TaskRunner pid=3691285)[0m test_gen_batch meta info: {'eos_token_id': 151645, 'pad_token_id': 151643, 'recompute_log_prob': False, 'do_sample': False, 'validate': True, 'global_steps': 100}
[36m(TaskRunner pid=3691285)[0m validation generation end
[36m(TaskRunner pid=3691285)[0m test_gen_batch meta info: {'eos_token_id': 151645, 'pad_token_id': 151643, 'recompute_log_prob': False, 'do_sample': False, 'validate': True, 'global_steps': 100}
[36m(TaskRunner pid=3691285)[0m validation generation end
[36m(TaskRunner pid=3691285)[0m test_gen_batch meta info: {'eos_token_id': 151645, 'pad_token_id': 151643, 'recompute_log_prob': False, 'do_sample': False, 'validate': True, 'global_steps': 100}
[36m(TaskRunner pid=3691285)[0m validation generation end
[36m(TaskRunner pid=3691285)[0m test_gen_batch meta info: {'eos_token_id': 151645, 'pad_token_id': 151643, 'recompute_log_prob': False, 'do_sample': False, 'validate': True, 'global_steps': 100}
[36m(TaskRunner pid=3691285)[0m validation generation end
[36m(TaskRunner pid=3691285)[0m test_gen_batch meta info: {'eos_token_id': 151645, 'pad_token_id': 151643, 'recompute_log_prob': False, 'do_sample': False, 'validate': True, 'global_steps': 100}
[36m(TaskRunner pid=3691285)[0m validation generation end
[36m(TaskRunner pid=3691285)[0m test_gen_batch meta info: {'eos_token_id': 151645, 'pad_token_id': 151643, 'recompute_log_prob': False, 'do_sample': False, 'validate': True, 'global_steps': 100}
[36m(TaskRunner pid=3691285)[0m validation generation end
[36m(TaskRunner pid=3691285)[0m test_gen_batch meta info: {'eos_token_id': 151645, 'pad_token_id': 151643, 'recompute_log_prob': False, 'do_sample': False, 'validate': True, 'global_steps': 100}
[36m(TaskRunner pid=3691285)[0m validation generation end
[36m(TaskRunner pid=3691285)[0m test_gen_batch meta info: {'eos_token_id': 151645, 'pad_token_id': 151643, 'recompute_log_prob': False, 'do_sample': False, 'validate': True, 'global_steps': 100}
[36m(TaskRunner pid=3691285)[0m validation generation end
[36m(TaskRunner pid=3691285)[0m test_gen_batch meta info: {'eos_token_id': 151645, 'pad_token_id': 151643, 'recompute_log_prob': False, 'do_sample': False, 'validate': True, 'global_steps': 100}
[36m(TaskRunner pid=3691285)[0m validation generation end
[36m(TaskRunner pid=3691285)[0m test_gen_batch meta info: {'eos_token_id': 151645, 'pad_token_id': 151643, 'recompute_log_prob': False, 'do_sample': False, 'validate': True, 'global_steps': 100}
[36m(TaskRunner pid=3691285)[0m validation generation end
[36m(TaskRunner pid=3691285)[0m test_gen_batch meta info: {'eos_token_id': 151645, 'pad_token_id': 151643, 'recompute_log_prob': False, 'do_sample': False, 'validate': True, 'global_steps': 100}
[36m(TaskRunner pid=3691285)[0m validation generation end
[36m(TaskRunner pid=3691285)[0m test_gen_batch meta info: {'eos_token_id': 151645, 'pad_token_id': 151643, 'recompute_log_prob': False, 'do_sample': False, 'validate': True, 'global_steps': 100}[36m(TaskRunner pid=3691285)[0m Training Progress:  37%|███▋      | 100/267 [9:24:31<61:12:09, 1319.34s/it]

[36m(TaskRunner pid=3691285)[0m validation generation end
[36m(TaskRunner pid=3691285)[0m test_gen_batch meta info: {'eos_token_id': 151645, 'pad_token_id': 151643, 'recompute_log_prob': False, 'do_sample': False, 'validate': True, 'global_steps': 100}
[36m(TaskRunner pid=3691285)[0m validation generation end
[36m(TaskRunner pid=3691285)[0m test_gen_batch meta info: {'eos_token_id': 151645, 'pad_token_id': 151643, 'recompute_log_prob': False, 'do_sample': False, 'validate': True, 'global_steps': 100}
[36m(TaskRunner pid=3691285)[0m validation generation end
[36m(TaskRunner pid=3691285)[0m test_gen_batch meta info: {'eos_token_id': 151645, 'pad_token_id': 151643, 'recompute_log_prob': False, 'do_sample': False, 'validate': True, 'global_steps': 100}
[36m(TaskRunner pid=3691285)[0m validation generation end
[36m(TaskRunner pid=3691285)[0m test_gen_batch meta info: {'eos_token_id': 151645, 'pad_token_id': 151643, 'recompute_log_prob': False, 'do_sample': False, 'validate': True, 'global_steps': 100}
[36m(TaskRunner pid=3691285)[0m validation generation end
[36m(TaskRunner pid=3691285)[0m test_gen_batch meta info: {'eos_token_id': 151645, 'pad_token_id': 151643, 'recompute_log_prob': False, 'do_sample': False, 'validate': True, 'global_steps': 100}
[36m(TaskRunner pid=3691285)[0m validation generation end
[36m(TaskRunner pid=3691285)[0m test_gen_batch meta info: {'eos_token_id': 151645, 'pad_token_id': 151643, 'recompute_log_prob': False, 'do_sample': False, 'validate': True, 'global_steps': 100}
[36m(TaskRunner pid=3691285)[0m validation generation end
[36m(TaskRunner pid=3691285)[0m test_gen_batch meta info: {'eos_token_id': 151645, 'pad_token_id': 151643, 'recompute_log_prob': False, 'do_sample': False, 'validate': True, 'global_steps': 100}
[36m(TaskRunner pid=3691285)[0m validation generation end
[36m(TaskRunner pid=3691285)[0m test_gen_batch meta info: {'eos_token_id': 151645, 'pad_token_id': 151643, 'recompute_log_prob': False, 'do_sample': False, 'validate': True, 'global_steps': 100}
[36m(TaskRunner pid=3691285)[0m validation generation end
[36m(TaskRunner pid=3691285)[0m test_gen_batch meta info: {'eos_token_id': 151645, 'pad_token_id': 151643, 'recompute_log_prob': False, 'do_sample': False, 'validate': True, 'global_steps': 100}
[36m(TaskRunner pid=3691285)[0m validation generation end
[36m(TaskRunner pid=3691285)[0m test_gen_batch meta info: {'eos_token_id': 151645, 'pad_token_id': 151643, 'recompute_log_prob': False, 'do_sample': False, 'validate': True, 'global_steps': 100}
[36m(TaskRunner pid=3691285)[0m validation generation end
[36m(TaskRunner pid=3691285)[0m test_gen_batch meta info: {'eos_token_id': 151645, 'pad_token_id': 151643, 'recompute_log_prob': False, 'do_sample': False, 'validate': True, 'global_steps': 100}
[36m(TaskRunner pid=3691285)[0m validation generation end
[36m(TaskRunner pid=3691285)[0m test_gen_batch meta info: {'eos_token_id': 151645, 'pad_token_id': 151643, 'recompute_log_prob': False, 'do_sample': False, 'validate': True, 'global_steps': 100}
[36m(TaskRunner pid=3691285)[0m validation generation end
[36m(TaskRunner pid=3691285)[0m test_gen_batch meta info: {'eos_token_id': 151645, 'pad_token_id': 151643, 'recompute_log_prob': False, 'do_sample': False, 'validate': True, 'global_steps': 100}
[36m(TaskRunner pid=3691285)[0m validation generation end
[36m(TaskRunner pid=3691285)[0m Dumped generations to /home/yw4636/agentic-tvg/results/grpo-vanilla/val_rollouts/100.jsonl
[36m(TaskRunner pid=3691285)[0m step:100 - global_seqlen/min:924541 - global_seqlen/max:924541 - global_seqlen/minmax_diff:0 - global_seqlen/balanced_min:924541 - global_seqlen/balanced_max:924541 - global_seqlen/mean:924541.0 - actor/entropy:1.0063061714172363 - perf/mfu/actor_infer:0.303853489688377 - training/rollout_probs_diff_valid:1 - training/rollout_probs_diff_max:0.28317755460739136 - training/rollout_probs_diff_mean:0.009370865300297737 - training/rollout_probs_diff_std:0.014585504308342934 - training/rollout_actor_probs_pearson_corr:0.9989027976989746 - rollout_corr/training_ppl:2.7713847160339355 - rollout_corr/training_log_ppl:0.9980452656745911 - rollout_corr/kl:0.003051081672310829 - rollout_corr/k3_kl:0.002937836805358529 - rollout_corr/rollout_ppl:2.7630527019500732 - rollout_corr/rollout_log_ppl:0.9951756000518799 - rollout_corr/log_ppl_diff:0.002869784366339445 - rollout_corr/log_ppl_abs_diff:0.004084434825927019 - rollout_corr/log_ppl_diff_max:0.01791679859161377 - rollout_corr/log_ppl_diff_min:-0.006680548191070557 - rollout_corr/ppl_ratio:1.002883791923523 - rollout_corr/chi2_token:0.0055141448974609375 - rollout_corr/chi2_seq:5.040451526641846 - actor/pg_clipfrac:np.float64(0.0) - actor/ppo_kl:np.float64(0.0) - actor/pg_clipfrac_lower:np.float64(0.0) - actor/pg_loss:np.float64(0.01926280077896081) - actor/kl_loss:np.float64(0.0024337503891729284) - actor/kl_coef:np.float64(0.0010000000000000002) - actor/loss:np.float64(0.01926523447036743) - actor/grad_norm:np.float64(0.05903226137161255) - actor/lr:np.float64(7.228188299558807e-06) - actor/perf/max_memory_allocated_gb:np.float64(39.21875619888306) - actor/perf/max_memory_reserved_gb:np.float64(42.099609375) - actor/perf/cpu_memory_used_gb:np.float64(99.5469741821289) - perf/mfu/actor:np.float64(0.34009650372400496) - val-aux/longvt_longvt-val/reward/mean@1:np.float64(1.0805195402680783) - val-aux/longvt_longvt-val/score/mean@1:np.float64(1.0805195380199246) - val-core/longvt_longvt-val/acc/mean@1:np.float64(0.5) - val-aux/longvt_longvt-val/format_score/mean@1:np.float64(0.49122807017543857) - val-aux/longvt_longvt-val/evidence_iou/mean@1:np.float64(0.1785829356889721) - val-aux/longvt_longvt-val/answered/mean@1:np.float64(0.9824561403508771) - val-aux/longvt_longvt-val/num_tool_calls/mean@1:np.float64(0.9824561403508771) - val-aux/longvt_longvt-val/judge_used/mean@1:np.float64(0.9824561403508771) - val-aux/num_turns/min:np.int32(2) - val-aux/num_turns/max:np.int32(4) - val-aux/num_turns/mean:np.float64(3.9649122807017543) - training/global_step:100 - training/epoch:0 - critic/score/mean:1.2019044160842896 - critic/score/max:1.991891860961914 - critic/score/min:0.02631578966975212 - critic/rewards/mean:1.2019044160842896 - critic/rewards/max:1.991891860961914 - critic/rewards/min:0.02631578966975212 - critic/advantages/mean:-0.019262803718447685 - critic/advantages/max:3.4733433723449707 - critic/advantages/min:-3.346409797668457 - critic/returns/mean:-0.019262803718447685 - critic/returns/max:3.4733433723449707 - critic/returns/min:-3.346409797668457 - response_length/mean:3278.6015625 - response_length/max:3621.0 - response_length/min:441.0 - response_length/clip_ratio:0.0 - response_length_non_aborted/mean:3278.6015625 - response_length_non_aborted/max:3621.0 - response_length_non_aborted/min:441.0 - response_length_non_aborted/clip_ratio:0.0 - response/aborted_ratio:0.0 - prompt_length/mean:3944.375 - prompt_length/max:3952.0 - prompt_length/min:3936.0 - prompt_length/clip_ratio:0.0 - num_turns/min:np.int32(4) - num_turns/max:np.int32(4) - num_turns/mean:np.float64(4.0) - timing_s/start_profile:6.158501491881907e-05 - timing_s/agent_loop/num_preempted/min:np.int64(-1) - timing_s/agent_loop/num_preempted/max:np.int64(-1) - timing_s/agent_loop/num_preempted/mean:np.float64(-1.0) - timing_s/agent_loop/generate_sequences/min:np.float64(59.29682712201611) - timing_s/agent_loop/generate_sequences/max:np.float64(115.26512955396902) - timing_s/agent_loop/generate_sequences/mean:np.float64(100.98253755700102) - timing_s/agent_loop/tool_calls/min:np.float64(0.0001264750026166439) - timing_s/agent_loop/tool_calls/max:np.float64(0.6827958499779925) - timing_s/agent_loop/tool_calls/mean:np.float64(0.14373390146670317) - timing_s/agent_loop/compute_score/min:np.float64(0.32626124200760387) - timing_s/agent_loop/compute_score/max:np.float64(6.638992172986036) - timing_s/agent_loop/compute_score/mean:np.float64(1.3095334202187132) - timing_s/agent_loop/slowest/generate_sequences:np.float64(115.15598977598711) - timing_s/agent_loop/slowest/tool_calls:np.float64(0.13023703600629233) - timing_s/agent_loop/slowest/compute_score:np.float64(5.509863943007076) - timing_s/agent_loop/slowest/num_preempted:np.int64(-1) - timing_s/agent_loop/slowest/prompt_length:3936 - timing_s/agent_loop/slowest/response_length:3376 - timing_s/gen:145.68054660101188 - timing_s/reward:0.00039927999023348093 - timing_s/old_log_prob:147.18134054599795 - timing_s/ref:132.08942480798578 - timing_s/adv:0.17079941698466428 - timing_s/update_actor:320.22203466200153 - timing_s/save_checkpoint:25.208739797002636 - timing_s/update_weights:3.984175182005856 - timing_s/dump_rollout_generations:0.32397268898785114 - timing_s/step:775.0056472310098 - timing_s/testing:1869.2355163809843 - timing_s/stop_profile:0.00014830700820311904 - timing_per_token_ms/adv:0.0001847396891913547 - timing_per_token_ms/gen:0.3471386347576065 - timing_per_token_ms/ref:0.1428702727169328 - timing_per_token_ms/update_actor:0.34635785180105755 - perf/total_num_tokens:924541 - perf/time_per_step:775.0056472310098 - perf/throughput:1192.9474363228962[36m(TaskRunner pid=3691285)[0m Training Progress:  38%|███▊      | 101/267 [9:37:13<53:08:03, 1152.31s/it]
[36m(TaskRunner pid=3691285)[0m Training Progress:  38%|███▊      | 102/267 [9:49:49<47:21:30, 1033.28s/it]

[36m(TaskRunner pid=3691285)[0m Dumped generations to /home/yw4636/agentic-tvg/results/grpo-vanilla/rollouts/101.jsonl
[36m(TaskRunner pid=3691285)[0m step:101 - global_seqlen/min:931949 - global_seqlen/max:931949 - global_seqlen/minmax_diff:0 - global_seqlen/balanced_min:931949 - global_seqlen/balanced_max:931949 - global_seqlen/mean:931949.0 - actor/entropy:0.9946959614753723 - perf/mfu/actor_infer:0.30486924240375873 - training/rollout_probs_diff_valid:1 - training/rollout_probs_diff_max:0.2220308780670166 - training/rollout_probs_diff_mean:0.008865061216056347 - training/rollout_probs_diff_std:0.013856757432222366 - training/rollout_actor_probs_pearson_corr:0.9990112781524658 - rollout_corr/training_ppl:2.729327917098999 - rollout_corr/training_log_ppl:0.9772946238517761 - rollout_corr/kl:0.0024933801032602787 - rollout_corr/k3_kl:0.0025028707459568977 - rollout_corr/rollout_ppl:2.7222132682800293 - rollout_corr/rollout_log_ppl:0.9747838377952576 - rollout_corr/log_ppl_diff:0.0025107506662607193 - rollout_corr/log_ppl_abs_diff:0.0033025406301021576 - rollout_corr/log_ppl_diff_max:0.012112557888031006 - rollout_corr/log_ppl_diff_min:-0.008668005466461182 - rollout_corr/ppl_ratio:1.0025197267532349 - rollout_corr/chi2_token:0.005196213722229004 - rollout_corr/chi2_seq:6.563625335693359 - actor/pg_clipfrac:np.float64(0.0) - actor/ppo_kl:np.float64(0.0) - actor/pg_clipfrac_lower:np.float64(0.0) - actor/pg_loss:np.float64(0.04327751616074238) - actor/kl_loss:np.float64(0.002470301878929604) - actor/kl_coef:np.float64(0.0010000000000000002) - actor/loss:np.float64(0.0432799868285656) - actor/grad_norm:np.float64(0.05654493719339371) - actor/lr:np.float64(7.179181904210345e-06) - actor/perf/max_memory_allocated_gb:np.float64(39.21875619888306) - actor/perf/max_memory_reserved_gb:np.float64(42.099609375) - actor/perf/cpu_memory_used_gb:np.float64(100.45591735839844) - perf/mfu/actor:np.float64(0.33708771469483345) - training/global_step:101 - training/epoch:0 - critic/score/mean:1.0768578052520752 - critic/score/max:2.0 - critic/score/min:0.5 - critic/rewards/mean:1.0768578052520752 - critic/rewards/max:2.0 - critic/rewards/min:0.5 - critic/advantages/mean:-0.043277524411678314 - critic/advantages/max:2.631817102432251 - critic/advantages/min:-3.4948441982269287 - critic/returns/mean:-0.043277524411678314 - critic/returns/max:2.631817102432251 - critic/returns/min:-3.4948441982269287 - response_length/mean:3287.7265625 - response_length/max:3680.0 - response_length/min:2988.0 - response_length/clip_ratio:0.0 - response_length_non_aborted/mean:3287.7265625 - response_length_non_aborted/max:3680.0 - response_length_non_aborted/min:2988.0 - response_length_non_aborted/clip_ratio:0.0 - response/aborted_ratio:0.0 - prompt_length/mean:3993.125 - prompt_length/max:4138.0 - prompt_length/min:3932.0 - prompt_length/clip_ratio:0.0 - num_turns/min:np.int32(4) - num_turns/max:np.int32(4) - num_turns/mean:np.float64(4.0) - timing_s/start_profile:6.857200060039759e-05 - timing_s/agent_loop/num_preempted/min:np.int64(-1) - timing_s/agent_loop/num_preempted/max:np.int64(-1) - timing_s/agent_loop/num_preempted/mean:np.float64(-1.0) - timing_s/agent_loop/generate_sequences/min:np.float64(66.37742811601493) - timing_s/agent_loop/generate_sequences/max:np.float64(119.64768167899456) - timing_s/agent_loop/generate_sequences/mean:np.float64(103.01001254407561) - timing_s/agent_loop/tool_calls/min:np.float64(0.06235313299112022) - timing_s/agent_loop/tool_calls/max:np.float64(0.8641458130150568) - timing_s/agent_loop/tool_calls/mean:np.float64(0.14063597456379284) - timing_s/agent_loop/compute_score/min:np.float64(0.32993650101707317) - timing_s/agent_loop/compute_score/max:np.float64(4.55451341799926) - timing_s/agent_loop/compute_score/mean:np.float64(1.2186623995696664) - timing_s/agent_loop/slowest/generate_sequences:np.float64(117.79961773299146) - timing_s/agent_loop/slowest/tool_calls:np.float64(0.10408464199281298) - timing_s/agent_loop/slowest/compute_score:np.float64(3.8726261720003095) - timing_s/agent_loop/slowest/num_preempted:np.int64(-1) - timing_s/agent_loop/slowest/prompt_length:3939 - timing_s/agent_loop/slowest/response_length:3465 - timing_s/gen:148.79551189398626 - timing_s/reward:0.0004767680075019598 - timing_s/old_log_prob:141.37426522898022 - timing_s/ref:138.54408530698856 - timing_s/adv:0.16031413298333064 - timing_s/update_actor:328.3366571229999 - timing_s/update_weights:3.9977721229952294 - timing_s/dump_rollout_generations:0.3210260900086723 - timing_s/step:761.6946422769979 - timing_s/stop_profile:4.7826993977651e-05 - timing_per_token_ms/adv:0.00017202028542691783 - timing_per_token_ms/gen:0.35357713440372757 - timing_per_token_ms/ref:0.1486605869065674 - timing_per_token_ms/update_actor:0.3523118294273613 - perf/total_num_tokens:931949 - perf/time_per_step:761.6946422769979 - perf/throughput:1223.520487441065
[36m(TaskRunner pid=3691285)[0m Dumped generations to /home/yw4636/agentic-tvg/results/grpo-vanilla/rollouts/102.jsonl
[36m(TaskRunner pid=3691285)[0m step:102 - global_seqlen/min:929833 - global_seqlen/max:929833 - global_seqlen/minmax_diff:0 - global_seqlen/balanced_min:929833 - global_seqlen/balanced_max:929833 - global_seqlen/mean:929833.0 - actor/entropy:1.0402204990386963 - perf/mfu/actor_infer:0.2997014483694628 - training/rollout_probs_diff_valid:1 - training/rollout_probs_diff_max:0.21415525674819946 - training/rollout_probs_diff_mean:0.008873725309967995 - training/rollout_probs_diff_std:0.013500222004950047 - training/rollout_actor_probs_pearson_corr:0.9990507364273071 - rollout_corr/training_ppl:2.812061309814453 - rollout_corr/training_log_ppl:1.013929009437561 - rollout_corr/kl:0.0028703531716018915 - rollout_corr/k3_kl:0.0024490535724908113 - rollout_corr/rollout_ppl:2.803746461868286 - rollout_corr/rollout_log_ppl:1.011022686958313 - rollout_corr/log_ppl_diff:0.0029061816167086363 - rollout_corr/log_ppl_abs_diff:0.0037247503641992807 - rollout_corr/log_ppl_diff_max:0.013320446014404297 - rollout_corr/log_ppl_diff_min:-0.006827950477600098 - rollout_corr/ppl_ratio:1.0029171705245972 - rollout_corr/chi2_token:0.004168987274169922 - rollout_corr/chi2_seq:26.312055587768555 - actor/pg_clipfrac:np.float64(0.0) - actor/ppo_kl:np.float64(0.0) - actor/pg_clipfrac_lower:np.float64(0.0) - actor/pg_loss:np.float64(0.05161812332517002) - actor/kl_loss:np.float64(0.0025254155334550887) - actor/kl_coef:np.float64(0.0010000000000000002) - actor/loss:np.float64(0.051620662212371826) - actor/grad_norm:np.float64(0.06382793188095093) - actor/lr:np.float64(7.129943037233573e-06) - actor/perf/max_memory_allocated_gb:np.float64(39.21875619888306) - actor/perf/max_memory_reserved_gb:np.float64(42.099609375) - actor/perf/cpu_memory_used_gb:np.float64(116.8637580871582) - perf/mfu/actor:np.float64(0.33627764784138214) - training/global_step:102 - training/epoch:0 - critic/score/mean:1.061439871788025 - critic/score/max:1.9329060316085815 - critic/score/min:0.043798450380563736 - critic/rewards/mean:1.061439871788025 - critic/rewards/max:1.9329060316085815 - critic/rewards/min:0.043798450380563736 - critic/advantages/mean:-0.05161813274025917 - critic/advantages/max:3.406548261642456 - critic/advantages/min:-3.554314374923706 - critic/returns/mean:-0.05161813274025917 - critic/returns/max:3.406548261642456 - critic/returns/min:-3.554314374923706 - response_length/mean:3224.0703125 - response_length/max:3628.0 - response_length/min:480.0 - response_length/clip_ratio:0.0 - response_length_non_aborted/mean:3224.0703125 - response_length_non_aborted/max:3628.0 - response_length_non_aborted/min:480.0 - response_length_non_aborted/clip_ratio:0.0 - response/aborted_ratio:0.0 - prompt_length/mean:4040.25 - prompt_length/max:4150.0 - prompt_length/min:3937.0 - prompt_length/clip_ratio:0.0 - num_turns/min:np.int32(4) - num_turns/max:np.int32(4) - num_turns/mean:np.float64(4.0) - timing_s/start_profile:6.310601020231843e-05 - timing_s/agent_loop/num_preempted/min:np.int64(-1) - timing_s/agent_loop/num_preempted/max:np.int64(-1) - timing_s/agent_loop/num_preempted/mean:np.float64(-1.0) - timing_s/agent_loop/generate_sequences/min:np.float64(67.77764175503398) - timing_s/agent_loop/generate_sequences/max:np.float64(116.74797108100029) - timing_s/agent_loop/generate_sequences/mean:np.float64(100.54717918343977) - timing_s/agent_loop/tool_calls/min:np.float64(0.0003400790155865252) - timing_s/agent_loop/tool_calls/max:np.float64(0.7854291549883783) - timing_s/agent_loop/tool_calls/mean:np.float64(0.1469609137268435) - timing_s/agent_loop/compute_score/min:np.float64(0.3430489409947768) - timing_s/agent_loop/compute_score/max:np.float64(3.442299585993169) - timing_s/agent_loop/compute_score/mean:np.float64(1.1981334522881752) - timing_s/agent_loop/slowest/generate_sequences:np.float64(116.74797108100029) - timing_s/agent_loop/slowest/tool_calls:np.float64(0.11424076999537647) - timing_s/agent_loop/slowest/compute_score:np.float64(1.0191402130003553) - timing_s/agent_loop/slowest/num_preempted:np.int64(-1) - timing_s/agent_loop/slowest/prompt_length:3945 - timing_s/agent_loop/slowest/response_length:3628 - timing_s/gen:144.87707193999086 - timing_s/reward:0.0004476519825402647 - timing_s/old_log_prob:143.43632503799745 - timing_s/ref:135.00969164198614 - timing_s/adv:0.16211976599879563 - timing_s/update_actor:327.4768170029856 - timing_s/update_weights:4.005966753989924 - timing_s/dump_rollout_generations:0.32159206600044854 - timing_s/step:755.4609449609998 - timing_s/stop_profile:4.8663991037756205e-05 - timing_per_token_ms/adv:0.00017435363769493622 - timing_per_token_ms/gen:0.3510631018631603 - timing_per_token_ms/ref:0.14519778459356264 - timing_per_token_ms/update_actor:0.3521888521949486 - perf/total_num_tokens:929833 - perf/time_per_step:755.4609449609998 - perf/throughput:1230.8154461221052[36m(TaskRunner pid=3691285)[0m Training Progress:  39%|███▊      | 103/267 [10:02:30<43:21:00, 951.59s/it]
[36m(TaskRunner pid=3691285)[0m Training Progress:  39%|███▉      | 104/267 [10:14:51<40:13:50, 888.53s/it]

[36m(TaskRunner pid=3691285)[0m Dumped generations to /home/yw4636/agentic-tvg/results/grpo-vanilla/rollouts/103.jsonl
[36m(TaskRunner pid=3691285)[0m step:103 - global_seqlen/min:928169 - global_seqlen/max:928169 - global_seqlen/minmax_diff:0 - global_seqlen/balanced_min:928169 - global_seqlen/balanced_max:928169 - global_seqlen/mean:928169.0 - actor/entropy:1.0017166137695312 - perf/mfu/actor_infer:0.30089084295243385 - training/rollout_probs_diff_valid:1 - training/rollout_probs_diff_max:0.3114752173423767 - training/rollout_probs_diff_mean:0.009281422011554241 - training/rollout_probs_diff_std:0.014521370641887188 - training/rollout_actor_probs_pearson_corr:0.9989091753959656 - rollout_corr/training_ppl:2.7209177017211914 - rollout_corr/training_log_ppl:0.9808633923530579 - rollout_corr/kl:0.002678594086319208 - rollout_corr/k3_kl:0.0026515829376876354 - rollout_corr/rollout_ppl:2.7133967876434326 - rollout_corr/rollout_log_ppl:0.9781540632247925 - rollout_corr/log_ppl_diff:0.0027094376273453236 - rollout_corr/log_ppl_abs_diff:0.003747632261365652 - rollout_corr/log_ppl_diff_max:0.017775297164916992 - rollout_corr/log_ppl_diff_min:-0.005642592906951904 - rollout_corr/ppl_ratio:1.002721905708313 - rollout_corr/chi2_token:0.00535130500793457 - rollout_corr/chi2_seq:2.1429805755615234 - actor/pg_clipfrac:np.float64(0.0) - actor/ppo_kl:np.float64(0.0) - actor/pg_clipfrac_lower:np.float64(0.0) - actor/pg_loss:np.float64(-0.002392642549239099) - actor/kl_loss:np.float64(0.002640528095071204) - actor/kl_coef:np.float64(0.0010000000000000002) - actor/loss:np.float64(-0.0023900019004940987) - actor/grad_norm:np.float64(0.0571579746901989) - actor/lr:np.float64(7.080478515423954e-06) - actor/perf/max_memory_allocated_gb:np.float64(39.21875619888306) - actor/perf/max_memory_reserved_gb:np.float64(42.099609375) - actor/perf/cpu_memory_used_gb:np.float64(100.24622344970703) - perf/mfu/actor:np.float64(0.3372830785116439) - training/global_step:103 - training/epoch:0 - critic/score/mean:0.9492584466934204 - critic/score/max:1.9500000476837158 - critic/score/min:0.0 - critic/rewards/mean:0.9492584466934204 - critic/rewards/max:1.9500000476837158 - critic/rewards/min:0.0 - critic/advantages/mean:0.002392676891759038 - critic/advantages/max:2.796074390411377 - critic/advantages/min:-3.539983034133911 - critic/returns/mean:0.002392676891759038 - critic/returns/max:2.796074390411377 - critic/returns/min:-3.539983034133911 - response_length/mean:3299.1953125 - response_length/max:4049.0 - response_length/min:199.0 - response_length/clip_ratio:0.0 - response_length_non_aborted/mean:3299.1953125 - response_length_non_aborted/max:4049.0 - response_length_non_aborted/min:199.0 - response_length_non_aborted/clip_ratio:0.0 - response/aborted_ratio:0.0 - prompt_length/mean:3952.125 - prompt_length/max:4142.0 - prompt_length/min:3617.0 - prompt_length/clip_ratio:0.0 - num_turns/min:np.int32(2) - num_turns/max:np.int32(4) - num_turns/mean:np.float64(3.984375) - timing_s/start_profile:6.008200580254197e-05 - timing_s/agent_loop/num_preempted/min:np.int64(-1) - timing_s/agent_loop/num_preempted/max:np.int64(-1) - timing_s/agent_loop/num_preempted/mean:np.float64(-1.0) - timing_s/agent_loop/generate_sequences/min:np.float64(30.569627249991754) - timing_s/agent_loop/generate_sequences/max:np.float64(112.30787590498221) - timing_s/agent_loop/generate_sequences/mean:np.float64(95.61278903560128) - timing_s/agent_loop/tool_calls/min:np.float64(0.0) - timing_s/agent_loop/tool_calls/max:np.float64(0.7204679849965032) - timing_s/agent_loop/tool_calls/mean:np.float64(0.1476492779381715) - timing_s/agent_loop/compute_score/min:np.float64(0.22194134999881499) - timing_s/agent_loop/compute_score/max:np.float64(5.259990688005928) - timing_s/agent_loop/compute_score/mean:np.float64(1.0958658268602903) - timing_s/agent_loop/slowest/generate_sequences:np.float64(112.30787590498221) - timing_s/agent_loop/slowest/tool_calls:np.float64(0.32656391701311804) - timing_s/agent_loop/slowest/compute_score:np.float64(0.9794713699957356) - timing_s/agent_loop/slowest/num_preempted:np.int64(-1) - timing_s/agent_loop/slowest/prompt_length:3950 - timing_s/agent_loop/slowest/response_length:3616 - timing_s/gen:138.88909793799394 - timing_s/reward:0.00040398299461230636 - timing_s/old_log_prob:148.62253026899998 - timing_s/ref:138.54677029701998 - timing_s/adv:0.1626211639959365 - timing_s/update_actor:330.18912931898376 - timing_s/update_weights:3.997108555980958 - timing_s/dump_rollout_generations:0.341216594009893 - timing_s/step:760.9069699580141 - timing_s/stop_profile:4.7666020691394806e-05 - timing_per_token_ms/adv:0.00017520641606855704 - timing_per_token_ms/gen:0.3288896154554589 - timing_per_token_ms/ref:0.14926890501300946 - timing_per_token_ms/update_actor:0.3557424664247392 - perf/total_num_tokens:928169 - perf/time_per_step:760.9069699580141 - perf/throughput:1219.819290196823
[36m(TaskRunner pid=3691285)[0m Dumped generations to /home/yw4636/agentic-tvg/results/grpo-vanilla/rollouts/104.jsonl
[36m(TaskRunner pid=3691285)[0m step:104 - global_seqlen/min:919700 - global_seqlen/max:919700 - global_seqlen/minmax_diff:0 - global_seqlen/balanced_min:919700 - global_seqlen/balanced_max:919700 - global_seqlen/mean:919700.0 - actor/entropy:0.9773345589637756 - perf/mfu/actor_infer:0.3024839780020926 - training/rollout_probs_diff_valid:1 - training/rollout_probs_diff_max:0.6732214093208313 - training/rollout_probs_diff_mean:0.00911705195903778 - training/rollout_probs_diff_std:0.014405527152121067 - training/rollout_actor_probs_pearson_corr:0.9989293217658997 - rollout_corr/training_ppl:2.6742260456085205 - rollout_corr/training_log_ppl:0.9667526483535767 - rollout_corr/kl:0.002425811719149351 - rollout_corr/k3_kl:0.0025062900967895985 - rollout_corr/rollout_ppl:2.6672184467315674 - rollout_corr/rollout_log_ppl:0.9642654657363892 - rollout_corr/log_ppl_diff:0.002487149555236101 - rollout_corr/log_ppl_abs_diff:0.0032202904112637043 - rollout_corr/log_ppl_diff_max:0.014893591403961182 - rollout_corr/log_ppl_diff_min:-0.005379438400268555 - rollout_corr/ppl_ratio:1.0024960041046143 - rollout_corr/chi2_token:0.0053681135177612305 - rollout_corr/chi2_seq:1.025402307510376 - actor/pg_clipfrac:np.float64(0.0) - actor/ppo_kl:np.float64(0.0) - actor/pg_clipfrac_lower:np.float64(0.0) - actor/pg_loss:np.float64(-0.015990796404366847) - actor/kl_loss:np.float64(0.0025767433835426345) - actor/kl_coef:np.float64(0.0010000000000000002) - actor/loss:np.float64(-0.015988223254680634) - actor/grad_norm:np.float64(0.06057463586330414) - actor/lr:np.float64(7.030795186817367e-06) - actor/perf/max_memory_allocated_gb:np.float64(39.21875619888306) - actor/perf/max_memory_reserved_gb:np.float64(42.099609375) - actor/perf/cpu_memory_used_gb:np.float64(100.22836685180664) - perf/mfu/actor:np.float64(0.338053539279921) - training/global_step:104 - training/epoch:0 - critic/score/mean:1.0577762126922607 - critic/score/max:2.0 - critic/score/min:0.5 - critic/rewards/mean:1.0577762126922607 - critic/rewards/max:2.0 - critic/rewards/min:0.5 - critic/advantages/mean:0.015990791842341423 - critic/advantages/max:2.877150774002075 - critic/advantages/min:-2.1125423908233643 - critic/returns/mean:0.015990791842341423 - critic/returns/max:2.877150774002075 - critic/returns/min:-2.1125423908233643 - response_length/mean:3244.65625 - response_length/max:3617.0 - response_length/min:2814.0 - response_length/clip_ratio:0.0 - response_length_non_aborted/mean:3244.65625 - response_length_non_aborted/max:3617.0 - response_length_non_aborted/min:2814.0 - response_length_non_aborted/clip_ratio:0.0 - response/aborted_ratio:0.0 - prompt_length/mean:3940.5 - prompt_length/max:4142.0 - prompt_length/min:3746.0 - prompt_length/clip_ratio:0.0 - num_turns/min:np.int32(4) - num_turns/max:np.int32(4) - num_turns/mean:np.float64(4.0) - timing_s/start_profile:6.298799416981637e-05 - timing_s/agent_loop/num_preempted/min:np.int64(-1) - timing_s/agent_loop/num_preempted/max:np.int64(-1) - timing_s/agent_loop/num_preempted/mean:np.float64(-1.0) - timing_s/agent_loop/generate_sequences/min:np.float64(63.832273831998464) - timing_s/agent_loop/generate_sequences/max:np.float64(107.41039819299476) - timing_s/agent_loop/generate_sequences/mean:np.float64(92.7042510714366) - timing_s/agent_loop/tool_calls/min:np.float64(0.06085677302326076) - timing_s/agent_loop/tool_calls/max:np.float64(0.8716778839880135) - timing_s/agent_loop/tool_calls/mean:np.float64(0.17115489854677435) - timing_s/agent_loop/compute_score/min:np.float64(0.3319639060064219) - timing_s/agent_loop/compute_score/max:np.float64(4.495706810004776) - timing_s/agent_loop/compute_score/mean:np.float64(1.1959230177567406) - timing_s/agent_loop/slowest/generate_sequences:np.float64(106.47606236199499) - timing_s/agent_loop/slowest/tool_calls:np.float64(0.14349174502422102) - timing_s/agent_loop/slowest/compute_score:np.float64(2.4288204880140256) - timing_s/agent_loop/slowest/num_preempted:np.int64(-1) - timing_s/agent_loop/slowest/prompt_length:3939 - timing_s/agent_loop/slowest/response_length:3354 - timing_s/gen:135.18716673800373 - timing_s/reward:0.0004135920025873929 - timing_s/old_log_prob:141.08615278900834 - timing_s/ref:137.32021655497374 - timing_s/adv:0.164000571006909 - timing_s/update_actor:322.35448462699424 - timing_s/update_weights:3.989497684990056 - timing_s/dump_rollout_generations:0.31082088898983784 - timing_s/step:740.5762268510007 - timing_s/stop_profile:4.4199987314641476e-05 - timing_per_token_ms/adv:0.0001783196379329227 - timing_per_token_ms/gen:0.3255043550886644 - timing_per_token_ms/ref:0.14930979292701288 - timing_per_token_ms/update_actor:0.3504996027258826 - perf/total_num_tokens:919700 - perf/time_per_step:740.5762268510007 - perf/throughput:1241.8708117470235[36m(TaskRunner pid=3691285)[0m Training Progress:  39%|███▉      | 105/267 [10:27:31<38:14:24, 849.78s/it]
[36m(TaskRunner pid=3691285)[0m Training Progress:  40%|███▉      | 106/267 [10:39:59<36:38:18, 819.24s/it]

[36m(TaskRunner pid=3691285)[0m Dumped generations to /home/yw4636/agentic-tvg/results/grpo-vanilla/rollouts/105.jsonl
[36m(TaskRunner pid=3691285)[0m step:105 - global_seqlen/min:933706 - global_seqlen/max:933706 - global_seqlen/minmax_diff:0 - global_seqlen/balanced_min:933706 - global_seqlen/balanced_max:933706 - global_seqlen/mean:933706.0 - actor/entropy:1.0341136455535889 - perf/mfu/actor_infer:0.3019069138857326 - training/rollout_probs_diff_valid:1 - training/rollout_probs_diff_max:0.2340494990348816 - training/rollout_probs_diff_mean:0.009219863452017307 - training/rollout_probs_diff_std:0.013876103796064854 - training/rollout_actor_probs_pearson_corr:0.9989887475967407 - rollout_corr/training_ppl:2.8359787464141846 - rollout_corr/training_log_ppl:1.0177078247070312 - rollout_corr/kl:0.0026892018504440784 - rollout_corr/k3_kl:0.0026770189870148897 - rollout_corr/rollout_ppl:2.828352451324463 - rollout_corr/rollout_log_ppl:1.0151011943817139 - rollout_corr/log_ppl_diff:0.0026065846905112267 - rollout_corr/log_ppl_abs_diff:0.0034980550408363342 - rollout_corr/log_ppl_diff_max:0.012232184410095215 - rollout_corr/log_ppl_diff_min:-0.007306456565856934 - rollout_corr/ppl_ratio:1.0026161670684814 - rollout_corr/chi2_token:0.00538027286529541 - rollout_corr/chi2_seq:47.286251068115234 - actor/pg_clipfrac:np.float64(0.0) - actor/ppo_kl:np.float64(0.0) - actor/pg_clipfrac_lower:np.float64(0.0) - actor/pg_loss:np.float64(-0.00128543860046193) - actor/kl_loss:np.float64(0.002759632348897867) - actor/kl_coef:np.float64(0.0010000000000000002) - actor/loss:np.float64(-0.0012826807796955109) - actor/grad_norm:np.float64(0.062382083386182785) - actor/lr:np.float64(6.980899929742046e-06) - actor/perf/max_memory_allocated_gb:np.float64(39.21875619888306) - actor/perf/max_memory_reserved_gb:np.float64(42.099609375) - actor/perf/cpu_memory_used_gb:np.float64(100.4354019165039) - perf/mfu/actor:np.float64(0.3371593884390439) - training/global_step:105 - training/epoch:0 - critic/score/mean:1.0947349071502686 - critic/score/max:1.954545497894287 - critic/score/min:0.5 - critic/rewards/mean:1.0947349071502686 - critic/rewards/max:1.954545497894287 - critic/rewards/min:0.5 - critic/advantages/mean:0.0012854387750849128 - critic/advantages/max:3.6881844997406006 - critic/advantages/min:-2.799226760864258 - critic/returns/mean:0.0012854387750849128 - critic/returns/max:3.6881844997406006 - critic/returns/min:-2.799226760864258 - response_length/mean:3277.328125 - response_length/max:6241.0 - response_length/min:2867.0 - response_length/clip_ratio:0.0 - response_length_non_aborted/mean:3277.328125 - response_length_non_aborted/max:6241.0 - response_length_non_aborted/min:2867.0 - response_length_non_aborted/clip_ratio:0.0 - response/aborted_ratio:0.0 - prompt_length/mean:4017.25 - prompt_length/max:4141.0 - prompt_length/min:3943.0 - prompt_length/clip_ratio:0.0 - num_turns/min:np.int32(4) - num_turns/max:np.int32(6) - num_turns/mean:np.float64(4.015625) - timing_s/start_profile:6.463698809966445e-05 - timing_s/agent_loop/num_preempted/min:np.int64(-1) - timing_s/agent_loop/num_preempted/max:np.int64(-1) - timing_s/agent_loop/num_preempted/mean:np.float64(-1.0) - timing_s/agent_loop/generate_sequences/min:np.float64(65.67239488099585) - timing_s/agent_loop/generate_sequences/max:np.float64(118.66277319699293) - timing_s/agent_loop/generate_sequences/mean:np.float64(104.19561464644448) - timing_s/agent_loop/tool_calls/min:np.float64(0.06323871901258826) - timing_s/agent_loop/tool_calls/max:np.float64(0.7911841599852778) - timing_s/agent_loop/tool_calls/mean:np.float64(0.14912323514045056) - timing_s/agent_loop/compute_score/min:np.float64(0.3287518309953157) - timing_s/agent_loop/compute_score/max:np.float64(3.900637419981649) - timing_s/agent_loop/compute_score/mean:np.float64(1.1783090518049448) - timing_s/agent_loop/slowest/generate_sequences:np.float64(118.24802653698134) - timing_s/agent_loop/slowest/tool_calls:np.float64(0.12847000500187278) - timing_s/agent_loop/slowest/compute_score:np.float64(2.461091671983013) - timing_s/agent_loop/slowest/num_preempted:np.int64(-1) - timing_s/agent_loop/slowest/prompt_length:3945 - timing_s/agent_loop/slowest/response_length:3365 - timing_s/gen:147.39543635799782 - timing_s/reward:0.0004394249990582466 - timing_s/old_log_prob:141.44520700900466 - timing_s/ref:138.5357203760068 - timing_s/adv:0.16229717902024277 - timing_s/update_actor:327.27800584799843 - timing_s/update_weights:4.001008499995805 - timing_s/dump_rollout_generations:0.32134620400029235 - timing_s/step:759.2995634159888 - timing_s/stop_profile:3.884400939568877e-05 - timing_per_token_ms/adv:0.0001738204306497364 - timing_per_token_ms/gen:0.3513614757591164 - timing_per_token_ms/ref:0.14837188619973182 - timing_per_token_ms/update_actor:0.3505150506133606 - perf/total_num_tokens:933706 - perf/time_per_step:759.2995634159888 - perf/throughput:1229.693845469079
[36m(TaskRunner pid=3691285)[0m Dumped generations to /home/yw4636/agentic-tvg/results/grpo-vanilla/rollouts/106.jsonl
[36m(TaskRunner pid=3691285)[0m step:106 - global_seqlen/min:924397 - global_seqlen/max:924397 - global_seqlen/minmax_diff:0 - global_seqlen/balanced_min:924397 - global_seqlen/balanced_max:924397 - global_seqlen/mean:924397.0 - actor/entropy:1.0232210159301758 - perf/mfu/actor_infer:0.3038117001145315 - training/rollout_probs_diff_valid:1 - training/rollout_probs_diff_max:0.41801926493644714 - training/rollout_probs_diff_mean:0.009578741155564785 - training/rollout_probs_diff_std:0.014682160690426826 - training/rollout_actor_probs_pearson_corr:0.9988729953765869 - rollout_corr/training_ppl:2.8352692127227783 - rollout_corr/training_log_ppl:1.0188993215560913 - rollout_corr/kl:0.002812623279169202 - rollout_corr/k3_kl:0.0029072328470647335 - rollout_corr/rollout_ppl:2.826956272125244 - rollout_corr/rollout_log_ppl:1.0160256624221802 - rollout_corr/log_ppl_diff:0.002873733639717102 - rollout_corr/log_ppl_abs_diff:0.003721117042005062 - rollout_corr/log_ppl_diff_max:0.01579451560974121 - rollout_corr/log_ppl_diff_min:-0.00613325834274292 - rollout_corr/ppl_ratio:1.0028852224349976 - rollout_corr/chi2_token:0.006281495094299316 - rollout_corr/chi2_seq:1.571155071258545 - actor/pg_clipfrac:np.float64(0.0) - actor/ppo_kl:np.float64(0.0) - actor/pg_clipfrac_lower:np.float64(0.0) - actor/pg_loss:np.float64(0.01609890937106684) - actor/kl_loss:np.float64(0.0028063256831956096) - actor/kl_coef:np.float64(0.0010000000000000002) - actor/loss:np.float64(0.016101721674203873) - actor/grad_norm:np.float64(0.05810809135437012) - actor/lr:np.float64(6.930799651866319e-06) - actor/perf/max_memory_allocated_gb:np.float64(39.21875619888306) - actor/perf/max_memory_reserved_gb:np.float64(42.099609375) - actor/perf/cpu_memory_used_gb:np.float64(100.24105834960938) - perf/mfu/actor:np.float64(0.3373425594862823) - training/global_step:106 - training/epoch:0 - critic/score/mean:1.1668906211853027 - critic/score/max:2.0 - critic/score/min:0.0 - critic/rewards/mean:1.1668906211853027 - critic/rewards/max:2.0 - critic/rewards/min:0.0 - critic/advantages/mean:-0.016098905354738235 - critic/advantages/max:3.2327609062194824 - critic/advantages/min:-3.420973539352417 - critic/returns/mean:-0.016098905354738235 - critic/returns/max:3.2327609062194824 - critic/returns/min:-3.420973539352417 - response_length/mean:3205.1015625 - response_length/max:3661.0 - response_length/min:105.0 - response_length/clip_ratio:0.0 - response_length_non_aborted/mean:3205.1015625 - response_length_non_aborted/max:3661.0 - response_length_non_aborted/min:105.0 - response_length_non_aborted/clip_ratio:0.0 - response/aborted_ratio:0.0 - prompt_length/mean:4016.75 - prompt_length/max:4138.0 - prompt_length/min:3944.0 - prompt_length/clip_ratio:0.0 - num_turns/min:np.int32(2) - num_turns/max:np.int32(4) - num_turns/mean:np.float64(3.984375) - timing_s/start_profile:7.376499706879258e-05 - timing_s/agent_loop/num_preempted/min:np.int64(-1) - timing_s/agent_loop/num_preempted/max:np.int64(-1) - timing_s/agent_loop/num_preempted/mean:np.float64(-1.0) - timing_s/agent_loop/generate_sequences/min:np.float64(25.66951409901958) - timing_s/agent_loop/generate_sequences/max:np.float64(116.06860465797945) - timing_s/agent_loop/generate_sequences/mean:np.float64(98.8899135443803) - timing_s/agent_loop/tool_calls/min:np.float64(0.0) - timing_s/agent_loop/tool_calls/max:np.float64(0.8530141370138153) - timing_s/agent_loop/tool_calls/mean:np.float64(0.16520141196929217) - timing_s/agent_loop/compute_score/min:np.float64(0.33992279501399025) - timing_s/agent_loop/compute_score/max:np.float64(7.376414461003151) - timing_s/agent_loop/compute_score/mean:np.float64(1.2558922991483996) - timing_s/agent_loop/slowest/generate_sequences:np.float64(116.06860465797945) - timing_s/agent_loop/slowest/tool_calls:np.float64(0.11099366599228233) - timing_s/agent_loop/slowest/compute_score:np.float64(0.9298699920182116) - timing_s/agent_loop/slowest/num_preempted:np.int64(-1) - timing_s/agent_loop/slowest/prompt_length:4138 - timing_s/agent_loop/slowest/response_length:3661 - timing_s/gen:144.16853130800882 - timing_s/reward:0.00044445498497225344 - timing_s/old_log_prob:139.41751375599415 - timing_s/ref:134.75354171200888 - timing_s/adv:0.16659833598532714 - timing_s/update_actor:324.1066998580063 - timing_s/update_weights:3.9935477919934783 - timing_s/dump_rollout_generations:0.31979117399896495 - timing_s/step:747.1046032930026 - timing_s/stop_profile:4.857900785282254e-05 - timing_per_token_ms/adv:0.00018022379560440714 - timing_per_token_ms/gen:0.35141371618978734 - timing_per_token_ms/ref:0.14577453379014524 - timing_per_token_ms/update_actor:0.35061418401185457 - perf/total_num_tokens:924397 - perf/time_per_step:747.1046032930026 - perf/throughput:1237.3059889144681[36m(TaskRunner pid=3691285)[0m Training Progress:  40%|████      | 107/267 [10:52:30<35:30:09, 798.81s/it]
[36m(TaskRunner pid=3691285)[0m Training Progress:  40%|████      | 108/267 [11:04:55<34:34:18, 782.75s/it]

[36m(TaskRunner pid=3691285)[0m Dumped generations to /home/yw4636/agentic-tvg/results/grpo-vanilla/rollouts/107.jsonl
[36m(TaskRunner pid=3691285)[0m step:107 - global_seqlen/min:926356 - global_seqlen/max:926356 - global_seqlen/minmax_diff:0 - global_seqlen/balanced_min:926356 - global_seqlen/balanced_max:926356 - global_seqlen/mean:926356.0 - actor/entropy:1.0044406652450562 - perf/mfu/actor_infer:0.30356776010609887 - training/rollout_probs_diff_valid:1 - training/rollout_probs_diff_max:0.25161439180374146 - training/rollout_probs_diff_mean:0.009269754402339458 - training/rollout_probs_diff_std:0.014065315946936607 - training/rollout_actor_probs_pearson_corr:0.9989469051361084 - rollout_corr/training_ppl:2.7475719451904297 - rollout_corr/training_log_ppl:0.9929956197738647 - rollout_corr/kl:0.002291715005412698 - rollout_corr/k3_kl:0.0024349528830498457 - rollout_corr/rollout_ppl:2.7406818866729736 - rollout_corr/rollout_log_ppl:0.9904946684837341 - rollout_corr/log_ppl_diff:0.0025009731762111187 - rollout_corr/log_ppl_abs_diff:0.003365259151905775 - rollout_corr/log_ppl_diff_max:0.014158308506011963 - rollout_corr/log_ppl_diff_min:-0.004543721675872803 - rollout_corr/ppl_ratio:1.002510666847229 - rollout_corr/chi2_token:0.005238056182861328 - rollout_corr/chi2_seq:0.9719647169113159 - actor/pg_clipfrac:np.float64(0.0) - actor/ppo_kl:np.float64(0.0) - actor/pg_clipfrac_lower:np.float64(0.0) - actor/pg_loss:np.float64(-0.0023110161055228673) - actor/kl_loss:np.float64(0.0029626187460962683) - actor/kl_coef:np.float64(0.0010000000000000002) - actor/loss:np.float64(-0.002308052033185959) - actor/grad_norm:np.float64(0.0589706152677536) - actor/lr:np.float64(6.880501289242288e-06) - actor/perf/max_memory_allocated_gb:np.float64(39.21875619888306) - actor/perf/max_memory_reserved_gb:np.float64(42.099609375) - actor/perf/cpu_memory_used_gb:np.float64(100.84333801269531) - perf/mfu/actor:np.float64(0.3370661375191594) - training/global_step:107 - training/epoch:0 - critic/score/mean:1.0723567008972168 - critic/score/max:1.8648147583007812 - critic/score/min:0.5 - critic/rewards/mean:1.0723567008972168 - critic/rewards/max:1.8648147583007812 - critic/rewards/min:0.5 - critic/advantages/mean:0.0023110138718038797 - critic/advantages/max:2.7689316272735596 - critic/advantages/min:-2.2370004653930664 - critic/returns/mean:0.0023110138718038797 - critic/returns/max:2.7689316272735596 - critic/returns/min:-2.2370004653930664 - response_length/mean:3244.28125 - response_length/max:3598.0 - response_length/min:2961.0 - response_length/clip_ratio:0.0 - response_length_non_aborted/mean:3244.28125 - response_length_non_aborted/max:3598.0 - response_length_non_aborted/min:2961.0 - response_length_non_aborted/clip_ratio:0.0 - response/aborted_ratio:0.0 - prompt_length/mean:3992.875 - prompt_length/max:4147.0 - prompt_length/min:3932.0 - prompt_length/clip_ratio:0.0 - num_turns/min:np.int32(4) - num_turns/max:np.int32(4) - num_turns/mean:np.float64(4.0) - timing_s/start_profile:5.7425000704824924e-05 - timing_s/agent_loop/num_preempted/min:np.int64(-1) - timing_s/agent_loop/num_preempted/max:np.int64(-1) - timing_s/agent_loop/num_preempted/mean:np.float64(-1.0) - timing_s/agent_loop/generate_sequences/min:np.float64(66.76583800499793) - timing_s/agent_loop/generate_sequences/max:np.float64(116.82464437599992) - timing_s/agent_loop/generate_sequences/mean:np.float64(102.80891409083756) - timing_s/agent_loop/tool_calls/min:np.float64(0.06960420700488612) - timing_s/agent_loop/tool_calls/max:np.float64(0.7967089869780466) - timing_s/agent_loop/tool_calls/mean:np.float64(0.12744035810123933) - timing_s/agent_loop/compute_score/min:np.float64(0.3311119719874114) - timing_s/agent_loop/compute_score/max:np.float64(4.984362859977409) - timing_s/agent_loop/compute_score/mean:np.float64(1.2884665459780535) - timing_s/agent_loop/slowest/generate_sequences:np.float64(116.82464437599992) - timing_s/agent_loop/slowest/tool_calls:np.float64(0.10411854201811366) - timing_s/agent_loop/slowest/compute_score:np.float64(0.8729419419832993) - timing_s/agent_loop/slowest/num_preempted:np.int64(-1) - timing_s/agent_loop/slowest/prompt_length:3958 - timing_s/agent_loop/slowest/response_length:3528 - timing_s/gen:145.93861900101183 - timing_s/reward:0.0004852919955737889 - timing_s/old_log_prob:140.04760965300375 - timing_s/ref:133.77670982599375 - timing_s/adv:0.16965336501016282 - timing_s/update_actor:325.77916810300667 - timing_s/update_weights:3.987123931001406 - timing_s/dump_rollout_generations:0.3191095430229325 - timing_s/step:750.1895604419988 - timing_s/stop_profile:4.400900797918439e-05 - timing_per_token_ms/adv:0.0001831405690794498 - timing_per_token_ms/gen:0.3514323737947827 - timing_per_token_ms/ref:0.14441177023303542 - timing_per_token_ms/update_actor:0.35167815408223907 - perf/total_num_tokens:926356 - perf/time_per_step:750.1895604419988 - perf/throughput:1234.8292336329062
[36m(TaskRunner pid=3691285)[0m Dumped generations to /home/yw4636/agentic-tvg/results/grpo-vanilla/rollouts/108.jsonl
[36m(TaskRunner pid=3691285)[0m step:108 - global_seqlen/min:920392 - global_seqlen/max:920392 - global_seqlen/minmax_diff:0 - global_seqlen/balanced_min:920392 - global_seqlen/balanced_max:920392 - global_seqlen/mean:920392.0 - actor/entropy:1.0449249744415283 - perf/mfu/actor_infer:0.3044481789849978 - training/rollout_probs_diff_valid:1 - training/rollout_probs_diff_max:0.25356701016426086 - training/rollout_probs_diff_mean:0.009365453384816647 - training/rollout_probs_diff_std:0.014356718398630619 - training/rollout_actor_probs_pearson_corr:0.998936116695404 - rollout_corr/training_ppl:2.8590424060821533 - rollout_corr/training_log_ppl:1.0294137001037598 - rollout_corr/kl:0.0028221921529620886 - rollout_corr/k3_kl:0.002762557240203023 - rollout_corr/rollout_ppl:2.8506431579589844 - rollout_corr/rollout_log_ppl:1.0265024900436401 - rollout_corr/log_ppl_diff:0.0029111849144101143 - rollout_corr/log_ppl_abs_diff:0.0038023730739951134 - rollout_corr/log_ppl_diff_max:0.012697458267211914 - rollout_corr/log_ppl_diff_min:-0.006509661674499512 - rollout_corr/ppl_ratio:1.0029222965240479 - rollout_corr/chi2_token:0.0053435564041137695 - rollout_corr/chi2_seq:33.0589714050293 - actor/pg_clipfrac:np.float64(0.0) - actor/ppo_kl:np.float64(0.0) - actor/pg_clipfrac_lower:np.float64(0.0) - actor/pg_loss:np.float64(0.021966644446365535) - actor/kl_loss:np.float64(0.003158045674354071) - actor/kl_coef:np.float64(0.0010000000000000002) - actor/loss:np.float64(0.021969802677631378) - actor/grad_norm:np.float64(0.06574695557355881) - actor/lr:np.float64(6.83001180534558e-06) - actor/perf/max_memory_allocated_gb:np.float64(39.21875619888306) - actor/perf/max_memory_reserved_gb:np.float64(42.099609375) - actor/perf/cpu_memory_used_gb:np.float64(99.97879028320312) - perf/mfu/actor:np.float64(0.3363842580990536) - training/global_step:108 - training/epoch:0 - critic/score/mean:1.0526896715164185 - critic/score/max:2.0 - critic/score/min:0.5 - critic/rewards/mean:1.0526896715164185 - critic/rewards/max:2.0 - critic/rewards/min:0.5 - critic/advantages/mean:-0.021966643631458282 - critic/advantages/max:2.54701828956604 - critic/advantages/min:-3.083569288253784 - critic/returns/mean:-0.021966643631458282 - critic/returns/max:2.54701828956604 - critic/returns/min:-3.083569288253784 - response_length/mean:3240.9375 - response_length/max:3583.0 - response_length/min:2805.0 - response_length/clip_ratio:0.0 - response_length_non_aborted/mean:3240.9375 - response_length_non_aborted/max:3583.0 - response_length_non_aborted/min:2805.0 - response_length_non_aborted/clip_ratio:0.0 - response/aborted_ratio:0.0 - prompt_length/mean:3949.625 - prompt_length/max:4136.0 - prompt_length/min:3760.0 - prompt_length/clip_ratio:0.0 - num_turns/min:np.int32(4) - num_turns/max:np.int32(4) - num_turns/mean:np.float64(4.0) - timing_s/start_profile:5.559698911383748e-05 - timing_s/agent_loop/num_preempted/min:np.int64(-1) - timing_s/agent_loop/num_preempted/max:np.int64(-1) - timing_s/agent_loop/num_preempted/mean:np.float64(-1.0) - timing_s/agent_loop/generate_sequences/min:np.float64(70.57903964398429) - timing_s/agent_loop/generate_sequences/max:np.float64(115.80776328200591) - timing_s/agent_loop/generate_sequences/mean:np.float64(101.07317763639617) - timing_s/agent_loop/tool_calls/min:np.float64(0.06642186400131322) - timing_s/agent_loop/tool_calls/max:np.float64(0.7233926080225501) - timing_s/agent_loop/tool_calls/mean:np.float64(0.13271168110827603) - timing_s/agent_loop/compute_score/min:np.float64(0.3474669179995544) - timing_s/agent_loop/compute_score/max:np.float64(3.877742839016719) - timing_s/agent_loop/compute_score/mean:np.float64(1.1568213253981412) - timing_s/agent_loop/slowest/generate_sequences:np.float64(114.84124895802233) - timing_s/agent_loop/slowest/tool_calls:np.float64(0.09809820700320415) - timing_s/agent_loop/slowest/compute_score:np.float64(3.125796303007519) - timing_s/agent_loop/slowest/num_preempted:np.int64(-1) - timing_s/agent_loop/slowest/prompt_length:3955 - timing_s/agent_loop/slowest/response_length:3336 - timing_s/gen:144.40268614899833 - timing_s/reward:0.0004458879993762821 - timing_s/old_log_prob:137.60735397200915 - timing_s/ref:131.89213094799197 - timing_s/adv:0.15961422200780362 - timing_s/update_actor:326.689387299004 - timing_s/update_weights:3.9900991920148954 - timing_s/dump_rollout_generations:0.32155473000602797 - timing_s/step:745.2333765299991 - timing_s/stop_profile:4.972401075065136e-05 - timing_per_token_ms/adv:0.0001734198276471369 - timing_per_token_ms/gen:0.34809248420836547 - timing_per_token_ms/ref:0.14329995365886705 - timing_per_token_ms/update_actor:0.35494592227985905 - perf/total_num_tokens:920392 - perf/time_per_step:745.2333765299991 - perf/throughput:1235.0386187553556[36m(TaskRunner pid=3691285)[0m Training Progress:  41%|████      | 109/267 [11:17:14<33:46:31, 769.57s/it]
[36m(TaskRunner pid=3691285)[0m Training Progress:  41%|████      | 110/267 [11:29:40<33:15:12, 762.50s/it]

[36m(TaskRunner pid=3691285)[0m Dumped generations to /home/yw4636/agentic-tvg/results/grpo-vanilla/rollouts/109.jsonl
[36m(TaskRunner pid=3691285)[0m step:109 - global_seqlen/min:919047 - global_seqlen/max:919047 - global_seqlen/minmax_diff:0 - global_seqlen/balanced_min:919047 - global_seqlen/balanced_max:919047 - global_seqlen/mean:919047.0 - actor/entropy:0.9380642175674438 - perf/mfu/actor_infer:0.3016773677396252 - training/rollout_probs_diff_valid:1 - training/rollout_probs_diff_max:0.24281379580497742 - training/rollout_probs_diff_mean:0.009370597079396248 - training/rollout_probs_diff_std:0.014634430408477783 - training/rollout_actor_probs_pearson_corr:0.9988750219345093 - rollout_corr/training_ppl:2.5492124557495117 - rollout_corr/training_log_ppl:0.9177097082138062 - rollout_corr/kl:0.002867260482162237 - rollout_corr/k3_kl:0.002633256372064352 - rollout_corr/rollout_ppl:2.541752338409424 - rollout_corr/rollout_log_ppl:0.9149370789527893 - rollout_corr/log_ppl_diff:0.002772590611129999 - rollout_corr/log_ppl_abs_diff:0.0035077123902738094 - rollout_corr/log_ppl_diff_max:0.01993536949157715 - rollout_corr/log_ppl_diff_min:-0.005868136882781982 - rollout_corr/ppl_ratio:1.0027836561203003 - rollout_corr/chi2_token:0.004811882972717285 - rollout_corr/chi2_seq:1.0385217666625977 - actor/pg_clipfrac:np.float64(0.0) - actor/ppo_kl:np.float64(0.0) - actor/pg_clipfrac_lower:np.float64(0.0) - actor/pg_loss:np.float64(-0.02413355966564268) - actor/kl_loss:np.float64(0.0030521782391588204) - actor/kl_coef:np.float64(0.0010000000000000002) - actor/loss:np.float64(-0.024130506440997124) - actor/grad_norm:np.float64(0.060378964990377426) - actor/lr:np.float64(6.779338190111293e-06) - actor/perf/max_memory_allocated_gb:np.float64(39.21875619888306) - actor/perf/max_memory_reserved_gb:np.float64(42.099609375) - actor/perf/cpu_memory_used_gb:np.float64(100.68465805053711) - perf/mfu/actor:np.float64(0.33632150577613906) - training/global_step:109 - training/epoch:0 - critic/score/mean:1.0354197025299072 - critic/score/max:1.976190447807312 - critic/score/min:0.5 - critic/rewards/mean:1.0354197025299072 - critic/rewards/max:1.976190447807312 - critic/rewards/min:0.5 - critic/advantages/mean:0.02413354255259037 - critic/advantages/max:2.2390825748443604 - critic/advantages/min:-2.6280972957611084 - critic/returns/mean:0.02413354255259037 - critic/returns/max:2.2390825748443604 - critic/returns/min:-2.6280972957611084 - response_length/mean:3188.0546875 - response_length/max:3575.0 - response_length/min:2621.0 - response_length/clip_ratio:0.0 - response_length_non_aborted/mean:3188.0546875 - response_length_non_aborted/max:3575.0 - response_length_non_aborted/min:2621.0 - response_length_non_aborted/clip_ratio:0.0 - response/aborted_ratio:0.0 - prompt_length/mean:3992.0 - prompt_length/max:4143.0 - prompt_length/min:3934.0 - prompt_length/clip_ratio:0.0 - num_turns/min:np.int32(4) - num_turns/max:np.int32(4) - num_turns/mean:np.float64(4.0) - timing_s/start_profile:5.9950019931420684e-05 - timing_s/agent_loop/num_preempted/min:np.int64(-1) - timing_s/agent_loop/num_preempted/max:np.int64(-1) - timing_s/agent_loop/num_preempted/mean:np.float64(-1.0) - timing_s/agent_loop/generate_sequences/min:np.float64(67.15515576000325) - timing_s/agent_loop/generate_sequences/max:np.float64(108.90035404800437) - timing_s/agent_loop/generate_sequences/mean:np.float64(94.35319411871228) - timing_s/agent_loop/tool_calls/min:np.float64(0.06448236599680968) - timing_s/agent_loop/tool_calls/max:np.float64(1.128100578993326) - timing_s/agent_loop/tool_calls/mean:np.float64(0.217111433961918) - timing_s/agent_loop/compute_score/min:np.float64(0.32634414001950063) - timing_s/agent_loop/compute_score/max:np.float64(4.7170609809982125) - timing_s/agent_loop/compute_score/mean:np.float64(1.1944139346089742) - timing_s/agent_loop/slowest/generate_sequences:np.float64(107.56862041703425) - timing_s/agent_loop/slowest/tool_calls:np.float64(0.2905308280023746) - timing_s/agent_loop/slowest/compute_score:np.float64(4.7170609809982125) - timing_s/agent_loop/slowest/num_preempted:np.int64(-1) - timing_s/agent_loop/slowest/prompt_length:3955 - timing_s/agent_loop/slowest/response_length:3575 - timing_s/gen:137.9596776230028 - timing_s/reward:0.00037432200042530894 - timing_s/old_log_prob:139.3365851949784 - timing_s/ref:134.08293056598632 - timing_s/adv:0.16428497899323702 - timing_s/update_actor:321.9792776630202 - timing_s/update_weights:3.9935414899955504 - timing_s/dump_rollout_generations:0.31563734301016666 - timing_s/step:737.9939329590125 - timing_s/stop_profile:4.4612999772652984e-05 - timing_per_token_ms/adv:0.0001787557970302248 - timing_per_token_ms/gen:0.3380776326252118 - timing_per_token_ms/ref:0.14589344240935045 - timing_per_token_ms/update_actor:0.3503403826605388 - perf/total_num_tokens:919047 - perf/time_per_step:737.9939329590125 - perf/throughput:1245.3313759844189
[36m(TaskRunner pid=3691285)[0m Dumped generations to /home/yw4636/agentic-tvg/results/grpo-vanilla/rollouts/110.jsonl
[36m(TaskRunner pid=3691285)[0m step:110 - global_seqlen/min:921905 - global_seqlen/max:921905 - global_seqlen/minmax_diff:0 - global_seqlen/balanced_min:921905 - global_seqlen/balanced_max:921905 - global_seqlen/mean:921905.0 - actor/entropy:1.0270860195159912 - perf/mfu/actor_infer:0.3033659624025908 - training/rollout_probs_diff_valid:1 - training/rollout_probs_diff_max:0.3353055715560913 - training/rollout_probs_diff_mean:0.009164606221020222 - training/rollout_probs_diff_std:0.014067603275179863 - training/rollout_actor_probs_pearson_corr:0.9989709258079529 - rollout_corr/training_ppl:2.767176628112793 - rollout_corr/training_log_ppl:1.0036250352859497 - rollout_corr/kl:0.0021939293947070837 - rollout_corr/k3_kl:0.0025418633595108986 - rollout_corr/rollout_ppl:2.760690212249756 - rollout_corr/rollout_log_ppl:1.0013728141784668 - rollout_corr/log_ppl_diff:0.0022522127255797386 - rollout_corr/log_ppl_abs_diff:0.0034545501694083214 - rollout_corr/log_ppl_diff_max:0.009931445121765137 - rollout_corr/log_ppl_diff_min:-0.005405008792877197 - rollout_corr/ppl_ratio:1.0022610425949097 - rollout_corr/chi2_token:0.005897045135498047 - rollout_corr/chi2_seq:2.9052562713623047 - actor/pg_clipfrac:np.float64(0.0) - actor/ppo_kl:np.float64(0.0) - actor/pg_clipfrac_lower:np.float64(0.0) - actor/pg_loss:np.float64(0.03357208381930832) - actor/kl_loss:np.float64(0.0031984640954760835) - actor/kl_coef:np.float64(0.0010000000000000002) - actor/loss:np.float64(0.033575285226106644) - actor/grad_norm:np.float64(0.06368099898099899) - actor/lr:np.float64(6.728487458966296e-06) - actor/perf/max_memory_allocated_gb:np.float64(39.21875619888306) - actor/perf/max_memory_reserved_gb:np.float64(42.099609375) - actor/perf/cpu_memory_used_gb:np.float64(116.91925048828125) - perf/mfu/actor:np.float64(0.33764375344326863) - training/global_step:110 - training/epoch:0 - critic/score/mean:1.0514873266220093 - critic/score/max:1.9796829223632812 - critic/score/min:0.5 - critic/rewards/mean:1.0514873266220093 - critic/rewards/max:1.9796829223632812 - critic/rewards/min:0.5 - critic/advantages/mean:-0.033572081476449966 - critic/advantages/max:3.6520774364471436 - critic/advantages/min:-2.5310914516448975 - critic/returns/mean:-0.033572081476449966 - critic/returns/max:3.6520774364471436 - critic/returns/min:-2.5310914516448975 - response_length/mean:3272.2578125 - response_length/max:3873.0 - response_length/min:2660.0 - response_length/clip_ratio:0.0 - response_length_non_aborted/mean:3272.2578125 - response_length_non_aborted/max:3873.0 - response_length_non_aborted/min:2660.0 - response_length_non_aborted/clip_ratio:0.0 - response/aborted_ratio:0.0 - prompt_length/mean:3930.125 - prompt_length/max:4142.0 - prompt_length/min:3612.0 - prompt_length/clip_ratio:0.0 - num_turns/min:np.int32(4) - num_turns/max:np.int32(4) - num_turns/mean:np.float64(4.0) - timing_s/start_profile:6.0304999351501465e-05 - timing_s/agent_loop/num_preempted/min:np.int64(-1) - timing_s/agent_loop/num_preempted/max:np.int64(-1) - timing_s/agent_loop/num_preempted/mean:np.float64(-1.0) - timing_s/agent_loop/generate_sequences/min:np.float64(67.18707091599936) - timing_s/agent_loop/generate_sequences/max:np.float64(114.55262433696771) - timing_s/agent_loop/generate_sequences/mean:np.float64(98.98707668039106) - timing_s/agent_loop/tool_calls/min:np.float64(0.0689721240196377) - timing_s/agent_loop/tool_calls/max:np.float64(0.8488522420229856) - timing_s/agent_loop/tool_calls/mean:np.float64(0.15577757243863743) - timing_s/agent_loop/compute_score/min:np.float64(0.28691452599014156) - timing_s/agent_loop/compute_score/max:np.float64(4.287186913978076) - timing_s/agent_loop/compute_score/mean:np.float64(1.221178812302469) - timing_s/agent_loop/slowest/generate_sequences:np.float64(113.51573114303756) - timing_s/agent_loop/slowest/tool_calls:np.float64(0.1981047379958909) - timing_s/agent_loop/slowest/compute_score:np.float64(3.09661511000013) - timing_s/agent_loop/slowest/num_preempted:np.int64(-1) - timing_s/agent_loop/slowest/prompt_length:3963 - timing_s/agent_loop/slowest/response_length:3361 - timing_s/gen:140.8059344549838 - timing_s/reward:0.0004585770075209439 - timing_s/old_log_prob:140.2599527570128 - timing_s/ref:136.1965130919998 - timing_s/adv:0.16228710699942894 - timing_s/update_actor:324.05080377298873 - timing_s/update_weights:3.9862026190094184 - timing_s/dump_rollout_generations:0.31720181502169 - timing_s/step:745.9360389109934 - timing_s/stop_profile:4.7038018237799406e-05 - timing_per_token_ms/adv:0.00017603452307930745 - timing_per_token_ms/gen:0.33617350036644184 - timing_per_token_ms/ref:0.1477337828648286 - timing_per_token_ms/update_actor:0.3515012976098283 - perf/total_num_tokens:921905 - perf/time_per_step:745.9360389109934 - perf/throughput:1235.9035519263919[36m(TaskRunner pid=3691285)[0m Training Progress:  42%|████▏     | 111/267 [11:42:19<32:59:53, 761.50s/it]
[36m(TaskRunner pid=3691285)[0m Training Progress:  42%|████▏     | 112/267 [11:55:01<32:47:52, 761.76s/it]

[36m(TaskRunner pid=3691285)[0m Dumped generations to /home/yw4636/agentic-tvg/results/grpo-vanilla/rollouts/111.jsonl
[36m(TaskRunner pid=3691285)[0m step:111 - global_seqlen/min:929097 - global_seqlen/max:929097 - global_seqlen/minmax_diff:0 - global_seqlen/balanced_min:929097 - global_seqlen/balanced_max:929097 - global_seqlen/mean:929097.0 - actor/entropy:0.9846066236495972 - perf/mfu/actor_infer:0.3027741862436908 - training/rollout_probs_diff_valid:1 - training/rollout_probs_diff_max:0.3328498303890228 - training/rollout_probs_diff_mean:0.009639776311814785 - training/rollout_probs_diff_std:0.014987707138061523 - training/rollout_actor_probs_pearson_corr:0.998826265335083 - rollout_corr/training_ppl:2.6857197284698486 - rollout_corr/training_log_ppl:0.9663876295089722 - rollout_corr/kl:0.0026887834537774324 - rollout_corr/k3_kl:0.0028682462871074677 - rollout_corr/rollout_ppl:2.678211212158203 - rollout_corr/rollout_log_ppl:0.9636715650558472 - rollout_corr/log_ppl_diff:0.0027160607278347015 - rollout_corr/log_ppl_abs_diff:0.0034480849280953407 - rollout_corr/log_ppl_diff_max:0.010576963424682617 - rollout_corr/log_ppl_diff_min:-0.006141602993011475 - rollout_corr/ppl_ratio:1.0027251243591309 - rollout_corr/chi2_token:0.006271958351135254 - rollout_corr/chi2_seq:5.136756420135498 - actor/pg_clipfrac:np.float64(0.0) - actor/ppo_kl:np.float64(0.0) - actor/pg_clipfrac_lower:np.float64(0.0) - actor/pg_loss:np.float64(0.026860519166802987) - actor/kl_loss:np.float64(0.0032155547887668945) - actor/kl_coef:np.float64(0.0010000000000000002) - actor/loss:np.float64(0.026863733306527138) - actor/grad_norm:np.float64(0.062023986130952835) - actor/lr:np.float64(6.6774666518579845e-06) - actor/perf/max_memory_allocated_gb:np.float64(39.21875619888306) - actor/perf/max_memory_reserved_gb:np.float64(42.099609375) - actor/perf/cpu_memory_used_gb:np.float64(100.79254531860352) - perf/mfu/actor:np.float64(0.33666326601627017) - training/global_step:111 - training/epoch:0 - critic/score/mean:1.3285932540893555 - critic/score/max:1.9854429960250854 - critic/score/min:0.5 - critic/rewards/mean:1.3285932540893555 - critic/rewards/max:1.9854429960250854 - critic/rewards/min:0.5 - critic/advantages/mean:-0.026860499754548073 - critic/advantages/max:1.903987169265747 - critic/advantages/min:-3.66903018951416 - critic/returns/mean:-0.026860499754548073 - critic/returns/max:1.903987169265747 - critic/returns/min:-3.66903018951416 - response_length/mean:3241.0703125 - response_length/max:3653.0 - response_length/min:2952.0 - response_length/clip_ratio:0.0 - response_length_non_aborted/mean:3241.0703125 - response_length_non_aborted/max:3653.0 - response_length_non_aborted/min:2952.0 - response_length_non_aborted/clip_ratio:0.0 - response/aborted_ratio:0.0 - prompt_length/mean:4017.5 - prompt_length/max:4138.0 - prompt_length/min:3946.0 - prompt_length/clip_ratio:0.0 - num_turns/min:np.int32(4) - num_turns/max:np.int32(4) - num_turns/mean:np.float64(4.0) - timing_s/start_profile:5.9595011407509446e-05 - timing_s/agent_loop/num_preempted/min:np.int64(-1) - timing_s/agent_loop/num_preempted/max:np.int64(-1) - timing_s/agent_loop/num_preempted/mean:np.float64(-1.0) - timing_s/agent_loop/generate_sequences/min:np.float64(60.175540835014544) - timing_s/agent_loop/generate_sequences/max:np.float64(117.46860387799097) - timing_s/agent_loop/generate_sequences/mean:np.float64(101.20860792913527) - timing_s/agent_loop/tool_calls/min:np.float64(0.06419207699946128) - timing_s/agent_loop/tool_calls/max:np.float64(0.7737464249948971) - timing_s/agent_loop/tool_calls/mean:np.float64(0.14239584277379436) - timing_s/agent_loop/compute_score/min:np.float64(0.32562618298106827) - timing_s/agent_loop/compute_score/max:np.float64(3.282693538989406) - timing_s/agent_loop/compute_score/mean:np.float64(1.1048427097484819) - timing_s/agent_loop/slowest/generate_sequences:np.float64(115.71867351300898) - timing_s/agent_loop/slowest/tool_calls:np.float64(0.41901167400646955) - timing_s/agent_loop/slowest/compute_score:np.float64(2.5314402560179587) - timing_s/agent_loop/slowest/num_preempted:np.int64(-1) - timing_s/agent_loop/slowest/prompt_length:3950 - timing_s/agent_loop/slowest/response_length:3332 - timing_s/gen:143.62109827197855 - timing_s/reward:0.00038917301571927965 - timing_s/old_log_prob:142.42718929698458 - timing_s/ref:135.34772276002332 - timing_s/adv:0.1649012900015805 - timing_s/update_actor:333.0864549149992 - timing_s/update_weights:3.9690898770058993 - timing_s/dump_rollout_generations:0.3214674759947229 - timing_s/step:759.0964489459875 - timing_s/stop_profile:4.4710992369800806e-05 - timing_per_token_ms/adv:0.00017748554779703355 - timing_per_token_ms/gen:0.3461942266177949 - timing_per_token_ms/ref:0.14567663307493547 - timing_per_token_ms/update_actor:0.3585055757525847 - perf/total_num_tokens:929097 - perf/time_per_step:759.0964489459875 - perf/throughput:1223.9511873491963
[36m(TaskRunner pid=3691285)[0m Dumped generations to /home/yw4636/agentic-tvg/results/grpo-vanilla/rollouts/112.jsonl
[36m(TaskRunner pid=3691285)[0m step:112 - global_seqlen/min:930131 - global_seqlen/max:930131 - global_seqlen/minmax_diff:0 - global_seqlen/balanced_min:930131 - global_seqlen/balanced_max:930131 - global_seqlen/mean:930131.0 - actor/entropy:1.037384271621704 - perf/mfu/actor_infer:0.3030740693508639 - training/rollout_probs_diff_valid:1 - training/rollout_probs_diff_max:0.2753280997276306 - training/rollout_probs_diff_mean:0.009200355969369411 - training/rollout_probs_diff_std:0.014022587798535824 - training/rollout_actor_probs_pearson_corr:0.9989748001098633 - rollout_corr/training_ppl:2.8722991943359375 - rollout_corr/training_log_ppl:1.0350509881973267 - rollout_corr/kl:0.002667095046490431 - rollout_corr/k3_kl:0.0024903148878365755 - rollout_corr/rollout_ppl:2.8647336959838867 - rollout_corr/rollout_log_ppl:1.032499074935913 - rollout_corr/log_ppl_diff:0.0025519030168652534 - rollout_corr/log_ppl_abs_diff:0.003701942041516304 - rollout_corr/log_ppl_diff_max:0.010364830493927002 - rollout_corr/log_ppl_diff_min:-0.00961923599243164 - rollout_corr/ppl_ratio:1.0025622844696045 - rollout_corr/chi2_token:0.004947185516357422 - rollout_corr/chi2_seq:26.904521942138672 - actor/pg_clipfrac:np.float64(0.0) - actor/ppo_kl:np.float64(0.0) - actor/pg_clipfrac_lower:np.float64(0.0) - actor/pg_loss:np.float64(-0.008976242963399272) - actor/kl_loss:np.float64(0.003247735097829718) - actor/kl_coef:np.float64(0.0010000000000000002) - actor/loss:np.float64(-0.00897299125790596) - actor/grad_norm:np.float64(0.06247346103191376) - actor/lr:np.float64(6.62628283227964e-06) - actor/perf/max_memory_allocated_gb:np.float64(39.21875619888306) - actor/perf/max_memory_reserved_gb:np.float64(42.099609375) - actor/perf/cpu_memory_used_gb:np.float64(100.90760040283203) - perf/mfu/actor:np.float64(0.3375284019971046) - training/global_step:112 - training/epoch:0 - critic/score/mean:1.0344276428222656 - critic/score/max:1.8200000524520874 - critic/score/min:0.5 - critic/rewards/mean:1.0344276428222656 - critic/rewards/max:1.8200000524520874 - critic/rewards/min:0.5 - critic/advantages/mean:0.008976238779723644 - critic/advantages/max:3.332367181777954 - critic/advantages/min:-3.6559128761291504 - critic/returns/mean:0.008976238779723644 - critic/returns/max:3.332367181777954 - critic/returns/min:-3.6559128761291504 - response_length/mean:3274.6484375 - response_length/max:3648.0 - response_length/min:2970.0 - response_length/clip_ratio:0.0 - response_length_non_aborted/mean:3274.6484375 - response_length_non_aborted/max:3648.0 - response_length_non_aborted/min:2970.0 - response_length_non_aborted/clip_ratio:0.0 - response/aborted_ratio:0.0 - prompt_length/mean:3992.0 - prompt_length/max:4144.0 - prompt_length/min:3939.0 - prompt_length/clip_ratio:0.0 - num_turns/min:np.int32(4) - num_turns/max:np.int32(4) - num_turns/mean:np.float64(4.0) - timing_s/start_profile:6.102400948293507e-05 - timing_s/agent_loop/num_preempted/min:np.int64(-1) - timing_s/agent_loop/num_preempted/max:np.int64(-1) - timing_s/agent_loop/num_preempted/mean:np.float64(-1.0) - timing_s/agent_loop/generate_sequences/min:np.float64(69.87071833299706) - timing_s/agent_loop/generate_sequences/max:np.float64(121.2674061509897) - timing_s/agent_loop/generate_sequences/mean:np.float64(105.43752613989682) - timing_s/agent_loop/tool_calls/min:np.float64(0.06337230498320423) - timing_s/agent_loop/tool_calls/max:np.float64(0.7749392539844848) - timing_s/agent_loop/tool_calls/mean:np.float64(0.14461009833530625) - timing_s/agent_loop/compute_score/min:np.float64(0.32699949899688363) - timing_s/agent_loop/compute_score/max:np.float64(4.767556457984028) - timing_s/agent_loop/compute_score/mean:np.float64(1.2221200696185406) - timing_s/agent_loop/slowest/generate_sequences:np.float64(118.4923623939685) - timing_s/agent_loop/slowest/tool_calls:np.float64(0.0926492779981345) - timing_s/agent_loop/slowest/compute_score:np.float64(4.201440984994406) - timing_s/agent_loop/slowest/num_preempted:np.int64(-1) - timing_s/agent_loop/slowest/prompt_length:3944 - timing_s/agent_loop/slowest/response_length:3410 - timing_s/gen:150.47391683000023 - timing_s/reward:0.00044370998512022197 - timing_s/old_log_prob:139.15404659201158 - timing_s/ref:134.96253780601546 - timing_s/adv:0.1754368880065158 - timing_s/update_actor:332.33411097500357 - timing_s/update_weights:3.989994600007776 - timing_s/dump_rollout_generations:0.3216118970012758 - timing_s/step:761.5760257100046 - timing_s/stop_profile:4.422399797476828e-05 - timing_per_token_ms/adv:0.0001886152466765604 - timing_per_token_ms/gen:0.35899349126218283 - timing_per_token_ms/ref:0.14510056949614136 - timing_per_token_ms/update_actor:0.3572981773266385 - perf/total_num_tokens:930131 - perf/time_per_step:761.5760257100046 - perf/throughput:1221.3238975489735[36m(TaskRunner pid=3691285)[0m Training Progress:  42%|████▏     | 113/267 [12:07:32<32:26:42, 758.46s/it]
[36m(TaskRunner pid=3691285)[0m Training Progress:  43%|████▎     | 114/267 [12:19:46<31:55:02, 751.00s/it]

[36m(TaskRunner pid=3691285)[0m Dumped generations to /home/yw4636/agentic-tvg/results/grpo-vanilla/rollouts/113.jsonl
[36m(TaskRunner pid=3691285)[0m step:113 - global_seqlen/min:920834 - global_seqlen/max:920834 - global_seqlen/minmax_diff:0 - global_seqlen/balanced_min:920834 - global_seqlen/balanced_max:920834 - global_seqlen/mean:920834.0 - actor/entropy:0.9572159051895142 - perf/mfu/actor_infer:0.3033136181450444 - training/rollout_probs_diff_valid:1 - training/rollout_probs_diff_max:0.31994152069091797 - training/rollout_probs_diff_mean:0.009615303948521614 - training/rollout_probs_diff_std:0.015027783811092377 - training/rollout_actor_probs_pearson_corr:0.9988060593605042 - rollout_corr/training_ppl:2.627856731414795 - rollout_corr/training_log_ppl:0.9421695470809937 - rollout_corr/kl:0.0032753159757703543 - rollout_corr/k3_kl:0.002854064805433154 - rollout_corr/rollout_ppl:2.6182823181152344 - rollout_corr/rollout_log_ppl:0.9388895630836487 - rollout_corr/log_ppl_diff:0.0032799558248370886 - rollout_corr/log_ppl_abs_diff:0.004231478087604046 - rollout_corr/log_ppl_diff_max:0.017490148544311523 - rollout_corr/log_ppl_diff_min:-0.006285309791564941 - rollout_corr/ppl_ratio:1.003294587135315 - rollout_corr/chi2_token:0.005436062812805176 - rollout_corr/chi2_seq:1.4146428108215332 - actor/pg_clipfrac:np.float64(0.0) - actor/ppo_kl:np.float64(0.0) - actor/pg_clipfrac_lower:np.float64(0.0) - actor/pg_loss:np.float64(0.018576620001113042) - actor/kl_loss:np.float64(0.0034121821299777366) - actor/kl_coef:np.float64(0.0010000000000000002) - actor/loss:np.float64(0.018580041825771332) - actor/grad_norm:np.float64(0.06064663082361221) - actor/lr:np.float64(6.574943086292551e-06) - actor/perf/max_memory_allocated_gb:np.float64(39.21875619888306) - actor/perf/max_memory_reserved_gb:np.float64(42.099609375) - actor/perf/cpu_memory_used_gb:np.float64(100.98256301879883) - perf/mfu/actor:np.float64(0.3381383818798311) - training/global_step:113 - training/epoch:0 - critic/score/mean:1.1101512908935547 - critic/score/max:1.9716981649398804 - critic/score/min:0.5 - critic/rewards/mean:1.1101512908935547 - critic/rewards/max:1.9716981649398804 - critic/rewards/min:0.5 - critic/advantages/mean:-0.01857661083340645 - critic/advantages/max:2.3904147148132324 - critic/advantages/min:-2.3394510746002197 - critic/returns/mean:-0.01857661083340645 - critic/returns/max:2.3904147148132324 - critic/returns/min:-2.3394510746002197 - response_length/mean:3224.640625 - response_length/max:3647.0 - response_length/min:2937.0 - response_length/clip_ratio:0.0 - response_length_non_aborted/mean:3224.640625 - response_length_non_aborted/max:3647.0 - response_length_non_aborted/min:2937.0 - response_length_non_aborted/clip_ratio:0.0 - response/aborted_ratio:0.0 - prompt_length/mean:3969.375 - prompt_length/max:4143.0 - prompt_length/min:3751.0 - prompt_length/clip_ratio:0.0 - num_turns/min:np.int32(4) - num_turns/max:np.int32(4) - num_turns/mean:np.float64(4.0) - timing_s/start_profile:7.737800478935242e-05 - timing_s/agent_loop/num_preempted/min:np.int64(-1) - timing_s/agent_loop/num_preempted/max:np.int64(-1) - timing_s/agent_loop/num_preempted/mean:np.float64(-1.0) - timing_s/agent_loop/generate_sequences/min:np.float64(65.0875172749802) - timing_s/agent_loop/generate_sequences/max:np.float64(111.04926302598324) - timing_s/agent_loop/generate_sequences/mean:np.float64(96.20191032192838) - timing_s/agent_loop/tool_calls/min:np.float64(0.06271406600717455) - timing_s/agent_loop/tool_calls/max:np.float64(0.6793898309988435) - timing_s/agent_loop/tool_calls/mean:np.float64(0.14567432428179927) - timing_s/agent_loop/compute_score/min:np.float64(0.3328946440014988) - timing_s/agent_loop/compute_score/max:np.float64(5.237242528994102) - timing_s/agent_loop/compute_score/mean:np.float64(1.2164445863493256) - timing_s/agent_loop/slowest/generate_sequences:np.float64(108.52132651399006) - timing_s/agent_loop/slowest/tool_calls:np.float64(0.12298616499174386) - timing_s/agent_loop/slowest/compute_score:np.float64(4.529908936994616) - timing_s/agent_loop/slowest/num_preempted:np.int64(-1) - timing_s/agent_loop/slowest/prompt_length:3949 - timing_s/agent_loop/slowest/response_length:3363 - timing_s/gen:141.1529787380132 - timing_s/reward:0.00044154899660497904 - timing_s/old_log_prob:142.82011351300753 - timing_s/ref:137.74200392098282 - timing_s/adv:0.16383245200267993 - timing_s/update_actor:324.3549351670081 - timing_s/update_weights:3.975214653008152 - timing_s/dump_rollout_generations:0.321037626999896 - timing_s/step:750.6824839850015 - timing_s/stop_profile:4.944298416376114e-05 - timing_per_token_ms/adv:0.00017791746612601177 - timing_per_token_ms/gen:0.3419784635352127 - timing_per_token_ms/ref:0.14958396836018525 - timing_per_token_ms/update_actor:0.35224039855935824 - perf/total_num_tokens:920834 - perf/time_per_step:750.6824839850015 - perf/throughput:1226.6624300486517
[36m(TaskRunner pid=3691285)[0m Dumped generations to /home/yw4636/agentic-tvg/results/grpo-vanilla/rollouts/114.jsonl
[36m(TaskRunner pid=3691285)[0m step:114 - global_seqlen/min:911205 - global_seqlen/max:911205 - global_seqlen/minmax_diff:0 - global_seqlen/balanced_min:911205 - global_seqlen/balanced_max:911205 - global_seqlen/mean:911205.0 - actor/entropy:1.0070416927337646 - perf/mfu/actor_infer:0.3047829026655399 - training/rollout_probs_diff_valid:1 - training/rollout_probs_diff_max:0.35926446318626404 - training/rollout_probs_diff_mean:0.009654189459979534 - training/rollout_probs_diff_std:0.014652310870587826 - training/rollout_actor_probs_pearson_corr:0.998868465423584 - rollout_corr/training_ppl:2.7286367416381836 - rollout_corr/training_log_ppl:0.9880390167236328 - rollout_corr/kl:0.0030782856047153473 - rollout_corr/k3_kl:0.0027985393535345793 - rollout_corr/rollout_ppl:2.7200229167938232 - rollout_corr/rollout_log_ppl:0.9849058389663696 - rollout_corr/log_ppl_diff:0.0031332133803516626 - rollout_corr/log_ppl_abs_diff:0.003857954638078809 - rollout_corr/log_ppl_diff_max:0.014620602130889893 - rollout_corr/log_ppl_diff_min:-0.008593440055847168 - rollout_corr/ppl_ratio:1.0031447410583496 - rollout_corr/chi2_token:0.005188703536987305 - rollout_corr/chi2_seq:33.06339645385742 - actor/pg_clipfrac:np.float64(0.0) - actor/ppo_kl:np.float64(0.0) - actor/pg_clipfrac_lower:np.float64(0.0) - actor/pg_loss:np.float64(-0.014580735063645989) - actor/kl_loss:np.float64(0.0035717812279472128) - actor/kl_coef:np.float64(0.0010000000000000002) - actor/loss:np.float64(-0.014577161520719528) - actor/grad_norm:np.float64(0.06435427069664001) - actor/lr:np.float64(6.523454521544981e-06) - actor/perf/max_memory_allocated_gb:np.float64(39.21875619888306) - actor/perf/max_memory_reserved_gb:np.float64(42.099609375) - actor/perf/cpu_memory_used_gb:np.float64(116.75643157958984) - perf/mfu/actor:np.float64(0.3399306808477878) - training/global_step:114 - training/epoch:0 - critic/score/mean:1.1084171533584595 - critic/score/max:1.962441325187683 - critic/score/min:0.0 - critic/rewards/mean:1.1084171533584595 - critic/rewards/max:1.962441325187683 - critic/rewards/min:0.0 - critic/advantages/mean:0.014580735936760902 - critic/advantages/max:2.638861656188965 - critic/advantages/min:-2.9551708698272705 - critic/returns/mean:0.014580735936760902 - critic/returns/max:2.638861656188965 - critic/returns/min:-2.9551708698272705 - response_length/mean:3289.7890625 - response_length/max:3822.0 - response_length/min:2730.0 - response_length/clip_ratio:0.0 - response_length_non_aborted/mean:3289.7890625 - response_length_non_aborted/max:3822.0 - response_length_non_aborted/min:2730.0 - response_length_non_aborted/clip_ratio:0.0 - response/aborted_ratio:0.0 - prompt_length/mean:3829.0 - prompt_length/max:3955.0 - prompt_length/min:3363.0 - prompt_length/clip_ratio:0.0 - num_turns/min:np.int32(4) - num_turns/max:np.int32(4) - num_turns/mean:np.float64(4.0) - timing_s/start_profile:7.333699613809586e-05 - timing_s/agent_loop/num_preempted/min:np.int64(-1) - timing_s/agent_loop/num_preempted/max:np.int64(-1) - timing_s/agent_loop/num_preempted/mean:np.float64(-1.0) - timing_s/agent_loop/generate_sequences/min:np.float64(61.77682263296447) - timing_s/agent_loop/generate_sequences/max:np.float64(113.94875919900369) - timing_s/agent_loop/generate_sequences/mean:np.float64(97.87332624303212) - timing_s/agent_loop/tool_calls/min:np.float64(0.04892884599394165) - timing_s/agent_loop/tool_calls/max:np.float64(0.6967297630035318) - timing_s/agent_loop/tool_calls/mean:np.float64(0.15264992217112194) - timing_s/agent_loop/compute_score/min:np.float64(0.2904874740052037) - timing_s/agent_loop/compute_score/max:np.float64(3.2426650730194524) - timing_s/agent_loop/compute_score/mean:np.float64(1.1279060020860925) - timing_s/agent_loop/slowest/generate_sequences:np.float64(113.94875919900369) - timing_s/agent_loop/slowest/tool_calls:np.float64(0.11652048697578721) - timing_s/agent_loop/slowest/compute_score:np.float64(0.8468579649925232) - timing_s/agent_loop/slowest/num_preempted:np.int64(-1) - timing_s/agent_loop/slowest/prompt_length:3935 - timing_s/agent_loop/slowest/response_length:3598 - timing_s/gen:140.70751083898358 - timing_s/reward:0.00044238101691007614 - timing_s/old_log_prob:136.87660144802066 - timing_s/ref:130.79229274898535 - timing_s/adv:0.16163197500281967 - timing_s/update_actor:320.54570403901744 - timing_s/update_weights:3.9363634680048563 - timing_s/dump_rollout_generations:0.32032961898949 - timing_s/step:733.5097336990002 - timing_s/stop_profile:4.774998524226248e-05 - timing_per_token_ms/adv:0.00017738266910609542 - timing_per_token_ms/gen:0.3341483017741534 - timing_per_token_ms/ref:0.14353772504429338 - timing_per_token_ms/update_actor:0.3517822049253652 - perf/total_num_tokens:911205 - perf/time_per_step:733.5097336990002 - perf/throughput:1242.253453686162[36m(TaskRunner pid=3691285)[0m Training Progress:  43%|████▎     | 115/267 [12:32:36<31:57:20, 756.84s/it]
[36m(TaskRunner pid=3691285)[0m Training Progress:  43%|████▎     | 116/267 [12:45:00<31:34:55, 752.95s/it]

[36m(TaskRunner pid=3691285)[0m Dumped generations to /home/yw4636/agentic-tvg/results/grpo-vanilla/rollouts/115.jsonl
[36m(TaskRunner pid=3691285)[0m step:115 - global_seqlen/min:927824 - global_seqlen/max:927824 - global_seqlen/minmax_diff:0 - global_seqlen/balanced_min:927824 - global_seqlen/balanced_max:927824 - global_seqlen/mean:927824.0 - actor/entropy:0.971553385257721 - perf/mfu/actor_infer:0.2982020294625295 - training/rollout_probs_diff_valid:1 - training/rollout_probs_diff_max:0.22286587953567505 - training/rollout_probs_diff_mean:0.009644342586398125 - training/rollout_probs_diff_std:0.014925233088433743 - training/rollout_actor_probs_pearson_corr:0.99882972240448 - rollout_corr/training_ppl:2.6366162300109863 - rollout_corr/training_log_ppl:0.9510533213615417 - rollout_corr/kl:0.0030515913385897875 - rollout_corr/k3_kl:0.002857665531337261 - rollout_corr/rollout_ppl:2.6286582946777344 - rollout_corr/rollout_log_ppl:0.9479681253433228 - rollout_corr/log_ppl_diff:0.0030852355994284153 - rollout_corr/log_ppl_abs_diff:0.0038066008128225803 - rollout_corr/log_ppl_diff_max:0.014963984489440918 - rollout_corr/log_ppl_diff_min:-0.007071256637573242 - rollout_corr/ppl_ratio:1.0030964612960815 - rollout_corr/chi2_token:0.005438446998596191 - rollout_corr/chi2_seq:10.157862663269043 - actor/pg_clipfrac:np.float64(0.0) - actor/ppo_kl:np.float64(0.0) - actor/pg_clipfrac_lower:np.float64(0.0) - actor/pg_loss:np.float64(0.03611573106900323) - actor/kl_loss:np.float64(0.003603409022616688) - actor/kl_coef:np.float64(0.0010000000000000002) - actor/loss:np.float64(0.03611932694911957) - actor/grad_norm:np.float64(0.07028375566005707) - actor/lr:np.float64(6.471824266288163e-06) - actor/perf/max_memory_allocated_gb:np.float64(39.21875619888306) - actor/perf/max_memory_reserved_gb:np.float64(42.099609375) - actor/perf/cpu_memory_used_gb:np.float64(100.91789245605469) - perf/mfu/actor:np.float64(0.335514401907674) - training/global_step:115 - training/epoch:0 - critic/score/mean:1.3146162033081055 - critic/score/max:1.9427645206451416 - critic/score/min:0.5 - critic/rewards/mean:1.3146162033081055 - critic/rewards/max:1.9427645206451416 - critic/rewards/min:0.5 - critic/advantages/mean:-0.036115728318691254 - critic/advantages/max:1.7515758275985718 - critic/advantages/min:-3.743364095687866 - critic/returns/mean:-0.036115728318691254 - critic/returns/max:1.7515758275985718 - critic/returns/min:-3.743364095687866 - response_length/mean:3254.75 - response_length/max:3679.0 - response_length/min:2955.0 - response_length/clip_ratio:0.0 - response_length_non_aborted/mean:3254.75 - response_length_non_aborted/max:3679.0 - response_length_non_aborted/min:2955.0 - response_length_non_aborted/clip_ratio:0.0 - response/aborted_ratio:0.0 - prompt_length/mean:3993.875 - prompt_length/max:4147.0 - prompt_length/min:3932.0 - prompt_length/clip_ratio:0.0 - num_turns/min:np.int32(4) - num_turns/max:np.int32(4) - num_turns/mean:np.float64(4.0) - timing_s/start_profile:5.544000305235386e-05 - timing_s/agent_loop/num_preempted/min:np.int64(-1) - timing_s/agent_loop/num_preempted/max:np.int64(-1) - timing_s/agent_loop/num_preempted/mean:np.float64(-1.0) - timing_s/agent_loop/generate_sequences/min:np.float64(65.79853012098465) - timing_s/agent_loop/generate_sequences/max:np.float64(112.86066535898135) - timing_s/agent_loop/generate_sequences/mean:np.float64(95.68119848507718) - timing_s/agent_loop/tool_calls/min:np.float64(0.060377665009582415) - timing_s/agent_loop/tool_calls/max:np.float64(0.7324448360013776) - timing_s/agent_loop/tool_calls/mean:np.float64(0.15104897524201988) - timing_s/agent_loop/compute_score/min:np.float64(0.33118800999363884) - timing_s/agent_loop/compute_score/max:np.float64(3.0133548220037483) - timing_s/agent_loop/compute_score/mean:np.float64(1.1474370169389658) - timing_s/agent_loop/slowest/generate_sequences:np.float64(111.99544627100113) - timing_s/agent_loop/slowest/tool_calls:np.float64(0.1303788300137967) - timing_s/agent_loop/slowest/compute_score:np.float64(2.5486130489734933) - timing_s/agent_loop/slowest/num_preempted:np.int64(-1) - timing_s/agent_loop/slowest/prompt_length:3948 - timing_s/agent_loop/slowest/response_length:3679 - timing_s/gen:140.7961857969931 - timing_s/reward:0.000396973016904667 - timing_s/old_log_prob:146.85433493900928 - timing_s/ref:141.71351891898667 - timing_s/adv:0.16454701099428348 - timing_s/update_actor:336.38731211199774 - timing_s/update_weights:4.017001570988214 - timing_s/dump_rollout_generations:0.3233249619952403 - timing_s/step:770.4214028659917 - timing_s/stop_profile:4.9717986257746816e-05 - timing_per_token_ms/adv:0.00017734722425188774 - timing_per_token_ms/gen:0.3379584304597921 - timing_per_token_ms/ref:0.15273750077491707 - timing_per_token_ms/update_actor:0.3625550881546476 - perf/total_num_tokens:927824 - perf/time_per_step:770.4214028659917 - perf/throughput:1204.3071448280975
[36m(TaskRunner pid=3691285)[0m Dumped generations to /home/yw4636/agentic-tvg/results/grpo-vanilla/rollouts/116.jsonl
[36m(TaskRunner pid=3691285)[0m step:116 - global_seqlen/min:918984 - global_seqlen/max:918984 - global_seqlen/minmax_diff:0 - global_seqlen/balanced_min:918984 - global_seqlen/balanced_max:918984 - global_seqlen/mean:918984.0 - actor/entropy:0.9612483382225037 - perf/mfu/actor_infer:0.30327539757163685 - training/rollout_probs_diff_valid:1 - training/rollout_probs_diff_max:0.3212498426437378 - training/rollout_probs_diff_mean:0.009025159291923046 - training/rollout_probs_diff_std:0.013905594125390053 - training/rollout_actor_probs_pearson_corr:0.998978316783905 - rollout_corr/training_ppl:2.613952159881592 - rollout_corr/training_log_ppl:0.9396332502365112 - rollout_corr/kl:0.0025765253230929375 - rollout_corr/k3_kl:0.0022889620158821344 - rollout_corr/rollout_ppl:2.60693097114563 - rollout_corr/rollout_log_ppl:0.9369946718215942 - rollout_corr/log_ppl_diff:0.002638492500409484 - rollout_corr/log_ppl_abs_diff:0.003630519611760974 - rollout_corr/log_ppl_diff_max:0.013859033584594727 - rollout_corr/log_ppl_diff_min:-0.0066373348236083984 - rollout_corr/ppl_ratio:1.0026488304138184 - rollout_corr/chi2_token:0.004102230072021484 - rollout_corr/chi2_seq:4.548585414886475 - actor/pg_clipfrac:np.float64(0.0) - actor/ppo_kl:np.float64(0.0) - actor/pg_clipfrac_lower:np.float64(0.0) - actor/pg_loss:np.float64(0.03999034277512692) - actor/kl_loss:np.float64(0.0033499252967885695) - actor/kl_coef:np.float64(0.0010000000000000002) - actor/loss:np.float64(0.039993688464164734) - actor/grad_norm:np.float64(0.06352202594280243) - actor/lr:np.float64(6.420059468389453e-06) - actor/perf/max_memory_allocated_gb:np.float64(39.21875619888306) - actor/perf/max_memory_reserved_gb:np.float64(42.099609375) - actor/perf/cpu_memory_used_gb:np.float64(102.02054214477539) - perf/mfu/actor:np.float64(0.3376236663612345) - training/global_step:116 - training/epoch:0 - critic/score/mean:1.2880932092666626 - critic/score/max:1.9862500429153442 - critic/score/min:0.5 - critic/rewards/mean:1.2880932092666626 - critic/rewards/max:1.9862500429153442 - critic/rewards/min:0.5 - critic/advantages/mean:-0.039990343153476715 - critic/advantages/max:2.623883008956909 - critic/advantages/min:-3.4978511333465576 - critic/returns/mean:-0.039990343153476715 - critic/returns/max:2.623883008956909 - critic/returns/min:-3.4978511333465576 - response_length/mean:3205.9375 - response_length/max:3637.0 - response_length/min:2772.0 - response_length/clip_ratio:0.0 - response_length_non_aborted/mean:3205.9375 - response_length_non_aborted/max:3637.0 - response_length_non_aborted/min:2772.0 - response_length_non_aborted/clip_ratio:0.0 - response/aborted_ratio:0.0 - prompt_length/mean:3973.625 - prompt_length/max:4135.0 - prompt_length/min:3624.0 - prompt_length/clip_ratio:0.0 - num_turns/min:np.int32(4) - num_turns/max:np.int32(4) - num_turns/mean:np.float64(4.0) - timing_s/start_profile:6.496600690297782e-05 - timing_s/agent_loop/num_preempted/min:np.int64(-1) - timing_s/agent_loop/num_preempted/max:np.int64(-1) - timing_s/agent_loop/num_preempted/mean:np.float64(-1.0) - timing_s/agent_loop/generate_sequences/min:np.float64(70.58185187799972) - timing_s/agent_loop/generate_sequences/max:np.float64(111.94202144700103) - timing_s/agent_loop/generate_sequences/mean:np.float64(97.40864288160219) - timing_s/agent_loop/tool_calls/min:np.float64(0.06050846099969931) - timing_s/agent_loop/tool_calls/max:np.float64(0.5136014370073099) - timing_s/agent_loop/tool_calls/mean:np.float64(0.13940071135198195) - timing_s/agent_loop/compute_score/min:np.float64(0.339473143016221) - timing_s/agent_loop/compute_score/max:np.float64(3.9558193589909934) - timing_s/agent_loop/compute_score/mean:np.float64(1.2311221265931636) - timing_s/agent_loop/slowest/generate_sequences:np.float64(111.94202144700103) - timing_s/agent_loop/slowest/tool_calls:np.float64(0.11518837200128473) - timing_s/agent_loop/slowest/compute_score:np.float64(1.8631431629764847) - timing_s/agent_loop/slowest/num_preempted:np.int64(-1) - timing_s/agent_loop/slowest/prompt_length:3957 - timing_s/agent_loop/slowest/response_length:3383 - timing_s/gen:141.71303267596522 - timing_s/reward:0.00048447103472426534 - timing_s/old_log_prob:138.68280750099802 - timing_s/ref:132.80333359603537 - timing_s/adv:0.18118738295743242 - timing_s/update_actor:325.1163101749844 - timing_s/update_weights:3.982970913988538 - timing_s/dump_rollout_generations:0.32261741295224056 - timing_s/step:742.9760923160065 - timing_s/stop_profile:4.644400905817747e-05 - timing_per_token_ms/adv:0.0001971605413776871 - timing_per_token_ms/gen:0.34533831922206165 - timing_per_token_ms/ref:0.1445110400137928 - timing_per_token_ms/update_actor:0.3537779876200069 - perf/total_num_tokens:918984 - perf/time_per_step:742.9760923160065 - perf/throughput:1236.895789116634[36m(TaskRunner pid=3691285)[0m Training Progress:  44%|████▍     | 117/267 [12:57:39<31:27:11, 754.88s/it]
[36m(TaskRunner pid=3691285)[0m Training Progress:  44%|████▍     | 118/267 [13:10:13<31:13:57, 754.61s/it]

[36m(TaskRunner pid=3691285)[0m Dumped generations to /home/yw4636/agentic-tvg/results/grpo-vanilla/rollouts/117.jsonl
[36m(TaskRunner pid=3691285)[0m step:117 - global_seqlen/min:932473 - global_seqlen/max:932473 - global_seqlen/minmax_diff:0 - global_seqlen/balanced_min:932473 - global_seqlen/balanced_max:932473 - global_seqlen/mean:932473.0 - actor/entropy:1.002525806427002 - perf/mfu/actor_infer:0.30099035250386624 - training/rollout_probs_diff_valid:1 - training/rollout_probs_diff_max:0.25846391916275024 - training/rollout_probs_diff_mean:0.00949077308177948 - training/rollout_probs_diff_std:0.014524749480187893 - training/rollout_actor_probs_pearson_corr:0.9988853335380554 - rollout_corr/training_ppl:2.7337348461151123 - rollout_corr/training_log_ppl:0.9915599226951599 - rollout_corr/kl:0.0027496893890202045 - rollout_corr/k3_kl:0.002584950067102909 - rollout_corr/rollout_ppl:2.7260851860046387 - rollout_corr/rollout_log_ppl:0.988813579082489 - rollout_corr/log_ppl_diff:0.002746296813711524 - rollout_corr/log_ppl_abs_diff:0.003416220424696803 - rollout_corr/log_ppl_diff_max:0.013779520988464355 - rollout_corr/log_ppl_diff_min:-0.004956483840942383 - rollout_corr/ppl_ratio:1.0027563571929932 - rollout_corr/chi2_token:0.0048046112060546875 - rollout_corr/chi2_seq:1.0522165298461914 - actor/pg_clipfrac:np.float64(0.0) - actor/ppo_kl:np.float64(0.0) - actor/pg_clipfrac_lower:np.float64(0.0) - actor/pg_loss:np.float64(0.011577920115087181) - actor/kl_loss:np.float64(0.003775839853915386) - actor/kl_coef:np.float64(0.0010000000000000002) - actor/loss:np.float64(0.011581704020500183) - actor/grad_norm:np.float64(0.06314027309417725) - actor/lr:np.float64(6.368167294342738e-06) - actor/perf/max_memory_allocated_gb:np.float64(39.21875619888306) - actor/perf/max_memory_reserved_gb:np.float64(42.099609375) - actor/perf/cpu_memory_used_gb:np.float64(119.31050109863281) - perf/mfu/actor:np.float64(0.3359171213331876) - training/global_step:117 - training/epoch:0 - critic/score/mean:1.2945104837417603 - critic/score/max:1.982758641242981 - critic/score/min:0.5 - critic/rewards/mean:1.2945104837417603 - critic/rewards/max:1.982758641242981 - critic/rewards/min:0.5 - critic/advantages/mean:-0.011577906087040901 - critic/advantages/max:2.391484260559082 - critic/advantages/min:-3.3576595783233643 - critic/returns/mean:-0.011577906087040901 - critic/returns/max:2.391484260559082 - critic/returns/min:-3.3576595783233643 - response_length/mean:3197.0703125 - response_length/max:3476.0 - response_length/min:2946.0 - response_length/clip_ratio:0.0 - response_length_non_aborted/mean:3197.0703125 - response_length_non_aborted/max:3476.0 - response_length_non_aborted/min:2946.0 - response_length_non_aborted/clip_ratio:0.0 - response/aborted_ratio:0.0 - prompt_length/mean:4087.875 - prompt_length/max:4146.0 - prompt_length/min:3943.0 - prompt_length/clip_ratio:0.0 - num_turns/min:np.int32(4) - num_turns/max:np.int32(4) - num_turns/mean:np.float64(4.0) - timing_s/start_profile:5.91999851167202e-05 - timing_s/agent_loop/num_preempted/min:np.int64(-1) - timing_s/agent_loop/num_preempted/max:np.int64(-1) - timing_s/agent_loop/num_preempted/mean:np.float64(-1.0) - timing_s/agent_loop/generate_sequences/min:np.float64(70.81619723100448) - timing_s/agent_loop/generate_sequences/max:np.float64(119.48544436803786) - timing_s/agent_loop/generate_sequences/mean:np.float64(104.22401961209425) - timing_s/agent_loop/tool_calls/min:np.float64(0.055065655964426696) - timing_s/agent_loop/tool_calls/max:np.float64(0.7933119119843468) - timing_s/agent_loop/tool_calls/mean:np.float64(0.1281950709526427) - timing_s/agent_loop/compute_score/min:np.float64(0.34273224201751873) - timing_s/agent_loop/compute_score/max:np.float64(4.54154613497667) - timing_s/agent_loop/compute_score/mean:np.float64(1.303226734067266) - timing_s/agent_loop/slowest/generate_sequences:np.float64(119.48544436803786) - timing_s/agent_loop/slowest/tool_calls:np.float64(0.0717491980176419) - timing_s/agent_loop/slowest/compute_score:np.float64(1.9187510519986972) - timing_s/agent_loop/slowest/num_preempted:np.int64(-1) - timing_s/agent_loop/slowest/prompt_length:4146 - timing_s/agent_loop/slowest/response_length:3316 - timing_s/gen:145.02664174500387 - timing_s/reward:0.0004474809975363314 - timing_s/old_log_prob:141.71393190301023 - timing_s/ref:133.47534662199905 - timing_s/adv:0.16235287400195375 - timing_s/update_actor:334.4424978540046 - timing_s/update_weights:3.9815275570144877 - timing_s/dump_rollout_generations:0.3254330279887654 - timing_s/step:759.3000108689885 - timing_s/stop_profile:4.774099215865135e-05 - timing_per_token_ms/adv:0.0001741099999699227 - timing_per_token_ms/gen:0.3543934064267918 - timing_per_token_ms/ref:0.14314124550737561 - timing_per_token_ms/update_actor:0.35866185707683185 - perf/total_num_tokens:932473 - perf/time_per_step:759.3000108689885 - perf/throughput:1228.0692567524422
[36m(TaskRunner pid=3691285)[0m Dumped generations to /home/yw4636/agentic-tvg/results/grpo-vanilla/rollouts/118.jsonl
[36m(TaskRunner pid=3691285)[0m step:118 - global_seqlen/min:921023 - global_seqlen/max:921023 - global_seqlen/minmax_diff:0 - global_seqlen/balanced_min:921023 - global_seqlen/balanced_max:921023 - global_seqlen/mean:921023.0 - actor/entropy:0.9646067023277283 - perf/mfu/actor_infer:0.3032941406446441 - training/rollout_probs_diff_valid:1 - training/rollout_probs_diff_max:0.22957471013069153 - training/rollout_probs_diff_mean:0.009588097222149372 - training/rollout_probs_diff_std:0.014666851609945297 - training/rollout_actor_probs_pearson_corr:0.9988436102867126 - rollout_corr/training_ppl:2.63226318359375 - rollout_corr/training_log_ppl:0.9525108337402344 - rollout_corr/kl:0.0030224788933992386 - rollout_corr/k3_kl:0.0028754491358995438 - rollout_corr/rollout_ppl:2.6238083839416504 - rollout_corr/rollout_log_ppl:0.949400007724762 - rollout_corr/log_ppl_diff:0.0031107296235859394 - rollout_corr/log_ppl_abs_diff:0.00407748157158494 - rollout_corr/log_ppl_diff_max:0.0349278450012207 - rollout_corr/log_ppl_diff_min:-0.008360087871551514 - rollout_corr/ppl_ratio:1.003129243850708 - rollout_corr/chi2_token:0.005301952362060547 - rollout_corr/chi2_seq:4.998331069946289 - actor/pg_clipfrac:np.float64(0.0) - actor/ppo_kl:np.float64(0.0) - actor/pg_clipfrac_lower:np.float64(0.0) - actor/pg_loss:np.float64(0.02303581580054015) - actor/kl_loss:np.float64(0.003929388396500144) - actor/kl_coef:np.float64(0.0010000000000000002) - actor/loss:np.float64(0.023039739578962326) - actor/grad_norm:np.float64(0.06313171237707138) - actor/lr:np.float64(6.3161549282762926e-06) - actor/perf/max_memory_allocated_gb:np.float64(39.21875619888306) - actor/perf/max_memory_reserved_gb:np.float64(42.099609375) - actor/perf/cpu_memory_used_gb:np.float64(102.79730224609375) - perf/mfu/actor:np.float64(0.3374092163413838) - training/global_step:118 - training/epoch:0 - critic/score/mean:0.9121420979499817 - critic/score/max:1.8314917087554932 - critic/score/min:0.5 - critic/rewards/mean:0.9121420979499817 - critic/rewards/max:1.8314917087554932 - critic/rewards/min:0.5 - critic/advantages/mean:-0.02303582802414894 - critic/advantages/max:3.3314504623413086 - critic/advantages/min:-1.8371126651763916 - critic/returns/mean:-0.02303582802414894 - critic/returns/max:3.3314504623413086 - critic/returns/min:-1.8371126651763916 - response_length/mean:3222.2421875 - response_length/max:3680.0 - response_length/min:2868.0 - response_length/clip_ratio:0.0 - response_length_non_aborted/mean:3222.2421875 - response_length_non_aborted/max:3680.0 - response_length_non_aborted/min:2868.0 - response_length_non_aborted/clip_ratio:0.0 - response/aborted_ratio:0.0 - prompt_length/mean:3973.25 - prompt_length/max:4153.0 - prompt_length/min:3757.0 - prompt_length/clip_ratio:0.0 - num_turns/min:np.int32(4) - num_turns/max:np.int32(4) - num_turns/mean:np.float64(4.0) - timing_s/start_profile:7.610395550727844e-05 - timing_s/agent_loop/num_preempted/min:np.int64(-1) - timing_s/agent_loop/num_preempted/max:np.int64(-1) - timing_s/agent_loop/num_preempted/mean:np.float64(-1.0) - timing_s/agent_loop/generate_sequences/min:np.float64(57.02225824003108) - timing_s/agent_loop/generate_sequences/max:np.float64(115.47183852200396) - timing_s/agent_loop/generate_sequences/mean:np.float64(99.63795621005875) - timing_s/agent_loop/tool_calls/min:np.float64(0.06362395599717274) - timing_s/agent_loop/tool_calls/max:np.float64(2.6729172350023873) - timing_s/agent_loop/tool_calls/mean:np.float64(0.22811156080615547) - timing_s/agent_loop/compute_score/min:np.float64(0.3231872559990734) - timing_s/agent_loop/compute_score/max:np.float64(3.251060887996573) - timing_s/agent_loop/compute_score/mean:np.float64(1.171247505647898) - timing_s/agent_loop/slowest/generate_sequences:np.float64(115.47183852200396) - timing_s/agent_loop/slowest/tool_calls:np.float64(0.2215914810076356) - timing_s/agent_loop/slowest/compute_score:np.float64(0.8539746750029735) - timing_s/agent_loop/slowest/num_preempted:np.int64(-1) - timing_s/agent_loop/slowest/prompt_length:3952 - timing_s/agent_loop/slowest/response_length:3680 - timing_s/gen:141.12492240400752 - timing_s/reward:0.0004088009591214359 - timing_s/old_log_prob:141.91586333001032 - timing_s/ref:139.29855973803205 - timing_s/adv:0.1566339849960059 - timing_s/update_actor:326.94835126702674 - timing_s/update_weights:3.9763583629974164 - timing_s/dump_rollout_generations:0.337403061974328 - timing_s/step:753.9183278810233 - timing_s/stop_profile:4.740501753985882e-05 - timing_per_token_ms/adv:0.00017006522637980363 - timing_per_token_ms/gen:0.3421649870262301 - timing_per_token_ms/ref:0.15124330200009342 - timing_per_token_ms/update_actor:0.35498391600104096 - perf/total_num_tokens:921023 - perf/time_per_step:753.9183278810233 - perf/throughput:1221.6482421758392[36m(TaskRunner pid=3691285)[0m Training Progress:  45%|████▍     | 119/267 [13:22:58<31:08:26, 757.48s/it]
[36m(WorkerDict pid=3691645)[0m /home/yw4636/.conda/envs/verl/lib/python3.12/site-packages/verl/plugin/platform/platform_cuda.py:99: FutureWarning: torch.cuda._set_allocator_settings is deprecated. Use torch._C._accelerator_setAllocatorSettings instead.
[36m(WorkerDict pid=3691645)[0m   torch.cuda.memory._set_allocator_settings(settings)

[36m(TaskRunner pid=3691285)[0m Dumped generations to /home/yw4636/agentic-tvg/results/grpo-vanilla/rollouts/119.jsonl
[36m(TaskRunner pid=3691285)[0m step:119 - global_seqlen/min:918558 - global_seqlen/max:918558 - global_seqlen/minmax_diff:0 - global_seqlen/balanced_min:918558 - global_seqlen/balanced_max:918558 - global_seqlen/mean:918558.0 - actor/entropy:1.0187329053878784 - perf/mfu/actor_infer:0.3016748453500921 - training/rollout_probs_diff_valid:1 - training/rollout_probs_diff_max:0.3934493958950043 - training/rollout_probs_diff_mean:0.009626739658415318 - training/rollout_probs_diff_std:0.014861829578876495 - training/rollout_actor_probs_pearson_corr:0.9988499879837036 - rollout_corr/training_ppl:2.804912567138672 - rollout_corr/training_log_ppl:1.0128169059753418 - rollout_corr/kl:0.0034338124096393585 - rollout_corr/k3_kl:0.002899757819250226 - rollout_corr/rollout_ppl:2.7949581146240234 - rollout_corr/rollout_log_ppl:1.0092748403549194 - rollout_corr/log_ppl_diff:0.003541906364262104 - rollout_corr/log_ppl_abs_diff:0.004111548885703087 - rollout_corr/log_ppl_diff_max:0.01616489887237549 - rollout_corr/log_ppl_diff_min:-0.006825149059295654 - rollout_corr/ppl_ratio:1.0035552978515625 - rollout_corr/chi2_token:0.004873871803283691 - rollout_corr/chi2_seq:1.0034749507904053 - actor/pg_clipfrac:np.float64(0.0) - actor/ppo_kl:np.float64(0.0) - actor/pg_clipfrac_lower:np.float64(0.0) - actor/pg_loss:np.float64(0.01526679759263061) - actor/kl_loss:np.float64(0.004088071487785783) - actor/kl_coef:np.float64(0.0010000000000000002) - actor/loss:np.float64(0.015270888805389404) - actor/grad_norm:np.float64(0.05960514023900032) - actor/lr:np.float64(6.264029570958185e-06) - actor/perf/max_memory_allocated_gb:np.float64(39.21875619888306) - actor/perf/max_memory_reserved_gb:np.float64(42.099609375) - actor/perf/cpu_memory_used_gb:np.float64(102.94196701049805) - perf/mfu/actor:np.float64(0.33652896391068815) - training/global_step:119 - training/epoch:0 - critic/score/mean:0.8061617016792297 - critic/score/max:1.7803468704223633 - critic/score/min:0.5 - critic/rewards/mean:0.8061617016792297 - critic/rewards/max:1.7803468704223633 - critic/rewards/min:0.5 - critic/advantages/mean:-0.015266784466803074 - critic/advantages/max:2.805596113204956 - critic/advantages/min:-2.0659573078155518 - critic/returns/mean:-0.015266784466803074 - critic/returns/max:2.805596113204956 - critic/returns/min:-2.0659573078155518 - response_length/mean:3224.109375 - response_length/max:3568.0 - response_length/min:2722.0 - response_length/clip_ratio:0.0 - response_length_non_aborted/mean:3224.109375 - response_length_non_aborted/max:3568.0 - response_length_non_aborted/min:2722.0 - response_length_non_aborted/clip_ratio:0.0 - response/aborted_ratio:0.0 - prompt_length/mean:3952.125 - prompt_length/max:4139.0 - prompt_length/min:3626.0 - prompt_length/clip_ratio:0.0 - num_turns/min:np.int32(4) - num_turns/max:np.int32(4) - num_turns/mean:np.float64(4.0) - timing_s/start_profile:7.078098133206367e-05 - timing_s/agent_loop/num_preempted/min:np.int64(-1) - timing_s/agent_loop/num_preempted/max:np.int64(-1) - timing_s/agent_loop/num_preempted/mean:np.float64(-1.0) - timing_s/agent_loop/generate_sequences/min:np.float64(67.58955668396084) - timing_s/agent_loop/generate_sequences/max:np.float64(118.97422743594507) - timing_s/agent_loop/generate_sequences/mean:np.float64(102.68720104645718) - timing_s/agent_loop/tool_calls/min:np.float64(0.06307795702014118) - timing_s/agent_loop/tool_calls/max:np.float64(0.7289515520096757) - timing_s/agent_loop/tool_calls/mean:np.float64(0.13365542180235934) - timing_s/agent_loop/compute_score/min:np.float64(0.29396426799939945) - timing_s/agent_loop/compute_score/max:np.float64(4.128876614035107) - timing_s/agent_loop/compute_score/mean:np.float64(1.2174919539447728) - timing_s/agent_loop/slowest/generate_sequences:np.float64(118.97422743594507) - timing_s/agent_loop/slowest/tool_calls:np.float64(0.11325231497175992) - timing_s/agent_loop/slowest/compute_score:np.float64(0.8798286750097759) - timing_s/agent_loop/slowest/num_preempted:np.int64(-1) - timing_s/agent_loop/slowest/prompt_length:3943 - timing_s/agent_loop/slowest/response_length:3568 - timing_s/gen:144.9077710940037 - timing_s/reward:0.00045865995343774557 - timing_s/old_log_prob:145.16528043797007 - timing_s/ref:141.23156238300726 - timing_s/adv:0.17425018700305372 - timing_s/update_actor:327.36205675196834 - timing_s/update_weights:3.9947025920264423 - timing_s/dump_rollout_generations:0.32606337894685566 - timing_s/step:763.3405969149899 - timing_s/stop_profile:5.547795444726944e-05 - timing_per_token_ms/adv:0.0001896997108544629 - timing_per_token_ms/gen:0.35113323711975614 - timing_per_token_ms/ref:0.15375355980026004 - timing_per_token_ms/update_actor:0.35638692031637453 - perf/total_num_tokens:918558 - perf/time_per_step:763.3405969149899 - perf/throughput:1203.339641193348
[36m(TaskRunner pid=3691285)[0m local_global_step_folder: /home/yw4636/agentic-tvg/results/grpo-vanilla/ckpt/global_step_120
[36m(WorkerDict pid=3691645)[0m Checkpoint manager remove previous save local path: /home/yw4636/agentic-tvg/results/grpo-vanilla/ckpt/global_step_100/actor
[36m(TaskRunner pid=3691285)[0m Dumped generations to /home/yw4636/agentic-tvg/results/grpo-vanilla/rollouts/120.jsonl
[36m(TaskRunner pid=3691285)[0m test_gen_batch meta info: {'eos_token_id': 151645, 'pad_token_id': 151643, 'recompute_log_prob': False, 'do_sample': False, 'validate': True, 'global_steps': 120}
[36m(TaskRunner pid=3691285)[0m validation generation end
[36m(TaskRunner pid=3691285)[0m test_gen_batch meta info: {'eos_token_id': 151645, 'pad_token_id': 151643, 'recompute_log_prob': False, 'do_sample': False, 'validate': True, 'global_steps': 120}
[36m(TaskRunner pid=3691285)[0m validation generation end
[36m(TaskRunner pid=3691285)[0m test_gen_batch meta info: {'eos_token_id': 151645, 'pad_token_id': 151643, 'recompute_log_prob': False, 'do_sample': False, 'validate': True, 'global_steps': 120}
[36m(TaskRunner pid=3691285)[0m validation generation end
[36m(TaskRunner pid=3691285)[0m test_gen_batch meta info: {'eos_token_id': 151645, 'pad_token_id': 151643, 'recompute_log_prob': False, 'do_sample': False, 'validate': True, 'global_steps': 120}
[36m(TaskRunner pid=3691285)[0m validation generation end
[36m(TaskRunner pid=3691285)[0m test_gen_batch meta info: {'eos_token_id': 151645, 'pad_token_id': 151643, 'recompute_log_prob': False, 'do_sample': False, 'validate': True, 'global_steps': 120}
[36m(TaskRunner pid=3691285)[0m validation generation end
[36m(TaskRunner pid=3691285)[0m test_gen_batch meta info: {'eos_token_id': 151645, 'pad_token_id': 151643, 'recompute_log_prob': False, 'do_sample': False, 'validate': True, 'global_steps': 120}
[36m(TaskRunner pid=3691285)[0m validation generation end
[36m(TaskRunner pid=3691285)[0m test_gen_batch meta info: {'eos_token_id': 151645, 'pad_token_id': 151643, 'recompute_log_prob': False, 'do_sample': False, 'validate': True, 'global_steps': 120}
[36m(TaskRunner pid=3691285)[0m validation generation end
[36m(TaskRunner pid=3691285)[0m test_gen_batch meta info: {'eos_token_id': 151645, 'pad_token_id': 151643, 'recompute_log_prob': False, 'do_sample': False, 'validate': True, 'global_steps': 120}
[36m(TaskRunner pid=3691285)[0m validation generation end
[36m(TaskRunner pid=3691285)[0m test_gen_batch meta info: {'eos_token_id': 151645, 'pad_token_id': 151643, 'recompute_log_prob': False, 'do_sample': False, 'validate': True, 'global_steps': 120}
[36m(TaskRunner pid=3691285)[0m validation generation end
[36m(TaskRunner pid=3691285)[0m test_gen_batch meta info: {'eos_token_id': 151645, 'pad_token_id': 151643, 'recompute_log_prob': False, 'do_sample': False, 'validate': True, 'global_steps': 120}
[36m(TaskRunner pid=3691285)[0m validation generation end
[36m(TaskRunner pid=3691285)[0m test_gen_batch meta info: {'eos_token_id': 151645, 'pad_token_id': 151643, 'recompute_log_prob': False, 'do_sample': False, 'validate': True, 'global_steps': 120}
[36m(TaskRunner pid=3691285)[0m validation generation end
[36m(TaskRunner pid=3691285)[0m test_gen_batch meta info: {'eos_token_id': 151645, 'pad_token_id': 151643, 'recompute_log_prob': False, 'do_sample': False, 'validate': True, 'global_steps': 120}
[36m(TaskRunner pid=3691285)[0m validation generation end
[36m(TaskRunner pid=3691285)[0m test_gen_batch meta info: {'eos_token_id': 151645, 'pad_token_id': 151643, 'recompute_log_prob': False, 'do_sample': False, 'validate': True, 'global_steps': 120}
[36m(TaskRunner pid=3691285)[0m validation generation end
[36m(TaskRunner pid=3691285)[0m test_gen_batch meta info: {'eos_token_id': 151645, 'pad_token_id': 151643, 'recompute_log_prob': False, 'do_sample': False, 'validate': True, 'global_steps': 120}
[36m(TaskRunner pid=3691285)[0m validation generation end
[36m(TaskRunner pid=3691285)[0m test_gen_batch meta info: {'eos_token_id': 151645, 'pad_token_id': 151643, 'recompute_log_prob': False, 'do_sample': False, 'validate': True, 'global_steps': 120}
[36m(TaskRunner pid=3691285)[0m validation generation end
[36m(TaskRunner pid=3691285)[0m test_gen_batch meta info: {'eos_token_id': 151645, 'pad_token_id': 151643, 'recompute_log_prob': False, 'do_sample': False, 'validate': True, 'global_steps': 120}
[36m(TaskRunner pid=3691285)[0m validation generation end
[36m(TaskRunner pid=3691285)[0m test_gen_batch meta info: {'eos_token_id': 151645, 'pad_token_id': 151643, 'recompute_log_prob': False, 'do_sample': False, 'validate': True, 'global_steps': 120}
[36m(TaskRunner pid=3691285)[0m validation generation end
[36m(TaskRunner pid=3691285)[0m test_gen_batch meta info: {'eos_token_id': 151645, 'pad_token_id': 151643, 'recompute_log_prob': False, 'do_sample': False, 'validate': True, 'global_steps': 120}
[36m(TaskRunner pid=3691285)[0m validation generation end
[36m(TaskRunner pid=3691285)[0m test_gen_batch meta info: {'eos_token_id': 151645, 'pad_token_id': 151643, 'recompute_log_prob': False, 'do_sample': False, 'validate': True, 'global_steps': 120}
[36m(TaskRunner pid=3691285)[0m validation generation end
[36m(TaskRunner pid=3691285)[0m test_gen_batch meta info: {'eos_token_id': 151645, 'pad_token_id': 151643, 'recompute_log_prob': False, 'do_sample': False, 'validate': True, 'global_steps': 120}
[36m(TaskRunner pid=3691285)[0m validation generation end
[36m(TaskRunner pid=3691285)[0m test_gen_batch meta info: {'eos_token_id': 151645, 'pad_token_id': 151643, 'recompute_log_prob': False, 'do_sample': False, 'validate': True, 'global_steps': 120}
[36m(TaskRunner pid=3691285)[0m validation generation end
[36m(TaskRunner pid=3691285)[0m test_gen_batch meta info: {'eos_token_id': 151645, 'pad_token_id': 151643, 'recompute_log_prob': False, 'do_sample': False, 'validate': True, 'global_steps': 120}
[36m(TaskRunner pid=3691285)[0m validation generation end
[36m(TaskRunner pid=3691285)[0m test_gen_batch meta info: {'eos_token_id': 151645, 'pad_token_id': 151643, 'recompute_log_prob': False, 'do_sample': False, 'validate': True, 'global_steps': 120}
[36m(TaskRunner pid=3691285)[0m validation generation end
[36m(TaskRunner pid=3691285)[0m test_gen_batch meta info: {'eos_token_id': 151645, 'pad_token_id': 151643, 'recompute_log_prob': False, 'do_sample': False, 'validate': True, 'global_steps': 120}
[36m(TaskRunner pid=3691285)[0m validation generation end
[36m(TaskRunner pid=3691285)[0m test_gen_batch meta info: {'eos_token_id': 151645, 'pad_token_id': 151643, 'recompute_log_prob': False, 'do_sample': False, 'validate': True, 'global_steps': 120}
[36m(TaskRunner pid=3691285)[0m validation generation end
[36m(TaskRunner pid=3691285)[0m test_gen_batch meta info: {'eos_token_id': 151645, 'pad_token_id': 151643, 'recompute_log_prob': False, 'do_sample': False, 'validate': True, 'global_steps': 120}
[36m(TaskRunner pid=3691285)[0m validation generation end
[36m(TaskRunner pid=3691285)[0m test_gen_batch meta info: {'eos_token_id': 151645, 'pad_token_id': 151643, 'recompute_log_prob': False, 'do_sample': False, 'validate': True, 'global_steps': 120}
[36m(TaskRunner pid=3691285)[0m validation generation end
[36m(TaskRunner pid=3691285)[0m test_gen_batch meta info: {'eos_token_id': 151645, 'pad_token_id': 151643, 'recompute_log_prob': False, 'do_sample': False, 'validate': True, 'global_steps': 120}
[36m(TaskRunner pid=3691285)[0m validation generation end
[36m(TaskRunner pid=3691285)[0m test_gen_batch meta info: {'eos_token_id': 151645, 'pad_token_id': 151643, 'recompute_log_prob': False, 'do_sample': False, 'validate': True, 'global_steps': 120}
[36m(TaskRunner pid=3691285)[0m validation generation end
[36m(TaskRunner pid=3691285)[0m test_gen_batch meta info: {'eos_token_id': 151645, 'pad_token_id': 151643, 'recompute_log_prob': False, 'do_sample': False, 'validate': True, 'global_steps': 120}
[36m(TaskRunner pid=3691285)[0m validation generation end
[36m(TaskRunner pid=3691285)[0m test_gen_batch meta info: {'eos_token_id': 151645, 'pad_token_id': 151643, 'recompute_log_prob': False, 'do_sample': False, 'validate': True, 'global_steps': 120}
[36m(TaskRunner pid=3691285)[0m validation generation end
[36m(TaskRunner pid=3691285)[0m test_gen_batch meta info: {'eos_token_id': 151645, 'pad_token_id': 151643, 'recompute_log_prob': False, 'do_sample': False, 'validate': True, 'global_steps': 120}
[36m(TaskRunner pid=3691285)[0m validation generation end
[36m(TaskRunner pid=3691285)[0m test_gen_batch meta info: {'eos_token_id': 151645, 'pad_token_id': 151643, 'recompute_log_prob': False, 'do_sample': False, 'validate': True, 'global_steps': 120}
[36m(TaskRunner pid=3691285)[0m validation generation end
[36m(TaskRunner pid=3691285)[0m test_gen_batch meta info: {'eos_token_id': 151645, 'pad_token_id': 151643, 'recompute_log_prob': False, 'do_sample': False, 'validate': True, 'global_steps': 120}
[36m(TaskRunner pid=3691285)[0m validation generation end
[36m(TaskRunner pid=3691285)[0m test_gen_batch meta info: {'eos_token_id': 151645, 'pad_token_id': 151643, 'recompute_log_prob': False, 'do_sample': False, 'validate': True, 'global_steps': 120}
[36m(TaskRunner pid=3691285)[0m validation generation end
[36m(TaskRunner pid=3691285)[0m test_gen_batch meta info: {'eos_token_id': 151645, 'pad_token_id': 151643, 'recompute_log_prob': False, 'do_sample': False, 'validate': True, 'global_steps': 120}
[36m(TaskRunner pid=3691285)[0m validation generation end
[36m(TaskRunner pid=3691285)[0m test_gen_batch meta info: {'eos_token_id': 151645, 'pad_token_id': 151643, 'recompute_log_prob': False, 'do_sample': False, 'validate': True, 'global_steps': 120}
[36m(TaskRunner pid=3691285)[0m validation generation end
[36m(TaskRunner pid=3691285)[0m test_gen_batch meta info: {'eos_token_id': 151645, 'pad_token_id': 151643, 'recompute_log_prob': False, 'do_sample': False, 'validate': True, 'global_steps': 120}
[36m(TaskRunner pid=3691285)[0m validation generation end
[36m(TaskRunner pid=3691285)[0m test_gen_batch meta info: {'eos_token_id': 151645, 'pad_token_id': 151643, 'recompute_log_prob': False, 'do_sample': False, 'validate': True, 'global_steps': 120}
[36m(TaskRunner pid=3691285)[0m validation generation end
[36m(TaskRunner pid=3691285)[0m test_gen_batch meta info: {'eos_token_id': 151645, 'pad_token_id': 151643, 'recompute_log_prob': False, 'do_sample': False, 'validate': True, 'global_steps': 120}
[36m(TaskRunner pid=3691285)[0m validation generation end
[36m(TaskRunner pid=3691285)[0m test_gen_batch meta info: {'eos_token_id': 151645, 'pad_token_id': 151643, 'recompute_log_prob': False, 'do_sample': False, 'validate': True, 'global_steps': 120}
[36m(TaskRunner pid=3691285)[0m validation generation end
[36m(TaskRunner pid=3691285)[0m test_gen_batch meta info: {'eos_token_id': 151645, 'pad_token_id': 151643, 'recompute_log_prob': False, 'do_sample': False, 'validate': True, 'global_steps': 120}
[36m(TaskRunner pid=3691285)[0m validation generation end
[36m(TaskRunner pid=3691285)[0m test_gen_batch meta info: {'eos_token_id': 151645, 'pad_token_id': 151643, 'recompute_log_prob': False, 'do_sample': False, 'validate': True, 'global_steps': 120}
[36m(TaskRunner pid=3691285)[0m validation generation end
[36m(TaskRunner pid=3691285)[0m test_gen_batch meta info: {'eos_token_id': 151645, 'pad_token_id': 151643, 'recompute_log_prob': False, 'do_sample': False, 'validate': True, 'global_steps': 120}[36m(TaskRunner pid=3691285)[0m Training Progress:  45%|████▍     | 120/267 [13:55:02<45:13:37, 1107.60s/it]

[36m(TaskRunner pid=3691285)[0m validation generation end
[36m(TaskRunner pid=3691285)[0m test_gen_batch meta info: {'eos_token_id': 151645, 'pad_token_id': 151643, 'recompute_log_prob': False, 'do_sample': False, 'validate': True, 'global_steps': 120}
[36m(TaskRunner pid=3691285)[0m validation generation end
[36m(TaskRunner pid=3691285)[0m test_gen_batch meta info: {'eos_token_id': 151645, 'pad_token_id': 151643, 'recompute_log_prob': False, 'do_sample': False, 'validate': True, 'global_steps': 120}
[36m(TaskRunner pid=3691285)[0m validation generation end
[36m(TaskRunner pid=3691285)[0m test_gen_batch meta info: {'eos_token_id': 151645, 'pad_token_id': 151643, 'recompute_log_prob': False, 'do_sample': False, 'validate': True, 'global_steps': 120}
[36m(TaskRunner pid=3691285)[0m validation generation end
[36m(TaskRunner pid=3691285)[0m test_gen_batch meta info: {'eos_token_id': 151645, 'pad_token_id': 151643, 'recompute_log_prob': False, 'do_sample': False, 'validate': True, 'global_steps': 120}
[36m(TaskRunner pid=3691285)[0m validation generation end
[36m(TaskRunner pid=3691285)[0m test_gen_batch meta info: {'eos_token_id': 151645, 'pad_token_id': 151643, 'recompute_log_prob': False, 'do_sample': False, 'validate': True, 'global_steps': 120}
[36m(TaskRunner pid=3691285)[0m validation generation end
[36m(TaskRunner pid=3691285)[0m test_gen_batch meta info: {'eos_token_id': 151645, 'pad_token_id': 151643, 'recompute_log_prob': False, 'do_sample': False, 'validate': True, 'global_steps': 120}
[36m(TaskRunner pid=3691285)[0m validation generation end
[36m(TaskRunner pid=3691285)[0m test_gen_batch meta info: {'eos_token_id': 151645, 'pad_token_id': 151643, 'recompute_log_prob': False, 'do_sample': False, 'validate': True, 'global_steps': 120}
[36m(TaskRunner pid=3691285)[0m validation generation end
[36m(TaskRunner pid=3691285)[0m test_gen_batch meta info: {'eos_token_id': 151645, 'pad_token_id': 151643, 'recompute_log_prob': False, 'do_sample': False, 'validate': True, 'global_steps': 120}
[36m(TaskRunner pid=3691285)[0m validation generation end
[36m(TaskRunner pid=3691285)[0m test_gen_batch meta info: {'eos_token_id': 151645, 'pad_token_id': 151643, 'recompute_log_prob': False, 'do_sample': False, 'validate': True, 'global_steps': 120}
[36m(TaskRunner pid=3691285)[0m validation generation end
[36m(TaskRunner pid=3691285)[0m test_gen_batch meta info: {'eos_token_id': 151645, 'pad_token_id': 151643, 'recompute_log_prob': False, 'do_sample': False, 'validate': True, 'global_steps': 120}
[36m(TaskRunner pid=3691285)[0m validation generation end
[36m(TaskRunner pid=3691285)[0m test_gen_batch meta info: {'eos_token_id': 151645, 'pad_token_id': 151643, 'recompute_log_prob': False, 'do_sample': False, 'validate': True, 'global_steps': 120}
[36m(TaskRunner pid=3691285)[0m validation generation end
[36m(TaskRunner pid=3691285)[0m test_gen_batch meta info: {'eos_token_id': 151645, 'pad_token_id': 151643, 'recompute_log_prob': False, 'do_sample': False, 'validate': True, 'global_steps': 120}
[36m(TaskRunner pid=3691285)[0m validation generation end
[36m(TaskRunner pid=3691285)[0m test_gen_batch meta info: {'eos_token_id': 151645, 'pad_token_id': 151643, 'recompute_log_prob': False, 'do_sample': False, 'validate': True, 'global_steps': 120}
[36m(TaskRunner pid=3691285)[0m validation generation end
[36m(TaskRunner pid=3691285)[0m Dumped generations to /home/yw4636/agentic-tvg/results/grpo-vanilla/val_rollouts/120.jsonl
[36m(TaskRunner pid=3691285)[0m step:120 - global_seqlen/min:931669 - global_seqlen/max:931669 - global_seqlen/minmax_diff:0 - global_seqlen/balanced_min:931669 - global_seqlen/balanced_max:931669 - global_seqlen/mean:931669.0 - actor/entropy:0.9981372952461243 - perf/mfu/actor_infer:0.29782025341932655 - training/rollout_probs_diff_valid:1 - training/rollout_probs_diff_max:0.3630599081516266 - training/rollout_probs_diff_mean:0.009280620142817497 - training/rollout_probs_diff_std:0.01460201945155859 - training/rollout_actor_probs_pearson_corr:0.9989013671875 - rollout_corr/training_ppl:2.7636146545410156 - rollout_corr/training_log_ppl:0.9954650402069092 - rollout_corr/kl:0.0023836896289139986 - rollout_corr/k3_kl:0.0026320612523704767 - rollout_corr/rollout_ppl:2.7565572261810303 - rollout_corr/rollout_log_ppl:0.9930554628372192 - rollout_corr/log_ppl_diff:0.0024094993714243174 - rollout_corr/log_ppl_abs_diff:0.0034801161382347345 - rollout_corr/log_ppl_diff_max:0.010568976402282715 - rollout_corr/log_ppl_diff_min:-0.006623744964599609 - rollout_corr/ppl_ratio:1.0024187564849854 - rollout_corr/chi2_token:0.005882143974304199 - rollout_corr/chi2_seq:36.39916229248047 - actor/pg_clipfrac:np.float64(0.0) - actor/ppo_kl:np.float64(0.0) - actor/pg_clipfrac_lower:np.float64(0.0) - actor/pg_loss:np.float64(0.01782508788164705) - actor/kl_loss:np.float64(0.004002644542197231) - actor/kl_coef:np.float64(0.0010000000000000002) - actor/loss:np.float64(0.017829084768891335) - actor/grad_norm:np.float64(0.06183414161205292) - actor/lr:np.float64(6.211798438799369e-06) - actor/perf/max_memory_allocated_gb:np.float64(39.21875619888306) - actor/perf/max_memory_reserved_gb:np.float64(42.099609375) - actor/perf/cpu_memory_used_gb:np.float64(103.68446731567383) - perf/mfu/actor:np.float64(0.33722839963929563) - val-aux/longvt_longvt-val/reward/mean@1:np.float64(1.0667810345950879) - val-aux/longvt_longvt-val/score/mean@1:np.float64(1.066781034344097) - val-core/longvt_longvt-val/acc/mean@1:np.float64(0.47368421052631576) - val-aux/longvt_longvt-val/format_score/mean@1:np.float64(0.5) - val-aux/longvt_longvt-val/evidence_iou/mean@1:np.float64(0.1861936476355628) - val-aux/longvt_longvt-val/answered/mean@1:np.float64(1.0) - val-aux/longvt_longvt-val/num_tool_calls/mean@1:np.float64(1.0) - val-aux/longvt_longvt-val/judge_used/mean@1:np.float64(1.0) - val-aux/num_turns/min:np.int32(4) - val-aux/num_turns/max:np.int32(4) - val-aux/num_turns/mean:np.float64(4.0) - training/global_step:120 - training/epoch:0 - critic/score/mean:1.0475324392318726 - critic/score/max:1.9900000095367432 - critic/score/min:0.5 - critic/rewards/mean:1.0475324392318726 - critic/rewards/max:1.9900000095367432 - critic/rewards/min:0.5 - critic/advantages/mean:-0.017825106158852577 - critic/advantages/max:2.6927757263183594 - critic/advantages/min:-2.592097043991089 - critic/returns/mean:-0.017825106158852577 - critic/returns/max:2.6927757263183594 - critic/returns/min:-2.592097043991089 - response_length/mean:3218.4140625 - response_length/max:3558.0 - response_length/min:2881.0 - response_length/clip_ratio:0.0 - response_length_non_aborted/mean:3218.4140625 - response_length_non_aborted/max:3558.0 - response_length_non_aborted/min:2881.0 - response_length_non_aborted/clip_ratio:0.0 - response/aborted_ratio:0.0 - prompt_length/mean:4060.25 - prompt_length/max:4153.0 - prompt_length/min:3934.0 - prompt_length/clip_ratio:0.0 - num_turns/min:np.int32(4) - num_turns/max:np.int32(4) - num_turns/mean:np.float64(4.0) - timing_s/start_profile:7.647898746654391e-05 - timing_s/agent_loop/num_preempted/min:np.int64(-1) - timing_s/agent_loop/num_preempted/max:np.int64(-1) - timing_s/agent_loop/num_preempted/mean:np.float64(-1.0) - timing_s/agent_loop/generate_sequences/min:np.float64(69.9981707020197) - timing_s/agent_loop/generate_sequences/max:np.float64(121.32174443098484) - timing_s/agent_loop/generate_sequences/mean:np.float64(104.51444729376408) - timing_s/agent_loop/tool_calls/min:np.float64(0.060576487972866744) - timing_s/agent_loop/tool_calls/max:np.float64(0.7838691740180366) - timing_s/agent_loop/tool_calls/mean:np.float64(0.13677405260068554) - timing_s/agent_loop/compute_score/min:np.float64(0.3304956670035608) - timing_s/agent_loop/compute_score/max:np.float64(9.042615328973625) - timing_s/agent_loop/compute_score/mean:np.float64(1.389957391905682) - timing_s/agent_loop/slowest/generate_sequences:np.float64(115.25246120506199) - timing_s/agent_loop/slowest/tool_calls:np.float64(0.22931426297873259) - timing_s/agent_loop/slowest/compute_score:np.float64(7.989073395030573) - timing_s/agent_loop/slowest/num_preempted:np.int64(-1) - timing_s/agent_loop/slowest/prompt_length:4140 - timing_s/agent_loop/slowest/response_length:3310 - timing_s/gen:149.0606859580148 - timing_s/reward:0.0004686540341936052 - timing_s/old_log_prob:159.47643621405587 - timing_s/ref:137.89063946099486 - timing_s/adv:0.1708974790526554 - timing_s/update_actor:330.58644870395074 - timing_s/save_checkpoint:26.64720374799799 - timing_s/update_weights:4.004632042022422 - timing_s/dump_rollout_generations:0.3238545219646767 - timing_s/step:808.3374581719982 - timing_s/testing:1116.12070761004 - timing_s/stop_profile:0.00018853601068258286 - timing_per_token_ms/adv:0.00018343153958396747 - timing_per_token_ms/gen:0.3618355458409854 - timing_per_token_ms/ref:0.14800389350831128 - timing_per_token_ms/update_actor:0.3548325088673668 - perf/total_num_tokens:931669 - perf/time_per_step:808.3374581719982 - perf/throughput:1152.5743247218902[36m(TaskRunner pid=3691285)[0m Training Progress:  45%|████▌     | 121/267 [14:07:38<40:38:39, 1002.19s/it]
[36m(AgentLoopWorker pid=3694500)[0m ERROR:2026-08-28 22:20:28,766:Failed to decode tool call: Expecting ',' delimiter: line 2 column 76 (char 76)
[33m(raylet)[0m [2026-08-28 22:26:44,732 E 3687578 3687578] (raylet) node_manager.cc:3496: 4 Workers (tasks / actors) killed due to memory pressure (OOM), 0 Workers crashed due to other reasons at node (ID: 27b7e3dc8a9d63be5bb11e783c7bfc8276972c2c1501c49166e51ddd, IP: 10.110.2.5) over the last time period. To see more information about the Workers killed on this node, use `ray logs raylet.out -ip 10.110.2.5`
[33m(raylet)[0m 
[33m(raylet)[0m Refer to the documentation on how to address the out of memory issue: https://docs.ray.io/en/latest/ray-observability/user-guides/debug-apps/debug-memory.html. Consider provisioning more memory on this node or reducing task parallelism by requesting more CPUs per task. To adjust the kill threshold, set the environment variable `RAY_memory_usage_threshold` when starting Ray. To disable worker killing, set the environment variable `RAY_memory_monitor_refresh_ms` to zero. Since 2.56, Ray updated the oom killing policy to enabling killing multiple workers and selecting workers based on the time since the task start executing. To revert to the legacy policy of determining worker to oom kill based on owner group size or only selecting a single worker to kill at a time, set the environment variable `RAY_worker_killing_policy_by_group` to true before starting Ray. If the idle workers have a non-trivial memory footprint at the time of OOM (check OOM log for non-selected idle workers), consider setting the environment variable `RAY_idle_worker_killing_memory_threshold_bytes` to a lower value to consider idle workers with lower memory footprint for killing.

[36m(TaskRunner pid=3691285)[0m Dumped generations to /home/yw4636/agentic-tvg/results/grpo-vanilla/rollouts/121.jsonl
[36m(TaskRunner pid=3691285)[0m step:121 - global_seqlen/min:925563 - global_seqlen/max:925563 - global_seqlen/minmax_diff:0 - global_seqlen/balanced_min:925563 - global_seqlen/balanced_max:925563 - global_seqlen/mean:925563.0 - actor/entropy:0.9631842374801636 - perf/mfu/actor_infer:0.3006571941388963 - training/rollout_probs_diff_valid:1 - training/rollout_probs_diff_max:0.5748860836029053 - training/rollout_probs_diff_mean:0.009613178670406342 - training/rollout_probs_diff_std:0.01582486182451248 - training/rollout_actor_probs_pearson_corr:0.998723030090332 - rollout_corr/training_ppl:2.6376967430114746 - rollout_corr/training_log_ppl:0.9485815167427063 - rollout_corr/kl:0.0027956650592386723 - rollout_corr/k3_kl:0.0028205360285937786 - rollout_corr/rollout_ppl:2.62960147857666 - rollout_corr/rollout_log_ppl:0.9456755518913269 - rollout_corr/log_ppl_diff:0.002906019799411297 - rollout_corr/log_ppl_abs_diff:0.0037627164274454117 - rollout_corr/log_ppl_diff_max:0.01482081413269043 - rollout_corr/log_ppl_diff_min:-0.005832552909851074 - rollout_corr/ppl_ratio:1.002918004989624 - rollout_corr/chi2_token:0.005710124969482422 - rollout_corr/chi2_seq:6.748533725738525 - actor/pg_clipfrac:np.float64(0.0) - actor/ppo_kl:np.float64(0.0) - actor/pg_clipfrac_lower:np.float64(0.0) - actor/pg_loss:np.float64(0.024319228607055265) - actor/kl_loss:np.float64(0.003947739911382087) - actor/kl_coef:np.float64(0.0010000000000000002) - actor/loss:np.float64(0.02432318776845932) - actor/grad_norm:np.float64(0.06843407452106476) - actor/lr:np.float64(6.159468762854631e-06) - actor/perf/max_memory_allocated_gb:np.float64(39.21875619888306) - actor/perf/max_memory_reserved_gb:np.float64(42.099609375) - actor/perf/cpu_memory_used_gb:np.float64(120.12194061279297) - perf/mfu/actor:np.float64(0.3358018744155811) - training/global_step:121 - training/epoch:0 - critic/score/mean:1.150010347366333 - critic/score/max:1.9500000476837158 - critic/score/min:0.23571428656578064 - critic/rewards/mean:1.150010347366333 - critic/rewards/max:1.9500000476837158 - critic/rewards/min:0.23571428656578064 - critic/advantages/mean:-0.024319233372807503 - critic/advantages/max:2.278686761856079 - critic/advantages/min:-2.764754056930542 - critic/returns/mean:-0.024319233372807503 - critic/returns/max:2.278686761856079 - critic/returns/min:-2.764754056930542 - response_length/mean:3216.5859375 - response_length/max:3526.0 - response_length/min:2934.0 - response_length/clip_ratio:0.0 - response_length_non_aborted/mean:3216.5859375 - response_length_non_aborted/max:3526.0 - response_length_non_aborted/min:2934.0 - response_length_non_aborted/clip_ratio:0.0 - response/aborted_ratio:0.0 - prompt_length/mean:4014.375 - prompt_length/max:4139.0 - prompt_length/min:3738.0 - prompt_length/clip_ratio:0.0 - num_turns/min:np.int32(4) - num_turns/max:np.int32(4) - num_turns/mean:np.float64(4.0) - timing_s/start_profile:9.800499537959695e-05 - timing_s/agent_loop/num_preempted/min:np.int64(-1) - timing_s/agent_loop/num_preempted/max:np.int64(-1) - timing_s/agent_loop/num_preempted/mean:np.float64(-1.0) - timing_s/agent_loop/generate_sequences/min:np.float64(71.91499541996745) - timing_s/agent_loop/generate_sequences/max:np.float64(113.99389029998565) - timing_s/agent_loop/generate_sequences/mean:np.float64(100.25254760774942) - timing_s/agent_loop/tool_calls/min:np.float64(0.05682507698656991) - timing_s/agent_loop/tool_calls/max:np.float64(0.8305482309660874) - timing_s/agent_loop/tool_calls/mean:np.float64(0.14400513366263112) - timing_s/agent_loop/compute_score/min:np.float64(0.3928441820316948) - timing_s/agent_loop/compute_score/max:np.float64(4.067094778001774) - timing_s/agent_loop/compute_score/mean:np.float64(1.2931715269446613) - timing_s/agent_loop/slowest/generate_sequences:np.float64(113.57611743098823) - timing_s/agent_loop/slowest/tool_calls:np.float64(0.5703703599865548) - timing_s/agent_loop/slowest/compute_score:np.float64(1.8053801279747859) - timing_s/agent_loop/slowest/num_preempted:np.int64(-1) - timing_s/agent_loop/slowest/prompt_length:3948 - timing_s/agent_loop/slowest/response_length:3397 - timing_s/gen:142.8905596670229 - timing_s/reward:0.0005971280043013394 - timing_s/old_log_prob:144.96364883700153 - timing_s/ref:136.72281405702233 - timing_s/adv:0.17650161997880787 - timing_s/update_actor:326.9266301189782 - timing_s/update_weights:3.9965745829977095 - timing_s/dump_rollout_generations:0.3081719590118155 - timing_s/step:756.1351906040218 - timing_s/stop_profile:5.148095078766346e-05 - timing_per_token_ms/adv:0.000190696494975283 - timing_per_token_ms/gen:0.34705508234182425 - timing_per_token_ms/ref:0.14771853894010709 - timing_per_token_ms/update_actor:0.35321920832939324 - perf/total_num_tokens:925563 - perf/time_per_step:756.1351906040218 - perf/throughput:1224.0707898552303
[36m(TaskRunner pid=3691285)[0m Dumped generations to /home/yw4636/agentic-tvg/results/grpo-vanilla/rollouts/122.jsonl
Error executing job with overrides: ['algorithm.adv_estimator=grpo', '+ray_kwargs.ray_init.object_store_memory=42949672960', 'algorithm.use_kl_in_reward=False', 'data.train_files=/home/yw4636/agentic-tvg/data/processed/rl_train.parquet', 'data.val_files=/home/yw4636/agentic-tvg/data/processed/rl_val.parquet', 'data.return_raw_chat=True', 'data.train_batch_size=8', 'data.max_prompt_length=4608', 'data.max_response_length=16384', 'data.filter_overlong_prompts=False', 'data.truncation=error', 'data.image_patch_size=16', 'actor_rollout_ref.model.path=/home/yw4636/agentic-tvg/results/sft-mix/merged', 'actor_rollout_ref.model.use_remove_padding=True', 'actor_rollout_ref.model.enable_gradient_checkpointing=True', 'actor_rollout_ref.model.lora_rank=16', 'actor_rollout_ref.model.lora_alpha=32', 'actor_rollout_ref.model.target_modules=all-linear', 'actor_rollout_ref.model.exclude_modules=.*visual.*', 'actor_rollout_ref.actor.strategy=fsdp2', 'actor_rollout_ref.actor.optim.lr=1e-5', 'actor_rollout_ref.actor.optim.lr_scheduler_type=cosine', 'actor_rollout_ref.actor.optim.min_lr_ratio=0.1', 'actor_rollout_ref.actor.ppo_mini_batch_size=8', 'actor_rollout_ref.actor.use_dynamic_bsz=True', 'actor_rollout_ref.actor.ppo_max_token_len_per_gpu=24576', 'actor_rollout_ref.actor.use_kl_loss=True', 'actor_rollout_ref.actor.kl_loss_coef=0.001', 'actor_rollout_ref.actor.kl_loss_type=low_var_kl', 'actor_rollout_ref.actor.entropy_coeff=0', 'actor_rollout_ref.actor.fsdp_config.param_offload=False', 'actor_rollout_ref.actor.fsdp_config.optimizer_offload=False', 'actor_rollout_ref.rollout.name=vllm', 'actor_rollout_ref.rollout.mode=async', 'actor_rollout_ref.rollout.max_model_len=20992', 'actor_rollout_ref.rollout.tensor_model_parallel_size=1', 'actor_rollout_ref.rollout.gpu_memory_utilization=0.65', 'actor_rollout_ref.rollout.n=16', 'actor_rollout_ref.rollout.load_format=safetensors', 'actor_rollout_ref.rollout.layered_summon=True', '+actor_rollout_ref.rollout.limit_images=112', '+actor_rollout_ref.rollout.engine_kwargs.vllm.mm_processor_kwargs={max_pixels:150528}', 'actor_rollout_ref.rollout.enable_chunked_prefill=True', 'actor_rollout_ref.rollout.max_num_batched_tokens=24576', 'actor_rollout_ref.rollout.free_cache_engine=True', 'actor_rollout_ref.rollout.log_prob_use_dynamic_bsz=True', 'actor_rollout_ref.rollout.log_prob_max_token_len_per_gpu=24576', 'actor_rollout_ref.rollout.val_kwargs.do_sample=False', 'actor_rollout_ref.rollout.val_kwargs.temperature=0', 'actor_rollout_ref.rollout.multi_turn.enable=True', 'actor_rollout_ref.rollout.multi_turn.format=hermes', 'actor_rollout_ref.rollout.multi_turn.max_user_turns=3', 'actor_rollout_ref.rollout.multi_turn.max_assistant_turns=4', 'actor_rollout_ref.rollout.multi_turn.max_parallel_calls=1', 'actor_rollout_ref.rollout.multi_turn.max_tool_response_length=2048', 'actor_rollout_ref.rollout.multi_turn.tool_config_path=/home/yw4636/agentic-tvg/crop_video_tool.yaml', 'actor_rollout_ref.rollout.agent.default_agent_loop=tool_agent', 'reward.custom_reward_function.path=/home/yw4636/agentic-tvg/agentic_tvg/reward.py', 'reward.custom_reward_function.name=compute_score_qa', 'trainer.use_v1=False', 'trainer.n_gpus_per_node=1', 'trainer.nnodes=1', 'trainer.logger=["console","tensorboard"]', 'trainer.project_name=agentic-tvg', 'trainer.experiment_name=grpo_vanilla', 'trainer.default_local_dir=/home/yw4636/agentic-tvg/results/grpo-vanilla/ckpt', 'trainer.rollout_data_dir=/home/yw4636/agentic-tvg/results/grpo-vanilla/rollouts', 'trainer.validation_data_dir=/home/yw4636/agentic-tvg/results/grpo-vanilla/val_rollouts', 'data.val_batch_size=2', 'trainer.val_before_train=True', '+trainer.max_actor_ckpt_to_keep=1', 'trainer.save_freq=20', 'trainer.test_freq=20', 'trainer.total_epochs=100', 'trainer.total_training_steps=267', 'trainer.val_before_train=False']
[36m(TaskRunner pid=3691285)[0m Training Progress:  46%|████▌     | 122/267 [14:20:25<37:31:04, 931.48s/it] 
Traceback (most recent call last):
  File "/home/yw4636/.conda/envs/verl/lib/python3.12/site-packages/verl/trainer/main_ppo.py", line 193, in main
    run_ppo(config, task_runner_class=TaskRunner)
  File "/home/yw4636/.conda/envs/verl/lib/python3.12/site-packages/verl/trainer/main_ppo.py", line 94, in run_ppo
    ray.get(runner.run.remote(config))
  File "/home/yw4636/.conda/envs/verl/lib/python3.12/site-packages/ray/_private/auto_init_hook.py", line 22, in auto_init_wrapper
    return fn(*args, **kwargs)
           ^^^^^^^^^^^^^^^^^^^
  File "/home/yw4636/.conda/envs/verl/lib/python3.12/site-packages/ray/_private/client_mode_hook.py", line 134, in wrapper
    return func(*args, **kwargs)
           ^^^^^^^^^^^^^^^^^^^^^
  File "/home/yw4636/.conda/envs/verl/lib/python3.12/site-packages/ray/_private/worker.py", line 2986, in get
    values, debugger_breakpoint = worker.get_objects(
                                  ^^^^^^^^^^^^^^^^^^^
  File "/home/yw4636/.conda/envs/verl/lib/python3.12/site-packages/ray/_private/worker.py", line 1050, in get_objects
    raise value.as_instanceof_cause()
ray.exceptions.RayTaskError(OutOfMemoryError): [36mray::TaskRunner.run()[39m (pid=3691285, ip=10.110.2.5, actor_id=5f495116814a5ab4ac46585001000000, repr=<verl.trainer.main_ppo_v0.TaskRunner object at 0x7f80ee6dcf20>)
           ^^^^^^^^^^^^^^^^^^^^^^^^^^^^^^^^^^^^
           ^^^^^^^^^^^^^^^^^^^^^^^^^^^^^^^
  File "/home/yw4636/.conda/envs/verl/lib/python3.12/site-packages/verl/trainer/main_ppo_v0.py", line 234, in run
    trainer.fit()
  File "/home/yw4636/.conda/envs/verl/lib/python3.12/site-packages/verl/trainer/ppo/ray_trainer.py", line 1488, in fit
    combined_gen_output = self.async_rollout_manager.generate_sequences(combined_gen_batch)
                          ^^^^^^^^^^^^^^^^^^^^^^^^^^^^^^^^^^^^^^^^^^^^^^^^^^^^^^^^^^^^^^^^^
  File "/home/yw4636/.conda/envs/verl/lib/python3.12/site-packages/verl/utils/ray_utils.py", line 123, in wrapper
    return asyncio.run(coro)
           ^^^^^^^^^^^^^^^^^
  File "/home/yw4636/.conda/envs/verl/lib/python3.12/asyncio/runners.py", line 195, in run
    return runner.run(main)
           ^^^^^^^^^^^^^^^^
  File "/home/yw4636/.conda/envs/verl/lib/python3.12/asyncio/runners.py", line 118, in run
    return self._loop.run_until_complete(task)
           ^^^^^^^^^^^^^^^^^^^^^^^^^^^^^^^^^^^
  File "uvloop/loop.pyx", line 1518, in uvloop.loop.Loop.run_until_complete
  File "/home/yw4636/.conda/envs/verl/lib/python3.12/site-packages/verl/utils/skip/skip_manager.py", line 89, in async_wrapper
    return await func(*args, **kwargs_inner)
           ^^^^^^^^^^^^^^^^^^^^^^^^^^^^^^^^^
  File "/home/yw4636/.conda/envs/verl/lib/python3.12/site-packages/verl/experimental/agent_loop/agent_loop.py", line 1241, in generate_sequences
    outputs = await asyncio.gather(
              ^^^^^^^^^^^^^^^^^^^^^
  File "/home/yw4636/.conda/envs/verl/lib/python3.12/asyncio/tasks.py", line 684, in _wrap_awaitable
    return await awaitable
           ^^^^^^^^^^^^^^^
ray.exceptions.OutOfMemoryError: 4 worker(s) were killed due to the node running low on memory. Memory on the node (IP: 10.110.2.5, ID: 27b7e3dc8a9d63be5bb11e783c7bfc8276972c2c1501c49166e51ddd) was 179.63GB / 188.10GB (0.954989)
OOM kill reason: Memory usage 191909724160B exceeded threshold of 191867928576B (95.0% of 201966239744B total)
Object store memory usage: [- objects spillable: 0
- bytes spillable: 0
- objects unsealed: 0
- bytes unsealed: 0
- objects in use: 0
- bytes in use: 0
- objects evictable: 0
- bytes evictable: 0

- objects created by worker: 0
- bytes created by worker: 0
- objects restored: 0
- bytes restored: 0
- objects received: 0
- bytes received: 0
- objects errored: 0
- bytes errored: 0

Eviction Stats:
(global lru) capacity: 42949672960
(global lru) used: 0%
(global lru) num objects: 0
(global lru) num evictions: 0
(global lru) bytes evicted: 0]
Ray killed 4 worker(s) based on the killing policy
Considered workers: [
Selected to kill: (Worker with no lease granted: pid=3691518, actual memory used=0.06GB, worker ID=47a0148fc7e416a9f6a74aed4a2c0a6a590cbc0a4bc8cac15c69860a)
Selected to kill: (Actor(56c90f52714f31a7dec137ad01000000): job ID=01000000, lease ID=130000001d04dbe60724e4908941a6cfa4fdb9d47317ba86d1c31af4f98c3e8a, task name=agent_loop_worker_7_4144d6d8:AgentLoopWorker.__init__, required resources={}, pid=3694507, actual memory used=1.31GB, worker ID=d43e3f891e11c8c90e960e4eb4fe7aa66f72d9b737e939e28170b341)
Selected to kill: (Actor(bfa4cd897cedae5675fa926401000000): job ID=01000000, lease ID=12000000901c4198abf803d538236260d263b566ac185de26c126bbf594ee843, task name=agent_loop_worker_6_01e84930:AgentLoopWorker.__init__, required resources={}, pid=3694505, actual memory used=1.40GB, worker ID=84547213ba51a75f0848a0fc5654ae839b7982155f70663248f83fd1)
Selected to kill: (Actor(93f3b1c44ef85312b2e87d0d01000000): job ID=01000000, lease ID=110000000bb1ca96f0030c93057eec09c345fd13a5316c33a1ca7acb646dee07, task name=agent_loop_worker_5_7fcf4fc5:AgentLoopWorker.__init__, required resources={}, pid=3694504, actual memory used=1.31GB, worker ID=8af102b1eec95ed46c2a6fe44d0f1bf8ee72f379b22077cef9ea1f6f)
(Actor(e32fac7bdb1294e362b612dd01000000): job ID=01000000, lease ID=0e00000062112d97ed08098ac734df7610bc91604bcfcea40f1d3d69f190eedb, task name=agent_loop_worker_2_f9396c06:AgentLoopWorker.__init__, required resources={}, pid=3694501, actual memory used=1.36GB, worker ID=1ad6fc46bf14efb940465458d7a13d0cb44e24c3d81d4a12594a1430)
(Actor(0e15180e774efb82999dd5a201000000): job ID=01000000, lease ID=0c0000004bc2bc505d6c5f1f291273882f32ded3c518109604ec7b7e3d072991, task name=agent_loop_worker_0_c824a43f:AgentLoopWorker.__init__, required resources={}, pid=3694499, actual memory used=1.44GB, worker ID=6e6df565855c36277ab0cbe7c364cb7831ce8324d24406f9386b6a9d)
(Actor(d83412e21cce2685eea5a6ea01000000): job ID=01000000, lease ID=0a000000b47f1c1c0b3bf11603068bfcb99b743fe663c8914226369a53d9489f, task name=vllm_server_0_0:vLLMHttpServer.__init__, required resources={}, pid=3692243, actual memory used=1.47GB, worker ID=133492b2d31e9b9a90c97f7593d083adde0c798a3dc47f178780b357)
(Actor(1d3495eac9ad244a16f6235201000000): job ID=01000000, lease ID=08000000d150fb81f88486b61a3f32d49ee42523b3bc191af52196d44bb44433, task name=reward_loop_worker_6:RewardLoopWorker.__init__, required resources={}, pid=3692240, actual memory used=0.56GB, worker ID=6d2798b76a34c97fbb237b6145200cc90f1a9245bec3bd7b80db8d22)
(Actor(30b101662ddec833a03359b501000000): job ID=01000000, lease ID=070000008402d9ecc5cac665d38cdcef1aab3fc6005d86ca9ae2c5b5400f4a45, task name=reward_loop_worker_5:RewardLoopWorker.__init__, required resources={}, pid=3692238, actual memory used=0.56GB, worker ID=6466733d9fb83eb3cc4bfb5ce8c3b15c912084d8c0f934ccb776e2ab)
(Actor(c3349da2b988b190380b970201000000): job ID=01000000, lease ID=06000000f3b4925d86bb236f86dd14fc535526d2297d3d8e8c61c25470779d90, task name=reward_loop_worker_4:RewardLoopWorker.__init__, required resources={}, pid=3692239, actual memory used=0.56GB, worker ID=3e04477e71eb58f6db4cfe45f29a6792b49ee1204068356009cb5471)
(Actor(df95e2b3e71df905dfee167501000000): job ID=01000000, lease ID=020000005028cfbfab066d1b6855e8829b997129f9ed770ede1558cd56e7d1be, task name=reward_loop_worker_0:RewardLoopWorker.__init__, required resources={}, pid=3692234, actual memory used=0.56GB, worker ID=66d3919b5d2cbc2ec60dcd22f76ab5404ba2cabf57296a531e3d9735)
(Actor(1a3a9203ea5339d1532071d001000000): job ID=01000000, lease ID=05000000ce82697be715fac9751928aebd40aa15d308fa1bac8b40f81133c662, task name=reward_loop_worker_3:RewardLoopWorker.__init__, required resources={}, pid=3692237, actual memory used=0.56GB, worker ID=a48dc12c6e20204ad8e9a5dfc7e1b5a249c933696bd88db04cde5c6a)
(Actor(5f495116814a5ab4ac46585001000000): job ID=01000000, lease ID=000000004be364137a997b89abe051bdf5235295c0d5f4e3aaf5f0c0899896ba, task name=TaskRunner.__init__, required resources={}, pid=3691285, actual memory used=75.53GB, worker ID=4d6bdecc10bb6e15c24cca96b9420af7545cfcaf92b58460d0a7c719)
(Actor(915c9bc72038e4e8c6c85ce401000000): job ID=01000000, lease ID=0b0000007f73273190500a350a183eae6a109f0826df92e8909881be8066a83e, task name=GlobalRequestLoadBalancer.__init__, required resources={}, pid=3694498, actual memory used=0.63GB, worker ID=9a463e46ca321359d5b12342380d0238a917f09f93043d565e881115)
(Actor(cab3e67d353c3f728cbc4cb201000000): job ID=01000000, lease ID=01000000d9acb5c536843dda2539c925473fa746aefc02a3bc19922ffd0841de, task name=lPkUQkWorkerDict_0:0:WorkerDict.__init__, required resources={bundle_group_e032fd0059dd17b138844cf659e301000000: 0.001, bundle_group_0_e032fd0059dd17b138844cf659e301000000: 0.001, CPU_group_0_e032fd0059dd17b138844cf659e301000000: 1, GPU_group_0_e032fd0059dd17b138844cf659e301000000: 0.3333, CPU_group_e032fd0059dd17b138844cf659e301000000: 1, GPU_group_e032fd0059dd17b138844cf659e301000000: 0.3333}, pid=3691645, actual memory used=34.40GB, worker ID=afbbce2c86568d393abeb8eb7c0848c38eb446bac5850335c2139f81)
(Actor(0ad6193492e08b57696a3a5b01000000): job ID=01000000, lease ID=0d00000039ac143dfbcab5d6530c40377f4b54a2b2d59c96ca6373a2c75efb4a, task name=agent_loop_worker_1_91c8e56d:AgentLoopWorker.__init__, required resources={}, pid=3694500, actual memory used=1.42GB, worker ID=f532abd3ba6ac998d39a34acb183651b9f8fb650b76c014c4be67de2)
(Actor(6b65129e4293ddcf3653fa6001000000): job ID=01000000, lease ID=090000008cd11d193f8df86e2e1d45f16464fde6e5222a650162d84a54dd572e, task name=reward_loop_worker_7:RewardLoopWorker.__init__, required resources={}, pid=3692241, actual memory used=0.56GB, worker ID=14a7690895e333028bf43aa48ebdee98099f1f33d37859b247769e86)
(Actor(ed55fc782e9ff39bff3fdf8b01000000): job ID=01000000, lease ID=0f000000dbb2452d46ca1ea17c5b803d4d8e27ae894b8f29d49b330de0839bb5, task name=agent_loop_worker_3_063d8bdd:AgentLoopWorker.__init__, required resources={}, pid=3694502, actual memory used=1.43GB, worker ID=da7c9859d59db426858ac98a73d1361e80c3a832163bb62117415aa4)
(Actor(2340bdffa1af7615bb0a579401000000): job ID=01000000, lease ID=1000000023328fb843a03bacf269fa010330298c0700a63038e7fec99957e383, task name=agent_loop_worker_4_6d4eba91:AgentLoopWorker.__init__, required resources={}, pid=3694503, actual memory used=1.40GB, worker ID=74ce01d5e9312d2706b3b5727fdcd5ba2190fe78ce6f7b564e538e03)
(Actor(9c0ba7e361c1ce076d6e571f01000000): job ID=01000000, lease ID=040000001eb13940580b05af6f7941eaa87e8b68d06e13d05fb88d8a3290d42c, task name=reward_loop_worker_2:RewardLoopWorker.__init__, required resources={}, pid=3692236, actual memory used=0.56GB, worker ID=fc346b7e37cc44721c11d9851229ac21d94ff9c908071ab2b21fb8e7)
(Actor(e806fd0ffba04877c81ed46301000000): job ID=01000000, lease ID=0300000022ad38eac6c087d3499b5c438a5fad16a0e2212d8e82c63311dfe7c0, task name=reward_loop_worker_1:RewardLoopWorker.__init__, required resources={}, pid=3692235, actual memory used=0.56GB, worker ID=0d5efea8b24800e7420fc634b229bc3bb3feecd68ac9b1f09d191cc8)
]
Total non-selected idle workers: 60
Total non-selected idle workers USS bytes: 2.53GB
To see more information about memory usage on this node, use `ray logs raylet.out -ip 10.110.2.5`
Top 10 memory users: PID	MEM(GB)	COMMAND
3691285	75.53	ray::TaskRunner.run
3691645	34.40	ray::WorkerDict
3693064	15.07	VLLM::Worker
3692243	1.47	ray::vLLMHttpServer
3694499	1.44	ray::AgentLoopWorker
3694502	1.43	ray::AgentLoopWorker
3694500	1.42	ray::AgentLoopWorker
3694503	1.40	ray::AgentLoopWorker
3694505	1.40	ray::AgentLoopWorker
3694501	1.36	ray::AgentLoopWorker
Refer to the documentation on how to address the out of memory issue: https://docs.ray.io/en/latest/ray-observability/user-guides/debug-apps/debug-memory.html. Consider provisioning more memory on this node or reducing task parallelism by requesting more CPUs per task. Set max_restarts and max_task_retries to enable retry when the task crashes due to OOM. To adjust the kill threshold, set the environment variable `RAY_memory_usage_threshold` when starting Ray. To disable worker killing, set the environment variable `RAY_memory_monitor_refresh_ms` to zero. Since 2.56, Ray updated the oom killing policy to enabling killing multiple workers and selecting workers based on the time since the task start executing. To revert to the legacy policy of determining worker to oom kill based on owner group size or only selecting a single worker to kill at a time, set the environment variable `RAY_worker_killing_policy_by_group` to true before starting Ray. If the idle workers have a non-trivial memory footprint at the time of OOM (check OOM log for non-selected idle workers), consider setting the environment variable `RAY_idle_worker_killing_memory_threshold_bytes` to a lower value to consider idle workers with lower memory footprint for killing.

Set the environment variable HYDRA_FULL_ERROR=1 for a complete stack trace.
[36m(TaskRunner pid=3691285)[0m step:122 - global_seqlen/min:932227 - global_seqlen/max:932227 - global_seqlen/minmax_diff:0 - global_seqlen/balanced_min:932227 - global_seqlen/balanced_max:932227 - global_seqlen/mean:932227.0 - actor/entropy:1.0138589143753052 - perf/mfu/actor_infer:0.3000664635009787 - training/rollout_probs_diff_valid:1 - training/rollout_probs_diff_max:0.2828139662742615 - training/rollout_probs_diff_mean:0.009631085209548473 - training/rollout_probs_diff_std:0.014634029939770699 - training/rollout_actor_probs_pearson_corr:0.9988609552383423 - rollout_corr/training_ppl:2.7643160820007324 - rollout_corr/training_log_ppl:1.0051052570343018 - rollout_corr/kl:0.002905936213210225 - rollout_corr/k3_kl:0.0028114940505474806 - rollout_corr/rollout_ppl:2.75624680519104 - rollout_corr/rollout_log_ppl:1.0022493600845337 - rollout_corr/log_ppl_diff:0.002855852246284485 - rollout_corr/log_ppl_abs_diff:0.003836425021290779 - rollout_corr/log_ppl_diff_max:0.010673165321350098 - rollout_corr/log_ppl_diff_min:-0.004697084426879883 - rollout_corr/ppl_ratio:1.0028669834136963 - rollout_corr/chi2_token:0.005406379699707031 - rollout_corr/chi2_seq:2.4797961711883545 - actor/pg_clipfrac:np.float64(0.0) - actor/ppo_kl:np.float64(0.0) - actor/pg_clipfrac_lower:np.float64(0.0) - actor/pg_loss:np.float64(0.017127094775787555) - actor/kl_loss:np.float64(0.004188849197817035) - actor/kl_coef:np.float64(0.0010000000000000002) - actor/loss:np.float64(0.017131291329860687) - actor/grad_norm:np.float64(0.06308907270431519) - actor/lr:np.float64(6.107047787821488e-06) - actor/perf/max_memory_allocated_gb:np.float64(39.21875619888306) - actor/perf/max_memory_reserved_gb:np.float64(42.099609375) - actor/perf/cpu_memory_used_gb:np.float64(132.5890007019043) - perf/mfu/actor:np.float64(0.3367980611786271) - training/global_step:122 - training/epoch:0 - critic/score/mean:1.0966334342956543 - critic/score/max:1.9781829118728638 - critic/score/min:0.0 - critic/rewards/mean:1.0966334342956543 - critic/rewards/max:1.9781829118728638 - critic/rewards/min:0.0 - critic/advantages/mean:-0.01712709665298462 - critic/advantages/max:2.3640153408050537 - critic/advantages/min:-2.2924859523773193 - critic/returns/mean:-0.01712709665298462 - critic/returns/max:2.3640153408050537 - critic/returns/min:-2.2924859523773193 - response_length/mean:3360.1484375 - response_length/max:4651.0 - response_length/min:201.0 - response_length/clip_ratio:0.0 - response_length_non_aborted/mean:3360.1484375 - response_length_non_aborted/max:4651.0 - response_length_non_aborted/min:201.0 - response_length_non_aborted/clip_ratio:0.0 - response/aborted_ratio:0.0 - prompt_length/mean:3922.875 - prompt_length/max:4118.0 - prompt_length/min:3608.0 - prompt_length/clip_ratio:0.0 - num_turns/min:np.int32(2) - num_turns/max:np.int32(4) - num_turns/mean:np.float64(3.984375) - timing_s/start_profile:7.995200576260686e-05 - timing_s/agent_loop/num_preempted/min:np.int64(-1) - timing_s/agent_loop/num_preempted/max:np.int64(-1) - timing_s/agent_loop/num_preempted/mean:np.float64(-1.0) - timing_s/agent_loop/generate_sequences/min:np.float64(66.7569435769692) - timing_s/agent_loop/generate_sequences/max:np.float64(122.22776127199177) - timing_s/agent_loop/generate_sequences/mean:np.float64(103.23465294380458) - timing_s/agent_loop/tool_calls/min:np.float64(0.0) - timing_s/agent_loop/tool_calls/max:np.float64(0.7135668990085833) - timing_s/agent_loop/tool_calls/mean:np.float64(0.15158864275326778) - timing_s/agent_loop/compute_score/min:np.float64(0.3273969270521775) - timing_s/agent_loop/compute_score/max:np.float64(3.918648860009853) - timing_s/agent_loop/compute_score/mean:np.float64(1.0770598419444468) - timing_s/agent_loop/slowest/generate_sequences:np.float64(122.22776127199177) - timing_s/agent_loop/slowest/tool_calls:np.float64(0.5006131649715826) - timing_s/agent_loop/slowest/compute_score:np.float64(0.8645541739533655) - timing_s/agent_loop/slowest/num_preempted:np.int64(-1) - timing_s/agent_loop/slowest/prompt_length:3608 - timing_s/agent_loop/slowest/response_length:4651 - timing_s/gen:149.38412291405257 - timing_s/reward:0.00052908796351403 - timing_s/old_log_prob:143.48144045798108 - timing_s/ref:134.6453355200356 - timing_s/adv:0.16681587602943182 - timing_s/update_actor:334.2351168009918 - timing_s/update_weights:4.015100535005331 - timing_s/dump_rollout_generations:0.325694000988733 - timing_s/step:766.412495757977 - timing_s/stop_profile:5.148700438439846e-05 - timing_per_token_ms/adv:0.00017894340759217638 - timing_per_token_ms/gen:0.34732497149273206 - timing_per_token_ms/ref:0.14443406543688994 - timing_per_token_ms/update_actor:0.3585340446060796 - perf/total_num_tokens:932227 - perf/time_per_step:766.412495757977 - perf/throughput:1216.3515145692315
