/home/yw4636/.conda/envs/verl/lib/python3.12/site-packages/verl/trainer/main_ppo.py:181: UserWarning: Disabled critic as algorithm.adv_estimator != gae. If it is not intended, please set critic.enable=True
  use_critic=need_critic(config),
WARNING: val_batch_size is deprecated. Validation datasets are sent to inference engines as a whole batch, which will schedule the memory themselves.
/home/yw4636/.conda/envs/verl/lib/python3.12/site-packages/verl/workers/engine/__init__.py:31: UserWarning: torchtitan engine is not available: ModuleNotFoundError("No module named 'torchtitan'")
  warnings.warn(f"torchtitan engine is not available: {e!r}", stacklevel=1)
/home/yw4636/.conda/envs/verl/lib/python3.12/site-packages/verl/workers/engine/__init__.py:40: UserWarning: veomni engine is not available: ModuleNotFoundError("No module named 'veomni'")
  warnings.warn(f"veomni engine is not available: {e!r}", stacklevel=1)
/home/yw4636/.conda/envs/verl/lib/python3.12/site-packages/verl/workers/engine/__init__.py:49: UserWarning: automodel engine is not available: ModuleNotFoundError("No module named 'nemo_automodel'")
  warnings.warn(f"automodel engine is not available: {e!r}", stacklevel=1)
/home/yw4636/.conda/envs/verl/lib/python3.12/site-packages/verl/workers/engine/mindspeed/transformer_impl.py:24: UserWarning: NPU not support router replay for now.
  from verl.utils.megatron.router_replay_patch import RouterReplay
/home/yw4636/.conda/envs/verl/lib/python3.12/site-packages/verl/workers/engine/__init__.py:59: UserWarning: mindspeed engine is not available: ModuleNotFoundError("No module named 'megatron'")
  warnings.warn(f"mindspeed engine is not available: {e!r}", stacklevel=1)
/home/yw4636/.conda/envs/verl/lib/python3.12/site-packages/verl/workers/engine/__init__.py:69: UserWarning: megatron engine is not available: ModuleNotFoundError("No module named 'megatron'")
  warnings.warn(f"megatron engine is not available: {e!r}", stacklevel=1)
[validate_config] All configuration checks passed successfully!
[2026-08-28 05:51:26,418][__main__][WARNING] - Legacy trainer `main_ppo_v0.py` is deprecated, and wil be removed in v0.9.0.Please set `trainer.use_v1=True` in config to use V1 trainer.
2026-08-28 05:51:33,350	INFO worker.py:2015 -- Started a local Ray instance. View the dashboard at [1m[32mhttp://127.0.0.1:8265 [39m[22m
[36m(pid=3129648)[0m /home/yw4636/.conda/envs/verl/lib/python3.12/site-packages/verl/workers/engine/__init__.py:31: UserWarning: torchtitan engine is not available: ModuleNotFoundError("No module named 'torchtitan'")
[36m(pid=3129648)[0m   warnings.warn(f"torchtitan engine is not available: {e!r}", stacklevel=1)
[36m(pid=3129648)[0m /home/yw4636/.conda/envs/verl/lib/python3.12/site-packages/verl/workers/engine/__init__.py:40: UserWarning: veomni engine is not available: ModuleNotFoundError("No module named 'veomni'")
[36m(pid=3129648)[0m   warnings.warn(f"veomni engine is not available: {e!r}", stacklevel=1)
[36m(pid=3129648)[0m /home/yw4636/.conda/envs/verl/lib/python3.12/site-packages/verl/workers/engine/__init__.py:49: UserWarning: automodel engine is not available: ModuleNotFoundError("No module named 'nemo_automodel'")
[36m(pid=3129648)[0m   warnings.warn(f"automodel engine is not available: {e!r}", stacklevel=1)
[36m(pid=3129648)[0m /home/yw4636/.conda/envs/verl/lib/python3.12/site-packages/verl/workers/engine/mindspeed/transformer_impl.py:24: UserWarning: NPU not support router replay for now.
[36m(pid=3129648)[0m   from verl.utils.megatron.router_replay_patch import RouterReplay
[36m(pid=3129648)[0m /home/yw4636/.conda/envs/verl/lib/python3.12/site-packages/verl/workers/engine/__init__.py:59: UserWarning: mindspeed engine is not available: ModuleNotFoundError("No module named 'megatron'")
[36m(pid=3129648)[0m   warnings.warn(f"mindspeed engine is not available: {e!r}", stacklevel=1)
[36m(pid=3129648)[0m /home/yw4636/.conda/envs/verl/lib/python3.12/site-packages/verl/workers/engine/__init__.py:69: UserWarning: megatron engine is not available: ModuleNotFoundError("No module named 'megatron'")
[36m(pid=3129648)[0m   warnings.warn(f"megatron engine is not available: {e!r}", stacklevel=1)
ray init kwargs: {'num_cpus': None, 'runtime_env': {'env_vars': {'TOKENIZERS_PARALLELISM': 'true', 'NCCL_DEBUG': 'WARN', 'VLLM_LOGGING_LEVEL': 'WARN', 'VLLM_ALLOW_RUNTIME_LORA_UPDATING': 'true', 'VLLM_DISABLE_COMPILE_CACHE': '1', 'HCCL_HOST_SOCKET_PORT_RANGE': 'auto', 'HCCL_NPU_SOCKET_PORT_RANGE': 'auto', 'HSA_NO_SCRATCH_RECLAIM': '1', 'VERL_FULL_DETERMINISM': '0', 'VLLM_BATCH_INVARIANT': '0', 'VERL_RL_INSIGHT_ENABLE': '0'}, 'working_dir': None}}
[36m(TaskRunner pid=3129648)[0m TaskRunner hostname: srv1-lg2.bed.cosmos-lab.org, PID: 3129648
[36m(TaskRunner pid=3129648)[0m {'actor_rollout_ref': {'actor': {'_target_': 'verl.workers.config.FSDPActorConfig',
[36m(TaskRunner pid=3129648)[0m                                  'calculate_entropy': False,
[36m(TaskRunner pid=3129648)[0m                                  'calculate_sum_pi_squared': False,
[36m(TaskRunner pid=3129648)[0m                                  'checkpoint': {'_target_': 'verl.trainer.config.CheckpointConfig',
[36m(TaskRunner pid=3129648)[0m                                                 'async_save': False,
[36m(TaskRunner pid=3129648)[0m                                                 'load_contents': ['model',
[36m(TaskRunner pid=3129648)[0m                                                                   'optimizer',
[36m(TaskRunner pid=3129648)[0m                                                                   'extra'],
[36m(TaskRunner pid=3129648)[0m                                                 'save_contents': ['model',
[36m(TaskRunner pid=3129648)[0m                                                                   'optimizer',
[36m(TaskRunner pid=3129648)[0m                                                                   'extra'],
[36m(TaskRunner pid=3129648)[0m                                                 'strict': True},
[36m(TaskRunner pid=3129648)[0m                                  'clip_ratio': 0.2,
[36m(TaskRunner pid=3129648)[0m                                  'clip_ratio_c': 3.0,
[36m(TaskRunner pid=3129648)[0m                                  'clip_ratio_high': 0.2,
[36m(TaskRunner pid=3129648)[0m                                  'clip_ratio_low': 0.2,
[36m(TaskRunner pid=3129648)[0m                                  'data_loader_seed': 42,
[36m(TaskRunner pid=3129648)[0m                                  'entropy_checkpointing': False,
[36m(TaskRunner pid=3129648)[0m                                  'entropy_coeff': 0,
[36m(TaskRunner pid=3129648)[0m                                  'entropy_from_logits_chunk_size': 2048,
[36m(TaskRunner pid=3129648)[0m                                  'entropy_from_logits_with_chunking': False,
[36m(TaskRunner pid=3129648)[0m                                  'freeze_vision_tower': False,
[36m(TaskRunner pid=3129648)[0m                                  'fsdp_config': {'_target_': 'verl.workers.config.FSDPEngineConfig',
[36m(TaskRunner pid=3129648)[0m                                                  'dtype': 'bfloat16',
[36m(TaskRunner pid=3129648)[0m                                                  'entropy_checkpointing': False,
[36m(TaskRunner pid=3129648)[0m                                                  'entropy_from_logits_chunk_size': 2048,
[36m(TaskRunner pid=3129648)[0m                                                  'entropy_from_logits_with_chunking': False,
[36m(TaskRunner pid=3129648)[0m                                                  'forward_only': False,
[36m(TaskRunner pid=3129648)[0m                                                  'forward_prefetch': False,
[36m(TaskRunner pid=3129648)[0m                                                  'fsdp_size': -1,
[36m(TaskRunner pid=3129648)[0m                                                  'full_determinism': False,
[36m(TaskRunner pid=3129648)[0m                                                  'model_dtype': 'fp32',
[36m(TaskRunner pid=3129648)[0m                                                  'offload_policy': False,
[36m(TaskRunner pid=3129648)[0m                                                  'optimizer_offload': False,
[36m(TaskRunner pid=3129648)[0m                                                  'pad_to_length': False,
[36m(TaskRunner pid=3129648)[0m                                                  'pad_to_length_bucket': 1024,
[36m(TaskRunner pid=3129648)[0m                                                  'param_offload': False,
[36m(TaskRunner pid=3129648)[0m                                                  'qat': {'_target_': 'verl.workers.config.QATEngineConfig',
[36m(TaskRunner pid=3129648)[0m                                                          'activation_observer': 'static_minmax',
[36m(TaskRunner pid=3129648)[0m                                                          'enable': False,
[36m(TaskRunner pid=3129648)[0m                                                          'group_size': 16,
[36m(TaskRunner pid=3129648)[0m                                                          'ignore_patterns': ['lm_head',
[36m(TaskRunner pid=3129648)[0m                                                                              'embed_tokens',
[36m(TaskRunner pid=3129648)[0m                                                                              're:.*mlp.gate$'],
[36m(TaskRunner pid=3129648)[0m                                                          'mode': 'w4a16',
[36m(TaskRunner pid=3129648)[0m                                                          'quantization_config_path': None},
[36m(TaskRunner pid=3129648)[0m                                                  'reshard_after_forward': True,
[36m(TaskRunner pid=3129648)[0m                                                  'seed': 42,
[36m(TaskRunner pid=3129648)[0m                                                  'strategy': 'fsdp',
[36m(TaskRunner pid=3129648)[0m                                                  'ulysses_sequence_parallel_size': 1,
[36m(TaskRunner pid=3129648)[0m                                                  'use_orig_params': False,
[36m(TaskRunner pid=3129648)[0m                                                  'use_torch_compile': True,
[36m(TaskRunner pid=3129648)[0m                                                  'wrap_policy': {'min_num_params': 0}},
[36m(TaskRunner pid=3129648)[0m                                  'grad_clip': 1.0,
[36m(TaskRunner pid=3129648)[0m                                  'kl_loss_coef': 0.001,
[36m(TaskRunner pid=3129648)[0m                                  'kl_loss_type': 'low_var_kl',
[36m(TaskRunner pid=3129648)[0m                                  'loss_agg_mode': 'token-mean',
[36m(TaskRunner pid=3129648)[0m                                  'loss_scale_factor': None,
[36m(TaskRunner pid=3129648)[0m                                  'optim': {'_target_': 'verl.workers.config.FSDPOptimizerConfig',
[36m(TaskRunner pid=3129648)[0m                                            'betas': [0.9, 0.999],
[36m(TaskRunner pid=3129648)[0m                                            'clip_grad': 1.0,
[36m(TaskRunner pid=3129648)[0m                                            'lr': 1e-05,
[36m(TaskRunner pid=3129648)[0m                                            'lr_scheduler_type': 'cosine',
[36m(TaskRunner pid=3129648)[0m                                            'lr_warmup_steps': -1,
[36m(TaskRunner pid=3129648)[0m                                            'lr_warmup_steps_ratio': 0.0,
[36m(TaskRunner pid=3129648)[0m                                            'min_lr_ratio': 0.1,
[36m(TaskRunner pid=3129648)[0m                                            'num_cycles': 0.5,
[36m(TaskRunner pid=3129648)[0m                                            'optimizer': 'AdamW',
[36m(TaskRunner pid=3129648)[0m                                            'optimizer_impl': 'torch.optim',
[36m(TaskRunner pid=3129648)[0m                                            'override_optimizer_config': None,
[36m(TaskRunner pid=3129648)[0m                                            'total_training_steps': -1,
[36m(TaskRunner pid=3129648)[0m                                            'warmup_style': None,
[36m(TaskRunner pid=3129648)[0m                                            'weight_decay': 0.01,
[36m(TaskRunner pid=3129648)[0m                                            'zero_indexed_step': True},
[36m(TaskRunner pid=3129648)[0m                                  'pad_to_length': False,
[36m(TaskRunner pid=3129648)[0m                                  'policy_loss': {'_target_': 'verl.workers.config.PolicyLossConfig',
[36m(TaskRunner pid=3129648)[0m                                                  'clip_cov_lb': 1.0,
[36m(TaskRunner pid=3129648)[0m                                                  'clip_cov_ratio': 0.0002,
[36m(TaskRunner pid=3129648)[0m                                                  'clip_cov_ub': 5.0,
[36m(TaskRunner pid=3129648)[0m                                                  'dro_beta': None,
[36m(TaskRunner pid=3129648)[0m                                                  'kl_cov_ratio': 0.0002,
[36m(TaskRunner pid=3129648)[0m                                                  'loss_mode': 'vanilla',
[36m(TaskRunner pid=3129648)[0m                                                  'ppo_kl_coef': 0.1},
[36m(TaskRunner pid=3129648)[0m                                  'ppo_epochs': 1,
[36m(TaskRunner pid=3129648)[0m                                  'ppo_max_token_len_per_gpu': 24576,
[36m(TaskRunner pid=3129648)[0m                                  'ppo_micro_batch_size': None,
[36m(TaskRunner pid=3129648)[0m                                  'ppo_micro_batch_size_per_gpu': None,
[36m(TaskRunner pid=3129648)[0m                                  'ppo_mini_batch_size': 8,
[36m(TaskRunner pid=3129648)[0m                                  'profiler': {'_target_': 'verl.utils.profiler.ProfilerConfig',
[36m(TaskRunner pid=3129648)[0m                                               'all_ranks': False,
[36m(TaskRunner pid=3129648)[0m                                               'enable': False,
[36m(TaskRunner pid=3129648)[0m                                               'ranks': [],
[36m(TaskRunner pid=3129648)[0m                                               'save_path': 'outputs/profile',
[36m(TaskRunner pid=3129648)[0m                                               'tool': None,
[36m(TaskRunner pid=3129648)[0m                                               'tool_config': {'npu': {'_target_': 'verl.utils.profiler.config.NPUToolConfig',
[36m(TaskRunner pid=3129648)[0m                                                                       'analysis': True,
[36m(TaskRunner pid=3129648)[0m                                                                       'contents': [],
[36m(TaskRunner pid=3129648)[0m                                                                       'discrete': False,
[36m(TaskRunner pid=3129648)[0m                                                                       'level': 'level0'},
[36m(TaskRunner pid=3129648)[0m                                                               'nsys': {'_target_': 'verl.utils.profiler.config.NsightToolConfig',
[36m(TaskRunner pid=3129648)[0m                                                                        'discrete': False},
[36m(TaskRunner pid=3129648)[0m                                                               'precision_debugger': {'_target_': 'verl.utils.profiler.config.PrecisionDebuggerToolConfig',
[36m(TaskRunner pid=3129648)[0m                                                                                      'config_path': None,
[36m(TaskRunner pid=3129648)[0m                                                                                      'stages': None,
[36m(TaskRunner pid=3129648)[0m                                                                                      'steps': None,
[36m(TaskRunner pid=3129648)[0m                                                                                      'strict': False},
[36m(TaskRunner pid=3129648)[0m                                                               'torch': {'_target_': 'verl.utils.profiler.config.TorchProfilerToolConfig',
[36m(TaskRunner pid=3129648)[0m                                                                         'contents': [],
[36m(TaskRunner pid=3129648)[0m                                                                         'discrete': False,
[36m(TaskRunner pid=3129648)[0m                                                                         'schedule': {'_target_': 'verl.utils.profiler.config.TorchProfilerScheduleConfig',
[36m(TaskRunner pid=3129648)[0m                                                                                      'active': 0,
[36m(TaskRunner pid=3129648)[0m                                                                                      'repeat': 0,
[36m(TaskRunner pid=3129648)[0m                                                                                      'skip_first': 0,
[36m(TaskRunner pid=3129648)[0m                                                                                      'wait': 0,
[36m(TaskRunner pid=3129648)[0m                                                                                      'warmup': 0}},
[36m(TaskRunner pid=3129648)[0m                                                               'torch_memory': {'_target_': 'verl.utils.profiler.config.TorchMemoryToolConfig',
[36m(TaskRunner pid=3129648)[0m                                                                                'stack_depth': 32,
[36m(TaskRunner pid=3129648)[0m                                                                                'trace_alloc_max_entries': 100000}}},
[36m(TaskRunner pid=3129648)[0m                                  'qat': {'activation_observer': 'static_minmax',
[36m(TaskRunner pid=3129648)[0m                                          'enable': False,
[36m(TaskRunner pid=3129648)[0m                                          'group_size': 16,
[36m(TaskRunner pid=3129648)[0m                                          'ignore_patterns': ['lm_head',
[36m(TaskRunner pid=3129648)[0m                                                              'embed_tokens',
[36m(TaskRunner pid=3129648)[0m                                                              're:.*mlp.gate$'],
[36m(TaskRunner pid=3129648)[0m                                          'mode': 'w4a16',
[36m(TaskRunner pid=3129648)[0m                                          'quantization_config_path': None},
[36m(TaskRunner pid=3129648)[0m                                  'rollout_n': 16,
[36m(TaskRunner pid=3129648)[0m                                  'router_replay': {'_target_': 'verl.workers.config.RouterReplayConfig',
[36m(TaskRunner pid=3129648)[0m                                                    'mode': 'disabled',
[36m(TaskRunner pid=3129648)[0m                                                    'record_file': None,
[36m(TaskRunner pid=3129648)[0m                                                    'replay_file': None},
[36m(TaskRunner pid=3129648)[0m                                  'shuffle': False,
[36m(TaskRunner pid=3129648)[0m                                  'strategy': 'fsdp2',
[36m(TaskRunner pid=3129648)[0m                                  'tau_neg': 1.05,
[36m(TaskRunner pid=3129648)[0m                                  'tau_pos': 1.0,
[36m(TaskRunner pid=3129648)[0m                                  'ulysses_sequence_parallel_size': 1,
[36m(TaskRunner pid=3129648)[0m                                  'use_dynamic_bsz': True,
[36m(TaskRunner pid=3129648)[0m                                  'use_fused_kernels': False,
[36m(TaskRunner pid=3129648)[0m                                  'use_kl_loss': True,
[36m(TaskRunner pid=3129648)[0m                                  'use_prefix_grouper': False,
[36m(TaskRunner pid=3129648)[0m                                  'use_remove_padding': True,
[36m(TaskRunner pid=3129648)[0m                                  'use_torch_compile': True},
[36m(TaskRunner pid=3129648)[0m                        'hybrid_engine': True,
[36m(TaskRunner pid=3129648)[0m                        'model': {'_target_': 'verl.workers.config.HFModelConfig',
[36m(TaskRunner pid=3129648)[0m                                  'custom_chat_template': None,
[36m(TaskRunner pid=3129648)[0m                                  'enable_activation_offload': False,
[36m(TaskRunner pid=3129648)[0m                                  'enable_gradient_checkpointing': True,
[36m(TaskRunner pid=3129648)[0m                                  'exclude_modules': '.*visual.*',
[36m(TaskRunner pid=3129648)[0m                                  'external_lib': None,
[36m(TaskRunner pid=3129648)[0m                                  'fused_kernel_options': {'impl_backend': 'torch'},
[36m(TaskRunner pid=3129648)[0m                                  'hf_config_path': None,
[36m(TaskRunner pid=3129648)[0m                                  'lora': {'a2a_experimental': False,
[36m(TaskRunner pid=3129648)[0m                                           'adapter_path': None,
[36m(TaskRunner pid=3129648)[0m                                           'alpha': 32,
[36m(TaskRunner pid=3129648)[0m                                           'dropout': 0.0,
[36m(TaskRunner pid=3129648)[0m                                           'dropout_position': 'pre',
[36m(TaskRunner pid=3129648)[0m                                           'dtype': None,
[36m(TaskRunner pid=3129648)[0m                                           'exclude_modules': [],
[36m(TaskRunner pid=3129648)[0m                                           'freeze_language_model': True,
[36m(TaskRunner pid=3129648)[0m                                           'freeze_vision_model': True,
[36m(TaskRunner pid=3129648)[0m                                           'freeze_vision_projection': True,
[36m(TaskRunner pid=3129648)[0m                                           'lora_A_init_method': 'xavier',
[36m(TaskRunner pid=3129648)[0m                                           'lora_B_init_method': 'zero',
[36m(TaskRunner pid=3129648)[0m                                           'merge': False,
[36m(TaskRunner pid=3129648)[0m                                           'rank': 0,
[36m(TaskRunner pid=3129648)[0m                                           'target_modules': ['linear_qkv',
[36m(TaskRunner pid=3129648)[0m                                                              'linear_proj',
[36m(TaskRunner pid=3129648)[0m                                                              'linear_fc1',
[36m(TaskRunner pid=3129648)[0m                                                              'linear_fc2'],
[36m(TaskRunner pid=3129648)[0m                                           'type': 'lora'},
[36m(TaskRunner pid=3129648)[0m                                  'lora_adapter_path': None,
[36m(TaskRunner pid=3129648)[0m                                  'lora_alpha': 32,
[36m(TaskRunner pid=3129648)[0m                                  'lora_rank': 16,
[36m(TaskRunner pid=3129648)[0m                                  'mtp': {'_target_': 'verl.workers.config.MtpConfig',
[36m(TaskRunner pid=3129648)[0m                                          'detach_encoder': False,
[36m(TaskRunner pid=3129648)[0m                                          'enable': False,
[36m(TaskRunner pid=3129648)[0m                                          'enable_rollout': False,
[36m(TaskRunner pid=3129648)[0m                                          'enable_train': False,
[36m(TaskRunner pid=3129648)[0m                                          'method': 'mtp',
[36m(TaskRunner pid=3129648)[0m                                          'mtp_loss_scaling_factor': 0.1,
[36m(TaskRunner pid=3129648)[0m                                          'num_speculative_tokens': 1,
[36m(TaskRunner pid=3129648)[0m                                          'speculative_algorithm': 'EAGLE',
[36m(TaskRunner pid=3129648)[0m                                          'speculative_eagle_topk': 1,
[36m(TaskRunner pid=3129648)[0m                                          'speculative_num_draft_tokens': 4,
[36m(TaskRunner pid=3129648)[0m                                          'speculative_num_steps': 3},
[36m(TaskRunner pid=3129648)[0m                                  'override_config': {},
[36m(TaskRunner pid=3129648)[0m                                  'path': '/home/yw4636/agentic-tvg/results/sft-mix/merged',
[36m(TaskRunner pid=3129648)[0m                                  'target_modules': 'all-linear',
[36m(TaskRunner pid=3129648)[0m                                  'tiled_mlp': {'enabled': False,
[36m(TaskRunner pid=3129648)[0m                                                'num_shards': 4},
[36m(TaskRunner pid=3129648)[0m                                  'tokenizer_path': None,
[36m(TaskRunner pid=3129648)[0m                                  'trust_remote_code': False,
[36m(TaskRunner pid=3129648)[0m                                  'use_fused_kernels': False,
[36m(TaskRunner pid=3129648)[0m                                  'use_liger': False,
[36m(TaskRunner pid=3129648)[0m                                  'use_remove_padding': True,
[36m(TaskRunner pid=3129648)[0m                                  'use_shm': False},
[36m(TaskRunner pid=3129648)[0m                        'nccl_timeout': 600,
[36m(TaskRunner pid=3129648)[0m                        'ref': {'_target_': 'verl.workers.config.FSDPActorConfig',
[36m(TaskRunner pid=3129648)[0m                                'entropy_checkpointing': False,
[36m(TaskRunner pid=3129648)[0m                                'entropy_from_logits_chunk_size': 2048,
[36m(TaskRunner pid=3129648)[0m                                'entropy_from_logits_with_chunking': False,
[36m(TaskRunner pid=3129648)[0m                                'fsdp_config': {'_target_': 'verl.workers.config.FSDPEngineConfig',
[36m(TaskRunner pid=3129648)[0m                                                'dtype': 'bfloat16',
[36m(TaskRunner pid=3129648)[0m                                                'entropy_checkpointing': False,
[36m(TaskRunner pid=3129648)[0m                                                'entropy_from_logits_chunk_size': 2048,
[36m(TaskRunner pid=3129648)[0m                                                'entropy_from_logits_with_chunking': False,
[36m(TaskRunner pid=3129648)[0m                                                'forward_only': True,
[36m(TaskRunner pid=3129648)[0m                                                'forward_prefetch': False,
[36m(TaskRunner pid=3129648)[0m                                                'fsdp_size': -1,
[36m(TaskRunner pid=3129648)[0m                                                'full_determinism': False,
[36m(TaskRunner pid=3129648)[0m                                                'model_dtype': 'fp32',
[36m(TaskRunner pid=3129648)[0m                                                'offload_policy': False,
[36m(TaskRunner pid=3129648)[0m                                                'optimizer_offload': False,
[36m(TaskRunner pid=3129648)[0m                                                'pad_to_length': False,
[36m(TaskRunner pid=3129648)[0m                                                'pad_to_length_bucket': 1024,
[36m(TaskRunner pid=3129648)[0m                                                'param_offload': False,
[36m(TaskRunner pid=3129648)[0m                                                'qat': {'_target_': 'verl.workers.config.QATEngineConfig',
[36m(TaskRunner pid=3129648)[0m                                                        'activation_observer': 'static_minmax',
[36m(TaskRunner pid=3129648)[0m                                                        'enable': False,
[36m(TaskRunner pid=3129648)[0m                                                        'group_size': 16,
[36m(TaskRunner pid=3129648)[0m                                                        'ignore_patterns': ['lm_head',
[36m(TaskRunner pid=3129648)[0m                                                                            'embed_tokens',
[36m(TaskRunner pid=3129648)[0m                                                                            're:.*mlp.gate$'],
[36m(TaskRunner pid=3129648)[0m                                                        'mode': 'w4a16',
[36m(TaskRunner pid=3129648)[0m                                                        'quantization_config_path': None},
[36m(TaskRunner pid=3129648)[0m                                                'reshard_after_forward': True,
[36m(TaskRunner pid=3129648)[0m                                                'seed': 42,
[36m(TaskRunner pid=3129648)[0m                                                'strategy': 'fsdp',
[36m(TaskRunner pid=3129648)[0m                                                'ulysses_sequence_parallel_size': 1,
[36m(TaskRunner pid=3129648)[0m                                                'use_orig_params': False,
[36m(TaskRunner pid=3129648)[0m                                                'use_torch_compile': True,
[36m(TaskRunner pid=3129648)[0m                                                'wrap_policy': {'min_num_params': 0}},
[36m(TaskRunner pid=3129648)[0m                                'log_prob_max_token_len_per_gpu': 24576,
[36m(TaskRunner pid=3129648)[0m                                'log_prob_micro_batch_size': None,
[36m(TaskRunner pid=3129648)[0m                                'log_prob_micro_batch_size_per_gpu': None,
[36m(TaskRunner pid=3129648)[0m                                'log_prob_use_dynamic_bsz': True,
[36m(TaskRunner pid=3129648)[0m                                'pad_to_length': False,
[36m(TaskRunner pid=3129648)[0m                                'profiler': {'_target_': 'verl.utils.profiler.ProfilerConfig',
[36m(TaskRunner pid=3129648)[0m                                             'all_ranks': False,
[36m(TaskRunner pid=3129648)[0m                                             'enable': False,
[36m(TaskRunner pid=3129648)[0m                                             'ranks': [],
[36m(TaskRunner pid=3129648)[0m                                             'save_path': 'outputs/profile',
[36m(TaskRunner pid=3129648)[0m                                             'tool': None,
[36m(TaskRunner pid=3129648)[0m                                             'tool_config': {'npu': {'_target_': 'verl.utils.profiler.config.NPUToolConfig',
[36m(TaskRunner pid=3129648)[0m                                                                     'analysis': True,
[36m(TaskRunner pid=3129648)[0m                                                                     'contents': [],
[36m(TaskRunner pid=3129648)[0m                                                                     'discrete': False,
[36m(TaskRunner pid=3129648)[0m                                                                     'level': 'level0'},
[36m(TaskRunner pid=3129648)[0m                                                             'nsys': {'_target_': 'verl.utils.profiler.config.NsightToolConfig',
[36m(TaskRunner pid=3129648)[0m                                                                      'discrete': False},
[36m(TaskRunner pid=3129648)[0m                                                             'precision_debugger': {'_target_': 'verl.utils.profiler.config.PrecisionDebuggerToolConfig',
[36m(TaskRunner pid=3129648)[0m                                                                                    'config_path': None,
[36m(TaskRunner pid=3129648)[0m                                                                                    'stages': None,
[36m(TaskRunner pid=3129648)[0m                                                                                    'steps': None,
[36m(TaskRunner pid=3129648)[0m                                                                                    'strict': False},
[36m(TaskRunner pid=3129648)[0m                                                             'torch': {'_target_': 'verl.utils.profiler.config.TorchProfilerToolConfig',
[36m(TaskRunner pid=3129648)[0m                                                                       'contents': [],
[36m(TaskRunner pid=3129648)[0m                                                                       'discrete': False,
[36m(TaskRunner pid=3129648)[0m                                                                       'schedule': {'_target_': 'verl.utils.profiler.config.TorchProfilerScheduleConfig',
[36m(TaskRunner pid=3129648)[0m                                                                                    'active': 0,
[36m(TaskRunner pid=3129648)[0m                                                                                    'repeat': 0,
[36m(TaskRunner pid=3129648)[0m                                                                                    'skip_first': 0,
[36m(TaskRunner pid=3129648)[0m                                                                                    'wait': 0,
[36m(TaskRunner pid=3129648)[0m                                                                                    'warmup': 0}},
[36m(TaskRunner pid=3129648)[0m                                                             'torch_memory': {'_target_': 'verl.utils.profiler.config.TorchMemoryToolConfig',
[36m(TaskRunner pid=3129648)[0m                                                                              'stack_depth': 32,
[36m(TaskRunner pid=3129648)[0m                                                                              'trace_alloc_max_entries': 100000}}},
[36m(TaskRunner pid=3129648)[0m                                'rollout_n': 16,
[36m(TaskRunner pid=3129648)[0m                                'router_replay': {'_target_': 'verl.workers.config.RouterReplayConfig',
[36m(TaskRunner pid=3129648)[0m                                                  'mode': 'disabled',
[36m(TaskRunner pid=3129648)[0m                                                  'record_file': None,
[36m(TaskRunner pid=3129648)[0m                                                  'replay_file': None},
[36m(TaskRunner pid=3129648)[0m                                'strategy': 'fsdp2',
[36m(TaskRunner pid=3129648)[0m                                'ulysses_sequence_parallel_size': 1,
[36m(TaskRunner pid=3129648)[0m                                'use_torch_compile': True},
[36m(TaskRunner pid=3129648)[0m                        'rollout': {'_target_': 'verl.workers.config.RolloutConfig',
[36m(TaskRunner pid=3129648)[0m                                    'agent': {'_target_': 'verl.workers.config.AgentLoopConfig',
[36m(TaskRunner pid=3129648)[0m                                              'agent_loop_config_path': None,
[36m(TaskRunner pid=3129648)[0m                                              'custom_async_server': {'_target_': 'verl.workers.config.CustomAsyncServerConfig',
[36m(TaskRunner pid=3129648)[0m                                                                      'name': None,
[36m(TaskRunner pid=3129648)[0m                                                                      'path': None},
[36m(TaskRunner pid=3129648)[0m                                              'default_agent_loop': 'tool_agent',
[36m(TaskRunner pid=3129648)[0m                                              'num_workers': 8},
[36m(TaskRunner pid=3129648)[0m                                    'calculate_log_probs': True,
[36m(TaskRunner pid=3129648)[0m                                    'checkpoint_engine': {'_target_': 'verl.workers.config.CheckpointEngineConfig',
[36m(TaskRunner pid=3129648)[0m                                                          'backend': 'naive',
[36m(TaskRunner pid=3129648)[0m                                                          'custom_backend_module': None,
[36m(TaskRunner pid=3129648)[0m                                                          'engine_kwargs': {},
[36m(TaskRunner pid=3129648)[0m                                                          'update_weights_bucket_megabytes': 2048},
[36m(TaskRunner pid=3129648)[0m                                    'cudagraph_capture_sizes': None,
[36m(TaskRunner pid=3129648)[0m                                    'data_parallel_size': 1,
[36m(TaskRunner pid=3129648)[0m                                    'disable_log_stats': True,
[36m(TaskRunner pid=3129648)[0m                                    'disaggregation': {'bootstrap_port': None,
[36m(TaskRunner pid=3129648)[0m                                                       'decode_replicas': 1,
[36m(TaskRunner pid=3129648)[0m                                                       'decode_tensor_model_parallel_size': None,
[36m(TaskRunner pid=3129648)[0m                                                       'enabled': False,
[36m(TaskRunner pid=3129648)[0m                                                       'ib_device': None,
[36m(TaskRunner pid=3129648)[0m                                                       'prefill_replicas': 1,
[36m(TaskRunner pid=3129648)[0m                                                       'transfer_backend': 'nixl'},
[36m(TaskRunner pid=3129648)[0m                                    'do_sample': True,
[36m(TaskRunner pid=3129648)[0m                                    'dtype': 'bfloat16',
[36m(TaskRunner pid=3129648)[0m                                    'enable_chunked_prefill': True,
[36m(TaskRunner pid=3129648)[0m                                    'enable_prefix_caching': True,
[36m(TaskRunner pid=3129648)[0m                                    'enable_rollout_routing_replay': False,
[36m(TaskRunner pid=3129648)[0m                                    'enforce_eager': False,
[36m(TaskRunner pid=3129648)[0m                                    'engine_kwargs': {'sglang': {},
[36m(TaskRunner pid=3129648)[0m                                                      'trtllm': {},
[36m(TaskRunner pid=3129648)[0m                                                      'vllm': {'mm_processor_kwargs': {'max_pixels': 150528}}},
[36m(TaskRunner pid=3129648)[0m                                    'expert_parallel_size': 1,
[36m(TaskRunner pid=3129648)[0m                                    'free_cache_engine': True,
[36m(TaskRunner pid=3129648)[0m                                    'full_determinism': False,
[36m(TaskRunner pid=3129648)[0m                                    'gpu_memory_utilization': 0.65,
[36m(TaskRunner pid=3129648)[0m                                    'ignore_eos': False,
[36m(TaskRunner pid=3129648)[0m                                    'layered_summon': True,
[36m(TaskRunner pid=3129648)[0m                                    'limit_images': 112,
[36m(TaskRunner pid=3129648)[0m                                    'load_format': 'safetensors',
[36m(TaskRunner pid=3129648)[0m                                    'log_prob_max_token_len_per_gpu': 24576,
[36m(TaskRunner pid=3129648)[0m                                    'log_prob_micro_batch_size': None,
[36m(TaskRunner pid=3129648)[0m                                    'log_prob_micro_batch_size_per_gpu': None,
[36m(TaskRunner pid=3129648)[0m                                    'log_prob_use_dynamic_bsz': True,
[36m(TaskRunner pid=3129648)[0m                                    'logprobs_mode': 'processed_logprobs',
[36m(TaskRunner pid=3129648)[0m                                    'max_model_len': 20992,
[36m(TaskRunner pid=3129648)[0m                                    'max_num_batched_tokens': 24576,
[36m(TaskRunner pid=3129648)[0m                                    'max_num_seqs': 256,
[36m(TaskRunner pid=3129648)[0m                                    'mode': 'async',
[36m(TaskRunner pid=3129648)[0m                                    'moe_load_balance_metrics_interval': 0,
[36m(TaskRunner pid=3129648)[0m                                    'mtp': {'_target_': 'verl.workers.config.MtpConfig',
[36m(TaskRunner pid=3129648)[0m                                            'detach_encoder': False,
[36m(TaskRunner pid=3129648)[0m                                            'enable': False,
[36m(TaskRunner pid=3129648)[0m                                            'enable_rollout': False,
[36m(TaskRunner pid=3129648)[0m                                            'enable_train': False,
[36m(TaskRunner pid=3129648)[0m                                            'method': 'mtp',
[36m(TaskRunner pid=3129648)[0m                                            'mtp_loss_scaling_factor': 0.1,
[36m(TaskRunner pid=3129648)[0m                                            'num_speculative_tokens': 1,
[36m(TaskRunner pid=3129648)[0m                                            'speculative_algorithm': 'EAGLE',
[36m(TaskRunner pid=3129648)[0m                                            'speculative_eagle_topk': 1,
[36m(TaskRunner pid=3129648)[0m                                            'speculative_num_draft_tokens': 4,
[36m(TaskRunner pid=3129648)[0m                                            'speculative_num_steps': 3},
[36m(TaskRunner pid=3129648)[0m                                    'multi_stage_wake_up': False,
[36m(TaskRunner pid=3129648)[0m                                    'multi_turn': {'_target_': 'verl.workers.config.MultiTurnConfig',
[36m(TaskRunner pid=3129648)[0m                                                   'enable': True,
[36m(TaskRunner pid=3129648)[0m                                                   'format': 'hermes',
[36m(TaskRunner pid=3129648)[0m                                                   'function_tool_path': None,
[36m(TaskRunner pid=3129648)[0m                                                   'max_assistant_turns': 4,
[36m(TaskRunner pid=3129648)[0m                                                   'max_parallel_calls': 1,
[36m(TaskRunner pid=3129648)[0m                                                   'max_tool_response_length': 2048,
[36m(TaskRunner pid=3129648)[0m                                                   'max_user_turns': 3,
[36m(TaskRunner pid=3129648)[0m                                                   'num_repeat_rollouts': None,
[36m(TaskRunner pid=3129648)[0m                                                   'tokenization_sanity_check_mode': 'strict',
[36m(TaskRunner pid=3129648)[0m                                                   'tool_config_path': '/home/yw4636/agentic-tvg/crop_video_tool.yaml',
[36m(TaskRunner pid=3129648)[0m                                                   'tool_response_truncate_side': 'middle',
[36m(TaskRunner pid=3129648)[0m                                                   'use_inference_chat_template': False},
[36m(TaskRunner pid=3129648)[0m                                    'n': 16,
[36m(TaskRunner pid=3129648)[0m                                    'n_gpus_per_node': 1,
[36m(TaskRunner pid=3129648)[0m                                    'name': 'vllm',
[36m(TaskRunner pid=3129648)[0m                                    'nnodes': 0,
[36m(TaskRunner pid=3129648)[0m                                    'over_sample_rate': 0,
[36m(TaskRunner pid=3129648)[0m                                    'pipeline_model_parallel_size': 1,
[36m(TaskRunner pid=3129648)[0m                                    'profiler': {'_target_': 'verl.utils.profiler.ProfilerConfig',
[36m(TaskRunner pid=3129648)[0m                                                 'all_ranks': False,
[36m(TaskRunner pid=3129648)[0m                                                 'enable': False,
[36m(TaskRunner pid=3129648)[0m                                                 'ranks': [],
[36m(TaskRunner pid=3129648)[0m                                                 'save_path': 'outputs/profile',
[36m(TaskRunner pid=3129648)[0m                                                 'tool': None,
[36m(TaskRunner pid=3129648)[0m                                                 'tool_config': {'npu': {'_target_': 'verl.utils.profiler.config.NPUToolConfig',
[36m(TaskRunner pid=3129648)[0m                                                                         'analysis': True,
[36m(TaskRunner pid=3129648)[0m                                                                         'contents': [],
[36m(TaskRunner pid=3129648)[0m                                                                         'discrete': False,
[36m(TaskRunner pid=3129648)[0m                                                                         'level': 'level0',
[36m(TaskRunner pid=3129648)[0m                                                                         'profile_token_end': None,
[36m(TaskRunner pid=3129648)[0m                                                                         'profile_token_start': None},
[36m(TaskRunner pid=3129648)[0m                                                                 'precision_debugger': {'_target_': 'verl.utils.profiler.config.PrecisionDebuggerToolConfig',
[36m(TaskRunner pid=3129648)[0m                                                                                        'config_path': None,
[36m(TaskRunner pid=3129648)[0m                                                                                        'stages': None,
[36m(TaskRunner pid=3129648)[0m                                                                                        'steps': None,
[36m(TaskRunner pid=3129648)[0m                                                                                        'strict': False},
[36m(TaskRunner pid=3129648)[0m                                                                 'torch': {'_target_': 'verl.utils.profiler.config.TorchProfilerToolConfig',
[36m(TaskRunner pid=3129648)[0m                                                                           'contents': [],
[36m(TaskRunner pid=3129648)[0m                                                                           'discrete': False,
[36m(TaskRunner pid=3129648)[0m                                                                           'profile_token_end': None,
[36m(TaskRunner pid=3129648)[0m                                                                           'profile_token_start': None}}},
[36m(TaskRunner pid=3129648)[0m                                    'prometheus': {'_target_': 'verl.workers.config.PrometheusConfig',
[36m(TaskRunner pid=3129648)[0m                                                   'enable': False,
[36m(TaskRunner pid=3129648)[0m                                                   'file': '/tmp/ray/session_latest/metrics/prometheus/prometheus.yml',
[36m(TaskRunner pid=3129648)[0m                                                   'port': 9090,
[36m(TaskRunner pid=3129648)[0m                                                   'served_model_name': '/home/yw4636/agentic-tvg/results/sft-mix/merged'},
[36m(TaskRunner pid=3129648)[0m                                    'prompt_length': 4608,
[36m(TaskRunner pid=3129648)[0m                                    'qat': {'_target_': 'verl.workers.config.QATEngineConfig',
[36m(TaskRunner pid=3129648)[0m                                            'activation_observer': 'static_minmax',
[36m(TaskRunner pid=3129648)[0m                                            'enable': False,
[36m(TaskRunner pid=3129648)[0m                                            'group_size': 16,
[36m(TaskRunner pid=3129648)[0m                                            'ignore_patterns': ['lm_head',
[36m(TaskRunner pid=3129648)[0m                                                                'embed_tokens',
[36m(TaskRunner pid=3129648)[0m                                                                're:.*mlp.gate$'],
[36m(TaskRunner pid=3129648)[0m                                            'mode': 'w4a16',
[36m(TaskRunner pid=3129648)[0m                                            'quantization_config_path': None},
[36m(TaskRunner pid=3129648)[0m                                    'quantization': None,
[36m(TaskRunner pid=3129648)[0m                                    'quantization_config_file': None,
[36m(TaskRunner pid=3129648)[0m                                    'response_length': 16384,
[36m(TaskRunner pid=3129648)[0m                                    'scheduling_policy': 'fcfs',
[36m(TaskRunner pid=3129648)[0m                                    'seed': 42,
[36m(TaskRunner pid=3129648)[0m                                    'skip_tokenizer_init': True,
[36m(TaskRunner pid=3129648)[0m                                    'temperature': 1.0,
[36m(TaskRunner pid=3129648)[0m                                    'tensor_model_parallel_size': 1,
[36m(TaskRunner pid=3129648)[0m                                    'top_k': -1,
[36m(TaskRunner pid=3129648)[0m                                    'top_p': 1,
[36m(TaskRunner pid=3129648)[0m                                    'trace': {'_target_': 'verl.workers.config.TraceConfig',
[36m(TaskRunner pid=3129648)[0m                                              'backend': None,
[36m(TaskRunner pid=3129648)[0m                                              'experiment_name': 'grpo_vanilla',
[36m(TaskRunner pid=3129648)[0m                                              'max_samples_per_step_per_worker': None,
[36m(TaskRunner pid=3129648)[0m                                              'project_name': 'agentic-tvg',
[36m(TaskRunner pid=3129648)[0m                                              'token2text': False},
[36m(TaskRunner pid=3129648)[0m                                    'val_kwargs': {'_target_': 'verl.workers.config.SamplingConfig',
[36m(TaskRunner pid=3129648)[0m                                                   'do_sample': False,
[36m(TaskRunner pid=3129648)[0m                                                   'n': 1,
[36m(TaskRunner pid=3129648)[0m                                                   'temperature': 0,
[36m(TaskRunner pid=3129648)[0m                                                   'top_k': -1,
[36m(TaskRunner pid=3129648)[0m                                                   'top_p': 1.0}}},
[36m(TaskRunner pid=3129648)[0m  'algorithm': {'_target_': 'verl.trainer.config.AlgoConfig',
[36m(TaskRunner pid=3129648)[0m                'adv_estimator': 'grpo',
[36m(TaskRunner pid=3129648)[0m                'filter_groups': {'_target_': 'verl.trainer.config.FilterGroupsConfig',
[36m(TaskRunner pid=3129648)[0m                                  'enable': False,
[36m(TaskRunner pid=3129648)[0m                                  'max_inflight_gen_batches': 1,
[36m(TaskRunner pid=3129648)[0m                                  'max_num_gen_batches': 0,
[36m(TaskRunner pid=3129648)[0m                                  'metric': None},
[36m(TaskRunner pid=3129648)[0m                'gamma': 1.0,
[36m(TaskRunner pid=3129648)[0m                'kl_ctrl': {'_target_': 'verl.trainer.config.KLControlConfig',
[36m(TaskRunner pid=3129648)[0m                            'horizon': 10000,
[36m(TaskRunner pid=3129648)[0m                            'kl_coef': 0.001,
[36m(TaskRunner pid=3129648)[0m                            'target_kl': 0.1,
[36m(TaskRunner pid=3129648)[0m                            'type': 'fixed'},
[36m(TaskRunner pid=3129648)[0m                'kl_penalty': 'kl',
[36m(TaskRunner pid=3129648)[0m                'lam': 1.0,
[36m(TaskRunner pid=3129648)[0m                'norm_adv_by_std_in_grpo': True,
[36m(TaskRunner pid=3129648)[0m                'pf_ppo': {'reweight_method': 'pow', 'weight_pow': 2.0},
[36m(TaskRunner pid=3129648)[0m                'rollout_correction': {'bypass_mode': False,
[36m(TaskRunner pid=3129648)[0m                                       'loss_type': 'ppo_clip',
[36m(TaskRunner pid=3129648)[0m                                       'rollout_is': None,
[36m(TaskRunner pid=3129648)[0m                                       'rollout_is_batch_normalize': False,
[36m(TaskRunner pid=3129648)[0m                                       'rollout_is_threshold': 2.0,
[36m(TaskRunner pid=3129648)[0m                                       'rollout_rs': None,
[36m(TaskRunner pid=3129648)[0m                                       'rollout_rs_threshold': None},
[36m(TaskRunner pid=3129648)[0m                'use_kl_in_reward': False,
[36m(TaskRunner pid=3129648)[0m                'use_pf_ppo': False},
[36m(TaskRunner pid=3129648)[0m  'critic': {'_target_': 'verl.workers.config.FSDPCriticConfig',
[36m(TaskRunner pid=3129648)[0m             'checkpoint': {'_target_': 'verl.trainer.config.CheckpointConfig',
[36m(TaskRunner pid=3129648)[0m                            'async_save': False,
[36m(TaskRunner pid=3129648)[0m                            'load_contents': ['model', 'optimizer', 'extra'],
[36m(TaskRunner pid=3129648)[0m                            'save_contents': ['model', 'optimizer', 'extra']},
[36m(TaskRunner pid=3129648)[0m             'cliprange_value': 0.5,
[36m(TaskRunner pid=3129648)[0m             'data_loader_seed': 42,
[36m(TaskRunner pid=3129648)[0m             'enable': None,
[36m(TaskRunner pid=3129648)[0m             'forward_max_token_len_per_gpu': 32768,
[36m(TaskRunner pid=3129648)[0m             'forward_micro_batch_size': None,
[36m(TaskRunner pid=3129648)[0m             'forward_micro_batch_size_per_gpu': None,
[36m(TaskRunner pid=3129648)[0m             'fsdp': {'_target_': 'verl.workers.config.FSDPEngineConfig',
[36m(TaskRunner pid=3129648)[0m                      'dtype': 'bfloat16',
[36m(TaskRunner pid=3129648)[0m                      'entropy_checkpointing': False,
[36m(TaskRunner pid=3129648)[0m                      'entropy_from_logits_chunk_size': 2048,
[36m(TaskRunner pid=3129648)[0m                      'entropy_from_logits_with_chunking': False,
[36m(TaskRunner pid=3129648)[0m                      'forward_only': False,
[36m(TaskRunner pid=3129648)[0m                      'forward_prefetch': False,
[36m(TaskRunner pid=3129648)[0m                      'fsdp_size': -1,
[36m(TaskRunner pid=3129648)[0m                      'full_determinism': False,
[36m(TaskRunner pid=3129648)[0m                      'model_dtype': 'fp32',
[36m(TaskRunner pid=3129648)[0m                      'offload_policy': False,
[36m(TaskRunner pid=3129648)[0m                      'optimizer_offload': False,
[36m(TaskRunner pid=3129648)[0m                      'pad_to_length': False,
[36m(TaskRunner pid=3129648)[0m                      'pad_to_length_bucket': 1024,
[36m(TaskRunner pid=3129648)[0m                      'param_offload': False,
[36m(TaskRunner pid=3129648)[0m                      'qat': {'_target_': 'verl.workers.config.QATEngineConfig',
[36m(TaskRunner pid=3129648)[0m                              'activation_observer': 'static_minmax',
[36m(TaskRunner pid=3129648)[0m                              'enable': False,
[36m(TaskRunner pid=3129648)[0m                              'group_size': 16,
[36m(TaskRunner pid=3129648)[0m                              'ignore_patterns': ['lm_head',
[36m(TaskRunner pid=3129648)[0m                                                  'embed_tokens',
[36m(TaskRunner pid=3129648)[0m                                                  're:.*mlp.gate$'],
[36m(TaskRunner pid=3129648)[0m                              'mode': 'w4a16',
[36m(TaskRunner pid=3129648)[0m                              'quantization_config_path': None},
[36m(TaskRunner pid=3129648)[0m                      'reshard_after_forward': True,
[36m(TaskRunner pid=3129648)[0m                      'seed': 42,
[36m(TaskRunner pid=3129648)[0m                      'strategy': 'fsdp',
[36m(TaskRunner pid=3129648)[0m                      'ulysses_sequence_parallel_size': 1,
[36m(TaskRunner pid=3129648)[0m                      'use_orig_params': False,
[36m(TaskRunner pid=3129648)[0m                      'use_torch_compile': True,
[36m(TaskRunner pid=3129648)[0m                      'wrap_policy': {'min_num_params': 0}},
[36m(TaskRunner pid=3129648)[0m             'grad_clip': 1.0,
[36m(TaskRunner pid=3129648)[0m             'loss_agg_mode': 'token-mean',
[36m(TaskRunner pid=3129648)[0m             'loss_scale_factor': None,
[36m(TaskRunner pid=3129648)[0m             'model': {'_target_': 'verl.workers.config.HFModelConfig',
[36m(TaskRunner pid=3129648)[0m                       'custom_chat_template': None,
[36m(TaskRunner pid=3129648)[0m                       'enable_activation_offload': False,
[36m(TaskRunner pid=3129648)[0m                       'enable_gradient_checkpointing': True,
[36m(TaskRunner pid=3129648)[0m                       'exclude_modules': None,
[36m(TaskRunner pid=3129648)[0m                       'external_lib': None,
[36m(TaskRunner pid=3129648)[0m                       'fused_kernel_options': {'impl_backend': 'torch'},
[36m(TaskRunner pid=3129648)[0m                       'hf_config_path': None,
[36m(TaskRunner pid=3129648)[0m                       'lora': {'a2a_experimental': False,
[36m(TaskRunner pid=3129648)[0m                                'adapter_path': None,
[36m(TaskRunner pid=3129648)[0m                                'alpha': 32,
[36m(TaskRunner pid=3129648)[0m                                'dropout': 0.0,
[36m(TaskRunner pid=3129648)[0m                                'dropout_position': 'pre',
[36m(TaskRunner pid=3129648)[0m                                'dtype': None,
[36m(TaskRunner pid=3129648)[0m                                'exclude_modules': [],
[36m(TaskRunner pid=3129648)[0m                                'freeze_language_model': True,
[36m(TaskRunner pid=3129648)[0m                                'freeze_vision_model': True,
[36m(TaskRunner pid=3129648)[0m                                'freeze_vision_projection': True,
[36m(TaskRunner pid=3129648)[0m                                'lora_A_init_method': 'xavier',
[36m(TaskRunner pid=3129648)[0m                                'lora_B_init_method': 'zero',
[36m(TaskRunner pid=3129648)[0m                                'merge': False,
[36m(TaskRunner pid=3129648)[0m                                'rank': 0,
[36m(TaskRunner pid=3129648)[0m                                'target_modules': ['linear_qkv',
[36m(TaskRunner pid=3129648)[0m                                                   'linear_proj',
[36m(TaskRunner pid=3129648)[0m                                                   'linear_fc1',
[36m(TaskRunner pid=3129648)[0m                                                   'linear_fc2'],
[36m(TaskRunner pid=3129648)[0m                                'type': 'lora'},
[36m(TaskRunner pid=3129648)[0m                       'lora_adapter_path': None,
[36m(TaskRunner pid=3129648)[0m                       'lora_alpha': 16,
[36m(TaskRunner pid=3129648)[0m                       'lora_rank': 0,
[36m(TaskRunner pid=3129648)[0m                       'mtp': {'_target_': 'verl.workers.config.MtpConfig',
[36m(TaskRunner pid=3129648)[0m                               'detach_encoder': False,
[36m(TaskRunner pid=3129648)[0m                               'enable': False,
[36m(TaskRunner pid=3129648)[0m                               'enable_rollout': False,
[36m(TaskRunner pid=3129648)[0m                               'enable_train': False,
[36m(TaskRunner pid=3129648)[0m                               'method': 'mtp',
[36m(TaskRunner pid=3129648)[0m                               'mtp_loss_scaling_factor': 0.1,
[36m(TaskRunner pid=3129648)[0m                               'num_speculative_tokens': 1,
[36m(TaskRunner pid=3129648)[0m                               'speculative_algorithm': 'EAGLE',
[36m(TaskRunner pid=3129648)[0m                               'speculative_eagle_topk': 1,
[36m(TaskRunner pid=3129648)[0m                               'speculative_num_draft_tokens': 4,
[36m(TaskRunner pid=3129648)[0m                               'speculative_num_steps': 3},
[36m(TaskRunner pid=3129648)[0m                       'override_config': {},
[36m(TaskRunner pid=3129648)[0m                       'path': '~/models/deepseek-llm-7b-chat',
[36m(TaskRunner pid=3129648)[0m                       'target_modules': 'all-linear',
[36m(TaskRunner pid=3129648)[0m                       'tiled_mlp': {'enabled': False, 'num_shards': 4},
[36m(TaskRunner pid=3129648)[0m                       'tokenizer_path': None,
[36m(TaskRunner pid=3129648)[0m                       'trust_remote_code': False,
[36m(TaskRunner pid=3129648)[0m                       'use_fused_kernels': False,
[36m(TaskRunner pid=3129648)[0m                       'use_liger': False,
[36m(TaskRunner pid=3129648)[0m                       'use_remove_padding': True,
[36m(TaskRunner pid=3129648)[0m                       'use_shm': False},
[36m(TaskRunner pid=3129648)[0m             'optim': {'_target_': 'verl.workers.config.FSDPOptimizerConfig',
[36m(TaskRunner pid=3129648)[0m                       'betas': [0.9, 0.999],
[36m(TaskRunner pid=3129648)[0m                       'clip_grad': 1.0,
[36m(TaskRunner pid=3129648)[0m                       'lr': 1e-05,
[36m(TaskRunner pid=3129648)[0m                       'lr_scheduler_type': 'constant',
[36m(TaskRunner pid=3129648)[0m                       'lr_warmup_steps': -1,
[36m(TaskRunner pid=3129648)[0m                       'lr_warmup_steps_ratio': 0.0,
[36m(TaskRunner pid=3129648)[0m                       'min_lr_ratio': 0.0,
[36m(TaskRunner pid=3129648)[0m                       'num_cycles': 0.5,
[36m(TaskRunner pid=3129648)[0m                       'optimizer': 'AdamW',
[36m(TaskRunner pid=3129648)[0m                       'optimizer_impl': 'torch.optim',
[36m(TaskRunner pid=3129648)[0m                       'override_optimizer_config': None,
[36m(TaskRunner pid=3129648)[0m                       'total_training_steps': -1,
[36m(TaskRunner pid=3129648)[0m                       'warmup_style': None,
[36m(TaskRunner pid=3129648)[0m                       'weight_decay': 0.01,
[36m(TaskRunner pid=3129648)[0m                       'zero_indexed_step': True},
[36m(TaskRunner pid=3129648)[0m             'ppo_epochs': 1,
[36m(TaskRunner pid=3129648)[0m             'ppo_max_token_len_per_gpu': 32768,
[36m(TaskRunner pid=3129648)[0m             'ppo_micro_batch_size': None,
[36m(TaskRunner pid=3129648)[0m             'ppo_micro_batch_size_per_gpu': None,
[36m(TaskRunner pid=3129648)[0m             'ppo_mini_batch_size': 8,
[36m(TaskRunner pid=3129648)[0m             'profiler': {'_target_': 'verl.utils.profiler.ProfilerConfig',
[36m(TaskRunner pid=3129648)[0m                          'all_ranks': False,
[36m(TaskRunner pid=3129648)[0m                          'enable': False,
[36m(TaskRunner pid=3129648)[0m                          'ranks': [],
[36m(TaskRunner pid=3129648)[0m                          'save_path': 'outputs/profile',
[36m(TaskRunner pid=3129648)[0m                          'tool': None,
[36m(TaskRunner pid=3129648)[0m                          'tool_config': {'npu': {'_target_': 'verl.utils.profiler.config.NPUToolConfig',
[36m(TaskRunner pid=3129648)[0m                                                  'analysis': True,
[36m(TaskRunner pid=3129648)[0m                                                  'contents': [],
[36m(TaskRunner pid=3129648)[0m                                                  'discrete': False,
[36m(TaskRunner pid=3129648)[0m                                                  'level': 'level0'},
[36m(TaskRunner pid=3129648)[0m                                          'nsys': {'_target_': 'verl.utils.profiler.config.NsightToolConfig',
[36m(TaskRunner pid=3129648)[0m                                                   'discrete': False},
[36m(TaskRunner pid=3129648)[0m                                          'precision_debugger': {'_target_': 'verl.utils.profiler.config.PrecisionDebuggerToolConfig',
[36m(TaskRunner pid=3129648)[0m                                                                 'config_path': None,
[36m(TaskRunner pid=3129648)[0m                                                                 'stages': None,
[36m(TaskRunner pid=3129648)[0m                                                                 'steps': None,
[36m(TaskRunner pid=3129648)[0m                                                                 'strict': False},
[36m(TaskRunner pid=3129648)[0m                                          'torch': {'_target_': 'verl.utils.profiler.config.TorchProfilerToolConfig',
[36m(TaskRunner pid=3129648)[0m                                                    'contents': [],
[36m(TaskRunner pid=3129648)[0m                                                    'discrete': False,
[36m(TaskRunner pid=3129648)[0m                                                    'schedule': {'_target_': 'verl.utils.profiler.config.TorchProfilerScheduleConfig',
[36m(TaskRunner pid=3129648)[0m                                                                 'active': 0,
[36m(TaskRunner pid=3129648)[0m                                                                 'repeat': 0,
[36m(TaskRunner pid=3129648)[0m                                                                 'skip_first': 0,
[36m(TaskRunner pid=3129648)[0m                                                                 'wait': 0,
[36m(TaskRunner pid=3129648)[0m                                                                 'warmup': 0}},
[36m(TaskRunner pid=3129648)[0m                                          'torch_memory': {'_target_': 'verl.utils.profiler.config.TorchMemoryToolConfig',
[36m(TaskRunner pid=3129648)[0m                                                           'stack_depth': 32,
[36m(TaskRunner pid=3129648)[0m                                                           'trace_alloc_max_entries': 100000}}},
[36m(TaskRunner pid=3129648)[0m             'rollout_n': 16,
[36m(TaskRunner pid=3129648)[0m             'shuffle': False,
[36m(TaskRunner pid=3129648)[0m             'strategy': 'fsdp',
[36m(TaskRunner pid=3129648)[0m             'ulysses_sequence_parallel_size': 1,
[36m(TaskRunner pid=3129648)[0m             'use_dynamic_bsz': True},
[36m(TaskRunner pid=3129648)[0m  'custom_reward_function': {'name': None, 'path': None},
[36m(TaskRunner pid=3129648)[0m  'data': {'apply_chat_template_kwargs': {},
[36m(TaskRunner pid=3129648)[0m           'audio_key': 'audios',
[36m(TaskRunner pid=3129648)[0m           'continuous_token': {'enable': False, 'model_family': 'auto'},
[36m(TaskRunner pid=3129648)[0m           'custom_cls': {'name': None, 'path': None},
[36m(TaskRunner pid=3129648)[0m           'dataloader_num_workers': 8,
[36m(TaskRunner pid=3129648)[0m           'filter_overlong_prompts': False,
[36m(TaskRunner pid=3129648)[0m           'filter_overlong_prompts_workers': 1,
[36m(TaskRunner pid=3129648)[0m           'function_tool_path': None,
[36m(TaskRunner pid=3129648)[0m           'gen_batch_size': None,
[36m(TaskRunner pid=3129648)[0m           'image_key': 'images',
[36m(TaskRunner pid=3129648)[0m           'image_patch_size': 16,
[36m(TaskRunner pid=3129648)[0m           'max_prompt_length': 4608,
[36m(TaskRunner pid=3129648)[0m           'max_response_length': 16384,
[36m(TaskRunner pid=3129648)[0m           'mm_processor_kwargs': {},
[36m(TaskRunner pid=3129648)[0m           'prompt_key': 'prompt',
[36m(TaskRunner pid=3129648)[0m           'return_full_prompt': False,
[36m(TaskRunner pid=3129648)[0m           'return_multi_modal_inputs': True,
[36m(TaskRunner pid=3129648)[0m           'return_raw_chat': True,
[36m(TaskRunner pid=3129648)[0m           'return_raw_input_ids': False,
[36m(TaskRunner pid=3129648)[0m           'reward_fn_key': 'data_source',
[36m(TaskRunner pid=3129648)[0m           'seed': None,
[36m(TaskRunner pid=3129648)[0m           'shuffle': True,
[36m(TaskRunner pid=3129648)[0m           'tokenizer': None,
[36m(TaskRunner pid=3129648)[0m           'tool_config_path': '/home/yw4636/agentic-tvg/crop_video_tool.yaml',
[36m(TaskRunner pid=3129648)[0m           'train_batch_size': 8,
[36m(TaskRunner pid=3129648)[0m           'train_files': '/home/yw4636/agentic-tvg/data/processed/rl_train.parquet',
[36m(TaskRunner pid=3129648)[0m           'train_max_samples': -1,
[36m(TaskRunner pid=3129648)[0m           'truncation': 'error',
[36m(TaskRunner pid=3129648)[0m           'trust_remote_code': False,
[36m(TaskRunner pid=3129648)[0m           'use_shm': False,
[36m(TaskRunner pid=3129648)[0m           'val_batch_size': 2,
[36m(TaskRunner pid=3129648)[0m           'val_files': '/home/yw4636/agentic-tvg/data/processed/rl_val.parquet',
[36m(TaskRunner pid=3129648)[0m           'val_max_samples': -1,
[36m(TaskRunner pid=3129648)[0m           'validation_shuffle': False,
[36m(TaskRunner pid=3129648)[0m           'video_key': 'videos'},
[36m(TaskRunner pid=3129648)[0m  'distillation': {'_target_': 'verl.workers.config.DistillationConfig',
[36m(TaskRunner pid=3129648)[0m                   'distillation_loss': {'_target_': 'verl.workers.config.DistillationLossConfig',
[36m(TaskRunner pid=3129648)[0m                                         'clip_ratio': 0.2,
[36m(TaskRunner pid=3129648)[0m                                         'clip_ratio_high': 0.2,
[36m(TaskRunner pid=3129648)[0m                                         'clip_ratio_low': 0.2,
[36m(TaskRunner pid=3129648)[0m                                         'distillation_loss_coef': 1.0,
[36m(TaskRunner pid=3129648)[0m                                         'log_prob_min_clamp': None,
[36m(TaskRunner pid=3129648)[0m                                         'loss_max_clamp': None,
[36m(TaskRunner pid=3129648)[0m                                         'loss_mode': 'k3',
[36m(TaskRunner pid=3129648)[0m                                         'policy_loss_mode': 'vanilla',
[36m(TaskRunner pid=3129648)[0m                                         'topk': 32,
[36m(TaskRunner pid=3129648)[0m                                         'use_policy_gradient': False,
[36m(TaskRunner pid=3129648)[0m                                         'use_task_rewards': True},
[36m(TaskRunner pid=3129648)[0m                   'enabled': False,
[36m(TaskRunner pid=3129648)[0m                   'n_gpus_per_node': 8,
[36m(TaskRunner pid=3129648)[0m                   'nnodes': 0,
[36m(TaskRunner pid=3129648)[0m                   'teacher_key': 'data_source',
[36m(TaskRunner pid=3129648)[0m                   'teacher_models': {'teacher_model': {'_target_': 'verl.workers.config.DistillationTeacherModelConfig',
[36m(TaskRunner pid=3129648)[0m                                                        'inference': {'_target_': 'verl.workers.config.RolloutConfig',
[36m(TaskRunner pid=3129648)[0m                                                                      'cudagraph_capture_sizes': None,
[36m(TaskRunner pid=3129648)[0m                                                                      'data_parallel_size': 1,
[36m(TaskRunner pid=3129648)[0m                                                                      'disable_log_stats': True,
[36m(TaskRunner pid=3129648)[0m                                                                      'dtype': 'bfloat16',
[36m(TaskRunner pid=3129648)[0m                                                                      'enable_chunked_prefill': True,
[36m(TaskRunner pid=3129648)[0m                                                                      'enable_prefix_caching': True,
[36m(TaskRunner pid=3129648)[0m                                                                      'enforce_eager': True,
[36m(TaskRunner pid=3129648)[0m                                                                      'engine_kwargs': {},
[36m(TaskRunner pid=3129648)[0m                                                                      'expert_parallel_size': 1,
[36m(TaskRunner pid=3129648)[0m                                                                      'free_cache_engine': True,
[36m(TaskRunner pid=3129648)[0m                                                                      'gpu_memory_utilization': 0.5,
[36m(TaskRunner pid=3129648)[0m                                                                      'limit_images': None,
[36m(TaskRunner pid=3129648)[0m                                                                      'load_format': 'auto',
[36m(TaskRunner pid=3129648)[0m                                                                      'max_model_len': None,
[36m(TaskRunner pid=3129648)[0m                                                                      'max_num_batched_tokens': 8192,
[36m(TaskRunner pid=3129648)[0m                                                                      'max_num_seqs': 1024,
[36m(TaskRunner pid=3129648)[0m                                                                      'name': 'vllm',
[36m(TaskRunner pid=3129648)[0m                                                                      'prompt_length': 4608,
[36m(TaskRunner pid=3129648)[0m                                                                      'response_length': 16384,
[36m(TaskRunner pid=3129648)[0m                                                                      'skip_tokenizer_init': True,
[36m(TaskRunner pid=3129648)[0m                                                                      'temperature': 1.0,
[36m(TaskRunner pid=3129648)[0m                                                                      'tensor_model_parallel_size': 2},
[36m(TaskRunner pid=3129648)[0m                                                        'key': None,
[36m(TaskRunner pid=3129648)[0m                                                        'model_path': None,
[36m(TaskRunner pid=3129648)[0m                                                        'num_replicas': 0}}},
[36m(TaskRunner pid=3129648)[0m  'global_profiler': {'_target_': 'verl.utils.profiler.ProfilerConfig',
[36m(TaskRunner pid=3129648)[0m                      'global_tool_config': {'nsys': {'_target_': 'verl.utils.profiler.config.NsightToolConfig',
[36m(TaskRunner pid=3129648)[0m                                                      'controller_nsight_options': {'cuda-graph-trace': 'graph',
[36m(TaskRunner pid=3129648)[0m                                                                                    'cuda-memory-usage': 'true',
[36m(TaskRunner pid=3129648)[0m                                                                                    'trace': 'cuda,nvtx,cublas,ucx'},
[36m(TaskRunner pid=3129648)[0m                                                      'discrete': False,
[36m(TaskRunner pid=3129648)[0m                                                      'worker_nsight_options': {'capture-range': 'cudaProfilerApi',
[36m(TaskRunner pid=3129648)[0m                                                                                'capture-range-end': None,
[36m(TaskRunner pid=3129648)[0m                                                                                'cuda-graph-trace': 'graph',
[36m(TaskRunner pid=3129648)[0m                                                                                'cuda-memory-usage': 'true',
[36m(TaskRunner pid=3129648)[0m                                                                                'kill': 'none',
[36m(TaskRunner pid=3129648)[0m                                                                                'trace': 'cuda,nvtx,cublas,ucx'}},
[36m(TaskRunner pid=3129648)[0m                                             'precision_debugger': {'_target_': 'verl.utils.profiler.config.PrecisionDebuggerToolConfig',
[36m(TaskRunner pid=3129648)[0m                                                                    'config_path': None,
[36m(TaskRunner pid=3129648)[0m                                                                    'stages': None,
[36m(TaskRunner pid=3129648)[0m                                                                    'steps': None,
[36m(TaskRunner pid=3129648)[0m                                                                    'strict': False},
[36m(TaskRunner pid=3129648)[0m                                             'torch_memory': {'context': 'all',
[36m(TaskRunner pid=3129648)[0m                                                              'kw_args': {},
[36m(TaskRunner pid=3129648)[0m                                                              'stack_depth': 32,
[36m(TaskRunner pid=3129648)[0m                                                              'stacks': 'all',
[36m(TaskRunner pid=3129648)[0m                                                              'trace_alloc_max_entries': 100000}},
[36m(TaskRunner pid=3129648)[0m                      'profile_continuous_steps': False,
[36m(TaskRunner pid=3129648)[0m                      'save_path': 'outputs/profile',
[36m(TaskRunner pid=3129648)[0m                      'steps': None,
[36m(TaskRunner pid=3129648)[0m                      'tool': None},
[36m(TaskRunner pid=3129648)[0m  'model_engine': 'dp',
[36m(TaskRunner pid=3129648)[0m  'ray_kwargs': {'ray_init': {'num_cpus': None}, 'timeline_json_file': None},
[36m(TaskRunner pid=3129648)[0m  'reward': {'_target_': 'verl.workers.config.RewardConfig',
[36m(TaskRunner pid=3129648)[0m             'custom_reward_function': {'name': 'compute_score_qa',
[36m(TaskRunner pid=3129648)[0m                                        'path': '/home/yw4636/agentic-tvg/agentic_tvg/reward.py'},
[36m(TaskRunner pid=3129648)[0m             'num_workers': 8,
[36m(TaskRunner pid=3129648)[0m             'reward_manager': {'_target_': 'verl.workers.config.reward.RewardManagerConfig',
[36m(TaskRunner pid=3129648)[0m                                'module': {'_target_': 'verl.trainer.config.config.ModuleConfig',
[36m(TaskRunner pid=3129648)[0m                                           'name': 'custom_reward_manager',
[36m(TaskRunner pid=3129648)[0m                                           'path': None},
[36m(TaskRunner pid=3129648)[0m                                'name': 'naive',
[36m(TaskRunner pid=3129648)[0m                                'source': 'register'},
[36m(TaskRunner pid=3129648)[0m             'reward_model': {'_target_': 'verl.workers.config.RewardModelConfig',
[36m(TaskRunner pid=3129648)[0m                              'enable': False,
[36m(TaskRunner pid=3129648)[0m                              'enable_resource_pool': False,
[36m(TaskRunner pid=3129648)[0m                              'model_path': None,
[36m(TaskRunner pid=3129648)[0m                              'n_gpus_per_node': 8,
[36m(TaskRunner pid=3129648)[0m                              'nnodes': 0,
[36m(TaskRunner pid=3129648)[0m                              'rollout': {'_target_': 'verl.workers.config.RolloutConfig',
[36m(TaskRunner pid=3129648)[0m                                          'cudagraph_capture_sizes': None,
[36m(TaskRunner pid=3129648)[0m                                          'data_parallel_size': 1,
[36m(TaskRunner pid=3129648)[0m                                          'disable_log_stats': True,
[36m(TaskRunner pid=3129648)[0m                                          'disaggregation': {'bootstrap_port': None,
[36m(TaskRunner pid=3129648)[0m                                                             'decode_replicas': 1,
[36m(TaskRunner pid=3129648)[0m                                                             'decode_tensor_model_parallel_size': None,
[36m(TaskRunner pid=3129648)[0m                                                             'enabled': False,
[36m(TaskRunner pid=3129648)[0m                                                             'ib_device': None,
[36m(TaskRunner pid=3129648)[0m                                                             'prefill_replicas': 1,
[36m(TaskRunner pid=3129648)[0m                                                             'transfer_backend': 'nixl'},
[36m(TaskRunner pid=3129648)[0m                                          'do_sample': True,
[36m(TaskRunner pid=3129648)[0m                                          'dtype': 'bfloat16',
[36m(TaskRunner pid=3129648)[0m                                          'enable_chunked_prefill': True,
[36m(TaskRunner pid=3129648)[0m                                          'enable_prefix_caching': True,
[36m(TaskRunner pid=3129648)[0m                                          'enforce_eager': True,
[36m(TaskRunner pid=3129648)[0m                                          'engine_kwargs': {},
[36m(TaskRunner pid=3129648)[0m                                          'expert_parallel_size': 1,
[36m(TaskRunner pid=3129648)[0m                                          'free_cache_engine': True,
[36m(TaskRunner pid=3129648)[0m                                          'full_determinism': False,
[36m(TaskRunner pid=3129648)[0m                                          'gpu_memory_utilization': 0.5,
[36m(TaskRunner pid=3129648)[0m                                          'ignore_eos': False,
[36m(TaskRunner pid=3129648)[0m                                          'layered_summon': False,
[36m(TaskRunner pid=3129648)[0m                                          'limit_images': None,
[36m(TaskRunner pid=3129648)[0m                                          'load_format': 'auto',
[36m(TaskRunner pid=3129648)[0m                                          'max_model_len': None,
[36m(TaskRunner pid=3129648)[0m                                          'max_num_batched_tokens': 8192,
[36m(TaskRunner pid=3129648)[0m                                          'max_num_seqs': 1024,
[36m(TaskRunner pid=3129648)[0m                                          'mtp': None,
[36m(TaskRunner pid=3129648)[0m                                          'multi_stage_wake_up': False,
[36m(TaskRunner pid=3129648)[0m                                          'n': 1,
[36m(TaskRunner pid=3129648)[0m                                          'name': '???',
[36m(TaskRunner pid=3129648)[0m                                          'pipeline_model_parallel_size': 1,
[36m(TaskRunner pid=3129648)[0m                                          'prompt_length': 2048,
[36m(TaskRunner pid=3129648)[0m                                          'quantization': None,
[36m(TaskRunner pid=3129648)[0m                                          'quantization_config_file': None,
[36m(TaskRunner pid=3129648)[0m                                          'response_length': 2048,
[36m(TaskRunner pid=3129648)[0m                                          'scheduling_policy': 'fcfs',
[36m(TaskRunner pid=3129648)[0m                                          'seed': 42,
[36m(TaskRunner pid=3129648)[0m                                          'skip_tokenizer_init': False,
[36m(TaskRunner pid=3129648)[0m                                          'temperature': 1.0,
[36m(TaskRunner pid=3129648)[0m                                          'tensor_model_parallel_size': 2,
[36m(TaskRunner pid=3129648)[0m                                          'top_k': -1,
[36m(TaskRunner pid=3129648)[0m                                          'top_p': 1}},
[36m(TaskRunner pid=3129648)[0m             'sandbox_fusion': {'_target_': 'verl.workers.config.SandboxFusionConfig',
[36m(TaskRunner pid=3129648)[0m                                'max_concurrent': 64,
[36m(TaskRunner pid=3129648)[0m                                'memory_limit_mb': 1024,
[36m(TaskRunner pid=3129648)[0m                                'url': None}},
[36m(TaskRunner pid=3129648)[0m  'reward_model': {'enable': None,
[36m(TaskRunner pid=3129648)[0m                   'enable_resource_pool': None,
[36m(TaskRunner pid=3129648)[0m                   'model': {'external_lib': None,
[36m(TaskRunner pid=3129648)[0m                             'path': None,
[36m(TaskRunner pid=3129648)[0m                             'trust_remote_code': None},
[36m(TaskRunner pid=3129648)[0m                   'n_gpus_per_node': None,
[36m(TaskRunner pid=3129648)[0m                   'nnodes': None,
[36m(TaskRunner pid=3129648)[0m                   'num_workers': None,
[36m(TaskRunner pid=3129648)[0m                   'reward_loop_class_name': None,
[36m(TaskRunner pid=3129648)[0m                   'reward_loop_module_path': None,
[36m(TaskRunner pid=3129648)[0m                   'reward_loop_source': None,
[36m(TaskRunner pid=3129648)[0m                   'reward_manager': None,
[36m(TaskRunner pid=3129648)[0m                   'rollout': {'cudagraph_capture_sizes': None,
[36m(TaskRunner pid=3129648)[0m                               'data_parallel_size': None,
[36m(TaskRunner pid=3129648)[0m                               'disable_log_stats': None,
[36m(TaskRunner pid=3129648)[0m                               'dtype': None,
[36m(TaskRunner pid=3129648)[0m                               'enable_chunked_prefill': None,
[36m(TaskRunner pid=3129648)[0m                               'enable_prefix_caching': None,
[36m(TaskRunner pid=3129648)[0m                               'enforce_eager': None,
[36m(TaskRunner pid=3129648)[0m                               'engine_kwargs': None,[36m(TaskRunner pid=3129648)[0m /home/yw4636/.conda/envs/verl/lib/python3.12/site-packages/verl/trainer/main_ppo_v0.py:182: UserWarning: Disabled critic as algorithm.adv_estimator != gae. If it is not intended, please set critic.enable=True
[36m(TaskRunner pid=3129648)[0m   use_critic=need_critic(config),

[36m(TaskRunner pid=3129648)[0m                               'expert_parallel_size': None,
[36m(TaskRunner pid=3129648)[0m                               'free_cache_engine': None,
[36m(TaskRunner pid=3129648)[0m                               'gpu_memory_utilization': None,
[36m(TaskRunner pid=3129648)[0m                               'limit_images': None,
[36m(TaskRunner pid=3129648)[0m                               'load_format': None,
[36m(TaskRunner pid=3129648)[0m                               'max_model_len': None,
[36m(TaskRunner pid=3129648)[0m                               'max_num_batched_tokens': None,
[36m(TaskRunner pid=3129648)[0m                               'max_num_seqs': None,
[36m(TaskRunner pid=3129648)[0m                               'name': None,
[36m(TaskRunner pid=3129648)[0m                               'prompt_length': None,
[36m(TaskRunner pid=3129648)[0m                               'response_length': None,
[36m(TaskRunner pid=3129648)[0m                               'skip_tokenizer_init': None,
[36m(TaskRunner pid=3129648)[0m                               'tensor_model_parallel_size': None}},
[36m(TaskRunner pid=3129648)[0m  'sandbox_fusion': {'max_concurrent': None,
[36m(TaskRunner pid=3129648)[0m                     'memory_limit_mb': None,
[36m(TaskRunner pid=3129648)[0m                     'url': None},
[36m(TaskRunner pid=3129648)[0m  'skip': {'_target_': 'verl.utils.skip.SkipManagerConfig',
[36m(TaskRunner pid=3129648)[0m           'async_rollout': {'action': 'cache',
[36m(TaskRunner pid=3129648)[0m                             'dump_dir': '~/.verl/rollout_dump',
[36m(TaskRunner pid=3129648)[0m                             'enable': False,
[36m(TaskRunner pid=3129648)[0m                             'steps': []},
[36m(TaskRunner pid=3129648)[0m           'rollout': {'action': 'cache',
[36m(TaskRunner pid=3129648)[0m                       'dump_dir': '~/.verl/rollout_dump',
[36m(TaskRunner pid=3129648)[0m                       'enable': False,
[36m(TaskRunner pid=3129648)[0m                       'steps': []},
[36m(TaskRunner pid=3129648)[0m           'rollout_tq': {'action': 'cache',
[36m(TaskRunner pid=3129648)[0m                          'dump_dir': '~/.verl/rollout_dump',
[36m(TaskRunner pid=3129648)[0m                          'enable': False,
[36m(TaskRunner pid=3129648)[0m                          'steps': []}},
[36m(TaskRunner pid=3129648)[0m  'trainer': {'balance_batch': True,
[36m(TaskRunner pid=3129648)[0m              'critic_warmup': 0,
[36m(TaskRunner pid=3129648)[0m              'default_hdfs_dir': None,
[36m(TaskRunner pid=3129648)[0m              'default_local_dir': '/home/yw4636/agentic-tvg/results/grpo-vanilla/ckpt',
[36m(TaskRunner pid=3129648)[0m              'del_local_ckpt_after_load': False,
[36m(TaskRunner pid=3129648)[0m              'device': 'cuda',
[36m(TaskRunner pid=3129648)[0m              'esi_redundant_time': 0,
[36m(TaskRunner pid=3129648)[0m              'experiment_name': 'grpo_vanilla',
[36m(TaskRunner pid=3129648)[0m              'log_val_generations': 0,
[36m(TaskRunner pid=3129648)[0m              'logger': ['console', 'tensorboard'],
[36m(TaskRunner pid=3129648)[0m              'max_actor_ckpt_to_keep': 1,
[36m(TaskRunner pid=3129648)[0m              'max_critic_ckpt_to_keep': None,
[36m(TaskRunner pid=3129648)[0m              'n_gpus_per_node': 1,
[36m(TaskRunner pid=3129648)[0m              'nnodes': 1,
[36m(TaskRunner pid=3129648)[0m              'project_name': 'agentic-tvg',
[36m(TaskRunner pid=3129648)[0m              'ray_wait_register_center_timeout': 300,
[36m(TaskRunner pid=3129648)[0m              'resume_from_path': None,
[36m(TaskRunner pid=3129648)[0m              'resume_mode': 'auto',
[36m(TaskRunner pid=3129648)[0m              'rollout_data_dir': '/home/yw4636/agentic-tvg/results/grpo-vanilla/rollouts',
[36m(TaskRunner pid=3129648)[0m              'save_freq': 20,
[36m(TaskRunner pid=3129648)[0m              'test_freq': 20,
[36m(TaskRunner pid=3129648)[0m              'total_epochs': 100,
[36m(TaskRunner pid=3129648)[0m              'total_training_steps': 267,
[36m(TaskRunner pid=3129648)[0m              'use_v1': False,
[36m(TaskRunner pid=3129648)[0m              'v1': {'colocate_async': {'num_warmup_batches': 1},
[36m(TaskRunner pid=3129648)[0m                     'sampler': {'custom_sampler': {'name': None, 'path': None},
[36m(TaskRunner pid=3129648)[0m                                 'max_off_policy_strategy': 'drop',
[36m(TaskRunner pid=3129648)[0m                                 'max_off_policy_threshold': 8,
[36m(TaskRunner pid=3129648)[0m                                 'sampler_kwargs': {},
[36m(TaskRunner pid=3129648)[0m                                 'sync_refill_failed_groups': False},
[36m(TaskRunner pid=3129648)[0m                     'separate_async': {'num_warmup_batches': 1,
[36m(TaskRunner pid=3129648)[0m                                        'parameter_sync_step': 4},
[36m(TaskRunner pid=3129648)[0m                     'sync': {},
[36m(TaskRunner pid=3129648)[0m                     'trainer_mode': 'sync'},
[36m(TaskRunner pid=3129648)[0m              'val_before_train': False,
[36m(TaskRunner pid=3129648)[0m              'val_only': False,
[36m(TaskRunner pid=3129648)[0m              'validation_data_dir': '/home/yw4636/agentic-tvg/results/grpo-vanilla/val_rollouts'},
[36m(TaskRunner pid=3129648)[0m  'transfer_queue': {'backend': {'MooncakeStore': {'auto_init': False,
[36m(TaskRunner pid=3129648)[0m                                                   'device_name': '',
[36m(TaskRunner pid=3129648)[0m                                                   'global_segment_size': 4294967296,
[36m(TaskRunner pid=3129648)[0m                                                   'local_buffer_size': 1073741824,
[36m(TaskRunner pid=3129648)[0m                                                   'local_hostname': 'localhost',
[36m(TaskRunner pid=3129648)[0m                                                   'master_server_address': 'localhost:50124',
[36m(TaskRunner pid=3129648)[0m                                                   'metadata_server': 'localhost:50123',
[36m(TaskRunner pid=3129648)[0m                                                   'protocol': 'tcp'},
[36m(TaskRunner pid=3129648)[0m                                 'SimpleStorage': {'num_data_storage_units': 8,
[36m(TaskRunner pid=3129648)[0m                                                   'total_storage_size': 100000},
[36m(TaskRunner pid=3129648)[0m                                 'storage_backend': 'SimpleStorage'},
[36m(TaskRunner pid=3129648)[0m                     'enable': False,
[36m(TaskRunner pid=3129648)[0m                     'metrics': {'enabled': False, 'port': 0}}}
[36m(TaskRunner pid=3129648)[0m WARNING: val_batch_size is deprecated. Validation datasets are sent to inference engines as a whole batch, which will schedule the memory themselves.
[36m(TaskRunner pid=3129648)[0m [validate_config] All configuration checks passed successfully!
[36m(TaskRunner pid=3129648)[0m Using dataset class: RLHFDataset
[36m(TaskRunner pid=3129648)[0m {
[36m(TaskRunner pid=3129648)[0m   "type": "function",
[36m(TaskRunner pid=3129648)[0m   "function": {
[36m(TaskRunner pid=3129648)[0m     "name": "crop_video",
[36m(TaskRunner pid=3129648)[0m     "description": "Inspect a time interval of the current video closely: returns 30 higher-resolution frames sampled evenly from [start_time, end_time], each labeled with its timestamp in seconds.",
[36m(TaskRunner pid=3129648)[0m     "parameters": {
[36m(TaskRunner pid=3129648)[0m       "type": "object",
[36m(TaskRunner pid=3129648)[0m       "properties": {
[36m(TaskRunner pid=3129648)[0m         "start_time": {
[36m(TaskRunner pid=3129648)[0m           "type": "number",
[36m(TaskRunner pid=3129648)[0m           "description": "Interval start in seconds, >= 0."
[36m(TaskRunner pid=3129648)[0m         },
[36m(TaskRunner pid=3129648)[0m         "end_time": {[36m(TaskRunner pid=3129648)[0m /home/yw4636/.conda/envs/verl/lib/python3.12/site-packages/verl/trainer/main_ppo_v0.py:218: FutureWarning: Warning: Class 'verl.trainer.ppo.ray_trainer.RayPPOTrainer' is deprecated. Please use 'Legacy trainer is deprecated, and wil be removed in v0.9.0. Please use `trainer.use_v1=True` instead.' instead.
[36m(TaskRunner pid=3129648)[0m   trainer = RayPPOTrainer(
[36m(TaskRunner pid=3129648)[0m /home/yw4636/.conda/envs/verl/lib/python3.12/site-packages/verl/trainer/ppo/ray_trainer.py:348: UserWarning: Disabled critic as algorithm.adv_estimator != gae. If it is not intended, please set critic.enable=True
[36m(TaskRunner pid=3129648)[0m   self.use_critic = need_critic(self.config)
[36m(WorkerDict pid=3130106)[0m /home/yw4636/.conda/envs/verl/lib/python3.12/site-packages/verl/workers/engine/__init__.py:31: UserWarning: torchtitan engine is not available: ModuleNotFoundError("No module named 'torchtitan'")
[36m(WorkerDict pid=3130106)[0m   warnings.warn(f"torchtitan engine is not available: {e!r}", stacklevel=1)
[36m(WorkerDict pid=3130106)[0m /home/yw4636/.conda/envs/verl/lib/python3.12/site-packages/verl/workers/engine/__init__.py:40: UserWarning: veomni engine is not available: ModuleNotFoundError("No module named 'veomni'")
[36m(WorkerDict pid=3130106)[0m   warnings.warn(f"veomni engine is not available: {e!r}", stacklevel=1)
[36m(WorkerDict pid=3130106)[0m /home/yw4636/.conda/envs/verl/lib/python3.12/site-packages/verl/workers/engine/__init__.py:49: UserWarning: automodel engine is not available: ModuleNotFoundError("No module named 'nemo_automodel'")
[36m(WorkerDict pid=3130106)[0m   warnings.warn(f"automodel engine is not available: {e!r}", stacklevel=1)
[36m(WorkerDict pid=3130106)[0m /home/yw4636/.conda/envs/verl/lib/python3.12/site-packages/verl/workers/engine/mindspeed/transformer_impl.py:24: UserWarning: NPU not support router replay for now.
[36m(WorkerDict pid=3130106)[0m   from verl.utils.megatron.router_replay_patch import RouterReplay
[36m(WorkerDict pid=3130106)[0m /home/yw4636/.conda/envs/verl/lib/python3.12/site-packages/verl/workers/engine/__init__.py:59: UserWarning: mindspeed engine is not available: ModuleNotFoundError("No module named 'megatron'")
[36m(WorkerDict pid=3130106)[0m   warnings.warn(f"mindspeed engine is not available: {e!r}", stacklevel=1)
[36m(WorkerDict pid=3130106)[0m /home/yw4636/.conda/envs/verl/lib/python3.12/site-packages/verl/workers/engine/__init__.py:69: UserWarning: megatron engine is not available: ModuleNotFoundError("No module named 'megatron'")
[36m(WorkerDict pid=3130106)[0m   warnings.warn(f"megatron engine is not available: {e!r}", stacklevel=1)
[36m(WorkerDict pid=3130106)[0m [transformers] Flash Attention 2 only supports torch.float16 and torch.bfloat16 dtypes, but the current dype in Qwen3VLForConditionalGeneration is torch.float32. You should run training or inference using Automatic Mixed-Precision via the `with torch.autocast(device_type='torch_device'):` decorator, or load the model with the `dtype` argument. Example: `model = AutoModel.from_pretrained("meta-llama/Llama-3.2-1B", attn_implementation="flash_attention_2", dtype=torch.float16)`
[36m(WorkerDict pid=3130106)[0m [transformers] Flash Attention 2 only supports torch.float16 and torch.bfloat16 dtypes, but the current dype in Qwen3VLModel is torch.float32. You should run training or inference using Automatic Mixed-Precision via the `with torch.autocast(device_type='torch_device'):` decorator, or load the model with the `dtype` argument. Example: `model = AutoModel.from_pretrained("meta-llama/Llama-3.2-1B", attn_implementation="flash_attention_2", dtype=torch.float16)`
[36m(WorkerDict pid=3130106)[0m [transformers] Flash Attention 2 only supports torch.float16 and torch.bfloat16 dtypes, but the current dype in Qwen3VLVisionModel is torch.float32. You should run training or inference using Automatic Mixed-Precision via the `with torch.autocast(device_type='torch_device'):` decorator, or load the model with the `dtype` argument. Example: `model = AutoModel.from_pretrained("meta-llama/Llama-3.2-1B", attn_implementation="flash_attention_2", dtype=torch.float16)`
[36m(WorkerDict pid=3130106)[0m [transformers] Flash Attention 2 only supports torch.float16 and torch.bfloat16 dtypes, but the current dype in Qwen3VLTextModel is torch.float32. You should run training or inference using Automatic Mixed-Precision via the `with torch.autocast(device_type='torch_device'):` decorator, or load the model with the `dtype` argument. Example: `model = AutoModel.from_pretrained("meta-llama/Llama-3.2-1B", attn_implementation="flash_attention_2", dtype=torch.float16)`
[36m(WorkerDict pid=3130106)[0m Loading weights:   0%|          | 0/713 [00:00<?, ?it/s]
[36m(WorkerDict pid=3130106)[0m Loading weights:   0%|          | 1/713 [00:00<06:26,  1.84it/s]
[36m(WorkerDict pid=3130106)[0m Loading weights:  19%|█▉        | 135/713 [00:00<00:02, 271.08it/s]
[36m(WorkerDict pid=3130106)[0m Loading weights:  28%|██▊       | 203/713 [00:00<00:01, 272.55it/s]
[36m(WorkerDict pid=3130106)[0m Loading weights:  35%|███▌      | 253/713 [00:01<00:01, 282.77it/s]
[36m(WorkerDict pid=3130106)[0m Loading weights:  42%|████▏     | 296/713 [00:01<00:01, 279.31it/s]
[36m(WorkerDict pid=3130106)[0m Loading weights:  47%|████▋     | 333/713 [00:01<00:01, 266.67it/s]
[36m(WorkerDict pid=3130106)[0m Loading weights:  51%|█████▏    | 366/713 [00:01<00:01, 269.17it/s]
[36m(WorkerDict pid=3130106)[0m Loading weights:  60%|██████    | 428/713 [00:01<00:00, 345.96it/s]
[36m(WorkerDict pid=3130106)[0m Loading weights:  90%|█████████ | 644/713 [00:01<00:00, 778.11it/s]Loading weights: 100%|██████████| 713/713 [00:01<00:00, 402.01it/s]
[36m(WorkerDict pid=3130106)[0m WARNING:2026-08-28 05:52:06,938:Setting the sleep level to 1 may cause a memory overflow.
[36m(vLLMHttpServer pid=3130435)[0m [transformers] The `use_fast` parameter is deprecated and will be removed in a future version. Use `backend="torchvision"` instead of `use_fast=True`, or `backend="pil"` instead of `use_fast=False`.
[36m(vLLMHttpServer pid=3130435)[0m (Worker pid=3131268) [transformers] The `use_fast` parameter is deprecated and will be removed in a future version. Use `backend="torchvision"` instead of `use_fast=True`, or `backend="pil"` instead of `use_fast=False`.
[36m(vLLMHttpServer pid=3130435)[0m (Worker pid=3131268) Loading safetensors checkpoint shards:   0% Completed | 0/1 [00:00<?, ?it/s]
[36m(vLLMHttpServer pid=3130435)[0m (Worker pid=3131268) Loading safetensors checkpoint shards: 100% Completed | 1/1 [00:01<00:00,  1.32s/it]
[36m(vLLMHttpServer pid=3130435)[0m (Worker pid=3131268) Loading safetensors checkpoint shards: 100% Completed | 1/1 [00:01<00:00,  1.32s/it]
[36m(vLLMHttpServer pid=3130435)[0m (Worker pid=3131268) 

[36m(TaskRunner pid=3129648)[0m           "type": "number",
[36m(TaskRunner pid=3129648)[0m           "description": "Interval end in seconds, > start_time, <= video duration."
[36m(TaskRunner pid=3129648)[0m         }
[36m(TaskRunner pid=3129648)[0m       },
[36m(TaskRunner pid=3129648)[0m       "required": [
[36m(TaskRunner pid=3129648)[0m         "start_time",
[36m(TaskRunner pid=3129648)[0m         "end_time"
[36m(TaskRunner pid=3129648)[0m       ]
[36m(TaskRunner pid=3129648)[0m     }
[36m(TaskRunner pid=3129648)[0m   }
[36m(TaskRunner pid=3129648)[0m }
[36m(TaskRunner pid=3129648)[0m dataset len: 1068
[36m(TaskRunner pid=3129648)[0m Using dataset class: RLHFDataset
[36m(TaskRunner pid=3129648)[0m {
[36m(TaskRunner pid=3129648)[0m   "type": "function",
[36m(TaskRunner pid=3129648)[0m   "function": {
[36m(TaskRunner pid=3129648)[0m     "name": "crop_video",
[36m(TaskRunner pid=3129648)[0m     "description": "Inspect a time interval of the current video closely: returns 30 higher-resolution frames sampled evenly from [start_time, end_time], each labeled with its timestamp in seconds.",
[36m(TaskRunner pid=3129648)[0m     "parameters": {
[36m(TaskRunner pid=3129648)[0m       "type": "object",
[36m(TaskRunner pid=3129648)[0m       "properties": {
[36m(TaskRunner pid=3129648)[0m         "start_time": {
[36m(TaskRunner pid=3129648)[0m           "type": "number",
[36m(TaskRunner pid=3129648)[0m           "description": "Interval start in seconds, >= 0."
[36m(TaskRunner pid=3129648)[0m         },
[36m(TaskRunner pid=3129648)[0m         "end_time": {
[36m(TaskRunner pid=3129648)[0m           "type": "number",
[36m(TaskRunner pid=3129648)[0m           "description": "Interval end in seconds, > start_time, <= video duration."
[36m(TaskRunner pid=3129648)[0m         }
[36m(TaskRunner pid=3129648)[0m       },
[36m(TaskRunner pid=3129648)[0m       "required": [
[36m(TaskRunner pid=3129648)[0m         "start_time",
[36m(TaskRunner pid=3129648)[0m         "end_time"
[36m(TaskRunner pid=3129648)[0m       ]
[36m(TaskRunner pid=3129648)[0m     }
[36m(TaskRunner pid=3129648)[0m   }
[36m(TaskRunner pid=3129648)[0m }
[36m(TaskRunner pid=3129648)[0m dataset len: 114
[36m(TaskRunner pid=3129648)[0m Size of train dataloader: 133, Size of val dataloader: 57
[36m(TaskRunner pid=3129648)[0m Total training steps: 267
[36m(TaskRunner pid=3129648)[0m colocated worker base class <class 'verl.single_controller.base.worker.Worker'>
[36m(WorkerDict pid=3130106)[0m Warning: Failed to set NUMA affinity: libnuma.so: cannot open shared object file: No such file or directory
[36m(WorkerDict pid=3130106)[0m Monkey patch Qwen3VLForConditionalGeneration model forward
[36m(WorkerDict pid=3130106)[0m Monkey patch _flash_attention_forward in transformers.integrations.flash_attention
[36m(WorkerDict pid=3130106)[0m Skipping monkey patch for Qwen3VLForConditionalGeneration as use_fused_kernels is False or fused_kernels_backend is torch
[36m(WorkerDict pid=3130106)[0m PeftModelForCausalLM contains 4.47B parameters
[36m(WorkerDict pid=3130106)[0m Before FSDP, memory allocated (GB): 0.00, memory reserved (GB): 0.00, device memory used/total (GB): 0.41/79.27
[36m(WorkerDict pid=3130106)[0m After FSDP, memory allocated (GB): 16.76, memory reserved (GB): 18.74, device memory used/total (GB): 19.67/79.27
[36m(WorkerDict pid=3130106)[0m Total steps: 267, num_warmup_steps: 0
[36m(vLLMHttpServer pid=3130435)[0m ['serve',
[36m(vLLMHttpServer pid=3130435)[0m  '/home/yw4636/agentic-tvg/results/sft-mix/merged',
[36m(vLLMHttpServer pid=3130435)[0m  '--dtype',
[36m(vLLMHttpServer pid=3130435)[0m  'bfloat16',
[36m(vLLMHttpServer pid=3130435)[0m  '--load_format',
[36m(vLLMHttpServer pid=3130435)[0m  'safetensors',
[36m(vLLMHttpServer pid=3130435)[0m  '--distributed_executor_backend',
[36m(vLLMHttpServer pid=3130435)[0m  'mp',
[36m(vLLMHttpServer pid=3130435)[0m  '--worker_extension_cls',
[36m(vLLMHttpServer pid=3130435)[0m  'verl.workers.rollout.vllm_rollout.utils.vLLMColocateWorkerExtension',
[36m(vLLMHttpServer pid=3130435)[0m  '--max_model_len',
[36m(vLLMHttpServer pid=3130435)[0m  '20992',
[36m(vLLMHttpServer pid=3130435)[0m  '--max_num_seqs',
[36m(vLLMHttpServer pid=3130435)[0m  '256',
[36m(vLLMHttpServer pid=3130435)[0m  '--enable_chunked_prefill',
[36m(vLLMHttpServer pid=3130435)[0m  '--max_num_batched_tokens',
[36m(vLLMHttpServer pid=3130435)[0m  '24576',
[36m(vLLMHttpServer pid=3130435)[0m  '--enable_prefix_caching',
[36m(vLLMHttpServer pid=3130435)[0m  '--enable_sleep_mode',
[36m(vLLMHttpServer pid=3130435)[0m  '--logprobs_mode',
[36m(vLLMHttpServer pid=3130435)[0m  'processed_logprobs',
[36m(vLLMHttpServer pid=3130435)[0m  '--gpu_memory_utilization',
[36m(vLLMHttpServer pid=3130435)[0m  '0.65',
[36m(vLLMHttpServer pid=3130435)[0m  '--disable_log_stats',
[36m(vLLMHttpServer pid=3130435)[0m  '--tensor_parallel_size',
[36m(vLLMHttpServer pid=3130435)[0m  '1',
[36m(vLLMHttpServer pid=3130435)[0m  '--seed',
[36m(vLLMHttpServer pid=3130435)[0m  '42',
[36m(vLLMHttpServer pid=3130435)[0m  '--override_generation_config',
[36m(vLLMHttpServer pid=3130435)[0m  '{"temperature": 1.0, "top_k": -1, "top_p": 1, "repetition_penalty": 1.0, '
[36m(vLLMHttpServer pid=3130435)[0m  '"max_new_tokens": 16384}',
[36m(vLLMHttpServer pid=3130435)[0m  '--hf_overrides',
[36m(vLLMHttpServer pid=3130435)[0m  '{}',
[36m(vLLMHttpServer pid=3130435)[0m  '--scheduling_policy',
[36m(vLLMHttpServer pid=3130435)[0m  'fcfs',
[36m(vLLMHttpServer pid=3130435)[0m  '--compilation_config',
[36m(vLLMHttpServer pid=3130435)[0m  '{"cudagraph_mode": "FULL_AND_PIECEWISE"}',
[36m(vLLMHttpServer pid=3130435)[0m  '--mm_processor_kwargs',
[36m(vLLMHttpServer pid=3130435)[0m  '{"max_pixels": 150528}',
[36m(vLLMHttpServer pid=3130435)[0m  '--limit_mm_per_prompt',
[36m(vLLMHttpServer pid=3130435)[0m  '{"image": 112}',
[36m(vLLMHttpServer pid=3130435)[0m  '--enable_lora',
[36m(vLLMHttpServer pid=3130435)[0m  '--max_loras',
[36m(vLLMHttpServer pid=3130435)[0m  '1',
[36m(vLLMHttpServer pid=3130435)[0m  '--max_lora_rank',
[36m(vLLMHttpServer pid=3130435)[0m  '16']
[36m(vLLMHttpServer pid=3130435)[0m WARNING 08-28 05:52:23 [system_utils.py:157] We must use the `spawn` multiprocessing start method. Overriding VLLM_WORKER_MULTIPROC_METHOD to 'spawn'. See https://docs.vllm.ai/en/latest/usage/troubleshooting.html#python-multiprocessing for more information. Reasons: In a Ray actor and can only be spawned; CUDA is initialized
[36m(vLLMHttpServer pid=3130435)[0m (Worker pid=3131268) WARNING 08-28 05:52:44 [model_manager.py:401] Regarding Qwen3VLForConditionalGeneration, no matching PunicaWrapper is found; visual.patch_embed.proj will be ignored.
[36m(vLLMHttpServer pid=3130435)[0m (Worker pid=3131268) WARNING 08-28 05:52:44 [model_manager.py:401] Regarding Qwen3VLForConditionalGeneration, no matching PunicaWrapper is found; visual.merger.linear_fc1 will be ignored.
[36m(vLLMHttpServer pid=3130435)[0m (Worker pid=3131268) WARNING 08-28 05:52:44 [model_manager.py:401] Regarding Qwen3VLForConditionalGeneration, no matching PunicaWrapper is found; visual.merger.linear_fc2 will be ignored.
[36m(vLLMHttpServer pid=3130435)[0m (Worker pid=3131268) WARNING 08-28 05:52:44 [model_manager.py:401] Regarding Qwen3VLForConditionalGeneration, no matching PunicaWrapper is found; visual.deepstack_merger_list.0.linear_fc1 will be ignored.
[36m(vLLMHttpServer pid=3130435)[0m (Worker pid=3131268) WARNING 08-28 05:52:44 [model_manager.py:401] Regarding Qwen3VLForConditionalGeneration, no matching PunicaWrapper is found; visual.deepstack_merger_list.0.linear_fc2 will be ignored.
[36m(vLLMHttpServer pid=3130435)[0m (Worker pid=3131268) WARNING 08-28 05:52:44 [model_manager.py:401] Regarding Qwen3VLForConditionalGeneration, no matching PunicaWrapper is found; visual.deepstack_merger_list.1.linear_fc1 will be ignored.
[36m(vLLMHttpServer pid=3130435)[0m (Worker pid=3131268) WARNING 08-28 05:52:44 [model_manager.py:401] Regarding Qwen3VLForConditionalGeneration, no matching PunicaWrapper is found; visual.deepstack_merger_list.1.linear_fc2 will be ignored.
[36m(vLLMHttpServer pid=3130435)[0m (Worker pid=3131268) WARNING 08-28 05:52:44 [model_manager.py:401] Regarding Qwen3VLForConditionalGeneration, no matching PunicaWrapper is found; visual.deepstack_merger_list.2.linear_fc1 will be ignored.
[36m(vLLMHttpServer pid=3130435)[0m (Worker pid=3131268) WARNING 08-28 05:52:44 [model_manager.py:401] Regarding Qwen3VLForConditionalGeneration, no matching PunicaWrapper is found; visual.deepstack_merger_list.2.linear_fc2 will be ignored.
[36m(vLLMHttpServer pid=3130435)[0m (Worker pid=3131268) WARNING 08-28 05:52:44 [model_manager.py:401] Regarding Qwen3VLForConditionalGeneration, no matching PunicaWrapper is found; visual.blocks.0.attn.qkv will be ignored.
[36m(vLLMHttpServer pid=3130435)[0m (Worker pid=3131268) WARNING 08-28 05:52:44 [model_manager.py:401] Regarding Qwen3VLForConditionalGeneration, no matching PunicaWrapper is found; visual.blocks.0.attn.proj will be ignored.
[36m(vLLMHttpServer pid=3130435)[0m (Worker pid=3131268) WARNING 08-28 05:52:44 [model_manager.py:401] Regarding Qwen3VLForConditionalGeneration, no matching PunicaWrapper is found; visual.blocks.0.mlp.linear_fc1 will be ignored.
[36m(vLLMHttpServer pid=3130435)[0m (Worker pid=3131268) WARNING 08-28 05:52:44 [model_manager.py:401] Regarding Qwen3VLForConditionalGeneration, no matching PunicaWrapper is found; visual.blocks.0.mlp.linear_fc2 will be ignored.
[36m(vLLMHttpServer pid=3130435)[0m (Worker pid=3131268) WARNING 08-28 05:52:44 [model_manager.py:401] Regarding Qwen3VLForConditionalGeneration, no matching PunicaWrapper is found; visual.blocks.1.attn.qkv will be ignored.
[36m(vLLMHttpServer pid=3130435)[0m (Worker pid=3131268) WARNING 08-28 05:52:44 [model_manager.py:401] Regarding Qwen3VLForConditionalGeneration, no matching PunicaWrapper is found; visual.blocks.1.attn.proj will be ignored.
[36m(vLLMHttpServer pid=3130435)[0m (Worker pid=3131268) WARNING 08-28 05:52:44 [model_manager.py:401] Regarding Qwen3VLForConditionalGeneration, no matching PunicaWrapper is found; visual.blocks.1.mlp.linear_fc1 will be ignored.
[36m(vLLMHttpServer pid=3130435)[0m (Worker pid=3131268) WARNING 08-28 05:52:44 [model_manager.py:401] Regarding Qwen3VLForConditionalGeneration, no matching PunicaWrapper is found; visual.blocks.1.mlp.linear_fc2 will be ignored.
[36m(vLLMHttpServer pid=3130435)[0m (Worker pid=3131268) WARNING 08-28 05:52:44 [model_manager.py:401] Regarding Qwen3VLForConditionalGeneration, no matching PunicaWrapper is found; visual.blocks.2.attn.qkv will be ignored.
[36m(vLLMHttpServer pid=3130435)[0m (Worker pid=3131268) WARNING 08-28 05:52:44 [model_manager.py:401] Regarding Qwen3VLForConditionalGeneration, no matching PunicaWrapper is found; visual.blocks.2.attn.proj will be ignored.
[36m(vLLMHttpServer pid=3130435)[0m (Worker pid=3131268) WARNING 08-28 05:52:44 [model_manager.py:401] Regarding Qwen3VLForConditionalGeneration, no matching PunicaWrapper is found; visual.blocks.2.mlp.linear_fc1 will be ignored.
[36m(vLLMHttpServer pid=3130435)[0m (Worker pid=3131268) WARNING 08-28 05:52:44 [model_manager.py:401] Regarding Qwen3VLForConditionalGeneration, no matching PunicaWrapper is found; visual.blocks.2.mlp.linear_fc2 will be ignored.
[36m(vLLMHttpServer pid=3130435)[0m (Worker pid=3131268) WARNING 08-28 05:52:44 [model_manager.py:401] Regarding Qwen3VLForConditionalGeneration, no matching PunicaWrapper is found; visual.blocks.3.attn.qkv will be ignored.
[36m(vLLMHttpServer pid=3130435)[0m (Worker pid=3131268) WARNING 08-28 05:52:44 [model_manager.py:401] Regarding Qwen3VLForConditionalGeneration, no matching PunicaWrapper is found; visual.blocks.3.attn.proj will be ignored.
[36m(vLLMHttpServer pid=3130435)[0m (Worker pid=3131268) WARNING 08-28 05:52:44 [model_manager.py:401] Regarding Qwen3VLForConditionalGeneration, no matching PunicaWrapper is found; visual.blocks.3.mlp.linear_fc1 will be ignored.
[36m(vLLMHttpServer pid=3130435)[0m (Worker pid=3131268) WARNING 08-28 05:52:44 [model_manager.py:401] Regarding Qwen3VLForConditionalGeneration, no matching PunicaWrapper is found; visual.blocks.3.mlp.linear_fc2 will be ignored.
[36m(vLLMHttpServer pid=3130435)[0m (Worker pid=3131268) WARNING 08-28 05:52:44 [model_manager.py:401] Regarding Qwen3VLForConditionalGeneration, no matching PunicaWrapper is found; visual.blocks.4.attn.qkv will be ignored.
[36m(vLLMHttpServer pid=3130435)[0m (Worker pid=3131268) WARNING 08-28 05:52:44 [model_manager.py:401] Regarding Qwen3VLForConditionalGeneration, no matching PunicaWrapper is found; visual.blocks.4.attn.proj will be ignored.
[36m(vLLMHttpServer pid=3130435)[0m (Worker pid=3131268) WARNING 08-28 05:52:44 [model_manager.py:401] Regarding Qwen3VLForConditionalGeneration, no matching PunicaWrapper is found; visual.blocks.4.mlp.linear_fc1 will be ignored.
[36m(vLLMHttpServer pid=3130435)[0m (Worker pid=3131268) WARNING 08-28 05:52:44 [model_manager.py:401] Regarding Qwen3VLForConditionalGeneration, no matching PunicaWrapper is found; visual.blocks.4.mlp.linear_fc2 will be ignored.
[36m(vLLMHttpServer pid=3130435)[0m (Worker pid=3131268) WARNING 08-28 05:52:44 [model_manager.py:401] Regarding Qwen3VLForConditionalGeneration, no matching PunicaWrapper is found; visual.blocks.5.attn.qkv will be ignored.
[36m(vLLMHttpServer pid=3130435)[0m (Worker pid=3131268) WARNING 08-28 05:52:44 [model_manager.py:401] Regarding Qwen3VLForConditionalGeneration, no matching PunicaWrapper is found; visual.blocks.5.attn.proj will be ignored.
[36m(vLLMHttpServer pid=3130435)[0m (Worker pid=3131268) WARNING 08-28 05:52:44 [model_manager.py:401] Regarding Qwen3VLForConditionalGeneration, no matching PunicaWrapper is found; visual.blocks.5.mlp.linear_fc1 will be ignored.
[36m(vLLMHttpServer pid=3130435)[0m (Worker pid=3131268) WARNING 08-28 05:52:44 [model_manager.py:401] Regarding Qwen3VLForConditionalGeneration, no matching PunicaWrapper is found; visual.blocks.5.mlp.linear_fc2 will be ignored.
[36m(vLLMHttpServer pid=3130435)[0m (Worker pid=3131268) WARNING 08-28 05:52:44 [model_manager.py:401] Regarding Qwen3VLForConditionalGeneration, no matching PunicaWrapper is found; visual.blocks.6.attn.qkv will be ignored.
[36m(vLLMHttpServer pid=3130435)[0m (Worker pid=3131268) WARNING 08-28 05:52:44 [model_manager.py:401] Regarding Qwen3VLForConditionalGeneration, no matching PunicaWrapper is found; visual.blocks.6.attn.proj will be ignored.
[36m(vLLMHttpServer pid=3130435)[0m (Worker pid=3131268) WARNING 08-28 05:52:44 [model_manager.py:401] Regarding Qwen3VLForConditionalGeneration, no matching PunicaWrapper is found; visual.blocks.6.mlp.linear_fc1 will be ignored.
[36m(vLLMHttpServer pid=3130435)[0m (Worker pid=3131268) WARNING 08-28 05:52:44 [model_manager.py:401] Regarding Qwen3VLForConditionalGeneration, no matching PunicaWrapper is found; visual.blocks.6.mlp.linear_fc2 will be ignored.
[36m(vLLMHttpServer pid=3130435)[0m (Worker pid=3131268) WARNING 08-28 05:52:44 [model_manager.py:401] Regarding Qwen3VLForConditionalGeneration, no matching PunicaWrapper is found; visual.blocks.7.attn.qkv will be ignored.
[36m(vLLMHttpServer pid=3130435)[0m (Worker pid=3131268) WARNING 08-28 05:52:44 [model_manager.py:401] Regarding Qwen3VLForConditionalGeneration, no matching PunicaWrapper is found; visual.blocks.7.attn.proj will be ignored.
[36m(vLLMHttpServer pid=3130435)[0m (Worker pid=3131268) WARNING 08-28 05:52:44 [model_manager.py:401] Regarding Qwen3VLForConditionalGeneration, no matching PunicaWrapper is found; visual.blocks.7.mlp.linear_fc1 will be ignored.
[36m(vLLMHttpServer pid=3130435)[0m (Worker pid=3131268) WARNING 08-28 05:52:44 [model_manager.py:401] Regarding Qwen3VLForConditionalGeneration, no matching PunicaWrapper is found; visual.blocks.7.mlp.linear_fc2 will be ignored.
[36m(vLLMHttpServer pid=3130435)[0m (Worker pid=3131268) WARNING 08-28 05:52:44 [model_manager.py:401] Regarding Qwen3VLForConditionalGeneration, no matching PunicaWrapper is found; visual.blocks.8.attn.qkv will be ignored.
[36m(vLLMHttpServer pid=3130435)[0m (Worker pid=3131268) WARNING 08-28 05:52:44 [model_manager.py:401] Regarding Qwen3VLForConditionalGeneration, no matching PunicaWrapper is found; visual.blocks.8.attn.proj will be ignored.
[36m(vLLMHttpServer pid=3130435)[0m (Worker pid=3131268) WARNING 08-28 05:52:44 [model_manager.py:401] Regarding Qwen3VLForConditionalGeneration, no matching PunicaWrapper is found; visual.blocks.8.mlp.linear_fc1 will be ignored.
[36m(vLLMHttpServer pid=3130435)[0m (Worker pid=3131268) WARNING 08-28 05:52:44 [model_manager.py:401] Regarding Qwen3VLForConditionalGeneration, no matching PunicaWrapper is found; visual.blocks.8.mlp.linear_fc2 will be ignored.
[36m(vLLMHttpServer pid=3130435)[0m (Worker pid=3131268) WARNING 08-28 05:52:44 [model_manager.py:401] Regarding Qwen3VLForConditionalGeneration, no matching PunicaWrapper is found; visual.blocks.9.attn.qkv will be ignored.
[36m(vLLMHttpServer pid=3130435)[0m (Worker pid=3131268) WARNING 08-28 05:52:44 [model_manager.py:401] Regarding Qwen3VLForConditionalGeneration, no matching PunicaWrapper is found; visual.blocks.9.attn.proj will be ignored.
[36m(vLLMHttpServer pid=3130435)[0m (Worker pid=3131268) WARNING 08-28 05:52:44 [model_manager.py:401] Regarding Qwen3VLForConditionalGeneration, no matching PunicaWrapper is found; visual.blocks.9.mlp.linear_fc1 will be ignored.
[36m(vLLMHttpServer pid=3130435)[0m (Worker pid=3131268) WARNING 08-28 05:52:44 [model_manager.py:401] Regarding Qwen3VLForConditionalGeneration, no matching PunicaWrapper is found; visual.blocks.9.mlp.linear_fc2 will be ignored.
[36m(vLLMHttpServer pid=3130435)[0m (Worker pid=3131268) WARNING 08-28 05:52:44 [model_manager.py:401] Regarding Qwen3VLForConditionalGeneration, no matching PunicaWrapper is found; visual.blocks.10.attn.qkv will be ignored.
[36m(vLLMHttpServer pid=3130435)[0m (Worker pid=3131268) WARNING 08-28 05:52:44 [model_manager.py:401] Regarding Qwen3VLForConditionalGeneration, no matching PunicaWrapper is found; visual.blocks.10.attn.proj will be ignored.
[36m(vLLMHttpServer pid=3130435)[0m (Worker pid=3131268) WARNING 08-28 05:52:44 [model_manager.py:401] Regarding Qwen3VLForConditionalGeneration, no matching PunicaWrapper is found; visual.blocks.10.mlp.linear_fc1 will be ignored.
[36m(vLLMHttpServer pid=3130435)[0m (Worker pid=3131268) WARNING 08-28 05:52:44 [model_manager.py:401] Regarding Qwen3VLForConditionalGeneration, no matching PunicaWrapper is found; visual.blocks.10.mlp.linear_fc2 will be ignored.
[36m(vLLMHttpServer pid=3130435)[0m (Worker pid=3131268) WARNING 08-28 05:52:44 [model_manager.py:401] Regarding Qwen3VLForConditionalGeneration, no matching PunicaWrapper is found; visual.blocks.11.attn.qkv will be ignored.
[36m(vLLMHttpServer pid=3130435)[0m (Worker pid=3131268) WARNING 08-28 05:52:44 [model_manager.py:401] Regarding Qwen3VLForConditionalGeneration, no matching PunicaWrapper is found; visual.blocks.11.attn.proj will be ignored.
[36m(vLLMHttpServer pid=3130435)[0m (Worker pid=3131268) WARNING 08-28 05:52:44 [model_manager.py:401] Regarding Qwen3VLForConditionalGeneration, no matching PunicaWrapper is found; visual.blocks.11.mlp.linear_fc1 will be ignored.
[36m(vLLMHttpServer pid=3130435)[0m (Worker pid=3131268) WARNING 08-28 05:52:44 [model_manager.py:401] Regarding Qwen3VLForConditionalGeneration, no matching PunicaWrapper is found; visual.blocks.11.mlp.linear_fc2 will be ignored.
[36m(vLLMHttpServer pid=3130435)[0m (Worker pid=3131268) WARNING 08-28 05:52:44 [model_manager.py:401] Regarding Qwen3VLForConditionalGeneration, no matching PunicaWrapper is found; visual.blocks.12.attn.qkv will be ignored.
[36m(vLLMHttpServer pid=3130435)[0m (Worker pid=3131268) WARNING 08-28 05:52:44 [model_manager.py:401] Regarding Qwen3VLForConditionalGeneration, no matching PunicaWrapper is found; visual.blocks.12.attn.proj will be ignored.
[36m(vLLMHttpServer pid=3130435)[0m (Worker pid=3131268) WARNING 08-28 05:52:44 [model_manager.py:401] Regarding Qwen3VLForConditionalGeneration, no matching PunicaWrapper is found; visual.blocks.12.mlp.linear_fc1 will be ignored.
[36m(vLLMHttpServer pid=3130435)[0m (Worker pid=3131268) WARNING 08-28 05:52:44 [model_manager.py:401] Regarding Qwen3VLForConditionalGeneration, no matching PunicaWrapper is found; visual.blocks.12.mlp.linear_fc2 will be ignored.
[36m(vLLMHttpServer pid=3130435)[0m (Worker pid=3131268) WARNING 08-28 05:52:44 [model_manager.py:401] Regarding Qwen3VLForConditionalGeneration, no matching PunicaWrapper is found; visual.blocks.13.attn.qkv will be ignored.
[36m(vLLMHttpServer pid=3130435)[0m (Worker pid=3131268) WARNING 08-28 05:52:44 [model_manager.py:401] Regarding Qwen3VLForConditionalGeneration, no matching PunicaWrapper is found; visual.blocks.13.attn.proj will be ignored.
[36m(vLLMHttpServer pid=3130435)[0m (Worker pid=3131268) WARNING 08-28 05:52:44 [model_manager.py:401] Regarding Qwen3VLForConditionalGeneration, no matching PunicaWrapper is found; visual.blocks.13.mlp.linear_fc1 will be ignored.
[36m(vLLMHttpServer pid=3130435)[0m (Worker pid=3131268) WARNING 08-28 05:52:44 [model_manager.py:401] Regarding Qwen3VLForConditionalGeneration, no matching PunicaWrapper is found; visual.blocks.13.mlp.linear_fc2 will be ignored.
[36m(vLLMHttpServer pid=3130435)[0m (Worker pid=3131268) WARNING 08-28 05:52:44 [model_manager.py:401] Regarding Qwen3VLForConditionalGeneration, no matching PunicaWrapper is found; visual.blocks.14.attn.qkv will be ignored.
[36m(vLLMHttpServer pid=3130435)[0m (Worker pid=3131268) WARNING 08-28 05:52:44 [model_manager.py:401] Regarding Qwen3VLForConditionalGeneration, no matching PunicaWrapper is found; visual.blocks.14.attn.proj will be ignored.
[36m(vLLMHttpServer pid=3130435)[0m (Worker pid=3131268) WARNING 08-28 05:52:44 [model_manager.py:401] Regarding Qwen3VLForConditionalGeneration, no matching PunicaWrapper is found; visual.blocks.14.mlp.linear_fc1 will be ignored.
[36m(vLLMHttpServer pid=3130435)[0m (Worker pid=3131268) WARNING 08-28 05:52:44 [model_manager.py:401] Regarding Qwen3VLForConditionalGeneration, no matching PunicaWrapper is found; visual.blocks.14.mlp.linear_fc2 will be ignored.
[36m(vLLMHttpServer pid=3130435)[0m (Worker pid=3131268) WARNING 08-28 05:52:44 [model_manager.py:401] Regarding Qwen3VLForConditionalGeneration, no matching PunicaWrapper is found; visual.blocks.15.attn.qkv will be ignored.
[36m(vLLMHttpServer pid=3130435)[0m (Worker pid=3131268) WARNING 08-28 05:52:44 [model_manager.py:401] Regarding Qwen3VLForConditionalGeneration, no matching PunicaWrapper is found; visual.blocks.15.attn.proj will be ignored.
[36m(vLLMHttpServer pid=3130435)[0m (Worker pid=3131268) WARNING 08-28 05:52:44 [model_manager.py:401] Regarding Qwen3VLForConditionalGeneration, no matching PunicaWrapper is found; visual.blocks.15.mlp.linear_fc1 will be ignored.
[36m(vLLMHttpServer pid=3130435)[0m (Worker pid=3131268) WARNING 08-28 05:52:44 [model_manager.py:401] Regarding Qwen3VLForConditionalGeneration, no matching PunicaWrapper is found; visual.blocks.15.mlp.linear_fc2 will be ignored.
[36m(vLLMHttpServer pid=3130435)[0m (Worker pid=3131268) WARNING 08-28 05:52:44 [model_manager.py:401] Regarding Qwen3VLForConditionalGeneration, no matching PunicaWrapper is found; visual.blocks.16.attn.qkv will be ignored.
[36m(vLLMHttpServer pid=3130435)[0m (Worker pid=3131268) WARNING 08-28 05:52:44 [model_manager.py:401] Regarding Qwen3VLForConditionalGeneration, no matching PunicaWrapper is found; visual.blocks.16.attn.proj will be ignored.
[36m(vLLMHttpServer pid=3130435)[0m (Worker pid=3131268) WARNING 08-28 05:52:44 [model_manager.py:401] Regarding Qwen3VLForConditionalGeneration, no matching PunicaWrapper is found; visual.blocks.16.mlp.linear_fc1 will be ignored.
[36m(vLLMHttpServer pid=3130435)[0m (Worker pid=3131268) WARNING 08-28 05:52:44 [model_manager.py:401] Regarding Qwen3VLForConditionalGeneration, no matching PunicaWrapper is found; visual.blocks.16.mlp.linear_fc2 will be ignored.
[36m(vLLMHttpServer pid=3130435)[0m (Worker pid=3131268) WARNING 08-28 05:52:44 [model_manager.py:401] Regarding Qwen3VLForConditionalGeneration, no matching PunicaWrapper is found; visual.blocks.17.attn.qkv will be ignored.
[36m(vLLMHttpServer pid=3130435)[0m (Worker pid=3131268) WARNING 08-28 05:52:44 [model_manager.py:401] Regarding Qwen3VLForConditionalGeneration, no matching PunicaWrapper is found; visual.blocks.17.attn.proj will be ignored.[36m(vLLMHttpServer pid=3130435)[0m (Worker pid=3131268) Capturing CUDA graphs (mixed prefill-decode, PIECEWISE):   0%|          | 0/102 [00:00<?, ?it/s]
[36m(vLLMHttpServer pid=3130435)[0m Capturing CUDA graphs (mixed prefill-decode, PIECEWISE):   1%|          | 1/102 [00:00<00:15,  6.34it/s]
[36m(vLLMHttpServer pid=3130435)[0m Capturing CUDA graphs (mixed prefill-decode, PIECEWISE):   3%|▎         | 3/102 [00:00<00:08, 11.09it/s]
[36m(vLLMHttpServer pid=3130435)[0m Capturing CUDA graphs (mixed prefill-decode, PIECEWISE):   5%|▍         | 5/102 [00:00<00:07, 12.77it/s]
[36m(vLLMHttpServer pid=3130435)[0m Capturing CUDA graphs (mixed prefill-decode, PIECEWISE):   7%|▋         | 7/102 [00:00<00:07, 13.46it/s]
[36m(vLLMHttpServer pid=3130435)[0m Capturing CUDA graphs (mixed prefill-decode, PIECEWISE):   9%|▉         | 9/102 [00:00<00:06, 13.88it/s]
[36m(vLLMHttpServer pid=3130435)[0m Capturing CUDA graphs (mixed prefill-decode, PIECEWISE):  11%|█         | 11/102 [00:00<00:06, 14.10it/s]
[36m(vLLMHttpServer pid=3130435)[0m Capturing CUDA graphs (mixed prefill-decode, PIECEWISE):  13%|█▎        | 13/102 [00:00<00:06, 14.22it/s]
[36m(vLLMHttpServer pid=3130435)[0m Capturing CUDA graphs (mixed prefill-decode, PIECEWISE):  15%|█▍        | 15/102 [00:01<00:06, 14.32it/s]
[36m(vLLMHttpServer pid=3130435)[0m Capturing CUDA graphs (mixed prefill-decode, PIECEWISE):  17%|█▋        | 17/102 [00:01<00:05, 14.38it/s]
[36m(vLLMHttpServer pid=3130435)[0m Capturing CUDA graphs (mixed prefill-decode, PIECEWISE):  19%|█▊        | 19/102 [00:01<00:05, 14.44it/s]
[36m(vLLMHttpServer pid=3130435)[0m Capturing CUDA graphs (mixed prefill-decode, PIECEWISE):  21%|██        | 21/102 [00:01<00:05, 14.51it/s]
[36m(vLLMHttpServer pid=3130435)[0m Capturing CUDA graphs (mixed prefill-decode, PIECEWISE):  23%|██▎       | 23/102 [00:01<00:05, 14.50it/s]
[36m(vLLMHttpServer pid=3130435)[0m Capturing CUDA graphs (mixed prefill-decode, PIECEWISE):  25%|██▍       | 25/102 [00:01<00:05, 14.48it/s]
[36m(vLLMHttpServer pid=3130435)[0m Capturing CUDA graphs (mixed prefill-decode, PIECEWISE):  26%|██▋       | 27/102 [00:01<00:05, 14.56it/s]
[36m(vLLMHttpServer pid=3130435)[0m Capturing CUDA graphs (mixed prefill-decode, PIECEWISE):  28%|██▊       | 29/102 [00:02<00:05, 14.23it/s]
[36m(vLLMHttpServer pid=3130435)[0m Capturing CUDA graphs (mixed prefill-decode, PIECEWISE):  30%|███       | 31/102 [00:02<00:04, 14.35it/s]
[36m(vLLMHttpServer pid=3130435)[0m Capturing CUDA graphs (mixed prefill-decode, PIECEWISE):  32%|███▏      | 33/102 [00:02<00:04, 14.40it/s]
[36m(vLLMHttpServer pid=3130435)[0m Capturing CUDA graphs (mixed prefill-decode, PIECEWISE):  34%|███▍      | 35/102 [00:02<00:04, 14.18it/s]
[36m(vLLMHttpServer pid=3130435)[0m Capturing CUDA graphs (mixed prefill-decode, PIECEWISE):  36%|███▋      | 37/102 [00:02<00:04, 14.31it/s]
[36m(vLLMHttpServer pid=3130435)[0m Capturing CUDA graphs (mixed prefill-decode, PIECEWISE):  38%|███▊      | 39/102 [00:02<00:04, 14.35it/s]
[36m(vLLMHttpServer pid=3130435)[0m Capturing CUDA graphs (mixed prefill-decode, PIECEWISE):  40%|████      | 41/102 [00:02<00:04, 14.46it/s]
[36m(vLLMHttpServer pid=3130435)[0m Capturing CUDA graphs (mixed prefill-decode, PIECEWISE):  42%|████▏     | 43/102 [00:03<00:04, 14.50it/s]
[36m(vLLMHttpServer pid=3130435)[0m Capturing CUDA graphs (mixed prefill-decode, PIECEWISE):  44%|████▍     | 45/102 [00:03<00:03, 14.48it/s]
[36m(vLLMHttpServer pid=3130435)[0m Capturing CUDA graphs (mixed prefill-decode, PIECEWISE):  46%|████▌     | 47/102 [00:03<00:03, 14.47it/s]
[36m(vLLMHttpServer pid=3130435)[0m Capturing CUDA graphs (mixed prefill-decode, PIECEWISE):  48%|████▊     | 49/102 [00:03<00:03, 14.36it/s]
[36m(vLLMHttpServer pid=3130435)[0m Capturing CUDA graphs (mixed prefill-decode, PIECEWISE):  50%|█████     | 51/102 [00:03<00:03, 14.29it/s]
[36m(vLLMHttpServer pid=3130435)[0m Capturing CUDA graphs (mixed prefill-decode, PIECEWISE):  52%|█████▏    | 53/102 [00:03<00:03, 14.28it/s]
[36m(vLLMHttpServer pid=3130435)[0m Capturing CUDA graphs (mixed prefill-decode, PIECEWISE):  54%|█████▍    | 55/102 [00:03<00:03, 14.30it/s]
[36m(vLLMHttpServer pid=3130435)[0m Capturing CUDA graphs (mixed prefill-decode, PIECEWISE):  56%|█████▌    | 57/102 [00:04<00:03, 14.29it/s]
[36m(vLLMHttpServer pid=3130435)[0m Capturing CUDA graphs (mixed prefill-decode, PIECEWISE):  58%|█████▊    | 59/102 [00:04<00:03, 14.31it/s]
[36m(vLLMHttpServer pid=3130435)[0m Capturing CUDA graphs (mixed prefill-decode, PIECEWISE):  60%|█████▉    | 61/102 [00:04<00:02, 14.32it/s]
[36m(vLLMHttpServer pid=3130435)[0m Capturing CUDA graphs (mixed prefill-decode, PIECEWISE):  62%|██████▏   | 63/102 [00:04<00:02, 14.24it/s]
[36m(vLLMHttpServer pid=3130435)[0m Capturing CUDA graphs (mixed prefill-decode, PIECEWISE):  64%|██████▎   | 65/102 [00:04<00:02, 14.23it/s]
[36m(vLLMHttpServer pid=3130435)[0m Capturing CUDA graphs (mixed prefill-decode, PIECEWISE):  66%|██████▌   | 67/102 [00:04<00:02, 13.99it/s]
[36m(vLLMHttpServer pid=3130435)[0m Capturing CUDA graphs (mixed prefill-decode, PIECEWISE):  68%|██████▊   | 69/102 [00:04<00:02, 13.89it/s]
[36m(vLLMHttpServer pid=3130435)[0m Capturing CUDA graphs (mixed prefill-decode, PIECEWISE):  70%|██████▉   | 71/102 [00:05<00:02, 13.95it/s]
[36m(vLLMHttpServer pid=3130435)[0m Capturing CUDA graphs (mixed prefill-decode, PIECEWISE):  72%|███████▏  | 73/102 [00:05<00:02, 14.01it/s]
[36m(vLLMHttpServer pid=3130435)[0m Capturing CUDA graphs (mixed prefill-decode, PIECEWISE):  74%|███████▎  | 75/102 [00:05<00:01, 14.01it/s]
[36m(vLLMHttpServer pid=3130435)[0m Capturing CUDA graphs (mixed prefill-decode, PIECEWISE):  75%|███████▌  | 77/102 [00:05<00:01, 13.93it/s]
[36m(vLLMHttpServer pid=3130435)[0m Capturing CUDA graphs (mixed prefill-decode, PIECEWISE):  77%|███████▋  | 79/102 [00:05<00:01, 13.97it/s]
[36m(vLLMHttpServer pid=3130435)[0m Capturing CUDA graphs (mixed prefill-decode, PIECEWISE):  79%|███████▉  | 81/102 [00:05<00:01, 13.99it/s]
[36m(vLLMHttpServer pid=3130435)[0m Capturing CUDA graphs (mixed prefill-decode, PIECEWISE):  81%|████████▏ | 83/102 [00:05<00:01, 14.01it/s]
[36m(vLLMHttpServer pid=3130435)[0m Capturing CUDA graphs (mixed prefill-decode, PIECEWISE):  83%|████████▎ | 85/102 [00:06<00:01, 14.03it/s]
[36m(vLLMHttpServer pid=3130435)[0m Capturing CUDA graphs (mixed prefill-decode, PIECEWISE):  85%|████████▌ | 87/102 [00:06<00:01, 14.02it/s]
[36m(vLLMHttpServer pid=3130435)[0m Capturing CUDA graphs (mixed prefill-decode, PIECEWISE):  87%|████████▋ | 89/102 [00:06<00:00, 14.07it/s]
[36m(vLLMHttpServer pid=3130435)[0m Capturing CUDA graphs (mixed prefill-decode, PIECEWISE):  89%|████████▉ | 91/102 [00:06<00:00, 13.97it/s]
[36m(vLLMHttpServer pid=3130435)[0m Capturing CUDA graphs (mixed prefill-decode, PIECEWISE):  91%|█████████ | 93/102 [00:06<00:00, 14.00it/s]
[36m(vLLMHttpServer pid=3130435)[0m Capturing CUDA graphs (mixed prefill-decode, PIECEWISE):  93%|█████████▎| 95/102 [00:06<00:00, 13.96it/s]
[36m(vLLMHttpServer pid=3130435)[0m Capturing CUDA graphs (mixed prefill-decode, PIECEWISE):  95%|█████████▌| 97/102 [00:06<00:00, 13.94it/s]
[36m(vLLMHttpServer pid=3130435)[0m Capturing CUDA graphs (mixed prefill-decode, PIECEWISE):  97%|█████████▋| 99/102 [00:07<00:00, 13.39it/s]
[36m(vLLMHttpServer pid=3130435)[0m Capturing CUDA graphs (mixed prefill-decode, PIECEWISE):  99%|█████████▉| 101/102 [00:07<00:00, 12.82it/s]
[36m(vLLMHttpServer pid=3130435)[0m Capturing CUDA graphs (mixed prefill-decode, PIECEWISE): 100%|██████████| 102/102 [00:07<00:00, 14.02it/s]
[36m(vLLMHttpServer pid=3130435)[0m (Worker pid=3131268) Capturing CUDA graphs (decode, FULL):   0%|          | 0/70 [00:00<?, ?it/s]
[36m(vLLMHttpServer pid=3130435)[0m Capturing CUDA graphs (decode, FULL):   1%|▏         | 1/70 [00:00<00:10,  6.51it/s]
[36m(vLLMHttpServer pid=3130435)[0m Capturing CUDA graphs (decode, FULL):   4%|▍         | 3/70 [00:00<00:05, 11.35it/s]
[36m(vLLMHttpServer pid=3130435)[0m Capturing CUDA graphs (decode, FULL):   7%|▋         | 5/70 [00:00<00:04, 13.11it/s]
[36m(vLLMHttpServer pid=3130435)[0m Capturing CUDA graphs (decode, FULL):  10%|█         | 7/70 [00:00<00:04, 13.99it/s]
[36m(vLLMHttpServer pid=3130435)[0m Capturing CUDA graphs (decode, FULL):  13%|█▎        | 9/70 [00:00<00:04, 14.41it/s]
[36m(vLLMHttpServer pid=3130435)[0m Capturing CUDA graphs (decode, FULL):  16%|█▌        | 11/70 [00:00<00:03, 14.77it/s]
[36m(vLLMHttpServer pid=3130435)[0m Capturing CUDA graphs (decode, FULL):  19%|█▊        | 13/70 [00:00<00:03, 14.99it/s]
[36m(vLLMHttpServer pid=3130435)[0m Capturing CUDA graphs (decode, FULL):  21%|██▏       | 15/70 [00:01<00:03, 15.12it/s]
[36m(vLLMHttpServer pid=3130435)[0m Capturing CUDA graphs (decode, FULL):  24%|██▍       | 17/70 [00:01<00:03, 15.16it/s]
[36m(vLLMHttpServer pid=3130435)[0m Capturing CUDA graphs (decode, FULL):  27%|██▋       | 19/70 [00:01<00:03, 15.09it/s]
[36m(vLLMHttpServer pid=3130435)[0m Capturing CUDA graphs (decode, FULL):  30%|███       | 21/70 [00:01<00:03, 15.16it/s]
[36m(vLLMHttpServer pid=3130435)[0m Capturing CUDA graphs (decode, FULL):  33%|███▎      | 23/70 [00:01<00:03, 15.22it/s]
[36m(vLLMHttpServer pid=3130435)[0m Capturing CUDA graphs (decode, FULL):  36%|███▌      | 25/70 [00:01<00:02, 15.23it/s]
[36m(vLLMHttpServer pid=3130435)[0m Capturing CUDA graphs (decode, FULL):  39%|███▊      | 27/70 [00:01<00:02, 15.23it/s]
[36m(vLLMHttpServer pid=3130435)[0m Capturing CUDA graphs (decode, FULL):  41%|████▏     | 29/70 [00:01<00:02, 15.19it/s]
[36m(vLLMHttpServer pid=3130435)[0m Capturing CUDA graphs (decode, FULL):  44%|████▍     | 31/70 [00:02<00:02, 15.19it/s]
[36m(vLLMHttpServer pid=3130435)[0m Capturing CUDA graphs (decode, FULL):  47%|████▋     | 33/70 [00:02<00:02, 15.21it/s]
[36m(vLLMHttpServer pid=3130435)[0m Capturing CUDA graphs (decode, FULL):  50%|█████     | 35/70 [00:02<00:02, 15.22it/s]
[36m(vLLMHttpServer pid=3130435)[0m Capturing CUDA graphs (decode, FULL):  53%|█████▎    | 37/70 [00:02<00:02, 15.22it/s]
[36m(vLLMHttpServer pid=3130435)[0m Capturing CUDA graphs (decode, FULL):  56%|█████▌    | 39/70 [00:02<00:02, 15.17it/s]
[36m(vLLMHttpServer pid=3130435)[0m Capturing CUDA graphs (decode, FULL):  59%|█████▊    | 41/70 [00:02<00:01, 15.18it/s]
[36m(vLLMHttpServer pid=3130435)[0m Capturing CUDA graphs (decode, FULL):  61%|██████▏   | 43/70 [00:02<00:01, 15.22it/s]
[36m(vLLMHttpServer pid=3130435)[0m Capturing CUDA graphs (decode, FULL):  64%|██████▍   | 45/70 [00:03<00:01, 15.27it/s]
[36m(vLLMHttpServer pid=3130435)[0m Capturing CUDA graphs (decode, FULL):  67%|██████▋   | 47/70 [00:03<00:01, 15.29it/s]
[36m(vLLMHttpServer pid=3130435)[0m Capturing CUDA graphs (decode, FULL):  70%|███████   | 49/70 [00:03<00:01, 15.25it/s]
[36m(vLLMHttpServer pid=3130435)[0m Capturing CUDA graphs (decode, FULL):  73%|███████▎  | 51/70 [00:03<00:01, 15.30it/s]
[36m(vLLMHttpServer pid=3130435)[0m Capturing CUDA graphs (decode, FULL):  76%|███████▌  | 53/70 [00:03<00:01, 15.34it/s]
[36m(vLLMHttpServer pid=3130435)[0m Capturing CUDA graphs (decode, FULL):  79%|███████▊  | 55/70 [00:03<00:00, 15.40it/s]
[36m(vLLMHttpServer pid=3130435)[0m Capturing CUDA graphs (decode, FULL):  81%|████████▏ | 57/70 [00:03<00:00, 15.43it/s]
[36m(vLLMHttpServer pid=3130435)[0m Capturing CUDA graphs (decode, FULL):  84%|████████▍ | 59/70 [00:03<00:00, 15.39it/s]
[36m(vLLMHttpServer pid=3130435)[0m Capturing CUDA graphs (decode, FULL):  87%|████████▋ | 61/70 [00:04<00:00, 15.31it/s]
[36m(vLLMHttpServer pid=3130435)[0m Capturing CUDA graphs (decode, FULL):  90%|█████████ | 63/70 [00:04<00:00, 15.28it/s]
[36m(vLLMHttpServer pid=3130435)[0m Capturing CUDA graphs (decode, FULL):  93%|█████████▎| 65/70 [00:04<00:00, 15.31it/s]
[36m(vLLMHttpServer pid=3130435)[0m Capturing CUDA graphs (decode, FULL):  96%|█████████▌| 67/70 [00:04<00:00, 15.30it/s]
[36m(vLLMHttpServer pid=3130435)[0m Capturing CUDA graphs (decode, FULL):  99%|█████████▊| 69/70 [00:04<00:00, 15.27it/s]Capturing CUDA graphs (decode, FULL): 100%|██████████| 70/70 [00:04<00:00, 15.07it/s]
[36m(vLLMHttpServer pid=3130435)[0m (EngineCore pid=3131177) [transformers] The `use_fast` parameter is deprecated and will be removed in a future version. Use `backend="torchvision"` instead of `use_fast=True`, or `backend="pil"` instead of `use_fast=False`.

[36m(vLLMHttpServer pid=3130435)[0m (Worker pid=3131268) WARNING 08-28 05:52:44 [model_manager.py:401] Regarding Qwen3VLForConditionalGeneration, no matching PunicaWrapper is found; visual.blocks.17.mlp.linear_fc1 will be ignored.
[36m(vLLMHttpServer pid=3130435)[0m (Worker pid=3131268) WARNING 08-28 05:52:44 [model_manager.py:401] Regarding Qwen3VLForConditionalGeneration, no matching PunicaWrapper is found; visual.blocks.17.mlp.linear_fc2 will be ignored.
[36m(vLLMHttpServer pid=3130435)[0m (Worker pid=3131268) WARNING 08-28 05:52:44 [model_manager.py:401] Regarding Qwen3VLForConditionalGeneration, no matching PunicaWrapper is found; visual.blocks.18.attn.qkv will be ignored.
[36m(vLLMHttpServer pid=3130435)[0m (Worker pid=3131268) WARNING 08-28 05:52:44 [model_manager.py:401] Regarding Qwen3VLForConditionalGeneration, no matching PunicaWrapper is found; visual.blocks.18.attn.proj will be ignored.
[36m(vLLMHttpServer pid=3130435)[0m (Worker pid=3131268) WARNING 08-28 05:52:44 [model_manager.py:401] Regarding Qwen3VLForConditionalGeneration, no matching PunicaWrapper is found; visual.blocks.18.mlp.linear_fc1 will be ignored.
[36m(vLLMHttpServer pid=3130435)[0m (Worker pid=3131268) WARNING 08-28 05:52:44 [model_manager.py:401] Regarding Qwen3VLForConditionalGeneration, no matching PunicaWrapper is found; visual.blocks.18.mlp.linear_fc2 will be ignored.
[36m(vLLMHttpServer pid=3130435)[0m (Worker pid=3131268) WARNING 08-28 05:52:44 [model_manager.py:401] Regarding Qwen3VLForConditionalGeneration, no matching PunicaWrapper is found; visual.blocks.19.attn.qkv will be ignored.
[36m(vLLMHttpServer pid=3130435)[0m (Worker pid=3131268) WARNING 08-28 05:52:44 [model_manager.py:401] Regarding Qwen3VLForConditionalGeneration, no matching PunicaWrapper is found; visual.blocks.19.attn.proj will be ignored.
[36m(vLLMHttpServer pid=3130435)[0m (Worker pid=3131268) WARNING 08-28 05:52:44 [model_manager.py:401] Regarding Qwen3VLForConditionalGeneration, no matching PunicaWrapper is found; visual.blocks.19.mlp.linear_fc1 will be ignored.
[36m(vLLMHttpServer pid=3130435)[0m (Worker pid=3131268) WARNING 08-28 05:52:44 [model_manager.py:401] Regarding Qwen3VLForConditionalGeneration, no matching PunicaWrapper is found; visual.blocks.19.mlp.linear_fc2 will be ignored.
[36m(vLLMHttpServer pid=3130435)[0m (Worker pid=3131268) WARNING 08-28 05:52:44 [model_manager.py:401] Regarding Qwen3VLForConditionalGeneration, no matching PunicaWrapper is found; visual.blocks.20.attn.qkv will be ignored.
[36m(vLLMHttpServer pid=3130435)[0m (Worker pid=3131268) WARNING 08-28 05:52:44 [model_manager.py:401] Regarding Qwen3VLForConditionalGeneration, no matching PunicaWrapper is found; visual.blocks.20.attn.proj will be ignored.
[36m(vLLMHttpServer pid=3130435)[0m (Worker pid=3131268) WARNING 08-28 05:52:44 [model_manager.py:401] Regarding Qwen3VLForConditionalGeneration, no matching PunicaWrapper is found; visual.blocks.20.mlp.linear_fc1 will be ignored.
[36m(vLLMHttpServer pid=3130435)[0m (Worker pid=3131268) WARNING 08-28 05:52:44 [model_manager.py:401] Regarding Qwen3VLForConditionalGeneration, no matching PunicaWrapper is found; visual.blocks.20.mlp.linear_fc2 will be ignored.
[36m(vLLMHttpServer pid=3130435)[0m (Worker pid=3131268) WARNING 08-28 05:52:44 [model_manager.py:401] Regarding Qwen3VLForConditionalGeneration, no matching PunicaWrapper is found; visual.blocks.21.attn.qkv will be ignored.
[36m(vLLMHttpServer pid=3130435)[0m (Worker pid=3131268) WARNING 08-28 05:52:44 [model_manager.py:401] Regarding Qwen3VLForConditionalGeneration, no matching PunicaWrapper is found; visual.blocks.21.attn.proj will be ignored.
[36m(vLLMHttpServer pid=3130435)[0m (Worker pid=3131268) WARNING 08-28 05:52:44 [model_manager.py:401] Regarding Qwen3VLForConditionalGeneration, no matching PunicaWrapper is found; visual.blocks.21.mlp.linear_fc1 will be ignored.
[36m(vLLMHttpServer pid=3130435)[0m (Worker pid=3131268) WARNING 08-28 05:52:44 [model_manager.py:401] Regarding Qwen3VLForConditionalGeneration, no matching PunicaWrapper is found; visual.blocks.21.mlp.linear_fc2 will be ignored.
[36m(vLLMHttpServer pid=3130435)[0m (Worker pid=3131268) WARNING 08-28 05:52:44 [model_manager.py:401] Regarding Qwen3VLForConditionalGeneration, no matching PunicaWrapper is found; visual.blocks.22.attn.qkv will be ignored.
[36m(vLLMHttpServer pid=3130435)[0m (Worker pid=3131268) WARNING 08-28 05:52:44 [model_manager.py:401] Regarding Qwen3VLForConditionalGeneration, no matching PunicaWrapper is found; visual.blocks.22.attn.proj will be ignored.
[36m(vLLMHttpServer pid=3130435)[0m (Worker pid=3131268) WARNING 08-28 05:52:44 [model_manager.py:401] Regarding Qwen3VLForConditionalGeneration, no matching PunicaWrapper is found; visual.blocks.22.mlp.linear_fc1 will be ignored.
[36m(vLLMHttpServer pid=3130435)[0m (Worker pid=3131268) WARNING 08-28 05:52:44 [model_manager.py:401] Regarding Qwen3VLForConditionalGeneration, no matching PunicaWrapper is found; visual.blocks.22.mlp.linear_fc2 will be ignored.
[36m(vLLMHttpServer pid=3130435)[0m (Worker pid=3131268) WARNING 08-28 05:52:44 [model_manager.py:401] Regarding Qwen3VLForConditionalGeneration, no matching PunicaWrapper is found; visual.blocks.23.attn.qkv will be ignored.
[36m(vLLMHttpServer pid=3130435)[0m (Worker pid=3131268) WARNING 08-28 05:52:44 [model_manager.py:401] Regarding Qwen3VLForConditionalGeneration, no matching PunicaWrapper is found; visual.blocks.23.attn.proj will be ignored.
[36m(vLLMHttpServer pid=3130435)[0m (Worker pid=3131268) WARNING 08-28 05:52:44 [model_manager.py:401] Regarding Qwen3VLForConditionalGeneration, no matching PunicaWrapper is found; visual.blocks.23.mlp.linear_fc1 will be ignored.
[36m(vLLMHttpServer pid=3130435)[0m (Worker pid=3131268) WARNING 08-28 05:52:44 [model_manager.py:401] Regarding Qwen3VLForConditionalGeneration, no matching PunicaWrapper is found; visual.blocks.23.mlp.linear_fc2 will be ignored.
[36m(vLLMHttpServer pid=3130435)[0m (Worker pid=3131268) WARNING 08-28 05:53:04 [utils.py:279] Using default LoRA kernel configs
[36m(vLLMHttpServer pid=3130435)[0m WARNING 08-28 05:53:25 [api_router.py:30] LoRA dynamic loading & unloading is enabled in the API server. This should ONLY be used for local development!
[36m(vLLMHttpServer pid=3130435)[0m WARNING 08-28 05:53:25 [model.py:1477] Default vLLM sampling parameters have been overridden by the model's `generation_config.json`: `{'repetition_penalty': 1.0, 'temperature': 1.0, 'top_k': -1, 'top_p': 1, 'max_tokens': 16384}`. If this is not intended, please relaunch vLLM instance with `--generation-config vllm`.
[36m(TaskRunner pid=3129648)[0m LLMServerManager: ['10.110.2.5:44663']
[36m(TaskRunner pid=3129648)[0m Saving tensorboard log to /home/yw4636/agentic-tvg/logs/tb/grpo_vanilla.
[36m(TaskRunner pid=3129648)[0m Found checkpoint: %s /home/yw4636/agentic-tvg/results/grpo-vanilla/ckpt/global_step_60
[36m(TaskRunner pid=3129648)[0m Load from checkpoint folder: /home/yw4636/agentic-tvg/results/grpo-vanilla/ckpt/global_step_60
[36m(TaskRunner pid=3129648)[0m Setting global step to 60
[36m(TaskRunner pid=3129648)[0m Resuming from /home/yw4636/agentic-tvg/results/grpo-vanilla/ckpt/global_step_60
[36m(AgentLoopWorker pid=3132307)[0m Using dataset class: RLHFDataset
[36m(AgentLoopWorker pid=3132307)[0m {
[36m(AgentLoopWorker pid=3132307)[0m   "type": "function",
[36m(AgentLoopWorker pid=3132307)[0m   "function": {
[36m(AgentLoopWorker pid=3132307)[0m     "name": "crop_video",
[36m(AgentLoopWorker pid=3132307)[0m     "description": "Inspect a time interval of the current video closely: returns 30 higher-resolution frames sampled evenly from [start_time, end_time], each labeled with its timestamp in seconds.",
[36m(AgentLoopWorker pid=3132307)[0m     "parameters": {
[36m(AgentLoopWorker pid=3132307)[0m       "type": "object",
[36m(AgentLoopWorker pid=3132307)[0m       "properties": {
[36m(AgentLoopWorker pid=3132307)[0m         "start_time": {
[36m(AgentLoopWorker pid=3132307)[0m           "type": "number",
[36m(AgentLoopWorker pid=3132307)[0m           "description": "Interval start in seconds, >= 0."[36m(WorkerDict pid=3130106)[0m INFO:2026-08-28 05:53:51,600:[Rank 0] Loaded model from /home/yw4636/agentic-tvg/results/grpo-vanilla/ckpt/global_step_60/actor/model_world_size_1_rank_0.pt
[36m(WorkerDict pid=3130106)[0m INFO:2026-08-28 05:53:51,945:[Rank 0] Loaded optimizer from /home/yw4636/agentic-tvg/results/grpo-vanilla/ckpt/global_step_60/actor/optim_world_size_1_rank_0.pt
[36m(WorkerDict pid=3130106)[0m INFO:2026-08-28 05:53:51,947:[Rank 0] Loaded rng from /home/yw4636/agentic-tvg/results/grpo-vanilla/ckpt/global_step_60/actor/extra_state_world_size_1_rank_0.pt
[36m(WorkerDict pid=3130106)[0m INFO:2026-08-28 05:53:51,947:[Rank 0] Loaded lr_scheduler from /home/yw4636/agentic-tvg/results/grpo-vanilla/ckpt/global_step_60/actor/extra_state_world_size_1_rank_0.pt
[36m(WorkerDict pid=3130106)[0m /home/yw4636/.conda/envs/verl/lib/python3.12/site-packages/verl/plugin/platform/platform_cuda.py:99: FutureWarning: torch.cuda._set_allocator_settings is deprecated. Use torch._C._accelerator_setAllocatorSettings instead.
[36m(WorkerDict pid=3130106)[0m   torch.cuda.memory._set_allocator_settings(settings)
[36m(WorkerDict pid=3130106)[0m /home/yw4636/.conda/envs/verl/lib/python3.12/site-packages/verl/plugin/platform/platform_cuda.py:99: FutureWarning: torch.cuda._set_allocator_settings is deprecated. Use torch._C._accelerator_setAllocatorSettings instead.
[36m(WorkerDict pid=3130106)[0m   torch.cuda.memory._set_allocator_settings(settings)
[36m(TaskRunner pid=3129648)[0m Training Progress:  22%|██▏       | 60/267 [00:00<?, ?it/s]
[36m(AgentLoopWorker pid=3132312)[0m qwen-vl-utils using torchcodec to read video.
[36m(TaskRunner pid=3129648)[0m W0828 05:56:34.042000 3129648 site-packages/torch/fx/_symbolic_trace.py:53] is_fx_tracing will return true for both fx.symbolic_trace and torch.export. Please use is_fx_tracing_symbolic_tracing() for specifically fx.symbolic_trace or torch.compiler.is_compiling() for specifically torch.export/compile.
[36m(AgentLoopWorker pid=3132306)[0m qwen-vl-utils using torchcodec to read video.[32m [repeated 7x across cluster][0m
[36m(WorkerDict pid=3130106)[0m [rank0]:W0828 05:57:18.595000 3130106 site-packages/torch/fx/_symbolic_trace.py:53] is_fx_tracing will return true for both fx.symbolic_trace and torch.export. Please use is_fx_tracing_symbolic_tracing() for specifically fx.symbolic_trace or torch.compiler.is_compiling() for specifically torch.export/compile.
[36m(WorkerDict pid=3130106)[0m /home/yw4636/.conda/envs/verl/lib/python3.12/site-packages/verl/plugin/platform/platform_cuda.py:99: FutureWarning: torch.cuda._set_allocator_settings is deprecated. Use torch._C._accelerator_setAllocatorSettings instead.
[36m(WorkerDict pid=3130106)[0m   torch.cuda.memory._set_allocator_settings(settings)
[36m(TaskRunner pid=3129648)[0m Training Progress:  23%|██▎       | 61/267 [12:59<44:35:32, 779.29s/it]

[36m(AgentLoopWorker pid=3132307)[0m         },
[36m(AgentLoopWorker pid=3132307)[0m         "end_time": {
[36m(AgentLoopWorker pid=3132307)[0m           "type": "number",
[36m(AgentLoopWorker pid=3132307)[0m           "description": "Interval end in seconds, > start_time, <= video duration."
[36m(AgentLoopWorker pid=3132307)[0m         }
[36m(AgentLoopWorker pid=3132307)[0m       },
[36m(AgentLoopWorker pid=3132307)[0m       "required": [
[36m(AgentLoopWorker pid=3132307)[0m         "start_time",
[36m(AgentLoopWorker pid=3132307)[0m         "end_time"
[36m(AgentLoopWorker pid=3132307)[0m       ]
[36m(AgentLoopWorker pid=3132307)[0m     }
[36m(AgentLoopWorker pid=3132307)[0m   }
[36m(AgentLoopWorker pid=3132307)[0m }
[36m(vLLMHttpServer pid=3130435)[0m WARNING 08-28 05:54:13 [input_processor.py:157] vLLM has deprecated support for supporting different tokenizers for different LoRAs. By default, vLLM uses base model's tokenizer. If you are using a LoRA with its own tokenizer, consider specifying `--tokenizer [lora_path]` to use the LoRA tokenizer.
[36m(vLLMHttpServer pid=3130435)[0m WARNING 08-28 05:54:13 [input_processor.py:282] Passing raw prompts to InputProcessor is deprecated and will be removed in v0.18. You should instead pass the outputs of Renderer.render_cmpl() or Renderer.render_chat().
[36m(AgentLoopWorker pid=3132309)[0m Using dataset class: RLHFDataset[32m [repeated 7x across cluster] (Ray deduplicates logs by default. Set RAY_DEDUP_LOGS=0 to disable log deduplication, or see https://docs.ray.io/en/master/ray-observability/user-guides/configure-logging.html#log-deduplication for more options.)[0m
[36m(AgentLoopWorker pid=3132309)[0m {[32m [repeated 7x across cluster][0m
[36m(AgentLoopWorker pid=3132309)[0m   "type": "function",[32m [repeated 7x across cluster][0m
[36m(AgentLoopWorker pid=3132309)[0m   "function": {[32m [repeated 7x across cluster][0m
[36m(AgentLoopWorker pid=3132309)[0m     "name": "crop_video",[32m [repeated 7x across cluster][0m
[36m(AgentLoopWorker pid=3132309)[0m     "description": "Inspect a time interval of the current video closely: returns 30 higher-resolution frames sampled evenly from [start_time, end_time], each labeled with its timestamp in seconds.",[32m [repeated 7x across cluster][0m
[36m(AgentLoopWorker pid=3132309)[0m     "parameters": {[32m [repeated 7x across cluster][0m
[36m(AgentLoopWorker pid=3132309)[0m       "type": "object",[32m [repeated 7x across cluster][0m
[36m(AgentLoopWorker pid=3132309)[0m       "properties": {[32m [repeated 7x across cluster][0m
[36m(AgentLoopWorker pid=3132309)[0m         "start_time": {[32m [repeated 7x across cluster][0m
[36m(AgentLoopWorker pid=3132309)[0m           "type": "number",[32m [repeated 14x across cluster][0m
[36m(AgentLoopWorker pid=3132309)[0m           "description": "Interval start in seconds, >= 0."[32m [repeated 7x across cluster][0m
[36m(AgentLoopWorker pid=3132309)[0m       },[32m [repeated 14x across cluster][0m
[36m(AgentLoopWorker pid=3132309)[0m         "end_time": {[32m [repeated 7x across cluster][0m
[36m(AgentLoopWorker pid=3132309)[0m           "description": "Interval end in seconds, > start_time, <= video duration."[32m [repeated 7x across cluster][0m
[36m(AgentLoopWorker pid=3132309)[0m }[32m [repeated 28x across cluster][0m
[36m(AgentLoopWorker pid=3132309)[0m       "required": [[32m [repeated 7x across cluster][0m
[36m(AgentLoopWorker pid=3132309)[0m         "start_time",[32m [repeated 7x across cluster][0m
[36m(AgentLoopWorker pid=3132309)[0m         "end_time"[32m [repeated 7x across cluster][0m
[36m(AgentLoopWorker pid=3132309)[0m       ][32m [repeated 7x across cluster][0m
[36m(vLLMHttpServer pid=3130435)[0m (Worker pid=3131268) WARNING 08-28 05:54:14 [jit_monitor.py:106] Triton kernel JIT compilation during inference: _compute_slot_mapping_kernel. This causes a latency spike; consider extending warmup to cover this shape/config.
[36m(vLLMHttpServer pid=3130435)[0m (Worker pid=3131268) WARNING 08-28 05:54:14 [jit_monitor.py:106] Triton kernel JIT compilation during inference: _bilinear_pos_embed_kernel. This causes a latency spike; consider extending warmup to cover this shape/config.
[36m(vLLMHttpServer pid=3130435)[0m (Worker pid=3131268) WARNING 08-28 05:54:14 [jit_monitor.py:106] Triton kernel JIT compilation during inference: rotary_kernel. This causes a latency spike; consider extending warmup to cover this shape/config.
[36m(vLLMHttpServer pid=3130435)[0m (Worker pid=3131268) WARNING 08-28 05:54:14 [jit_monitor.py:106] Triton kernel JIT compilation during inference: _lora_expand_kernel. This causes a latency spike; consider extending warmup to cover this shape/config.
[36m(TaskRunner pid=3129648)[0m Dumped generations to /home/yw4636/agentic-tvg/results/grpo-vanilla/rollouts/61.jsonl
[36m(TaskRunner pid=3129648)[0m step:61 - global_seqlen/min:927714 - global_seqlen/max:927714 - global_seqlen/minmax_diff:0 - global_seqlen/balanced_min:927714 - global_seqlen/balanced_max:927714 - global_seqlen/mean:927714.0 - actor/entropy:1.0316791534423828 - perf/mfu/actor_infer:0.29183837168456706 - training/rollout_probs_diff_valid:1 - training/rollout_probs_diff_max:0.39112159609794617 - training/rollout_probs_diff_mean:0.008917788043618202 - training/rollout_probs_diff_std:0.013679226860404015 - training/rollout_actor_probs_pearson_corr:0.9990324378013611 - rollout_corr/training_ppl:2.8434910774230957 - rollout_corr/training_log_ppl:1.024416446685791 - rollout_corr/kl:0.0024063000455498695 - rollout_corr/k3_kl:0.0025112233124673367 - rollout_corr/rollout_ppl:2.8365814685821533 - rollout_corr/rollout_log_ppl:1.0220789909362793 - rollout_corr/log_ppl_diff:0.0023373314179480076 - rollout_corr/log_ppl_abs_diff:0.003035775851458311 - rollout_corr/log_ppl_diff_max:0.01385188102722168 - rollout_corr/log_ppl_diff_min:-0.00439220666885376 - rollout_corr/ppl_ratio:1.0023449659347534 - rollout_corr/chi2_token:0.005581498146057129 - rollout_corr/chi2_seq:0.43987274169921875 - actor/pg_clipfrac:np.float64(0.0) - actor/ppo_kl:np.float64(0.0) - actor/pg_clipfrac_lower:np.float64(0.0) - actor/pg_loss:np.float64(-0.006166349703562446) - actor/kl_loss:np.float64(0.0010393351622042246) - actor/kl_coef:np.float64(0.0010000000000000002) - actor/loss:np.float64(-0.006165310740470886) - actor/grad_norm:np.float64(0.056659311056137085) - actor/lr:np.float64(8.889816738792578e-06) - actor/perf/max_memory_allocated_gb:np.float64(39.137197971343994) - actor/perf/max_memory_reserved_gb:np.float64(41.689453125) - actor/perf/cpu_memory_used_gb:np.float64(95.09713363647461) - perf/mfu/actor:np.float64(0.3373777543163698) - training/global_step:61 - training/epoch:0 - critic/score/mean:1.1838098764419556 - critic/score/max:1.9408284425735474 - critic/score/min:0.0 - critic/rewards/mean:1.1838098764419556 - critic/rewards/max:1.9408284425735474 - critic/rewards/min:0.0 - critic/advantages/mean:0.006166337989270687 - critic/advantages/max:2.828951597213745 - critic/advantages/min:-3.0443506240844727 - critic/returns/mean:0.006166337989270687 - critic/returns/max:2.828951597213745 - critic/returns/min:-3.0443506240844727 - response_length/mean:3228.765625 - response_length/max:3602.0 - response_length/min:391.0 - response_length/clip_ratio:0.0 - response_length_non_aborted/mean:3228.765625 - response_length_non_aborted/max:3602.0 - response_length_non_aborted/min:391.0 - response_length_non_aborted/clip_ratio:0.0 - response/aborted_ratio:0.0 - prompt_length/mean:4019.0 - prompt_length/max:4145.0 - prompt_length/min:3939.0 - prompt_length/clip_ratio:0.0 - num_turns/min:np.int32(4) - num_turns/max:np.int32(4) - num_turns/mean:np.float64(4.0) - timing_s/start_profile:0.00021214899607002735 - timing_s/agent_loop/num_preempted/min:np.int64(-1) - timing_s/agent_loop/num_preempted/max:np.int64(-1) - timing_s/agent_loop/num_preempted/mean:np.float64(-1.0) - timing_s/agent_loop/generate_sequences/min:np.float64(62.29470878400025) - timing_s/agent_loop/generate_sequences/max:np.float64(123.42120857402915) - timing_s/agent_loop/generate_sequences/mean:np.float64(106.67978660488916) - timing_s/agent_loop/tool_calls/min:np.float64(0.00012898599379695952) - timing_s/agent_loop/tool_calls/max:np.float64(0.8108014730096329) - timing_s/agent_loop/tool_calls/mean:np.float64(0.17465717235063494) - timing_s/agent_loop/compute_score/min:np.float64(0.33452181800385006) - timing_s/agent_loop/compute_score/max:np.float64(3.1406089380034246) - timing_s/agent_loop/compute_score/mean:np.float64(1.099660767632031) - timing_s/agent_loop/slowest/generate_sequences:np.float64(123.42120857402915) - timing_s/agent_loop/slowest/tool_calls:np.float64(0.13430355599848554) - timing_s/agent_loop/slowest/compute_score:np.float64(2.5015168960089795) - timing_s/agent_loop/slowest/num_preempted:np.int64(-1) - timing_s/agent_loop/slowest/prompt_length:3958 - timing_s/agent_loop/slowest/response_length:3382 - timing_s/gen:157.36621111101704 - timing_s/reward:2.681801561266184e-05 - timing_s/old_log_prob:152.9657447829959 - timing_s/ref:137.92996522100293 - timing_s/adv:0.18116189201828092 - timing_s/update_actor:326.1477112720022 - timing_s/update_weights:3.9990406919969246 - timing_s/dump_rollout_generations:0.33043141799862497 - timing_s/step:779.0811219869938 - timing_s/stop_profile:4.175200592726469e-05 - timing_per_token_ms/gen:0.3807719937258749 - timing_per_token_ms/ref:0.14867724882992273 - timing_per_token_ms/update_actor:0.3515606224245858 - timing_per_token_ms/adv:0.00019527773863311422 - perf/total_num_tokens:927714 - perf/time_per_step:779.0811219869938 - perf/throughput:1190.779719618835[36m(TaskRunner pid=3129648)[0m Training Progress:  23%|██▎       | 62/267 [25:54<44:14:14, 776.85s/it]
[36m(TaskRunner pid=3129648)[0m Training Progress:  24%|██▎       | 63/267 [38:52<44:03:52, 777.61s/it]

[36m(TaskRunner pid=3129648)[0m Dumped generations to /home/yw4636/agentic-tvg/results/grpo-vanilla/rollouts/62.jsonl
[36m(TaskRunner pid=3129648)[0m step:62 - global_seqlen/min:927396 - global_seqlen/max:927396 - global_seqlen/minmax_diff:0 - global_seqlen/balanced_min:927396 - global_seqlen/balanced_max:927396 - global_seqlen/mean:927396.0 - actor/entropy:1.0496668815612793 - perf/mfu/actor_infer:0.2990982583928652 - training/rollout_probs_diff_valid:1 - training/rollout_probs_diff_max:0.2109166383743286 - training/rollout_probs_diff_mean:0.009009568952023983 - training/rollout_probs_diff_std:0.0141751104965806 - training/rollout_actor_probs_pearson_corr:0.998986542224884 - rollout_corr/training_ppl:3.266674757003784 - rollout_corr/training_log_ppl:1.0279008150100708 - rollout_corr/kl:0.0025980351492762566 - rollout_corr/k3_kl:0.002646547043696046 - rollout_corr/rollout_ppl:3.2584967613220215 - rollout_corr/rollout_log_ppl:1.0253552198410034 - rollout_corr/log_ppl_diff:0.0025456040166318417 - rollout_corr/log_ppl_abs_diff:0.003408034797757864 - rollout_corr/log_ppl_diff_max:0.016320347785949707 - rollout_corr/log_ppl_diff_min:-0.004513561725616455 - rollout_corr/ppl_ratio:1.0025556087493896 - rollout_corr/chi2_token:0.005462527275085449 - rollout_corr/chi2_seq:2.255314350128174 - actor/pg_clipfrac:np.float64(0.0) - actor/ppo_kl:np.float64(0.0) - actor/pg_clipfrac_lower:np.float64(0.0) - actor/pg_loss:np.float64(-0.03459575661690906) - actor/kl_loss:np.float64(0.001050005761499051) - actor/kl_coef:np.float64(0.0010000000000000002) - actor/loss:np.float64(-0.03459470346570015) - actor/grad_norm:np.float64(0.053201671689748764) - actor/lr:np.float64(8.854759634954008e-06) - actor/perf/max_memory_allocated_gb:np.float64(39.137197971343994) - actor/perf/max_memory_reserved_gb:np.float64(41.923828125) - actor/perf/cpu_memory_used_gb:np.float64(98.71062088012695) - perf/mfu/actor:np.float64(0.33605345728715136) - training/global_step:62 - training/epoch:0 - critic/score/mean:1.2826859951019287 - critic/score/max:1.9516667127609253 - critic/score/min:0.0 - critic/rewards/mean:1.2826859951019287 - critic/rewards/max:1.9516667127609253 - critic/rewards/min:0.0 - critic/advantages/mean:0.03459573909640312 - critic/advantages/max:2.4492805004119873 - critic/advantages/min:-3.31241774559021 - critic/returns/mean:0.03459573909640312 - critic/returns/max:2.4492805004119873 - critic/returns/min:-3.31241774559021 - response_length/mean:3226.28125 - response_length/max:3608.0 - response_length/min:257.0 - response_length/clip_ratio:0.0 - response_length_non_aborted/mean:3226.28125 - response_length_non_aborted/max:3608.0 - response_length_non_aborted/min:257.0 - response_length_non_aborted/clip_ratio:0.0 - response/aborted_ratio:0.0 - prompt_length/mean:4019.0 - prompt_length/max:4155.0 - prompt_length/min:3929.0 - prompt_length/clip_ratio:0.0 - num_turns/min:np.int32(2) - num_turns/max:np.int32(4) - num_turns/mean:np.float64(3.984375) - timing_s/start_profile:5.9886020608246326e-05 - timing_s/agent_loop/num_preempted/min:np.int64(-1) - timing_s/agent_loop/num_preempted/max:np.int64(-1) - timing_s/agent_loop/num_preempted/mean:np.float64(-1.0) - timing_s/agent_loop/generate_sequences/min:np.float64(71.25800932300626) - timing_s/agent_loop/generate_sequences/max:np.float64(116.58589438200579) - timing_s/agent_loop/generate_sequences/mean:np.float64(101.16827082163513) - timing_s/agent_loop/tool_calls/min:np.float64(0.0) - timing_s/agent_loop/tool_calls/max:np.float64(0.8047697150032036) - timing_s/agent_loop/tool_calls/mean:np.float64(0.14874086509144036) - timing_s/agent_loop/compute_score/min:np.float64(0.23837725500925444) - timing_s/agent_loop/compute_score/max:np.float64(4.208546545996796) - timing_s/agent_loop/compute_score/mean:np.float64(0.9928971962049218) - timing_s/agent_loop/slowest/generate_sequences:np.float64(114.50737808999838) - timing_s/agent_loop/slowest/tool_calls:np.float64(0.13992726898868568) - timing_s/agent_loop/slowest/compute_score:np.float64(3.0862638840044383) - timing_s/agent_loop/slowest/num_preempted:np.int64(-1) - timing_s/agent_loop/slowest/prompt_length:3951 - timing_s/agent_loop/slowest/response_length:3379 - timing_s/gen:145.5715157869854 - timing_s/reward:0.0005062550189904869 - timing_s/old_log_prob:153.46936242101947 - timing_s/ref:140.4039785049972 - timing_s/adv:0.17294715999742039 - timing_s/update_actor:331.0281614859996 - timing_s/update_weights:3.947946034022607 - timing_s/dump_rollout_generations:0.3312374639790505 - timing_s/step:775.0787463250163 - timing_s/stop_profile:4.2754021706059575e-05 - timing_per_token_ms/gen:0.35250413059488334 - timing_per_token_ms/ref:0.15139592849763986 - timing_per_token_ms/update_actor:0.35694370202804365 - timing_per_token_ms/adv:0.0001864868513530578 - perf/total_num_tokens:927396 - perf/time_per_step:775.0787463250163 - perf/throughput:1196.518423962966
[36m(TaskRunner pid=3129648)[0m Dumped generations to /home/yw4636/agentic-tvg/results/grpo-vanilla/rollouts/63.jsonl
[36m(TaskRunner pid=3129648)[0m step:63 - global_seqlen/min:927375 - global_seqlen/max:927375 - global_seqlen/minmax_diff:0 - global_seqlen/balanced_min:927375 - global_seqlen/balanced_max:927375 - global_seqlen/mean:927375.0 - actor/entropy:1.0783467292785645 - perf/mfu/actor_infer:0.29856643202891536 - training/rollout_probs_diff_valid:1 - training/rollout_probs_diff_max:0.25898468494415283 - training/rollout_probs_diff_mean:0.009045409969985485 - training/rollout_probs_diff_std:0.013659455813467503 - training/rollout_actor_probs_pearson_corr:0.9990226030349731 - rollout_corr/training_ppl:2.950307846069336 - rollout_corr/training_log_ppl:1.0619041919708252 - rollout_corr/kl:0.0022618514485657215 - rollout_corr/k3_kl:0.0024301065132021904 - rollout_corr/rollout_ppl:2.9434943199157715 - rollout_corr/rollout_log_ppl:1.0596731901168823 - rollout_corr/log_ppl_diff:0.0022310856729745865 - rollout_corr/log_ppl_abs_diff:0.003272674046456814 - rollout_corr/log_ppl_diff_max:0.011727571487426758 - rollout_corr/log_ppl_diff_min:-0.0078849196434021 - rollout_corr/ppl_ratio:1.0022389888763428 - rollout_corr/chi2_token:0.005307793617248535 - rollout_corr/chi2_seq:19.518810272216797 - actor/pg_clipfrac:np.float64(0.0) - actor/ppo_kl:np.float64(0.0) - actor/pg_clipfrac_lower:np.float64(0.0) - actor/pg_loss:np.float64(0.014531364984577522) - actor/kl_loss:np.float64(0.0011174191258760402) - actor/kl_coef:np.float64(0.0010000000000000002) - actor/loss:np.float64(0.014532480388879776) - actor/grad_norm:np.float64(0.05603088065981865) - actor/lr:np.float64(8.819238086832802e-06) - actor/perf/max_memory_allocated_gb:np.float64(39.137197971343994) - actor/perf/max_memory_reserved_gb:np.float64(41.923828125) - actor/perf/cpu_memory_used_gb:np.float64(116.10064315795898) - perf/mfu/actor:np.float64(0.3388464290683298) - training/global_step:63 - training/epoch:0 - critic/score/mean:1.192603588104248 - critic/score/max:2.0 - critic/score/min:0.5 - critic/rewards/mean:1.192603588104248 - critic/rewards/max:2.0 - critic/rewards/min:0.5 - critic/advantages/mean:-0.014531364664435387 - critic/advantages/max:3.749868869781494 - critic/advantages/min:-2.751833438873291 - critic/returns/mean:-0.014531364664435387 - critic/returns/max:3.749868869781494 - critic/returns/min:-2.751833438873291 - response_length/mean:3276.1171875 - response_length/max:3875.0 - response_length/min:3029.0 - response_length/clip_ratio:0.0 - response_length_non_aborted/mean:3276.1171875 - response_length_non_aborted/max:3875.0 - response_length_non_aborted/min:3029.0 - response_length_non_aborted/clip_ratio:0.0 - response/aborted_ratio:0.0 - prompt_length/mean:3969.0 - prompt_length/max:4153.0 - prompt_length/min:3933.0 - prompt_length/clip_ratio:0.0 - num_turns/min:np.int32(4) - num_turns/max:np.int32(4) - num_turns/mean:np.float64(4.0) - timing_s/start_profile:5.633701221086085e-05 - timing_s/agent_loop/num_preempted/min:np.int64(-1) - timing_s/agent_loop/num_preempted/max:np.int64(-1) - timing_s/agent_loop/num_preempted/mean:np.float64(-1.0) - timing_s/agent_loop/generate_sequences/min:np.float64(75.67286827499629) - timing_s/agent_loop/generate_sequences/max:np.float64(122.02984811499482) - timing_s/agent_loop/generate_sequences/mean:np.float64(104.2717707065392) - timing_s/agent_loop/tool_calls/min:np.float64(0.07525840698508546) - timing_s/agent_loop/tool_calls/max:np.float64(1.1922827319940552) - timing_s/agent_loop/tool_calls/mean:np.float64(0.1496307117422475) - timing_s/agent_loop/compute_score/min:np.float64(0.31834350200369954) - timing_s/agent_loop/compute_score/max:np.float64(3.998832274985034) - timing_s/agent_loop/compute_score/mean:np.float64(1.009001508217807) - timing_s/agent_loop/slowest/generate_sequences:np.float64(122.02984811499482) - timing_s/agent_loop/slowest/tool_calls:np.float64(0.1054374800005462) - timing_s/agent_loop/slowest/compute_score:np.float64(0.9303195679967757) - timing_s/agent_loop/slowest/num_preempted:np.int64(-1) - timing_s/agent_loop/slowest/prompt_length:3945 - timing_s/agent_loop/slowest/response_length:3875 - timing_s/gen:149.9599623749964 - timing_s/reward:0.0005493359931278974 - timing_s/old_log_prob:149.35948544598068 - timing_s/ref:148.03992889399524 - timing_s/adv:0.1694682700035628 - timing_s/update_actor:326.3311418029771 - timing_s/update_weights:4.075928934005788 - timing_s/dump_rollout_generations:0.32362408001790754 - timing_s/step:778.4347030000063 - timing_s/stop_profile:4.3274019844830036e-05 - timing_per_token_ms/gen:0.357606928874445 - timing_per_token_ms/ref:0.15963329709556032 - timing_per_token_ms/update_actor:0.3518869301016062 - timing_per_token_ms/adv:0.00018273974390463707 - perf/total_num_tokens:927375 - perf/time_per_step:778.4347030000063 - perf/throughput:1191.3330641940722[36m(TaskRunner pid=3129648)[0m Training Progress:  24%|██▍       | 64/267 [51:58<44:01:48, 780.83s/it]
[36m(TaskRunner pid=3129648)[0m Training Progress:  24%|██▍       | 65/267 [1:04:36<43:20:44, 772.50s/it]

[36m(TaskRunner pid=3129648)[0m Dumped generations to /home/yw4636/agentic-tvg/results/grpo-vanilla/rollouts/64.jsonl
[36m(TaskRunner pid=3129648)[0m step:64 - global_seqlen/min:929272 - global_seqlen/max:929272 - global_seqlen/minmax_diff:0 - global_seqlen/balanced_min:929272 - global_seqlen/balanced_max:929272 - global_seqlen/mean:929272.0 - actor/entropy:1.0147534608840942 - perf/mfu/actor_infer:0.2960006153955856 - training/rollout_probs_diff_valid:1 - training/rollout_probs_diff_max:0.5353567600250244 - training/rollout_probs_diff_mean:0.008817917667329311 - training/rollout_probs_diff_std:0.013744971714913845 - training/rollout_actor_probs_pearson_corr:0.9990345239639282 - rollout_corr/training_ppl:2.7813758850097656 - rollout_corr/training_log_ppl:1.0020556449890137 - rollout_corr/kl:0.0024471262004226446 - rollout_corr/k3_kl:0.0023945546709001064 - rollout_corr/rollout_ppl:2.7743992805480957 - rollout_corr/rollout_log_ppl:0.9995654821395874 - rollout_corr/log_ppl_diff:0.002490179380401969 - rollout_corr/log_ppl_abs_diff:0.003395023988559842 - rollout_corr/log_ppl_diff_max:0.011733174324035645 - rollout_corr/log_ppl_diff_min:-0.010051250457763672 - rollout_corr/ppl_ratio:1.0024995803833008 - rollout_corr/chi2_token:0.00472867488861084 - rollout_corr/chi2_seq:6.474270820617676 - actor/pg_clipfrac:np.float64(0.0) - actor/ppo_kl:np.float64(0.0) - actor/pg_clipfrac_lower:np.float64(0.0) - actor/pg_loss:np.float64(0.016910163569264114) - actor/kl_loss:np.float64(0.0011050690573028987) - actor/kl_coef:np.float64(0.0010000000000000002) - actor/loss:np.float64(0.01691126823425293) - actor/grad_norm:np.float64(0.05474478751420975) - actor/lr:np.float64(8.783257012152348e-06) - actor/perf/max_memory_allocated_gb:np.float64(39.137197971343994) - actor/perf/max_memory_reserved_gb:np.float64(41.923828125) - actor/perf/cpu_memory_used_gb:np.float64(132.02901077270508) - perf/mfu/actor:np.float64(0.33543238157916455) - training/global_step:64 - training/epoch:0 - critic/score/mean:1.1278914213180542 - critic/score/max:2.0 - critic/score/min:0.5 - critic/rewards/mean:1.1278914213180542 - critic/rewards/max:2.0 - critic/rewards/min:0.5 - critic/advantages/mean:-0.01691017672419548 - critic/advantages/max:3.415262460708618 - critic/advantages/min:-3.553218126296997 - critic/returns/mean:-0.01691017672419548 - critic/returns/max:3.415262460708618 - critic/returns/min:-3.553218126296997 - response_length/mean:3196.8125 - response_length/max:3642.0 - response_length/min:2916.0 - response_length/clip_ratio:0.0 - response_length_non_aborted/mean:3196.8125 - response_length_non_aborted/max:3642.0 - response_length_non_aborted/min:2916.0 - response_length_non_aborted/clip_ratio:0.0 - response/aborted_ratio:0.0 - prompt_length/mean:4063.125 - prompt_length/max:4144.0 - prompt_length/min:3941.0 - prompt_length/clip_ratio:0.0 - num_turns/min:np.int32(4) - num_turns/max:np.int32(4) - num_turns/mean:np.float64(4.0) - timing_s/start_profile:6.219997885636985e-05 - timing_s/agent_loop/num_preempted/min:np.int64(-1) - timing_s/agent_loop/num_preempted/max:np.int64(-1) - timing_s/agent_loop/num_preempted/mean:np.float64(-1.0) - timing_s/agent_loop/generate_sequences/min:np.float64(69.4745842780103) - timing_s/agent_loop/generate_sequences/max:np.float64(118.68259148002835) - timing_s/agent_loop/generate_sequences/mean:np.float64(101.67115797028123) - timing_s/agent_loop/tool_calls/min:np.float64(0.05947836200357415) - timing_s/agent_loop/tool_calls/max:np.float64(0.889665237016743) - timing_s/agent_loop/tool_calls/mean:np.float64(0.14729179850814944) - timing_s/agent_loop/compute_score/min:np.float64(0.3215602620039135) - timing_s/agent_loop/compute_score/max:np.float64(3.527973699005088) - timing_s/agent_loop/compute_score/mean:np.float64(1.0274658166467816) - timing_s/agent_loop/slowest/generate_sequences:np.float64(118.68259148002835) - timing_s/agent_loop/slowest/tool_calls:np.float64(0.889665237016743) - timing_s/agent_loop/slowest/compute_score:np.float64(1.0387137579964474) - timing_s/agent_loop/slowest/num_preempted:np.int64(-1) - timing_s/agent_loop/slowest/prompt_length:3941 - timing_s/agent_loop/slowest/response_length:3642 - timing_s/gen:144.9857699520071 - timing_s/reward:0.0005069239996373653 - timing_s/old_log_prob:156.10136109401355 - timing_s/ref:144.3710116959992 - timing_s/adv:0.1792449179920368 - timing_s/update_actor:335.5753119820147 - timing_s/update_weights:3.959826341975713 - timing_s/dump_rollout_generations:0.35454405401833355 - timing_s/step:785.6895375320164 - timing_s/stop_profile:4.721799632534385e-05 - timing_per_token_ms/gen:0.3543221029541318 - timing_per_token_ms/ref:0.1553592615466722 - timing_per_token_ms/update_actor:0.36111634912276996 - timing_per_token_ms/adv:0.00019288746243515008 - perf/total_num_tokens:929272 - perf/time_per_step:785.6895375320164 - perf/throughput:1182.7470719783291
[36m(TaskRunner pid=3129648)[0m Dumped generations to /home/yw4636/agentic-tvg/results/grpo-vanilla/rollouts/65.jsonl
[36m(TaskRunner pid=3129648)[0m step:65 - global_seqlen/min:917350 - global_seqlen/max:917350 - global_seqlen/minmax_diff:0 - global_seqlen/balanced_min:917350 - global_seqlen/balanced_max:917350 - global_seqlen/mean:917350.0 - actor/entropy:1.020154356956482 - perf/mfu/actor_infer:0.2973342599924576 - training/rollout_probs_diff_valid:1 - training/rollout_probs_diff_max:0.29197144508361816 - training/rollout_probs_diff_mean:0.008988923393189907 - training/rollout_probs_diff_std:0.013672463595867157 - training/rollout_actor_probs_pearson_corr:0.9990131855010986 - rollout_corr/training_ppl:2.797828197479248 - rollout_corr/training_log_ppl:1.0081121921539307 - rollout_corr/kl:0.002409209730103612 - rollout_corr/k3_kl:0.0024222664069384336 - rollout_corr/rollout_ppl:2.7911436557769775 - rollout_corr/rollout_log_ppl:1.0056850910186768 - rollout_corr/log_ppl_diff:0.0024269884452223778 - rollout_corr/log_ppl_abs_diff:0.003344787284731865 - rollout_corr/log_ppl_diff_max:0.01530599594116211 - rollout_corr/log_ppl_diff_min:-0.005289614200592041 - rollout_corr/ppl_ratio:1.0024360418319702 - rollout_corr/chi2_token:0.004868268966674805 - rollout_corr/chi2_seq:3.2251243591308594 - actor/pg_clipfrac:np.float64(0.0) - actor/ppo_kl:np.float64(0.0) - actor/pg_clipfrac_lower:np.float64(0.0) - actor/pg_loss:np.float64(0.0032761285547167063) - actor/kl_loss:np.float64(0.0010946452330244938) - actor/kl_coef:np.float64(0.0010000000000000002) - actor/loss:np.float64(0.003277229145169258) - actor/grad_norm:np.float64(0.05460662394762039) - actor/lr:np.float64(8.746821392254458e-06) - actor/perf/max_memory_allocated_gb:np.float64(39.137197971343994) - actor/perf/max_memory_reserved_gb:np.float64(41.923828125) - actor/perf/cpu_memory_used_gb:np.float64(98.72411346435547) - perf/mfu/actor:np.float64(0.3393580084002507) - training/global_step:65 - training/epoch:0 - critic/score/mean:1.174894094467163 - critic/score/max:1.9867256879806519 - critic/score/min:0.5 - critic/rewards/mean:1.174894094467163 - critic/rewards/max:1.9867256879806519 - critic/rewards/min:0.5 - critic/advantages/mean:-0.003276118775829673 - critic/advantages/max:2.0926032066345215 - critic/advantages/min:-3.703263759613037 - critic/returns/mean:-0.003276118775829673 - critic/returns/max:2.0926032066345215 - critic/returns/min:-3.703263759613037 - response_length/mean:3166.921875 - response_length/max:3517.0 - response_length/min:2727.0 - response_length/clip_ratio:0.0 - response_length_non_aborted/mean:3166.921875 - response_length_non_aborted/max:3517.0 - response_length_non_aborted/min:2727.0 - response_length_non_aborted/clip_ratio:0.0 - response/aborted_ratio:0.0 - prompt_length/mean:3999.875 - prompt_length/max:4149.0 - prompt_length/min:3619.0 - prompt_length/clip_ratio:0.0 - num_turns/min:np.int32(4) - num_turns/max:np.int32(4) - num_turns/mean:np.float64(4.0) - timing_s/start_profile:6.1618018662557e-05 - timing_s/agent_loop/num_preempted/min:np.int64(-1) - timing_s/agent_loop/num_preempted/max:np.int64(-1) - timing_s/agent_loop/num_preempted/mean:np.float64(-1.0) - timing_s/agent_loop/generate_sequences/min:np.float64(69.18561218498508) - timing_s/agent_loop/generate_sequences/max:np.float64(119.49289685799158) - timing_s/agent_loop/generate_sequences/mean:np.float64(103.45698860931975) - timing_s/agent_loop/tool_calls/min:np.float64(0.05967810298898257) - timing_s/agent_loop/tool_calls/max:np.float64(0.717865915998118) - timing_s/agent_loop/tool_calls/mean:np.float64(0.1354240543114429) - timing_s/agent_loop/compute_score/min:np.float64(0.2880510709946975) - timing_s/agent_loop/compute_score/max:np.float64(2.73850916599622) - timing_s/agent_loop/compute_score/mean:np.float64(0.966491147375109) - timing_s/agent_loop/slowest/generate_sequences:np.float64(119.49289685799158) - timing_s/agent_loop/slowest/tool_calls:np.float64(0.13171150497510098) - timing_s/agent_loop/slowest/compute_score:np.float64(1.0757908760278951) - timing_s/agent_loop/slowest/num_preempted:np.int64(-1) - timing_s/agent_loop/slowest/prompt_length:4149 - timing_s/agent_loop/slowest/response_length:3384 - timing_s/gen:147.15245660499204 - timing_s/reward:0.0005168549832887948 - timing_s/old_log_prob:150.56846065999707 - timing_s/ref:136.3427278349991 - timing_s/adv:0.17329358597635292 - timing_s/update_actor:318.9065220539924 - timing_s/update_weights:4.01889647799544 - timing_s/dump_rollout_generations:0.3305349399743136 - timing_s/step:757.6556625030062 - timing_s/stop_profile:4.3917010771110654e-05 - timing_per_token_ms/gen:0.3630113443283157 - timing_per_token_ms/ref:0.1486267268054713 - timing_per_token_ms/update_actor:0.3476388750792962 - timing_per_token_ms/adv:0.0001889067269595606 - perf/total_num_tokens:917350 - perf/time_per_step:757.6556625030062 - perf/throughput:1210.7742941819038[36m(TaskRunner pid=3129648)[0m Training Progress:  25%|██▍       | 66/267 [1:17:14<42:51:44, 767.69s/it]
[36m(TaskRunner pid=3129648)[0m Training Progress:  25%|██▌       | 67/267 [1:30:20<42:58:36, 773.58s/it]

[36m(TaskRunner pid=3129648)[0m Dumped generations to /home/yw4636/agentic-tvg/results/grpo-vanilla/rollouts/66.jsonl
[36m(TaskRunner pid=3129648)[0m step:66 - global_seqlen/min:926527 - global_seqlen/max:926527 - global_seqlen/minmax_diff:0 - global_seqlen/balanced_min:926527 - global_seqlen/balanced_max:926527 - global_seqlen/mean:926527.0 - actor/entropy:0.9571595788002014 - perf/mfu/actor_infer:0.2973953715107536 - training/rollout_probs_diff_valid:1 - training/rollout_probs_diff_max:0.37415894865989685 - training/rollout_probs_diff_mean:0.008956278674304485 - training/rollout_probs_diff_std:0.01450700405985117 - training/rollout_actor_probs_pearson_corr:0.998924970626831 - rollout_corr/training_ppl:2.600167751312256 - rollout_corr/training_log_ppl:0.9343149662017822 - rollout_corr/kl:0.001961849629878998 - rollout_corr/k3_kl:0.0024148114025592804 - rollout_corr/rollout_ppl:2.5948472023010254 - rollout_corr/rollout_log_ppl:0.9323691129684448 - rollout_corr/log_ppl_diff:0.001945715630427003 - rollout_corr/log_ppl_abs_diff:0.0030154071282595396 - rollout_corr/log_ppl_diff_max:0.01582092046737671 - rollout_corr/log_ppl_diff_min:-0.0067833662033081055 - rollout_corr/ppl_ratio:1.0019532442092896 - rollout_corr/chi2_token:0.005804181098937988 - rollout_corr/chi2_seq:4.132346153259277 - actor/pg_clipfrac:np.float64(0.0) - actor/ppo_kl:np.float64(0.0) - actor/pg_clipfrac_lower:np.float64(0.0) - actor/pg_loss:np.float64(0.00033571466337889433) - actor/kl_loss:np.float64(0.001077920474926941) - actor/kl_coef:np.float64(0.0010000000000000002) - actor/loss:np.float64(0.0003367960453033447) - actor/grad_norm:np.float64(0.13104310631752014) - actor/lr:np.float64(8.709936271409712e-06) - actor/perf/max_memory_allocated_gb:np.float64(39.137197971343994) - actor/perf/max_memory_reserved_gb:np.float64(41.923828125) - actor/perf/cpu_memory_used_gb:np.float64(115.11713409423828) - perf/mfu/actor:np.float64(0.3391076920610313) - training/global_step:66 - training/epoch:0 - critic/score/mean:1.243329405784607 - critic/score/max:1.9562737941741943 - critic/score/min:0.5 - critic/rewards/mean:1.243329405784607 - critic/rewards/max:1.9562737941741943 - critic/rewards/min:0.5 - critic/advantages/mean:-0.0003357263922225684 - critic/advantages/max:3.7499847412109375 - critic/advantages/min:-3.3842546939849854 - critic/returns/mean:-0.0003357263922225684 - critic/returns/max:3.7499847412109375 - critic/returns/min:-3.3842546939849854 - response_length/mean:3246.4921875 - response_length/max:3786.0 - response_length/min:2956.0 - response_length/clip_ratio:0.0 - response_length_non_aborted/mean:3246.4921875 - response_length_non_aborted/max:3786.0 - response_length_non_aborted/min:2956.0 - response_length_non_aborted/clip_ratio:0.0 - response/aborted_ratio:0.0 - prompt_length/mean:3992.0 - prompt_length/max:4144.0 - prompt_length/min:3932.0 - prompt_length/clip_ratio:0.0 - num_turns/min:np.int32(4) - num_turns/max:np.int32(4) - num_turns/mean:np.float64(4.0) - timing_s/start_profile:6.062400643713772e-05 - timing_s/agent_loop/num_preempted/min:np.int64(-1) - timing_s/agent_loop/num_preempted/max:np.int64(-1) - timing_s/agent_loop/num_preempted/mean:np.float64(-1.0) - timing_s/agent_loop/generate_sequences/min:np.float64(71.08061164899846) - timing_s/agent_loop/generate_sequences/max:np.float64(119.84995620200061) - timing_s/agent_loop/generate_sequences/mean:np.float64(102.62389378628859) - timing_s/agent_loop/tool_calls/min:np.float64(0.06193396501475945) - timing_s/agent_loop/tool_calls/max:np.float64(1.4726742779894266) - timing_s/agent_loop/tool_calls/mean:np.float64(0.13751497092039244) - timing_s/agent_loop/compute_score/min:np.float64(0.3262044760049321) - timing_s/agent_loop/compute_score/max:np.float64(5.505820953985676) - timing_s/agent_loop/compute_score/mean:np.float64(1.6120823615929112) - timing_s/agent_loop/slowest/generate_sequences:np.float64(119.69239610203658) - timing_s/agent_loop/slowest/tool_calls:np.float64(0.09583781400579028) - timing_s/agent_loop/slowest/compute_score:np.float64(1.8249432079901453) - timing_s/agent_loop/slowest/num_preempted:np.int64(-1) - timing_s/agent_loop/slowest/prompt_length:3940 - timing_s/agent_loop/slowest/response_length:3450 - timing_s/gen:146.80180905599263 - timing_s/reward:0.0005316280003171414 - timing_s/old_log_prob:150.03549430699786 - timing_s/ref:136.0593647469941 - timing_s/adv:0.17239090998191386 - timing_s/update_actor:320.6399308189866 - timing_s/update_weights:4.058098490990233 - timing_s/dump_rollout_generations:0.3283931850164663 - timing_s/step:758.2706359940057 - timing_s/stop_profile:4.462499055080116e-05 - timing_per_token_ms/gen:0.3532702581776789 - timing_per_token_ms/ref:0.1468487855691136 - timing_per_token_ms/update_actor:0.3460664727730402 - timing_per_token_ms/adv:0.0001860613991625866 - perf/total_num_tokens:926527 - perf/time_per_step:758.2706359940057 - perf/throughput:1221.894869745852
[36m(TaskRunner pid=3129648)[0m Dumped generations to /home/yw4636/agentic-tvg/results/grpo-vanilla/rollouts/67.jsonl
[36m(TaskRunner pid=3129648)[0m step:67 - global_seqlen/min:933445 - global_seqlen/max:933445 - global_seqlen/minmax_diff:0 - global_seqlen/balanced_min:933445 - global_seqlen/balanced_max:933445 - global_seqlen/mean:933445.0 - actor/entropy:1.0384621620178223 - perf/mfu/actor_infer:0.2975999972051893 - training/rollout_probs_diff_valid:1 - training/rollout_probs_diff_max:0.34966611862182617 - training/rollout_probs_diff_mean:0.009138540364801884 - training/rollout_probs_diff_std:0.013736027292907238 - training/rollout_actor_probs_pearson_corr:0.9990024566650391 - rollout_corr/training_ppl:2.810570240020752 - rollout_corr/training_log_ppl:1.0119093656539917 - rollout_corr/kl:0.0026751684490591288 - rollout_corr/k3_kl:0.002584664849564433 - rollout_corr/rollout_ppl:2.802614688873291 - rollout_corr/rollout_log_ppl:1.0090529918670654 - rollout_corr/log_ppl_diff:0.0028565239626914263 - rollout_corr/log_ppl_abs_diff:0.0034481959883123636 - rollout_corr/log_ppl_diff_max:0.013724982738494873 - rollout_corr/log_ppl_diff_min:-0.0031856894493103027 - rollout_corr/ppl_ratio:1.0028660297393799 - rollout_corr/chi2_token:0.005236983299255371 - rollout_corr/chi2_seq:0.177254319190979 - actor/pg_clipfrac:np.float64(0.0) - actor/ppo_kl:np.float64(0.0) - actor/pg_clipfrac_lower:np.float64(0.0) - actor/pg_loss:np.float64(0.0057696320582181215) - actor/kl_loss:np.float64(0.0011611610007093986) - actor/kl_coef:np.float64(0.0010000000000000002) - actor/loss:np.float64(0.0057708024978637695) - actor/grad_norm:np.float64(0.05384785681962967) - actor/lr:np.float64(8.672606756119131e-06) - actor/perf/max_memory_allocated_gb:np.float64(39.19436836242676) - actor/perf/max_memory_reserved_gb:np.float64(42.041015625) - actor/perf/cpu_memory_used_gb:np.float64(99.52708435058594) - perf/mfu/actor:np.float64(0.3381328732632382) - training/global_step:67 - training/epoch:0 - critic/score/mean:1.1893545389175415 - critic/score/max:1.992410659790039 - critic/score/min:0.5 - critic/rewards/mean:1.1893545389175415 - critic/rewards/max:1.992410659790039 - critic/rewards/min:0.5 - critic/advantages/mean:-0.005769646260887384 - critic/advantages/max:3.747049331665039 - critic/advantages/min:-3.50034499168396 - critic/returns/mean:-0.005769646260887384 - critic/returns/max:3.747049331665039 - critic/returns/min:-3.50034499168396 - response_length/mean:3253.2890625 - response_length/max:3685.0 - response_length/min:2923.0 - response_length/clip_ratio:0.0 - response_length_non_aborted/mean:3253.2890625 - response_length_non_aborted/max:3685.0 - response_length_non_aborted/min:2923.0 - response_length_non_aborted/clip_ratio:0.0 - response/aborted_ratio:0.0 - prompt_length/mean:4039.25 - prompt_length/max:4151.0 - prompt_length/min:3930.0 - prompt_length/clip_ratio:0.0 - num_turns/min:np.int32(4) - num_turns/max:np.int32(4) - num_turns/mean:np.float64(4.0) - timing_s/start_profile:5.682901246473193e-05 - timing_s/agent_loop/num_preempted/min:np.int64(-1) - timing_s/agent_loop/num_preempted/max:np.int64(-1) - timing_s/agent_loop/num_preempted/mean:np.float64(-1.0) - timing_s/agent_loop/generate_sequences/min:np.float64(56.73838133199024) - timing_s/agent_loop/generate_sequences/max:np.float64(118.71377912099706) - timing_s/agent_loop/generate_sequences/mean:np.float64(103.00814770392185) - timing_s/agent_loop/tool_calls/min:np.float64(0.05628630501450971) - timing_s/agent_loop/tool_calls/max:np.float64(0.7754955459968187) - timing_s/agent_loop/tool_calls/mean:np.float64(0.14424488201461827) - timing_s/agent_loop/compute_score/min:np.float64(0.3287409189797472) - timing_s/agent_loop/compute_score/max:np.float64(10.95969244200387) - timing_s/agent_loop/compute_score/mean:np.float64(1.2995731722819528) - timing_s/agent_loop/slowest/generate_sequences:np.float64(115.65322960200137) - timing_s/agent_loop/slowest/tool_calls:np.float64(0.14356770500307903) - timing_s/agent_loop/slowest/compute_score:np.float64(10.95969244200387) - timing_s/agent_loop/slowest/num_preempted:np.int64(-1) - timing_s/agent_loop/slowest/prompt_length:3949 - timing_s/agent_loop/slowest/response_length:3639 - timing_s/gen:146.85719007300213 - timing_s/reward:0.000509031000547111 - timing_s/old_log_prob:156.7223791370052 - timing_s/ref:140.80194334199768 - timing_s/adv:0.17245018301764503 - timing_s/update_actor:336.58643204398686 - timing_s/update_weights:4.037361321999924 - timing_s/dump_rollout_generations:0.33096088501042686 - timing_s/step:785.6574355050107 - timing_s/stop_profile:4.711397923529148e-05 - timing_per_token_ms/gen:0.35266518756979626 - timing_per_token_ms/ref:0.15084117793977972 - timing_per_token_ms/update_actor:0.360585178606117 - timing_per_token_ms/adv:0.00018474594969992343 - perf/total_num_tokens:933445 - perf/time_per_step:785.6574355050107 - perf/throughput:1188.1068743402056
Error executing job with overrides: ['algorithm.adv_estimator=grpo', 'algorithm.use_kl_in_reward=False', 'data.train_files=/home/yw4636/agentic-tvg/data/processed/rl_train.parquet', 'data.val_files=/home/yw4636/agentic-tvg/data/processed/rl_val.parquet', 'data.return_raw_chat=True', 'data.train_batch_size=8', 'data.max_prompt_length=4608', 'data.max_response_length=16384', 'data.filter_overlong_prompts=False', 'data.truncation=error', 'data.image_patch_size=16', 'actor_rollout_ref.model.path=/home/yw4636/agentic-tvg/results/sft-mix/merged', 'actor_rollout_ref.model.use_remove_padding=True', 'actor_rollout_ref.model.enable_gradient_checkpointing=True', 'actor_rollout_ref.model.lora_rank=16', 'actor_rollout_ref.model.lora_alpha=32', 'actor_rollout_ref.model.target_modules=all-linear', 'actor_rollout_ref.model.exclude_modules=.*visual.*', 'actor_rollout_ref.actor.strategy=fsdp2', 'actor_rollout_ref.actor.optim.lr=1e-5', 'actor_rollout_ref.actor.optim.lr_scheduler_type=cosine', 'actor_rollout_ref.actor.optim.min_lr_ratio=0.1', 'actor_rollout_ref.actor.ppo_mini_batch_size=8', 'actor_rollout_ref.actor.use_dynamic_bsz=True', 'actor_rollout_ref.actor.ppo_max_token_len_per_gpu=24576', 'actor_rollout_ref.actor.use_kl_loss=True', 'actor_rollout_ref.actor.kl_loss_coef=0.001', 'actor_rollout_ref.actor.kl_loss_type=low_var_kl', 'actor_rollout_ref.actor.entropy_coeff=0', 'actor_rollout_ref.actor.fsdp_config.param_offload=False', 'actor_rollout_ref.actor.fsdp_config.optimizer_offload=False', 'actor_rollout_ref.rollout.name=vllm', 'actor_rollout_ref.rollout.mode=async', 'actor_rollout_ref.rollout.max_model_len=20992', 'actor_rollout_ref.rollout.tensor_model_parallel_size=1', 'actor_rollout_ref.rollout.gpu_memory_utilization=0.65', 'actor_rollout_ref.rollout.n=16', 'actor_rollout_ref.rollout.load_format=safetensors', 'actor_rollout_ref.rollout.layered_summon=True', '+actor_rollout_ref.rollout.limit_images=112', '+actor_rollout_ref.rollout.engine_kwargs.vllm.mm_processor_kwargs={max_pixels:150528}', 'actor_rollout_ref.rollout.enable_chunked_prefill=True', 'actor_rollout_ref.rollout.max_num_batched_tokens=24576', 'actor_rollout_ref.rollout.free_cache_engine=True', 'actor_rollout_ref.rollout.log_prob_use_dynamic_bsz=True', 'actor_rollout_ref.rollout.log_prob_max_token_len_per_gpu=24576', 'actor_rollout_ref.rollout.val_kwargs.do_sample=False', 'actor_rollout_ref.rollout.val_kwargs.temperature=0', 'actor_rollout_ref.rollout.multi_turn.enable=True', 'actor_rollout_ref.rollout.multi_turn.format=hermes', 'actor_rollout_ref.rollout.multi_turn.max_user_turns=3', 'actor_rollout_ref.rollout.multi_turn.max_assistant_turns=4', 'actor_rollout_ref.rollout.multi_turn.max_parallel_calls=1', 'actor_rollout_ref.rollout.multi_turn.max_tool_response_length=2048', 'actor_rollout_ref.rollout.multi_turn.tool_config_path=/home/yw4636/agentic-tvg/crop_video_tool.yaml', 'actor_rollout_ref.rollout.agent.default_agent_loop=tool_agent', 'reward.custom_reward_function.path=/home/yw4636/agentic-tvg/agentic_tvg/reward.py', 'reward.custom_reward_function.name=compute_score_qa', 'trainer.use_v1=False', 'trainer.n_gpus_per_node=1', 'trainer.nnodes=1', 'trainer.logger=["console","tensorboard"]', 'trainer.project_name=agentic-tvg', 'trainer.experiment_name=grpo_vanilla', 'trainer.default_local_dir=/home/yw4636/agentic-tvg/results/grpo-vanilla/ckpt', 'trainer.rollout_data_dir=/home/yw4636/agentic-tvg/results/grpo-vanilla/rollouts', 'trainer.validation_data_dir=/home/yw4636/agentic-tvg/results/grpo-vanilla/val_rollouts', 'data.val_batch_size=2', 'trainer.val_before_train=True', '+trainer.max_actor_ckpt_to_keep=1', 'trainer.save_freq=20', 'trainer.test_freq=20', 'trainer.total_epochs=100', 'trainer.total_training_steps=267', 'trainer.val_before_train=False']
Traceback (most recent call last):
  File "/home/yw4636/.conda/envs/verl/lib/python3.12/site-packages/verl/trainer/main_ppo.py", line 193, in main
    run_ppo(config, task_runner_class=TaskRunner)
  File "/home/yw4636/.conda/envs/verl/lib/python3.12/site-packages/verl/trainer/main_ppo.py", line 94, in run_ppo
    ray.get(runner.run.remote(config))
  File "/home/yw4636/.conda/envs/verl/lib/python3.12/site-packages/ray/_private/auto_init_hook.py", line 22, in auto_init_wrapper
    return fn(*args, **kwargs)
           ^^^^^^^^^^^^^^^^^^^
  File "/home/yw4636/.conda/envs/verl/lib/python3.12/site-packages/ray/_private/client_mode_hook.py", line 134, in wrapper
    return func(*args, **kwargs)
           ^^^^^^^^^^^^^^^^^^^^^
  File "/home/yw4636/.conda/envs/verl/lib/python3.12/site-packages/ray/_private/worker.py", line 2986, in get
    values, debugger_breakpoint = worker.get_objects(
                                  ^^^^^^^^^^^^^^^^^^^
  File "/home/yw4636/.conda/envs/verl/lib/python3.12/site-packages/ray/_private/worker.py", line 1050, in get_objects
    raise value.as_instanceof_cause()
ray.exceptions.RayTaskError(JudgeUnavailable): [36mray::TaskRunner.run()[39m (pid=3129648, ip=10.110.2.5, actor_id=39f88b7de6c1f8ade6b29b6201000000, repr=<verl.trainer.main_ppo_v0.TaskRunner object at 0x7f5838ff5010>)
           ^^^^^^^^^^^^^^^^^^^^^^^^^^^^^^^^^^^^
           ^^^^^^^^^^^^^^^^^^^^^^^^^^^^^^^
  File "/home/yw4636/.conda/envs/verl/lib/python3.12/site-packages/verl/trainer/main_ppo_v0.py", line 234, in run
    trainer.fit()
  File "/home/yw4636/.conda/envs/verl/lib/python3.12/site-packages/verl/trainer/ppo/ray_trainer.py", line 1488, in fit
    combined_gen_output = self.async_rollout_manager.generate_sequences(combined_gen_batch)
                          ^^^^^^^^^^^^^^^^^^^^^^^^^^^^^^^^^^^^^^^^^^^^^^^^^^^^^^^^^^^^^^^^^
  File "/home/yw4636/.conda/envs/verl/lib/python3.12/site-packages/verl/utils/ray_utils.py", line 123, in wrapper
    return asyncio.run(coro)
           ^^^^^^^^^^^^^^^^^
  File "/home/yw4636/.conda/envs/verl/lib/python3.12/asyncio/runners.py", line 195, in run
    return runner.run(main)
           ^^^^^^^^^^^^^^^^
  File "/home/yw4636/.conda/envs/verl/lib/python3.12/asyncio/runners.py", line 118, in run
    return self._loop.run_until_complete(task)
           ^^^^^^^^^^^^^^^^^^^^^^^^^^^^^^^^^^^
  File "uvloop/loop.pyx", line 1518, in uvloop.loop.Loop.run_until_complete
  File "/home/yw4636/.conda/envs/verl/lib/python3.12/site-packages/verl/utils/skip/skip_manager.py", line 89, in async_wrapper
    return await func(*args, **kwargs_inner)
           ^^^^^^^^^^^^^^^^^^^^^^^^^^^^^^^^^
  File "/home/yw4636/.conda/envs/verl/lib/python3.12/site-packages/verl/experimental/agent_loop/agent_loop.py", line 1241, in generate_sequences
    outputs = await asyncio.gather(
              ^^^^^^^^^^^^^^^^^^^^^
  File "/home/yw4636/.conda/envs/verl/lib/python3.12/asyncio/tasks.py", line 684, in _wrap_awaitable
    return await awaitable
           ^^^^^^^^^^^^^^^
ray.exceptions.RayTaskError(JudgeUnavailable): [36mray::AgentLoopWorker.generate_sequences()[39m (pid=3132312, ip=10.110.2.5, actor_id=d2b913c25620903aaffbcab801000000, repr=<verl.experimental.agent_loop.agent_loop.AgentLoopWorker object at 0x7f1a5a3660c0>)
  File "/home/yw4636/.conda/envs/verl/lib/python3.12/concurrent/futures/_base.py", line 449, in result
    return self.__get_result()
           ^^^^^^^^^^^^^^^^^^^
  File "/home/yw4636/.conda/envs/verl/lib/python3.12/concurrent/futures/_base.py", line 401, in __get_result
    raise self._exception
           ^^^^^^^^^^^^^^^^^^^^^^^^^^^^^^^^^^^^^
  File "/home/yw4636/.conda/envs/verl/lib/python3.12/site-packages/verl/experimental/agent_loop/agent_loop.py", line 668, in generate_sequences
    outputs = await asyncio.gather(*tasks)
              ^^^^^^^^^^^^^^^^^^^^^^^^^^^^
           ^^^^^^^^^^^^^^^^^^^^^^^^^^^^^^^^^^^^^
  File "/home/yw4636/.conda/envs/verl/lib/python3.12/site-packages/verl/experimental/agent_loop/agent_loop.py", line 708, in _run_agent_loop
    return await self._agent_loop_postprocess(output, trajectory["validate"], **kwargs)
           ^^^^^^^^^^^^^^^^^^^^^^^^^^^^^^^^^^^^^^^^^^^^^^^^^^^^^^^^^^^^^^^^^^^^^^^^^^^^
           ^^^^^^^^^^^^^^^^^^^^^^^^^^^^^^^^^^^^^
  File "/home/yw4636/.conda/envs/verl/lib/python3.12/site-packages/verl/experimental/agent_loop/agent_loop.py", line 834, in _agent_loop_postprocess
    await self._compute_score([output], kwargs=kwargs)
           ^^^^^^^^^^^^^^^^^^^^^^^^^^^^^^^^^^^^^
  File "/home/yw4636/.conda/envs/verl/lib/python3.12/site-packages/verl/experimental/agent_loop/agent_loop.py", line 1020, in _compute_score
    result = await selected_reward_loop_worker_handle.compute_score.remote(data)
             ^^^^^^^^^^^^^^^^^^^^^^^^^^^^^^^^^^^^^^^^^^^^^^^^^^^^^^^^^^^^^^^^^^^
ray.exceptions.RayTaskError(JudgeUnavailable): [36mray::RewardLoopWorker.compute_score()[39m (pid=3130431, ip=10.110.2.5, actor_id=264de9031e42484e013bbc3601000000, repr=<verl.experimental.reward_loop.reward_loop.RewardLoopWorker object at 0x7f1f88d92c60>)
           ^^^^^^^^^^^^^^^^^^^^^^^^
  File "/home/yw4636/.conda/envs/verl/lib/python3.12/site-packages/anthropic/_utils/_utils.py", line 294, in wrapper
    return func(*args, **kwargs)
           ^^^^^^^^^^^^^^^^^^^^^
  File "/home/yw4636/.conda/envs/verl/lib/python3.12/site-packages/anthropic/resources/messages/messages.py", line 968, in create
    return self._post(
           ^^^^^^^^^^^
  File "/home/yw4636/.conda/envs/verl/lib/python3.12/site-packages/anthropic/_base_client.py", line 1490, in post
    return cast(ResponseT, self.request(cast_to, opts, stream=stream, stream_cls=stream_cls))
                           ^^^^^^^^^^^^^^^^^^^^^^^^^^^^^^^^^^^^^^^^^^^^^^^^^^^^^^^^^^^^^^^^^
  File "/home/yw4636/.conda/envs/verl/lib/python3.12/site-packages/anthropic/_base_client.py", line 1174, in request
    raise self._make_status_error_from_response(response) from None
anthropic.BadRequestError: Error code: 400 - {'type': 'error', 'error': {'type': 'invalid_request_error', 'message': 'Your credit balance is too low to access the Anthropic API. Please go to Plans & Billing to upgrade or purchase credits.'}, 'request_id': 'req_011CeUkMavzgokVpPt5AnEQH'}

The above exception was the direct cause of the following exception:

[36mray::RewardLoopWorker.compute_score()[39m (pid=3130431, ip=10.110.2.5, actor_id=264de9031e42484e013bbc3601000000, repr=<verl.experimental.reward_loop.reward_loop.RewardLoopWorker object at 0x7f1f88d92c60>)
  File "/home/yw4636/.conda/envs/verl/lib/python3.12/concurrent/futures/_base.py", line 449, in result
    return self.__get_result()
           ^^^^^^^^^^^^^^^^^^^
  File "/home/yw4636/.conda/envs/verl/lib/python3.12/concurrent/futures/_base.py", line 401, in __get_result
    raise self._exception
           ^^^^^^^^^^^^^^^^^^^^^^^^^^^^^^^^^^^^^
  File "/home/yw4636/.conda/envs/verl/lib/python3.12/site-packages/verl/experimental/reward_loop/reward_loop.py", line 148, in compute_score
    return await self.reward_manager.run_single(data)
           ^^^^^^^^^^^^^^^^^^^^^^^^^^^^^^^^^^^^^^^^^^
  File "/home/yw4636/.conda/envs/verl/lib/python3.12/site-packages/verl/experimental/reward_loop/reward_manager/naive.py", line 75, in run_single
    result = await self.loop.run_in_executor(
             ^^^^^^^^^^^^^^^^^^^^^^^^^^^^^^^^
  File "/home/yw4636/.conda/envs/verl/lib/python3.12/concurrent/futures/thread.py", line 59, in run
    result = self.fn(*self.args, **self.kwargs)
             ^^^^^^^^^^^^^^^^^^^^^^^^^^^^^^^^^^
  File "/home/yw4636/.conda/envs/verl/lib/python3.12/site-packages/verl/experimental/reward_loop/reward_manager/naive.py", line 77, in <lambda>
    lambda: self.compute_score(
            ^^^^^^^^^^^^^^^^^^^
  File "/home/yw4636/.conda/envs/verl/lib/python3.12/site-packages/verl/trainer/ppo/reward.py", line 38, in _call_with_kwargs
    return raw_fn(*args, **merged_kwargs)
           ^^^^^^^^^^^^^^^^^^^^^^^^^^^^^^
  File "/home/yw4636/agentic-tvg/agentic_tvg/reward.py", line 179, in compute_score_qa
    verdict = judge_answer(str(ei.get("question", "")), gt_text, parsed.answer)
              ^^^^^^^^^^^^^^^^^^^^^^^^^^^^^^^^^^^^^^^^^^^^^^^^^^^^^^^^^^^^^^^^^
  File "/home/yw4636/agentic-tvg/agentic_tvg/judge.py", line 177, in judge_answer
    raise JudgeUnavailable(
agentic_tvg.judge.JudgeUnavailable: claude-haiku-4-5-20251001 failed 3x (BadRequestError: Error code: 400 - {'type': 'error', 'error': {'type': 'invalid_request_error', 'message': 'Your credit balance is too low to access the Anthropic API. Please go to Plans & Billing to upgrade or purchase credits.'}, 'request_id': 'req_011CeUkMavzgokVpPt5AnEQH'})

Set the environment variable HYDRA_FULL_ERROR=1 for a complete stack trace.
