/home/yw4636/.conda/envs/verl/lib/python3.12/site-packages/verl/trainer/main_ppo.py:181: UserWarning: Disabled critic as algorithm.adv_estimator != gae. If it is not intended, please set critic.enable=True
  use_critic=need_critic(config),
WARNING: val_batch_size is deprecated. Validation datasets are sent to inference engines as a whole batch, which will schedule the memory themselves.
/home/yw4636/.conda/envs/verl/lib/python3.12/site-packages/verl/workers/engine/__init__.py:31: UserWarning: torchtitan engine is not available: ModuleNotFoundError("No module named 'torchtitan'")
  warnings.warn(f"torchtitan engine is not available: {e!r}", stacklevel=1)
/home/yw4636/.conda/envs/verl/lib/python3.12/site-packages/verl/workers/engine/__init__.py:40: UserWarning: veomni engine is not available: ModuleNotFoundError("No module named 'veomni'")
  warnings.warn(f"veomni engine is not available: {e!r}", stacklevel=1)
/home/yw4636/.conda/envs/verl/lib/python3.12/site-packages/verl/workers/engine/__init__.py:49: UserWarning: automodel engine is not available: ModuleNotFoundError("No module named 'nemo_automodel'")
  warnings.warn(f"automodel engine is not available: {e!r}", stacklevel=1)
/home/yw4636/.conda/envs/verl/lib/python3.12/site-packages/verl/workers/engine/mindspeed/transformer_impl.py:24: UserWarning: NPU not support router replay for now.
  from verl.utils.megatron.router_replay_patch import RouterReplay
/home/yw4636/.conda/envs/verl/lib/python3.12/site-packages/verl/workers/engine/__init__.py:59: UserWarning: mindspeed engine is not available: ModuleNotFoundError("No module named 'megatron'")
  warnings.warn(f"mindspeed engine is not available: {e!r}", stacklevel=1)
/home/yw4636/.conda/envs/verl/lib/python3.12/site-packages/verl/workers/engine/__init__.py:69: UserWarning: megatron engine is not available: ModuleNotFoundError("No module named 'megatron'")
  warnings.warn(f"megatron engine is not available: {e!r}", stacklevel=1)
[validate_config] All configuration checks passed successfully!
[2026-09-04 00:13:39,204][__main__][WARNING] - Legacy trainer `main_ppo_v0.py` is deprecated, and wil be removed in v0.9.0.Please set `trainer.use_v1=True` in config to use V1 trainer.
2026-09-04 00:13:42,068	INFO worker.py:2015 -- Started a local Ray instance. View the dashboard at [1m[32mhttp://127.0.0.1:8265 [39m[22m
[36m(pid=3807184)[0m /home/yw4636/.conda/envs/verl/lib/python3.12/site-packages/verl/workers/engine/__init__.py:31: UserWarning: torchtitan engine is not available: ModuleNotFoundError("No module named 'torchtitan'")
[36m(pid=3807184)[0m   warnings.warn(f"torchtitan engine is not available: {e!r}", stacklevel=1)
[36m(pid=3807184)[0m /home/yw4636/.conda/envs/verl/lib/python3.12/site-packages/verl/workers/engine/__init__.py:40: UserWarning: veomni engine is not available: ModuleNotFoundError("No module named 'veomni'")
[36m(pid=3807184)[0m   warnings.warn(f"veomni engine is not available: {e!r}", stacklevel=1)
[36m(pid=3807184)[0m /home/yw4636/.conda/envs/verl/lib/python3.12/site-packages/verl/workers/engine/__init__.py:49: UserWarning: automodel engine is not available: ModuleNotFoundError("No module named 'nemo_automodel'")
[36m(pid=3807184)[0m   warnings.warn(f"automodel engine is not available: {e!r}", stacklevel=1)
[36m(pid=3807184)[0m /home/yw4636/.conda/envs/verl/lib/python3.12/site-packages/verl/workers/engine/mindspeed/transformer_impl.py:24: UserWarning: NPU not support router replay for now.
[36m(pid=3807184)[0m   from verl.utils.megatron.router_replay_patch import RouterReplay
[36m(pid=3807184)[0m /home/yw4636/.conda/envs/verl/lib/python3.12/site-packages/verl/workers/engine/__init__.py:59: UserWarning: mindspeed engine is not available: ModuleNotFoundError("No module named 'megatron'")
[36m(pid=3807184)[0m   warnings.warn(f"mindspeed engine is not available: {e!r}", stacklevel=1)
[36m(pid=3807184)[0m /home/yw4636/.conda/envs/verl/lib/python3.12/site-packages/verl/workers/engine/__init__.py:69: UserWarning: megatron engine is not available: ModuleNotFoundError("No module named 'megatron'")
[36m(pid=3807184)[0m   warnings.warn(f"megatron engine is not available: {e!r}", stacklevel=1)
ray init kwargs: {'num_cpus': None, 'object_store_memory': 25769803776, 'runtime_env': {'env_vars': {'TOKENIZERS_PARALLELISM': 'true', 'NCCL_DEBUG': 'WARN', 'VLLM_LOGGING_LEVEL': 'WARN', 'VLLM_ALLOW_RUNTIME_LORA_UPDATING': 'true', 'VLLM_DISABLE_COMPILE_CACHE': '1', 'HCCL_HOST_SOCKET_PORT_RANGE': 'auto', 'HCCL_NPU_SOCKET_PORT_RANGE': 'auto', 'HSA_NO_SCRATCH_RECLAIM': '1', 'VERL_FULL_DETERMINISM': '0', 'VLLM_BATCH_INVARIANT': '0', 'VERL_RL_INSIGHT_ENABLE': '0'}, 'working_dir': None}}
[36m(TaskRunner pid=3807184)[0m TaskRunner hostname: srv1-lg2.bed.cosmos-lab.org, PID: 3807184
[36m(TaskRunner pid=3807184)[0m {'actor_rollout_ref': {'actor': {'_target_': 'verl.workers.config.FSDPActorConfig',
[36m(TaskRunner pid=3807184)[0m                                  'calculate_entropy': False,
[36m(TaskRunner pid=3807184)[0m                                  'calculate_sum_pi_squared': False,
[36m(TaskRunner pid=3807184)[0m                                  'checkpoint': {'_target_': 'verl.trainer.config.CheckpointConfig',
[36m(TaskRunner pid=3807184)[0m                                                 'async_save': False,
[36m(TaskRunner pid=3807184)[0m                                                 'load_contents': ['model',
[36m(TaskRunner pid=3807184)[0m                                                                   'optimizer',
[36m(TaskRunner pid=3807184)[0m                                                                   'extra'],
[36m(TaskRunner pid=3807184)[0m                                                 'save_contents': ['model',
[36m(TaskRunner pid=3807184)[0m                                                                   'optimizer',
[36m(TaskRunner pid=3807184)[0m                                                                   'extra'],
[36m(TaskRunner pid=3807184)[0m                                                 'strict': True},
[36m(TaskRunner pid=3807184)[0m                                  'clip_ratio': 0.2,
[36m(TaskRunner pid=3807184)[0m                                  'clip_ratio_c': 3.0,
[36m(TaskRunner pid=3807184)[0m                                  'clip_ratio_high': 0.2,
[36m(TaskRunner pid=3807184)[0m                                  'clip_ratio_low': 0.2,
[36m(TaskRunner pid=3807184)[0m                                  'data_loader_seed': 42,
[36m(TaskRunner pid=3807184)[0m                                  'entropy_checkpointing': False,
[36m(TaskRunner pid=3807184)[0m                                  'entropy_coeff': 0,
[36m(TaskRunner pid=3807184)[0m                                  'entropy_from_logits_chunk_size': 2048,
[36m(TaskRunner pid=3807184)[0m                                  'entropy_from_logits_with_chunking': False,
[36m(TaskRunner pid=3807184)[0m                                  'freeze_vision_tower': False,
[36m(TaskRunner pid=3807184)[0m                                  'fsdp_config': {'_target_': 'verl.workers.config.FSDPEngineConfig',
[36m(TaskRunner pid=3807184)[0m                                                  'dtype': 'bfloat16',
[36m(TaskRunner pid=3807184)[0m                                                  'entropy_checkpointing': False,
[36m(TaskRunner pid=3807184)[0m                                                  'entropy_from_logits_chunk_size': 2048,
[36m(TaskRunner pid=3807184)[0m                                                  'entropy_from_logits_with_chunking': False,
[36m(TaskRunner pid=3807184)[0m                                                  'forward_only': False,
[36m(TaskRunner pid=3807184)[0m                                                  'forward_prefetch': False,
[36m(TaskRunner pid=3807184)[0m                                                  'fsdp_size': -1,
[36m(TaskRunner pid=3807184)[0m                                                  'full_determinism': False,
[36m(TaskRunner pid=3807184)[0m                                                  'model_dtype': 'fp32',
[36m(TaskRunner pid=3807184)[0m                                                  'offload_policy': False,
[36m(TaskRunner pid=3807184)[0m                                                  'optimizer_offload': False,
[36m(TaskRunner pid=3807184)[0m                                                  'pad_to_length': False,
[36m(TaskRunner pid=3807184)[0m                                                  'pad_to_length_bucket': 1024,
[36m(TaskRunner pid=3807184)[0m                                                  'param_offload': False,
[36m(TaskRunner pid=3807184)[0m                                                  'qat': {'_target_': 'verl.workers.config.QATEngineConfig',
[36m(TaskRunner pid=3807184)[0m                                                          'activation_observer': 'static_minmax',
[36m(TaskRunner pid=3807184)[0m                                                          'enable': False,
[36m(TaskRunner pid=3807184)[0m                                                          'group_size': 16,
[36m(TaskRunner pid=3807184)[0m                                                          'ignore_patterns': ['lm_head',
[36m(TaskRunner pid=3807184)[0m                                                                              'embed_tokens',
[36m(TaskRunner pid=3807184)[0m                                                                              're:.*mlp.gate$'],
[36m(TaskRunner pid=3807184)[0m                                                          'mode': 'w4a16',
[36m(TaskRunner pid=3807184)[0m                                                          'quantization_config_path': None},
[36m(TaskRunner pid=3807184)[0m                                                  'reshard_after_forward': True,
[36m(TaskRunner pid=3807184)[0m                                                  'seed': 42,
[36m(TaskRunner pid=3807184)[0m                                                  'strategy': 'fsdp',
[36m(TaskRunner pid=3807184)[0m                                                  'ulysses_sequence_parallel_size': 1,
[36m(TaskRunner pid=3807184)[0m                                                  'use_orig_params': False,
[36m(TaskRunner pid=3807184)[0m                                                  'use_torch_compile': True,
[36m(TaskRunner pid=3807184)[0m                                                  'wrap_policy': {'min_num_params': 0}},
[36m(TaskRunner pid=3807184)[0m                                  'grad_clip': 1.0,
[36m(TaskRunner pid=3807184)[0m                                  'kl_loss_coef': 0.001,
[36m(TaskRunner pid=3807184)[0m                                  'kl_loss_type': 'low_var_kl',
[36m(TaskRunner pid=3807184)[0m                                  'loss_agg_mode': 'token-mean',
[36m(TaskRunner pid=3807184)[0m                                  'loss_scale_factor': None,
[36m(TaskRunner pid=3807184)[0m                                  'optim': {'_target_': 'verl.workers.config.FSDPOptimizerConfig',
[36m(TaskRunner pid=3807184)[0m                                            'betas': [0.9, 0.999],
[36m(TaskRunner pid=3807184)[0m                                            'clip_grad': 1.0,
[36m(TaskRunner pid=3807184)[0m                                            'lr': 1e-05,
[36m(TaskRunner pid=3807184)[0m                                            'lr_scheduler_type': 'constant',
[36m(TaskRunner pid=3807184)[0m                                            'lr_warmup_steps': -1,
[36m(TaskRunner pid=3807184)[0m                                            'lr_warmup_steps_ratio': 0.0,
[36m(TaskRunner pid=3807184)[0m                                            'min_lr_ratio': 0.1,
[36m(TaskRunner pid=3807184)[0m                                            'num_cycles': 0.5,
[36m(TaskRunner pid=3807184)[0m                                            'optimizer': 'AdamW',
[36m(TaskRunner pid=3807184)[0m                                            'optimizer_impl': 'torch.optim',
[36m(TaskRunner pid=3807184)[0m                                            'override_optimizer_config': None,
[36m(TaskRunner pid=3807184)[0m                                            'total_training_steps': -1,
[36m(TaskRunner pid=3807184)[0m                                            'warmup_style': None,
[36m(TaskRunner pid=3807184)[0m                                            'weight_decay': 0.01,
[36m(TaskRunner pid=3807184)[0m                                            'zero_indexed_step': True},
[36m(TaskRunner pid=3807184)[0m                                  'pad_to_length': False,
[36m(TaskRunner pid=3807184)[0m                                  'policy_loss': {'_target_': 'verl.workers.config.PolicyLossConfig',
[36m(TaskRunner pid=3807184)[0m                                                  'clip_cov_lb': 1.0,
[36m(TaskRunner pid=3807184)[0m                                                  'clip_cov_ratio': 0.0002,
[36m(TaskRunner pid=3807184)[0m                                                  'clip_cov_ub': 5.0,
[36m(TaskRunner pid=3807184)[0m                                                  'dro_beta': None,
[36m(TaskRunner pid=3807184)[0m                                                  'kl_cov_ratio': 0.0002,
[36m(TaskRunner pid=3807184)[0m                                                  'loss_mode': 'vanilla',
[36m(TaskRunner pid=3807184)[0m                                                  'ppo_kl_coef': 0.1},
[36m(TaskRunner pid=3807184)[0m                                  'ppo_epochs': 1,
[36m(TaskRunner pid=3807184)[0m                                  'ppo_max_token_len_per_gpu': 24576,
[36m(TaskRunner pid=3807184)[0m                                  'ppo_micro_batch_size': None,
[36m(TaskRunner pid=3807184)[0m                                  'ppo_micro_batch_size_per_gpu': None,
[36m(TaskRunner pid=3807184)[0m                                  'ppo_mini_batch_size': 8,
[36m(TaskRunner pid=3807184)[0m                                  'profiler': {'_target_': 'verl.utils.profiler.ProfilerConfig',
[36m(TaskRunner pid=3807184)[0m                                               'all_ranks': False,
[36m(TaskRunner pid=3807184)[0m                                               'enable': False,
[36m(TaskRunner pid=3807184)[0m                                               'ranks': [],
[36m(TaskRunner pid=3807184)[0m                                               'save_path': 'outputs/profile',
[36m(TaskRunner pid=3807184)[0m                                               'tool': None,
[36m(TaskRunner pid=3807184)[0m                                               'tool_config': {'npu': {'_target_': 'verl.utils.profiler.config.NPUToolConfig',
[36m(TaskRunner pid=3807184)[0m                                                                       'analysis': True,
[36m(TaskRunner pid=3807184)[0m                                                                       'contents': [],
[36m(TaskRunner pid=3807184)[0m                                                                       'discrete': False,
[36m(TaskRunner pid=3807184)[0m                                                                       'level': 'level0'},
[36m(TaskRunner pid=3807184)[0m                                                               'nsys': {'_target_': 'verl.utils.profiler.config.NsightToolConfig',
[36m(TaskRunner pid=3807184)[0m                                                                        'discrete': False},
[36m(TaskRunner pid=3807184)[0m                                                               'precision_debugger': {'_target_': 'verl.utils.profiler.config.PrecisionDebuggerToolConfig',
[36m(TaskRunner pid=3807184)[0m                                                                                      'config_path': None,
[36m(TaskRunner pid=3807184)[0m                                                                                      'stages': None,
[36m(TaskRunner pid=3807184)[0m                                                                                      'steps': None,
[36m(TaskRunner pid=3807184)[0m                                                                                      'strict': False},
[36m(TaskRunner pid=3807184)[0m                                                               'torch': {'_target_': 'verl.utils.profiler.config.TorchProfilerToolConfig',
[36m(TaskRunner pid=3807184)[0m                                                                         'contents': [],
[36m(TaskRunner pid=3807184)[0m                                                                         'discrete': False,
[36m(TaskRunner pid=3807184)[0m                                                                         'schedule': {'_target_': 'verl.utils.profiler.config.TorchProfilerScheduleConfig',
[36m(TaskRunner pid=3807184)[0m                                                                                      'active': 0,
[36m(TaskRunner pid=3807184)[0m                                                                                      'repeat': 0,
[36m(TaskRunner pid=3807184)[0m                                                                                      'skip_first': 0,
[36m(TaskRunner pid=3807184)[0m                                                                                      'wait': 0,
[36m(TaskRunner pid=3807184)[0m                                                                                      'warmup': 0}},
[36m(TaskRunner pid=3807184)[0m                                                               'torch_memory': {'_target_': 'verl.utils.profiler.config.TorchMemoryToolConfig',
[36m(TaskRunner pid=3807184)[0m                                                                                'stack_depth': 32,
[36m(TaskRunner pid=3807184)[0m                                                                                'trace_alloc_max_entries': 100000}}},
[36m(TaskRunner pid=3807184)[0m                                  'qat': {'activation_observer': 'static_minmax',
[36m(TaskRunner pid=3807184)[0m                                          'enable': False,
[36m(TaskRunner pid=3807184)[0m                                          'group_size': 16,
[36m(TaskRunner pid=3807184)[0m                                          'ignore_patterns': ['lm_head',
[36m(TaskRunner pid=3807184)[0m                                                              'embed_tokens',
[36m(TaskRunner pid=3807184)[0m                                                              're:.*mlp.gate$'],
[36m(TaskRunner pid=3807184)[0m                                          'mode': 'w4a16',
[36m(TaskRunner pid=3807184)[0m                                          'quantization_config_path': None},
[36m(TaskRunner pid=3807184)[0m                                  'rollout_n': 16,
[36m(TaskRunner pid=3807184)[0m                                  'router_replay': {'_target_': 'verl.workers.config.RouterReplayConfig',
[36m(TaskRunner pid=3807184)[0m                                                    'mode': 'disabled',
[36m(TaskRunner pid=3807184)[0m                                                    'record_file': None,
[36m(TaskRunner pid=3807184)[0m                                                    'replay_file': None},
[36m(TaskRunner pid=3807184)[0m                                  'shuffle': False,
[36m(TaskRunner pid=3807184)[0m                                  'strategy': 'fsdp2',
[36m(TaskRunner pid=3807184)[0m                                  'tau_neg': 1.05,
[36m(TaskRunner pid=3807184)[0m                                  'tau_pos': 1.0,
[36m(TaskRunner pid=3807184)[0m                                  'ulysses_sequence_parallel_size': 1,
[36m(TaskRunner pid=3807184)[0m                                  'use_dynamic_bsz': True,
[36m(TaskRunner pid=3807184)[0m                                  'use_fused_kernels': False,
[36m(TaskRunner pid=3807184)[0m                                  'use_kl_loss': True,
[36m(TaskRunner pid=3807184)[0m                                  'use_prefix_grouper': False,
[36m(TaskRunner pid=3807184)[0m                                  'use_remove_padding': True,
[36m(TaskRunner pid=3807184)[0m                                  'use_torch_compile': True},
[36m(TaskRunner pid=3807184)[0m                        'hybrid_engine': True,
[36m(TaskRunner pid=3807184)[0m                        'model': {'_target_': 'verl.workers.config.HFModelConfig',
[36m(TaskRunner pid=3807184)[0m                                  'custom_chat_template': None,
[36m(TaskRunner pid=3807184)[0m                                  'enable_activation_offload': False,
[36m(TaskRunner pid=3807184)[0m                                  'enable_gradient_checkpointing': True,
[36m(TaskRunner pid=3807184)[0m                                  'exclude_modules': '.*visual.*',
[36m(TaskRunner pid=3807184)[0m                                  'external_lib': None,
[36m(TaskRunner pid=3807184)[0m                                  'fused_kernel_options': 
[36m(TaskRunner pid=3807184)[0m {'impl_backend': 
[36m(TaskRunner pid=3807184)[0m 'torch'},
[36m(TaskRunner pid=3807184)[0m                                  'hf_config_path': None,
[36m(TaskRunner pid=3807184)[0m                                  'lora': 
[36m(TaskRunner pid=3807184)[0m {'a2a_experimental': False,
[36m(TaskRunner pid=3807184)[0m                                           'adapter_path': None,
[36m(TaskRunner pid=3807184)[0m                                           'alpha': 32,
[36m(TaskRunner pid=3807184)[0m                                           'dropout': 0.0,
[36m(TaskRunner pid=3807184)[0m                                           'dropout_position': 'pre',
[36m(TaskRunner pid=3807184)[0m                                           'dtype': None,
[36m(TaskRunner pid=3807184)[0m                                           'exclude_modules': [],
[36m(TaskRunner pid=3807184)[0m                                           'freeze_language_model': True,
[36m(TaskRunner pid=3807184)[0m                                           'freeze_vision_model': True,
[36m(TaskRunner pid=3807184)[0m                                           'freeze_vision_projection': True,
[36m(TaskRunner pid=3807184)[0m                                           'lora_A_init_method': 'xavier',
[36m(TaskRunner pid=3807184)[0m                                           'lora_B_init_method': 'zero',
[36m(TaskRunner pid=3807184)[0m                                           'merge': False,
[36m(TaskRunner pid=3807184)[0m                                           'rank': 0,
[36m(TaskRunner pid=3807184)[0m                                           'target_modules': ['linear_qkv',
[36m(TaskRunner pid=3807184)[0m                                                              'linear_proj',
[36m(TaskRunner pid=3807184)[0m                                                              'linear_fc1',
[36m(TaskRunner pid=3807184)[0m                                                              'linear_fc2'],
[36m(TaskRunner pid=3807184)[0m                                           'type': 'lora'},
[36m(TaskRunner pid=3807184)[0m                                  'lora_adapter_path': None,
[36m(TaskRunner pid=3807184)[0m                                  'lora_alpha': 32,
[36m(TaskRunner pid=3807184)[0m                                  'lora_rank': 16,
[36m(TaskRunner pid=3807184)[0m                                  'mtp': {'_target_': 'verl.workers.config.MtpConfig',
[36m(TaskRunner pid=3807184)[0m                                          'detach_encoder': False,
[36m(TaskRunner pid=3807184)[0m                                          'enable': False,
[36m(TaskRunner pid=3807184)[0m                                          'enable_rollout': False,
[36m(TaskRunner pid=3807184)[0m                                          'enable_train': False,
[36m(TaskRunner pid=3807184)[0m                                          'method': 'mtp',
[36m(TaskRunner pid=3807184)[0m                                          'mtp_loss_scaling_factor': 0.1,
[36m(TaskRunner pid=3807184)[0m                                          'num_speculative_tokens': 1,
[36m(TaskRunner pid=3807184)[0m                                          'speculative_algorithm': 'EAGLE',
[36m(TaskRunner pid=3807184)[0m                                          'speculative_eagle_topk': 1,
[36m(TaskRunner pid=3807184)[0m                                          'speculative_num_draft_tokens': 4,
[36m(TaskRunner pid=3807184)[0m                                          'speculative_num_steps': 3},
[36m(TaskRunner pid=3807184)[0m                                  'override_config': {},
[36m(TaskRunner pid=3807184)[0m                                  'path': '/home/yw4636/agentic-tvg/results/sft-mix/merged',
[36m(TaskRunner pid=3807184)[0m                                  'target_modules': 'all-linear',
[36m(TaskRunner pid=3807184)[0m                                  'tiled_mlp': {'enabled': False,
[36m(TaskRunner pid=3807184)[0m                                                'num_shards': 4},
[36m(TaskRunner pid=3807184)[0m                                  'tokenizer_path': None,
[36m(TaskRunner pid=3807184)[0m                                  'trust_remote_code': False,
[36m(TaskRunner pid=3807184)[0m                                  'use_fused_kernels': False,
[36m(TaskRunner pid=3807184)[0m                                  'use_liger': False,
[36m(TaskRunner pid=3807184)[0m                                  'use_remove_padding': True,
[36m(TaskRunner pid=3807184)[0m                                  'use_shm': False},
[36m(TaskRunner pid=3807184)[0m                        'nccl_timeout': 600,
[36m(TaskRunner pid=3807184)[0m                        'ref': {'_target_': 'verl.workers.config.FSDPActorConfig',
[36m(TaskRunner pid=3807184)[0m                                'entropy_checkpointing': False,
[36m(TaskRunner pid=3807184)[0m                                'entropy_from_logits_chunk_size': 2048,
[36m(TaskRunner pid=3807184)[0m                                'entropy_from_logits_with_chunking': False,
[36m(TaskRunner pid=3807184)[0m                                'fsdp_config': {'_target_': 'verl.workers.config.FSDPEngineConfig',
[36m(TaskRunner pid=3807184)[0m                                                'dtype': 'bfloat16',
[36m(TaskRunner pid=3807184)[0m                                                'entropy_checkpointing': False,
[36m(TaskRunner pid=3807184)[0m                                                'entropy_from_logits_chunk_size': 2048,
[36m(TaskRunner pid=3807184)[0m                                                'entropy_from_logits_with_chunking': False,
[36m(TaskRunner pid=3807184)[0m                                                'forward_only': True,
[36m(TaskRunner pid=3807184)[0m                                                'forward_prefetch': False,
[36m(TaskRunner pid=3807184)[0m                                                'fsdp_size': -1,
[36m(TaskRunner pid=3807184)[0m                                                'full_determinism': False,
[36m(TaskRunner pid=3807184)[0m                                                'model_dtype': 'fp32',
[36m(TaskRunner pid=3807184)[0m                                                'offload_policy': False,
[36m(TaskRunner pid=3807184)[0m                                                'optimizer_offload': False,
[36m(TaskRunner pid=3807184)[0m                                                'pad_to_length': False,
[36m(TaskRunner pid=3807184)[0m                                                'pad_to_length_bucket': 1024,
[36m(TaskRunner pid=3807184)[0m                                                'param_offload': False,
[36m(TaskRunner pid=3807184)[0m                                                'qat': {'_target_': 'verl.workers.config.QATEngineConfig',
[36m(TaskRunner pid=3807184)[0m                                                        'activation_observer': 'static_minmax',
[36m(TaskRunner pid=3807184)[0m                                                        'enable': False,
[36m(TaskRunner pid=3807184)[0m                                                        'group_size': 16,
[36m(TaskRunner pid=3807184)[0m                                                        'ignore_patterns': ['lm_head',
[36m(TaskRunner pid=3807184)[0m                                                                            'embed_tokens',
[36m(TaskRunner pid=3807184)[0m                                                                            're:.*mlp.gate$'],
[36m(TaskRunner pid=3807184)[0m                                                        'mode': 'w4a16',
[36m(TaskRunner pid=3807184)[0m                                                        'quantization_config_path': None},
[36m(TaskRunner pid=3807184)[0m                                                'reshard_after_forward': True,
[36m(TaskRunner pid=3807184)[0m                                                'seed': 42,
[36m(TaskRunner pid=3807184)[0m                                                'strategy': 'fsdp',
[36m(TaskRunner pid=3807184)[0m                                                'ulysses_sequence_parallel_size': 1,
[36m(TaskRunner pid=3807184)[0m                                                'use_orig_params': False,
[36m(TaskRunner pid=3807184)[0m                                                'use_torch_compile': True,
[36m(TaskRunner pid=3807184)[0m                                                'wrap_policy': {'min_num_params': 0}},
[36m(TaskRunner pid=3807184)[0m                                'log_prob_max_token_len_per_gpu': 24576,
[36m(TaskRunner pid=3807184)[0m                                'log_prob_micro_batch_size': None,
[36m(TaskRunner pid=3807184)[0m                                'log_prob_micro_batch_size_per_gpu': None,
[36m(TaskRunner pid=3807184)[0m                                'log_prob_use_dynamic_bsz': True,
[36m(TaskRunner pid=3807184)[0m                                'pad_to_length': False,
[36m(TaskRunner pid=3807184)[0m                                'profiler': {'_target_': 'verl.utils.profiler.ProfilerConfig',
[36m(TaskRunner pid=3807184)[0m                                             'all_ranks': False,
[36m(TaskRunner pid=3807184)[0m                                             'enable': False,
[36m(TaskRunner pid=3807184)[0m                                             'ranks': [],
[36m(TaskRunner pid=3807184)[0m                                             'save_path': 'outputs/profile',
[36m(TaskRunner pid=3807184)[0m                                             'tool': None,
[36m(TaskRunner pid=3807184)[0m                                             'tool_config': {'npu': {'_target_': 'verl.utils.profiler.config.NPUToolConfig',
[36m(TaskRunner pid=3807184)[0m                                                                     'analysis': True,
[36m(TaskRunner pid=3807184)[0m                                                                     'contents': [],
[36m(TaskRunner pid=3807184)[0m                                                                     'discrete': False,
[36m(TaskRunner pid=3807184)[0m                                                                     'level': 'level0'},
[36m(TaskRunner pid=3807184)[0m                                                             'nsys': {'_target_': 'verl.utils.profiler.config.NsightToolConfig',
[36m(TaskRunner pid=3807184)[0m                                                                      'discrete': False},
[36m(TaskRunner pid=3807184)[0m                                                             'precision_debugger': {'_target_': 'verl.utils.profiler.config.PrecisionDebuggerToolConfig',
[36m(TaskRunner pid=3807184)[0m                                                                                    'config_path': None,
[36m(TaskRunner pid=3807184)[0m                                                                                    'stages': None,
[36m(TaskRunner pid=3807184)[0m                                                                                    'steps': None,
[36m(TaskRunner pid=3807184)[0m                                                                                    'strict': False},
[36m(TaskRunner pid=3807184)[0m                                                             'torch': {'_target_': 'verl.utils.profiler.config.TorchProfilerToolConfig',
[36m(TaskRunner pid=3807184)[0m                                                                       'contents': [],
[36m(TaskRunner pid=3807184)[0m                                                                       'discrete': False,
[36m(TaskRunner pid=3807184)[0m                                                                       'schedule': {'_target_': 'verl.utils.profiler.config.TorchProfilerScheduleConfig',
[36m(TaskRunner pid=3807184)[0m                                                                                    'active': 0,
[36m(TaskRunner pid=3807184)[0m                                                                                    'repeat': 0,
[36m(TaskRunner pid=3807184)[0m                                                                                    'skip_first': 0,
[36m(TaskRunner pid=3807184)[0m                                                                                    'wait': 0,
[36m(TaskRunner pid=3807184)[0m                                                                                    'warmup': 0}},
[36m(TaskRunner pid=3807184)[0m                                                             'torch_memory': {'_target_': 'verl.utils.profiler.config.TorchMemoryToolConfig',
[36m(TaskRunner pid=3807184)[0m                                                                              'stack_depth': 32,
[36m(TaskRunner pid=3807184)[0m                                                                              'trace_alloc_max_entries': 100000}}},
[36m(TaskRunner pid=3807184)[0m                                'rollout_n': 16,
[36m(TaskRunner pid=3807184)[0m                                'router_replay': {'_target_': 'verl.workers.config.RouterReplayConfig',
[36m(TaskRunner pid=3807184)[0m                                                  'mode': 'disabled',
[36m(TaskRunner pid=3807184)[0m                                                  'record_file': None,
[36m(TaskRunner pid=3807184)[0m                                                  'replay_file': None},
[36m(TaskRunner pid=3807184)[0m                                'strategy': 'fsdp2',
[36m(TaskRunner pid=3807184)[0m                                'ulysses_sequence_parallel_size': 1,
[36m(TaskRunner pid=3807184)[0m                                'use_torch_compile': True},
[36m(TaskRunner pid=3807184)[0m                        'rollout': {'_target_': 'verl.workers.config.RolloutConfig',
[36m(TaskRunner pid=3807184)[0m                                    'agent': {'_target_': 'verl.workers.config.AgentLoopConfig',
[36m(TaskRunner pid=3807184)[0m                                              'agent_loop_config_path': None,
[36m(TaskRunner pid=3807184)[0m                                              'custom_async_server': {'_target_': 'verl.workers.config.CustomAsyncServerConfig',
[36m(TaskRunner pid=3807184)[0m                                                                      'name': None,
[36m(TaskRunner pid=3807184)[0m                                                                      'path': None},
[36m(TaskRunner pid=3807184)[0m                                              'default_agent_loop': 'tool_agent',
[36m(TaskRunner pid=3807184)[0m                                              'num_workers': 8},
[36m(TaskRunner pid=3807184)[0m                                    'calculate_log_probs': True,
[36m(TaskRunner pid=3807184)[0m                                    'checkpoint_engine': {'_target_': 'verl.workers.config.CheckpointEngineConfig',
[36m(TaskRunner pid=3807184)[0m                                                          'backend': 'naive',
[36m(TaskRunner pid=3807184)[0m                                                          'custom_backend_module': None,
[36m(TaskRunner pid=3807184)[0m                                                          'engine_kwargs': {},
[36m(TaskRunner pid=3807184)[0m                                                          'update_weights_bucket_megabytes': 2048},
[36m(TaskRunner pid=3807184)[0m                                    'cudagraph_capture_sizes': None,
[36m(TaskRunner pid=3807184)[0m                                    'data_parallel_size': 1,
[36m(TaskRunner pid=3807184)[0m                                    'disable_log_stats': True,
[36m(TaskRunner pid=3807184)[0m                                    'disaggregation': {'bootstrap_port': None,
[36m(TaskRunner pid=3807184)[0m                                                       'decode_replicas': 1,
[36m(TaskRunner pid=3807184)[0m                                                       'decode_tensor_model_parallel_size': None,
[36m(TaskRunner pid=3807184)[0m                                                       'enabled': False,
[36m(TaskRunner pid=3807184)[0m                                                       'ib_device': None,
[36m(TaskRunner pid=3807184)[0m                                                       'prefill_replicas': 1,
[36m(TaskRunner pid=3807184)[0m                                                       'transfer_backend': 'nixl'},
[36m(TaskRunner pid=3807184)[0m                                    'do_sample': True,
[36m(TaskRunner pid=3807184)[0m                                    'dtype': 'bfloat16',
[36m(TaskRunner pid=3807184)[0m                                    'enable_chunked_prefill': True,
[36m(TaskRunner pid=3807184)[0m                                    'enable_prefix_caching': True,
[36m(TaskRunner pid=3807184)[0m                                    'enable_rollout_routing_replay': False,
[36m(TaskRunner pid=3807184)[0m                                    'enforce_eager': False,
[36m(TaskRunner pid=3807184)[0m                                    'engine_kwargs': {'sglang': {},
[36m(TaskRunner pid=3807184)[0m                                                      'trtllm': {},
[36m(TaskRunner pid=3807184)[0m                                                      'vllm': {'mm_processor_kwargs': {'max_pixels': 150528}}},
[36m(TaskRunner pid=3807184)[0m                                    'expert_parallel_size': 1,
[36m(TaskRunner pid=3807184)[0m                                    'free_cache_engine': True,
[36m(TaskRunner pid=3807184)[0m                                    'full_determinism': False,
[36m(TaskRunner pid=3807184)[0m                                    'gpu_memory_utilization': 0.65,
[36m(TaskRunner pid=3807184)[0m                                    'ignore_eos': False,
[36m(TaskRunner pid=3807184)[0m                                    'layered_summon': True,
[36m(TaskRunner pid=3807184)[0m                                    'limit_images': 112,
[36m(TaskRunner pid=3807184)[0m                                    'load_format': 'safetensors',
[36m(TaskRunner pid=3807184)[0m                                    'log_prob_max_token_len_per_gpu': 24576,
[36m(TaskRunner pid=3807184)[0m                                    'log_prob_micro_batch_size': None,
[36m(TaskRunner pid=3807184)[0m                                    'log_prob_micro_batch_size_per_gpu': None,
[36m(TaskRunner pid=3807184)[0m                                    'log_prob_use_dynamic_bsz': True,
[36m(TaskRunner pid=3807184)[0m                                    'logprobs_mode': 'processed_logprobs',
[36m(TaskRunner pid=3807184)[0m                                    'max_model_len': 20992,
[36m(TaskRunner pid=3807184)[0m                                    'max_num_batched_tokens': 24576,
[36m(TaskRunner pid=3807184)[0m                                    'max_num_seqs': 256,
[36m(TaskRunner pid=3807184)[0m                                    'mode': 'async',
[36m(TaskRunner pid=3807184)[0m                                    'moe_load_balance_metrics_interval': 0,
[36m(TaskRunner pid=3807184)[0m                                    'mtp': {'_target_': 'verl.workers.config.MtpConfig',
[36m(TaskRunner pid=3807184)[0m                                            'detach_encoder': False,
[36m(TaskRunner pid=3807184)[0m                                            'enable': False,
[36m(TaskRunner pid=3807184)[0m                                            'enable_rollout': False,
[36m(TaskRunner pid=3807184)[0m                                            'enable_train': False,
[36m(TaskRunner pid=3807184)[0m                                            'method': 'mtp',
[36m(TaskRunner pid=3807184)[0m                                            'mtp_loss_scaling_factor': 0.1,
[36m(TaskRunner pid=3807184)[0m                                            'num_speculative_tokens': 1,
[36m(TaskRunner pid=3807184)[0m                                            'speculative_algorithm': 'EAGLE',
[36m(TaskRunner pid=3807184)[0m                                            'speculative_eagle_topk': 1,
[36m(TaskRunner pid=3807184)[0m                                            'speculative_num_draft_tokens': 4,
[36m(TaskRunner pid=3807184)[0m                                            'speculative_num_steps': 3},
[36m(TaskRunner pid=3807184)[0m                                    'multi_stage_wake_up': False,
[36m(TaskRunner pid=3807184)[0m                                    'multi_turn': {'_target_': 'verl.workers.config.MultiTurnConfig',
[36m(TaskRunner pid=3807184)[0m                                                   'enable': True,
[36m(TaskRunner pid=3807184)[0m                                                   'format': 'hermes',
[36m(TaskRunner pid=3807184)[0m                                                   'function_tool_path': None,
[36m(TaskRunner pid=3807184)[0m                                                   'max_assistant_turns': 4,
[36m(TaskRunner pid=3807184)[0m                                                   'max_parallel_calls': 1,
[36m(TaskRunner pid=3807184)[0m                                                   'max_tool_response_length': 2048,
[36m(TaskRunner pid=3807184)[0m                                                   'max_user_turns': 3,
[36m(TaskRunner pid=3807184)[0m                                                   'num_repeat_rollouts': None,
[36m(TaskRunner pid=3807184)[0m                                                   'tokenization_sanity_check_mode': 'strict',
[36m(TaskRunner pid=3807184)[0m                                                   'tool_config_path': '/home/yw4636/agentic-tvg/crop_video_tool.yaml',
[36m(TaskRunner pid=3807184)[0m                                                   'tool_response_truncate_side': 'middle',
[36m(TaskRunner pid=3807184)[0m                                                   'use_inference_chat_template': False},
[36m(TaskRunner pid=3807184)[0m                                    'n': 16,
[36m(TaskRunner pid=3807184)[0m                                    'n_gpus_per_node': 1,
[36m(TaskRunner pid=3807184)[0m                                    'name': 'vllm',
[36m(TaskRunner pid=3807184)[0m                                    'nnodes': 0,
[36m(TaskRunner pid=3807184)[0m                                    'over_sample_rate': 0,
[36m(TaskRunner pid=3807184)[0m                                    'pipeline_model_parallel_size': 1,
[36m(TaskRunner pid=3807184)[0m                                    'profiler': {'_target_': 'verl.utils.profiler.ProfilerConfig',
[36m(TaskRunner pid=3807184)[0m                                                 'all_ranks': False,
[36m(TaskRunner pid=3807184)[0m                                                 'enable': False,
[36m(TaskRunner pid=3807184)[0m                                                 'ranks': [],
[36m(TaskRunner pid=3807184)[0m                                                 'save_path': 'outputs/profile',
[36m(TaskRunner pid=3807184)[0m                                                 'tool': None,
[36m(TaskRunner pid=3807184)[0m                                                 'tool_config': {'npu': {'_target_': 'verl.utils.profiler.config.NPUToolConfig',
[36m(TaskRunner pid=3807184)[0m                                                                         'analysis': True,
[36m(TaskRunner pid=3807184)[0m                                                                         'contents': [],
[36m(TaskRunner pid=3807184)[0m                                                                         'discrete': False,
[36m(TaskRunner pid=3807184)[0m                                                                         'level': 'level0',
[36m(TaskRunner pid=3807184)[0m                                                                         'profile_token_end': None,
[36m(TaskRunner pid=3807184)[0m                                                                         'profile_token_start': None},
[36m(TaskRunner pid=3807184)[0m                                                                 'precision_debugger': {'_target_': 'verl.utils.profiler.config.PrecisionDebuggerToolConfig',
[36m(TaskRunner pid=3807184)[0m                                                                                        'config_path': None,
[36m(TaskRunner pid=3807184)[0m                                                                                        'stages': None,
[36m(TaskRunner pid=3807184)[0m                                                                                        'steps': None,
[36m(TaskRunner pid=3807184)[0m                                                                                        'strict': False},
[36m(TaskRunner pid=3807184)[0m                                                                 'torch': {'_target_': 'verl.utils.profiler.config.TorchProfilerToolConfig',
[36m(TaskRunner pid=3807184)[0m                                                                           'contents': [],
[36m(TaskRunner pid=3807184)[0m                                                                           'discrete': False,
[36m(TaskRunner pid=3807184)[0m                                                                           'profile_token_end': None,
[36m(TaskRunner pid=3807184)[0m                                                                           'profile_token_start': None}}},
[36m(TaskRunner pid=3807184)[0m                                    'prometheus': {'_target_': 'verl.workers.config.PrometheusConfig',
[36m(TaskRunner pid=3807184)[0m                                                   'enable': False,
[36m(TaskRunner pid=3807184)[0m                                                   'file': '/tmp/ray/session_latest/metrics/prometheus/prometheus.yml',
[36m(TaskRunner pid=3807184)[0m                                                   'port': 9090,
[36m(TaskRunner pid=3807184)[0m                                                   'served_model_name': '/home/yw4636/agentic-tvg/results/sft-mix/merged'},
[36m(TaskRunner pid=3807184)[0m                                    'prompt_length': 4608,
[36m(TaskRunner pid=3807184)[0m                                    'qat': {'_target_': 'verl.workers.config.QATEngineConfig',
[36m(TaskRunner pid=3807184)[0m                                            'activation_observer': 'static_minmax',
[36m(TaskRunner pid=3807184)[0m                                            'enable': False,
[36m(TaskRunner pid=3807184)[0m                                            'group_size': 16,
[36m(TaskRunner pid=3807184)[0m                                            'ignore_patterns': ['lm_head',
[36m(TaskRunner pid=3807184)[0m                                                                'embed_tokens',
[36m(TaskRunner pid=3807184)[0m                                                                're:.*mlp.gate$'],
[36m(TaskRunner pid=3807184)[0m                                            'mode': 'w4a16',
[36m(TaskRunner pid=3807184)[0m                                            'quantization_config_path': None},
[36m(TaskRunner pid=3807184)[0m                                    'quantization': None,
[36m(TaskRunner pid=3807184)[0m                                    'quantization_config_file': None,
[36m(TaskRunner pid=3807184)[0m                                    'response_length': 16384,
[36m(TaskRunner pid=3807184)[0m                                    'scheduling_policy': 'fcfs',
[36m(TaskRunner pid=3807184)[0m                                    'seed': 42,
[36m(TaskRunner pid=3807184)[0m                                    'skip_tokenizer_init': True,
[36m(TaskRunner pid=3807184)[0m                                    'temperature': 1.0,
[36m(TaskRunner pid=3807184)[0m                                    'tensor_model_parallel_size': 1,
[36m(TaskRunner pid=3807184)[0m                                    'top_k': -1,
[36m(TaskRunner pid=3807184)[0m                                    'top_p': 1,
[36m(TaskRunner pid=3807184)[0m                                    'trace': {'_target_': 'verl.workers.config.TraceConfig',
[36m(TaskRunner pid=3807184)[0m                                              'backend': None,
[36m(TaskRunner pid=3807184)[0m                                              'experiment_name': 'grpo_v2',
[36m(TaskRunner pid=3807184)[0m                                              'max_samples_per_step_per_worker': None,
[36m(TaskRunner pid=3807184)[0m                                              'project_name': 'agentic-tvg',
[36m(TaskRunner pid=3807184)[0m                                              'token2text': False},
[36m(TaskRunner pid=3807184)[0m                                    'val_kwargs': {'_target_': 'verl.workers.config.SamplingConfig',
[36m(TaskRunner pid=3807184)[0m                                                   'do_sample': False,
[36m(TaskRunner pid=3807184)[0m                                                   'n': 1,
[36m(TaskRunner pid=3807184)[0m                                                   'temperature': 0,
[36m(TaskRunner pid=3807184)[0m                                                   'top_k': -1,
[36m(TaskRunner pid=3807184)[0m                                                   'top_p': 1.0}}},
[36m(TaskRunner pid=3807184)[0m  'algorithm': {'_target_': 'verl.trainer.config.AlgoConfig',
[36m(TaskRunner pid=3807184)[0m                'adv_estimator': 'grpo',
[36m(TaskRunner pid=3807184)[0m                'filter_groups': {'_target_': 'verl.trainer.config.FilterGroupsConfig',
[36m(TaskRunner pid=3807184)[0m                                  'enable': False,
[36m(TaskRunner pid=3807184)[0m                                  'max_inflight_gen_batches': 1,
[36m(TaskRunner pid=3807184)[0m                                  'max_num_gen_batches': 0,
[36m(TaskRunner pid=3807184)[0m                                  'metric': None},
[36m(TaskRunner pid=3807184)[0m                'gamma': 1.0,
[36m(TaskRunner pid=3807184)[0m                'kl_ctrl': {'_target_': 'verl.trainer.config.KLControlConfig',
[36m(TaskRunner pid=3807184)[0m                            'horizon': 10000,
[36m(TaskRunner pid=3807184)[0m                            'kl_coef': 0.001,
[36m(TaskRunner pid=3807184)[0m                            'target_kl': 0.1,
[36m(TaskRunner pid=3807184)[0m                            'type': 'fixed'},
[36m(TaskRunner pid=3807184)[0m                'kl_penalty': 'kl',
[36m(TaskRunner pid=3807184)[0m                'lam': 1.0,
[36m(TaskRunner pid=3807184)[0m                'norm_adv_by_std_in_grpo': True,
[36m(TaskRunner pid=3807184)[0m                'pf_ppo': {'reweight_method': 'pow', 'weight_pow': 2.0},
[36m(TaskRunner pid=3807184)[0m                'rollout_correction': {'bypass_mode': False,
[36m(TaskRunner pid=3807184)[0m                                       'loss_type': 'ppo_clip',
[36m(TaskRunner pid=3807184)[0m                                       'rollout_is': None,
[36m(TaskRunner pid=3807184)[0m                                       'rollout_is_batch_normalize': False,
[36m(TaskRunner pid=3807184)[0m                                       'rollout_is_threshold': 2.0,
[36m(TaskRunner pid=3807184)[0m                                       'rollout_rs': None,
[36m(TaskRunner pid=3807184)[0m                                       'rollout_rs_threshold': None},
[36m(TaskRunner pid=3807184)[0m                'use_kl_in_reward': False,
[36m(TaskRunner pid=3807184)[0m                'use_pf_ppo': False},
[36m(TaskRunner pid=3807184)[0m  'critic': {'_target_': 'verl.workers.config.FSDPCriticConfig',
[36m(TaskRunner pid=3807184)[0m             'checkpoint': {'_target_': 'verl.trainer.config.CheckpointConfig',
[36m(TaskRunner pid=3807184)[0m                            'async_save': False,
[36m(TaskRunner pid=3807184)[0m                            'load_contents': ['model', 'optimizer', 'extra'],
[36m(TaskRunner pid=3807184)[0m                            'save_contents': ['model', 'optimizer', 'extra']},
[36m(TaskRunner pid=3807184)[0m             'cliprange_value': 0.5,
[36m(TaskRunner pid=3807184)[0m             'data_loader_seed': 42,
[36m(TaskRunner pid=3807184)[0m             'enable': None,
[36m(TaskRunner pid=3807184)[0m             'forward_max_token_len_per_gpu': 32768,
[36m(TaskRunner pid=3807184)[0m             'forward_micro_batch_size': None,
[36m(TaskRunner pid=3807184)[0m             'forward_micro_batch_size_per_gpu': None,
[36m(TaskRunner pid=3807184)[0m             'fsdp': {'_target_': 'verl.workers.config.FSDPEngineConfig',
[36m(TaskRunner pid=3807184)[0m                      'dtype': 'bfloat16',
[36m(TaskRunner pid=3807184)[0m                      'entropy_checkpointing': False,
[36m(TaskRunner pid=3807184)[0m                      'entropy_from_logits_chunk_size': 2048,
[36m(TaskRunner pid=3807184)[0m                      'entropy_from_logits_with_chunking': False,
[36m(TaskRunner pid=3807184)[0m                      'forward_only': False,
[36m(TaskRunner pid=3807184)[0m                      'forward_prefetch': False,
[36m(TaskRunner pid=3807184)[0m                      'fsdp_size': -1,
[36m(TaskRunner pid=3807184)[0m                      'full_determinism': False,
[36m(TaskRunner pid=3807184)[0m                      'model_dtype': 'fp32',
[36m(TaskRunner pid=3807184)[0m                      'offload_policy': False,
[36m(TaskRunner pid=3807184)[0m                      'optimizer_offload': False,
[36m(TaskRunner pid=3807184)[0m                      'pad_to_length': False,
[36m(TaskRunner pid=3807184)[0m                      'pad_to_length_bucket': 1024,
[36m(TaskRunner pid=3807184)[0m                      'param_offload': False,
[36m(TaskRunner pid=3807184)[0m                      'qat': {'_target_': 'verl.workers.config.QATEngineConfig',
[36m(TaskRunner pid=3807184)[0m                              'activation_observer': 'static_minmax',
[36m(TaskRunner pid=3807184)[0m                              'enable': False,
[36m(TaskRunner pid=3807184)[0m                              'group_size': 16,
[36m(TaskRunner pid=3807184)[0m                              'ignore_patterns': ['lm_head',
[36m(TaskRunner pid=3807184)[0m                                                  'embed_tokens',
[36m(TaskRunner pid=3807184)[0m                                                  're:.*mlp.gate$'],
[36m(TaskRunner pid=3807184)[0m                              'mode': 'w4a16',
[36m(TaskRunner pid=3807184)[0m                              'quantization_config_path': None},
[36m(TaskRunner pid=3807184)[0m                      'reshard_after_forward': True,
[36m(TaskRunner pid=3807184)[0m                      'seed': 42,
[36m(TaskRunner pid=3807184)[0m                      'strategy': 'fsdp',
[36m(TaskRunner pid=3807184)[0m                      'ulysses_sequence_parallel_size': 1,
[36m(TaskRunner pid=3807184)[0m                      'use_orig_params': False,
[36m(TaskRunner pid=3807184)[0m                      'use_torch_compile': True,
[36m(TaskRunner pid=3807184)[0m                      'wrap_policy': {'min_num_params': 0}},
[36m(TaskRunner pid=3807184)[0m             'grad_clip': 1.0,
[36m(TaskRunner pid=3807184)[0m             'loss_agg_mode': 'token-mean',
[36m(TaskRunner pid=3807184)[0m             'loss_scale_factor': None,
[36m(TaskRunner pid=3807184)[0m             'model': {'_target_': 'verl.workers.config.HFModelConfig',
[36m(TaskRunner pid=3807184)[0m                       'custom_chat_template': None,
[36m(TaskRunner pid=3807184)[0m                       'enable_activation_offload': False,
[36m(TaskRunner pid=3807184)[0m                       'enable_gradient_checkpointing': True,
[36m(TaskRunner pid=3807184)[0m                       'exclude_modules': None,
[36m(TaskRunner pid=3807184)[0m                       'external_lib': None,
[36m(TaskRunner pid=3807184)[0m                       'fused_kernel_options': {'impl_backend': 'torch'},
[36m(TaskRunner pid=3807184)[0m                       'hf_config_path': None,
[36m(TaskRunner pid=3807184)[0m                       'lora': {'a2a_experimental': False,
[36m(TaskRunner pid=3807184)[0m                                'adapter_path': None,
[36m(TaskRunner pid=3807184)[0m                                'alpha': 32,
[36m(TaskRunner pid=3807184)[0m                                'dropout': 0.0,
[36m(TaskRunner pid=3807184)[0m                                'dropout_position': 'pre',
[36m(TaskRunner pid=3807184)[0m                                'dtype': None,
[36m(TaskRunner pid=3807184)[0m                                'exclude_modules': [],
[36m(TaskRunner pid=3807184)[0m                                'freeze_language_model': True,
[36m(TaskRunner pid=3807184)[0m                                'freeze_vision_model': True,
[36m(TaskRunner pid=3807184)[0m                                'freeze_vision_projection': True,
[36m(TaskRunner pid=3807184)[0m                                'lora_A_init_method': 'xavier',
[36m(TaskRunner pid=3807184)[0m                                'lora_B_init_method': 'zero',
[36m(TaskRunner pid=3807184)[0m                                'merge': False,
[36m(TaskRunner pid=3807184)[0m                                'rank': 0,
[36m(TaskRunner pid=3807184)[0m                                'target_modules': ['linear_qkv',
[36m(TaskRunner pid=3807184)[0m                                                   'linear_proj',
[36m(TaskRunner pid=3807184)[0m                                                   'linear_fc1',
[36m(TaskRunner pid=3807184)[0m                                                   'linear_fc2'],
[36m(TaskRunner pid=3807184)[0m                                'type': 'lora'},
[36m(TaskRunner pid=3807184)[0m                       'lora_adapter_path': None,
[36m(TaskRunner pid=3807184)[0m                       'lora_alpha': 16,
[36m(TaskRunner pid=3807184)[0m                       'lora_rank': 0,
[36m(TaskRunner pid=3807184)[0m                       'mtp': {'_target_': 'verl.workers.config.MtpConfig',
[36m(TaskRunner pid=3807184)[0m                               'detach_encoder': False,
[36m(TaskRunner pid=3807184)[0m                               'enable': False,
[36m(TaskRunner pid=3807184)[0m                               'enable_rollout': False,
[36m(TaskRunner pid=3807184)[0m                               'enable_train': False,
[36m(TaskRunner pid=3807184)[0m                               'method': 'mtp',
[36m(TaskRunner pid=3807184)[0m                               'mtp_loss_scaling_factor': 0.1,
[36m(TaskRunner pid=3807184)[0m                               'num_speculative_tokens': 1,
[36m(TaskRunner pid=3807184)[0m                               'speculative_algorithm': 'EAGLE',
[36m(TaskRunner pid=3807184)[0m                               'speculative_eagle_topk': 1,
[36m(TaskRunner pid=3807184)[0m                               'speculative_num_draft_tokens': 4,
[36m(TaskRunner pid=3807184)[0m                               'speculative_num_steps': 3},
[36m(TaskRunner pid=3807184)[0m                       'override_config': {},
[36m(TaskRunner pid=3807184)[0m                       'path': '~/models/deepseek-llm-7b-chat',
[36m(TaskRunner pid=3807184)[0m                       'target_modules': 'all-linear',
[36m(TaskRunner pid=3807184)[0m                       'tiled_mlp': {'enabled': False, 'num_shards': 4},
[36m(TaskRunner pid=3807184)[0m                       'tokenizer_path': None,
[36m(TaskRunner pid=3807184)[0m                       'trust_remote_code': False,
[36m(TaskRunner pid=3807184)[0m                       'use_fused_kernels': False,
[36m(TaskRunner pid=3807184)[0m                       'use_liger': False,
[36m(TaskRunner pid=3807184)[0m                       'use_remove_padding': True,
[36m(TaskRunner pid=3807184)[0m                       'use_shm': False},
[36m(TaskRunner pid=3807184)[0m             'optim': {'_target_': 'verl.workers.config.FSDPOptimizerConfig',
[36m(TaskRunner pid=3807184)[0m                       'betas': [0.9, 0.999],
[36m(TaskRunner pid=3807184)[0m                       'clip_grad': 1.0,
[36m(TaskRunner pid=3807184)[0m                       'lr': 1e-05,
[36m(TaskRunner pid=3807184)[0m                       'lr_scheduler_type': 'constant',
[36m(TaskRunner pid=3807184)[0m                       'lr_warmup_steps': -1,
[36m(TaskRunner pid=3807184)[0m                       'lr_warmup_steps_ratio': 0.0,
[36m(TaskRunner pid=3807184)[0m                       'min_lr_ratio': 0.0,
[36m(TaskRunner pid=3807184)[0m                       'num_cycles': 0.5,
[36m(TaskRunner pid=3807184)[0m                       'optimizer': 'AdamW',
[36m(TaskRunner pid=3807184)[0m                       'optimizer_impl': 'torch.optim',
[36m(TaskRunner pid=3807184)[0m                       'override_optimizer_config': None,
[36m(TaskRunner pid=3807184)[0m                       'total_training_steps': -1,
[36m(TaskRunner pid=3807184)[0m                       'warmup_style': None,
[36m(TaskRunner pid=3807184)[0m                       'weight_decay': 0.01,
[36m(TaskRunner pid=3807184)[0m                       'zero_indexed_step': True},
[36m(TaskRunner pid=3807184)[0m             'ppo_epochs': 1,
[36m(TaskRunner pid=3807184)[0m             'ppo_max_token_len_per_gpu': 32768,
[36m(TaskRunner pid=3807184)[0m             'ppo_micro_batch_size': None,
[36m(TaskRunner pid=3807184)[0m             'ppo_micro_batch_size_per_gpu': None,
[36m(TaskRunner pid=3807184)[0m             'ppo_mini_batch_size': 8,
[36m(TaskRunner pid=3807184)[0m             'profiler': {'_target_': 'verl.utils.profiler.ProfilerConfig',
[36m(TaskRunner pid=3807184)[0m                          'all_ranks': False,
[36m(TaskRunner pid=3807184)[0m                          'enable': False,
[36m(TaskRunner pid=3807184)[0m                          'ranks': [],
[36m(TaskRunner pid=3807184)[0m                          'save_path': 'outputs/profile',
[36m(TaskRunner pid=3807184)[0m                          'tool': None,
[36m(TaskRunner pid=3807184)[0m                          'tool_config': {'npu': {'_target_': 'verl.utils.profiler.config.NPUToolConfig',
[36m(TaskRunner pid=3807184)[0m                                                  'analysis': True,
[36m(TaskRunner pid=3807184)[0m                                                  'contents': [],
[36m(TaskRunner pid=3807184)[0m                                                  'discrete': False,
[36m(TaskRunner pid=3807184)[0m                                                  'level': 'level0'},
[36m(TaskRunner pid=3807184)[0m                                          'nsys': {'_target_': 'verl.utils.profiler.config.NsightToolConfig',
[36m(TaskRunner pid=3807184)[0m                                                   'discrete': False},
[36m(TaskRunner pid=3807184)[0m                                          'precision_debugger': {'_target_': 'verl.utils.profiler.config.PrecisionDebuggerToolConfig',
[36m(TaskRunner pid=3807184)[0m                                                                 'config_path': None,
[36m(TaskRunner pid=3807184)[0m                                                                 'stages': None,
[36m(TaskRunner pid=3807184)[0m                                                                 'steps': None,
[36m(TaskRunner pid=3807184)[0m                                                                 'strict': False},
[36m(TaskRunner pid=3807184)[0m                                          'torch': {'_target_': 'verl.utils.profiler.config.TorchProfilerToolConfig',
[36m(TaskRunner pid=3807184)[0m                                                    'contents': [],
[36m(TaskRunner pid=3807184)[0m                                                    'discrete': False,
[36m(TaskRunner pid=3807184)[0m                                                    'schedule': {'_target_': 'verl.utils.profiler.config.TorchProfilerScheduleConfig',
[36m(TaskRunner pid=3807184)[0m                                                                 'active': 0,
[36m(TaskRunner pid=3807184)[0m                                                                 'repeat': 0,
[36m(TaskRunner pid=3807184)[0m                                                                 'skip_first': 0,
[36m(TaskRunner pid=3807184)[0m                                                                 'wait': 0,
[36m(TaskRunner pid=3807184)[0m                                                                 'warmup': 0}},
[36m(TaskRunner pid=3807184)[0m                                          'torch_memory': {'_target_': 'verl.utils.profiler.config.TorchMemoryToolConfig',
[36m(TaskRunner pid=3807184)[0m                                                           'stack_depth': 32,
[36m(TaskRunner pid=3807184)[0m                                                           'trace_alloc_max_entries': 100000}}},
[36m(TaskRunner pid=3807184)[0m             'rollout_n': 16,
[36m(TaskRunner pid=3807184)[0m             'shuffle': False,
[36m(TaskRunner pid=3807184)[0m             'strategy': 'fsdp',
[36m(TaskRunner pid=3807184)[0m             'ulysses_sequence_parallel_size': 1,
[36m(TaskRunner pid=3807184)[0m             'use_dynamic_bsz': True},
[36m(TaskRunner pid=3807184)[0m  'custom_reward_function': {'name': None, 'path': None},
[36m(TaskRunner pid=3807184)[0m  'data': {'apply_chat_template_kwargs': {},
[36m(TaskRunner pid=3807184)[0m           'audio_key': 'audios',
[36m(TaskRunner pid=3807184)[0m           'continuous_token': {'enable': False, 'model_family': 'auto'},
[36m(TaskRunner pid=3807184)[0m           'custom_cls': {'name': None, 'path': None},
[36m(TaskRunner pid=3807184)[0m           'dataloader_num_workers': 8,
[36m(TaskRunner pid=3807184)[0m           'filter_overlong_prompts': False,
[36m(TaskRunner pid=3807184)[0m           'filter_overlong_prompts_workers': 1,
[36m(TaskRunner pid=3807184)[0m           'function_tool_path': None,
[36m(TaskRunner pid=3807184)[0m           'gen_batch_size': None,
[36m(TaskRunner pid=3807184)[0m           'image_key': 'images',
[36m(TaskRunner pid=3807184)[0m           'image_patch_size': 16,
[36m(TaskRunner pid=3807184)[0m           'max_prompt_length': 4608,
[36m(TaskRunner pid=3807184)[0m           'max_response_length': 16384,
[36m(TaskRunner pid=3807184)[0m           'mm_processor_kwargs': {},
[36m(TaskRunner pid=3807184)[0m           'prompt_key': 'prompt',
[36m(TaskRunner pid=3807184)[0m           'return_full_prompt': False,
[36m(TaskRunner pid=3807184)[0m           'return_multi_modal_inputs': True,
[36m(TaskRunner pid=3807184)[0m           'return_raw_chat': True,
[36m(TaskRunner pid=3807184)[0m           'return_raw_input_ids': False,
[36m(TaskRunner pid=3807184)[0m           'reward_fn_key': 'data_source',
[36m(TaskRunner pid=3807184)[0m           'seed': None,
[36m(TaskRunner pid=3807184)[0m           'shuffle': True,
[36m(TaskRunner pid=3807184)[0m           'tokenizer': None,
[36m(TaskRunner pid=3807184)[0m           'tool_config_path': '/home/yw4636/agentic-tvg/crop_video_tool.yaml',
[36m(TaskRunner pid=3807184)[0m           'train_batch_size': 8,
[36m(TaskRunner pid=3807184)[0m           'train_files': '/home/yw4636/agentic-tvg/data/processed/rl_train_ep2.parquet',
[36m(TaskRunner pid=3807184)[0m           'train_max_samples': -1,
[36m(TaskRunner pid=3807184)[0m           'truncation': 'error',
[36m(TaskRunner pid=3807184)[0m           'trust_remote_code': False,
[36m(TaskRunner pid=3807184)[0m           'use_shm': False,
[36m(TaskRunner pid=3807184)[0m           'val_batch_size': 2,
[36m(TaskRunner pid=3807184)[0m           'val_files': '/home/yw4636/agentic-tvg/data/processed/rl_val.parquet',
[36m(TaskRunner pid=3807184)[0m           'val_max_samples': -1,
[36m(TaskRunner pid=3807184)[0m           'validation_shuffle': False,
[36m(TaskRunner pid=3807184)[0m           'video_key': 'videos'},
[36m(TaskRunner pid=3807184)[0m  'distillation': {'_target_': 'verl.workers.config.DistillationConfig',
[36m(TaskRunner pid=3807184)[0m                   'distillation_loss': {'_target_': 'verl.workers.config.DistillationLossConfig',
[36m(TaskRunner pid=3807184)[0m                                         'clip_ratio': 0.2,
[36m(TaskRunner pid=3807184)[0m                                         'clip_ratio_high': 0.2,
[36m(TaskRunner pid=3807184)[0m                                         'clip_ratio_low': 0.2,
[36m(TaskRunner pid=3807184)[0m                                         'distillation_loss_coef': 1.0,
[36m(TaskRunner pid=3807184)[0m                                         'log_prob_min_clamp': None,
[36m(TaskRunner pid=3807184)[0m                                         'loss_max_clamp': None,
[36m(TaskRunner pid=3807184)[0m                                         'loss_mode': 'k3',
[36m(TaskRunner pid=3807184)[0m                                         'policy_loss_mode': 'vanilla',
[36m(TaskRunner pid=3807184)[0m                                         'topk': 32,
[36m(TaskRunner pid=3807184)[0m                                         'use_policy_gradient': False,
[36m(TaskRunner pid=3807184)[0m                                         'use_task_rewards': True},
[36m(TaskRunner pid=3807184)[0m                   'enabled': False,
[36m(TaskRunner pid=3807184)[0m                   'n_gpus_per_node': 8,
[36m(TaskRunner pid=3807184)[0m                   'nnodes': 0,
[36m(TaskRunner pid=3807184)[0m                   'teacher_key': 'data_source',
[36m(TaskRunner pid=3807184)[0m                   'teacher_models': {'teacher_model': {'_target_': 'verl.workers.config.DistillationTeacherModelConfig',
[36m(TaskRunner pid=3807184)[0m                                                        'inference': {'_target_': 'verl.workers.config.RolloutConfig',
[36m(TaskRunner pid=3807184)[0m                                                                      'cudagraph_capture_sizes': None,
[36m(TaskRunner pid=3807184)[0m                                                                      'data_parallel_size': 1,
[36m(TaskRunner pid=3807184)[0m                                                                      'disable_log_stats': True,
[36m(TaskRunner pid=3807184)[0m                                                                      'dtype': 'bfloat16',
[36m(TaskRunner pid=3807184)[0m                                                                      'enable_chunked_prefill': True,
[36m(TaskRunner pid=3807184)[0m                                                                      'enable_prefix_caching': True,
[36m(TaskRunner pid=3807184)[0m                                                                      'enforce_eager': True,
[36m(TaskRunner pid=3807184)[0m                                                                      'engine_kwargs': {},
[36m(TaskRunner pid=3807184)[0m                                                                      'expert_parallel_size': 1,
[36m(TaskRunner pid=3807184)[0m                                                                      'free_cache_engine': True,
[36m(TaskRunner pid=3807184)[0m                                                                      'gpu_memory_utilization': 0.5,
[36m(TaskRunner pid=3807184)[0m                                                                      'limit_images': None,
[36m(TaskRunner pid=3807184)[0m                                                                      'load_format': 'auto',
[36m(TaskRunner pid=3807184)[0m                                                                      'max_model_len': None,
[36m(TaskRunner pid=3807184)[0m                                                                      'max_num_batched_tokens': 8192,
[36m(TaskRunner pid=3807184)[0m                                                                      'max_num_seqs': 1024,
[36m(TaskRunner pid=3807184)[0m                                                                      'name': 'vllm',
[36m(TaskRunner pid=3807184)[0m                                                                      'prompt_length': 4608,
[36m(TaskRunner pid=3807184)[0m                                                                      'response_length': 16384,
[36m(TaskRunner pid=3807184)[0m                                                                      'skip_tokenizer_init': True,
[36m(TaskRunner pid=3807184)[0m                                                                      'temperature': 1.0,
[36m(TaskRunner pid=3807184)[0m                                                                      'tensor_model_parallel_size': 2},
[36m(TaskRunner pid=3807184)[0m                                                        'key': None,
[36m(TaskRunner pid=3807184)[0m                                                        'model_path': None,
[36m(TaskRunner pid=3807184)[0m                                                        'num_replicas': 0}}},
[36m(TaskRunner pid=3807184)[0m  'global_profiler': {'_target_': 'verl.utils.profiler.ProfilerConfig',
[36m(TaskRunner pid=3807184)[0m                      'global_tool_config': {'nsys': {'_target_': 'verl.utils.profiler.config.NsightToolConfig',
[36m(TaskRunner pid=3807184)[0m                                                      'controller_nsight_options': {'cuda-graph-trace': 'graph',
[36m(TaskRunner pid=3807184)[0m                                                                                    'cuda-memory-usage': 'true',
[36m(TaskRunner pid=3807184)[0m                                                                                    'trace': 'cuda,nvtx,cublas,ucx'},
[36m(TaskRunner pid=3807184)[0m                                                      'discrete': False,
[36m(TaskRunner pid=3807184)[0m                                                      'worker_nsight_options': {'capture-range': 'cudaProfilerApi',
[36m(TaskRunner pid=3807184)[0m                                                                                'capture-range-end': None,
[36m(TaskRunner pid=3807184)[0m                                                                                'cuda-graph-trace': 'graph',
[36m(TaskRunner pid=3807184)[0m                                                                                'cuda-memory-usage': 'true',
[36m(TaskRunner pid=3807184)[0m                                                                                'kill': 'none',
[36m(TaskRunner pid=3807184)[0m                                                                                'trace': 'cuda,nvtx,cublas,ucx'}},
[36m(TaskRunner pid=3807184)[0m                                             'precision_debugger': {'_target_': 'verl.utils.profiler.config.PrecisionDebuggerToolConfig',
[36m(TaskRunner pid=3807184)[0m                                                                    'config_path': None,
[36m(TaskRunner pid=3807184)[0m                                                                    'stages': None,
[36m(TaskRunner pid=3807184)[0m                                                                    'steps': None,
[36m(TaskRunner pid=3807184)[0m                                                                    'strict': False},
[36m(TaskRunner pid=3807184)[0m                                             'torch_memory': {'context': 'all',
[36m(TaskRunner pid=3807184)[0m                                                              'kw_args': {},
[36m(TaskRunner pid=3807184)[0m                                                              'stack_depth': 32,
[36m(TaskRunner pid=3807184)[0m                                                              'stacks': 'all',
[36m(TaskRunner pid=3807184)[0m                                                              'trace_alloc_max_entries': 100000}},
[36m(TaskRunner pid=3807184)[0m                      'profile_continuous_steps': False,
[36m(TaskRunner pid=3807184)[0m                      'save_path': 'outputs/profile',
[36m(TaskRunner pid=3807184)[0m                      'steps': None,
[36m(TaskRunner pid=3807184)[0m                      'tool': None},
[36m(TaskRunner pid=3807184)[0m  'model_engine': 'dp',
[36m(TaskRunner pid=3807184)[0m  'ray_kwargs': {'ray_init': {'num_cpus': None,
[36m(TaskRunner pid=3807184)[0m                              'object_store_memory': 25769803776},
[36m(TaskRunner pid=3807184)[0m                 'timeline_json_file': None},
[36m(TaskRunner pid=3807184)[0m  'reward': 
[36m(TaskRunner pid=3807184)[0m {'_target_': 'verl.workers.config.RewardConfig',
[36m(TaskRunner pid=3807184)[0m             'custom_reward_function': {'name': 'compute_score_qa2',
[36m(TaskRunner pid=3807184)[0m                                        'path': '/home/yw4636/agentic-tvg/agentic_tvg/reward.py'},
[36m(TaskRunner pid=3807184)[0m             'num_workers': 8,
[36m(TaskRunner pid=3807184)[0m             'reward_manager': {'_target_': 'verl.workers.config.reward.RewardManagerConfig',
[36m(TaskRunner pid=3807184)[0m                                'module': {'_target_': 'verl.trainer.config.config.ModuleConfig',
[36m(TaskRunner pid=3807184)[0m                                           'name': 'custom_reward_manager',
[36m(TaskRunner pid=3807184)[0m                                           'path': None},
[36m(TaskRunner pid=3807184)[0m                                'name': 'naive',
[36m(TaskRunner pid=3807184)[0m                                'source': 'register'},
[36m(TaskRunner pid=3807184)[0m             'reward_model': {'_target_': 'verl.workers.config.RewardModelConfig',
[36m(TaskRunner pid=3807184)[0m                              'enable': False,
[36m(TaskRunner pid=3807184)[0m                              'enable_resource_pool': False,
[36m(TaskRunner pid=3807184)[0m                              'model_path': None,
[36m(TaskRunner pid=3807184)[0m                              'n_gpus_per_node': 8,
[36m(TaskRunner pid=3807184)[0m                              'nnodes': 0,
[36m(TaskRunner pid=3807184)[0m                              'rollout': {'_target_': 'verl.workers.config.RolloutConfig',
[36m(TaskRunner pid=3807184)[0m                                          'cudagraph_capture_sizes': None,
[36m(TaskRunner pid=3807184)[0m                                          'data_parallel_size': 1,
[36m(TaskRunner pid=3807184)[0m                                          'disable_log_stats': True,
[36m(TaskRunner pid=3807184)[0m                                          'disaggregation': {'bootstrap_port': None,
[36m(TaskRunner pid=3807184)[0m                                                             'decode_replicas': 1,
[36m(TaskRunner pid=3807184)[0m                                                             'decode_tensor_model_parallel_size': None,
[36m(TaskRunner pid=3807184)[0m                                                             'enabled': False,
[36m(TaskRunner pid=3807184)[0m                                                             'ib_device': None,
[36m(TaskRunner pid=3807184)[0m                                                             'prefill_replicas': 1,
[36m(TaskRunner pid=3807184)[0m                                                             'transfer_backend': 'nixl'},
[36m(TaskRunner pid=3807184)[0m                                          'do_sample': True,
[36m(TaskRunner pid=3807184)[0m                                          'dtype': 'bfloat16',
[36m(TaskRunner pid=3807184)[0m                                          'enable_chunked_prefill': True,
[36m(TaskRunner pid=3807184)[0m                                          'enable_prefix_caching': True,
[36m(TaskRunner pid=3807184)[0m                                          'enforce_eager': True,
[36m(TaskRunner pid=3807184)[0m                                          'engine_kwargs': {},
[36m(TaskRunner pid=3807184)[0m                                          'expert_parallel_size': 1,
[36m(TaskRunner pid=3807184)[0m                                          'free_cache_engine': True,
[36m(TaskRunner pid=3807184)[0m                                          'full_determinism': False,
[36m(TaskRunner pid=3807184)[0m                                          'gpu_memory_utilization': 0.5,
[36m(TaskRunner pid=3807184)[0m                                          'ignore_eos': False,
[36m(TaskRunner pid=3807184)[0m                                          'layered_summon': False,
[36m(TaskRunner pid=3807184)[0m                                          'limit_images': None,
[36m(TaskRunner pid=3807184)[0m                                          'load_format': 'auto',
[36m(TaskRunner pid=3807184)[0m                                          'max_model_len': None,
[36m(TaskRunner pid=3807184)[0m                                          'max_num_batched_tokens': 8192,
[36m(TaskRunner pid=3807184)[0m                                          'max_num_seqs': 1024,
[36m(TaskRunner pid=3807184)[0m                                          'mtp': None,
[36m(TaskRunner pid=3807184)[0m                                          'multi_stage_wake_up': False,
[36m(TaskRunner pid=3807184)[0m                                          'n': 1,
[36m(TaskRunner pid=3807184)[0m                                          'name': '???',
[36m(TaskRunner pid=3807184)[0m                                          'pipeline_model_parallel_size': 1,
[36m(TaskRunner pid=3807184)[0m                                          'prompt_length': 2048,
[36m(TaskRunner pid=3807184)[0m                                          'quantization': None,
[36m(TaskRunner pid=3807184)[0m                                          'quantization_config_file': None,
[36m(TaskRunner pid=3807184)[0m                                          'response_length': 2048,
[36m(TaskRunner pid=3807184)[0m                                          'scheduling_policy': 'fcfs',
[36m(TaskRunner pid=3807184)[0m                                          'seed': 42,
[36m(TaskRunner pid=3807184)[0m                                          'skip_tokenizer_init': False,
[36m(TaskRunner pid=3807184)[0m                                          'temperature': 1.0,
[36m(TaskRunner pid=3807184)[0m                                          'tensor_model_parallel_size': 2,
[36m(TaskRunner pid=3807184)[0m                                          'top_k': -1,
[36m(TaskRunner pid=3807184)[0m                                          'top_p': 1}},
[36m(TaskRunner pid=3807184)[0m             'sandbox_fusion': {'_target_': 'verl.workers.config.SandboxFusionConfig',
[36m(TaskRunner pid=3807184)[0m                                'max_concurrent': 64,
[36m(TaskRunner pid=3807184)[0m                                'memory_limit_mb': 1024,
[36m(TaskRunner pid=3807184)[0m                                'url': None}},
[36m(TaskRunner pid=3807184)[0m  'reward_model': {'enable': None,
[36m(TaskRunner pid=3807184)[0m                   'enable_resource_pool': None,
[36m(TaskRunner pid=3807184)[0m                   'model': {'external_lib': None,
[36m(TaskRunner pid=3807184)[0m                             'path': None,
[36m(TaskRunner pid=3807184)[0m                             'trust_remote_code': None},
[36m(TaskRunner pid=3807184)[0m                   'n_gpus_per_node': None,
[36m(TaskRunner pid=3807184)[0m                   'nnodes': None,
[36m(TaskRunner pid=3807184)[0m                   'num_workers': None,
[36m(TaskRunner pid=3807184)[0m                   'reward_loop_class_name': None,
[36m(TaskRunner pid=3807184)[0m                   'reward_loop_module_path': None,
[36m(TaskRunner pid=3807184)[0m                   'reward_loop_source': None,
[36m(TaskRunner pid=3807184)[0m                   'reward_manager': None,
[36m(TaskRunner pid=3807184)[0m                   'rollout': {'cudagraph_capture_sizes': None,
[36m(TaskRunner pid=3807184)[0m                               'data_parallel_size': None,
[36m(TaskRunner pid=3807184)[0m                               'disable_log_stats': None,
[36m(TaskRunner pid=3807184)[0m                               'dtype': None,[36m(TaskRunner pid=3807184)[0m /home/yw4636/.conda/envs/verl/lib/python3.12/site-packages/verl/trainer/main_ppo_v0.py:182: UserWarning: Disabled critic as algorithm.adv_estimator != gae. If it is not intended, please set critic.enable=True
[36m(TaskRunner pid=3807184)[0m   use_critic=need_critic(config),

[36m(TaskRunner pid=3807184)[0m                               'enable_chunked_prefill': None,
[36m(TaskRunner pid=3807184)[0m                               'enable_prefix_caching': None,
[36m(TaskRunner pid=3807184)[0m                               'enforce_eager': None,
[36m(TaskRunner pid=3807184)[0m                               'engine_kwargs': None,
[36m(TaskRunner pid=3807184)[0m                               'expert_parallel_size': None,
[36m(TaskRunner pid=3807184)[0m                               'free_cache_engine': None,
[36m(TaskRunner pid=3807184)[0m                               'gpu_memory_utilization': None,
[36m(TaskRunner pid=3807184)[0m                               'limit_images': None,
[36m(TaskRunner pid=3807184)[0m                               'load_format': None,
[36m(TaskRunner pid=3807184)[0m                               'max_model_len': None,
[36m(TaskRunner pid=3807184)[0m                               'max_num_batched_tokens': None,
[36m(TaskRunner pid=3807184)[0m                               'max_num_seqs': None,
[36m(TaskRunner pid=3807184)[0m                               'name': None,
[36m(TaskRunner pid=3807184)[0m                               'prompt_length': None,
[36m(TaskRunner pid=3807184)[0m                               'response_length': None,
[36m(TaskRunner pid=3807184)[0m                               'skip_tokenizer_init': None,
[36m(TaskRunner pid=3807184)[0m                               'tensor_model_parallel_size': None}},
[36m(TaskRunner pid=3807184)[0m  'sandbox_fusion': {'max_concurrent': None,
[36m(TaskRunner pid=3807184)[0m                     'memory_limit_mb': None,
[36m(TaskRunner pid=3807184)[0m                     'url': None},
[36m(TaskRunner pid=3807184)[0m  'skip': {'_target_': 'verl.utils.skip.SkipManagerConfig',
[36m(TaskRunner pid=3807184)[0m           'async_rollout': {'action': 'cache',
[36m(TaskRunner pid=3807184)[0m                             'dump_dir': '~/.verl/rollout_dump',
[36m(TaskRunner pid=3807184)[0m                             'enable': False,
[36m(TaskRunner pid=3807184)[0m                             'steps': []},
[36m(TaskRunner pid=3807184)[0m           'rollout': {'action': 'cache',
[36m(TaskRunner pid=3807184)[0m                       'dump_dir': '~/.verl/rollout_dump',
[36m(TaskRunner pid=3807184)[0m                       'enable': False,
[36m(TaskRunner pid=3807184)[0m                       'steps': []},
[36m(TaskRunner pid=3807184)[0m           'rollout_tq': {'action': 'cache',
[36m(TaskRunner pid=3807184)[0m                          'dump_dir': '~/.verl/rollout_dump',
[36m(TaskRunner pid=3807184)[0m                          'enable': False,
[36m(TaskRunner pid=3807184)[0m                          'steps': []}},
[36m(TaskRunner pid=3807184)[0m  'trainer': {'balance_batch': True,
[36m(TaskRunner pid=3807184)[0m              'critic_warmup': 0,
[36m(TaskRunner pid=3807184)[0m              'default_hdfs_dir': None,
[36m(TaskRunner pid=3807184)[0m              'default_local_dir': '/home/yw4636/agentic-tvg/results/grpo-v2/ckpt',
[36m(TaskRunner pid=3807184)[0m              'del_local_ckpt_after_load': False,
[36m(TaskRunner pid=3807184)[0m              'device': 'cuda',
[36m(TaskRunner pid=3807184)[0m              'esi_redundant_time': 0,
[36m(TaskRunner pid=3807184)[0m              'experiment_name': 'grpo_v2',
[36m(TaskRunner pid=3807184)[0m              'log_val_generations': 0,
[36m(TaskRunner pid=3807184)[0m              'logger': ['console', 'tensorboard'],
[36m(TaskRunner pid=3807184)[0m              'max_actor_ckpt_to_keep': 1,
[36m(TaskRunner pid=3807184)[0m              'max_critic_ckpt_to_keep': None,
[36m(TaskRunner pid=3807184)[0m              'n_gpus_per_node': 1,
[36m(TaskRunner pid=3807184)[0m              'nnodes': 1,
[36m(TaskRunner pid=3807184)[0m              'project_name': 'agentic-tvg',
[36m(TaskRunner pid=3807184)[0m              'ray_wait_register_center_timeout': 300,
[36m(TaskRunner pid=3807184)[0m              'resume_from_path': None,
[36m(TaskRunner pid=3807184)[0m              'resume_mode': 'auto',
[36m(TaskRunner pid=3807184)[0m              'rollout_data_dir': '/home/yw4636/agentic-tvg/results/grpo-v2/rollouts',
[36m(TaskRunner pid=3807184)[0m              'save_freq': 20,
[36m(TaskRunner pid=3807184)[0m              'test_freq': 20,
[36m(TaskRunner pid=3807184)[0m              'total_epochs': 2,
[36m(TaskRunner pid=3807184)[0m              'total_training_steps': 239,
[36m(TaskRunner pid=3807184)[0m              'use_v1': False,
[36m(TaskRunner pid=3807184)[0m              'v1': {'colocate_async': {'num_warmup_batches': 1},
[36m(TaskRunner pid=3807184)[0m                     'sampler': {'custom_sampler': {'name': None, 'path': None},
[36m(TaskRunner pid=3807184)[0m                                 'max_off_policy_strategy': 'drop',
[36m(TaskRunner pid=3807184)[0m                                 'max_off_policy_threshold': 8,
[36m(TaskRunner pid=3807184)[0m                                 'sampler_kwargs': {},
[36m(TaskRunner pid=3807184)[0m                                 'sync_refill_failed_groups': False},
[36m(TaskRunner pid=3807184)[0m                     'separate_async': {'num_warmup_batches': 1,
[36m(TaskRunner pid=3807184)[0m                                        'parameter_sync_step': 4},
[36m(TaskRunner pid=3807184)[0m                     'sync': {},
[36m(TaskRunner pid=3807184)[0m                     'trainer_mode': 'sync'},
[36m(TaskRunner pid=3807184)[0m              'val_before_train': False,
[36m(TaskRunner pid=3807184)[0m              'val_only': False,
[36m(TaskRunner pid=3807184)[0m              'validation_data_dir': '/home/yw4636/agentic-tvg/results/grpo-v2/val_rollouts'},
[36m(TaskRunner pid=3807184)[0m  'transfer_queue': {'backend': {'MooncakeStore': {'auto_init': False,
[36m(TaskRunner pid=3807184)[0m                                                   'device_name': '',
[36m(TaskRunner pid=3807184)[0m                                                   'global_segment_size': 4294967296,
[36m(TaskRunner pid=3807184)[0m                                                   'local_buffer_size': 1073741824,
[36m(TaskRunner pid=3807184)[0m                                                   'local_hostname': 'localhost',
[36m(TaskRunner pid=3807184)[0m                                                   'master_server_address': 'localhost:50124',
[36m(TaskRunner pid=3807184)[0m                                                   'metadata_server': 'localhost:50123',
[36m(TaskRunner pid=3807184)[0m                                                   'protocol': 'tcp'},
[36m(TaskRunner pid=3807184)[0m                                 'SimpleStorage': {'num_data_storage_units': 8,
[36m(TaskRunner pid=3807184)[0m                                                   'total_storage_size': 100000},
[36m(TaskRunner pid=3807184)[0m                                 'storage_backend': 'SimpleStorage'},
[36m(TaskRunner pid=3807184)[0m                     'enable': False,
[36m(TaskRunner pid=3807184)[0m                     'metrics': {'enabled': False, 'port': 0}}}
[36m(TaskRunner pid=3807184)[0m WARNING: val_batch_size is deprecated. Validation datasets are sent to inference engines as a whole batch, which will schedule the memory themselves.
[36m(TaskRunner pid=3807184)[0m [validate_config] All configuration checks passed successfully!
[36m(TaskRunner pid=3807184)[0m Using dataset class: RLHFDataset
[36m(TaskRunner pid=3807184)[0m {
[36m(TaskRunner pid=3807184)[0m   "type": "function",
[36m(TaskRunner pid=3807184)[0m   "function": {
[36m(TaskRunner pid=3807184)[0m     "name": "crop_video",
[36m(TaskRunner pid=3807184)[0m     "description": "Inspect a time interval of the current video closely: returns 30 higher-resolution frames sampled evenly from [start_time, end_time], each labeled with its timestamp in seconds.",
[36m(TaskRunner pid=3807184)[0m     "parameters": {
[36m(TaskRunner pid=3807184)[0m       "type": "object",
[36m(TaskRunner pid=3807184)[0m       "properties": {[36m(TaskRunner pid=3807184)[0m /home/yw4636/.conda/envs/verl/lib/python3.12/site-packages/verl/trainer/main_ppo_v0.py:218: FutureWarning: Warning: Class 'verl.trainer.ppo.ray_trainer.RayPPOTrainer' is deprecated. Please use 'Legacy trainer is deprecated, and wil be removed in v0.9.0. Please use `trainer.use_v1=True` instead.' instead.
[36m(TaskRunner pid=3807184)[0m   trainer = RayPPOTrainer(
[36m(TaskRunner pid=3807184)[0m /home/yw4636/.conda/envs/verl/lib/python3.12/site-packages/verl/trainer/ppo/ray_trainer.py:348: UserWarning: Disabled critic as algorithm.adv_estimator != gae. If it is not intended, please set critic.enable=True
[36m(TaskRunner pid=3807184)[0m   self.use_critic = need_critic(self.config)
[36m(WorkerDict pid=3807529)[0m /home/yw4636/.conda/envs/verl/lib/python3.12/site-packages/verl/workers/engine/__init__.py:31: UserWarning: torchtitan engine is not available: ModuleNotFoundError("No module named 'torchtitan'")
[36m(WorkerDict pid=3807529)[0m   warnings.warn(f"torchtitan engine is not available: {e!r}", stacklevel=1)
[36m(WorkerDict pid=3807529)[0m /home/yw4636/.conda/envs/verl/lib/python3.12/site-packages/verl/workers/engine/__init__.py:40: UserWarning: veomni engine is not available: ModuleNotFoundError("No module named 'veomni'")
[36m(WorkerDict pid=3807529)[0m   warnings.warn(f"veomni engine is not available: {e!r}", stacklevel=1)
[36m(WorkerDict pid=3807529)[0m /home/yw4636/.conda/envs/verl/lib/python3.12/site-packages/verl/workers/engine/__init__.py:49: UserWarning: automodel engine is not available: ModuleNotFoundError("No module named 'nemo_automodel'")
[36m(WorkerDict pid=3807529)[0m   warnings.warn(f"automodel engine is not available: {e!r}", stacklevel=1)
[36m(WorkerDict pid=3807529)[0m /home/yw4636/.conda/envs/verl/lib/python3.12/site-packages/verl/workers/engine/mindspeed/transformer_impl.py:24: UserWarning: NPU not support router replay for now.
[36m(WorkerDict pid=3807529)[0m   from verl.utils.megatron.router_replay_patch import RouterReplay
[36m(WorkerDict pid=3807529)[0m /home/yw4636/.conda/envs/verl/lib/python3.12/site-packages/verl/workers/engine/__init__.py:59: UserWarning: mindspeed engine is not available: ModuleNotFoundError("No module named 'megatron'")
[36m(WorkerDict pid=3807529)[0m   warnings.warn(f"mindspeed engine is not available: {e!r}", stacklevel=1)
[36m(WorkerDict pid=3807529)[0m /home/yw4636/.conda/envs/verl/lib/python3.12/site-packages/verl/workers/engine/__init__.py:69: UserWarning: megatron engine is not available: ModuleNotFoundError("No module named 'megatron'")
[36m(WorkerDict pid=3807529)[0m   warnings.warn(f"megatron engine is not available: {e!r}", stacklevel=1)
[36m(WorkerDict pid=3807529)[0m [transformers] Flash Attention 2 only supports torch.float16 and torch.bfloat16 dtypes, but the current dype in Qwen3VLForConditionalGeneration is torch.float32. You should run training or inference using Automatic Mixed-Precision via the `with torch.autocast(device_type='torch_device'):` decorator, or load the model with the `dtype` argument. Example: `model = AutoModel.from_pretrained("meta-llama/Llama-3.2-1B", attn_implementation="flash_attention_2", dtype=torch.float16)`
[36m(WorkerDict pid=3807529)[0m [transformers] Flash Attention 2 only supports torch.float16 and torch.bfloat16 dtypes, but the current dype in Qwen3VLModel is torch.float32. You should run training or inference using Automatic Mixed-Precision via the `with torch.autocast(device_type='torch_device'):` decorator, or load the model with the `dtype` argument. Example: `model = AutoModel.from_pretrained("meta-llama/Llama-3.2-1B", attn_implementation="flash_attention_2", dtype=torch.float16)`
[36m(WorkerDict pid=3807529)[0m [transformers] Flash Attention 2 only supports torch.float16 and torch.bfloat16 dtypes, but the current dype in Qwen3VLVisionModel is torch.float32. You should run training or inference using Automatic Mixed-Precision via the `with torch.autocast(device_type='torch_device'):` decorator, or load the model with the `dtype` argument. Example: `model = AutoModel.from_pretrained("meta-llama/Llama-3.2-1B", attn_implementation="flash_attention_2", dtype=torch.float16)`
[36m(WorkerDict pid=3807529)[0m [transformers] Flash Attention 2 only supports torch.float16 and torch.bfloat16 dtypes, but the current dype in Qwen3VLTextModel is torch.float32. You should run training or inference using Automatic Mixed-Precision via the `with torch.autocast(device_type='torch_device'):` decorator, or load the model with the `dtype` argument. Example: `model = AutoModel.from_pretrained("meta-llama/Llama-3.2-1B", attn_implementation="flash_attention_2", dtype=torch.float16)`
[36m(WorkerDict pid=3807529)[0m Loading weights:   0%|          | 0/713 [00:00<?, ?it/s]
[36m(WorkerDict pid=3807529)[0m Loading weights:   0%|          | 1/713 [00:02<32:38,  2.75s/it]
[36m(WorkerDict pid=3807529)[0m Loading weights:  17%|█▋        | 124/713 [00:02<00:10, 58.20it/s]
[36m(WorkerDict pid=3807529)[0m Loading weights:  23%|██▎       | 161/713 [00:03<00:09, 58.69it/s]
[36m(WorkerDict pid=3807529)[0m Loading weights:  26%|██▌       | 184/713 [00:03<00:09, 58.64it/s]
[36m(WorkerDict pid=3807529)[0m Loading weights:  28%|██▊       | 200/713 [00:04<00:08, 61.10it/s]
[36m(WorkerDict pid=3807529)[0m Loading weights:  30%|██▉       | 213/713 [00:04<00:09, 54.18it/s]
[36m(WorkerDict pid=3807529)[0m Loading weights:  31%|███▏      | 223/713 [00:04<00:09, 54.07it/s]
[36m(WorkerDict pid=3807529)[0m Loading weights:  33%|███▎      | 234/713 [00:04<00:08, 54.35it/s]
[36m(WorkerDict pid=3807529)[0m Loading weights:  34%|███▍      | 245/713 [00:05<00:08, 54.84it/s]
[36m(WorkerDict pid=3807529)[0m Loading weights:  36%|███▌      | 256/713 [00:05<00:08, 55.00it/s]
[36m(WorkerDict pid=3807529)[0m Loading weights:  37%|███▋      | 267/713 [00:05<00:08, 55.17it/s]
[36m(WorkerDict pid=3807529)[0m Loading weights:  39%|███▉      | 278/713 [00:05<00:07, 55.98it/s]
[36m(WorkerDict pid=3807529)[0m Loading weights:  41%|████      | 289/713 [00:05<00:07, 55.45it/s]
[36m(WorkerDict pid=3807529)[0m Loading weights:  42%|████▏     | 300/713 [00:06<00:07, 55.97it/s]
[36m(WorkerDict pid=3807529)[0m Loading weights:  44%|████▎     | 311/713 [00:06<00:07, 55.99it/s]
[36m(WorkerDict pid=3807529)[0m Loading weights:  45%|████▌     | 322/713 [00:06<00:06, 56.12it/s]
[36m(WorkerDict pid=3807529)[0m Loading weights:  47%|████▋     | 333/713 [00:06<00:06, 56.36it/s]
[36m(WorkerDict pid=3807529)[0m Loading weights:  48%|████▊     | 344/713 [00:06<00:06, 56.39it/s]
[36m(WorkerDict pid=3807529)[0m Loading weights:  50%|████▉     | 355/713 [00:07<00:06, 56.23it/s]
[36m(WorkerDict pid=3807529)[0m Loading weights:  51%|█████▏    | 366/713 [00:07<00:06, 56.04it/s]
[36m(WorkerDict pid=3807529)[0m Loading weights:  53%|█████▎    | 377/713 [00:07<00:05, 56.49it/s]
[36m(WorkerDict pid=3807529)[0m Loading weights:  54%|█████▍    | 388/713 [00:07<00:05, 56.51it/s]
[36m(WorkerDict pid=3807529)[0m Loading weights:  61%|██████▏   | 438/713 [00:07<00:02, 134.96it/s]Loading weights:  67%|██████▋   | 476/713 [00:07<00:01, 183.52it/s]
[36m(WorkerDict pid=3807529)[0m Loading weights:  74%|███████▍  | 526/713 [00:07<00:00, 243.14it/s]
[36m(WorkerDict pid=3807529)[0m Loading weights:  82%|████████▏ | 582/713 [00:08<00:00, 316.88it/s]
[36m(WorkerDict pid=3807529)[0m Loading weights:  89%|████████▊ | 632/713 [00:08<00:00, 345.88it/s]Loading weights:  95%|█████████▌| 680/713 [00:08<00:00, 378.70it/s]
[36m(WorkerDict pid=3807529)[0m Loading weights: 100%|██████████| 713/713 [00:08<00:00, 83.54it/s] 
[36m(WorkerDict pid=3807529)[0m WARNING:2026-09-04 00:14:17,811:Setting the sleep level to 1 may cause a memory overflow.
[36m(vLLMHttpServer pid=3808011)[0m [transformers] The `use_fast` parameter is deprecated and will be removed in a future version. Use `backend="torchvision"` instead of `use_fast=True`, or `backend="pil"` instead of `use_fast=False`.
[36m(vLLMHttpServer pid=3808011)[0m (Worker pid=3808825) [transformers] The `use_fast` parameter is deprecated and will be removed in a future version. Use `backend="torchvision"` instead of `use_fast=True`, or `backend="pil"` instead of `use_fast=False`.
[36m(vLLMHttpServer pid=3808011)[0m (Worker pid=3808825) Loading safetensors checkpoint shards:   0% Completed | 0/1 [00:00<?, ?it/s]
[36m(vLLMHttpServer pid=3808011)[0m (Worker pid=3808825) Loading safetensors checkpoint shards: 100% Completed | 1/1 [00:01<00:00,  1.49s/it]
[36m(vLLMHttpServer pid=3808011)[0m (Worker pid=3808825) Loading safetensors checkpoint shards: 100% Completed | 1/1 [00:01<00:00,  1.49s/it]
[36m(vLLMHttpServer pid=3808011)[0m (Worker pid=3808825) 

[36m(TaskRunner pid=3807184)[0m         "start_time": {
[36m(TaskRunner pid=3807184)[0m           "type": "number",
[36m(TaskRunner pid=3807184)[0m           "description": "Interval start in seconds, >= 0."
[36m(TaskRunner pid=3807184)[0m         },
[36m(TaskRunner pid=3807184)[0m         "end_time": {
[36m(TaskRunner pid=3807184)[0m           "type": "number",
[36m(TaskRunner pid=3807184)[0m           "description": "Interval end in seconds, > start_time, <= video duration."
[36m(TaskRunner pid=3807184)[0m         }
[36m(TaskRunner pid=3807184)[0m       },
[36m(TaskRunner pid=3807184)[0m       "required": [
[36m(TaskRunner pid=3807184)[0m         "start_time",
[36m(TaskRunner pid=3807184)[0m         "end_time"
[36m(TaskRunner pid=3807184)[0m       ]
[36m(TaskRunner pid=3807184)[0m     }
[36m(TaskRunner pid=3807184)[0m   }
[36m(TaskRunner pid=3807184)[0m }
[36m(TaskRunner pid=3807184)[0m dataset len: 851
[36m(TaskRunner pid=3807184)[0m Using dataset class: RLHFDataset
[36m(TaskRunner pid=3807184)[0m {
[36m(TaskRunner pid=3807184)[0m   "type": "function",
[36m(TaskRunner pid=3807184)[0m   "function": {
[36m(TaskRunner pid=3807184)[0m     "name": "crop_video",
[36m(TaskRunner pid=3807184)[0m     "description": "Inspect a time interval of the current video closely: returns 30 higher-resolution frames sampled evenly from [start_time, end_time], each labeled with its timestamp in seconds.",
[36m(TaskRunner pid=3807184)[0m     "parameters": {
[36m(TaskRunner pid=3807184)[0m       "type": "object",
[36m(TaskRunner pid=3807184)[0m       "properties": {
[36m(TaskRunner pid=3807184)[0m         "start_time": {
[36m(TaskRunner pid=3807184)[0m           "type": "number",
[36m(TaskRunner pid=3807184)[0m           "description": "Interval start in seconds, >= 0."
[36m(TaskRunner pid=3807184)[0m         },
[36m(TaskRunner pid=3807184)[0m         "end_time": {
[36m(TaskRunner pid=3807184)[0m           "type": "number",
[36m(TaskRunner pid=3807184)[0m           "description": "Interval end in seconds, > start_time, <= video duration."
[36m(TaskRunner pid=3807184)[0m         }
[36m(TaskRunner pid=3807184)[0m       },
[36m(TaskRunner pid=3807184)[0m       "required": [
[36m(TaskRunner pid=3807184)[0m         "start_time",
[36m(TaskRunner pid=3807184)[0m         "end_time"
[36m(TaskRunner pid=3807184)[0m       ]
[36m(TaskRunner pid=3807184)[0m     }
[36m(TaskRunner pid=3807184)[0m   }
[36m(TaskRunner pid=3807184)[0m }
[36m(TaskRunner pid=3807184)[0m dataset len: 114
[36m(TaskRunner pid=3807184)[0m Size of train dataloader: 106, Size of val dataloader: 57
[36m(TaskRunner pid=3807184)[0m Total training steps: 239
[36m(TaskRunner pid=3807184)[0m colocated worker base class <class 'verl.single_controller.base.worker.Worker'>
[36m(WorkerDict pid=3807529)[0m Warning: Failed to set NUMA affinity: libnuma.so: cannot open shared object file: No such file or directory
[36m(WorkerDict pid=3807529)[0m Monkey patch Qwen3VLForConditionalGeneration model forward
[36m(WorkerDict pid=3807529)[0m Monkey patch _flash_attention_forward in transformers.integrations.flash_attention
[36m(WorkerDict pid=3807529)[0m Skipping monkey patch for Qwen3VLForConditionalGeneration as use_fused_kernels is False or fused_kernels_backend is torch
[36m(WorkerDict pid=3807529)[0m PeftModelForCausalLM contains 4.47B parameters
[36m(WorkerDict pid=3807529)[0m Before FSDP, memory allocated (GB): 0.00, memory reserved (GB): 0.00, device memory used/total (GB): 0.41/79.27
[36m(WorkerDict pid=3807529)[0m After FSDP, memory allocated (GB): 16.76, memory reserved (GB): 18.74, device memory used/total (GB): 19.67/79.27
[36m(WorkerDict pid=3807529)[0m Total steps: 239, num_warmup_steps: 0
[36m(vLLMHttpServer pid=3808011)[0m ['serve',
[36m(vLLMHttpServer pid=3808011)[0m  '/home/yw4636/agentic-tvg/results/sft-mix/merged',
[36m(vLLMHttpServer pid=3808011)[0m  '--dtype',
[36m(vLLMHttpServer pid=3808011)[0m  'bfloat16',
[36m(vLLMHttpServer pid=3808011)[0m  '--load_format',
[36m(vLLMHttpServer pid=3808011)[0m  'safetensors',
[36m(vLLMHttpServer pid=3808011)[0m  '--distributed_executor_backend',
[36m(vLLMHttpServer pid=3808011)[0m  'mp',
[36m(vLLMHttpServer pid=3808011)[0m  '--worker_extension_cls',
[36m(vLLMHttpServer pid=3808011)[0m  'verl.workers.rollout.vllm_rollout.utils.vLLMColocateWorkerExtension',
[36m(vLLMHttpServer pid=3808011)[0m  '--max_model_len',
[36m(vLLMHttpServer pid=3808011)[0m  '20992',
[36m(vLLMHttpServer pid=3808011)[0m  '--max_num_seqs',
[36m(vLLMHttpServer pid=3808011)[0m  '256',
[36m(vLLMHttpServer pid=3808011)[0m  '--enable_chunked_prefill',
[36m(vLLMHttpServer pid=3808011)[0m  '--max_num_batched_tokens',
[36m(vLLMHttpServer pid=3808011)[0m  '24576',
[36m(vLLMHttpServer pid=3808011)[0m  '--enable_prefix_caching',
[36m(vLLMHttpServer pid=3808011)[0m  '--enable_sleep_mode',
[36m(vLLMHttpServer pid=3808011)[0m  '--logprobs_mode',
[36m(vLLMHttpServer pid=3808011)[0m  'processed_logprobs',
[36m(vLLMHttpServer pid=3808011)[0m  '--gpu_memory_utilization',
[36m(vLLMHttpServer pid=3808011)[0m  '0.65',
[36m(vLLMHttpServer pid=3808011)[0m  '--disable_log_stats',
[36m(vLLMHttpServer pid=3808011)[0m  '--tensor_parallel_size',
[36m(vLLMHttpServer pid=3808011)[0m  '1',
[36m(vLLMHttpServer pid=3808011)[0m  '--seed',
[36m(vLLMHttpServer pid=3808011)[0m  '42',
[36m(vLLMHttpServer pid=3808011)[0m  '--override_generation_config',
[36m(vLLMHttpServer pid=3808011)[0m  '{"temperature": 1.0, "top_k": -1, "top_p": 1, "repetition_penalty": 1.0, '
[36m(vLLMHttpServer pid=3808011)[0m  '"max_new_tokens": 16384}',
[36m(vLLMHttpServer pid=3808011)[0m  '--hf_overrides',
[36m(vLLMHttpServer pid=3808011)[0m  '{}',
[36m(vLLMHttpServer pid=3808011)[0m  '--scheduling_policy',
[36m(vLLMHttpServer pid=3808011)[0m  'fcfs',
[36m(vLLMHttpServer pid=3808011)[0m  '--compilation_config',
[36m(vLLMHttpServer pid=3808011)[0m  '{"cudagraph_mode": "FULL_AND_PIECEWISE"}',
[36m(vLLMHttpServer pid=3808011)[0m  '--mm_processor_kwargs',
[36m(vLLMHttpServer pid=3808011)[0m  '{"max_pixels": 150528}',
[36m(vLLMHttpServer pid=3808011)[0m  '--limit_mm_per_prompt',
[36m(vLLMHttpServer pid=3808011)[0m  '{"image": 112}',
[36m(vLLMHttpServer pid=3808011)[0m  '--enable_lora',
[36m(vLLMHttpServer pid=3808011)[0m  '--max_loras',
[36m(vLLMHttpServer pid=3808011)[0m  '1',
[36m(vLLMHttpServer pid=3808011)[0m  '--max_lora_rank',
[36m(vLLMHttpServer pid=3808011)[0m  '16']
[36m(vLLMHttpServer pid=3808011)[0m WARNING 09-04 00:14:34 [system_utils.py:157] We must use the `spawn` multiprocessing start method. Overriding VLLM_WORKER_MULTIPROC_METHOD to 'spawn'. See https://docs.vllm.ai/en/latest/usage/troubleshooting.html#python-multiprocessing for more information. Reasons: In a Ray actor and can only be spawned; CUDA is initialized
[36m(vLLMHttpServer pid=3808011)[0m (Worker pid=3808825) WARNING 09-04 00:14:56 [model_manager.py:401] Regarding Qwen3VLForConditionalGeneration, no matching PunicaWrapper is found; visual.patch_embed.proj will be ignored.
[36m(vLLMHttpServer pid=3808011)[0m (Worker pid=3808825) WARNING 09-04 00:14:56 [model_manager.py:401] Regarding Qwen3VLForConditionalGeneration, no matching PunicaWrapper is found; visual.merger.linear_fc1 will be ignored.
[36m(vLLMHttpServer pid=3808011)[0m (Worker pid=3808825) WARNING 09-04 00:14:56 [model_manager.py:401] Regarding Qwen3VLForConditionalGeneration, no matching PunicaWrapper is found; visual.merger.linear_fc2 will be ignored.
[36m(vLLMHttpServer pid=3808011)[0m (Worker pid=3808825) WARNING 09-04 00:14:56 [model_manager.py:401] Regarding Qwen3VLForConditionalGeneration, no matching PunicaWrapper is found; visual.deepstack_merger_list.0.linear_fc1 will be ignored.
[36m(vLLMHttpServer pid=3808011)[0m (Worker pid=3808825) WARNING 09-04 00:14:56 [model_manager.py:401] Regarding Qwen3VLForConditionalGeneration, no matching PunicaWrapper is found; visual.deepstack_merger_list.0.linear_fc2 will be ignored.
[36m(vLLMHttpServer pid=3808011)[0m (Worker pid=3808825) WARNING 09-04 00:14:56 [model_manager.py:401] Regarding Qwen3VLForConditionalGeneration, no matching PunicaWrapper is found; visual.deepstack_merger_list.1.linear_fc1 will be ignored.
[36m(vLLMHttpServer pid=3808011)[0m (Worker pid=3808825) WARNING 09-04 00:14:56 [model_manager.py:401] Regarding Qwen3VLForConditionalGeneration, no matching PunicaWrapper is found; visual.deepstack_merger_list.1.linear_fc2 will be ignored.
[36m(vLLMHttpServer pid=3808011)[0m (Worker pid=3808825) WARNING 09-04 00:14:56 [model_manager.py:401] Regarding Qwen3VLForConditionalGeneration, no matching PunicaWrapper is found; visual.deepstack_merger_list.2.linear_fc1 will be ignored.
[36m(vLLMHttpServer pid=3808011)[0m (Worker pid=3808825) WARNING 09-04 00:14:56 [model_manager.py:401] Regarding Qwen3VLForConditionalGeneration, no matching PunicaWrapper is found; visual.deepstack_merger_list.2.linear_fc2 will be ignored.
[36m(vLLMHttpServer pid=3808011)[0m (Worker pid=3808825) WARNING 09-04 00:14:56 [model_manager.py:401] Regarding Qwen3VLForConditionalGeneration, no matching PunicaWrapper is found; visual.blocks.0.attn.qkv will be ignored.
[36m(vLLMHttpServer pid=3808011)[0m (Worker pid=3808825) WARNING 09-04 00:14:56 [model_manager.py:401] Regarding Qwen3VLForConditionalGeneration, no matching PunicaWrapper is found; visual.blocks.0.attn.proj will be ignored.
[36m(vLLMHttpServer pid=3808011)[0m (Worker pid=3808825) WARNING 09-04 00:14:56 [model_manager.py:401] Regarding Qwen3VLForConditionalGeneration, no matching PunicaWrapper is found; visual.blocks.0.mlp.linear_fc1 will be ignored.
[36m(vLLMHttpServer pid=3808011)[0m (Worker pid=3808825) WARNING 09-04 00:14:56 [model_manager.py:401] Regarding Qwen3VLForConditionalGeneration, no matching PunicaWrapper is found; visual.blocks.0.mlp.linear_fc2 will be ignored.
[36m(vLLMHttpServer pid=3808011)[0m (Worker pid=3808825) WARNING 09-04 00:14:56 [model_manager.py:401] Regarding Qwen3VLForConditionalGeneration, no matching PunicaWrapper is found; visual.blocks.1.attn.qkv will be ignored.
[36m(vLLMHttpServer pid=3808011)[0m (Worker pid=3808825) WARNING 09-04 00:14:56 [model_manager.py:401] Regarding Qwen3VLForConditionalGeneration, no matching PunicaWrapper is found; visual.blocks.1.attn.proj will be ignored.
[36m(vLLMHttpServer pid=3808011)[0m (Worker pid=3808825) WARNING 09-04 00:14:56 [model_manager.py:401] Regarding Qwen3VLForConditionalGeneration, no matching PunicaWrapper is found; visual.blocks.1.mlp.linear_fc1 will be ignored.
[36m(vLLMHttpServer pid=3808011)[0m (Worker pid=3808825) WARNING 09-04 00:14:56 [model_manager.py:401] Regarding Qwen3VLForConditionalGeneration, no matching PunicaWrapper is found; visual.blocks.1.mlp.linear_fc2 will be ignored.
[36m(vLLMHttpServer pid=3808011)[0m (Worker pid=3808825) WARNING 09-04 00:14:56 [model_manager.py:401] Regarding Qwen3VLForConditionalGeneration, no matching PunicaWrapper is found; visual.blocks.2.attn.qkv will be ignored.
[36m(vLLMHttpServer pid=3808011)[0m (Worker pid=3808825) WARNING 09-04 00:14:56 [model_manager.py:401] Regarding Qwen3VLForConditionalGeneration, no matching PunicaWrapper is found; visual.blocks.2.attn.proj will be ignored.
[36m(vLLMHttpServer pid=3808011)[0m (Worker pid=3808825) WARNING 09-04 00:14:56 [model_manager.py:401] Regarding Qwen3VLForConditionalGeneration, no matching PunicaWrapper is found; visual.blocks.2.mlp.linear_fc1 will be ignored.
[36m(vLLMHttpServer pid=3808011)[0m (Worker pid=3808825) WARNING 09-04 00:14:56 [model_manager.py:401] Regarding Qwen3VLForConditionalGeneration, no matching PunicaWrapper is found; visual.blocks.2.mlp.linear_fc2 will be ignored.
[36m(vLLMHttpServer pid=3808011)[0m (Worker pid=3808825) WARNING 09-04 00:14:56 [model_manager.py:401] Regarding Qwen3VLForConditionalGeneration, no matching PunicaWrapper is found; visual.blocks.3.attn.qkv will be ignored.
[36m(vLLMHttpServer pid=3808011)[0m (Worker pid=3808825) WARNING 09-04 00:14:56 [model_manager.py:401] Regarding Qwen3VLForConditionalGeneration, no matching PunicaWrapper is found; visual.blocks.3.attn.proj will be ignored.
[36m(vLLMHttpServer pid=3808011)[0m (Worker pid=3808825) WARNING 09-04 00:14:56 [model_manager.py:401] Regarding Qwen3VLForConditionalGeneration, no matching PunicaWrapper is found; visual.blocks.3.mlp.linear_fc1 will be ignored.
[36m(vLLMHttpServer pid=3808011)[0m (Worker pid=3808825) WARNING 09-04 00:14:56 [model_manager.py:401] Regarding Qwen3VLForConditionalGeneration, no matching PunicaWrapper is found; visual.blocks.3.mlp.linear_fc2 will be ignored.
[36m(vLLMHttpServer pid=3808011)[0m (Worker pid=3808825) WARNING 09-04 00:14:56 [model_manager.py:401] Regarding Qwen3VLForConditionalGeneration, no matching PunicaWrapper is found; visual.blocks.4.attn.qkv will be ignored.
[36m(vLLMHttpServer pid=3808011)[0m (Worker pid=3808825) WARNING 09-04 00:14:56 [model_manager.py:401] Regarding Qwen3VLForConditionalGeneration, no matching PunicaWrapper is found; visual.blocks.4.attn.proj will be ignored.
[36m(vLLMHttpServer pid=3808011)[0m (Worker pid=3808825) WARNING 09-04 00:14:56 [model_manager.py:401] Regarding Qwen3VLForConditionalGeneration, no matching PunicaWrapper is found; visual.blocks.4.mlp.linear_fc1 will be ignored.
[36m(vLLMHttpServer pid=3808011)[0m (Worker pid=3808825) WARNING 09-04 00:14:56 [model_manager.py:401] Regarding Qwen3VLForConditionalGeneration, no matching PunicaWrapper is found; visual.blocks.4.mlp.linear_fc2 will be ignored.
[36m(vLLMHttpServer pid=3808011)[0m (Worker pid=3808825) WARNING 09-04 00:14:56 [model_manager.py:401] Regarding Qwen3VLForConditionalGeneration, no matching PunicaWrapper is found; visual.blocks.5.attn.qkv will be ignored.
[36m(vLLMHttpServer pid=3808011)[0m (Worker pid=3808825) WARNING 09-04 00:14:56 [model_manager.py:401] Regarding Qwen3VLForConditionalGeneration, no matching PunicaWrapper is found; visual.blocks.5.attn.proj will be ignored.
[36m(vLLMHttpServer pid=3808011)[0m (Worker pid=3808825) WARNING 09-04 00:14:56 [model_manager.py:401] Regarding Qwen3VLForConditionalGeneration, no matching PunicaWrapper is found; visual.blocks.5.mlp.linear_fc1 will be ignored.
[36m(vLLMHttpServer pid=3808011)[0m (Worker pid=3808825) WARNING 09-04 00:14:56 [model_manager.py:401] Regarding Qwen3VLForConditionalGeneration, no matching PunicaWrapper is found; visual.blocks.5.mlp.linear_fc2 will be ignored.
[36m(vLLMHttpServer pid=3808011)[0m (Worker pid=3808825) WARNING 09-04 00:14:56 [model_manager.py:401] Regarding Qwen3VLForConditionalGeneration, no matching PunicaWrapper is found; visual.blocks.6.attn.qkv will be ignored.
[36m(vLLMHttpServer pid=3808011)[0m (Worker pid=3808825) WARNING 09-04 00:14:56 [model_manager.py:401] Regarding Qwen3VLForConditionalGeneration, no matching PunicaWrapper is found; visual.blocks.6.attn.proj will be ignored.
[36m(vLLMHttpServer pid=3808011)[0m (Worker pid=3808825) WARNING 09-04 00:14:56 [model_manager.py:401] Regarding Qwen3VLForConditionalGeneration, no matching PunicaWrapper is found; visual.blocks.6.mlp.linear_fc1 will be ignored.
[36m(vLLMHttpServer pid=3808011)[0m (Worker pid=3808825) WARNING 09-04 00:14:56 [model_manager.py:401] Regarding Qwen3VLForConditionalGeneration, no matching PunicaWrapper is found; visual.blocks.6.mlp.linear_fc2 will be ignored.
[36m(vLLMHttpServer pid=3808011)[0m (Worker pid=3808825) WARNING 09-04 00:14:56 [model_manager.py:401] Regarding Qwen3VLForConditionalGeneration, no matching PunicaWrapper is found; visual.blocks.7.attn.qkv will be ignored.
[36m(vLLMHttpServer pid=3808011)[0m (Worker pid=3808825) WARNING 09-04 00:14:56 [model_manager.py:401] Regarding Qwen3VLForConditionalGeneration, no matching PunicaWrapper is found; visual.blocks.7.attn.proj will be ignored.
[36m(vLLMHttpServer pid=3808011)[0m (Worker pid=3808825) WARNING 09-04 00:14:56 [model_manager.py:401] Regarding Qwen3VLForConditionalGeneration, no matching PunicaWrapper is found; visual.blocks.7.mlp.linear_fc1 will be ignored.
[36m(vLLMHttpServer pid=3808011)[0m (Worker pid=3808825) WARNING 09-04 00:14:56 [model_manager.py:401] Regarding Qwen3VLForConditionalGeneration, no matching PunicaWrapper is found; visual.blocks.7.mlp.linear_fc2 will be ignored.
[36m(vLLMHttpServer pid=3808011)[0m (Worker pid=3808825) WARNING 09-04 00:14:56 [model_manager.py:401] Regarding Qwen3VLForConditionalGeneration, no matching PunicaWrapper is found; visual.blocks.8.attn.qkv will be ignored.
[36m(vLLMHttpServer pid=3808011)[0m (Worker pid=3808825) WARNING 09-04 00:14:56 [model_manager.py:401] Regarding Qwen3VLForConditionalGeneration, no matching PunicaWrapper is found; visual.blocks.8.attn.proj will be ignored.
[36m(vLLMHttpServer pid=3808011)[0m (Worker pid=3808825) WARNING 09-04 00:14:56 [model_manager.py:401] Regarding Qwen3VLForConditionalGeneration, no matching PunicaWrapper is found; visual.blocks.8.mlp.linear_fc1 will be ignored.
[36m(vLLMHttpServer pid=3808011)[0m (Worker pid=3808825) WARNING 09-04 00:14:56 [model_manager.py:401] Regarding Qwen3VLForConditionalGeneration, no matching PunicaWrapper is found; visual.blocks.8.mlp.linear_fc2 will be ignored.
[36m(vLLMHttpServer pid=3808011)[0m (Worker pid=3808825) WARNING 09-04 00:14:56 [model_manager.py:401] Regarding Qwen3VLForConditionalGeneration, no matching PunicaWrapper is found; visual.blocks.9.attn.qkv will be ignored.
[36m(vLLMHttpServer pid=3808011)[0m (Worker pid=3808825) WARNING 09-04 00:14:56 [model_manager.py:401] Regarding Qwen3VLForConditionalGeneration, no matching PunicaWrapper is found; visual.blocks.9.attn.proj will be ignored.
[36m(vLLMHttpServer pid=3808011)[0m (Worker pid=3808825) WARNING 09-04 00:14:56 [model_manager.py:401] Regarding Qwen3VLForConditionalGeneration, no matching PunicaWrapper is found; visual.blocks.9.mlp.linear_fc1 will be ignored.
[36m(vLLMHttpServer pid=3808011)[0m (Worker pid=3808825) WARNING 09-04 00:14:56 [model_manager.py:401] Regarding Qwen3VLForConditionalGeneration, no matching PunicaWrapper is found; visual.blocks.9.mlp.linear_fc2 will be ignored.
[36m(vLLMHttpServer pid=3808011)[0m (Worker pid=3808825) WARNING 09-04 00:14:56 [model_manager.py:401] Regarding Qwen3VLForConditionalGeneration, no matching PunicaWrapper is found; visual.blocks.10.attn.qkv will be ignored.
[36m(vLLMHttpServer pid=3808011)[0m (Worker pid=3808825) WARNING 09-04 00:14:56 [model_manager.py:401] Regarding Qwen3VLForConditionalGeneration, no matching PunicaWrapper is found; visual.blocks.10.attn.proj will be ignored.
[36m(vLLMHttpServer pid=3808011)[0m (Worker pid=3808825) WARNING 09-04 00:14:56 [model_manager.py:401] Regarding Qwen3VLForConditionalGeneration, no matching PunicaWrapper is found; visual.blocks.10.mlp.linear_fc1 will be ignored.
[36m(vLLMHttpServer pid=3808011)[0m (Worker pid=3808825) WARNING 09-04 00:14:56 [model_manager.py:401] Regarding Qwen3VLForConditionalGeneration, no matching PunicaWrapper is found; visual.blocks.10.mlp.linear_fc2 will be ignored.
[36m(vLLMHttpServer pid=3808011)[0m (Worker pid=3808825) WARNING 09-04 00:14:56 [model_manager.py:401] Regarding Qwen3VLForConditionalGeneration, no matching PunicaWrapper is found; visual.blocks.11.attn.qkv will be ignored.
[36m(vLLMHttpServer pid=3808011)[0m (Worker pid=3808825) WARNING 09-04 00:14:56 [model_manager.py:401] Regarding Qwen3VLForConditionalGeneration, no matching PunicaWrapper is found; visual.blocks.11.attn.proj will be ignored.
[36m(vLLMHttpServer pid=3808011)[0m (Worker pid=3808825) WARNING 09-04 00:14:56 [model_manager.py:401] Regarding Qwen3VLForConditionalGeneration, no matching PunicaWrapper is found; visual.blocks.11.mlp.linear_fc1 will be ignored.
[36m(vLLMHttpServer pid=3808011)[0m (Worker pid=3808825) WARNING 09-04 00:14:56 [model_manager.py:401] Regarding Qwen3VLForConditionalGeneration, no matching PunicaWrapper is found; visual.blocks.11.mlp.linear_fc2 will be ignored.
[36m(vLLMHttpServer pid=3808011)[0m (Worker pid=3808825) WARNING 09-04 00:14:56 [model_manager.py:401] Regarding Qwen3VLForConditionalGeneration, no matching PunicaWrapper is found; visual.blocks.12.attn.qkv will be ignored.
[36m(vLLMHttpServer pid=3808011)[0m (Worker pid=3808825) WARNING 09-04 00:14:56 [model_manager.py:401] Regarding Qwen3VLForConditionalGeneration, no matching PunicaWrapper is found; visual.blocks.12.attn.proj will be ignored.
[36m(vLLMHttpServer pid=3808011)[0m (Worker pid=3808825) WARNING 09-04 00:14:56 [model_manager.py:401] Regarding Qwen3VLForConditionalGeneration, no matching PunicaWrapper is found; visual.blocks.12.mlp.linear_fc1 will be ignored.
[36m(vLLMHttpServer pid=3808011)[0m (Worker pid=3808825) WARNING 09-04 00:14:56 [model_manager.py:401] Regarding Qwen3VLForConditionalGeneration, no matching PunicaWrapper is found; visual.blocks.12.mlp.linear_fc2 will be ignored.
[36m(vLLMHttpServer pid=3808011)[0m (Worker pid=3808825) WARNING 09-04 00:14:56 [model_manager.py:401] Regarding Qwen3VLForConditionalGeneration, no matching PunicaWrapper is found; visual.blocks.13.attn.qkv will be ignored.
[36m(vLLMHttpServer pid=3808011)[0m (Worker pid=3808825) WARNING 09-04 00:14:56 [model_manager.py:401] Regarding Qwen3VLForConditionalGeneration, no matching PunicaWrapper is found; visual.blocks.13.attn.proj will be ignored.
[36m(vLLMHttpServer pid=3808011)[0m (Worker pid=3808825) WARNING 09-04 00:14:56 [model_manager.py:401] Regarding Qwen3VLForConditionalGeneration, no matching PunicaWrapper is found; visual.blocks.13.mlp.linear_fc1 will be ignored.
[36m(vLLMHttpServer pid=3808011)[0m (Worker pid=3808825) WARNING 09-04 00:14:56 [model_manager.py:401] Regarding Qwen3VLForConditionalGeneration, no matching PunicaWrapper is found; visual.blocks.13.mlp.linear_fc2 will be ignored.
[36m(vLLMHttpServer pid=3808011)[0m (Worker pid=3808825) WARNING 09-04 00:14:56 [model_manager.py:401] Regarding Qwen3VLForConditionalGeneration, no matching PunicaWrapper is found; visual.blocks.14.attn.qkv will be ignored.
[36m(vLLMHttpServer pid=3808011)[0m (Worker pid=3808825) WARNING 09-04 00:14:56 [model_manager.py:401] Regarding Qwen3VLForConditionalGeneration, no matching PunicaWrapper is found; visual.blocks.14.attn.proj will be ignored.
[36m(vLLMHttpServer pid=3808011)[0m (Worker pid=3808825) WARNING 09-04 00:14:56 [model_manager.py:401] Regarding Qwen3VLForConditionalGeneration, no matching PunicaWrapper is found; visual.blocks.14.mlp.linear_fc1 will be ignored.
[36m(vLLMHttpServer pid=3808011)[0m (Worker pid=3808825) WARNING 09-04 00:14:56 [model_manager.py:401] Regarding Qwen3VLForConditionalGeneration, no matching PunicaWrapper is found; visual.blocks.14.mlp.linear_fc2 will be ignored.
[36m(vLLMHttpServer pid=3808011)[0m (Worker pid=3808825) WARNING 09-04 00:14:56 [model_manager.py:401] Regarding Qwen3VLForConditionalGeneration, no matching PunicaWrapper is found; visual.blocks.15.attn.qkv will be ignored.
[36m(vLLMHttpServer pid=3808011)[0m (Worker pid=3808825) WARNING 09-04 00:14:56 [model_manager.py:401] Regarding Qwen3VLForConditionalGeneration, no matching PunicaWrapper is found; visual.blocks.15.attn.proj will be ignored.
[36m(vLLMHttpServer pid=3808011)[0m (Worker pid=3808825) WARNING 09-04 00:14:56 [model_manager.py:401] Regarding Qwen3VLForConditionalGeneration, no matching PunicaWrapper is found; visual.blocks.15.mlp.linear_fc1 will be ignored.
[36m(vLLMHttpServer pid=3808011)[0m (Worker pid=3808825) WARNING 09-04 00:14:56 [model_manager.py:401] Regarding Qwen3VLForConditionalGeneration, no matching PunicaWrapper is found; visual.blocks.15.mlp.linear_fc2 will be ignored.
[36m(vLLMHttpServer pid=3808011)[0m (Worker pid=3808825) WARNING 09-04 00:14:56 [model_manager.py:401] Regarding Qwen3VLForConditionalGeneration, no matching PunicaWrapper is found; visual.blocks.16.attn.qkv will be ignored.
[36m(vLLMHttpServer pid=3808011)[0m (Worker pid=3808825) WARNING 09-04 00:14:56 [model_manager.py:401] Regarding Qwen3VLForConditionalGeneration, no matching PunicaWrapper is found; visual.blocks.16.attn.proj will be ignored.
[36m(vLLMHttpServer pid=3808011)[0m (Worker pid=3808825) WARNING 09-04 00:14:56 [model_manager.py:401] Regarding Qwen3VLForConditionalGeneration, no matching PunicaWrapper is found; visual.blocks.16.mlp.linear_fc1 will be ignored.
[36m(vLLMHttpServer pid=3808011)[0m (Worker pid=3808825) WARNING 09-04 00:14:56 [model_manager.py:401] Regarding Qwen3VLForConditionalGeneration, no matching PunicaWrapper is found; visual.blocks.16.mlp.linear_fc2 will be ignored.
[36m(vLLMHttpServer pid=3808011)[0m (Worker pid=3808825) WARNING 09-04 00:14:56 [model_manager.py:401] Regarding Qwen3VLForConditionalGeneration, no matching PunicaWrapper is found; visual.blocks.17.attn.qkv will be ignored.[36m(vLLMHttpServer pid=3808011)[0m (Worker pid=3808825) Capturing CUDA graphs (mixed prefill-decode, PIECEWISE):   0%|          | 0/102 [00:00<?, ?it/s]
[36m(vLLMHttpServer pid=3808011)[0m Capturing CUDA graphs (mixed prefill-decode, PIECEWISE):   1%|          | 1/102 [00:00<00:16,  6.29it/s]
[36m(vLLMHttpServer pid=3808011)[0m Capturing CUDA graphs (mixed prefill-decode, PIECEWISE):   3%|▎         | 3/102 [00:00<00:09, 10.98it/s]
[36m(vLLMHttpServer pid=3808011)[0m Capturing CUDA graphs (mixed prefill-decode, PIECEWISE):   5%|▍         | 5/102 [00:00<00:07, 12.62it/s]
[36m(vLLMHttpServer pid=3808011)[0m Capturing CUDA graphs (mixed prefill-decode, PIECEWISE):   7%|▋         | 7/102 [00:00<00:07, 13.31it/s]
[36m(vLLMHttpServer pid=3808011)[0m Capturing CUDA graphs (mixed prefill-decode, PIECEWISE):   9%|▉         | 9/102 [00:00<00:06, 13.75it/s]
[36m(vLLMHttpServer pid=3808011)[0m Capturing CUDA graphs (mixed prefill-decode, PIECEWISE):  11%|█         | 11/102 [00:00<00:06, 13.99it/s]
[36m(vLLMHttpServer pid=3808011)[0m Capturing CUDA graphs (mixed prefill-decode, PIECEWISE):  13%|█▎        | 13/102 [00:00<00:06, 14.09it/s]
[36m(vLLMHttpServer pid=3808011)[0m Capturing CUDA graphs (mixed prefill-decode, PIECEWISE):  15%|█▍        | 15/102 [00:01<00:06, 14.09it/s]
[36m(vLLMHttpServer pid=3808011)[0m Capturing CUDA graphs (mixed prefill-decode, PIECEWISE):  17%|█▋        | 17/102 [00:01<00:06, 14.11it/s]
[36m(vLLMHttpServer pid=3808011)[0m Capturing CUDA graphs (mixed prefill-decode, PIECEWISE):  19%|█▊        | 19/102 [00:01<00:05, 14.22it/s]
[36m(vLLMHttpServer pid=3808011)[0m Capturing CUDA graphs (mixed prefill-decode, PIECEWISE):  21%|██        | 21/102 [00:01<00:05, 14.33it/s]
[36m(vLLMHttpServer pid=3808011)[0m Capturing CUDA graphs (mixed prefill-decode, PIECEWISE):  23%|██▎       | 23/102 [00:01<00:05, 14.42it/s]
[36m(vLLMHttpServer pid=3808011)[0m Capturing CUDA graphs (mixed prefill-decode, PIECEWISE):  25%|██▍       | 25/102 [00:01<00:05, 14.39it/s]
[36m(vLLMHttpServer pid=3808011)[0m Capturing CUDA graphs (mixed prefill-decode, PIECEWISE):  26%|██▋       | 27/102 [00:01<00:05, 14.36it/s]
[36m(vLLMHttpServer pid=3808011)[0m Capturing CUDA graphs (mixed prefill-decode, PIECEWISE):  28%|██▊       | 29/102 [00:02<00:05, 13.83it/s]
[36m(vLLMHttpServer pid=3808011)[0m Capturing CUDA graphs (mixed prefill-decode, PIECEWISE):  30%|███       | 31/102 [00:02<00:05, 13.94it/s]
[36m(vLLMHttpServer pid=3808011)[0m Capturing CUDA graphs (mixed prefill-decode, PIECEWISE):  32%|███▏      | 33/102 [00:02<00:04, 14.10it/s]
[36m(vLLMHttpServer pid=3808011)[0m Capturing CUDA graphs (mixed prefill-decode, PIECEWISE):  34%|███▍      | 35/102 [00:02<00:04, 13.80it/s]
[36m(vLLMHttpServer pid=3808011)[0m Capturing CUDA graphs (mixed prefill-decode, PIECEWISE):  36%|███▋      | 37/102 [00:02<00:04, 14.01it/s]
[36m(vLLMHttpServer pid=3808011)[0m Capturing CUDA graphs (mixed prefill-decode, PIECEWISE):  38%|███▊      | 39/102 [00:02<00:04, 14.12it/s]
[36m(vLLMHttpServer pid=3808011)[0m Capturing CUDA graphs (mixed prefill-decode, PIECEWISE):  40%|████      | 41/102 [00:02<00:04, 14.14it/s]
[36m(vLLMHttpServer pid=3808011)[0m Capturing CUDA graphs (mixed prefill-decode, PIECEWISE):  42%|████▏     | 43/102 [00:03<00:04, 14.24it/s]
[36m(vLLMHttpServer pid=3808011)[0m Capturing CUDA graphs (mixed prefill-decode, PIECEWISE):  44%|████▍     | 45/102 [00:03<00:03, 14.25it/s]
[36m(vLLMHttpServer pid=3808011)[0m Capturing CUDA graphs (mixed prefill-decode, PIECEWISE):  46%|████▌     | 47/102 [00:03<00:03, 14.24it/s]
[36m(vLLMHttpServer pid=3808011)[0m Capturing CUDA graphs (mixed prefill-decode, PIECEWISE):  48%|████▊     | 49/102 [00:03<00:03, 14.24it/s]
[36m(vLLMHttpServer pid=3808011)[0m Capturing CUDA graphs (mixed prefill-decode, PIECEWISE):  50%|█████     | 51/102 [00:03<00:03, 14.18it/s]
[36m(vLLMHttpServer pid=3808011)[0m Capturing CUDA graphs (mixed prefill-decode, PIECEWISE):  52%|█████▏    | 53/102 [00:03<00:03, 14.16it/s]
[36m(vLLMHttpServer pid=3808011)[0m Capturing CUDA graphs (mixed prefill-decode, PIECEWISE):  54%|█████▍    | 55/102 [00:03<00:03, 14.16it/s]
[36m(vLLMHttpServer pid=3808011)[0m Capturing CUDA graphs (mixed prefill-decode, PIECEWISE):  56%|█████▌    | 57/102 [00:04<00:03, 14.16it/s]
[36m(vLLMHttpServer pid=3808011)[0m Capturing CUDA graphs (mixed prefill-decode, PIECEWISE):  58%|█████▊    | 59/102 [00:04<00:03, 14.18it/s]
[36m(vLLMHttpServer pid=3808011)[0m Capturing CUDA graphs (mixed prefill-decode, PIECEWISE):  60%|█████▉    | 61/102 [00:04<00:02, 14.19it/s]
[36m(vLLMHttpServer pid=3808011)[0m Capturing CUDA graphs (mixed prefill-decode, PIECEWISE):  62%|██████▏   | 63/102 [00:04<00:02, 14.14it/s]
[36m(vLLMHttpServer pid=3808011)[0m Capturing CUDA graphs (mixed prefill-decode, PIECEWISE):  64%|██████▎   | 65/102 [00:04<00:02, 14.13it/s]
[36m(vLLMHttpServer pid=3808011)[0m Capturing CUDA graphs (mixed prefill-decode, PIECEWISE):  66%|██████▌   | 67/102 [00:04<00:02, 13.74it/s]
[36m(vLLMHttpServer pid=3808011)[0m Capturing CUDA graphs (mixed prefill-decode, PIECEWISE):  68%|██████▊   | 69/102 [00:04<00:02, 13.66it/s]
[36m(vLLMHttpServer pid=3808011)[0m Capturing CUDA graphs (mixed prefill-decode, PIECEWISE):  70%|██████▉   | 71/102 [00:05<00:02, 13.75it/s]
[36m(vLLMHttpServer pid=3808011)[0m Capturing CUDA graphs (mixed prefill-decode, PIECEWISE):  72%|███████▏  | 73/102 [00:05<00:02, 13.85it/s]
[36m(vLLMHttpServer pid=3808011)[0m Capturing CUDA graphs (mixed prefill-decode, PIECEWISE):  74%|███████▎  | 75/102 [00:05<00:01, 13.87it/s]
[36m(vLLMHttpServer pid=3808011)[0m Capturing CUDA graphs (mixed prefill-decode, PIECEWISE):  75%|███████▌  | 77/102 [00:05<00:01, 13.87it/s]
[36m(vLLMHttpServer pid=3808011)[0m Capturing CUDA graphs (mixed prefill-decode, PIECEWISE):  77%|███████▋  | 79/102 [00:05<00:01, 13.84it/s]
[36m(vLLMHttpServer pid=3808011)[0m Capturing CUDA graphs (mixed prefill-decode, PIECEWISE):  79%|███████▉  | 81/102 [00:05<00:01, 13.90it/s]
[36m(vLLMHttpServer pid=3808011)[0m Capturing CUDA graphs (mixed prefill-decode, PIECEWISE):  81%|████████▏ | 83/102 [00:05<00:01, 13.91it/s]
[36m(vLLMHttpServer pid=3808011)[0m Capturing CUDA graphs (mixed prefill-decode, PIECEWISE):  83%|████████▎ | 85/102 [00:06<00:01, 13.94it/s]
[36m(vLLMHttpServer pid=3808011)[0m Capturing CUDA graphs (mixed prefill-decode, PIECEWISE):  85%|████████▌ | 87/102 [00:06<00:01, 13.89it/s]
[36m(vLLMHttpServer pid=3808011)[0m Capturing CUDA graphs (mixed prefill-decode, PIECEWISE):  87%|████████▋ | 89/102 [00:06<00:00, 13.89it/s]
[36m(vLLMHttpServer pid=3808011)[0m Capturing CUDA graphs (mixed prefill-decode, PIECEWISE):  89%|████████▉ | 91/102 [00:06<00:00, 13.95it/s]
[36m(vLLMHttpServer pid=3808011)[0m Capturing CUDA graphs (mixed prefill-decode, PIECEWISE):  91%|█████████ | 93/102 [00:06<00:00, 13.96it/s]
[36m(vLLMHttpServer pid=3808011)[0m Capturing CUDA graphs (mixed prefill-decode, PIECEWISE):  93%|█████████▎| 95/102 [00:06<00:00, 13.95it/s]
[36m(vLLMHttpServer pid=3808011)[0m Capturing CUDA graphs (mixed prefill-decode, PIECEWISE):  95%|█████████▌| 97/102 [00:06<00:00, 13.91it/s]
[36m(vLLMHttpServer pid=3808011)[0m Capturing CUDA graphs (mixed prefill-decode, PIECEWISE):  97%|█████████▋| 99/102 [00:07<00:00, 13.26it/s]
[36m(vLLMHttpServer pid=3808011)[0m Capturing CUDA graphs (mixed prefill-decode, PIECEWISE):  99%|█████████▉| 101/102 [00:07<00:00, 12.46it/s]
[36m(vLLMHttpServer pid=3808011)[0m Capturing CUDA graphs (mixed prefill-decode, PIECEWISE): 100%|██████████| 102/102 [00:07<00:00, 13.83it/s]
[36m(vLLMHttpServer pid=3808011)[0m (Worker pid=3808825) Capturing CUDA graphs (decode, FULL):   0%|          | 0/70 [00:00<?, ?it/s]
[36m(vLLMHttpServer pid=3808011)[0m Capturing CUDA graphs (decode, FULL):   1%|▏         | 1/70 [00:00<00:10,  6.52it/s]
[36m(vLLMHttpServer pid=3808011)[0m Capturing CUDA graphs (decode, FULL):   4%|▍         | 3/70 [00:00<00:05, 11.22it/s]
[36m(vLLMHttpServer pid=3808011)[0m Capturing CUDA graphs (decode, FULL):   7%|▋         | 5/70 [00:00<00:05, 12.81it/s]
[36m(vLLMHttpServer pid=3808011)[0m Capturing CUDA graphs (decode, FULL):  10%|█         | 7/70 [00:00<00:04, 13.69it/s]
[36m(vLLMHttpServer pid=3808011)[0m Capturing CUDA graphs (decode, FULL):  13%|█▎        | 9/70 [00:00<00:04, 14.11it/s]
[36m(vLLMHttpServer pid=3808011)[0m Capturing CUDA graphs (decode, FULL):  16%|█▌        | 11/70 [00:00<00:04, 14.45it/s]
[36m(vLLMHttpServer pid=3808011)[0m Capturing CUDA graphs (decode, FULL):  19%|█▊        | 13/70 [00:00<00:03, 14.68it/s]
[36m(vLLMHttpServer pid=3808011)[0m Capturing CUDA graphs (decode, FULL):  21%|██▏       | 15/70 [00:01<00:03, 14.80it/s]
[36m(vLLMHttpServer pid=3808011)[0m Capturing CUDA graphs (decode, FULL):  24%|██▍       | 17/70 [00:01<00:03, 14.85it/s]
[36m(vLLMHttpServer pid=3808011)[0m Capturing CUDA graphs (decode, FULL):  27%|██▋       | 19/70 [00:01<00:03, 14.81it/s]
[36m(vLLMHttpServer pid=3808011)[0m Capturing CUDA graphs (decode, FULL):  30%|███       | 21/70 [00:01<00:03, 14.79it/s]
[36m(vLLMHttpServer pid=3808011)[0m Capturing CUDA graphs (decode, FULL):  33%|███▎      | 23/70 [00:01<00:03, 14.83it/s]
[36m(vLLMHttpServer pid=3808011)[0m Capturing CUDA graphs (decode, FULL):  36%|███▌      | 25/70 [00:01<00:03, 14.82it/s]
[36m(vLLMHttpServer pid=3808011)[0m Capturing CUDA graphs (decode, FULL):  39%|███▊      | 27/70 [00:01<00:02, 14.85it/s]
[36m(vLLMHttpServer pid=3808011)[0m Capturing CUDA graphs (decode, FULL):  41%|████▏     | 29/70 [00:02<00:02, 14.83it/s]
[36m(vLLMHttpServer pid=3808011)[0m Capturing CUDA graphs (decode, FULL):  44%|████▍     | 31/70 [00:02<00:02, 14.87it/s]
[36m(vLLMHttpServer pid=3808011)[0m Capturing CUDA graphs (decode, FULL):  47%|████▋     | 33/70 [00:02<00:02, 14.90it/s]
[36m(vLLMHttpServer pid=3808011)[0m Capturing CUDA graphs (decode, FULL):  50%|█████     | 35/70 [00:02<00:02, 14.90it/s]
[36m(vLLMHttpServer pid=3808011)[0m Capturing CUDA graphs (decode, FULL):  53%|█████▎    | 37/70 [00:02<00:02, 14.81it/s]
[36m(vLLMHttpServer pid=3808011)[0m Capturing CUDA graphs (decode, FULL):  56%|█████▌    | 39/70 [00:02<00:02, 14.76it/s]
[36m(vLLMHttpServer pid=3808011)[0m Capturing CUDA graphs (decode, FULL):  59%|█████▊    | 41/70 [00:02<00:01, 14.81it/s]
[36m(vLLMHttpServer pid=3808011)[0m Capturing CUDA graphs (decode, FULL):  61%|██████▏   | 43/70 [00:02<00:01, 14.87it/s]
[36m(vLLMHttpServer pid=3808011)[0m Capturing CUDA graphs (decode, FULL):  64%|██████▍   | 45/70 [00:03<00:01, 14.92it/s]
[36m(vLLMHttpServer pid=3808011)[0m Capturing CUDA graphs (decode, FULL):  67%|██████▋   | 47/70 [00:03<00:01, 14.95it/s]
[36m(vLLMHttpServer pid=3808011)[0m Capturing CUDA graphs (decode, FULL):  70%|███████   | 49/70 [00:03<00:01, 14.89it/s]
[36m(vLLMHttpServer pid=3808011)[0m Capturing CUDA graphs (decode, FULL):  73%|███████▎  | 51/70 [00:03<00:01, 14.94it/s]
[36m(vLLMHttpServer pid=3808011)[0m Capturing CUDA graphs (decode, FULL):  76%|███████▌  | 53/70 [00:03<00:01, 14.83it/s]
[36m(vLLMHttpServer pid=3808011)[0m Capturing CUDA graphs (decode, FULL):  79%|███████▊  | 55/70 [00:03<00:01, 14.84it/s]
[36m(vLLMHttpServer pid=3808011)[0m Capturing CUDA graphs (decode, FULL):  81%|████████▏ | 57/70 [00:03<00:00, 14.92it/s]
[36m(vLLMHttpServer pid=3808011)[0m Capturing CUDA graphs (decode, FULL):  84%|████████▍ | 59/70 [00:04<00:00, 14.88it/s]
[36m(vLLMHttpServer pid=3808011)[0m Capturing CUDA graphs (decode, FULL):  87%|████████▋ | 61/70 [00:04<00:00, 14.91it/s]
[36m(vLLMHttpServer pid=3808011)[0m Capturing CUDA graphs (decode, FULL):  90%|█████████ | 63/70 [00:04<00:00, 15.02it/s]
[36m(vLLMHttpServer pid=3808011)[0m Capturing CUDA graphs (decode, FULL):  93%|█████████▎| 65/70 [00:04<00:00, 15.04it/s]
[36m(vLLMHttpServer pid=3808011)[0m Capturing CUDA graphs (decode, FULL):  96%|█████████▌| 67/70 [00:04<00:00, 15.03it/s]
[36m(vLLMHttpServer pid=3808011)[0m Capturing CUDA graphs (decode, FULL):  99%|█████████▊| 69/70 [00:04<00:00, 14.96it/s]
[36m(vLLMHttpServer pid=3808011)[0m Capturing CUDA graphs (decode, FULL): 100%|██████████| 70/70 [00:04<00:00, 14.71it/s]
[36m(vLLMHttpServer pid=3808011)[0m (EngineCore pid=3808783) [transformers] The `use_fast` parameter is deprecated and will be removed in a future version. Use `backend="torchvision"` instead of `use_fast=True`, or `backend="pil"` instead of `use_fast=False`.

[36m(vLLMHttpServer pid=3808011)[0m (Worker pid=3808825) WARNING 09-04 00:14:56 [model_manager.py:401] Regarding Qwen3VLForConditionalGeneration, no matching PunicaWrapper is found; visual.blocks.17.attn.proj will be ignored.
[36m(vLLMHttpServer pid=3808011)[0m (Worker pid=3808825) WARNING 09-04 00:14:56 [model_manager.py:401] Regarding Qwen3VLForConditionalGeneration, no matching PunicaWrapper is found; visual.blocks.17.mlp.linear_fc1 will be ignored.
[36m(vLLMHttpServer pid=3808011)[0m (Worker pid=3808825) WARNING 09-04 00:14:56 [model_manager.py:401] Regarding Qwen3VLForConditionalGeneration, no matching PunicaWrapper is found; visual.blocks.17.mlp.linear_fc2 will be ignored.
[36m(vLLMHttpServer pid=3808011)[0m (Worker pid=3808825) WARNING 09-04 00:14:56 [model_manager.py:401] Regarding Qwen3VLForConditionalGeneration, no matching PunicaWrapper is found; visual.blocks.18.attn.qkv will be ignored.
[36m(vLLMHttpServer pid=3808011)[0m (Worker pid=3808825) WARNING 09-04 00:14:56 [model_manager.py:401] Regarding Qwen3VLForConditionalGeneration, no matching PunicaWrapper is found; visual.blocks.18.attn.proj will be ignored.
[36m(vLLMHttpServer pid=3808011)[0m (Worker pid=3808825) WARNING 09-04 00:14:56 [model_manager.py:401] Regarding Qwen3VLForConditionalGeneration, no matching PunicaWrapper is found; visual.blocks.18.mlp.linear_fc1 will be ignored.
[36m(vLLMHttpServer pid=3808011)[0m (Worker pid=3808825) WARNING 09-04 00:14:56 [model_manager.py:401] Regarding Qwen3VLForConditionalGeneration, no matching PunicaWrapper is found; visual.blocks.18.mlp.linear_fc2 will be ignored.
[36m(vLLMHttpServer pid=3808011)[0m (Worker pid=3808825) WARNING 09-04 00:14:56 [model_manager.py:401] Regarding Qwen3VLForConditionalGeneration, no matching PunicaWrapper is found; visual.blocks.19.attn.qkv will be ignored.
[36m(vLLMHttpServer pid=3808011)[0m (Worker pid=3808825) WARNING 09-04 00:14:56 [model_manager.py:401] Regarding Qwen3VLForConditionalGeneration, no matching PunicaWrapper is found; visual.blocks.19.attn.proj will be ignored.
[36m(vLLMHttpServer pid=3808011)[0m (Worker pid=3808825) WARNING 09-04 00:14:56 [model_manager.py:401] Regarding Qwen3VLForConditionalGeneration, no matching PunicaWrapper is found; visual.blocks.19.mlp.linear_fc1 will be ignored.
[36m(vLLMHttpServer pid=3808011)[0m (Worker pid=3808825) WARNING 09-04 00:14:56 [model_manager.py:401] Regarding Qwen3VLForConditionalGeneration, no matching PunicaWrapper is found; visual.blocks.19.mlp.linear_fc2 will be ignored.
[36m(vLLMHttpServer pid=3808011)[0m (Worker pid=3808825) WARNING 09-04 00:14:56 [model_manager.py:401] Regarding Qwen3VLForConditionalGeneration, no matching PunicaWrapper is found; visual.blocks.20.attn.qkv will be ignored.
[36m(vLLMHttpServer pid=3808011)[0m (Worker pid=3808825) WARNING 09-04 00:14:56 [model_manager.py:401] Regarding Qwen3VLForConditionalGeneration, no matching PunicaWrapper is found; visual.blocks.20.attn.proj will be ignored.
[36m(vLLMHttpServer pid=3808011)[0m (Worker pid=3808825) WARNING 09-04 00:14:56 [model_manager.py:401] Regarding Qwen3VLForConditionalGeneration, no matching PunicaWrapper is found; visual.blocks.20.mlp.linear_fc1 will be ignored.
[36m(vLLMHttpServer pid=3808011)[0m (Worker pid=3808825) WARNING 09-04 00:14:56 [model_manager.py:401] Regarding Qwen3VLForConditionalGeneration, no matching PunicaWrapper is found; visual.blocks.20.mlp.linear_fc2 will be ignored.
[36m(vLLMHttpServer pid=3808011)[0m (Worker pid=3808825) WARNING 09-04 00:14:56 [model_manager.py:401] Regarding Qwen3VLForConditionalGeneration, no matching PunicaWrapper is found; visual.blocks.21.attn.qkv will be ignored.
[36m(vLLMHttpServer pid=3808011)[0m (Worker pid=3808825) WARNING 09-04 00:14:56 [model_manager.py:401] Regarding Qwen3VLForConditionalGeneration, no matching PunicaWrapper is found; visual.blocks.21.attn.proj will be ignored.
[36m(vLLMHttpServer pid=3808011)[0m (Worker pid=3808825) WARNING 09-04 00:14:56 [model_manager.py:401] Regarding Qwen3VLForConditionalGeneration, no matching PunicaWrapper is found; visual.blocks.21.mlp.linear_fc1 will be ignored.
[36m(vLLMHttpServer pid=3808011)[0m (Worker pid=3808825) WARNING 09-04 00:14:56 [model_manager.py:401] Regarding Qwen3VLForConditionalGeneration, no matching PunicaWrapper is found; visual.blocks.21.mlp.linear_fc2 will be ignored.
[36m(vLLMHttpServer pid=3808011)[0m (Worker pid=3808825) WARNING 09-04 00:14:56 [model_manager.py:401] Regarding Qwen3VLForConditionalGeneration, no matching PunicaWrapper is found; visual.blocks.22.attn.qkv will be ignored.
[36m(vLLMHttpServer pid=3808011)[0m (Worker pid=3808825) WARNING 09-04 00:14:56 [model_manager.py:401] Regarding Qwen3VLForConditionalGeneration, no matching PunicaWrapper is found; visual.blocks.22.attn.proj will be ignored.
[36m(vLLMHttpServer pid=3808011)[0m (Worker pid=3808825) WARNING 09-04 00:14:56 [model_manager.py:401] Regarding Qwen3VLForConditionalGeneration, no matching PunicaWrapper is found; visual.blocks.22.mlp.linear_fc1 will be ignored.
[36m(vLLMHttpServer pid=3808011)[0m (Worker pid=3808825) WARNING 09-04 00:14:56 [model_manager.py:401] Regarding Qwen3VLForConditionalGeneration, no matching PunicaWrapper is found; visual.blocks.22.mlp.linear_fc2 will be ignored.
[36m(vLLMHttpServer pid=3808011)[0m (Worker pid=3808825) WARNING 09-04 00:14:56 [model_manager.py:401] Regarding Qwen3VLForConditionalGeneration, no matching PunicaWrapper is found; visual.blocks.23.attn.qkv will be ignored.
[36m(vLLMHttpServer pid=3808011)[0m (Worker pid=3808825) WARNING 09-04 00:14:56 [model_manager.py:401] Regarding Qwen3VLForConditionalGeneration, no matching PunicaWrapper is found; visual.blocks.23.attn.proj will be ignored.
[36m(vLLMHttpServer pid=3808011)[0m (Worker pid=3808825) WARNING 09-04 00:14:56 [model_manager.py:401] Regarding Qwen3VLForConditionalGeneration, no matching PunicaWrapper is found; visual.blocks.23.mlp.linear_fc1 will be ignored.
[36m(vLLMHttpServer pid=3808011)[0m (Worker pid=3808825) WARNING 09-04 00:14:56 [model_manager.py:401] Regarding Qwen3VLForConditionalGeneration, no matching PunicaWrapper is found; visual.blocks.23.mlp.linear_fc2 will be ignored.
[36m(vLLMHttpServer pid=3808011)[0m (Worker pid=3808825) WARNING 09-04 00:15:17 [utils.py:279] Using default LoRA kernel configs
[36m(vLLMHttpServer pid=3808011)[0m WARNING 09-04 00:15:38 [api_router.py:30] LoRA dynamic loading & unloading is enabled in the API server. This should ONLY be used for local development!
[36m(vLLMHttpServer pid=3808011)[0m WARNING 09-04 00:15:38 [model.py:1477] Default vLLM sampling parameters have been overridden by the model's `generation_config.json`: `{'repetition_penalty': 1.0, 'temperature': 1.0, 'top_k': -1, 'top_p': 1, 'max_tokens': 16384}`. If this is not intended, please relaunch vLLM instance with `--generation-config vllm`.
[36m(TaskRunner pid=3807184)[0m LLMServerManager: ['10.110.2.5:35087']
[36m(TaskRunner pid=3807184)[0m Saving tensorboard log to /home/yw4636/agentic-tvg/results/grpo-v2/tb.
[36m(TaskRunner pid=3807184)[0m Found checkpoint: %s /home/yw4636/agentic-tvg/results/grpo-v2/ckpt/global_step_180
[36m(TaskRunner pid=3807184)[0m Load from checkpoint folder: /home/yw4636/agentic-tvg/results/grpo-v2/ckpt/global_step_180
[36m(TaskRunner pid=3807184)[0m Setting global step to 180
[36m(TaskRunner pid=3807184)[0m Resuming from /home/yw4636/agentic-tvg/results/grpo-v2/ckpt/global_step_180
[36m(AgentLoopWorker pid=3809884)[0m Using dataset class: RLHFDataset
[36m(AgentLoopWorker pid=3809885)[0m {
[36m(AgentLoopWorker pid=3809885)[0m   "type": "function",
[36m(AgentLoopWorker pid=3809885)[0m   "function": {
[36m(AgentLoopWorker pid=3809885)[0m     "name": "crop_video",
[36m(AgentLoopWorker pid=3809885)[0m     "description": "Inspect a time interval of the current video closely: returns 30 higher-resolution frames sampled evenly from [start_time, end_time], each labeled with its timestamp in seconds.",
[36m(AgentLoopWorker pid=3809885)[0m     "parameters": {
[36m(AgentLoopWorker pid=3809885)[0m       "type": "object",
[36m(AgentLoopWorker pid=3809885)[0m       "properties": {[36m(WorkerDict pid=3807529)[0m INFO:2026-09-04 00:16:25,133:[Rank 0] Loaded model from /home/yw4636/agentic-tvg/results/grpo-v2/ckpt/global_step_180/actor/model_world_size_1_rank_0.pt
[36m(WorkerDict pid=3807529)[0m INFO:2026-09-04 00:16:25,678:[Rank 0] Loaded optimizer from /home/yw4636/agentic-tvg/results/grpo-v2/ckpt/global_step_180/actor/optim_world_size_1_rank_0.pt
[36m(WorkerDict pid=3807529)[0m INFO:2026-09-04 00:16:25,680:[Rank 0] Loaded rng from /home/yw4636/agentic-tvg/results/grpo-v2/ckpt/global_step_180/actor/extra_state_world_size_1_rank_0.pt
[36m(WorkerDict pid=3807529)[0m INFO:2026-09-04 00:16:25,680:[Rank 0] Loaded lr_scheduler from /home/yw4636/agentic-tvg/results/grpo-v2/ckpt/global_step_180/actor/extra_state_world_size_1_rank_0.pt
[36m(WorkerDict pid=3807529)[0m /home/yw4636/.conda/envs/verl/lib/python3.12/site-packages/verl/plugin/platform/platform_cuda.py:99: FutureWarning: torch.cuda._set_allocator_settings is deprecated. Use torch._C._accelerator_setAllocatorSettings instead.
[36m(WorkerDict pid=3807529)[0m   torch.cuda.memory._set_allocator_settings(settings)
[36m(WorkerDict pid=3807529)[0m /home/yw4636/.conda/envs/verl/lib/python3.12/site-packages/verl/plugin/platform/platform_cuda.py:99: FutureWarning: torch.cuda._set_allocator_settings is deprecated. Use torch._C._accelerator_setAllocatorSettings instead.
[36m(WorkerDict pid=3807529)[0m   torch.cuda.memory._set_allocator_settings(settings)
[36m(TaskRunner pid=3807184)[0m Training Progress:  75%|███████▌  | 180/239 [00:00<?, ?it/s]
[36m(AgentLoopWorker pid=3809886)[0m qwen-vl-utils using torchcodec to read video.
[36m(TaskRunner pid=3807184)[0m W0904 00:19:44.353000 3807184 site-packages/torch/fx/_symbolic_trace.py:53] is_fx_tracing will return true for both fx.symbolic_trace and torch.export. Please use is_fx_tracing_symbolic_tracing() for specifically fx.symbolic_trace or torch.compiler.is_compiling() for specifically torch.export/compile.
[36m(AgentLoopWorker pid=3809889)[0m qwen-vl-utils using torchcodec to read video.[32m [repeated 7x across cluster][0m
[36m(WorkerDict pid=3807529)[0m [rank0]:W0904 00:20:27.787000 3807529 site-packages/torch/fx/_symbolic_trace.py:53] is_fx_tracing will return true for both fx.symbolic_trace and torch.export. Please use is_fx_tracing_symbolic_tracing() for specifically fx.symbolic_trace or torch.compiler.is_compiling() for specifically torch.export/compile.
[36m(WorkerDict pid=3807529)[0m /home/yw4636/.conda/envs/verl/lib/python3.12/site-packages/verl/plugin/platform/platform_cuda.py:99: FutureWarning: torch.cuda._set_allocator_settings is deprecated. Use torch._C._accelerator_setAllocatorSettings instead.
[36m(WorkerDict pid=3807529)[0m   torch.cuda.memory._set_allocator_settings(settings)
[36m(TaskRunner pid=3807184)[0m Training Progress:  76%|███████▌  | 181/239 [13:37<13:09:53, 817.13s/it]

[36m(AgentLoopWorker pid=3809885)[0m         "start_time": {
[36m(AgentLoopWorker pid=3809885)[0m           "type": "number",
[36m(AgentLoopWorker pid=3809885)[0m           "description": "Interval start in seconds, >= 0."
[36m(AgentLoopWorker pid=3809885)[0m         },
[36m(AgentLoopWorker pid=3809885)[0m         "end_time": {
[36m(AgentLoopWorker pid=3809885)[0m           "type": "number",
[36m(AgentLoopWorker pid=3809885)[0m           "description": "Interval end in seconds, > start_time, <= video duration."
[36m(AgentLoopWorker pid=3809885)[0m         }
[36m(AgentLoopWorker pid=3809885)[0m       },
[36m(AgentLoopWorker pid=3809885)[0m       "required": [
[36m(AgentLoopWorker pid=3809885)[0m         "start_time",
[36m(AgentLoopWorker pid=3809885)[0m         "end_time"
[36m(AgentLoopWorker pid=3809885)[0m       ]
[36m(AgentLoopWorker pid=3809885)[0m     }
[36m(AgentLoopWorker pid=3809885)[0m   }
[36m(AgentLoopWorker pid=3809885)[0m }
[36m(vLLMHttpServer pid=3808011)[0m WARNING 09-04 00:16:46 [input_processor.py:157] vLLM has deprecated support for supporting different tokenizers for different LoRAs. By default, vLLM uses base model's tokenizer. If you are using a LoRA with its own tokenizer, consider specifying `--tokenizer [lora_path]` to use the LoRA tokenizer.
[36m(vLLMHttpServer pid=3808011)[0m WARNING 09-04 00:16:46 [input_processor.py:282] Passing raw prompts to InputProcessor is deprecated and will be removed in v0.18. You should instead pass the outputs of Renderer.render_cmpl() or Renderer.render_chat().
[36m(AgentLoopWorker pid=3809888)[0m Using dataset class: RLHFDataset[32m [repeated 7x across cluster] (Ray deduplicates logs by default. Set RAY_DEDUP_LOGS=0 to disable log deduplication, or see https://docs.ray.io/en/master/ray-observability/user-guides/configure-logging.html#log-deduplication for more options.)[0m
[36m(AgentLoopWorker pid=3809886)[0m {[32m [repeated 7x across cluster][0m
[36m(AgentLoopWorker pid=3809886)[0m   "type": "function",[32m [repeated 7x across cluster][0m
[36m(AgentLoopWorker pid=3809886)[0m   "function": {[32m [repeated 7x across cluster][0m
[36m(AgentLoopWorker pid=3809886)[0m     "name": "crop_video",[32m [repeated 7x across cluster][0m
[36m(AgentLoopWorker pid=3809886)[0m     "description": "Inspect a time interval of the current video closely: returns 30 higher-resolution frames sampled evenly from [start_time, end_time], each labeled with its timestamp in seconds.",[32m [repeated 7x across cluster][0m
[36m(AgentLoopWorker pid=3809886)[0m     "parameters": {[32m [repeated 7x across cluster][0m
[36m(AgentLoopWorker pid=3809886)[0m       "type": "object",[32m [repeated 7x across cluster][0m
[36m(AgentLoopWorker pid=3809886)[0m       "properties": {[32m [repeated 7x across cluster][0m
[36m(AgentLoopWorker pid=3809886)[0m         "start_time": {[32m [repeated 7x across cluster][0m
[36m(AgentLoopWorker pid=3809886)[0m           "type": "number",[32m [repeated 14x across cluster][0m
[36m(AgentLoopWorker pid=3809886)[0m           "description": "Interval start in seconds, >= 0."[32m [repeated 7x across cluster][0m
[36m(AgentLoopWorker pid=3809886)[0m       },[32m [repeated 14x across cluster][0m
[36m(AgentLoopWorker pid=3809886)[0m         "end_time": {[32m [repeated 7x across cluster][0m
[36m(AgentLoopWorker pid=3809886)[0m           "description": "Interval end in seconds, > start_time, <= video duration."[32m [repeated 7x across cluster][0m
[36m(AgentLoopWorker pid=3809886)[0m }[32m [repeated 28x across cluster][0m
[36m(AgentLoopWorker pid=3809886)[0m       "required": [[32m [repeated 7x across cluster][0m
[36m(AgentLoopWorker pid=3809886)[0m         "start_time",[32m [repeated 7x across cluster][0m
[36m(AgentLoopWorker pid=3809886)[0m         "end_time"[32m [repeated 7x across cluster][0m
[36m(AgentLoopWorker pid=3809886)[0m       ][32m [repeated 7x across cluster][0m
[36m(vLLMHttpServer pid=3808011)[0m (Worker pid=3808825) WARNING 09-04 00:16:46 [jit_monitor.py:106] Triton kernel JIT compilation during inference: _compute_slot_mapping_kernel. This causes a latency spike; consider extending warmup to cover this shape/config.
[36m(vLLMHttpServer pid=3808011)[0m (Worker pid=3808825) WARNING 09-04 00:16:46 [jit_monitor.py:106] Triton kernel JIT compilation during inference: _bilinear_pos_embed_kernel. This causes a latency spike; consider extending warmup to cover this shape/config.
[36m(vLLMHttpServer pid=3808011)[0m (Worker pid=3808825) WARNING 09-04 00:16:46 [jit_monitor.py:106] Triton kernel JIT compilation during inference: rotary_kernel. This causes a latency spike; consider extending warmup to cover this shape/config.
[36m(vLLMHttpServer pid=3808011)[0m (Worker pid=3808825) WARNING 09-04 00:16:47 [jit_monitor.py:106] Triton kernel JIT compilation during inference: _lora_expand_kernel. This causes a latency spike; consider extending warmup to cover this shape/config.
[36m(TaskRunner pid=3807184)[0m Dumped generations to /home/yw4636/agentic-tvg/results/grpo-v2/rollouts/181.jsonl
[36m(TaskRunner pid=3807184)[0m step:181 - global_seqlen/min:908105 - global_seqlen/max:908105 - global_seqlen/minmax_diff:0 - global_seqlen/balanced_min:908105 - global_seqlen/balanced_max:908105 - global_seqlen/mean:908105.0 - actor/entropy:0.793502926826477 - perf/mfu/actor_infer:0.28913144300029087 - training/rollout_probs_diff_valid:1 - training/rollout_probs_diff_max:0.6946099996566772 - training/rollout_probs_diff_mean:0.009756152518093586 - training/rollout_probs_diff_std:0.017397891730070114 - training/rollout_actor_probs_pearson_corr:0.9984416365623474 - rollout_corr/training_ppl:2.3202292919158936 - rollout_corr/training_log_ppl:0.8137519359588623 - rollout_corr/kl:0.0028613137546926737 - rollout_corr/k3_kl:0.0032165066804736853 - rollout_corr/rollout_ppl:2.3129971027374268 - rollout_corr/rollout_log_ppl:0.8105098009109497 - rollout_corr/log_ppl_diff:0.0032421541400253773 - rollout_corr/log_ppl_abs_diff:0.004837021231651306 - rollout_corr/log_ppl_diff_max:0.014979124069213867 - rollout_corr/log_ppl_diff_min:-0.015065789222717285 - rollout_corr/ppl_ratio:1.0032614469528198 - rollout_corr/chi2_token:0.007428765296936035 - rollout_corr/chi2_seq:126.74349975585938 - actor/pg_clipfrac:np.float64(0.0) - actor/ppo_kl:np.float64(0.0) - actor/pg_clipfrac_lower:np.float64(0.0) - actor/pg_loss:np.float64(-0.007688940881052986) - actor/kl_loss:np.float64(0.02578218185226433) - actor/kl_coef:np.float64(0.0010000000000000002) - actor/loss:np.float64(-0.00766315683722496) - actor/grad_norm:np.float64(0.07700350135564804) - actor/lr:np.float64(1e-05) - actor/perf/max_memory_allocated_gb:np.float64(38.832151889801025) - actor/perf/max_memory_reserved_gb:np.float64(41.28125) - actor/perf/cpu_memory_used_gb:np.float64(97.2919921875) - perf/mfu/actor:np.float64(0.34006655613834413) - training/global_step:181 - training/epoch:1 - critic/score/mean:1.3689284324645996 - critic/score/max:2.5 - critic/score/min:0.5 - critic/rewards/mean:1.3689284324645996 - critic/rewards/max:2.5 - critic/rewards/min:0.5 - critic/advantages/mean:0.0076889581978321075 - critic/advantages/max:2.8340604305267334 - critic/advantages/min:-3.031078338623047 - critic/returns/mean:0.0076889581978321075 - critic/returns/max:2.8340604305267334 - critic/returns/min:-3.031078338623047 - response_length/mean:3141.6953125 - response_length/max:8431.0 - response_length/min:2571.0 - response_length/clip_ratio:0.0 - response_length_non_aborted/mean:3141.6953125 - response_length_non_aborted/max:8431.0 - response_length_non_aborted/min:2571.0 - response_length_non_aborted/clip_ratio:0.0 - response/aborted_ratio:0.0 - prompt_length/mean:3952.875 - prompt_length/max:4132.0 - prompt_length/min:3633.0 - prompt_length/clip_ratio:0.0 - num_turns/min:np.int32(4) - num_turns/max:np.int32(4) - num_turns/mean:np.float64(4.0) - timing_s/start_profile:0.0003451670054346323 - timing_s/agent_loop/num_preempted/min:np.int64(-1) - timing_s/agent_loop/num_preempted/max:np.int64(-1) - timing_s/agent_loop/num_preempted/mean:np.float64(-1.0) - timing_s/agent_loop/generate_sequences/min:np.float64(55.361545467050746) - timing_s/agent_loop/generate_sequences/max:np.float64(168.43754052207805) - timing_s/agent_loop/generate_sequences/mean:np.float64(93.10034141374217) - timing_s/agent_loop/tool_calls/min:np.float64(0.0679242160404101) - timing_s/agent_loop/tool_calls/max:np.float64(0.9910922120325267) - timing_s/agent_loop/tool_calls/mean:np.float64(0.16651442508373293) - timing_s/agent_loop/compute_score/min:np.float64(0.28529291693121195) - timing_s/agent_loop/compute_score/max:np.float64(6.438076777965762) - timing_s/agent_loop/compute_score/mean:np.float64(1.985647327541301) - timing_s/agent_loop/slowest/generate_sequences:np.float64(168.43754052207805) - timing_s/agent_loop/slowest/tool_calls:np.float64(0.10242716898210347) - timing_s/agent_loop/slowest/compute_score:np.float64(1.3528141190763563) - timing_s/agent_loop/slowest/num_preempted:np.int64(-1) - timing_s/agent_loop/slowest/prompt_length:3950 - timing_s/agent_loop/slowest/response_length:8431 - timing_s/gen:193.91955494997092 - timing_s/reward:2.58380314335227e-05 - timing_s/old_log_prob:150.5197788940277 - timing_s/ref:149.22682556707878 - timing_s/adv:0.1877870779717341 - timing_s/update_actor:318.5566344290273 - timing_s/update_weights:4.000259315012954 - timing_s/dump_rollout_generations:0.32772727694828063 - timing_s/step:816.9163053169614 - timing_s/stop_profile:4.376005381345749e-05 - timing_per_token_ms/adv:0.0002067900495776745 - timing_per_token_ms/update_actor:0.35079273259042437 - timing_per_token_ms/gen:0.4822226130646295 - timing_per_token_ms/ref:0.1643277215377944 - perf/total_num_tokens:908105 - perf/time_per_step:816.9163053169614 - perf/throughput:1111.6255044605305[36m(TaskRunner pid=3807184)[0m Training Progress:  76%|███████▌  | 182/239 [26:04<12:17:32, 776.36s/it]
[36m(TaskRunner pid=3807184)[0m Training Progress:  77%|███████▋  | 183/239 [38:26<11:49:44, 760.44s/it]

[36m(TaskRunner pid=3807184)[0m Dumped generations to /home/yw4636/agentic-tvg/results/grpo-v2/rollouts/182.jsonl
[36m(TaskRunner pid=3807184)[0m step:182 - global_seqlen/min:907596 - global_seqlen/max:907596 - global_seqlen/minmax_diff:0 - global_seqlen/balanced_min:907596 - global_seqlen/balanced_max:907596 - global_seqlen/mean:907596.0 - actor/entropy:0.8403181433677673 - perf/mfu/actor_infer:0.2977932389781903 - training/rollout_probs_diff_valid:1 - training/rollout_probs_diff_max:0.470211923122406 - training/rollout_probs_diff_mean:0.011497613973915577 - training/rollout_probs_diff_std:0.019005533307790756 - training/rollout_actor_probs_pearson_corr:0.9980765581130981 - rollout_corr/training_ppl:2.320894956588745 - rollout_corr/training_log_ppl:0.8289223909378052 - rollout_corr/kl:0.003712468082085252 - rollout_corr/k3_kl:0.0038448157720267773 - rollout_corr/rollout_ppl:2.312241554260254 - rollout_corr/rollout_log_ppl:0.8251825571060181 - rollout_corr/log_ppl_diff:0.0037397679407149553 - rollout_corr/log_ppl_abs_diff:0.004857792519032955 - rollout_corr/log_ppl_diff_max:0.015378832817077637 - rollout_corr/log_ppl_diff_min:-0.008555412292480469 - rollout_corr/ppl_ratio:1.0037574768066406 - rollout_corr/chi2_token:0.008139610290527344 - rollout_corr/chi2_seq:8.352935791015625 - actor/pg_clipfrac:np.float64(0.0) - actor/ppo_kl:np.float64(0.0) - actor/pg_clipfrac_lower:np.float64(0.0) - actor/pg_loss:np.float64(-0.015601258754031733) - actor/kl_loss:np.float64(0.03235990274697542) - actor/kl_coef:np.float64(0.0010000000000000002) - actor/loss:np.float64(-0.015568895265460014) - actor/grad_norm:np.float64(0.09262744337320328) - actor/lr:np.float64(1e-05) - actor/perf/max_memory_allocated_gb:np.float64(38.832151889801025) - actor/perf/max_memory_reserved_gb:np.float64(41.337890625) - actor/perf/cpu_memory_used_gb:np.float64(97.8362808227539) - perf/mfu/actor:np.float64(0.339049826198988) - training/global_step:182 - training/epoch:1 - critic/score/mean:1.7401646375656128 - critic/score/max:2.4465649127960205 - critic/score/min:0.5 - critic/rewards/mean:1.7401646375656128 - critic/rewards/max:2.4465649127960205 - critic/rewards/min:0.5 - critic/advantages/mean:0.015601271763443947 - critic/advantages/max:2.220818042755127 - critic/advantages/min:-3.2786669731140137 - critic/returns/mean:0.015601271763443947 - critic/returns/max:2.220818042755127 - critic/returns/min:-3.2786669731140137 - response_length/mean:3094.84375 - response_length/max:3357.0 - response_length/min:2679.0 - response_length/clip_ratio:0.0 - response_length_non_aborted/mean:3094.84375 - response_length_non_aborted/max:3357.0 - response_length_non_aborted/min:2679.0 - response_length_non_aborted/clip_ratio:0.0 - response/aborted_ratio:0.0 - prompt_length/mean:3995.75 - prompt_length/max:4154.0 - prompt_length/min:3757.0 - prompt_length/clip_ratio:0.0 - num_turns/min:np.int32(4) - num_turns/max:np.int32(4) - num_turns/mean:np.float64(4.0) - timing_s/start_profile:8.454592898488045e-05 - timing_s/agent_loop/num_preempted/min:np.int64(-1) - timing_s/agent_loop/num_preempted/max:np.int64(-1) - timing_s/agent_loop/num_preempted/mean:np.float64(-1.0) - timing_s/agent_loop/generate_sequences/min:np.float64(66.97210750705563) - timing_s/agent_loop/generate_sequences/max:np.float64(107.727496999898) - timing_s/agent_loop/generate_sequences/mean:np.float64(94.59421068338725) - timing_s/agent_loop/tool_calls/min:np.float64(0.06973290606401861) - timing_s/agent_loop/tool_calls/max:np.float64(0.845290353987366) - timing_s/agent_loop/tool_calls/mean:np.float64(0.14744187097130634) - timing_s/agent_loop/compute_score/min:np.float64(0.30612520303111523) - timing_s/agent_loop/compute_score/max:np.float64(6.964107149047777) - timing_s/agent_loop/compute_score/mean:np.float64(1.648239498021212) - timing_s/agent_loop/slowest/generate_sequences:np.float64(107.0178163870005) - timing_s/agent_loop/slowest/tool_calls:np.float64(0.11566492496058345) - timing_s/agent_loop/slowest/compute_score:np.float64(2.0743388909613714) - timing_s/agent_loop/slowest/num_preempted:np.int64(-1) - timing_s/agent_loop/slowest/prompt_length:4138 - timing_s/agent_loop/slowest/response_length:3216 - timing_s/gen:137.372598145972 - timing_s/reward:0.0005173090612515807 - timing_s/old_log_prob:150.1643788400106 - timing_s/ref:138.98759187292308 - timing_s/adv:0.17233646905515343 - timing_s/update_actor:316.635856662062 - timing_s/update_weights:3.9390351979527622 - timing_s/dump_rollout_generations:0.32394489203579724 - timing_s/step:747.7495827859966 - timing_s/stop_profile:4.711700603365898e-05 - timing_per_token_ms/adv:0.00018988235851100427 - timing_per_token_ms/update_actor:0.3488731293020926 - timing_per_token_ms/gen:0.3467779021203918 - timing_per_token_ms/ref:0.15313817146937964 - perf/total_num_tokens:907596 - perf/time_per_step:747.7495827859966 - perf/throughput:1213.76998515792
[36m(TaskRunner pid=3807184)[0m Dumped generations to /home/yw4636/agentic-tvg/results/grpo-v2/rollouts/183.jsonl
[36m(TaskRunner pid=3807184)[0m step:183 - global_seqlen/min:898269 - global_seqlen/max:898269 - global_seqlen/minmax_diff:0 - global_seqlen/balanced_min:898269 - global_seqlen/balanced_max:898269 - global_seqlen/mean:898269.0 - actor/entropy:0.8179170489311218 - perf/mfu/actor_infer:0.2976123604585342 - training/rollout_probs_diff_valid:1 - training/rollout_probs_diff_max:0.40006205439567566 - training/rollout_probs_diff_mean:0.01167414989322424 - training/rollout_probs_diff_std:0.019410179927945137 - training/rollout_actor_probs_pearson_corr:0.9979738593101501 - rollout_corr/training_ppl:2.2904903888702393 - rollout_corr/training_log_ppl:0.8203349709510803 - rollout_corr/kl:0.004795114044100046 - rollout_corr/k3_kl:0.003964532166719437 - rollout_corr/rollout_ppl:2.2790069580078125 - rollout_corr/rollout_log_ppl:0.815339982509613 - rollout_corr/log_ppl_diff:0.0049949693493545055 - rollout_corr/log_ppl_abs_diff:0.005617458838969469 - rollout_corr/log_ppl_diff_max:0.024208784103393555 - rollout_corr/log_ppl_diff_min:-0.0046880245208740234 - rollout_corr/ppl_ratio:1.0050204992294312 - rollout_corr/chi2_token:0.006407737731933594 - rollout_corr/chi2_seq:-0.09652328491210938 - actor/pg_clipfrac:np.float64(0.0) - actor/ppo_kl:np.float64(0.0) - actor/pg_clipfrac_lower:np.float64(0.0) - actor/pg_loss:np.float64(-0.03287840662233066) - actor/kl_loss:np.float64(0.03255817212630063) - actor/kl_coef:np.float64(0.0010000000000000002) - actor/loss:np.float64(-0.032845839858055115) - actor/grad_norm:np.float64(0.09730540215969086) - actor/lr:np.float64(1e-05) - actor/perf/max_memory_allocated_gb:np.float64(38.832151889801025) - actor/perf/max_memory_reserved_gb:np.float64(41.337890625) - actor/perf/cpu_memory_used_gb:np.float64(113.53953552246094) - perf/mfu/actor:np.float64(0.3402291465870294) - training/global_step:183 - training/epoch:1 - critic/score/mean:1.5455012321472168 - critic/score/max:2.4000000953674316 - critic/score/min:0.0 - critic/rewards/mean:1.5455012321472168 - critic/rewards/max:2.4000000953674316 - critic/rewards/min:0.0 - critic/advantages/mean:0.03287838026881218 - critic/advantages/max:3.749969959259033 - critic/advantages/min:-3.068873167037964 - critic/returns/mean:0.03287838026881218 - critic/returns/max:3.749969959259033 - critic/returns/min:-3.068873167037964 - response_length/mean:3067.3515625 - response_length/max:3500.0 - response_length/min:114.0 - response_length/clip_ratio:0.0 - response_length_non_aborted/mean:3067.3515625 - response_length_non_aborted/max:3500.0 - response_length_non_aborted/min:114.0 - response_length_non_aborted/clip_ratio:0.0 - response/aborted_ratio:0.0 - prompt_length/mean:3950.375 - prompt_length/max:4143.0 - prompt_length/min:3627.0 - prompt_length/clip_ratio:0.0 - num_turns/min:np.int32(2) - num_turns/max:np.int32(4) - num_turns/mean:np.float64(3.984375) - timing_s/start_profile:5.5554904974997044e-05 - timing_s/agent_loop/num_preempted/min:np.int64(-1) - timing_s/agent_loop/num_preempted/max:np.int64(-1) - timing_s/agent_loop/num_preempted/mean:np.float64(-1.0) - timing_s/agent_loop/generate_sequences/min:np.float64(13.333037181990221) - timing_s/agent_loop/generate_sequences/max:np.float64(105.78318398096599) - timing_s/agent_loop/generate_sequences/mean:np.float64(94.27175186432578) - timing_s/agent_loop/tool_calls/min:np.float64(0.0) - timing_s/agent_loop/tool_calls/max:np.float64(0.8900790619663894) - timing_s/agent_loop/tool_calls/mean:np.float64(0.13814654636007617) - timing_s/agent_loop/compute_score/min:np.float64(0.20555677800439298) - timing_s/agent_loop/compute_score/max:np.float64(5.81326138204895) - timing_s/agent_loop/compute_score/mean:np.float64(1.7551144278877473) - timing_s/agent_loop/slowest/generate_sequences:np.float64(105.55870928091463) - timing_s/agent_loop/slowest/tool_calls:np.float64(0.11020584707148373) - timing_s/agent_loop/slowest/compute_score:np.float64(3.898296545026824) - timing_s/agent_loop/slowest/num_preempted:np.int64(-1) - timing_s/agent_loop/slowest/prompt_length:3934 - timing_s/agent_loop/slowest/response_length:3176 - timing_s/gen:135.5176305139903 - timing_s/reward:0.00036884506698697805 - timing_s/old_log_prob:148.71339571406133 - timing_s/ref:137.67703224497382 - timing_s/adv:0.15947289392352104 - timing_s/update_actor:314.9240958279697 - timing_s/update_weights:3.9657846980262548 - timing_s/dump_rollout_generations:0.3218577940715477 - timing_s/step:741.4346014910843 - timing_s/stop_profile:4.8362999223172665e-05 - timing_per_token_ms/adv:0.00017753356057430573 - timing_per_token_ms/update_actor:0.3505899633940053 - timing_per_token_ms/gen:0.34516144198601273 - timing_per_token_ms/ref:0.15326926816462977 - perf/total_num_tokens:898269 - perf/time_per_step:741.4346014910843 - perf/throughput:1211.5282968902573[36m(TaskRunner pid=3807184)[0m Training Progress:  77%|███████▋  | 184/239 [51:00<11:34:48, 757.98s/it]
[36m(TaskRunner pid=3807184)[0m Training Progress:  77%|███████▋  | 185/239 [1:03:23<11:17:24, 752.68s/it]

[36m(TaskRunner pid=3807184)[0m Dumped generations to /home/yw4636/agentic-tvg/results/grpo-v2/rollouts/184.jsonl
[36m(TaskRunner pid=3807184)[0m step:184 - global_seqlen/min:914560 - global_seqlen/max:914560 - global_seqlen/minmax_diff:0 - global_seqlen/balanced_min:914560 - global_seqlen/balanced_max:914560 - global_seqlen/mean:914560.0 - actor/entropy:0.8817295432090759 - perf/mfu/actor_infer:0.2977721165877788 - training/rollout_probs_diff_valid:1 - training/rollout_probs_diff_max:0.3741191327571869 - training/rollout_probs_diff_mean:0.011511782184243202 - training/rollout_probs_diff_std:0.01875542663037777 - training/rollout_actor_probs_pearson_corr:0.9981357455253601 - rollout_corr/training_ppl:2.4065825939178467 - rollout_corr/training_log_ppl:0.8652498722076416 - rollout_corr/kl:0.004230072256177664 - rollout_corr/k3_kl:0.004212033469229937 - rollout_corr/rollout_ppl:2.396219253540039 - rollout_corr/rollout_log_ppl:0.8609447479248047 - rollout_corr/log_ppl_diff:0.004305159207433462 - rollout_corr/log_ppl_abs_diff:0.005186520051211119 - rollout_corr/log_ppl_diff_max:0.025618910789489746 - rollout_corr/log_ppl_diff_min:-0.00573575496673584 - rollout_corr/ppl_ratio:1.0043271780014038 - rollout_corr/chi2_token:0.008558273315429688 - rollout_corr/chi2_seq:0.5368456840515137 - actor/pg_clipfrac:np.float64(0.0) - actor/ppo_kl:np.float64(0.0) - actor/pg_clipfrac_lower:np.float64(0.0) - actor/pg_loss:np.float64(-0.01021018868777901) - actor/kl_loss:np.float64(0.030880094738677144) - actor/kl_coef:np.float64(0.0010000000000000002) - actor/loss:np.float64(-0.010179318487644196) - actor/grad_norm:np.float64(0.09324176609516144) - actor/lr:np.float64(1e-05) - actor/perf/max_memory_allocated_gb:np.float64(38.832151889801025) - actor/perf/max_memory_reserved_gb:np.float64(41.513671875) - actor/perf/cpu_memory_used_gb:np.float64(130.30831909179688) - perf/mfu/actor:np.float64(0.3396747826710627) - training/global_step:184 - training/epoch:1 - critic/score/mean:1.2557722330093384 - critic/score/max:2.4335999488830566 - critic/score/min:0.5 - critic/rewards/mean:1.2557722330093384 - critic/rewards/max:2.4335999488830566 - critic/rewards/min:0.5 - critic/advantages/mean:0.010210176929831505 - critic/advantages/max:3.695023775100708 - critic/advantages/min:-3.576662063598633 - critic/returns/mean:0.010210176929831505 - critic/returns/max:3.695023775100708 - critic/returns/min:-3.576662063598633 - response_length/mean:3181.875 - response_length/max:3565.0 - response_length/min:2967.0 - response_length/clip_ratio:0.0 - response_length_non_aborted/mean:3181.875 - response_length_non_aborted/max:3565.0 - response_length_non_aborted/min:2967.0 - response_length_non_aborted/clip_ratio:0.0 - response/aborted_ratio:0.0 - prompt_length/mean:3963.125 - prompt_length/max:4130.0 - prompt_length/min:3933.0 - prompt_length/clip_ratio:0.0 - num_turns/min:np.int32(4) - num_turns/max:np.int32(4) - num_turns/mean:np.float64(4.0) - timing_s/start_profile:6.0153077356517315e-05 - timing_s/agent_loop/num_preempted/min:np.int64(-1) - timing_s/agent_loop/num_preempted/max:np.int64(-1) - timing_s/agent_loop/num_preempted/mean:np.float64(-1.0) - timing_s/agent_loop/generate_sequences/min:np.float64(66.75068617297802) - timing_s/agent_loop/generate_sequences/max:np.float64(113.48722580494359) - timing_s/agent_loop/generate_sequences/mean:np.float64(96.90506891315817) - timing_s/agent_loop/tool_calls/min:np.float64(0.06347455200739205) - timing_s/agent_loop/tool_calls/max:np.float64(0.7312976969406009) - timing_s/agent_loop/tool_calls/mean:np.float64(0.14592750448809966) - timing_s/agent_loop/compute_score/min:np.float64(0.3122878040885553) - timing_s/agent_loop/compute_score/max:np.float64(5.9635334549238905) - timing_s/agent_loop/compute_score/mean:np.float64(1.2664478896767832) - timing_s/agent_loop/slowest/generate_sequences:np.float64(113.48722580494359) - timing_s/agent_loop/slowest/tool_calls:np.float64(0.11310062592383474) - timing_s/agent_loop/slowest/compute_score:np.float64(1.7400527939898893) - timing_s/agent_loop/slowest/num_preempted:np.int64(-1) - timing_s/agent_loop/slowest/prompt_length:3941 - timing_s/agent_loop/slowest/response_length:3321 - timing_s/gen:137.71041584096383 - timing_s/reward:0.00037680298555642366 - timing_s/old_log_prob:148.7490433570929 - timing_s/ref:141.46391944610514 - timing_s/adv:0.16961028391961008 - timing_s/update_actor:321.6140680190874 - timing_s/update_weights:3.9520541889360175 - timing_s/dump_rollout_generations:0.3274528920883313 - timing_s/step:754.1408297090093 - timing_s/stop_profile:4.58109425380826e-05 - timing_per_token_ms/adv:0.00018545561135366743 - timing_per_token_ms/update_actor:0.35165988892919814 - timing_per_token_ms/gen:0.33812221528423647 - timing_per_token_ms/ref:0.15467975796678746 - perf/total_num_tokens:914560 - perf/time_per_step:754.1408297090093 - perf/throughput:1212.7177895312864
[36m(TaskRunner pid=3807184)[0m Dumped generations to /home/yw4636/agentic-tvg/results/grpo-v2/rollouts/185.jsonl
[36m(TaskRunner pid=3807184)[0m step:185 - global_seqlen/min:911956 - global_seqlen/max:911956 - global_seqlen/minmax_diff:0 - global_seqlen/balanced_min:911956 - global_seqlen/balanced_max:911956 - global_seqlen/mean:911956.0 - actor/entropy:0.8335683345794678 - perf/mfu/actor_infer:0.2984965520646325 - training/rollout_probs_diff_valid:1 - training/rollout_probs_diff_max:0.36265701055526733 - training/rollout_probs_diff_mean:0.011063352227210999 - training/rollout_probs_diff_std:0.018322603777050972 - training/rollout_actor_probs_pearson_corr:0.9982032179832458 - rollout_corr/training_ppl:2.299271583557129 - rollout_corr/training_log_ppl:0.8219432830810547 - rollout_corr/kl:0.0039144884794950485 - rollout_corr/k3_kl:0.003719090251252055 - rollout_corr/rollout_ppl:2.290285110473633 - rollout_corr/rollout_log_ppl:0.8182035088539124 - rollout_corr/log_ppl_diff:0.0037397725973278284 - rollout_corr/log_ppl_abs_diff:0.004621109459549189 - rollout_corr/log_ppl_diff_max:0.01873260736465454 - rollout_corr/log_ppl_diff_min:-0.006528794765472412 - rollout_corr/ppl_ratio:1.0037580728530884 - rollout_corr/chi2_token:0.007379412651062012 - rollout_corr/chi2_seq:0.5369217395782471 - actor/pg_clipfrac:np.float64(0.0) - actor/ppo_kl:np.float64(0.0) - actor/pg_clipfrac_lower:np.float64(0.0) - actor/pg_loss:np.float64(-0.01603591546881944) - actor/kl_loss:np.float64(0.032249307027086616) - actor/kl_coef:np.float64(0.0010000000000000002) - actor/loss:np.float64(-0.016003675758838654) - actor/grad_norm:np.float64(0.09013213962316513) - actor/lr:np.float64(1e-05) - actor/perf/max_memory_allocated_gb:np.float64(38.832151889801025) - actor/perf/max_memory_reserved_gb:np.float64(41.708984375) - actor/perf/cpu_memory_used_gb:np.float64(97.94239807128906) - perf/mfu/actor:np.float64(0.3400113789096248) - training/global_step:185 - training/epoch:1 - critic/score/mean:1.0730502605438232 - critic/score/max:2.409090995788574 - critic/score/min:0.5 - critic/rewards/mean:1.0730502605438232 - critic/rewards/max:2.409090995788574 - critic/rewards/min:0.5 - critic/advantages/mean:0.016035908833146095 - critic/advantages/max:2.6161508560180664 - critic/advantages/min:-2.21262526512146 - critic/returns/mean:0.016035908833146095 - critic/returns/max:2.6161508560180664 - critic/returns/min:-2.21262526512146 - response_length/mean:3154.90625 - response_length/max:3427.0 - response_length/min:2930.0 - response_length/clip_ratio:0.0 - response_length_non_aborted/mean:3154.90625 - response_length_non_aborted/max:3427.0 - response_length_non_aborted/min:2930.0 - response_length_non_aborted/clip_ratio:0.0 - response/aborted_ratio:0.0 - prompt_length/mean:3969.75 - prompt_length/max:4150.0 - prompt_length/min:3934.0 - prompt_length/clip_ratio:0.0 - num_turns/min:np.int32(4) - num_turns/max:np.int32(4) - num_turns/mean:np.float64(4.0) - timing_s/start_profile:5.852000322192907e-05 - timing_s/agent_loop/num_preempted/min:np.int64(-1) - timing_s/agent_loop/num_preempted/max:np.int64(-1) - timing_s/agent_loop/num_preempted/mean:np.float64(-1.0) - timing_s/agent_loop/generate_sequences/min:np.float64(66.6621402669698) - timing_s/agent_loop/generate_sequences/max:np.float64(107.5671146819368) - timing_s/agent_loop/generate_sequences/mean:np.float64(94.55965229927642) - timing_s/agent_loop/tool_calls/min:np.float64(0.07744294195435941) - timing_s/agent_loop/tool_calls/max:np.float64(2.0747957030544057) - timing_s/agent_loop/tool_calls/mean:np.float64(0.16337378991283913) - timing_s/agent_loop/compute_score/min:np.float64(0.3150552479783073) - timing_s/agent_loop/compute_score/max:np.float64(4.996830054093152) - timing_s/agent_loop/compute_score/mean:np.float64(1.2673050245803097) - timing_s/agent_loop/slowest/generate_sequences:np.float64(107.5671146819368) - timing_s/agent_loop/slowest/tool_calls:np.float64(0.1326082400046289) - timing_s/agent_loop/slowest/compute_score:np.float64(1.9115934480214491) - timing_s/agent_loop/slowest/num_preempted:np.int64(-1) - timing_s/agent_loop/slowest/prompt_length:3959 - timing_s/agent_loop/slowest/response_length:3289 - timing_s/gen:137.55037404305767 - timing_s/reward:0.000406575039960444 - timing_s/old_log_prob:141.6678528029006 - timing_s/ref:144.33563346404117 - timing_s/adv:0.17011522001121193 - timing_s/update_actor:315.06901315099094 - timing_s/update_weights:3.9561428889865056 - timing_s/dump_rollout_generations:0.3143184310756624 - timing_s/step:743.2339415699244 - timing_s/stop_profile:4.738406278192997e-05 - timing_per_token_ms/adv:0.00018653884618469743 - timing_per_token_ms/update_actor:0.34548707739297835 - timing_per_token_ms/gen:0.3406162377127333 - timing_per_token_ms/ref:0.15827039184351127 - perf/total_num_tokens:911956 - perf/time_per_step:743.2339415699244 - perf/throughput:1227.0107014672742[36m(TaskRunner pid=3807184)[0m Training Progress:  78%|███████▊  | 186/239 [1:15:25<10:55:38, 742.23s/it]
[36m(TaskRunner pid=3807184)[0m Training Progress:  78%|███████▊  | 187/239 [1:27:22<10:36:07, 733.99s/it]

[36m(TaskRunner pid=3807184)[0m Dumped generations to /home/yw4636/agentic-tvg/results/grpo-v2/rollouts/186.jsonl
[36m(TaskRunner pid=3807184)[0m step:186 - global_seqlen/min:913364 - global_seqlen/max:913364 - global_seqlen/minmax_diff:0 - global_seqlen/balanced_min:913364 - global_seqlen/balanced_max:913364 - global_seqlen/mean:913364.0 - actor/entropy:0.8388468623161316 - perf/mfu/actor_infer:0.297655197251405 - training/rollout_probs_diff_valid:1 - training/rollout_probs_diff_max:0.32762911915779114 - training/rollout_probs_diff_mean:0.011438143439590931 - training/rollout_probs_diff_std:0.018806688487529755 - training/rollout_actor_probs_pearson_corr:0.9981015920639038 - rollout_corr/training_ppl:2.321394920349121 - rollout_corr/training_log_ppl:0.8285777568817139 - rollout_corr/kl:0.004232653882354498 - rollout_corr/k3_kl:0.003861667588353157 - rollout_corr/rollout_ppl:2.311495065689087 - rollout_corr/rollout_log_ppl:0.8243263363838196 - rollout_corr/log_ppl_diff:0.004251302219927311 - rollout_corr/log_ppl_abs_diff:0.005250617396086454 - rollout_corr/log_ppl_diff_max:0.017049670219421387 - rollout_corr/log_ppl_diff_min:-0.006696045398712158 - rollout_corr/ppl_ratio:1.0042734146118164 - rollout_corr/chi2_token:0.007331132888793945 - rollout_corr/chi2_seq:2.1803336143493652 - actor/pg_clipfrac:np.float64(0.0) - actor/ppo_kl:np.float64(0.0) - actor/pg_clipfrac_lower:np.float64(0.0) - actor/pg_loss:np.float64(0.0022899926407262683) - actor/kl_loss:np.float64(0.03519714483991265) - actor/kl_coef:np.float64(0.0010000000000000002) - actor/loss:np.float64(0.00232518557459116) - actor/grad_norm:np.float64(0.09796816855669022) - actor/lr:np.float64(1e-05) - actor/perf/max_memory_allocated_gb:np.float64(38.832151889801025) - actor/perf/max_memory_reserved_gb:np.float64(41.708984375) - actor/perf/cpu_memory_used_gb:np.float64(98.49946212768555) - perf/mfu/actor:np.float64(0.33980211455239656) - training/global_step:186 - training/epoch:1 - critic/score/mean:1.4051939249038696 - critic/score/max:2.5 - critic/score/min:0.5 - critic/rewards/mean:1.4051939249038696 - critic/rewards/max:2.5 - critic/rewards/min:0.5 - critic/advantages/mean:-0.0022899929899722338 - critic/advantages/max:3.3891215324401855 - critic/advantages/min:-3.46700382232666 - critic/returns/mean:-0.0022899929899722338 - critic/returns/max:3.3891215324401855 - critic/returns/min:-3.46700382232666 - response_length/mean:3118.28125 - response_length/max:3329.0 - response_length/min:2931.0 - response_length/clip_ratio:0.0 - response_length_non_aborted/mean:3118.28125 - response_length_non_aborted/max:3329.0 - response_length_non_aborted/min:2931.0 - response_length_non_aborted/clip_ratio:0.0 - response/aborted_ratio:0.0 - prompt_length/mean:4017.375 - prompt_length/max:4151.0 - prompt_length/min:3933.0 - prompt_length/clip_ratio:0.0 - num_turns/min:np.int32(4) - num_turns/max:np.int32(4) - num_turns/mean:np.float64(4.0) - timing_s/start_profile:5.616503767669201e-05 - timing_s/agent_loop/num_preempted/min:np.int64(-1) - timing_s/agent_loop/num_preempted/max:np.int64(-1) - timing_s/agent_loop/num_preempted/mean:np.float64(-1.0) - timing_s/agent_loop/generate_sequences/min:np.float64(65.32623061793856) - timing_s/agent_loop/generate_sequences/max:np.float64(99.91609788802452) - timing_s/agent_loop/generate_sequences/mean:np.float64(87.2485380753069) - timing_s/agent_loop/tool_calls/min:np.float64(0.06895780400373042) - timing_s/agent_loop/tool_calls/max:np.float64(1.0061382650164887) - timing_s/agent_loop/tool_calls/mean:np.float64(0.1792398049901749) - timing_s/agent_loop/compute_score/min:np.float64(0.3212965689599514) - timing_s/agent_loop/compute_score/max:np.float64(7.900858841021545) - timing_s/agent_loop/compute_score/mean:np.float64(1.9845338101022207) - timing_s/agent_loop/slowest/generate_sequences:np.float64(97.14561669097748) - timing_s/agent_loop/slowest/tool_calls:np.float64(0.21473473601508886) - timing_s/agent_loop/slowest/compute_score:np.float64(4.794385424000211) - timing_s/agent_loop/slowest/num_preempted:np.int64(-1) - timing_s/agent_loop/slowest/prompt_length:3933 - timing_s/agent_loop/slowest/response_length:3282 - timing_s/gen:129.1316546750022 - timing_s/reward:0.0004130119923502207 - timing_s/old_log_prob:140.79566374607384 - timing_s/ref:131.70544658205472 - timing_s/adv:0.16881921899039298 - timing_s/update_actor:314.8542619800428 - timing_s/update_weights:3.99633845500648 - timing_s/dump_rollout_generations:0.32299440796487033 - timing_s/step:721.1553618620383 - timing_s/stop_profile:4.7700945287942886e-05 - timing_per_token_ms/adv:0.0001848323548885143 - timing_per_token_ms/update_actor:0.3447193692548018 - timing_per_token_ms/gen:0.32352471482437795 - timing_per_token_ms/ref:0.14419820201152522 - perf/total_num_tokens:913364 - perf/time_per_step:721.1553618620383 - perf/throughput:1266.5287513659678
[36m(TaskRunner pid=3807184)[0m Dumped generations to /home/yw4636/agentic-tvg/results/grpo-v2/rollouts/187.jsonl
[36m(TaskRunner pid=3807184)[0m step:187 - global_seqlen/min:901647 - global_seqlen/max:901647 - global_seqlen/minmax_diff:0 - global_seqlen/balanced_min:901647 - global_seqlen/balanced_max:901647 - global_seqlen/mean:901647.0 - actor/entropy:0.8495888710021973 - perf/mfu/actor_infer:0.29794682069749 - training/rollout_probs_diff_valid:1 - training/rollout_probs_diff_max:0.9431907534599304 - training/rollout_probs_diff_mean:0.011509464122354984 - training/rollout_probs_diff_std:0.021246816962957382 - training/rollout_actor_probs_pearson_corr:0.9977200031280518 - rollout_corr/training_ppl:2.319491386413574 - rollout_corr/training_log_ppl:0.8306471109390259 - rollout_corr/kl:0.005561442114412785 - rollout_corr/k3_kl:0.004430173896253109 - rollout_corr/rollout_ppl:2.30647349357605 - rollout_corr/rollout_log_ppl:0.8251171112060547 - rollout_corr/log_ppl_diff:0.005530013237148523 - rollout_corr/log_ppl_abs_diff:0.0064080930314958096 - rollout_corr/log_ppl_diff_max:0.0453801155090332 - rollout_corr/log_ppl_diff_min:-0.011378347873687744 - rollout_corr/ppl_ratio:1.0055688619613647 - rollout_corr/chi2_token:0.006456971168518066 - rollout_corr/chi2_seq:3.3695030212402344 - actor/pg_clipfrac:np.float64(0.0) - actor/ppo_kl:np.float64(0.0) - actor/pg_clipfrac_lower:np.float64(0.0) - actor/pg_loss:np.float64(-0.021732247492764145) - actor/kl_loss:np.float64(0.03344069642480463) - actor/kl_coef:np.float64(0.0010000000000000002) - actor/loss:np.float64(-0.021698806434869766) - actor/grad_norm:np.float64(0.09604648500680923) - actor/lr:np.float64(1e-05) - actor/perf/max_memory_allocated_gb:np.float64(38.832151889801025) - actor/perf/max_memory_reserved_gb:np.float64(41.708984375) - actor/perf/cpu_memory_used_gb:np.float64(97.72525787353516) - perf/mfu/actor:np.float64(0.3394487349999227) - training/global_step:187 - training/epoch:1 - critic/score/mean:1.354554533958435 - critic/score/max:2.3127341270446777 - critic/score/min:0.05263157933950424 - critic/rewards/mean:1.354554533958435 - critic/rewards/max:2.3127341270446777 - critic/rewards/min:0.05263157933950424 - critic/advantages/mean:0.021732250228524208 - critic/advantages/max:2.6927967071533203 - critic/advantages/min:-2.9899704456329346 - critic/returns/mean:0.021732250228524208 - critic/returns/max:2.6927967071533203 - critic/returns/min:-2.9899704456329346 - response_length/mean:3116.9921875 - response_length/max:3387.0 - response_length/min:2643.0 - response_length/clip_ratio:0.0 - response_length_non_aborted/mean:3116.9921875 - response_length_non_aborted/max:3387.0 - response_length_non_aborted/min:2643.0 - response_length_non_aborted/clip_ratio:0.0 - response/aborted_ratio:0.0 - prompt_length/mean:3927.125 - prompt_length/max:4130.0 - prompt_length/min:3624.0 - prompt_length/clip_ratio:0.0 - num_turns/min:np.int32(4) - num_turns/max:np.int32(4) - num_turns/mean:np.float64(4.0) - timing_s/start_profile:5.822500679641962e-05 - timing_s/agent_loop/num_preempted/min:np.int64(-1) - timing_s/agent_loop/num_preempted/max:np.int64(-1) - timing_s/agent_loop/num_preempted/mean:np.float64(-1.0) - timing_s/agent_loop/generate_sequences/min:np.float64(63.91577738698106) - timing_s/agent_loop/generate_sequences/max:np.float64(104.45712556911167) - timing_s/agent_loop/generate_sequences/mean:np.float64(89.28586666353294) - timing_s/agent_loop/tool_calls/min:np.float64(0.07400711392983794) - timing_s/agent_loop/tool_calls/max:np.float64(1.4826226560398936) - timing_s/agent_loop/tool_calls/mean:np.float64(0.16890550279185845) - timing_s/agent_loop/compute_score/min:np.float64(0.2841445980593562) - timing_s/agent_loop/compute_score/max:np.float64(5.928854610072449) - timing_s/agent_loop/compute_score/mean:np.float64(1.6679181254148716) - timing_s/agent_loop/slowest/generate_sequences:np.float64(104.45712556911167) - timing_s/agent_loop/slowest/tool_calls:np.float64(0.13174747803714126) - timing_s/agent_loop/slowest/compute_score:np.float64(1.8883277289569378) - timing_s/agent_loop/slowest/num_preempted:np.int64(-1) - timing_s/agent_loop/slowest/prompt_length:3933 - timing_s/agent_loop/slowest/response_length:3387 - timing_s/gen:130.19253734394442 - timing_s/reward:0.00046419398859143257 - timing_s/old_log_prob:139.28169825905934 - timing_s/ref:132.12612016499043 - timing_s/adv:0.16816037299577147 - timing_s/update_actor:310.74692489299923 - timing_s/update_weights:3.9718094379641116 - timing_s/dump_rollout_generations:0.32147528300993145 - timing_s/step:716.9648042900953 - timing_s/stop_profile:3.8613914512097836e-05 - timing_per_token_ms/adv:0.00018650355737419573 - timing_per_token_ms/update_actor:0.3446436630887689 - timing_per_token_ms/gen:0.3263175320357025 - timing_per_token_ms/ref:0.14653863448222024 - perf/total_num_tokens:901647 - perf/time_per_step:716.9648042900953 - perf/throughput:1257.5889285008464[36m(TaskRunner pid=3807184)[0m Training Progress:  79%|███████▊  | 188/239 [1:39:35<10:23:38, 733.70s/it]
[36m(TaskRunner pid=3807184)[0m Training Progress:  79%|███████▉  | 189/239 [1:51:38<10:08:33, 730.28s/it]

[36m(TaskRunner pid=3807184)[0m Dumped generations to /home/yw4636/agentic-tvg/results/grpo-v2/rollouts/188.jsonl
[36m(TaskRunner pid=3807184)[0m step:188 - global_seqlen/min:912288 - global_seqlen/max:912288 - global_seqlen/minmax_diff:0 - global_seqlen/balanced_min:912288 - global_seqlen/balanced_max:912288 - global_seqlen/mean:912288.0 - actor/entropy:0.8497991561889648 - perf/mfu/actor_infer:0.2983370105659944 - training/rollout_probs_diff_valid:1 - training/rollout_probs_diff_max:0.8466540575027466 - training/rollout_probs_diff_mean:0.010781033895909786 - training/rollout_probs_diff_std:0.01889253780245781 - training/rollout_actor_probs_pearson_corr:0.9981562495231628 - rollout_corr/training_ppl:2.3560879230499268 - rollout_corr/training_log_ppl:0.842776894569397 - rollout_corr/kl:0.003600016003474593 - rollout_corr/k3_kl:0.004005797207355499 - rollout_corr/rollout_ppl:2.34729266166687 - rollout_corr/rollout_log_ppl:0.8390894532203674 - rollout_corr/log_ppl_diff:0.003687420627102256 - rollout_corr/log_ppl_abs_diff:0.004981690086424351 - rollout_corr/log_ppl_diff_max:0.024281024932861328 - rollout_corr/log_ppl_diff_min:-0.00845569372177124 - rollout_corr/ppl_ratio:1.0037091970443726 - rollout_corr/chi2_token:0.009358048439025879 - rollout_corr/chi2_seq:7.334522247314453 - actor/pg_clipfrac:np.float64(0.0) - actor/ppo_kl:np.float64(0.0) - actor/pg_clipfrac_lower:np.float64(0.0) - actor/pg_loss:np.float64(0.013657879433594644) - actor/kl_loss:np.float64(0.032457260647788644) - actor/kl_coef:np.float64(0.0010000000000000002) - actor/loss:np.float64(0.01369033195078373) - actor/grad_norm:np.float64(0.09555590152740479) - actor/lr:np.float64(1e-05) - actor/perf/max_memory_allocated_gb:np.float64(38.832151889801025) - actor/perf/max_memory_reserved_gb:np.float64(41.708984375) - actor/perf/cpu_memory_used_gb:np.float64(98.30131912231445) - perf/mfu/actor:np.float64(0.3401329971696166) - training/global_step:188 - training/epoch:1 - critic/score/mean:1.4123252630233765 - critic/score/max:2.4774436950683594 - critic/score/min:0.2383333295583725 - critic/rewards/mean:1.4123252630233765 - critic/rewards/max:2.4774436950683594 - critic/rewards/min:0.2383333295583725 - critic/advantages/mean:-0.013657879084348679 - critic/advantages/max:3.541635513305664 - critic/advantages/min:-3.427550792694092 - critic/returns/mean:-0.013657879084348679 - critic/returns/max:3.541635513305664 - critic/returns/min:-3.427550792694092 - response_length/mean:3160.625 - response_length/max:3461.0 - response_length/min:2900.0 - response_length/clip_ratio:0.0 - response_length_non_aborted/mean:3160.625 - response_length_non_aborted/max:3461.0 - response_length_non_aborted/min:2900.0 - response_length_non_aborted/clip_ratio:0.0 - response/aborted_ratio:0.0 - prompt_length/mean:3966.625 - prompt_length/max:4146.0 - prompt_length/min:3738.0 - prompt_length/clip_ratio:0.0 - num_turns/min:np.int32(4) - num_turns/max:np.int32(4) - num_turns/mean:np.float64(4.0) - timing_s/start_profile:5.546794272959232e-05 - timing_s/agent_loop/num_preempted/min:np.int64(-1) - timing_s/agent_loop/num_preempted/max:np.int64(-1) - timing_s/agent_loop/num_preempted/mean:np.float64(-1.0) - timing_s/agent_loop/generate_sequences/min:np.float64(67.6494440670358) - timing_s/agent_loop/generate_sequences/max:np.float64(110.04992553801276) - timing_s/agent_loop/generate_sequences/mean:np.float64(95.03753142069127) - timing_s/agent_loop/tool_calls/min:np.float64(0.06862428807653487) - timing_s/agent_loop/tool_calls/max:np.float64(0.5588670700090006) - timing_s/agent_loop/tool_calls/mean:np.float64(0.13850359894331632) - timing_s/agent_loop/compute_score/min:np.float64(0.31562519003637135) - timing_s/agent_loop/compute_score/max:np.float64(5.0137872559716925) - timing_s/agent_loop/compute_score/mean:np.float64(1.4941062669131497) - timing_s/agent_loop/slowest/generate_sequences:np.float64(110.04992553801276) - timing_s/agent_loop/slowest/tool_calls:np.float64(0.09751326905097812) - timing_s/agent_loop/slowest/compute_score:np.float64(1.6537400030065328) - timing_s/agent_loop/slowest/num_preempted:np.int64(-1) - timing_s/agent_loop/slowest/prompt_length:3942 - timing_s/agent_loop/slowest/response_length:3411 - timing_s/gen:138.7774363938952 - timing_s/reward:0.00036598299629986286 - timing_s/old_log_prob:141.36661698902026 - timing_s/ref:132.56873587006703 - timing_s/adv:0.16573255497496575 - timing_s/update_actor:314.9609798019519 - timing_s/update_weights:3.9712754419306293 - timing_s/dump_rollout_generations:0.3180974790593609 - timing_s/step:732.2843908830546 - timing_s/stop_profile:4.523899406194687e-05 - timing_per_token_ms/adv:0.0001816669242333186 - timing_per_token_ms/update_actor:0.3452429274548738 - timing_per_token_ms/gen:0.3430330146180917 - timing_per_token_ms/ref:0.14531456718718982 - perf/total_num_tokens:912288 - perf/time_per_step:732.2843908830546 - perf/throughput:1245.8110692484936
[36m(TaskRunner pid=3807184)[0m Dumped generations to /home/yw4636/agentic-tvg/results/grpo-v2/rollouts/189.jsonl
[36m(TaskRunner pid=3807184)[0m step:189 - global_seqlen/min:913011 - global_seqlen/max:913011 - global_seqlen/minmax_diff:0 - global_seqlen/balanced_min:913011 - global_seqlen/balanced_max:913011 - global_seqlen/mean:913011.0 - actor/entropy:0.8286863565444946 - perf/mfu/actor_infer:0.29955551498248884 - training/rollout_probs_diff_valid:1 - training/rollout_probs_diff_max:0.32451295852661133 - training/rollout_probs_diff_mean:0.011464029550552368 - training/rollout_probs_diff_std:0.018839670345187187 - training/rollout_actor_probs_pearson_corr:0.9980765581130981 - rollout_corr/training_ppl:2.2748029232025146 - rollout_corr/training_log_ppl:0.8108730912208557 - rollout_corr/kl:0.003945496398955584 - rollout_corr/k3_kl:0.0036571251694113016 - rollout_corr/rollout_ppl:2.265683889389038 - rollout_corr/rollout_log_ppl:0.8068919777870178 - rollout_corr/log_ppl_diff:0.003981160931289196 - rollout_corr/log_ppl_abs_diff:0.005000913515686989 - rollout_corr/log_ppl_diff_max:0.016048073768615723 - rollout_corr/log_ppl_diff_min:-0.008934497833251953 - rollout_corr/ppl_ratio:1.0040005445480347 - rollout_corr/chi2_token:0.0068318843841552734 - rollout_corr/chi2_seq:3.421886920928955 - actor/pg_clipfrac:np.float64(0.0) - actor/ppo_kl:np.float64(0.0) - actor/pg_clipfrac_lower:np.float64(0.0) - actor/pg_loss:np.float64(-0.0021143166231922805) - actor/kl_loss:np.float64(0.03556697926251218) - actor/kl_coef:np.float64(0.0010000000000000002) - actor/loss:np.float64(-0.0020787417888641357) - actor/grad_norm:np.float64(0.10981129854917526) - actor/lr:np.float64(1e-05) - actor/perf/max_memory_allocated_gb:np.float64(38.832151889801025) - actor/perf/max_memory_reserved_gb:np.float64(41.708984375) - actor/perf/cpu_memory_used_gb:np.float64(98.82947540283203) - perf/mfu/actor:np.float64(0.3399567703221044) - training/global_step:189 - training/epoch:1 - critic/score/mean:1.5210862159729004 - critic/score/max:2.382352828979492 - critic/score/min:0.5 - critic/rewards/mean:1.5210862159729004 - critic/rewards/max:2.382352828979492 - critic/rewards/min:0.5 - critic/advantages/mean:0.0021142989862710238 - critic/advantages/max:2.061898708343506 - critic/advantages/min:-2.643745183944702 - critic/returns/mean:0.0021142989862710238 - critic/returns/max:2.061898708343506 - critic/returns/min:-2.643745183944702 - response_length/mean:3115.1484375 - response_length/max:3448.0 - response_length/min:2923.0 - response_length/clip_ratio:0.0 - response_length_non_aborted/mean:3115.1484375 - response_length_non_aborted/max:3448.0 - response_length_non_aborted/min:2923.0 - response_length_non_aborted/clip_ratio:0.0 - response/aborted_ratio:0.0 - prompt_length/mean:4017.75 - prompt_length/max:4147.0 - prompt_length/min:3922.0 - prompt_length/clip_ratio:0.0 - num_turns/min:np.int32(4) - num_turns/max:np.int32(4) - num_turns/mean:np.float64(4.0) - timing_s/start_profile:7.061799988150597e-05 - timing_s/agent_loop/num_preempted/min:np.int64(-1) - timing_s/agent_loop/num_preempted/max:np.int64(-1) - timing_s/agent_loop/num_preempted/mean:np.float64(-1.0) - timing_s/agent_loop/generate_sequences/min:np.float64(63.3476387609262) - timing_s/agent_loop/generate_sequences/max:np.float64(97.7598395299865) - timing_s/agent_loop/generate_sequences/mean:np.float64(86.91733000369732) - timing_s/agent_loop/tool_calls/min:np.float64(0.06534333399031311) - timing_s/agent_loop/tool_calls/max:np.float64(2.8828049880685285) - timing_s/agent_loop/tool_calls/mean:np.float64(0.2877656868822669) - timing_s/agent_loop/compute_score/min:np.float64(0.3205064239446074) - timing_s/agent_loop/compute_score/max:np.float64(10.551080093951896) - timing_s/agent_loop/compute_score/mean:np.float64(2.2115924396593982) - timing_s/agent_loop/slowest/generate_sequences:np.float64(97.7598395299865) - timing_s/agent_loop/slowest/tool_calls:np.float64(0.14930488099344075) - timing_s/agent_loop/slowest/compute_score:np.float64(6.985854824073613) - timing_s/agent_loop/slowest/num_preempted:np.int64(-1) - timing_s/agent_loop/slowest/prompt_length:4147 - timing_s/agent_loop/slowest/response_length:3057 - timing_s/gen:129.50295108603314 - timing_s/reward:0.00037616200279444456 - timing_s/old_log_prob:140.3136158749694 - timing_s/ref:132.29264452704228 - timing_s/adv:0.17734997905790806 - timing_s/update_actor:315.16440463101026 - timing_s/update_weights:3.9914399209665135 - timing_s/dump_rollout_generations:0.32281302800402045 - timing_s/step:721.9397479989566 - timing_s/stop_profile:4.7735986299812794e-05 - timing_per_token_ms/adv:0.00019424736291009424 - timing_per_token_ms/update_actor:0.3451923411996244 - timing_per_token_ms/gen:0.32478125060762336 - timing_per_token_ms/ref:0.14489709820258714 - perf/total_num_tokens:913011 - perf/time_per_step:721.9397479989566 - perf/throughput:1264.6637098603408[36m(TaskRunner pid=3807184)[0m Training Progress:  79%|███████▉  | 190/239 [2:03:59<9:58:54, 733.36s/it] 
[36m(TaskRunner pid=3807184)[0m Training Progress:  80%|███████▉  | 191/239 [2:16:12<9:46:41, 733.37s/it]

[36m(TaskRunner pid=3807184)[0m Dumped generations to /home/yw4636/agentic-tvg/results/grpo-v2/rollouts/190.jsonl
[36m(TaskRunner pid=3807184)[0m step:190 - global_seqlen/min:920315 - global_seqlen/max:920315 - global_seqlen/minmax_diff:0 - global_seqlen/balanced_min:920315 - global_seqlen/balanced_max:920315 - global_seqlen/mean:920315.0 - actor/entropy:0.8083266019821167 - perf/mfu/actor_infer:0.29833885455954035 - training/rollout_probs_diff_valid:1 - training/rollout_probs_diff_max:0.40638357400894165 - training/rollout_probs_diff_mean:0.011214147321879864 - training/rollout_probs_diff_std:0.018859781324863434 - training/rollout_actor_probs_pearson_corr:0.9980882406234741 - rollout_corr/training_ppl:2.2514808177948 - rollout_corr/training_log_ppl:0.7996886372566223 - rollout_corr/kl:0.003883012803271413 - rollout_corr/k3_kl:0.003793103154748678 - rollout_corr/rollout_ppl:2.242352247238159 - rollout_corr/rollout_log_ppl:0.795527994632721 - rollout_corr/log_ppl_diff:0.004160634707659483 - rollout_corr/log_ppl_abs_diff:0.004903689492493868 - rollout_corr/log_ppl_diff_max:0.022072136402130127 - rollout_corr/log_ppl_diff_min:-0.006593585014343262 - rollout_corr/ppl_ratio:1.0041817426681519 - rollout_corr/chi2_token:0.007380127906799316 - rollout_corr/chi2_seq:3.4136838912963867 - actor/pg_clipfrac:np.float64(0.0) - actor/ppo_kl:np.float64(0.0) - actor/pg_clipfrac_lower:np.float64(0.0) - actor/pg_loss:np.float64(-0.022109259731223574) - actor/kl_loss:np.float64(0.03325184161076322) - actor/kl_coef:np.float64(0.0010000000000000002) - actor/loss:np.float64(-0.022076012566685677) - actor/grad_norm:np.float64(0.0919935554265976) - actor/lr:np.float64(1e-05) - actor/perf/max_memory_allocated_gb:np.float64(38.93754053115845) - actor/perf/max_memory_reserved_gb:np.float64(41.708984375) - actor/perf/cpu_memory_used_gb:np.float64(99.0295524597168) - perf/mfu/actor:np.float64(0.3382076155289253) - training/global_step:190 - training/epoch:1 - critic/score/mean:1.46335768699646 - critic/score/max:2.5 - critic/score/min:0.5 - critic/rewards/mean:1.46335768699646 - critic/rewards/max:2.5 - critic/rewards/min:0.5 - critic/advantages/mean:0.022109255194664 - critic/advantages/max:2.4690427780151367 - critic/advantages/min:-2.1624481678009033 - critic/returns/mean:0.022109255194664 - critic/returns/max:2.4690427780151367 - critic/returns/min:-2.1624481678009033 - response_length/mean:3128.3359375 - response_length/max:3389.0 - response_length/min:2899.0 - response_length/clip_ratio:0.0 - response_length_non_aborted/mean:3128.3359375 - response_length_non_aborted/max:3389.0 - response_length_non_aborted/min:2899.0 - response_length_non_aborted/clip_ratio:0.0 - response/aborted_ratio:0.0 - prompt_length/mean:4061.625 - prompt_length/max:4141.0 - prompt_length/min:3932.0 - prompt_length/clip_ratio:0.0 - num_turns/min:np.int32(4) - num_turns/max:np.int32(4) - num_turns/mean:np.float64(4.0) - timing_s/start_profile:7.826706860214472e-05 - timing_s/agent_loop/num_preempted/min:np.int64(-1) - timing_s/agent_loop/num_preempted/max:np.int64(-1) - timing_s/agent_loop/num_preempted/mean:np.float64(-1.0) - timing_s/agent_loop/generate_sequences/min:np.float64(62.83152557106223) - timing_s/agent_loop/generate_sequences/max:np.float64(110.51530630292837) - timing_s/agent_loop/generate_sequences/mean:np.float64(96.29686455413594) - timing_s/agent_loop/tool_calls/min:np.float64(0.06547347200103104) - timing_s/agent_loop/tool_calls/max:np.float64(0.6905793979531154) - timing_s/agent_loop/tool_calls/mean:np.float64(0.13554116911018355) - timing_s/agent_loop/compute_score/min:np.float64(0.31650726695079356) - timing_s/agent_loop/compute_score/max:np.float64(5.088538684998639) - timing_s/agent_loop/compute_score/mean:np.float64(1.754651420029404) - timing_s/agent_loop/slowest/generate_sequences:np.float64(110.51530630292837) - timing_s/agent_loop/slowest/tool_calls:np.float64(0.10886743606533855) - timing_s/agent_loop/slowest/compute_score:np.float64(1.8101336089894176) - timing_s/agent_loop/slowest/num_preempted:np.int64(-1) - timing_s/agent_loop/slowest/prompt_length:3959 - timing_s/agent_loop/slowest/response_length:3282 - timing_s/gen:140.11427002295386 - timing_s/reward:0.0004508059937506914 - timing_s/old_log_prob:140.68532862793654 - timing_s/ref:131.69603599701077 - timing_s/adv:0.1583343610400334 - timing_s/update_actor:323.03548718697857 - timing_s/update_weights:4.014585926895961 - timing_s/dump_rollout_generations:0.3203981739934534 - timing_s/step:740.194412620971 - timing_s/stop_profile:4.7020032070577145e-05 - timing_per_token_ms/adv:0.0001720436600946778 - timing_per_token_ms/update_actor:0.35100534837200154 - timing_per_token_ms/gen:0.34991214384383135 - timing_per_token_ms/ref:0.14309886940559566 - perf/total_num_tokens:920315 - perf/time_per_step:740.194412620971 - perf/throughput:1243.342268338984
[36m(TaskRunner pid=3807184)[0m Dumped generations to /home/yw4636/agentic-tvg/results/grpo-v2/rollouts/191.jsonl
[36m(TaskRunner pid=3807184)[0m step:191 - global_seqlen/min:911293 - global_seqlen/max:911293 - global_seqlen/minmax_diff:0 - global_seqlen/balanced_min:911293 - global_seqlen/balanced_max:911293 - global_seqlen/mean:911293.0 - actor/entropy:0.8115766644477844 - perf/mfu/actor_infer:0.2976869075966388 - training/rollout_probs_diff_valid:1 - training/rollout_probs_diff_max:0.39342600107192993 - training/rollout_probs_diff_mean:0.011074437759816647 - training/rollout_probs_diff_std:0.018019333481788635 - training/rollout_actor_probs_pearson_corr:0.9982067346572876 - rollout_corr/training_ppl:2.2472457885742188 - rollout_corr/training_log_ppl:0.7996703386306763 - rollout_corr/kl:0.0032370758708566427 - rollout_corr/k3_kl:0.0033453600481152534 - rollout_corr/rollout_ppl:2.240004062652588 - rollout_corr/rollout_log_ppl:0.7964293360710144 - rollout_corr/log_ppl_diff:0.0032409157138317823 - rollout_corr/log_ppl_abs_diff:0.004932862240821123 - rollout_corr/log_ppl_diff_max:0.026411890983581543 - rollout_corr/log_ppl_diff_min:-0.009366512298583984 - rollout_corr/ppl_ratio:1.0032620429992676 - rollout_corr/chi2_token:0.006939888000488281 - rollout_corr/chi2_seq:4.54241943359375 - actor/pg_clipfrac:np.float64(0.0) - actor/ppo_kl:np.float64(0.0) - actor/pg_clipfrac_lower:np.float64(0.0) - actor/pg_loss:np.float64(0.05487413352238946) - actor/kl_loss:np.float64(0.036381761892698705) - actor/kl_coef:np.float64(0.0010000000000000002) - actor/loss:np.float64(0.054910507053136826) - actor/grad_norm:np.float64(0.10520419478416443) - actor/lr:np.float64(1e-05) - actor/perf/max_memory_allocated_gb:np.float64(38.93754053115845) - actor/perf/max_memory_reserved_gb:np.float64(41.708984375) - actor/perf/cpu_memory_used_gb:np.float64(99.04450988769531) - perf/mfu/actor:np.float64(0.340323688380233) - training/global_step:191 - training/epoch:1 - critic/score/mean:1.5364549160003662 - critic/score/max:2.423076868057251 - critic/score/min:0.5 - critic/rewards/mean:1.5364549160003662 - critic/rewards/max:2.423076868057251 - critic/rewards/min:0.5 - critic/advantages/mean:-0.05487412214279175 - critic/advantages/max:2.8957996368408203 - critic/advantages/min:-3.1951754093170166 - critic/returns/mean:-0.05487412214279175 - critic/returns/max:2.8957996368408203 - critic/returns/min:-3.1951754093170166 - response_length/mean:3154.4765625 - response_length/max:3360.0 - response_length/min:2972.0 - response_length/clip_ratio:0.0 - response_length_non_aborted/mean:3154.4765625 - response_length_non_aborted/max:3360.0 - response_length_non_aborted/min:2972.0 - response_length_non_aborted/clip_ratio:0.0 - response/aborted_ratio:0.0 - prompt_length/mean:3965.0 - prompt_length/max:4142.0 - prompt_length/min:3930.0 - prompt_length/clip_ratio:0.0 - num_turns/min:np.int32(4) - num_turns/max:np.int32(4) - num_turns/mean:np.float64(4.0) - timing_s/start_profile:5.352206062525511e-05 - timing_s/agent_loop/num_preempted/min:np.int64(-1) - timing_s/agent_loop/num_preempted/max:np.int64(-1) - timing_s/agent_loop/num_preempted/mean:np.float64(-1.0) - timing_s/agent_loop/generate_sequences/min:np.float64(63.24632348702289) - timing_s/agent_loop/generate_sequences/max:np.float64(107.8881165520288) - timing_s/agent_loop/generate_sequences/mean:np.float64(94.39923467142671) - timing_s/agent_loop/tool_calls/min:np.float64(0.07633055094629526) - timing_s/agent_loop/tool_calls/max:np.float64(0.8110170878935605) - timing_s/agent_loop/tool_calls/mean:np.float64(0.150105045347118) - timing_s/agent_loop/compute_score/min:np.float64(0.31173558498267084) - timing_s/agent_loop/compute_score/max:np.float64(4.768529213964939) - timing_s/agent_loop/compute_score/mean:np.float64(1.3994708696236557) - timing_s/agent_loop/slowest/generate_sequences:np.float64(106.18990526907146) - timing_s/agent_loop/slowest/tool_calls:np.float64(0.2872573180356994) - timing_s/agent_loop/slowest/compute_score:np.float64(4.768529213964939) - timing_s/agent_loop/slowest/num_preempted:np.int64(-1) - timing_s/agent_loop/slowest/prompt_length:3947 - timing_s/agent_loop/slowest/response_length:3233 - timing_s/gen:135.32395894394722 - timing_s/reward:0.0003825260791927576 - timing_s/old_log_prob:141.66026047500782 - timing_s/ref:134.26797261205502 - timing_s/adv:0.1675328790443018 - timing_s/update_actor:316.7038715509698 - timing_s/update_weights:4.003039986011572 - timing_s/dump_rollout_generations:0.31751750700641423 - timing_s/step:732.6167030329816 - timing_s/stop_profile:4.697893746197224e-05 - timing_per_token_ms/adv:0.00018384084925957052 - timing_per_token_ms/update_actor:0.34753243089870084 - timing_per_token_ms/gen:0.3351486081138343 - timing_per_token_ms/ref:0.1473378733426626 - perf/total_num_tokens:911293 - perf/time_per_step:732.6167030329816 - perf/throughput:1243.8878286931094[36m(TaskRunner pid=3807184)[0m Training Progress:  80%|████████  | 192/239 [2:28:25<9:34:20, 733.20s/it]
[36m(TaskRunner pid=3807184)[0m Training Progress:  81%|████████  | 193/239 [2:40:52<9:25:25, 737.51s/it]

[36m(TaskRunner pid=3807184)[0m Dumped generations to /home/yw4636/agentic-tvg/results/grpo-v2/rollouts/192.jsonl
[36m(TaskRunner pid=3807184)[0m step:192 - global_seqlen/min:914214 - global_seqlen/max:914214 - global_seqlen/minmax_diff:0 - global_seqlen/balanced_min:914214 - global_seqlen/balanced_max:914214 - global_seqlen/mean:914214.0 - actor/entropy:0.8276155591011047 - perf/mfu/actor_infer:0.29723711924027313 - training/rollout_probs_diff_valid:1 - training/rollout_probs_diff_max:0.397739052772522 - training/rollout_probs_diff_mean:0.011343514546751976 - training/rollout_probs_diff_std:0.018822727724909782 - training/rollout_actor_probs_pearson_corr:0.9980942606925964 - rollout_corr/training_ppl:2.289151430130005 - rollout_corr/training_log_ppl:0.815445065498352 - rollout_corr/kl:0.00384944467805326 - rollout_corr/k3_kl:0.003989658784121275 - rollout_corr/rollout_ppl:2.280350685119629 - rollout_corr/rollout_log_ppl:0.8117657899856567 - rollout_corr/log_ppl_diff:0.003679255722090602 - rollout_corr/log_ppl_abs_diff:0.005049616564065218 - rollout_corr/log_ppl_diff_max:0.02481210231781006 - rollout_corr/log_ppl_diff_min:-0.007021129131317139 - rollout_corr/ppl_ratio:1.0036993026733398 - rollout_corr/chi2_token:0.008537530899047852 - rollout_corr/chi2_seq:3.5259361267089844 - actor/pg_clipfrac:np.float64(0.0) - actor/ppo_kl:np.float64(0.0) - actor/pg_clipfrac_lower:np.float64(0.0) - actor/pg_loss:np.float64(0.014945959759643301) - actor/kl_loss:np.float64(0.037556313269305974) - actor/kl_coef:np.float64(0.0010000000000000002) - actor/loss:np.float64(0.014983519911766052) - actor/grad_norm:np.float64(0.08532724529504776) - actor/lr:np.float64(1e-05) - actor/perf/max_memory_allocated_gb:np.float64(38.93754053115845) - actor/perf/max_memory_reserved_gb:np.float64(41.708984375) - actor/perf/cpu_memory_used_gb:np.float64(115.55351257324219) - perf/mfu/actor:np.float64(0.3408885663677609) - training/global_step:192 - training/epoch:1 - critic/score/mean:1.259523868560791 - critic/score/max:2.369158983230591 - critic/score/min:0.5 - critic/rewards/mean:1.259523868560791 - critic/rewards/max:2.369158983230591 - critic/rewards/min:0.5 - critic/advantages/mean:-0.01494593359529972 - critic/advantages/max:2.5184566974639893 - critic/advantages/min:-3.0139904022216797 - critic/returns/mean:-0.01494593359529972 - critic/returns/max:2.5184566974639893 - critic/returns/min:-3.0139904022216797 - response_length/mean:3200.171875 - response_length/max:3730.0 - response_length/min:3012.0 - response_length/clip_ratio:0.0 - response_length_non_aborted/mean:3200.171875 - response_length_non_aborted/max:3730.0 - response_length_non_aborted/min:3012.0 - response_length_non_aborted/clip_ratio:0.0 - response/aborted_ratio:0.0 - prompt_length/mean:3942.125 - prompt_length/max:3948.0 - prompt_length/min:3932.0 - prompt_length/clip_ratio:0.0 - num_turns/min:np.int32(4) - num_turns/max:np.int32(4) - num_turns/mean:np.float64(4.0) - timing_s/start_profile:6.192806176841259e-05 - timing_s/agent_loop/num_preempted/min:np.int64(-1) - timing_s/agent_loop/num_preempted/max:np.int64(-1) - timing_s/agent_loop/num_preempted/mean:np.float64(-1.0) - timing_s/agent_loop/generate_sequences/min:np.float64(67.32212301506661) - timing_s/agent_loop/generate_sequences/max:np.float64(105.3387233359972) - timing_s/agent_loop/generate_sequences/mean:np.float64(92.62243501333614) - timing_s/agent_loop/tool_calls/min:np.float64(0.06702928803861141) - timing_s/agent_loop/tool_calls/max:np.float64(0.7080059360014275) - timing_s/agent_loop/tool_calls/mean:np.float64(0.14971508479993645) - timing_s/agent_loop/compute_score/min:np.float64(0.31048839003778994) - timing_s/agent_loop/compute_score/max:np.float64(8.936047139926814) - timing_s/agent_loop/compute_score/mean:np.float64(1.5925879311471363) - timing_s/agent_loop/slowest/generate_sequences:np.float64(105.3382679570932) - timing_s/agent_loop/slowest/tool_calls:np.float64(0.09970191901084036) - timing_s/agent_loop/slowest/compute_score:np.float64(5.034670333028771) - timing_s/agent_loop/slowest/num_preempted:np.int64(-1) - timing_s/agent_loop/slowest/prompt_length:3937 - timing_s/agent_loop/slowest/response_length:3350 - timing_s/gen:135.27600662200712 - timing_s/reward:0.0004035620950162411 - timing_s/old_log_prob:142.96696091804188 - timing_s/ref:132.87683549302164 - timing_s/adv:0.1574869769392535 - timing_s/update_actor:317.03995924501214 - timing_s/update_weights:3.9687679989729077 - timing_s/dump_rollout_generations:0.3232326180441305 - timing_s/step:732.7457631790312 - timing_s/stop_profile:4.674901720136404e-05 - timing_per_token_ms/adv:0.0001722648930548575 - timing_per_token_ms/update_actor:0.34678965673793244 - timing_per_token_ms/gen:0.33024595022241754 - timing_per_token_ms/ref:0.1453454393533917 - perf/total_num_tokens:914214 - perf/time_per_step:732.7457631790312 - perf/throughput:1247.6551157848603
[36m(TaskRunner pid=3807184)[0m Dumped generations to /home/yw4636/agentic-tvg/results/grpo-v2/rollouts/193.jsonl
[36m(TaskRunner pid=3807184)[0m step:193 - global_seqlen/min:915367 - global_seqlen/max:915367 - global_seqlen/minmax_diff:0 - global_seqlen/balanced_min:915367 - global_seqlen/balanced_max:915367 - global_seqlen/mean:915367.0 - actor/entropy:0.85140460729599 - perf/mfu/actor_infer:0.30035515687668596 - training/rollout_probs_diff_valid:1 - training/rollout_probs_diff_max:0.631905734539032 - training/rollout_probs_diff_mean:0.011426885612308979 - training/rollout_probs_diff_std:0.01932717114686966 - training/rollout_actor_probs_pearson_corr:0.9980353713035583 - rollout_corr/training_ppl:2.337602138519287 - rollout_corr/training_log_ppl:0.8380106687545776 - rollout_corr/kl:0.004933186341077089 - rollout_corr/k3_kl:0.004016151186078787 - rollout_corr/rollout_ppl:2.3262829780578613 - rollout_corr/rollout_log_ppl:0.8331271409988403 - rollout_corr/log_ppl_diff:0.004883537068963051 - rollout_corr/log_ppl_abs_diff:0.005934319458901882 - rollout_corr/log_ppl_diff_max:0.02073514461517334 - rollout_corr/log_ppl_diff_min:-0.007532477378845215 - rollout_corr/ppl_ratio:1.0049095153808594 - rollout_corr/chi2_token:0.006725668907165527 - rollout_corr/chi2_seq:1.2013659477233887 - actor/pg_clipfrac:np.float64(0.0) - actor/ppo_kl:np.float64(0.0) - actor/pg_clipfrac_lower:np.float64(0.0) - actor/pg_loss:np.float64(0.036591648851754144) - actor/kl_loss:np.float64(0.03619843360502273) - actor/kl_coef:np.float64(0.0010000000000000002) - actor/loss:np.float64(0.03662785515189171) - actor/grad_norm:np.float64(0.09391646832227707) - actor/lr:np.float64(1e-05) - actor/perf/max_memory_allocated_gb:np.float64(38.93754053115845) - actor/perf/max_memory_reserved_gb:np.float64(41.708984375) - actor/perf/cpu_memory_used_gb:np.float64(131.9173126220703) - perf/mfu/actor:np.float64(0.3410307166775806) - training/global_step:193 - training/epoch:1 - critic/score/mean:1.3686864376068115 - critic/score/max:2.5 - critic/score/min:0.5 - critic/rewards/mean:1.3686864376068115 - critic/rewards/max:2.5 - critic/rewards/min:0.5 - critic/advantages/mean:-0.03659166023135185 - critic/advantages/max:2.013482093811035 - critic/advantages/min:-2.014986753463745 - critic/returns/mean:-0.03659166023135185 - critic/returns/max:2.013482093811035 - critic/returns/min:-2.014986753463745 - response_length/mean:3160.5546875 - response_length/max:3451.0 - response_length/min:2983.0 - response_length/clip_ratio:0.0 - response_length_non_aborted/mean:3160.5546875 - response_length_non_aborted/max:3451.0 - response_length_non_aborted/min:2983.0 - response_length_non_aborted/clip_ratio:0.0 - response/aborted_ratio:0.0 - prompt_length/mean:3990.75 - prompt_length/max:4136.0 - prompt_length/min:3931.0 - prompt_length/clip_ratio:0.0 - num_turns/min:np.int32(4) - num_turns/max:np.int32(4) - num_turns/mean:np.float64(4.0) - timing_s/start_profile:5.651696119457483e-05 - timing_s/agent_loop/num_preempted/min:np.int64(-1) - timing_s/agent_loop/num_preempted/max:np.int64(-1) - timing_s/agent_loop/num_preempted/mean:np.float64(-1.0) - timing_s/agent_loop/generate_sequences/min:np.float64(68.27478841505945) - timing_s/agent_loop/generate_sequences/max:np.float64(109.68192841194104) - timing_s/agent_loop/generate_sequences/mean:np.float64(94.48998000009487) - timing_s/agent_loop/tool_calls/min:np.float64(0.07088640704751015) - timing_s/agent_loop/tool_calls/max:np.float64(1.491968953050673) - timing_s/agent_loop/tool_calls/mean:np.float64(0.17934235129450826) - timing_s/agent_loop/compute_score/min:np.float64(0.3177253030007705) - timing_s/agent_loop/compute_score/max:np.float64(5.964751182938926) - timing_s/agent_loop/compute_score/mean:np.float64(1.8945368318281908) - timing_s/agent_loop/slowest/generate_sequences:np.float64(109.68192841194104) - timing_s/agent_loop/slowest/tool_calls:np.float64(0.0982246829662472) - timing_s/agent_loop/slowest/compute_score:np.float64(1.775378655991517) - timing_s/agent_loop/slowest/num_preempted:np.int64(-1) - timing_s/agent_loop/slowest/prompt_length:4134 - timing_s/agent_loop/slowest/response_length:3451 - timing_s/gen:136.24030229600612 - timing_s/reward:0.00037693604826927185 - timing_s/old_log_prob:150.7752154120244 - timing_s/ref:135.36428027495276 - timing_s/adv:0.16021875606384128 - timing_s/update_actor:320.32832686195616 - timing_s/update_weights:3.9899432050297037 - timing_s/dump_rollout_generations:0.3236253010109067 - timing_s/step:747.3489558889996 - timing_s/stop_profile:4.617101512849331e-05 - timing_per_token_ms/adv:0.00017503226144687463 - timing_per_token_ms/update_actor:0.3499452425769731 - timing_per_token_ms/gen:0.3367691645701188 - timing_per_token_ms/ref:0.1478797905921371 - perf/total_num_tokens:915367 - perf/time_per_step:747.3489558889996 - perf/throughput:1224.8187313129201[36m(TaskRunner pid=3807184)[0m Training Progress:  81%|████████  | 194/239 [2:53:12<9:13:43, 738.29s/it]
[36m(TaskRunner pid=3807184)[0m Training Progress:  82%|████████▏ | 195/239 [3:05:19<8:58:58, 734.97s/it]

[36m(TaskRunner pid=3807184)[0m Dumped generations to /home/yw4636/agentic-tvg/results/grpo-v2/rollouts/194.jsonl
[36m(TaskRunner pid=3807184)[0m step:194 - global_seqlen/min:915994 - global_seqlen/max:915994 - global_seqlen/minmax_diff:0 - global_seqlen/balanced_min:915994 - global_seqlen/balanced_max:915994 - global_seqlen/mean:915994.0 - actor/entropy:0.8468188047409058 - perf/mfu/actor_infer:0.2997440627496264 - training/rollout_probs_diff_valid:1 - training/rollout_probs_diff_max:0.30037832260131836 - training/rollout_probs_diff_mean:0.010773570276796818 - training/rollout_probs_diff_std:0.017509717494249344 - training/rollout_actor_probs_pearson_corr:0.9983645081520081 - rollout_corr/training_ppl:2.3629963397979736 - rollout_corr/training_log_ppl:0.8422092795372009 - rollout_corr/kl:0.003082161769270897 - rollout_corr/k3_kl:0.00355872162617743 - rollout_corr/rollout_ppl:2.35568904876709 - rollout_corr/rollout_log_ppl:0.8390456438064575 - rollout_corr/log_ppl_diff:0.0031636960338801146 - rollout_corr/log_ppl_abs_diff:0.005073518492281437 - rollout_corr/log_ppl_diff_max:0.021463513374328613 - rollout_corr/log_ppl_diff_min:-0.012025237083435059 - rollout_corr/ppl_ratio:1.0031840801239014 - rollout_corr/chi2_token:0.008560538291931152 - rollout_corr/chi2_seq:4.606691360473633 - actor/pg_clipfrac:np.float64(0.0) - actor/ppo_kl:np.float64(0.0) - actor/pg_clipfrac_lower:np.float64(0.0) - actor/pg_loss:np.float64(-0.010095954450662248) - actor/kl_loss:np.float64(0.03482094669016078) - actor/kl_coef:np.float64(0.0010000000000000002) - actor/loss:np.float64(-0.010061133652925491) - actor/grad_norm:np.float64(0.0977696105837822) - actor/lr:np.float64(1e-05) - actor/perf/max_memory_allocated_gb:np.float64(38.93754053115845) - actor/perf/max_memory_reserved_gb:np.float64(41.708984375) - actor/perf/cpu_memory_used_gb:np.float64(99.6922492980957) - perf/mfu/actor:np.float64(0.3407647409778728) - training/global_step:194 - training/epoch:1 - critic/score/mean:1.464392900466919 - critic/score/max:2.450000047683716 - critic/score/min:0.0 - critic/rewards/mean:1.464392900466919 - critic/rewards/max:2.450000047683716 - critic/rewards/min:0.0 - critic/advantages/mean:0.010095962323248386 - critic/advantages/max:3.3870556354522705 - critic/advantages/min:-3.56343674659729 - critic/returns/mean:0.010095962323248386 - critic/returns/max:3.3870556354522705 - critic/returns/min:-3.56343674659729 - response_length/mean:3135.328125 - response_length/max:3539.0 - response_length/min:125.0 - response_length/clip_ratio:0.0 - response_length_non_aborted/mean:3135.328125 - response_length_non_aborted/max:3539.0 - response_length_non_aborted/min:125.0 - response_length_non_aborted/clip_ratio:0.0 - response/aborted_ratio:0.0 - prompt_length/mean:4020.875 - prompt_length/max:4151.0 - prompt_length/min:3940.0 - prompt_length/clip_ratio:0.0 - num_turns/min:np.int32(2) - num_turns/max:np.int32(4) - num_turns/mean:np.float64(3.984375) - timing_s/start_profile:5.779403727501631e-05 - timing_s/agent_loop/num_preempted/min:np.int64(-1) - timing_s/agent_loop/num_preempted/max:np.int64(-1) - timing_s/agent_loop/num_preempted/mean:np.float64(-1.0) - timing_s/agent_loop/generate_sequences/min:np.float64(43.509627487976104) - timing_s/agent_loop/generate_sequences/max:np.float64(109.7972684489796) - timing_s/agent_loop/generate_sequences/mean:np.float64(96.4893601066533) - timing_s/agent_loop/tool_calls/min:np.float64(0.0) - timing_s/agent_loop/tool_calls/max:np.float64(0.7613221299834549) - timing_s/agent_loop/tool_calls/mean:np.float64(0.15110448441919289) - timing_s/agent_loop/compute_score/min:np.float64(0.23187458608299494) - timing_s/agent_loop/compute_score/max:np.float64(5.258301877067424) - timing_s/agent_loop/compute_score/mean:np.float64(1.604039990406818) - timing_s/agent_loop/slowest/generate_sequences:np.float64(109.7972684489796) - timing_s/agent_loop/slowest/tool_calls:np.float64(0.26946077693719417) - timing_s/agent_loop/slowest/compute_score:np.float64(2.0049292530165985) - timing_s/agent_loop/slowest/num_preempted:np.int64(-1) - timing_s/agent_loop/slowest/prompt_length:3940 - timing_s/agent_loop/slowest/response_length:3393 - timing_s/gen:144.3969614240341 - timing_s/reward:0.00036706007085740566 - timing_s/old_log_prob:141.84994550899137 - timing_s/ref:132.6765386920888 - timing_s/adv:0.1663344920380041 - timing_s/update_actor:316.47662456706166 - timing_s/update_weights:3.9827081320108846 - timing_s/dump_rollout_generations:0.32128083193674684 - timing_s/step:740.0442875230219 - timing_s/stop_profile:4.636007361114025e-05 - timing_per_token_ms/adv:0.00018158906285194455 - timing_per_token_ms/update_actor:0.3455007615410818 - timing_per_token_ms/gen:0.35980325380625555 - timing_per_token_ms/ref:0.14484433161362278 - perf/total_num_tokens:915994 - perf/time_per_step:740.0442875230219 - perf/throughput:1237.7556525243829
[36m(TaskRunner pid=3807184)[0m Dumped generations to /home/yw4636/agentic-tvg/results/grpo-v2/rollouts/195.jsonl
[36m(TaskRunner pid=3807184)[0m step:195 - global_seqlen/min:914394 - global_seqlen/max:914394 - global_seqlen/minmax_diff:0 - global_seqlen/balanced_min:914394 - global_seqlen/balanced_max:914394 - global_seqlen/mean:914394.0 - actor/entropy:0.8493772745132446 - perf/mfu/actor_infer:0.29815431527753883 - training/rollout_probs_diff_valid:1 - training/rollout_probs_diff_max:0.5278490781784058 - training/rollout_probs_diff_mean:0.011640029959380627 - training/rollout_probs_diff_std:0.01938938908278942 - training/rollout_actor_probs_pearson_corr:0.9980038404464722 - rollout_corr/training_ppl:2.3357887268066406 - rollout_corr/training_log_ppl:0.8356786966323853 - rollout_corr/kl:0.003810594556853175 - rollout_corr/k3_kl:0.004205869976431131 - rollout_corr/rollout_ppl:2.3267576694488525 - rollout_corr/rollout_log_ppl:0.8317796587944031 - rollout_corr/log_ppl_diff:0.0038990031462162733 - rollout_corr/log_ppl_abs_diff:0.004994885064661503 - rollout_corr/log_ppl_diff_max:0.020866870880126953 - rollout_corr/log_ppl_diff_min:-0.010027885437011719 - rollout_corr/ppl_ratio:1.0039196014404297 - rollout_corr/chi2_token:0.009601116180419922 - rollout_corr/chi2_seq:4.108067035675049 - actor/pg_clipfrac:np.float64(0.0) - actor/ppo_kl:np.float64(0.0) - actor/pg_clipfrac_lower:np.float64(0.0) - actor/pg_loss:np.float64(-0.008446942912996747) - actor/kl_loss:np.float64(0.038263444730546325) - actor/kl_coef:np.float64(0.0010000000000000002) - actor/loss:np.float64(-0.00840868428349495) - actor/grad_norm:np.float64(0.09922868013381958) - actor/lr:np.float64(1e-05) - actor/perf/max_memory_allocated_gb:np.float64(38.93754053115845) - actor/perf/max_memory_reserved_gb:np.float64(41.708984375) - actor/perf/cpu_memory_used_gb:np.float64(99.32764434814453) - perf/mfu/actor:np.float64(0.34427486211017966) - training/global_step:195 - training/epoch:1 - critic/score/mean:1.449436902999878 - critic/score/max:2.301832675933838 - critic/score/min:0.16853933036327362 - critic/rewards/mean:1.449436902999878 - critic/rewards/max:2.301832675933838 - critic/rewards/min:0.16853933036327362 - critic/advantages/mean:0.008446959778666496 - critic/advantages/max:2.011577606201172 - critic/advantages/min:-3.1451125144958496 - critic/returns/mean:0.008446959778666496 - critic/returns/max:2.011577606201172 - critic/returns/min:-3.1451125144958496 - response_length/mean:3177.953125 - response_length/max:3435.0 - response_length/min:2994.0 - response_length/clip_ratio:0.0 - response_length_non_aborted/mean:3177.953125 - response_length_non_aborted/max:3435.0 - response_length_non_aborted/min:2994.0 - response_length_non_aborted/clip_ratio:0.0 - response/aborted_ratio:0.0 - prompt_length/mean:3965.75 - prompt_length/max:4136.0 - prompt_length/min:3933.0 - prompt_length/clip_ratio:0.0 - num_turns/min:np.int32(4) - num_turns/max:np.int32(4) - num_turns/mean:np.float64(4.0) - timing_s/start_profile:5.632895044982433e-05 - timing_s/agent_loop/num_preempted/min:np.int64(-1) - timing_s/agent_loop/num_preempted/max:np.int64(-1) - timing_s/agent_loop/num_preempted/mean:np.float64(-1.0) - timing_s/agent_loop/generate_sequences/min:np.float64(70.23662569094449) - timing_s/agent_loop/generate_sequences/max:np.float64(106.83012145408429) - timing_s/agent_loop/generate_sequences/mean:np.float64(95.00477912512906) - timing_s/agent_loop/tool_calls/min:np.float64(0.07001380203291774) - timing_s/agent_loop/tool_calls/max:np.float64(0.6973145960364491) - timing_s/agent_loop/tool_calls/mean:np.float64(0.13899543722618546) - timing_s/agent_loop/compute_score/min:np.float64(0.3163109449669719) - timing_s/agent_loop/compute_score/max:np.float64(6.140733993030153) - timing_s/agent_loop/compute_score/mean:np.float64(1.673556082117102) - timing_s/agent_loop/slowest/generate_sequences:np.float64(106.50372038898058) - timing_s/agent_loop/slowest/tool_calls:np.float64(0.10638217197265476) - timing_s/agent_loop/slowest/compute_score:np.float64(4.117424992029555) - timing_s/agent_loop/slowest/num_preempted:np.int64(-1) - timing_s/agent_loop/slowest/prompt_length:3943 - timing_s/agent_loop/slowest/response_length:3256 - timing_s/gen:137.9468202550197 - timing_s/reward:0.0005081009585410357 - timing_s/old_log_prob:141.64496561698616 - timing_s/ref:132.26024981203955 - timing_s/adv:0.16652459895703942 - timing_s/update_actor:310.70122891501524 - timing_s/update_weights:3.9971440139925107 - timing_s/dump_rollout_generations:0.3229189249686897 - timing_s/step:727.1963501960272 - timing_s/stop_profile:4.846695810556412e-05 - timing_per_token_ms/adv:0.00018211471089818985 - timing_per_token_ms/update_actor:0.3397892253394218 - timing_per_token_ms/gen:0.33912065120291585 - timing_per_token_ms/ref:0.14464251713379522 - perf/total_num_tokens:914394 - perf/time_per_step:727.1963501960272 - perf/throughput:1257.423802737061[36m(TaskRunner pid=3807184)[0m Training Progress:  82%|████████▏ | 196/239 [3:17:33<8:46:30, 734.66s/it]
[36m(TaskRunner pid=3807184)[0m Training Progress:  82%|████████▏ | 197/239 [3:29:34<8:31:23, 730.55s/it]

[36m(TaskRunner pid=3807184)[0m Dumped generations to /home/yw4636/agentic-tvg/results/grpo-v2/rollouts/196.jsonl
[36m(TaskRunner pid=3807184)[0m step:196 - global_seqlen/min:919573 - global_seqlen/max:919573 - global_seqlen/minmax_diff:0 - global_seqlen/balanced_min:919573 - global_seqlen/balanced_max:919573 - global_seqlen/mean:919573.0 - actor/entropy:0.8319390416145325 - perf/mfu/actor_infer:0.3025732591910613 - training/rollout_probs_diff_valid:1 - training/rollout_probs_diff_max:0.5267601609230042 - training/rollout_probs_diff_mean:0.01091095618903637 - training/rollout_probs_diff_std:0.01814909838140011 - training/rollout_actor_probs_pearson_corr:0.9982587695121765 - rollout_corr/training_ppl:2.3243000507354736 - rollout_corr/training_log_ppl:0.8306373357772827 - rollout_corr/kl:0.0038272382225841284 - rollout_corr/k3_kl:0.0036212222184985876 - rollout_corr/rollout_ppl:2.314964532852173 - rollout_corr/rollout_log_ppl:0.8266363143920898 - rollout_corr/log_ppl_diff:0.004000973887741566 - rollout_corr/log_ppl_abs_diff:0.004901697859168053 - rollout_corr/log_ppl_diff_max:0.019549667835235596 - rollout_corr/log_ppl_diff_min:-0.005525112152099609 - rollout_corr/ppl_ratio:1.004021167755127 - rollout_corr/chi2_token:0.006882309913635254 - rollout_corr/chi2_seq:1.263730525970459 - actor/pg_clipfrac:np.float64(0.0) - actor/ppo_kl:np.float64(0.0) - actor/pg_clipfrac_lower:np.float64(0.0) - actor/pg_loss:np.float64(-0.016774376155808568) - actor/kl_loss:np.float64(0.03655475075356662) - actor/kl_coef:np.float64(0.0010000000000000002) - actor/loss:np.float64(-0.01673782244324684) - actor/grad_norm:np.float64(0.0942084789276123) - actor/lr:np.float64(1e-05) - actor/perf/max_memory_allocated_gb:np.float64(38.943655490875244) - actor/perf/max_memory_reserved_gb:np.float64(41.708984375) - actor/perf/cpu_memory_used_gb:np.float64(115.76170349121094) - perf/mfu/actor:np.float64(0.3394653349818182) - training/global_step:196 - training/epoch:1 - critic/score/mean:1.3582350015640259 - critic/score/max:2.4668755531311035 - critic/score/min:0.5 - critic/rewards/mean:1.3582350015640259 - critic/rewards/max:2.4668755531311035 - critic/rewards/min:0.5 - critic/advantages/mean:0.01677437499165535 - critic/advantages/max:2.018989324569702 - critic/advantages/min:-2.1674938201904297 - critic/returns/mean:0.01677437499165535 - critic/returns/max:2.018989324569702 - critic/returns/min:-2.1674938201904297 - response_length/mean:3138.1640625 - response_length/max:3415.0 - response_length/min:2934.0 - response_length/clip_ratio:0.0 - response_length_non_aborted/mean:3138.1640625 - response_length_non_aborted/max:3415.0 - response_length_non_aborted/min:2934.0 - response_length_non_aborted/clip_ratio:0.0 - response/aborted_ratio:0.0 - prompt_length/mean:4046.0 - prompt_length/max:4153.0 - prompt_length/min:3937.0 - prompt_length/clip_ratio:0.0 - num_turns/min:np.int32(4) - num_turns/max:np.int32(4) - num_turns/mean:np.float64(4.0) - timing_s/start_profile:5.480495747178793e-05 - timing_s/agent_loop/num_preempted/min:np.int64(-1) - timing_s/agent_loop/num_preempted/max:np.int64(-1) - timing_s/agent_loop/num_preempted/mean:np.float64(-1.0) - timing_s/agent_loop/generate_sequences/min:np.float64(68.8109006829327) - timing_s/agent_loop/generate_sequences/max:np.float64(109.55187973193824) - timing_s/agent_loop/generate_sequences/mean:np.float64(97.44242464097078) - timing_s/agent_loop/tool_calls/min:np.float64(0.06632884405553341) - timing_s/agent_loop/tool_calls/max:np.float64(1.6700321199605241) - timing_s/agent_loop/tool_calls/mean:np.float64(0.15817902670278272) - timing_s/agent_loop/compute_score/min:np.float64(0.31634546199347824) - timing_s/agent_loop/compute_score/max:np.float64(6.734069069032557) - timing_s/agent_loop/compute_score/mean:np.float64(1.7489794757711934) - timing_s/agent_loop/slowest/generate_sequences:np.float64(109.55187973193824) - timing_s/agent_loop/slowest/tool_calls:np.float64(0.09003156796097755) - timing_s/agent_loop/slowest/compute_score:np.float64(3.8940024990588427) - timing_s/agent_loop/slowest/num_preempted:np.int64(-1) - timing_s/agent_loop/slowest/prompt_length:3956 - timing_s/agent_loop/slowest/response_length:3298 - timing_s/gen:138.85525552602485 - timing_s/reward:0.00041189196053892374 - timing_s/old_log_prob:141.26703829795588 - timing_s/ref:130.6102094349917 - timing_s/adv:0.16442658996675164 - timing_s/update_actor:318.5255981280934 - timing_s/update_weights:3.9856405979953706 - timing_s/dump_rollout_generations:0.31919748103246093 - timing_s/step:733.8862813559826 - timing_s/stop_profile:4.5211054384708405e-05 - timing_per_token_ms/adv:0.00017880754433498115 - timing_per_token_ms/update_actor:0.3463842436958169 - timing_per_token_ms/gen:0.34568195358558285 - timing_per_token_ms/ref:0.14203354104023466 - perf/total_num_tokens:919573 - perf/time_per_step:733.8862813559826 - perf/throughput:1253.0183808599459
[36m(TaskRunner pid=3807184)[0m Dumped generations to /home/yw4636/agentic-tvg/results/grpo-v2/rollouts/197.jsonl
[36m(TaskRunner pid=3807184)[0m step:197 - global_seqlen/min:890533 - global_seqlen/max:890533 - global_seqlen/minmax_diff:0 - global_seqlen/balanced_min:890533 - global_seqlen/balanced_max:890533 - global_seqlen/mean:890533.0 - actor/entropy:0.8001952171325684 - perf/mfu/actor_infer:0.3029892824107037 - training/rollout_probs_diff_valid:1 - training/rollout_probs_diff_max:0.3003584146499634 - training/rollout_probs_diff_mean:0.011075752787292004 - training/rollout_probs_diff_std:0.017903707921504974 - training/rollout_actor_probs_pearson_corr:0.9982297420501709 - rollout_corr/training_ppl:2.213639259338379 - rollout_corr/training_log_ppl:0.7852664589881897 - rollout_corr/kl:0.003305015852674842 - rollout_corr/k3_kl:0.0035270515363663435 - rollout_corr/rollout_ppl:2.2059545516967773 - rollout_corr/rollout_log_ppl:0.7818430066108704 - rollout_corr/log_ppl_diff:0.0034234689082950354 - rollout_corr/log_ppl_abs_diff:0.00454463018104434 - rollout_corr/log_ppl_diff_max:0.019704341888427734 - rollout_corr/log_ppl_diff_min:-0.008074760437011719 - rollout_corr/ppl_ratio:1.003440022468567 - rollout_corr/chi2_token:0.007856965065002441 - rollout_corr/chi2_seq:2.20943546295166 - actor/pg_clipfrac:np.float64(0.0) - actor/ppo_kl:np.float64(0.0) - actor/pg_clipfrac_lower:np.float64(0.0) - actor/pg_loss:np.float64(0.018034704291494563) - actor/kl_loss:np.float64(0.03663482051342726) - actor/kl_coef:np.float64(0.0010000000000000002) - actor/loss:np.float64(0.018071338534355164) - actor/grad_norm:np.float64(0.09983222931623459) - actor/lr:np.float64(1e-05) - actor/perf/max_memory_allocated_gb:np.float64(38.943655490875244) - actor/perf/max_memory_reserved_gb:np.float64(41.708984375) - actor/perf/cpu_memory_used_gb:np.float64(131.05189895629883) - perf/mfu/actor:np.float64(0.3406766866310843) - training/global_step:197 - training/epoch:1 - critic/score/mean:1.6789861917495728 - critic/score/max:2.462099075317383 - critic/score/min:0.5 - critic/rewards/mean:1.6789861917495728 - critic/rewards/max:2.462099075317383 - critic/rewards/min:0.5 - critic/advantages/mean:-0.01803470030426979 - critic/advantages/max:1.9938466548919678 - critic/advantages/min:-2.6458840370178223 - critic/returns/mean:-0.01803470030426979 - critic/returns/max:1.9938466548919678 - critic/returns/min:-2.6458840370178223 - response_length/mean:3023.4140625 - response_length/max:3363.0 - response_length/min:2641.0 - response_length/clip_ratio:0.0 - response_length_non_aborted/mean:3023.4140625 - response_length_non_aborted/max:3363.0 - response_length_non_aborted/min:2641.0 - response_length_non_aborted/clip_ratio:0.0 - response/aborted_ratio:0.0 - prompt_length/mean:3933.875 - prompt_length/max:4145.0 - prompt_length/min:3615.0 - prompt_length/clip_ratio:0.0 - num_turns/min:np.int32(4) - num_turns/max:np.int32(4) - num_turns/mean:np.float64(4.0) - timing_s/start_profile:6.161397323012352e-05 - timing_s/agent_loop/num_preempted/min:np.int64(-1) - timing_s/agent_loop/num_preempted/max:np.int64(-1) - timing_s/agent_loop/num_preempted/mean:np.float64(-1.0) - timing_s/agent_loop/generate_sequences/min:np.float64(70.27159519703127) - timing_s/agent_loop/generate_sequences/max:np.float64(105.41474426409695) - timing_s/agent_loop/generate_sequences/mean:np.float64(93.57571967545482) - timing_s/agent_loop/tool_calls/min:np.float64(0.07126662298105657) - timing_s/agent_loop/tool_calls/max:np.float64(0.7969755809754133) - timing_s/agent_loop/tool_calls/mean:np.float64(0.15041160088821925) - timing_s/agent_loop/compute_score/min:np.float64(0.28671381098683923) - timing_s/agent_loop/compute_score/max:np.float64(4.597754692076705) - timing_s/agent_loop/compute_score/mean:np.float64(1.452988186993025) - timing_s/agent_loop/slowest/generate_sequences:np.float64(105.41474426409695) - timing_s/agent_loop/slowest/tool_calls:np.float64(0.19171032402664423) - timing_s/agent_loop/slowest/compute_score:np.float64(0.36689519905485213) - timing_s/agent_loop/slowest/num_preempted:np.int64(-1) - timing_s/agent_loop/slowest/prompt_length:3939 - timing_s/agent_loop/slowest/response_length:3363 - timing_s/gen:135.0948702020105 - timing_s/reward:0.0004603409906849265 - timing_s/old_log_prob:138.52265540801454 - timing_s/ref:131.38589626201428 - timing_s/adv:0.1628538880031556 - timing_s/update_actor:311.35305991303176 - timing_s/update_weights:3.9450153519865125 - timing_s/dump_rollout_generations:0.3171869210200384 - timing_s/step:720.9358112149639 - timing_s/stop_profile:4.667905159294605e-05 - timing_per_token_ms/adv:0.0001828723786801338 - timing_per_token_ms/update_actor:0.3496255163065622 - timing_per_token_ms/gen:0.3490850580289007 - timing_per_token_ms/ref:0.1475362465647138 - perf/total_num_tokens:890533 - perf/time_per_step:720.9358112149639 - perf/throughput:1235.2458931110953[36m(TaskRunner pid=3807184)[0m Training Progress:  83%|████████▎ | 198/239 [3:41:56<8:21:33, 734.00s/it]
[36m(TaskRunner pid=3807184)[0m Training Progress:  83%|████████▎ | 199/239 [3:54:08<8:08:50, 733.26s/it]

[36m(TaskRunner pid=3807184)[0m Dumped generations to /home/yw4636/agentic-tvg/results/grpo-v2/rollouts/198.jsonl
[36m(TaskRunner pid=3807184)[0m step:198 - global_seqlen/min:916942 - global_seqlen/max:916942 - global_seqlen/minmax_diff:0 - global_seqlen/balanced_min:916942 - global_seqlen/balanced_max:916942 - global_seqlen/mean:916942.0 - actor/entropy:0.8444665670394897 - perf/mfu/actor_infer:0.3033033093750411 - training/rollout_probs_diff_valid:1 - training/rollout_probs_diff_max:0.36826851963996887 - training/rollout_probs_diff_mean:0.01133543811738491 - training/rollout_probs_diff_std:0.018256166949868202 - training/rollout_actor_probs_pearson_corr:0.9981916546821594 - rollout_corr/training_ppl:2.3152434825897217 - rollout_corr/training_log_ppl:0.8308967351913452 - rollout_corr/kl:0.004005854018032551 - rollout_corr/k3_kl:0.0043781897984445095 - rollout_corr/rollout_ppl:2.3056800365448 - rollout_corr/rollout_log_ppl:0.8268242478370667 - rollout_corr/log_ppl_diff:0.004072371404618025 - rollout_corr/log_ppl_abs_diff:0.00511171342805028 - rollout_corr/log_ppl_diff_max:0.057789146900177 - rollout_corr/log_ppl_diff_min:-0.008516252040863037 - rollout_corr/ppl_ratio:1.004102349281311 - rollout_corr/chi2_token:0.02646636962890625 - rollout_corr/chi2_seq:1.0476608276367188 - actor/pg_clipfrac:np.float64(0.0) - actor/ppo_kl:np.float64(0.0) - actor/pg_clipfrac_lower:np.float64(0.0) - actor/pg_loss:np.float64(0.007959651062265038) - actor/kl_loss:np.float64(0.036137781222350895) - actor/kl_coef:np.float64(0.0010000000000000002) - actor/loss:np.float64(0.007995789870619774) - actor/grad_norm:np.float64(0.10453465580940247) - actor/lr:np.float64(1e-05) - actor/perf/max_memory_allocated_gb:np.float64(38.943655490875244) - actor/perf/max_memory_reserved_gb:np.float64(41.708984375) - actor/perf/cpu_memory_used_gb:np.float64(99.69395065307617) - perf/mfu/actor:np.float64(0.339779965637415) - training/global_step:198 - training/epoch:1 - critic/score/mean:1.4543930292129517 - critic/score/max:2.4589040279388428 - critic/score/min:0.5 - critic/rewards/mean:1.4543930292129517 - critic/rewards/max:2.4589040279388428 - critic/rewards/min:0.5 - critic/advantages/mean:-0.007959638722240925 - critic/advantages/max:2.0496039390563965 - critic/advantages/min:-3.332597494125366 - critic/returns/mean:-0.007959638722240925 - critic/returns/max:2.0496039390563965 - critic/returns/min:-3.332597494125366 - response_length/mean:3213.609375 - response_length/max:4269.0 - response_length/min:2698.0 - response_length/clip_ratio:0.0 - response_length_non_aborted/mean:3213.609375 - response_length_non_aborted/max:4269.0 - response_length_non_aborted/min:2698.0 - response_length_non_aborted/clip_ratio:0.0 - response/aborted_ratio:0.0 - prompt_length/mean:3950.0 - prompt_length/max:4151.0 - prompt_length/min:3616.0 - prompt_length/clip_ratio:0.0 - num_turns/min:np.int32(4) - num_turns/max:np.int32(4) - num_turns/mean:np.float64(4.0) - timing_s/start_profile:6.20110658928752e-05 - timing_s/agent_loop/num_preempted/min:np.int64(-1) - timing_s/agent_loop/num_preempted/max:np.int64(-1) - timing_s/agent_loop/num_preempted/mean:np.float64(-1.0) - timing_s/agent_loop/generate_sequences/min:np.float64(68.05832938489038) - timing_s/agent_loop/generate_sequences/max:np.float64(107.40910653001629) - timing_s/agent_loop/generate_sequences/mean:np.float64(93.54633216777802) - timing_s/agent_loop/tool_calls/min:np.float64(0.06360874604433775) - timing_s/agent_loop/tool_calls/max:np.float64(0.7545924390433356) - timing_s/agent_loop/tool_calls/mean:np.float64(0.14008010655015823) - timing_s/agent_loop/compute_score/min:np.float64(0.3000627619912848) - timing_s/agent_loop/compute_score/max:np.float64(6.4688068450195715) - timing_s/agent_loop/compute_score/mean:np.float64(1.9878460757709036) - timing_s/agent_loop/slowest/generate_sequences:np.float64(107.40910653001629) - timing_s/agent_loop/slowest/tool_calls:np.float64(0.06511751504149288) - timing_s/agent_loop/slowest/compute_score:np.float64(2.073424945003353) - timing_s/agent_loop/slowest/num_preempted:np.int64(-1) - timing_s/agent_loop/slowest/prompt_length:4143 - timing_s/agent_loop/slowest/response_length:3178 - timing_s/gen:135.78131885197945 - timing_s/reward:0.0004386460641399026 - timing_s/old_log_prob:149.08402055606712 - timing_s/ref:131.38666683004703 - timing_s/adv:0.18458764697425067 - timing_s/update_actor:321.13618224998936 - timing_s/update_weights:3.889860025024973 - timing_s/dump_rollout_generations:0.3056659100111574 - timing_s/step:741.9435621179873 - timing_s/stop_profile:4.8495945520699024e-05 - timing_per_token_ms/adv:0.00020130787658788742 - timing_per_token_ms/update_actor:0.35022518572602124 - timing_per_token_ms/gen:0.33009349604946603 - timing_per_token_ms/ref:0.14328787080322097 - perf/total_num_tokens:916942 - perf/time_per_step:741.9435621179873 - perf/throughput:1235.8648916400782
[36m(TaskRunner pid=3807184)[0m Dumped generations to /home/yw4636/agentic-tvg/results/grpo-v2/rollouts/199.jsonl
[36m(TaskRunner pid=3807184)[0m step:199 - global_seqlen/min:915161 - global_seqlen/max:915161 - global_seqlen/minmax_diff:0 - global_seqlen/balanced_min:915161 - global_seqlen/balanced_max:915161 - global_seqlen/mean:915161.0 - actor/entropy:0.8334125280380249 - perf/mfu/actor_infer:0.30328698381468466 - training/rollout_probs_diff_valid:1 - training/rollout_probs_diff_max:0.513992428779602 - training/rollout_probs_diff_mean:0.011516324244439602 - training/rollout_probs_diff_std:0.01965731382369995 - training/rollout_actor_probs_pearson_corr:0.9979717135429382 - rollout_corr/training_ppl:2.3109076023101807 - rollout_corr/training_log_ppl:0.8252691030502319 - rollout_corr/kl:0.004633576609194279 - rollout_corr/k3_kl:0.004301352426409721 - rollout_corr/rollout_ppl:2.2996277809143066 - rollout_corr/rollout_log_ppl:0.8206104636192322 - rollout_corr/log_ppl_diff:0.004658577032387257 - rollout_corr/log_ppl_abs_diff:0.0056188637390732765 - rollout_corr/log_ppl_diff_max:0.022294223308563232 - rollout_corr/log_ppl_diff_min:-0.008744895458221436 - rollout_corr/ppl_ratio:1.004685878753662 - rollout_corr/chi2_token:0.00797891616821289 - rollout_corr/chi2_seq:18.049030303955078 - actor/pg_clipfrac:np.float64(0.0) - actor/ppo_kl:np.float64(0.0) - actor/pg_clipfrac_lower:np.float64(0.0) - actor/pg_loss:np.float64(-2.3348722606897354e-05) - actor/kl_loss:np.float64(0.03742779092863202) - actor/kl_coef:np.float64(0.0010000000000000002) - actor/loss:np.float64(1.4081597328186035e-05) - actor/grad_norm:np.float64(0.09652762860059738) - actor/lr:np.float64(1e-05) - actor/perf/max_memory_allocated_gb:np.float64(38.943655490875244) - actor/perf/max_memory_reserved_gb:np.float64(41.708984375) - actor/perf/cpu_memory_used_gb:np.float64(99.96085739135742) - perf/mfu/actor:np.float64(0.3405910930463932) - training/global_step:199 - training/epoch:1 - critic/score/mean:1.5458722114562988 - critic/score/max:2.4943714141845703 - critic/score/min:0.5 - critic/rewards/mean:1.5458722114562988 - critic/rewards/max:2.4943714141845703 - critic/rewards/min:0.5 - critic/advantages/mean:2.333454176550731e-05 - critic/advantages/max:2.4425551891326904 - critic/advantages/min:-3.386820077896118 - critic/returns/mean:2.333454176550731e-05 - critic/returns/max:2.4425551891326904 - critic/returns/min:-3.386820077896118 - response_length/mean:3179.0703125 - response_length/max:3443.0 - response_length/min:2943.0 - response_length/clip_ratio:0.0 - response_length_non_aborted/mean:3179.0703125 - response_length_non_aborted/max:3443.0 - response_length_non_aborted/min:2943.0 - response_length_non_aborted/clip_ratio:0.0 - response/aborted_ratio:0.0 - prompt_length/mean:3970.625 - prompt_length/max:4133.0 - prompt_length/min:3940.0 - prompt_length/clip_ratio:0.0 - num_turns/min:np.int32(4) - num_turns/max:np.int32(4) - num_turns/mean:np.float64(4.0) - timing_s/start_profile:5.727203097194433e-05 - timing_s/agent_loop/num_preempted/min:np.int64(-1) - timing_s/agent_loop/num_preempted/max:np.int64(-1) - timing_s/agent_loop/num_preempted/mean:np.float64(-1.0) - timing_s/agent_loop/generate_sequences/min:np.float64(71.65740709099919) - timing_s/agent_loop/generate_sequences/max:np.float64(110.22529999597464) - timing_s/agent_loop/generate_sequences/mean:np.float64(96.9248361557602) - timing_s/agent_loop/tool_calls/min:np.float64(0.06181755801662803) - timing_s/agent_loop/tool_calls/max:np.float64(0.5089240339584649) - timing_s/agent_loop/tool_calls/mean:np.float64(0.140627389680958) - timing_s/agent_loop/compute_score/min:np.float64(0.32110013999044895) - timing_s/agent_loop/compute_score/max:np.float64(4.602531097014435) - timing_s/agent_loop/compute_score/mean:np.float64(1.3885047384110294) - timing_s/agent_loop/slowest/generate_sequences:np.float64(107.9880841509439) - timing_s/agent_loop/slowest/tool_calls:np.float64(0.0752237350679934) - timing_s/agent_loop/slowest/compute_score:np.float64(3.8784866330679506) - timing_s/agent_loop/slowest/num_preempted:np.int64(-1) - timing_s/agent_loop/slowest/prompt_length:3940 - timing_s/agent_loop/slowest/response_length:3336 - timing_s/gen:139.5027623170754 - timing_s/reward:0.000432168017141521 - timing_s/old_log_prob:138.0839564499911 - timing_s/ref:129.91951455292292 - timing_s/adv:0.16083368100225925 - timing_s/update_actor:318.4547876599245 - timing_s/update_weights:4.009783484973013 - timing_s/dump_rollout_generations:0.3192402080167085 - timing_s/step:730.6155890109949 - timing_s/stop_profile:4.607299342751503e-05 - timing_per_token_ms/adv:0.00017574359156723163 - timing_per_token_ms/update_actor:0.3479767905974189 - timing_per_token_ms/gen:0.34282517323282746 - timing_per_token_ms/ref:0.14196356111429892 - perf/total_num_tokens:915161 - perf/time_per_step:730.6155890109949 - perf/throughput:1252.5889315321301[36m(WorkerDict pid=3807529)[0m /home/yw4636/.conda/envs/verl/lib/python3.12/site-packages/verl/plugin/platform/platform_cuda.py:99: FutureWarning: torch.cuda._set_allocator_settings is deprecated. Use torch._C._accelerator_setAllocatorSettings instead.
[36m(WorkerDict pid=3807529)[0m   torch.cuda.memory._set_allocator_settings(settings)

[36m(TaskRunner pid=3807184)[0m local_global_step_folder: /home/yw4636/agentic-tvg/results/grpo-v2/ckpt/global_step_200
[36m(TaskRunner pid=3807184)[0m Dumped generations to /home/yw4636/agentic-tvg/results/grpo-v2/rollouts/200.jsonl
[36m(TaskRunner pid=3807184)[0m test_gen_batch meta info: {'eos_token_id': 151645, 'pad_token_id': 151643, 'recompute_log_prob': False, 'do_sample': False, 'validate': True, 'global_steps': 200}
[36m(TaskRunner pid=3807184)[0m validation generation end
[36m(TaskRunner pid=3807184)[0m test_gen_batch meta info: {'eos_token_id': 151645, 'pad_token_id': 151643, 'recompute_log_prob': False, 'do_sample': False, 'validate': True, 'global_steps': 200}
[36m(TaskRunner pid=3807184)[0m validation generation end
[36m(TaskRunner pid=3807184)[0m test_gen_batch meta info: {'eos_token_id': 151645, 'pad_token_id': 151643, 'recompute_log_prob': False, 'do_sample': False, 'validate': True, 'global_steps': 200}
[36m(TaskRunner pid=3807184)[0m validation generation end
[36m(TaskRunner pid=3807184)[0m test_gen_batch meta info: {'eos_token_id': 151645, 'pad_token_id': 151643, 'recompute_log_prob': False, 'do_sample': False, 'validate': True, 'global_steps': 200}
[36m(TaskRunner pid=3807184)[0m validation generation end
[36m(TaskRunner pid=3807184)[0m test_gen_batch meta info: {'eos_token_id': 151645, 'pad_token_id': 151643, 'recompute_log_prob': False, 'do_sample': False, 'validate': True, 'global_steps': 200}
[36m(TaskRunner pid=3807184)[0m validation generation end
[36m(TaskRunner pid=3807184)[0m test_gen_batch meta info: {'eos_token_id': 151645, 'pad_token_id': 151643, 'recompute_log_prob': False, 'do_sample': False, 'validate': True, 'global_steps': 200}
[36m(TaskRunner pid=3807184)[0m validation generation end
[36m(TaskRunner pid=3807184)[0m test_gen_batch meta info: {'eos_token_id': 151645, 'pad_token_id': 151643, 'recompute_log_prob': False, 'do_sample': False, 'validate': True, 'global_steps': 200}
[36m(TaskRunner pid=3807184)[0m validation generation end
[36m(TaskRunner pid=3807184)[0m test_gen_batch meta info: {'eos_token_id': 151645, 'pad_token_id': 151643, 'recompute_log_prob': False, 'do_sample': False, 'validate': True, 'global_steps': 200}
[36m(TaskRunner pid=3807184)[0m validation generation end
[36m(TaskRunner pid=3807184)[0m test_gen_batch meta info: {'eos_token_id': 151645, 'pad_token_id': 151643, 'recompute_log_prob': False, 'do_sample': False, 'validate': True, 'global_steps': 200}
[36m(TaskRunner pid=3807184)[0m validation generation end
[36m(TaskRunner pid=3807184)[0m test_gen_batch meta info: {'eos_token_id': 151645, 'pad_token_id': 151643, 'recompute_log_prob': False, 'do_sample': False, 'validate': True, 'global_steps': 200}
[36m(TaskRunner pid=3807184)[0m validation generation end
[36m(TaskRunner pid=3807184)[0m test_gen_batch meta info: {'eos_token_id': 151645, 'pad_token_id': 151643, 'recompute_log_prob': False, 'do_sample': False, 'validate': True, 'global_steps': 200}
[36m(TaskRunner pid=3807184)[0m validation generation end
[36m(TaskRunner pid=3807184)[0m test_gen_batch meta info: {'eos_token_id': 151645, 'pad_token_id': 151643, 'recompute_log_prob': False, 'do_sample': False, 'validate': True, 'global_steps': 200}
[36m(TaskRunner pid=3807184)[0m validation generation end
[36m(TaskRunner pid=3807184)[0m test_gen_batch meta info: {'eos_token_id': 151645, 'pad_token_id': 151643, 'recompute_log_prob': False, 'do_sample': False, 'validate': True, 'global_steps': 200}
[36m(TaskRunner pid=3807184)[0m validation generation end
[36m(TaskRunner pid=3807184)[0m test_gen_batch meta info: {'eos_token_id': 151645, 'pad_token_id': 151643, 'recompute_log_prob': False, 'do_sample': False, 'validate': True, 'global_steps': 200}
[36m(TaskRunner pid=3807184)[0m validation generation end
[36m(TaskRunner pid=3807184)[0m test_gen_batch meta info: {'eos_token_id': 151645, 'pad_token_id': 151643, 'recompute_log_prob': False, 'do_sample': False, 'validate': True, 'global_steps': 200}
[36m(TaskRunner pid=3807184)[0m validation generation end
[36m(TaskRunner pid=3807184)[0m test_gen_batch meta info: {'eos_token_id': 151645, 'pad_token_id': 151643, 'recompute_log_prob': False, 'do_sample': False, 'validate': True, 'global_steps': 200}
[36m(TaskRunner pid=3807184)[0m validation generation end
[36m(TaskRunner pid=3807184)[0m test_gen_batch meta info: {'eos_token_id': 151645, 'pad_token_id': 151643, 'recompute_log_prob': False, 'do_sample': False, 'validate': True, 'global_steps': 200}
[36m(TaskRunner pid=3807184)[0m validation generation end
[36m(TaskRunner pid=3807184)[0m test_gen_batch meta info: {'eos_token_id': 151645, 'pad_token_id': 151643, 'recompute_log_prob': False, 'do_sample': False, 'validate': True, 'global_steps': 200}
[36m(TaskRunner pid=3807184)[0m validation generation end
[36m(TaskRunner pid=3807184)[0m test_gen_batch meta info: {'eos_token_id': 151645, 'pad_token_id': 151643, 'recompute_log_prob': False, 'do_sample': False, 'validate': True, 'global_steps': 200}
[36m(TaskRunner pid=3807184)[0m validation generation end
[36m(TaskRunner pid=3807184)[0m test_gen_batch meta info: {'eos_token_id': 151645, 'pad_token_id': 151643, 'recompute_log_prob': False, 'do_sample': False, 'validate': True, 'global_steps': 200}
[36m(TaskRunner pid=3807184)[0m validation generation end
[36m(TaskRunner pid=3807184)[0m test_gen_batch meta info: {'eos_token_id': 151645, 'pad_token_id': 151643, 'recompute_log_prob': False, 'do_sample': False, 'validate': True, 'global_steps': 200}
[36m(TaskRunner pid=3807184)[0m validation generation end
[36m(TaskRunner pid=3807184)[0m test_gen_batch meta info: {'eos_token_id': 151645, 'pad_token_id': 151643, 'recompute_log_prob': False, 'do_sample': False, 'validate': True, 'global_steps': 200}
[36m(TaskRunner pid=3807184)[0m validation generation end
[36m(TaskRunner pid=3807184)[0m test_gen_batch meta info: {'eos_token_id': 151645, 'pad_token_id': 151643, 'recompute_log_prob': False, 'do_sample': False, 'validate': True, 'global_steps': 200}
[36m(TaskRunner pid=3807184)[0m validation generation end
[36m(TaskRunner pid=3807184)[0m test_gen_batch meta info: {'eos_token_id': 151645, 'pad_token_id': 151643, 'recompute_log_prob': False, 'do_sample': False, 'validate': True, 'global_steps': 200}
[36m(TaskRunner pid=3807184)[0m validation generation end
[36m(TaskRunner pid=3807184)[0m test_gen_batch meta info: {'eos_token_id': 151645, 'pad_token_id': 151643, 'recompute_log_prob': False, 'do_sample': False, 'validate': True, 'global_steps': 200}
[36m(TaskRunner pid=3807184)[0m validation generation end
[36m(TaskRunner pid=3807184)[0m test_gen_batch meta info: {'eos_token_id': 151645, 'pad_token_id': 151643, 'recompute_log_prob': False, 'do_sample': False, 'validate': True, 'global_steps': 200}
[36m(TaskRunner pid=3807184)[0m validation generation end
[36m(TaskRunner pid=3807184)[0m test_gen_batch meta info: {'eos_token_id': 151645, 'pad_token_id': 151643, 'recompute_log_prob': False, 'do_sample': False, 'validate': True, 'global_steps': 200}
[36m(TaskRunner pid=3807184)[0m validation generation end
[36m(TaskRunner pid=3807184)[0m test_gen_batch meta info: {'eos_token_id': 151645, 'pad_token_id': 151643, 'recompute_log_prob': False, 'do_sample': False, 'validate': True, 'global_steps': 200}
[36m(TaskRunner pid=3807184)[0m validation generation end
[36m(TaskRunner pid=3807184)[0m test_gen_batch meta info: {'eos_token_id': 151645, 'pad_token_id': 151643, 'recompute_log_prob': False, 'do_sample': False, 'validate': True, 'global_steps': 200}
[36m(TaskRunner pid=3807184)[0m validation generation end
[36m(TaskRunner pid=3807184)[0m test_gen_batch meta info: {'eos_token_id': 151645, 'pad_token_id': 151643, 'recompute_log_prob': False, 'do_sample': False, 'validate': True, 'global_steps': 200}
[36m(TaskRunner pid=3807184)[0m validation generation end
[36m(TaskRunner pid=3807184)[0m test_gen_batch meta info: {'eos_token_id': 151645, 'pad_token_id': 151643, 'recompute_log_prob': False, 'do_sample': False, 'validate': True, 'global_steps': 200}
[36m(TaskRunner pid=3807184)[0m validation generation end[36m(TaskRunner pid=3807184)[0m Training Progress:  84%|████████▎ | 200/239 [4:20:11<10:38:31, 982.34s/it]

[36m(TaskRunner pid=3807184)[0m test_gen_batch meta info: {'eos_token_id': 151645, 'pad_token_id': 151643, 'recompute_log_prob': False, 'do_sample': False, 'validate': True, 'global_steps': 200}
[36m(TaskRunner pid=3807184)[0m validation generation end
[36m(TaskRunner pid=3807184)[0m test_gen_batch meta info: {'eos_token_id': 151645, 'pad_token_id': 151643, 'recompute_log_prob': False, 'do_sample': False, 'validate': True, 'global_steps': 200}
[36m(TaskRunner pid=3807184)[0m validation generation end
[36m(TaskRunner pid=3807184)[0m test_gen_batch meta info: {'eos_token_id': 151645, 'pad_token_id': 151643, 'recompute_log_prob': False, 'do_sample': False, 'validate': True, 'global_steps': 200}
[36m(TaskRunner pid=3807184)[0m validation generation end
[36m(TaskRunner pid=3807184)[0m test_gen_batch meta info: {'eos_token_id': 151645, 'pad_token_id': 151643, 'recompute_log_prob': False, 'do_sample': False, 'validate': True, 'global_steps': 200}
[36m(TaskRunner pid=3807184)[0m validation generation end
[36m(TaskRunner pid=3807184)[0m test_gen_batch meta info: {'eos_token_id': 151645, 'pad_token_id': 151643, 'recompute_log_prob': False, 'do_sample': False, 'validate': True, 'global_steps': 200}
[36m(TaskRunner pid=3807184)[0m validation generation end
[36m(TaskRunner pid=3807184)[0m test_gen_batch meta info: {'eos_token_id': 151645, 'pad_token_id': 151643, 'recompute_log_prob': False, 'do_sample': False, 'validate': True, 'global_steps': 200}
[36m(TaskRunner pid=3807184)[0m validation generation end
[36m(TaskRunner pid=3807184)[0m test_gen_batch meta info: {'eos_token_id': 151645, 'pad_token_id': 151643, 'recompute_log_prob': False, 'do_sample': False, 'validate': True, 'global_steps': 200}
[36m(TaskRunner pid=3807184)[0m validation generation end
[36m(TaskRunner pid=3807184)[0m test_gen_batch meta info: {'eos_token_id': 151645, 'pad_token_id': 151643, 'recompute_log_prob': False, 'do_sample': False, 'validate': True, 'global_steps': 200}
[36m(TaskRunner pid=3807184)[0m validation generation end
[36m(TaskRunner pid=3807184)[0m test_gen_batch meta info: {'eos_token_id': 151645, 'pad_token_id': 151643, 'recompute_log_prob': False, 'do_sample': False, 'validate': True, 'global_steps': 200}
[36m(TaskRunner pid=3807184)[0m validation generation end
[36m(TaskRunner pid=3807184)[0m test_gen_batch meta info: {'eos_token_id': 151645, 'pad_token_id': 151643, 'recompute_log_prob': False, 'do_sample': False, 'validate': True, 'global_steps': 200}
[36m(TaskRunner pid=3807184)[0m validation generation end
[36m(TaskRunner pid=3807184)[0m test_gen_batch meta info: {'eos_token_id': 151645, 'pad_token_id': 151643, 'recompute_log_prob': False, 'do_sample': False, 'validate': True, 'global_steps': 200}
[36m(TaskRunner pid=3807184)[0m validation generation end
[36m(TaskRunner pid=3807184)[0m test_gen_batch meta info: {'eos_token_id': 151645, 'pad_token_id': 151643, 'recompute_log_prob': False, 'do_sample': False, 'validate': True, 'global_steps': 200}
[36m(TaskRunner pid=3807184)[0m validation generation end
[36m(TaskRunner pid=3807184)[0m test_gen_batch meta info: {'eos_token_id': 151645, 'pad_token_id': 151643, 'recompute_log_prob': False, 'do_sample': False, 'validate': True, 'global_steps': 200}
[36m(TaskRunner pid=3807184)[0m validation generation end
[36m(TaskRunner pid=3807184)[0m test_gen_batch meta info: {'eos_token_id': 151645, 'pad_token_id': 151643, 'recompute_log_prob': False, 'do_sample': False, 'validate': True, 'global_steps': 200}
[36m(TaskRunner pid=3807184)[0m validation generation end
[36m(TaskRunner pid=3807184)[0m test_gen_batch meta info: {'eos_token_id': 151645, 'pad_token_id': 151643, 'recompute_log_prob': False, 'do_sample': False, 'validate': True, 'global_steps': 200}
[36m(TaskRunner pid=3807184)[0m validation generation end
[36m(TaskRunner pid=3807184)[0m test_gen_batch meta info: {'eos_token_id': 151645, 'pad_token_id': 151643, 'recompute_log_prob': False, 'do_sample': False, 'validate': True, 'global_steps': 200}
[36m(TaskRunner pid=3807184)[0m validation generation end
[36m(TaskRunner pid=3807184)[0m test_gen_batch meta info: {'eos_token_id': 151645, 'pad_token_id': 151643, 'recompute_log_prob': False, 'do_sample': False, 'validate': True, 'global_steps': 200}
[36m(TaskRunner pid=3807184)[0m validation generation end
[36m(TaskRunner pid=3807184)[0m test_gen_batch meta info: {'eos_token_id': 151645, 'pad_token_id': 151643, 'recompute_log_prob': False, 'do_sample': False, 'validate': True, 'global_steps': 200}
[36m(TaskRunner pid=3807184)[0m validation generation end
[36m(TaskRunner pid=3807184)[0m test_gen_batch meta info: {'eos_token_id': 151645, 'pad_token_id': 151643, 'recompute_log_prob': False, 'do_sample': False, 'validate': True, 'global_steps': 200}
[36m(TaskRunner pid=3807184)[0m validation generation end
[36m(TaskRunner pid=3807184)[0m test_gen_batch meta info: {'eos_token_id': 151645, 'pad_token_id': 151643, 'recompute_log_prob': False, 'do_sample': False, 'validate': True, 'global_steps': 200}
[36m(TaskRunner pid=3807184)[0m validation generation end
[36m(TaskRunner pid=3807184)[0m test_gen_batch meta info: {'eos_token_id': 151645, 'pad_token_id': 151643, 'recompute_log_prob': False, 'do_sample': False, 'validate': True, 'global_steps': 200}
[36m(TaskRunner pid=3807184)[0m validation generation end
[36m(TaskRunner pid=3807184)[0m test_gen_batch meta info: {'eos_token_id': 151645, 'pad_token_id': 151643, 'recompute_log_prob': False, 'do_sample': False, 'validate': True, 'global_steps': 200}
[36m(TaskRunner pid=3807184)[0m validation generation end
[36m(TaskRunner pid=3807184)[0m test_gen_batch meta info: {'eos_token_id': 151645, 'pad_token_id': 151643, 'recompute_log_prob': False, 'do_sample': False, 'validate': True, 'global_steps': 200}
[36m(TaskRunner pid=3807184)[0m validation generation end
[36m(TaskRunner pid=3807184)[0m test_gen_batch meta info: {'eos_token_id': 151645, 'pad_token_id': 151643, 'recompute_log_prob': False, 'do_sample': False, 'validate': True, 'global_steps': 200}
[36m(TaskRunner pid=3807184)[0m validation generation end
[36m(TaskRunner pid=3807184)[0m test_gen_batch meta info: {'eos_token_id': 151645, 'pad_token_id': 151643, 'recompute_log_prob': False, 'do_sample': False, 'validate': True, 'global_steps': 200}
[36m(TaskRunner pid=3807184)[0m validation generation end
[36m(TaskRunner pid=3807184)[0m test_gen_batch meta info: {'eos_token_id': 151645, 'pad_token_id': 151643, 'recompute_log_prob': False, 'do_sample': False, 'validate': True, 'global_steps': 200}
[36m(TaskRunner pid=3807184)[0m validation generation end
[36m(TaskRunner pid=3807184)[0m Dumped generations to /home/yw4636/agentic-tvg/results/grpo-v2/val_rollouts/200.jsonl
[36m(TaskRunner pid=3807184)[0m step:200 - global_seqlen/min:915282 - global_seqlen/max:915282 - global_seqlen/minmax_diff:0 - global_seqlen/balanced_min:915282 - global_seqlen/balanced_max:915282 - global_seqlen/mean:915282.0 - actor/entropy:0.8370802402496338 - perf/mfu/actor_infer:0.30158585684176614 - training/rollout_probs_diff_valid:1 - training/rollout_probs_diff_max:0.38075876235961914 - training/rollout_probs_diff_mean:0.010889342054724693 - training/rollout_probs_diff_std:0.0178204495459795 - training/rollout_actor_probs_pearson_corr:0.9982860088348389 - rollout_corr/training_ppl:2.323615789413452 - rollout_corr/training_log_ppl:0.8324277997016907 - rollout_corr/kl:0.004154516384005547 - rollout_corr/k3_kl:0.0034690950997173786 - rollout_corr/rollout_ppl:2.3140199184417725 - rollout_corr/rollout_log_ppl:0.8283616900444031 - rollout_corr/log_ppl_diff:0.004066086374223232 - rollout_corr/log_ppl_abs_diff:0.005249490961432457 - rollout_corr/log_ppl_diff_max:0.023676156997680664 - rollout_corr/log_ppl_diff_min:-0.010322272777557373 - rollout_corr/ppl_ratio:1.0040888786315918 - rollout_corr/chi2_token:0.0054291486740112305 - rollout_corr/chi2_seq:11.397860527038574 - actor/pg_clipfrac:np.float64(0.0) - actor/ppo_kl:np.float64(0.0) - actor/pg_clipfrac_lower:np.float64(0.0) - actor/pg_loss:np.float64(0.004071915696840733) - actor/kl_loss:np.float64(0.03559010213939473) - actor/kl_coef:np.float64(0.0010000000000000002) - actor/loss:np.float64(0.0041075050830841064) - actor/grad_norm:np.float64(0.09148290753364563) - actor/lr:np.float64(1e-05) - actor/perf/max_memory_allocated_gb:np.float64(38.943655490875244) - actor/perf/max_memory_reserved_gb:np.float64(41.708984375) - actor/perf/cpu_memory_used_gb:np.float64(116.22707748413086) - perf/mfu/actor:np.float64(0.33980285434834273) - val-aux/longvt_longvt-val/reward/mean@1:np.float64(1.3668384531088043) - val-aux/longvt_longvt-val/score/mean@1:np.float64(1.366838451452947) - val-core/longvt_longvt-val/acc/mean@1:np.float64(0.618421052631579) - val-aux/longvt_longvt-val/format_score/mean@1:np.float64(0.5) - val-aux/longvt_longvt-val/evidence_iou/mean@1:np.float64(0.24841739882136815) - val-aux/longvt_longvt-val/answered/mean@1:np.float64(1.0) - val-aux/longvt_longvt-val/num_tool_calls/mean@1:np.float64(1.0) - val-aux/longvt_longvt-val/judge_used/mean@1:np.float64(1.0) - val-aux/num_turns/min:np.int32(4) - val-aux/num_turns/max:np.int32(4) - val-aux/num_turns/mean:np.float64(4.0) - training/global_step:200 - training/epoch:1 - critic/score/mean:1.120793342590332 - critic/score/max:2.5 - critic/score/min:0.1899999976158142 - critic/rewards/mean:1.120793342590332 - critic/rewards/max:2.5 - critic/rewards/min:0.1899999976158142 - critic/advantages/mean:-0.0040718973614275455 - critic/advantages/max:3.332367181777954 - critic/advantages/min:-2.827315330505371 - critic/returns/mean:-0.0040718973614275455 - critic/returns/max:3.332367181777954 - critic/returns/min:-2.827315330505371 - response_length/mean:3159.890625 - response_length/max:3501.0 - response_length/min:2946.0 - response_length/clip_ratio:0.0 - response_length_non_aborted/mean:3159.890625 - response_length_non_aborted/max:3501.0 - response_length_non_aborted/min:2946.0 - response_length_non_aborted/clip_ratio:0.0 - response/aborted_ratio:0.0 - prompt_length/mean:3990.75 - prompt_length/max:4134.0 - prompt_length/min:3940.0 - prompt_length/clip_ratio:0.0 - num_turns/min:np.int32(4) - num_turns/max:np.int32(4) - num_turns/mean:np.float64(4.0) - timing_s/start_profile:6.099499296396971e-05 - timing_s/agent_loop/num_preempted/min:np.int64(-1) - timing_s/agent_loop/num_preempted/max:np.int64(-1) - timing_s/agent_loop/num_preempted/mean:np.float64(-1.0) - timing_s/agent_loop/generate_sequences/min:np.float64(70.53032088803593) - timing_s/agent_loop/generate_sequences/max:np.float64(110.7243645900162) - timing_s/agent_loop/generate_sequences/mean:np.float64(97.48438255840028) - timing_s/agent_loop/tool_calls/min:np.float64(0.06587763200514019) - timing_s/agent_loop/tool_calls/max:np.float64(0.8610325939953327) - timing_s/agent_loop/tool_calls/mean:np.float64(0.14748020266051753) - timing_s/agent_loop/compute_score/min:np.float64(0.3180676300544292) - timing_s/agent_loop/compute_score/max:np.float64(4.557571414974518) - timing_s/agent_loop/compute_score/mean:np.float64(1.9981646515707325) - timing_s/agent_loop/slowest/generate_sequences:np.float64(110.7243645900162) - timing_s/agent_loop/slowest/tool_calls:np.float64(0.26553434098605067) - timing_s/agent_loop/slowest/compute_score:np.float64(2.0745416479185224) - timing_s/agent_loop/slowest/num_preempted:np.int64(-1) - timing_s/agent_loop/slowest/prompt_length:3941 - timing_s/agent_loop/slowest/response_length:3311 - timing_s/gen:138.73198487097397 - timing_s/reward:0.0004035290330648422 - timing_s/old_log_prob:140.4690651850542 - timing_s/ref:129.2863100769464 - timing_s/adv:0.15468052693177015 - timing_s/update_actor:315.15483926294837 - timing_s/save_checkpoint:24.652640754939057 - timing_s/update_weights:3.985718196956441 - timing_s/dump_rollout_generations:0.31679568998515606 - timing_s/step:752.8915340519743 - timing_s/testing:809.8759099079762 - timing_s/stop_profile:0.00016555096954107285 - timing_per_token_ms/adv:0.00016899767168126342 - timing_per_token_ms/update_actor:0.3443253983613229 - timing_per_token_ms/gen:0.3430003631231648 - timing_per_token_ms/ref:0.1412529800399728 - perf/total_num_tokens:915282 - perf/time_per_step:752.8915340519743 - perf/throughput:1215.6890582552564[36m(TaskRunner pid=3807184)[0m Training Progress:  84%|████████▍ | 201/239 [4:32:00<9:30:18, 900.47s/it] 
[36m(TaskRunner pid=3807184)[0m Training Progress:  85%|████████▍ | 202/239 [4:44:17<8:44:52, 851.14s/it]

[36m(TaskRunner pid=3807184)[0m Dumped generations to /home/yw4636/agentic-tvg/results/grpo-v2/rollouts/201.jsonl
[36m(TaskRunner pid=3807184)[0m step:201 - global_seqlen/min:899287 - global_seqlen/max:899287 - global_seqlen/minmax_diff:0 - global_seqlen/balanced_min:899287 - global_seqlen/balanced_max:899287 - global_seqlen/mean:899287.0 - actor/entropy:0.7878921627998352 - perf/mfu/actor_infer:0.3046559745157291 - training/rollout_probs_diff_valid:1 - training/rollout_probs_diff_max:0.306661456823349 - training/rollout_probs_diff_mean:0.011031544767320156 - training/rollout_probs_diff_std:0.018236709758639336 - training/rollout_actor_probs_pearson_corr:0.9981666803359985 - rollout_corr/training_ppl:2.1816673278808594 - rollout_corr/training_log_ppl:0.7673926949501038 - rollout_corr/kl:0.0032645862083882093 - rollout_corr/k3_kl:0.0035539346281439066 - rollout_corr/rollout_ppl:2.1746232509613037 - rollout_corr/rollout_log_ppl:0.7641929984092712 - rollout_corr/log_ppl_diff:0.0031996825709939003 - rollout_corr/log_ppl_abs_diff:0.00466923275962472 - rollout_corr/log_ppl_diff_max:0.01380300521850586 - rollout_corr/log_ppl_diff_min:-0.011397302150726318 - rollout_corr/ppl_ratio:1.0032166242599487 - rollout_corr/chi2_token:0.007827520370483398 - rollout_corr/chi2_seq:3.1553831100463867 - actor/pg_clipfrac:np.float64(0.0) - actor/ppo_kl:np.float64(0.0) - actor/pg_clipfrac_lower:np.float64(0.0) - actor/pg_loss:np.float64(0.013190912766731344) - actor/kl_loss:np.float64(0.03847410489106551) - actor/kl_coef:np.float64(0.0010000000000000002) - actor/loss:np.float64(0.013229385018348694) - actor/grad_norm:np.float64(0.10079392045736313) - actor/lr:np.float64(1e-05) - actor/perf/max_memory_allocated_gb:np.float64(38.943655490875244) - actor/perf/max_memory_reserved_gb:np.float64(41.708984375) - actor/perf/cpu_memory_used_gb:np.float64(99.45463180541992) - perf/mfu/actor:np.float64(0.34589799790918546) - training/global_step:201 - training/epoch:1 - critic/score/mean:1.5359759330749512 - critic/score/max:2.409090995788574 - critic/score/min:0.5 - critic/rewards/mean:1.5359759330749512 - critic/rewards/max:2.409090995788574 - critic/rewards/min:0.5 - critic/advantages/mean:-0.013190928846597672 - critic/advantages/max:1.8088101148605347 - critic/advantages/min:-2.9037623405456543 - critic/returns/mean:-0.013190928846597672 - critic/returns/max:1.8088101148605347 - critic/returns/min:-2.9037623405456543 - response_length/mean:3096.5546875 - response_length/max:3351.0 - response_length/min:2640.0 - response_length/clip_ratio:0.0 - response_length_non_aborted/mean:3096.5546875 - response_length_non_aborted/max:3351.0 - response_length_non_aborted/min:2640.0 - response_length_non_aborted/clip_ratio:0.0 - response/aborted_ratio:0.0 - prompt_length/mean:3929.125 - prompt_length/max:4145.0 - prompt_length/min:3624.0 - prompt_length/clip_ratio:0.0 - num_turns/min:np.int32(4) - num_turns/max:np.int32(4) - num_turns/mean:np.float64(4.0) - timing_s/start_profile:6.445497274398804e-05 - timing_s/agent_loop/num_preempted/min:np.int64(-1) - timing_s/agent_loop/num_preempted/max:np.int64(-1) - timing_s/agent_loop/num_preempted/mean:np.float64(-1.0) - timing_s/agent_loop/generate_sequences/min:np.float64(61.33906706201378) - timing_s/agent_loop/generate_sequences/max:np.float64(105.67531792097725) - timing_s/agent_loop/generate_sequences/mean:np.float64(93.00082851809657) - timing_s/agent_loop/tool_calls/min:np.float64(0.06961908796802163) - timing_s/agent_loop/tool_calls/max:np.float64(0.7742787580937147) - timing_s/agent_loop/tool_calls/mean:np.float64(0.17572460589690309) - timing_s/agent_loop/compute_score/min:np.float64(0.29120218893513083) - timing_s/agent_loop/compute_score/max:np.float64(6.670356838032603) - timing_s/agent_loop/compute_score/mean:np.float64(1.677340889903462) - timing_s/agent_loop/slowest/generate_sequences:np.float64(105.67531792097725) - timing_s/agent_loop/slowest/tool_calls:np.float64(0.16978637396823615) - timing_s/agent_loop/slowest/compute_score:np.float64(3.915674171061255) - timing_s/agent_loop/slowest/num_preempted:np.int64(-1) - timing_s/agent_loop/slowest/prompt_length:3952 - timing_s/agent_loop/slowest/response_length:3192 - timing_s/gen:133.63672660209704 - timing_s/reward:0.00041023700032383204 - timing_s/old_log_prob:138.43086060706992 - timing_s/ref:130.3338764369255 - timing_s/adv:0.1678774069296196 - timing_s/update_actor:302.51684816693887 - timing_s/update_weights:3.9703683799598366 - timing_s/dump_rollout_generations:0.31990651797968894 - timing_s/step:709.547588150017 - timing_s/stop_profile:5.706504452973604e-05 - timing_per_token_ms/adv:0.0001866783428756555 - timing_per_token_ms/update_actor:0.3363963319462406 - timing_per_token_ms/gen:0.33716082289565025 - timing_per_token_ms/ref:0.14493023521626075 - perf/total_num_tokens:899287 - perf/time_per_step:709.547588150017 - perf/throughput:1267.4090011984752
[36m(TaskRunner pid=3807184)[0m Dumped generations to /home/yw4636/agentic-tvg/results/grpo-v2/rollouts/202.jsonl
[36m(TaskRunner pid=3807184)[0m step:202 - global_seqlen/min:916562 - global_seqlen/max:916562 - global_seqlen/minmax_diff:0 - global_seqlen/balanced_min:916562 - global_seqlen/balanced_max:916562 - global_seqlen/mean:916562.0 - actor/entropy:0.8020939826965332 - perf/mfu/actor_infer:0.302312425210782 - training/rollout_probs_diff_valid:1 - training/rollout_probs_diff_max:0.35517868399620056 - training/rollout_probs_diff_mean:0.011350131593644619 - training/rollout_probs_diff_std:0.018533969298005104 - training/rollout_actor_probs_pearson_corr:0.9981181025505066 - rollout_corr/training_ppl:2.251452922821045 - rollout_corr/training_log_ppl:0.7998008728027344 - rollout_corr/kl:0.004205650649964809 - rollout_corr/k3_kl:0.0037453253753483295 - rollout_corr/rollout_ppl:2.2417900562286377 - rollout_corr/rollout_log_ppl:0.7955979704856873 - rollout_corr/log_ppl_diff:0.004202962853014469 - rollout_corr/log_ppl_abs_diff:0.005329315550625324 - rollout_corr/log_ppl_diff_max:0.015399456024169922 - rollout_corr/log_ppl_diff_min:-0.0072438716888427734 - rollout_corr/ppl_ratio:1.004223346710205 - rollout_corr/chi2_token:0.006544351577758789 - rollout_corr/chi2_seq:2.401906728744507 - actor/pg_clipfrac:np.float64(0.0) - actor/ppo_kl:np.float64(0.0) - actor/pg_clipfrac_lower:np.float64(0.0) - actor/pg_loss:np.float64(-0.006183330522617325) - actor/kl_loss:np.float64(0.03995287558063865) - actor/kl_coef:np.float64(0.0010000000000000002) - actor/loss:np.float64(-0.0061433762311935425) - actor/grad_norm:np.float64(0.09712731093168259) - actor/lr:np.float64(1e-05) - actor/perf/max_memory_allocated_gb:np.float64(38.943655490875244) - actor/perf/max_memory_reserved_gb:np.float64(41.708984375) - actor/perf/cpu_memory_used_gb:np.float64(100.51055145263672) - perf/mfu/actor:np.float64(0.33664318949844657) - training/global_step:202 - training/epoch:1 - critic/score/mean:1.520534634590149 - critic/score/max:2.430000066757202 - critic/score/min:0.5 - critic/rewards/mean:1.520534634590149 - critic/rewards/max:2.430000066757202 - critic/rewards/min:0.5 - critic/advantages/mean:0.006183346267789602 - critic/advantages/max:1.870322823524475 - critic/advantages/min:-3.2818355560302734 - critic/returns/mean:0.006183346267789602 - critic/returns/max:1.870322823524475 - critic/returns/min:-3.2818355560302734 - response_length/mean:3146.640625 - response_length/max:3401.0 - response_length/min:2904.0 - response_length/clip_ratio:0.0 - response_length_non_aborted/mean:3146.640625 - response_length_non_aborted/max:3401.0 - response_length_non_aborted/min:2904.0 - response_length_non_aborted/clip_ratio:0.0 - response/aborted_ratio:0.0 - prompt_length/mean:4014.0 - prompt_length/max:4137.0 - prompt_length/min:3934.0 - prompt_length/clip_ratio:0.0 - num_turns/min:np.int32(4) - num_turns/max:np.int32(4) - num_turns/mean:np.float64(4.0) - timing_s/start_profile:5.4239993914961815e-05 - timing_s/agent_loop/num_preempted/min:np.int64(-1) - timing_s/agent_loop/num_preempted/max:np.int64(-1) - timing_s/agent_loop/num_preempted/mean:np.float64(-1.0) - timing_s/agent_loop/generate_sequences/min:np.float64(66.10085491801146) - timing_s/agent_loop/generate_sequences/max:np.float64(105.51716645399574) - timing_s/agent_loop/generate_sequences/mean:np.float64(92.56984055821158) - timing_s/agent_loop/tool_calls/min:np.float64(0.05720833595842123) - timing_s/agent_loop/tool_calls/max:np.float64(0.8486026470782235) - timing_s/agent_loop/tool_calls/mean:np.float64(0.13857267506409698) - timing_s/agent_loop/compute_score/min:np.float64(0.32312303700018674) - timing_s/agent_loop/compute_score/max:np.float64(7.746397532057017) - timing_s/agent_loop/compute_score/mean:np.float64(2.20315769023091) - timing_s/agent_loop/slowest/generate_sequences:np.float64(104.62030287808739) - timing_s/agent_loop/slowest/tool_calls:np.float64(0.256339353043586) - timing_s/agent_loop/slowest/compute_score:np.float64(4.654397031059489) - timing_s/agent_loop/slowest/num_preempted:np.int64(-1) - timing_s/agent_loop/slowest/prompt_length:3953 - timing_s/agent_loop/slowest/response_length:3266 - timing_s/gen:133.7524765119888 - timing_s/reward:0.0004164580022916198 - timing_s/old_log_prob:138.59679081197828 - timing_s/ref:133.96643911395222 - timing_s/adv:0.1667664999840781 - timing_s/update_actor:324.3463066900149 - timing_s/update_weights:4.002931764931418 - timing_s/dump_rollout_generations:0.2892347889719531 - timing_s/step:735.2902458179742 - timing_s/stop_profile:4.7805020585656166e-05 - timing_per_token_ms/adv:0.00018194786602987917 - timing_per_token_ms/update_actor:0.35387274040382966 - timing_per_token_ms/gen:0.3320815267075224 - timing_per_token_ms/ref:0.14616189533708818 - perf/total_num_tokens:916562 - perf/time_per_step:735.2902458179742 - perf/throughput:1246.530883842162[36m(TaskRunner pid=3807184)[0m Training Progress:  85%|████████▍ | 203/239 [4:56:31<8:09:45, 816.26s/it]
[36m(TaskRunner pid=3807184)[0m Training Progress:  85%|████████▌ | 204/239 [5:08:47<7:42:05, 792.15s/it]

[36m(TaskRunner pid=3807184)[0m Dumped generations to /home/yw4636/agentic-tvg/results/grpo-v2/rollouts/203.jsonl
[36m(TaskRunner pid=3807184)[0m step:203 - global_seqlen/min:914135 - global_seqlen/max:914135 - global_seqlen/minmax_diff:0 - global_seqlen/balanced_min:914135 - global_seqlen/balanced_max:914135 - global_seqlen/mean:914135.0 - actor/entropy:0.8434604406356812 - perf/mfu/actor_infer:0.30237694279253385 - training/rollout_probs_diff_valid:1 - training/rollout_probs_diff_max:0.4619342088699341 - training/rollout_probs_diff_mean:0.011487039737403393 - training/rollout_probs_diff_std:0.0192547794431448 - training/rollout_actor_probs_pearson_corr:0.9980467557907104 - rollout_corr/training_ppl:2.343560218811035 - rollout_corr/training_log_ppl:0.83321613073349 - rollout_corr/kl:0.004048268776386976 - rollout_corr/k3_kl:0.00417157169431448 - rollout_corr/rollout_ppl:2.334044933319092 - rollout_corr/rollout_log_ppl:0.8291542530059814 - rollout_corr/log_ppl_diff:0.004061908461153507 - rollout_corr/log_ppl_abs_diff:0.0050851283594965935 - rollout_corr/log_ppl_diff_max:0.022455215454101562 - rollout_corr/log_ppl_diff_min:-0.009234607219696045 - rollout_corr/ppl_ratio:1.004083275794983 - rollout_corr/chi2_token:0.008695483207702637 - rollout_corr/chi2_seq:2.6627073287963867 - actor/pg_clipfrac:np.float64(0.0) - actor/ppo_kl:np.float64(0.0) - actor/pg_clipfrac_lower:np.float64(0.0) - actor/pg_loss:np.float64(-0.01242811604970484) - actor/kl_loss:np.float64(0.04000731697306037) - actor/kl_coef:np.float64(0.0010000000000000002) - actor/loss:np.float64(-0.012388117611408234) - actor/grad_norm:np.float64(0.09691321104764938) - actor/lr:np.float64(1e-05) - actor/perf/max_memory_allocated_gb:np.float64(38.943655490875244) - actor/perf/max_memory_reserved_gb:np.float64(41.708984375) - actor/perf/cpu_memory_used_gb:np.float64(116.98332214355469) - perf/mfu/actor:np.float64(0.33956627760793207) - training/global_step:203 - training/epoch:1 - critic/score/mean:1.4374713897705078 - critic/score/max:2.5 - critic/score/min:0.5 - critic/rewards/mean:1.4374713897705078 - critic/rewards/max:2.5 - critic/rewards/min:0.5 - critic/advantages/mean:0.012428132817149162 - critic/advantages/max:3.7499847412109375 - critic/advantages/min:-3.1842780113220215 - critic/returns/mean:0.012428132817149162 - critic/returns/max:3.7499847412109375 - critic/returns/min:-3.1842780113220215 - response_length/mean:3146.8046875 - response_length/max:3341.0 - response_length/min:2936.0 - response_length/clip_ratio:0.0 - response_length_non_aborted/mean:3146.8046875 - response_length_non_aborted/max:3341.0 - response_length_non_aborted/min:2936.0 - response_length_non_aborted/clip_ratio:0.0 - response/aborted_ratio:0.0 - prompt_length/mean:3994.875 - prompt_length/max:4142.0 - prompt_length/min:3933.0 - prompt_length/clip_ratio:0.0 - num_turns/min:np.int32(4) - num_turns/max:np.int32(4) - num_turns/mean:np.float64(4.0) - timing_s/start_profile:5.8172037824988365e-05 - timing_s/agent_loop/num_preempted/min:np.int64(-1) - timing_s/agent_loop/num_preempted/max:np.int64(-1) - timing_s/agent_loop/num_preempted/mean:np.float64(-1.0) - timing_s/agent_loop/generate_sequences/min:np.float64(68.35915990313515) - timing_s/agent_loop/generate_sequences/max:np.float64(103.81470081512816) - timing_s/agent_loop/generate_sequences/mean:np.float64(92.45078156661475) - timing_s/agent_loop/tool_calls/min:np.float64(0.06338143395259976) - timing_s/agent_loop/tool_calls/max:np.float64(0.5037506290245801) - timing_s/agent_loop/tool_calls/mean:np.float64(0.1329005152283571) - timing_s/agent_loop/compute_score/min:np.float64(0.31500693096313626) - timing_s/agent_loop/compute_score/max:np.float64(5.327968446072191) - timing_s/agent_loop/compute_score/mean:np.float64(1.898885486261861) - timing_s/agent_loop/slowest/generate_sequences:np.float64(103.48224841803312) - timing_s/agent_loop/slowest/tool_calls:np.float64(0.12303830299060792) - timing_s/agent_loop/slowest/compute_score:np.float64(5.085267381975427) - timing_s/agent_loop/slowest/num_preempted:np.int64(-1) - timing_s/agent_loop/slowest/prompt_length:3962 - timing_s/agent_loop/slowest/response_length:3205 - timing_s/gen:131.98181759403087 - timing_s/reward:0.00046700797975063324 - timing_s/old_log_prob:141.68697404803243 - timing_s/ref:133.3185645970516 - timing_s/adv:0.15928988496307284 - timing_s/update_actor:323.26922456605826 - timing_s/update_weights:3.9759402059717104 - timing_s/dump_rollout_generations:0.31592346203979105 - timing_s/step:734.8509284849279 - timing_s/stop_profile:4.4844928197562695e-05 - timing_per_token_ms/adv:0.00017425203603742647 - timing_per_token_ms/update_actor:0.353634008725252 - timing_per_token_ms/gen:0.3276682388485117 - timing_per_token_ms/ref:0.14584122104180627 - perf/total_num_tokens:914135 - perf/time_per_step:734.8509284849279 - perf/throughput:1243.9733891126864
[36m(TaskRunner pid=3807184)[0m Dumped generations to /home/yw4636/agentic-tvg/results/grpo-v2/rollouts/204.jsonl
[36m(TaskRunner pid=3807184)[0m step:204 - global_seqlen/min:908339 - global_seqlen/max:908339 - global_seqlen/minmax_diff:0 - global_seqlen/balanced_min:908339 - global_seqlen/balanced_max:908339 - global_seqlen/mean:908339.0 - actor/entropy:0.857537567615509 - perf/mfu/actor_infer:0.30166817509217875 - training/rollout_probs_diff_valid:1 - training/rollout_probs_diff_max:0.4332224130630493 - training/rollout_probs_diff_mean:0.011661882512271404 - training/rollout_probs_diff_std:0.0194394588470459 - training/rollout_actor_probs_pearson_corr:0.998000979423523 - rollout_corr/training_ppl:2.356523275375366 - rollout_corr/training_log_ppl:0.8459563851356506 - rollout_corr/kl:0.003377938875928521 - rollout_corr/k3_kl:0.004267723299562931 - rollout_corr/rollout_ppl:2.348360538482666 - rollout_corr/rollout_log_ppl:0.8425153493881226 - rollout_corr/log_ppl_diff:0.0034409663639962673 - rollout_corr/log_ppl_abs_diff:0.005018118303269148 - rollout_corr/log_ppl_diff_max:0.018651723861694336 - rollout_corr/log_ppl_diff_min:-0.010459363460540771 - rollout_corr/ppl_ratio:1.003462314605713 - rollout_corr/chi2_token:0.010837197303771973 - rollout_corr/chi2_seq:19.242338180541992 - actor/pg_clipfrac:np.float64(0.0) - actor/ppo_kl:np.float64(0.0) - actor/pg_clipfrac_lower:np.float64(0.0) - actor/pg_loss:np.float64(-0.007164294249378145) - actor/kl_loss:np.float64(0.03886623214930296) - actor/kl_coef:np.float64(0.0010000000000000002) - actor/loss:np.float64(-0.007125426083803177) - actor/grad_norm:np.float64(0.11989990621805191) - actor/lr:np.float64(1e-05) - actor/perf/max_memory_allocated_gb:np.float64(38.943655490875244) - actor/perf/max_memory_reserved_gb:np.float64(41.708984375) - actor/perf/cpu_memory_used_gb:np.float64(132.48876571655273) - perf/mfu/actor:np.float64(0.34174377994405486) - training/global_step:204 - training/epoch:1 - critic/score/mean:1.178840160369873 - critic/score/max:2.499997854232788 - critic/score/min:0.5 - critic/rewards/mean:1.178840160369873 - critic/rewards/max:2.499997854232788 - critic/rewards/min:0.5 - critic/advantages/mean:0.00716431112959981 - critic/advantages/max:3.4460363388061523 - critic/advantages/min:-3.652139186859131 - critic/returns/mean:0.00716431112959981 - critic/returns/max:3.4460363388061523 - critic/returns/min:-3.652139186859131 - response_length/mean:3103.6484375 - response_length/max:3361.0 - response_length/min:2815.0 - response_length/clip_ratio:0.0 - response_length_non_aborted/mean:3103.6484375 - response_length_non_aborted/max:3361.0 - response_length_non_aborted/min:2815.0 - response_length_non_aborted/clip_ratio:0.0 - response/aborted_ratio:0.0 - prompt_length/mean:3992.75 - prompt_length/max:4138.0 - prompt_length/min:3749.0 - prompt_length/clip_ratio:0.0 - num_turns/min:np.int32(4) - num_turns/max:np.int32(4) - num_turns/mean:np.float64(4.0) - timing_s/start_profile:5.452195182442665e-05 - timing_s/agent_loop/num_preempted/min:np.int64(-1) - timing_s/agent_loop/num_preempted/max:np.int64(-1) - timing_s/agent_loop/num_preempted/mean:np.float64(-1.0) - timing_s/agent_loop/generate_sequences/min:np.float64(63.74383886391297) - timing_s/agent_loop/generate_sequences/max:np.float64(111.73111916391645) - timing_s/agent_loop/generate_sequences/mean:np.float64(97.278642690796) - timing_s/agent_loop/tool_calls/min:np.float64(0.06491989200003445) - timing_s/agent_loop/tool_calls/max:np.float64(0.7928363409591839) - timing_s/agent_loop/tool_calls/mean:np.float64(0.18147506525019708) - timing_s/agent_loop/compute_score/min:np.float64(0.30608715396374464) - timing_s/agent_loop/compute_score/max:np.float64(5.884056859998964) - timing_s/agent_loop/compute_score/mean:np.float64(1.767590237613149) - timing_s/agent_loop/slowest/generate_sequences:np.float64(111.73111916391645) - timing_s/agent_loop/slowest/tool_calls:np.float64(0.10175015009008348) - timing_s/agent_loop/slowest/compute_score:np.float64(0.3478341340087354) - timing_s/agent_loop/slowest/num_preempted:np.int64(-1) - timing_s/agent_loop/slowest/prompt_length:3941 - timing_s/agent_loop/slowest/response_length:3361 - timing_s/gen:138.99677210103255 - timing_s/reward:0.0004094039322808385 - timing_s/old_log_prob:141.92002073605545 - timing_s/ref:134.02998280501924 - timing_s/adv:0.1538080299505964 - timing_s/update_actor:316.28734436200466 - timing_s/update_weights:4.007939308998175 - timing_s/dump_rollout_generations:0.30173446610569954 - timing_s/step:735.8492092639208 - timing_s/stop_profile:4.647299647331238e-05 - timing_per_token_ms/adv:0.00016932888486632897 - timing_per_token_ms/update_actor:0.3482040783914427 - timing_per_token_ms/gen:0.3498825024505749 - timing_per_token_ms/ref:0.14755502384574398 - perf/total_num_tokens:908339 - perf/time_per_step:735.8492092639208 - perf/throughput:1234.409154164374[36m(TaskRunner pid=3807184)[0m Training Progress:  86%|████████▌ | 205/239 [5:21:13<7:20:57, 778.15s/it]
[36m(TaskRunner pid=3807184)[0m Training Progress:  86%|████████▌ | 206/239 [5:33:29<7:01:02, 765.54s/it]

[36m(TaskRunner pid=3807184)[0m Dumped generations to /home/yw4636/agentic-tvg/results/grpo-v2/rollouts/205.jsonl
[36m(TaskRunner pid=3807184)[0m step:205 - global_seqlen/min:914157 - global_seqlen/max:914157 - global_seqlen/minmax_diff:0 - global_seqlen/balanced_min:914157 - global_seqlen/balanced_max:914157 - global_seqlen/mean:914157.0 - actor/entropy:0.7599986791610718 - perf/mfu/actor_infer:0.29893375299042313 - training/rollout_probs_diff_valid:1 - training/rollout_probs_diff_max:0.40512388944625854 - training/rollout_probs_diff_mean:0.011173720471560955 - training/rollout_probs_diff_std:0.01920974999666214 - training/rollout_actor_probs_pearson_corr:0.9979942440986633 - rollout_corr/training_ppl:2.145634412765503 - rollout_corr/training_log_ppl:0.7532013058662415 - rollout_corr/kl:0.00277069304138422 - rollout_corr/k3_kl:0.003778299316763878 - rollout_corr/rollout_ppl:2.139946222305298 - rollout_corr/rollout_log_ppl:0.750583291053772 - rollout_corr/log_ppl_diff:0.0026180529966950417 - rollout_corr/log_ppl_abs_diff:0.004354712087661028 - rollout_corr/log_ppl_diff_max:0.017552673816680908 - rollout_corr/log_ppl_diff_min:-0.009236454963684082 - rollout_corr/ppl_ratio:1.0026341676712036 - rollout_corr/chi2_token:0.009813666343688965 - rollout_corr/chi2_seq:9.776309967041016 - actor/pg_clipfrac:np.float64(0.0) - actor/ppo_kl:np.float64(0.0) - actor/pg_clipfrac_lower:np.float64(0.0) - actor/pg_loss:np.float64(0.0336711693671532) - actor/kl_loss:np.float64(0.03643207688583061) - actor/kl_coef:np.float64(0.0010000000000000002) - actor/loss:np.float64(0.033707600086927414) - actor/grad_norm:np.float64(0.0911761075258255) - actor/lr:np.float64(1e-05) - actor/perf/max_memory_allocated_gb:np.float64(38.943655490875244) - actor/perf/max_memory_reserved_gb:np.float64(41.708984375) - actor/perf/cpu_memory_used_gb:np.float64(100.38435363769531) - perf/mfu/actor:np.float64(0.3400959087590033) - training/global_step:205 - training/epoch:1 - critic/score/mean:1.4660491943359375 - critic/score/max:2.4323670864105225 - critic/score/min:0.5 - critic/rewards/mean:1.4660491943359375 - critic/rewards/max:2.4323670864105225 - critic/rewards/min:0.5 - critic/advantages/mean:-0.03367118164896965 - critic/advantages/max:3.749969959259033 - critic/advantages/min:-3.4888176918029785 - critic/returns/mean:-0.03367118164896965 - critic/returns/max:3.749969959259033 - critic/returns/min:-3.4888176918029785 - response_length/mean:3195.4765625 - response_length/max:3382.0 - response_length/min:2985.0 - response_length/clip_ratio:0.0 - response_length_non_aborted/mean:3195.4765625 - response_length_non_aborted/max:3382.0 - response_length_non_aborted/min:2985.0 - response_length_non_aborted/clip_ratio:0.0 - response/aborted_ratio:0.0 - prompt_length/mean:3946.375 - prompt_length/max:3959.0 - prompt_length/min:3936.0 - prompt_length/clip_ratio:0.0 - num_turns/min:np.int32(4) - num_turns/max:np.int32(4) - num_turns/mean:np.float64(4.0) - timing_s/start_profile:6.112898699939251e-05 - timing_s/agent_loop/num_preempted/min:np.int64(-1) - timing_s/agent_loop/num_preempted/max:np.int64(-1) - timing_s/agent_loop/num_preempted/mean:np.float64(-1.0) - timing_s/agent_loop/generate_sequences/min:np.float64(60.11249660991598) - timing_s/agent_loop/generate_sequences/max:np.float64(111.47798322991002) - timing_s/agent_loop/generate_sequences/mean:np.float64(95.1311633958885) - timing_s/agent_loop/tool_calls/min:np.float64(0.07615633390378207) - timing_s/agent_loop/tool_calls/max:np.float64(0.993413980002515) - timing_s/agent_loop/tool_calls/mean:np.float64(0.15009049461605173) - timing_s/agent_loop/compute_score/min:np.float64(0.3142053890042007) - timing_s/agent_loop/compute_score/max:np.float64(6.1475896060001105) - timing_s/agent_loop/compute_score/mean:np.float64(1.4632550776632343) - timing_s/agent_loop/slowest/generate_sequences:np.float64(108.19609329290688) - timing_s/agent_loop/slowest/tool_calls:np.float64(0.10032564401626587) - timing_s/agent_loop/slowest/compute_score:np.float64(3.994390231091529) - timing_s/agent_loop/slowest/num_preempted:np.int64(-1) - timing_s/agent_loop/slowest/prompt_length:3951 - timing_s/agent_loop/slowest/response_length:3234 - timing_s/gen:137.98542894795537 - timing_s/reward:0.00037421402521431446 - timing_s/old_log_prob:150.54091865103692 - timing_s/ref:132.09656148892827 - timing_s/adv:0.17321049398742616 - timing_s/update_actor:320.15883403189946 - timing_s/update_weights:3.964892869000323 - timing_s/dump_rollout_generations:0.3201357430079952 - timing_s/step:745.4068650510162 - timing_s/stop_profile:4.630303010344505e-05 - timing_per_token_ms/adv:0.00018947565241793932 - timing_per_token_ms/update_actor:0.35022302955827006 - timing_per_token_ms/gen:0.33735536548968237 - timing_per_token_ms/ref:0.1445009571538896 - perf/total_num_tokens:914157 - perf/time_per_step:745.4068650510162 - perf/throughput:1226.3866122797708
[36m(TaskRunner pid=3807184)[0m Dumped generations to /home/yw4636/agentic-tvg/results/grpo-v2/rollouts/206.jsonl
[36m(TaskRunner pid=3807184)[0m step:206 - global_seqlen/min:917089 - global_seqlen/max:917089 - global_seqlen/minmax_diff:0 - global_seqlen/balanced_min:917089 - global_seqlen/balanced_max:917089 - global_seqlen/mean:917089.0 - actor/entropy:0.8011664748191833 - perf/mfu/actor_infer:0.301407882982995 - training/rollout_probs_diff_valid:1 - training/rollout_probs_diff_max:0.4462588429450989 - training/rollout_probs_diff_mean:0.011146401055157185 - training/rollout_probs_diff_std:0.01836826652288437 - training/rollout_actor_probs_pearson_corr:0.998152494430542 - rollout_corr/training_ppl:2.2252514362335205 - rollout_corr/training_log_ppl:0.7862971425056458 - rollout_corr/kl:0.003943800460547209 - rollout_corr/k3_kl:0.003778901882469654 - rollout_corr/rollout_ppl:2.2160725593566895 - rollout_corr/rollout_log_ppl:0.7822765707969666 - rollout_corr/log_ppl_diff:0.004020588472485542 - rollout_corr/log_ppl_abs_diff:0.004880434833467007 - rollout_corr/log_ppl_diff_max:0.01640874147415161 - rollout_corr/log_ppl_diff_min:-0.005888998508453369 - rollout_corr/ppl_ratio:1.0040397644042969 - rollout_corr/chi2_token:0.00973212718963623 - rollout_corr/chi2_seq:0.619217038154602 - actor/pg_clipfrac:np.float64(0.0) - actor/ppo_kl:np.float64(0.0) - actor/pg_clipfrac_lower:np.float64(0.0) - actor/pg_loss:np.float64(-0.022882410972670186) - actor/kl_loss:np.float64(0.03775602940004319) - actor/kl_coef:np.float64(0.0010000000000000002) - actor/loss:np.float64(-0.02284465730190277) - actor/grad_norm:np.float64(0.10080642998218536) - actor/lr:np.float64(1e-05) - actor/perf/max_memory_allocated_gb:np.float64(38.943655490875244) - actor/perf/max_memory_reserved_gb:np.float64(41.708984375) - actor/perf/cpu_memory_used_gb:np.float64(117.05552673339844) - perf/mfu/actor:np.float64(0.3393561959701453) - training/global_step:206 - training/epoch:1 - critic/score/mean:1.6563737392425537 - critic/score/max:2.5 - critic/score/min:0.5 - critic/rewards/mean:1.6563737392425537 - critic/rewards/max:2.5 - critic/rewards/min:0.5 - critic/advantages/mean:0.022882401943206787 - critic/advantages/max:1.8433549404144287 - critic/advantages/min:-3.2322092056274414 - critic/returns/mean:0.022882401943206787 - critic/returns/max:1.8433549404144287 - critic/returns/min:-3.2322092056274414 - response_length/mean:3147.1328125 - response_length/max:3511.0 - response_length/min:2906.0 - response_length/clip_ratio:0.0 - response_length_non_aborted/mean:3147.1328125 - response_length_non_aborted/max:3511.0 - response_length_non_aborted/min:2906.0 - response_length_non_aborted/clip_ratio:0.0 - response/aborted_ratio:0.0 - prompt_length/mean:4017.625 - prompt_length/max:4147.0 - prompt_length/min:3933.0 - prompt_length/clip_ratio:0.0 - num_turns/min:np.int32(4) - num_turns/max:np.int32(4) - num_turns/mean:np.float64(4.0) - timing_s/start_profile:6.231805309653282e-05 - timing_s/agent_loop/num_preempted/min:np.int64(-1) - timing_s/agent_loop/num_preempted/max:np.int64(-1) - timing_s/agent_loop/num_preempted/mean:np.float64(-1.0) - timing_s/agent_loop/generate_sequences/min:np.float64(68.70419334305916) - timing_s/agent_loop/generate_sequences/max:np.float64(106.14557280403096) - timing_s/agent_loop/generate_sequences/mean:np.float64(93.34194055553417) - timing_s/agent_loop/tool_calls/min:np.float64(0.05955943500157446) - timing_s/agent_loop/tool_calls/max:np.float64(0.7464183620177209) - timing_s/agent_loop/tool_calls/mean:np.float64(0.14611350249651878) - timing_s/agent_loop/compute_score/min:np.float64(0.3209633990190923) - timing_s/agent_loop/compute_score/max:np.float64(5.213363662012853) - timing_s/agent_loop/compute_score/mean:np.float64(1.7867465042736512) - timing_s/agent_loop/slowest/generate_sequences:np.float64(105.86850021104328) - timing_s/agent_loop/slowest/tool_calls:np.float64(0.09213776595424861) - timing_s/agent_loop/slowest/compute_score:np.float64(4.4303335109725595) - timing_s/agent_loop/slowest/num_preempted:np.int64(-1) - timing_s/agent_loop/slowest/prompt_length:3954 - timing_s/agent_loop/slowest/response_length:3280 - timing_s/gen:135.28381032298785 - timing_s/reward:0.0003948129015043378 - timing_s/old_log_prob:141.90227250405587 - timing_s/ref:133.64699806296267 - timing_s/adv:0.16743746993597597 - timing_s/update_actor:320.6487898550695 - timing_s/update_weights:3.9275734879774973 - timing_s/dump_rollout_generations:0.3252664690371603 - timing_s/step:736.0586510860594 - timing_s/stop_profile:5.78160397708416e-05 - timing_per_token_ms/adv:0.0001825749408574042 - timing_per_token_ms/update_actor:0.34963759226756563 - timing_per_token_ms/gen:0.33583100273062994 - timing_per_token_ms/ref:0.1457295835660036 - perf/total_num_tokens:917089 - perf/time_per_step:736.0586510860594 - perf/throughput:1245.9455488320518[36m(TaskRunner pid=3807184)[0m Training Progress:  87%|████████▋ | 207/239 [5:46:05<6:46:41, 762.55s/it]
[36m(TaskRunner pid=3807184)[0m Training Progress:  87%|████████▋ | 208/239 [5:57:51<6:25:13, 745.60s/it]

[36m(TaskRunner pid=3807184)[0m Dumped generations to /home/yw4636/agentic-tvg/results/grpo-v2/rollouts/207.jsonl
[36m(TaskRunner pid=3807184)[0m step:207 - global_seqlen/min:914603 - global_seqlen/max:914603 - global_seqlen/minmax_diff:0 - global_seqlen/balanced_min:914603 - global_seqlen/balanced_max:914603 - global_seqlen/mean:914603.0 - actor/entropy:0.8037979602813721 - perf/mfu/actor_infer:0.302445213904006 - training/rollout_probs_diff_valid:1 - training/rollout_probs_diff_max:0.38327735662460327 - training/rollout_probs_diff_mean:0.011227819137275219 - training/rollout_probs_diff_std:0.01902715116739273 - training/rollout_actor_probs_pearson_corr:0.9980642199516296 - rollout_corr/training_ppl:2.245835304260254 - rollout_corr/training_log_ppl:0.7946686744689941 - rollout_corr/kl:0.00367311155423522 - rollout_corr/k3_kl:0.0037271734327077866 - rollout_corr/rollout_ppl:2.23734188079834 - rollout_corr/rollout_log_ppl:0.7909331917762756 - rollout_corr/log_ppl_diff:0.0037356154061853886 - rollout_corr/log_ppl_abs_diff:0.004941650666296482 - rollout_corr/log_ppl_diff_max:0.016232848167419434 - rollout_corr/log_ppl_diff_min:-0.00802832841873169 - rollout_corr/ppl_ratio:1.0037556886672974 - rollout_corr/chi2_token:0.007959365844726562 - rollout_corr/chi2_seq:2.737304925918579 - actor/pg_clipfrac:np.float64(0.0) - actor/ppo_kl:np.float64(0.0) - actor/pg_clipfrac_lower:np.float64(0.0) - actor/pg_loss:np.float64(-0.00178459458402358) - actor/kl_loss:np.float64(0.039761808584444225) - actor/kl_coef:np.float64(0.0010000000000000002) - actor/loss:np.float64(-0.001744825392961502) - actor/grad_norm:np.float64(0.09848887473344803) - actor/lr:np.float64(1e-05) - actor/perf/max_memory_allocated_gb:np.float64(38.943655490875244) - actor/perf/max_memory_reserved_gb:np.float64(41.708984375) - actor/perf/cpu_memory_used_gb:np.float64(100.54092025756836) - perf/mfu/actor:np.float64(0.3391901228788966) - training/global_step:207 - training/epoch:1 - critic/score/mean:1.4155395030975342 - critic/score/max:2.410828113555908 - critic/score/min:0.5 - critic/rewards/mean:1.4155395030975342 - critic/rewards/max:2.410828113555908 - critic/rewards/min:0.5 - critic/advantages/mean:0.0017846127739176154 - critic/advantages/max:1.9099762439727783 - critic/advantages/min:-2.0219223499298096 - critic/returns/mean:0.0017846127739176154 - critic/returns/max:1.9099762439727783 - critic/returns/min:-2.0219223499298096 - response_length/mean:3127.7109375 - response_length/max:3425.0 - response_length/min:2916.0 - response_length/clip_ratio:0.0 - response_length_non_aborted/mean:3127.7109375 - response_length_non_aborted/max:3425.0 - response_length_non_aborted/min:2916.0 - response_length_non_aborted/clip_ratio:0.0 - response/aborted_ratio:0.0 - prompt_length/mean:4017.625 - prompt_length/max:4154.0 - prompt_length/min:3937.0 - prompt_length/clip_ratio:0.0 - num_turns/min:np.int32(4) - num_turns/max:np.int32(4) - num_turns/mean:np.float64(4.0) - timing_s/start_profile:7.072498556226492e-05 - timing_s/agent_loop/num_preempted/min:np.int64(-1) - timing_s/agent_loop/num_preempted/max:np.int64(-1) - timing_s/agent_loop/num_preempted/mean:np.float64(-1.0) - timing_s/agent_loop/generate_sequences/min:np.float64(73.2778751970036) - timing_s/agent_loop/generate_sequences/max:np.float64(113.49480388115626) - timing_s/agent_loop/generate_sequences/mean:np.float64(99.40686264502165) - timing_s/agent_loop/tool_calls/min:np.float64(0.06074403796810657) - timing_s/agent_loop/tool_calls/max:np.float64(0.8726468130480498) - timing_s/agent_loop/tool_calls/mean:np.float64(0.15388501360484952) - timing_s/agent_loop/compute_score/min:np.float64(0.31820725998841226) - timing_s/agent_loop/compute_score/max:np.float64(6.678337667020969) - timing_s/agent_loop/compute_score/mean:np.float64(1.7625475085778817) - timing_s/agent_loop/slowest/generate_sequences:np.float64(113.17120594799053) - timing_s/agent_loop/slowest/tool_calls:np.float64(0.07465182500891387) - timing_s/agent_loop/slowest/compute_score:np.float64(2.110157230985351) - timing_s/agent_loop/slowest/num_preempted:np.int64(-1) - timing_s/agent_loop/slowest/prompt_length:3940 - timing_s/agent_loop/slowest/response_length:3425 - timing_s/gen:141.42641393700615 - timing_s/reward:0.0004513950552791357 - timing_s/old_log_prob:146.78332174697425 - timing_s/ref:137.15858957893215 - timing_s/adv:0.16306644794531167 - timing_s/update_actor:325.476284056087 - timing_s/update_weights:4.012273780070245 - timing_s/dump_rollout_generations:0.3207327090203762 - timing_s/step:755.4944172889227 - timing_s/stop_profile:3.9032078348100185e-05 - timing_per_token_ms/adv:0.00017829205452563754 - timing_per_token_ms/update_actor:0.3558661889979445 - timing_per_token_ms/gen:0.3532595821549959 - timing_per_token_ms/ref:0.1499651647533762 - perf/total_num_tokens:914603 - perf/time_per_step:755.4944172889227 - perf/throughput:1210.6019304312472
[36m(TaskRunner pid=3807184)[0m Dumped generations to /home/yw4636/agentic-tvg/results/grpo-v2/rollouts/208.jsonl
[36m(TaskRunner pid=3807184)[0m step:208 - global_seqlen/min:890230 - global_seqlen/max:890230 - global_seqlen/minmax_diff:0 - global_seqlen/balanced_min:890230 - global_seqlen/balanced_max:890230 - global_seqlen/mean:890230.0 - actor/entropy:0.7914561033248901 - perf/mfu/actor_infer:0.30036853245037176 - training/rollout_probs_diff_valid:1 - training/rollout_probs_diff_max:0.5366746187210083 - training/rollout_probs_diff_mean:0.011085390113294125 - training/rollout_probs_diff_std:0.018291542306542397 - training/rollout_actor_probs_pearson_corr:0.9981591701507568 - rollout_corr/training_ppl:2.221320629119873 - rollout_corr/training_log_ppl:0.7867764234542847 - rollout_corr/kl:0.003159640356898308 - rollout_corr/k3_kl:0.0034180106595158577 - rollout_corr/rollout_ppl:2.2139759063720703 - rollout_corr/rollout_log_ppl:0.7834357023239136 - rollout_corr/log_ppl_diff:0.0033407348673790693 - rollout_corr/log_ppl_abs_diff:0.004485397599637508 - rollout_corr/log_ppl_diff_max:0.017677247524261475 - rollout_corr/log_ppl_diff_min:-0.005510568618774414 - rollout_corr/ppl_ratio:1.0033572912216187 - rollout_corr/chi2_token:0.0076416730880737305 - rollout_corr/chi2_seq:1.2374968528747559 - actor/pg_clipfrac:np.float64(0.0) - actor/ppo_kl:np.float64(0.0) - actor/pg_clipfrac_lower:np.float64(0.0) - actor/pg_loss:np.float64(-0.01766797217715066) - actor/kl_loss:np.float64(0.038099118624813855) - actor/kl_coef:np.float64(0.0010000000000000002) - actor/loss:np.float64(-0.01762986183166504) - actor/grad_norm:np.float64(0.09418392181396484) - actor/lr:np.float64(1e-05) - actor/perf/max_memory_allocated_gb:np.float64(38.943655490875244) - actor/perf/max_memory_reserved_gb:np.float64(41.708984375) - actor/perf/cpu_memory_used_gb:np.float64(99.51371383666992) - perf/mfu/actor:np.float64(0.3402592288025627) - training/global_step:208 - training/epoch:1 - critic/score/mean:1.4539570808410645 - critic/score/max:2.4100000858306885 - critic/score/min:0.5 - critic/rewards/mean:1.4539570808410645 - critic/rewards/max:2.4100000858306885 - critic/rewards/min:0.5 - critic/advantages/mean:0.0176679864525795 - critic/advantages/max:3.6902480125427246 - critic/advantages/min:-3.319554567337036 - critic/returns/mean:0.0176679864525795 - critic/returns/max:3.6902480125427246 - critic/returns/min:-3.319554567337036 - response_length/mean:3018.546875 - response_length/max:3342.0 - response_length/min:2618.0 - response_length/clip_ratio:0.0 - response_length_non_aborted/mean:3018.546875 - response_length_non_aborted/max:3342.0 - response_length_non_aborted/min:2618.0 - response_length_non_aborted/clip_ratio:0.0 - response/aborted_ratio:0.0 - prompt_length/mean:3936.375 - prompt_length/max:4144.0 - prompt_length/min:3613.0 - prompt_length/clip_ratio:0.0 - num_turns/min:np.int32(4) - num_turns/max:np.int32(4) - num_turns/mean:np.float64(4.0) - timing_s/start_profile:6.162305362522602e-05 - timing_s/agent_loop/num_preempted/min:np.int64(-1) - timing_s/agent_loop/num_preempted/max:np.int64(-1) - timing_s/agent_loop/num_preempted/mean:np.float64(-1.0) - timing_s/agent_loop/generate_sequences/min:np.float64(66.0828182179248) - timing_s/agent_loop/generate_sequences/max:np.float64(98.5819039719645) - timing_s/agent_loop/generate_sequences/mean:np.float64(87.57881707648994) - timing_s/agent_loop/tool_calls/min:np.float64(0.06255144998431206) - timing_s/agent_loop/tool_calls/max:np.float64(0.7974036779487506) - timing_s/agent_loop/tool_calls/mean:np.float64(0.16264703317847307) - timing_s/agent_loop/compute_score/min:np.float64(0.28933376003988087) - timing_s/agent_loop/compute_score/max:np.float64(8.34359023196157) - timing_s/agent_loop/compute_score/mean:np.float64(2.043941302486928) - timing_s/agent_loop/slowest/generate_sequences:np.float64(97.4442800040124) - timing_s/agent_loop/slowest/tool_calls:np.float64(0.2262237280374393) - timing_s/agent_loop/slowest/compute_score:np.float64(4.775216373964213) - timing_s/agent_loop/slowest/num_preempted:np.int64(-1) - timing_s/agent_loop/slowest/prompt_length:3947 - timing_s/agent_loop/slowest/response_length:3221 - timing_s/gen:128.6298529410269 - timing_s/reward:0.00039853702764958143 - timing_s/old_log_prob:136.98112384800334 - timing_s/ref:129.36994176800363 - timing_s/adv:0.18268312397412956 - timing_s/update_actor:305.5742323800223 - timing_s/update_weights:4.009171642945148 - timing_s/dump_rollout_generations:0.31943829997908324 - timing_s/step:705.2331278729253 - timing_s/stop_profile:3.995292354375124e-05 - timing_per_token_ms/adv:0.00020520890553467032 - timing_per_token_ms/update_actor:0.34325312827024734 - timing_per_token_ms/gen:0.3329153952932312 - timing_per_token_ms/ref:0.14532193002707572 - perf/total_num_tokens:890230 - perf/time_per_step:705.2331278729253 - perf/throughput:1262.3201673538074[36m(TaskRunner pid=3807184)[0m Training Progress:  87%|████████▋ | 209/239 [6:10:00<6:10:22, 740.74s/it]
[36m(TaskRunner pid=3807184)[0m Training Progress:  88%|████████▊ | 210/239 [6:22:01<5:55:06, 734.70s/it]

[36m(TaskRunner pid=3807184)[0m Dumped generations to /home/yw4636/agentic-tvg/results/grpo-v2/rollouts/209.jsonl
[36m(TaskRunner pid=3807184)[0m step:209 - global_seqlen/min:913036 - global_seqlen/max:913036 - global_seqlen/minmax_diff:0 - global_seqlen/balanced_min:913036 - global_seqlen/balanced_max:913036 - global_seqlen/mean:913036.0 - actor/entropy:0.7903031706809998 - perf/mfu/actor_infer:0.29984260477868535 - training/rollout_probs_diff_valid:1 - training/rollout_probs_diff_max:0.3879353404045105 - training/rollout_probs_diff_mean:0.01142437756061554 - training/rollout_probs_diff_std:0.01900842785835266 - training/rollout_actor_probs_pearson_corr:0.9980164766311646 - rollout_corr/training_ppl:2.1902472972869873 - rollout_corr/training_log_ppl:0.7759966254234314 - rollout_corr/kl:0.004205028060823679 - rollout_corr/k3_kl:0.0036149395164102316 - rollout_corr/rollout_ppl:2.1810288429260254 - rollout_corr/rollout_log_ppl:0.7717434167861938 - rollout_corr/log_ppl_diff:0.004253200255334377 - rollout_corr/log_ppl_abs_diff:0.005371511448174715 - rollout_corr/log_ppl_diff_max:0.020825445652008057 - rollout_corr/log_ppl_diff_min:-0.0076743364334106445 - rollout_corr/ppl_ratio:1.0042767524719238 - rollout_corr/chi2_token:0.006120085716247559 - rollout_corr/chi2_seq:2.3834352493286133 - actor/pg_clipfrac:np.float64(0.0) - actor/ppo_kl:np.float64(0.0) - actor/pg_clipfrac_lower:np.float64(0.0) - actor/pg_loss:np.float64(0.002292774894158356) - actor/kl_loss:np.float64(0.038811804668512195) - actor/kl_coef:np.float64(0.0010000000000000002) - actor/loss:np.float64(0.002331595867872238) - actor/grad_norm:np.float64(0.10325408726930618) - actor/lr:np.float64(1e-05) - actor/perf/max_memory_allocated_gb:np.float64(38.943655490875244) - actor/perf/max_memory_reserved_gb:np.float64(41.708984375) - actor/perf/cpu_memory_used_gb:np.float64(100.67230987548828) - perf/mfu/actor:np.float64(0.33970325335327006) - training/global_step:209 - training/epoch:1 - critic/score/mean:1.491066575050354 - critic/score/max:2.4734513759613037 - critic/score/min:0.5 - critic/rewards/mean:1.491066575050354 - critic/rewards/max:2.4734513759613037 - critic/rewards/min:0.5 - critic/advantages/mean:-0.002292780438438058 - critic/advantages/max:2.2036702632904053 - critic/advantages/min:-2.138256072998047 - critic/returns/mean:-0.002292780438438058 - critic/returns/max:2.2036702632904053 - critic/returns/min:-2.138256072998047 - response_length/mean:3121.09375 - response_length/max:3347.0 - response_length/min:2890.0 - response_length/clip_ratio:0.0 - response_length_non_aborted/mean:3121.09375 - response_length_non_aborted/max:3347.0 - response_length_non_aborted/min:2890.0 - response_length_non_aborted/clip_ratio:0.0 - response/aborted_ratio:0.0 - prompt_length/mean:4012.0 - prompt_length/max:4138.0 - prompt_length/min:3938.0 - prompt_length/clip_ratio:0.0 - num_turns/min:np.int32(4) - num_turns/max:np.int32(4) - num_turns/mean:np.float64(4.0) - timing_s/start_profile:5.890708416700363e-05 - timing_s/agent_loop/num_preempted/min:np.int64(-1) - timing_s/agent_loop/num_preempted/max:np.int64(-1) - timing_s/agent_loop/num_preempted/mean:np.float64(-1.0) - timing_s/agent_loop/generate_sequences/min:np.float64(66.22445289802272) - timing_s/agent_loop/generate_sequences/max:np.float64(103.03533127193805) - timing_s/agent_loop/generate_sequences/mean:np.float64(89.12026899103239) - timing_s/agent_loop/tool_calls/min:np.float64(0.0720264749834314) - timing_s/agent_loop/tool_calls/max:np.float64(0.9316531800432131) - timing_s/agent_loop/tool_calls/mean:np.float64(0.18360598834715347) - timing_s/agent_loop/compute_score/min:np.float64(0.32205493503715843) - timing_s/agent_loop/compute_score/max:np.float64(6.145260296063498) - timing_s/agent_loop/compute_score/mean:np.float64(2.26863260339087) - timing_s/agent_loop/slowest/generate_sequences:np.float64(103.03533127193805) - timing_s/agent_loop/slowest/tool_calls:np.float64(0.2665591570548713) - timing_s/agent_loop/slowest/compute_score:np.float64(2.455271799932234) - timing_s/agent_loop/slowest/num_preempted:np.int64(-1) - timing_s/agent_loop/slowest/prompt_length:3938 - timing_s/agent_loop/slowest/response_length:3347 - timing_s/gen:132.74068167700898 - timing_s/reward:0.0004485879326239228 - timing_s/old_log_prob:139.70050030306447 - timing_s/ref:132.7071051619714 - timing_s/adv:0.1691789539763704 - timing_s/update_actor:318.759213782032 - timing_s/update_weights:3.9793741010362282 - timing_s/dump_rollout_generations:0.32230168499518186 - timing_s/step:728.5453384210123 - timing_s/stop_profile:4.503689706325531e-05 - timing_per_token_ms/adv:0.00018529275294333454 - timing_per_token_ms/update_actor:0.3491200936020398 - timing_per_token_ms/gen:0.33226703799000995 - timing_per_token_ms/ref:0.14534706754385524 - perf/total_num_tokens:913036 - perf/time_per_step:728.5453384210123 - perf/throughput:1253.2315449012922
[36m(TaskRunner pid=3807184)[0m Dumped generations to /home/yw4636/agentic-tvg/results/grpo-v2/rollouts/210.jsonl
[36m(TaskRunner pid=3807184)[0m step:210 - global_seqlen/min:909131 - global_seqlen/max:909131 - global_seqlen/minmax_diff:0 - global_seqlen/balanced_min:909131 - global_seqlen/balanced_max:909131 - global_seqlen/mean:909131.0 - actor/entropy:0.8217326402664185 - perf/mfu/actor_infer:0.2997140532335739 - training/rollout_probs_diff_valid:1 - training/rollout_probs_diff_max:0.6408670544624329 - training/rollout_probs_diff_mean:0.011689731851220131 - training/rollout_probs_diff_std:0.020307881757616997 - training/rollout_actor_probs_pearson_corr:0.9978343844413757 - rollout_corr/training_ppl:2.264212131500244 - rollout_corr/training_log_ppl:0.8052682876586914 - rollout_corr/kl:0.004441640339791775 - rollout_corr/k3_kl:0.004445912316441536 - rollout_corr/rollout_ppl:2.254392385482788 - rollout_corr/rollout_log_ppl:0.8008750677108765 - rollout_corr/log_ppl_diff:0.0043931989930570126 - rollout_corr/log_ppl_abs_diff:0.005455933976918459 - rollout_corr/log_ppl_diff_max:0.025556862354278564 - rollout_corr/log_ppl_diff_min:-0.008406519889831543 - rollout_corr/ppl_ratio:1.004418134689331 - rollout_corr/chi2_token:0.008878231048583984 - rollout_corr/chi2_seq:24.670230865478516 - actor/pg_clipfrac:np.float64(0.0) - actor/ppo_kl:np.float64(0.0) - actor/pg_clipfrac_lower:np.float64(0.0) - actor/pg_loss:np.float64(0.014116471400484443) - actor/kl_loss:np.float64(0.04282311775023118) - actor/kl_coef:np.float64(0.0010000000000000002) - actor/loss:np.float64(0.014159301295876503) - actor/grad_norm:np.float64(0.10221674293279648) - actor/lr:np.float64(1e-05) - actor/perf/max_memory_allocated_gb:np.float64(38.943655490875244) - actor/perf/max_memory_reserved_gb:np.float64(41.708984375) - actor/perf/cpu_memory_used_gb:np.float64(100.98661804199219) - perf/mfu/actor:np.float64(0.34021804746126016) - training/global_step:210 - training/epoch:1 - critic/score/mean:1.4385524988174438 - critic/score/max:2.382352828979492 - critic/score/min:0.5 - critic/rewards/mean:1.4385524988174438 - critic/rewards/max:2.382352828979492 - critic/rewards/min:0.5 - critic/advantages/mean:-0.014116446487605572 - critic/advantages/max:3.7173168659210205 - critic/advantages/min:-2.5855636596679688 - critic/returns/mean:-0.014116446487605572 - critic/returns/max:3.7173168659210205 - critic/returns/min:-2.5855636596679688 - response_length/mean:3089.7109375 - response_length/max:3377.0 - response_length/min:2699.0 - response_length/clip_ratio:0.0 - response_length_non_aborted/mean:3089.7109375 - response_length_non_aborted/max:3377.0 - response_length_non_aborted/min:2699.0 - response_length_non_aborted/clip_ratio:0.0 - response/aborted_ratio:0.0 - prompt_length/mean:4012.875 - prompt_length/max:4143.0 - prompt_length/min:3760.0 - prompt_length/clip_ratio:0.0 - num_turns/min:np.int32(4) - num_turns/max:np.int32(4) - num_turns/mean:np.float64(4.0) - timing_s/start_profile:5.86420064792037e-05 - timing_s/agent_loop/num_preempted/min:np.int64(-1) - timing_s/agent_loop/num_preempted/max:np.int64(-1) - timing_s/agent_loop/num_preempted/mean:np.float64(-1.0) - timing_s/agent_loop/generate_sequences/min:np.float64(65.42820913996547) - timing_s/agent_loop/generate_sequences/max:np.float64(106.31077251001261) - timing_s/agent_loop/generate_sequences/mean:np.float64(91.0316170917722) - timing_s/agent_loop/tool_calls/min:np.float64(0.06164422899018973) - timing_s/agent_loop/tool_calls/max:np.float64(0.8519026288995519) - timing_s/agent_loop/tool_calls/mean:np.float64(0.14070947615891782) - timing_s/agent_loop/compute_score/min:np.float64(0.30674487294163555) - timing_s/agent_loop/compute_score/max:np.float64(8.943118572002277) - timing_s/agent_loop/compute_score/mean:np.float64(2.3934648367694535) - timing_s/agent_loop/slowest/generate_sequences:np.float64(106.31077251001261) - timing_s/agent_loop/slowest/tool_calls:np.float64(0.19282954593654722) - timing_s/agent_loop/slowest/compute_score:np.float64(2.6466075429925695) - timing_s/agent_loop/slowest/num_preempted:np.int64(-1) - timing_s/agent_loop/slowest/prompt_length:3932 - timing_s/agent_loop/slowest/response_length:3377 - timing_s/gen:131.9748709759442 - timing_s/reward:0.0004157830262556672 - timing_s/old_log_prob:140.8771118890727 - timing_s/ref:128.63017427595332 - timing_s/adv:0.17180357803590596 - timing_s/update_actor:313.5985465000849 - timing_s/update_weights:3.9880046689650044 - timing_s/dump_rollout_generations:0.3238675540778786 - timing_s/step:719.7232286949875 - timing_s/stop_profile:4.8078945837914944e-05 - timing_per_token_ms/adv:0.00018897560201544766 - timing_per_token_ms/update_actor:0.34494318915545163 - timing_per_token_ms/gen:0.3337055473331198 - timing_per_token_ms/ref:0.14148695212895976 - perf/total_num_tokens:909131 - perf/time_per_step:719.7232286949875 - perf/throughput:1263.1675118343053[36m(TaskRunner pid=3807184)[0m Training Progress:  88%|████████▊ | 211/239 [6:34:02<5:41:01, 730.76s/it]
[36m(TaskRunner pid=3807184)[0m Training Progress:  89%|████████▊ | 212/239 [6:46:09<5:28:18, 729.56s/it]

[36m(TaskRunner pid=3807184)[0m Dumped generations to /home/yw4636/agentic-tvg/results/grpo-v2/rollouts/211.jsonl
[36m(TaskRunner pid=3807184)[0m step:211 - global_seqlen/min:906041 - global_seqlen/max:906041 - global_seqlen/minmax_diff:0 - global_seqlen/balanced_min:906041 - global_seqlen/balanced_max:906041 - global_seqlen/mean:906041.0 - actor/entropy:0.8469184041023254 - perf/mfu/actor_infer:0.2981866758609428 - training/rollout_probs_diff_valid:1 - training/rollout_probs_diff_max:0.3241368234157562 - training/rollout_probs_diff_mean:0.011914980597794056 - training/rollout_probs_diff_std:0.01933649741113186 - training/rollout_actor_probs_pearson_corr:0.9979602694511414 - rollout_corr/training_ppl:2.314368963241577 - rollout_corr/training_log_ppl:0.8250703811645508 - rollout_corr/kl:0.00414993055164814 - rollout_corr/k3_kl:0.004037856590002775 - rollout_corr/rollout_ppl:2.305044412612915 - rollout_corr/rollout_log_ppl:0.8210377097129822 - rollout_corr/log_ppl_diff:0.004032664932310581 - rollout_corr/log_ppl_abs_diff:0.005635623820126057 - rollout_corr/log_ppl_diff_max:0.024144351482391357 - rollout_corr/log_ppl_diff_min:-0.009566187858581543 - rollout_corr/ppl_ratio:1.0040574073791504 - rollout_corr/chi2_token:0.007906675338745117 - rollout_corr/chi2_seq:135.66836547851562 - actor/pg_clipfrac:np.float64(0.0) - actor/ppo_kl:np.float64(0.0) - actor/pg_clipfrac_lower:np.float64(0.0) - actor/pg_loss:np.float64(-0.005263298808131367) - actor/kl_loss:np.float64(0.040675765834748745) - actor/kl_coef:np.float64(0.0010000000000000002) - actor/loss:np.float64(-0.0052226223051548) - actor/grad_norm:np.float64(0.09989965707063675) - actor/lr:np.float64(1e-05) - actor/perf/max_memory_allocated_gb:np.float64(38.943655490875244) - actor/perf/max_memory_reserved_gb:np.float64(41.708984375) - actor/perf/cpu_memory_used_gb:np.float64(100.8630256652832) - perf/mfu/actor:np.float64(0.3390431338277836) - training/global_step:211 - training/epoch:1 - critic/score/mean:1.0434069633483887 - critic/score/max:2.0999999046325684 - critic/score/min:0.5 - critic/rewards/mean:1.0434069633483887 - critic/rewards/max:2.0999999046325684 - critic/rewards/min:0.5 - critic/advantages/mean:0.005263294093310833 - critic/advantages/max:3.1470534801483154 - critic/advantages/min:-3.119947671890259 - critic/returns/mean:0.005263294093310833 - critic/returns/max:3.1470534801483154 - critic/returns/min:-3.119947671890259 - response_length/mean:3102.5703125 - response_length/max:3534.0 - response_length/min:2633.0 - response_length/clip_ratio:0.0 - response_length_non_aborted/mean:3102.5703125 - response_length_non_aborted/max:3534.0 - response_length_non_aborted/min:2633.0 - response_length_non_aborted/clip_ratio:0.0 - response/aborted_ratio:0.0 - prompt_length/mean:3975.875 - prompt_length/max:4135.0 - prompt_length/min:3628.0 - prompt_length/clip_ratio:0.0 - num_turns/min:np.int32(4) - num_turns/max:np.int32(4) - num_turns/mean:np.float64(4.0) - timing_s/start_profile:5.3878058679401875e-05 - timing_s/agent_loop/num_preempted/min:np.int64(-1) - timing_s/agent_loop/num_preempted/max:np.int64(-1) - timing_s/agent_loop/num_preempted/mean:np.float64(-1.0) - timing_s/agent_loop/generate_sequences/min:np.float64(67.73401759401895) - timing_s/agent_loop/generate_sequences/max:np.float64(105.8115762838861) - timing_s/agent_loop/generate_sequences/mean:np.float64(91.12150902665871) - timing_s/agent_loop/tool_calls/min:np.float64(0.0652940470026806) - timing_s/agent_loop/tool_calls/max:np.float64(2.0628983459901065) - timing_s/agent_loop/tool_calls/mean:np.float64(0.16419413503899705) - timing_s/agent_loop/compute_score/min:np.float64(0.33103429700713605) - timing_s/agent_loop/compute_score/max:np.float64(7.2384330600034446) - timing_s/agent_loop/compute_score/mean:np.float64(2.480024011617388) - timing_s/agent_loop/slowest/generate_sequences:np.float64(105.8115762838861) - timing_s/agent_loop/slowest/tool_calls:np.float64(0.2546909700613469) - timing_s/agent_loop/slowest/compute_score:np.float64(3.1514024030184373) - timing_s/agent_loop/slowest/num_preempted:np.int64(-1) - timing_s/agent_loop/slowest/prompt_length:3945 - timing_s/agent_loop/slowest/response_length:3303 - timing_s/gen:134.98262164997868 - timing_s/reward:0.0005105480086058378 - timing_s/old_log_prob:139.02037081401795 - timing_s/ref:128.2412225670414 - timing_s/adv:0.1681539680575952 - timing_s/update_actor:314.63893148407806 - timing_s/update_weights:3.981910708011128 - timing_s/dump_rollout_generations:0.3156324989395216 - timing_s/step:721.5024463069858 - timing_s/stop_profile:3.7134974263608456e-05 - timing_per_token_ms/adv:0.0001855920074892805 - timing_per_token_ms/update_actor:0.3472678736216993 - timing_per_token_ms/gen:0.3398961588047679 - timing_per_token_ms/ref:0.14154019803413026 - perf/total_num_tokens:906041 - perf/time_per_step:721.5024463069858 - perf/throughput:1255.7698239799126
[36m(TaskRunner pid=3807184)[0m Dumped generations to /home/yw4636/agentic-tvg/results/grpo-v2/rollouts/212.jsonl
[36m(TaskRunner pid=3807184)[0m step:212 - global_seqlen/min:909660 - global_seqlen/max:909660 - global_seqlen/minmax_diff:0 - global_seqlen/balanced_min:909660 - global_seqlen/balanced_max:909660 - global_seqlen/mean:909660.0 - actor/entropy:0.7526417374610901 - perf/mfu/actor_infer:0.3001204356081825 - training/rollout_probs_diff_valid:1 - training/rollout_probs_diff_max:0.3517586886882782 - training/rollout_probs_diff_mean:0.01165491808205843 - training/rollout_probs_diff_std:0.019827308133244514 - training/rollout_actor_probs_pearson_corr:0.9978471398353577 - rollout_corr/training_ppl:2.1161818504333496 - rollout_corr/training_log_ppl:0.7392890453338623 - rollout_corr/kl:0.003633493324741721 - rollout_corr/k3_kl:0.003980307839810848 - rollout_corr/rollout_ppl:2.108499526977539 - rollout_corr/rollout_log_ppl:0.7357280850410461 - rollout_corr/log_ppl_diff:0.0035610452760010958 - rollout_corr/log_ppl_abs_diff:0.004815161693841219 - rollout_corr/log_ppl_diff_max:0.014326333999633789 - rollout_corr/log_ppl_diff_min:-0.012039244174957275 - rollout_corr/ppl_ratio:1.0035791397094727 - rollout_corr/chi2_token:0.00891125202178955 - rollout_corr/chi2_seq:26.720897674560547 - actor/pg_clipfrac:np.float64(0.0) - actor/ppo_kl:np.float64(0.0) - actor/pg_clipfrac_lower:np.float64(0.0) - actor/pg_loss:np.float64(-0.024910817155614495) - actor/kl_loss:np.float64(0.041005298437085) - actor/kl_coef:np.float64(0.0010000000000000002) - actor/loss:np.float64(-0.024869807064533234) - actor/grad_norm:np.float64(0.09847158193588257) - actor/lr:np.float64(1e-05) - actor/perf/max_memory_allocated_gb:np.float64(38.943655490875244) - actor/perf/max_memory_reserved_gb:np.float64(41.708984375) - actor/perf/cpu_memory_used_gb:np.float64(101.1964225769043) - perf/mfu/actor:np.float64(0.34081819614885067) - training/global_step:212 - training/epoch:1 - critic/score/mean:1.5526188611984253 - critic/score/max:2.3888888359069824 - critic/score/min:0.5 - critic/rewards/mean:1.5526188611984253 - critic/rewards/max:2.3888888359069824 - critic/rewards/min:0.5 - critic/advantages/mean:0.024910837411880493 - critic/advantages/max:2.746927261352539 - critic/advantages/min:-3.103449583053589 - critic/returns/mean:0.024910837411880493 - critic/returns/max:2.746927261352539 - critic/returns/min:-3.103449583053589 - response_length/mean:3199.84375 - response_length/max:3847.0 - response_length/min:2884.0 - response_length/clip_ratio:0.0 - response_length_non_aborted/mean:3199.84375 - response_length_non_aborted/max:3847.0 - response_length_non_aborted/min:2884.0 - response_length_non_aborted/clip_ratio:0.0 - response/aborted_ratio:0.0 - prompt_length/mean:3906.875 - prompt_length/max:4131.0 - prompt_length/min:3624.0 - prompt_length/clip_ratio:0.0 - num_turns/min:np.int32(4) - num_turns/max:np.int32(4) - num_turns/mean:np.float64(4.0) - timing_s/start_profile:6.752694025635719e-05 - timing_s/agent_loop/num_preempted/min:np.int64(-1) - timing_s/agent_loop/num_preempted/max:np.int64(-1) - timing_s/agent_loop/num_preempted/mean:np.float64(-1.0) - timing_s/agent_loop/generate_sequences/min:np.float64(63.30413432396017) - timing_s/agent_loop/generate_sequences/max:np.float64(99.58687389001716) - timing_s/agent_loop/generate_sequences/mean:np.float64(86.45845611765799) - timing_s/agent_loop/tool_calls/min:np.float64(0.07117594697047025) - timing_s/agent_loop/tool_calls/max:np.float64(1.3040387730579823) - timing_s/agent_loop/tool_calls/mean:np.float64(0.17961039939837065) - timing_s/agent_loop/compute_score/min:np.float64(0.32235855190083385) - timing_s/agent_loop/compute_score/max:np.float64(4.098177821957506) - timing_s/agent_loop/compute_score/mean:np.float64(1.4552949457911382) - timing_s/agent_loop/slowest/generate_sequences:np.float64(99.58687389001716) - timing_s/agent_loop/slowest/tool_calls:np.float64(0.08122964890208095) - timing_s/agent_loop/slowest/compute_score:np.float64(1.8651425550924614) - timing_s/agent_loop/slowest/num_preempted:np.int64(-1) - timing_s/agent_loop/slowest/prompt_length:3961 - timing_s/agent_loop/slowest/response_length:3301 - timing_s/gen:127.66109431395307 - timing_s/reward:0.00041356205474585295 - timing_s/old_log_prob:143.60527351801284 - timing_s/ref:132.5128489229828 - timing_s/adv:0.16575589007698 - timing_s/update_actor:317.52946527302265 - timing_s/update_weights:3.983267431962304 - timing_s/dump_rollout_generations:0.33481050201226026 - timing_s/step:725.9526909718988 - timing_s/stop_profile:4.5091030187904835e-05 - timing_per_token_ms/adv:0.00018221741098540113 - timing_per_token_ms/update_actor:0.34906389780030195 - timing_per_token_ms/gen:0.3116878126714026 - timing_per_token_ms/ref:0.14567294255324276 - perf/total_num_tokens:909660 - perf/time_per_step:725.9526909718988 - perf/throughput:1253.0568607468836[36m(TaskRunner pid=3807184)[0m Training Progress:  89%|████████▉ | 213/239 [6:58:15<5:15:41, 728.50s/it]
[36m(TaskRunner pid=3807184)[0m Training Progress:  90%|████████▉ | 214/239 [7:10:36<5:05:04, 732.19s/it]

[36m(TaskRunner pid=3807184)[0m Dumped generations to /home/yw4636/agentic-tvg/results/grpo-v2/rollouts/213.jsonl
[36m(TaskRunner pid=3807184)[0m step:213 - global_seqlen/min:913295 - global_seqlen/max:913295 - global_seqlen/minmax_diff:0 - global_seqlen/balanced_min:913295 - global_seqlen/balanced_max:913295 - global_seqlen/mean:913295.0 - actor/entropy:0.7969818711280823 - perf/mfu/actor_infer:0.30089844083904704 - training/rollout_probs_diff_valid:1 - training/rollout_probs_diff_max:0.5210034251213074 - training/rollout_probs_diff_mean:0.01162619050592184 - training/rollout_probs_diff_std:0.019255323335528374 - training/rollout_actor_probs_pearson_corr:0.9979729652404785 - rollout_corr/training_ppl:2.215949058532715 - rollout_corr/training_log_ppl:0.7856706380844116 - rollout_corr/kl:0.0035398933105170727 - rollout_corr/k3_kl:0.004087989684194326 - rollout_corr/rollout_ppl:2.20816969871521 - rollout_corr/rollout_log_ppl:0.7822269201278687 - rollout_corr/log_ppl_diff:0.003443614114075899 - rollout_corr/log_ppl_abs_diff:0.0049972436390817165 - rollout_corr/log_ppl_diff_max:0.016686081886291504 - rollout_corr/log_ppl_diff_min:-0.012402951717376709 - rollout_corr/ppl_ratio:1.0034635066986084 - rollout_corr/chi2_token:0.009523630142211914 - rollout_corr/chi2_seq:29.20879554748535 - actor/pg_clipfrac:np.float64(0.0) - actor/ppo_kl:np.float64(0.0) - actor/pg_clipfrac_lower:np.float64(0.0) - actor/pg_loss:np.float64(-0.020165630558039993) - actor/kl_loss:np.float64(0.04035179491620511) - actor/kl_coef:np.float64(0.0010000000000000002) - actor/loss:np.float64(-0.02012528106570244) - actor/grad_norm:np.float64(0.10931557416915894) - actor/lr:np.float64(1e-05) - actor/perf/max_memory_allocated_gb:np.float64(38.943655490875244) - actor/perf/max_memory_reserved_gb:np.float64(41.708984375) - actor/perf/cpu_memory_used_gb:np.float64(117.71818542480469) - perf/mfu/actor:np.float64(0.3407506086435649) - training/global_step:213 - training/epoch:1 - critic/score/mean:1.4021633863449097 - critic/score/max:2.5 - critic/score/min:0.5 - critic/rewards/mean:1.4021633863449097 - critic/rewards/max:2.5 - critic/rewards/min:0.5 - critic/advantages/mean:0.020165620371699333 - critic/advantages/max:3.251154661178589 - critic/advantages/min:-2.560504674911499 - critic/returns/mean:0.020165620371699333 - critic/returns/max:3.251154661178589 - critic/returns/min:-2.560504674911499 - response_length/mean:3142.4921875 - response_length/max:3376.0 - response_length/min:2947.0 - response_length/clip_ratio:0.0 - response_length_non_aborted/mean:3142.4921875 - response_length_non_aborted/max:3376.0 - response_length_non_aborted/min:2947.0 - response_length_non_aborted/clip_ratio:0.0 - response/aborted_ratio:0.0 - prompt_length/mean:3992.625 - prompt_length/max:4142.0 - prompt_length/min:3939.0 - prompt_length/clip_ratio:0.0 - num_turns/min:np.int32(4) - num_turns/max:np.int32(4) - num_turns/mean:np.float64(4.0) - timing_s/start_profile:6.119906902313232e-05 - timing_s/agent_loop/num_preempted/min:np.int64(-1) - timing_s/agent_loop/num_preempted/max:np.int64(-1) - timing_s/agent_loop/num_preempted/mean:np.float64(-1.0) - timing_s/agent_loop/generate_sequences/min:np.float64(66.1347413121257) - timing_s/agent_loop/generate_sequences/max:np.float64(105.40045642910991) - timing_s/agent_loop/generate_sequences/mean:np.float64(92.47147441249126) - timing_s/agent_loop/tool_calls/min:np.float64(0.06417056894861162) - timing_s/agent_loop/tool_calls/max:np.float64(0.8071989839663729) - timing_s/agent_loop/tool_calls/mean:np.float64(0.16934710565055866) - timing_s/agent_loop/compute_score/min:np.float64(0.3219311219872907) - timing_s/agent_loop/compute_score/max:np.float64(3.9151592679554597) - timing_s/agent_loop/compute_score/mean:np.float64(1.6189422863062646) - timing_s/agent_loop/slowest/generate_sequences:np.float64(104.50356900307816) - timing_s/agent_loop/slowest/tool_calls:np.float64(0.11810113303363323) - timing_s/agent_loop/slowest/compute_score:np.float64(3.16867133800406) - timing_s/agent_loop/slowest/num_preempted:np.int64(-1) - timing_s/agent_loop/slowest/prompt_length:3939 - timing_s/agent_loop/slowest/response_length:3303 - timing_s/gen:134.63058394996915 - timing_s/reward:0.0004509009886533022 - timing_s/old_log_prob:140.40261176694185 - timing_s/ref:130.92466954805423 - timing_s/adv:0.159661678946577 - timing_s/update_actor:315.354765073047 - timing_s/update_weights:3.9982236890355125 - timing_s/dump_rollout_generations:0.3164849099703133 - timing_s/step:725.9669730550377 - timing_s/stop_profile:4.851003177464008e-05 - timing_per_token_ms/adv:0.000174819394551133 - timing_per_token_ms/update_actor:0.34529343210358865 - timing_per_token_ms/gen:0.33470296005600936 - timing_per_token_ms/ref:0.14335419502795288 - perf/total_num_tokens:913295 - perf/time_per_step:725.9669730550377 - perf/throughput:1258.0393239607615
[36m(TaskRunner pid=3807184)[0m Dumped generations to /home/yw4636/agentic-tvg/results/grpo-v2/rollouts/214.jsonl
[36m(TaskRunner pid=3807184)[0m step:214 - global_seqlen/min:911298 - global_seqlen/max:911298 - global_seqlen/minmax_diff:0 - global_seqlen/balanced_min:911298 - global_seqlen/balanced_max:911298 - global_seqlen/mean:911298.0 - actor/entropy:0.7600570321083069 - perf/mfu/actor_infer:0.30089576344767854 - training/rollout_probs_diff_valid:1 - training/rollout_probs_diff_max:0.4502095580101013 - training/rollout_probs_diff_mean:0.011485256254673004 - training/rollout_probs_diff_std:0.01931254006922245 - training/rollout_actor_probs_pearson_corr:0.9979475736618042 - rollout_corr/training_ppl:2.1455748081207275 - rollout_corr/training_log_ppl:0.7518054246902466 - rollout_corr/kl:0.0036861964035779238 - rollout_corr/k3_kl:0.003708045231178403 - rollout_corr/rollout_ppl:2.1376914978027344 - rollout_corr/rollout_log_ppl:0.7481256723403931 - rollout_corr/log_ppl_diff:0.003679731162264943 - rollout_corr/log_ppl_abs_diff:0.004628055728971958 - rollout_corr/log_ppl_diff_max:0.01854187250137329 - rollout_corr/log_ppl_diff_min:-0.008671283721923828 - rollout_corr/ppl_ratio:1.003697156906128 - rollout_corr/chi2_token:0.007714033126831055 - rollout_corr/chi2_seq:3.1645898818969727 - actor/pg_clipfrac:np.float64(0.0) - actor/ppo_kl:np.float64(0.0) - actor/pg_clipfrac_lower:np.float64(0.0) - actor/pg_loss:np.float64(0.0054227111977525055) - actor/kl_loss:np.float64(0.04105472401715815) - actor/kl_coef:np.float64(0.0010000000000000002) - actor/loss:np.float64(0.005463764071464539) - actor/grad_norm:np.float64(0.10108959674835205) - actor/lr:np.float64(1e-05) - actor/perf/max_memory_allocated_gb:np.float64(38.943655490875244) - actor/perf/max_memory_reserved_gb:np.float64(41.708984375) - actor/perf/cpu_memory_used_gb:np.float64(134.04224395751953) - perf/mfu/actor:np.float64(0.3407827716527369) - training/global_step:214 - training/epoch:1 - critic/score/mean:1.3934491872787476 - critic/score/max:2.3888888359069824 - critic/score/min:0.5 - critic/rewards/mean:1.3934491872787476 - critic/rewards/max:2.3888888359069824 - critic/rewards/min:0.5 - critic/advantages/mean:-0.005422726273536682 - critic/advantages/max:2.6046953201293945 - critic/advantages/min:-3.4024581909179688 - critic/returns/mean:-0.005422726273536682 - critic/returns/max:2.6046953201293945 - critic/returns/min:-3.4024581909179688 - response_length/mean:3175.265625 - response_length/max:3460.0 - response_length/min:3023.0 - response_length/clip_ratio:0.0 - response_length_non_aborted/mean:3175.265625 - response_length_non_aborted/max:3460.0 - response_length_non_aborted/min:3023.0 - response_length_non_aborted/clip_ratio:0.0 - response/aborted_ratio:0.0 - prompt_length/mean:3944.25 - prompt_length/max:3951.0 - prompt_length/min:3937.0 - prompt_length/clip_ratio:0.0 - num_turns/min:np.int32(4) - num_turns/max:np.int32(4) - num_turns/mean:np.float64(4.0) - timing_s/start_profile:6.0928985476493835e-05 - timing_s/agent_loop/num_preempted/min:np.int64(-1) - timing_s/agent_loop/num_preempted/max:np.int64(-1) - timing_s/agent_loop/num_preempted/mean:np.float64(-1.0) - timing_s/agent_loop/generate_sequences/min:np.float64(66.26502108201385) - timing_s/agent_loop/generate_sequences/max:np.float64(105.70926642999984) - timing_s/agent_loop/generate_sequences/mean:np.float64(90.96387896685792) - timing_s/agent_loop/tool_calls/min:np.float64(0.07880740403197706) - timing_s/agent_loop/tool_calls/max:np.float64(0.42472902697045356) - timing_s/agent_loop/tool_calls/mean:np.float64(0.14712483847870317) - timing_s/agent_loop/compute_score/min:np.float64(0.3190989410504699) - timing_s/agent_loop/compute_score/max:np.float64(6.035866830963641) - timing_s/agent_loop/compute_score/mean:np.float64(1.9778719308878863) - timing_s/agent_loop/slowest/generate_sequences:np.float64(102.38326450297609) - timing_s/agent_loop/slowest/tool_calls:np.float64(0.11137535003945231) - timing_s/agent_loop/slowest/compute_score:np.float64(4.588427247013897) - timing_s/agent_loop/slowest/num_preempted:np.int64(-1) - timing_s/agent_loop/slowest/prompt_length:3950 - timing_s/agent_loop/slowest/response_length:3292 - timing_s/gen:133.53837833099533 - timing_s/reward:0.0003763890126720071 - timing_s/old_log_prob:144.72244177397806 - timing_s/ref:138.21469962398987 - timing_s/adv:0.1625041529769078 - timing_s/update_actor:319.62831632292364 - timing_s/update_weights:3.977376390947029 - timing_s/dump_rollout_generations:0.32103033491875976 - timing_s/step:740.7364438109798 - timing_s/stop_profile:4.662096034735441e-05 - timing_per_token_ms/adv:0.00017832163899943575 - timing_per_token_ms/update_actor:0.35073962230019556 - timing_per_token_ms/gen:0.3285610414753572 - timing_per_token_ms/ref:0.15166795013704615 - perf/total_num_tokens:911298 - perf/time_per_step:740.7364438109798 - perf/throughput:1230.2594365568218[36m(TaskRunner pid=3807184)[0m Training Progress:  90%|████████▉ | 215/239 [7:22:56<4:53:50, 734.60s/it]
[36m(TaskRunner pid=3807184)[0m Training Progress:  90%|█████████ | 216/239 [7:34:53<4:39:37, 729.47s/it]

[36m(TaskRunner pid=3807184)[0m Dumped generations to /home/yw4636/agentic-tvg/results/grpo-v2/rollouts/215.jsonl
[36m(TaskRunner pid=3807184)[0m step:215 - global_seqlen/min:915676 - global_seqlen/max:915676 - global_seqlen/minmax_diff:0 - global_seqlen/balanced_min:915676 - global_seqlen/balanced_max:915676 - global_seqlen/mean:915676.0 - actor/entropy:0.7892379760742188 - perf/mfu/actor_infer:0.30208522300891044 - training/rollout_probs_diff_valid:1 - training/rollout_probs_diff_max:0.5023481249809265 - training/rollout_probs_diff_mean:0.011682924814522266 - training/rollout_probs_diff_std:0.021071352064609528 - training/rollout_actor_probs_pearson_corr:0.9977023005485535 - rollout_corr/training_ppl:2.233812093734741 - rollout_corr/training_log_ppl:0.7917664051055908 - rollout_corr/kl:0.0043336921371519566 - rollout_corr/k3_kl:0.004662643186748028 - rollout_corr/rollout_ppl:2.224241018295288 - rollout_corr/rollout_log_ppl:0.7874107360839844 - rollout_corr/log_ppl_diff:0.004355724900960922 - rollout_corr/log_ppl_abs_diff:0.005320181138813496 - rollout_corr/log_ppl_diff_max:0.02321416139602661 - rollout_corr/log_ppl_diff_min:-0.008560538291931152 - rollout_corr/ppl_ratio:1.0043803453445435 - rollout_corr/chi2_token:0.009862065315246582 - rollout_corr/chi2_seq:1.4604239463806152 - actor/pg_clipfrac:np.float64(0.0) - actor/ppo_kl:np.float64(0.0) - actor/pg_clipfrac_lower:np.float64(0.0) - actor/pg_loss:np.float64(0.023548560980998445) - actor/kl_loss:np.float64(0.043828596477396786) - actor/kl_coef:np.float64(0.0010000000000000002) - actor/loss:np.float64(0.02359239012002945) - actor/grad_norm:np.float64(0.09415310621261597) - actor/lr:np.float64(1e-05) - actor/perf/max_memory_allocated_gb:np.float64(38.943655490875244) - actor/perf/max_memory_reserved_gb:np.float64(41.708984375) - actor/perf/cpu_memory_used_gb:np.float64(101.88699340820312) - perf/mfu/actor:np.float64(0.3406883645510858) - training/global_step:215 - training/epoch:1 - critic/score/mean:1.3759485483169556 - critic/score/max:2.409090995788574 - critic/score/min:0.5 - critic/rewards/mean:1.3759485483169556 - critic/rewards/max:2.409090995788574 - critic/rewards/min:0.5 - critic/advantages/mean:-0.02354855090379715 - critic/advantages/max:2.394751787185669 - critic/advantages/min:-2.505919933319092 - critic/returns/mean:-0.02354855090379715 - critic/returns/max:2.394751787185669 - critic/returns/min:-2.505919933319092 - response_length/mean:3209.96875 - response_length/max:3647.0 - response_length/min:2943.0 - response_length/clip_ratio:0.0 - response_length_non_aborted/mean:3209.96875 - response_length_non_aborted/max:3647.0 - response_length_non_aborted/min:2943.0 - response_length_non_aborted/clip_ratio:0.0 - response/aborted_ratio:0.0 - prompt_length/mean:3943.75 - prompt_length/max:4155.0 - prompt_length/min:3363.0 - prompt_length/clip_ratio:0.0 - num_turns/min:np.int32(4) - num_turns/max:np.int32(4) - num_turns/mean:np.float64(4.0) - timing_s/start_profile:7.076095789670944e-05 - timing_s/agent_loop/num_preempted/min:np.int64(-1) - timing_s/agent_loop/num_preempted/max:np.int64(-1) - timing_s/agent_loop/num_preempted/mean:np.float64(-1.0) - timing_s/agent_loop/generate_sequences/min:np.float64(67.41037180193234) - timing_s/agent_loop/generate_sequences/max:np.float64(102.92188345594332) - timing_s/agent_loop/generate_sequences/mean:np.float64(90.63996374074941) - timing_s/agent_loop/tool_calls/min:np.float64(0.04839398805052042) - timing_s/agent_loop/tool_calls/max:np.float64(5.798940152977593) - timing_s/agent_loop/tool_calls/mean:np.float64(0.19635358092091337) - timing_s/agent_loop/compute_score/min:np.float64(0.31672256893943995) - timing_s/agent_loop/compute_score/max:np.float64(4.648838519002311) - timing_s/agent_loop/compute_score/mean:np.float64(1.7838443880245904) - timing_s/agent_loop/slowest/generate_sequences:np.float64(102.92188345594332) - timing_s/agent_loop/slowest/tool_calls:np.float64(5.798940152977593) - timing_s/agent_loop/slowest/compute_score:np.float64(0.31756442703772336) - timing_s/agent_loop/slowest/num_preempted:np.int64(-1) - timing_s/agent_loop/slowest/prompt_length:3949 - timing_s/agent_loop/slowest/response_length:3503 - timing_s/gen:135.6664813880343 - timing_s/reward:0.0004521539667621255 - timing_s/old_log_prob:143.67148616700433 - timing_s/ref:131.42427615402266 - timing_s/adv:0.1714134820504114 - timing_s/update_actor:324.7411511739483 - timing_s/update_weights:3.974855312029831 - timing_s/dump_rollout_generations:0.3221970400772989 - timing_s/step:740.1448631959502 - timing_s/stop_profile:4.705507308244705e-05 - timing_per_token_ms/adv:0.00018719883676148702 - timing_per_token_ms/update_actor:0.35464634999055156 - timing_per_token_ms/gen:0.33018838138035395 - timing_per_token_ms/ref:0.14352705122119905 - perf/total_num_tokens:915676 - perf/time_per_step:740.1448631959502 - perf/throughput:1237.1578126558973
[36m(TaskRunner pid=3807184)[0m Dumped generations to /home/yw4636/agentic-tvg/results/grpo-v2/rollouts/216.jsonl
[36m(TaskRunner pid=3807184)[0m step:216 - global_seqlen/min:904920 - global_seqlen/max:904920 - global_seqlen/minmax_diff:0 - global_seqlen/balanced_min:904920 - global_seqlen/balanced_max:904920 - global_seqlen/mean:904920.0 - actor/entropy:0.8346964716911316 - perf/mfu/actor_infer:0.2977610864916996 - training/rollout_probs_diff_valid:1 - training/rollout_probs_diff_max:0.5004218816757202 - training/rollout_probs_diff_mean:0.011435674503445625 - training/rollout_probs_diff_std:0.018854772672057152 - training/rollout_actor_probs_pearson_corr:0.9980959892272949 - rollout_corr/training_ppl:2.3174564838409424 - rollout_corr/training_log_ppl:0.8286998867988586 - rollout_corr/kl:0.003569727297872305 - rollout_corr/k3_kl:0.003942064940929413 - rollout_corr/rollout_ppl:2.3089001178741455 - rollout_corr/rollout_log_ppl:0.8251413106918335 - rollout_corr/log_ppl_diff:0.0035585062578320503 - rollout_corr/log_ppl_abs_diff:0.004969047382473946 - rollout_corr/log_ppl_diff_max:0.0419236421585083 - rollout_corr/log_ppl_diff_min:-0.010103166103363037 - rollout_corr/ppl_ratio:1.0035825967788696 - rollout_corr/chi2_token:0.008781194686889648 - rollout_corr/chi2_seq:34.243568420410156 - actor/pg_clipfrac:np.float64(0.0) - actor/ppo_kl:np.float64(0.0) - actor/pg_clipfrac_lower:np.float64(0.0) - actor/pg_loss:np.float64(0.029913407401181757) - actor/kl_loss:np.float64(0.04406192904571071) - actor/kl_coef:np.float64(0.0010000000000000002) - actor/loss:np.float64(0.029957477003335953) - actor/grad_norm:np.float64(0.10848438739776611) - actor/lr:np.float64(1e-05) - actor/perf/max_memory_allocated_gb:np.float64(38.943655490875244) - actor/perf/max_memory_reserved_gb:np.float64(41.708984375) - actor/perf/cpu_memory_used_gb:np.float64(101.23604202270508) - perf/mfu/actor:np.float64(0.34318226946838454) - training/global_step:216 - training/epoch:1 - critic/score/mean:1.1277371644973755 - critic/score/max:2.269387722015381 - critic/score/min:0.0 - critic/rewards/mean:1.1277371644973755 - critic/rewards/max:2.269387722015381 - critic/rewards/min:0.0 - critic/advantages/mean:-0.029913397505879402 - critic/advantages/max:2.0652801990509033 - critic/advantages/min:-2.954990863800049 - critic/returns/mean:-0.029913397505879402 - critic/returns/max:2.0652801990509033 - critic/returns/min:-2.954990863800049 - response_length/mean:3071.1875 - response_length/max:3641.0 - response_length/min:2615.0 - response_length/clip_ratio:0.0 - response_length_non_aborted/mean:3071.1875 - response_length_non_aborted/max:3641.0 - response_length_non_aborted/min:2615.0 - response_length_non_aborted/clip_ratio:0.0 - response/aborted_ratio:0.0 - prompt_length/mean:3998.5 - prompt_length/max:4153.0 - prompt_length/min:3612.0 - prompt_length/clip_ratio:0.0 - num_turns/min:np.int32(4) - num_turns/max:np.int32(4) - num_turns/mean:np.float64(4.0) - timing_s/start_profile:6.401399150490761e-05 - timing_s/agent_loop/num_preempted/min:np.int64(-1) - timing_s/agent_loop/num_preempted/max:np.int64(-1) - timing_s/agent_loop/num_preempted/mean:np.float64(-1.0) - timing_s/agent_loop/generate_sequences/min:np.float64(67.4838248710148) - timing_s/agent_loop/generate_sequences/max:np.float64(104.20627366995905) - timing_s/agent_loop/generate_sequences/mean:np.float64(89.16177716609309) - timing_s/agent_loop/tool_calls/min:np.float64(0.0674322199774906) - timing_s/agent_loop/tool_calls/max:np.float64(1.0828003820497543) - timing_s/agent_loop/tool_calls/mean:np.float64(0.18116342084158532) - timing_s/agent_loop/compute_score/min:np.float64(0.2879500649869442) - timing_s/agent_loop/compute_score/max:np.float64(6.215795152937062) - timing_s/agent_loop/compute_score/mean:np.float64(2.0485782681298588) - timing_s/agent_loop/slowest/generate_sequences:np.float64(104.20627366995905) - timing_s/agent_loop/slowest/tool_calls:np.float64(0.11872744199354202) - timing_s/agent_loop/slowest/compute_score:np.float64(2.035493155941367) - timing_s/agent_loop/slowest/num_preempted:np.int64(-1) - timing_s/agent_loop/slowest/prompt_length:3942 - timing_s/agent_loop/slowest/response_length:3641 - timing_s/gen:128.74014591099694 - timing_s/reward:0.0005226419307291508 - timing_s/old_log_prob:141.2755953220185 - timing_s/ref:133.09810424991883 - timing_s/adv:0.17630978696979582 - timing_s/update_actor:309.65846192091703 - timing_s/update_weights:3.986220124992542 - timing_s/dump_rollout_generations:0.3200077150249854 - timing_s/step:717.4085742179304 - timing_s/stop_profile:4.834297578781843e-05 - timing_per_token_ms/adv:0.00019483466711951977 - timing_per_token_ms/update_actor:0.3421942955409506 - timing_per_token_ms/gen:0.3274897380670062 - timing_per_token_ms/ref:0.14708273024125762 - perf/total_num_tokens:904920 - perf/time_per_step:717.4085742179304 - perf/throughput:1261.3732711328153[36m(TaskRunner pid=3807184)[0m Training Progress:  91%|█████████ | 217/239 [7:47:00<4:27:08, 728.57s/it]
[36m(TaskRunner pid=3807184)[0m Training Progress:  91%|█████████ | 218/239 [7:59:25<4:16:41, 733.39s/it]

[36m(TaskRunner pid=3807184)[0m Dumped generations to /home/yw4636/agentic-tvg/results/grpo-v2/rollouts/217.jsonl
[36m(TaskRunner pid=3807184)[0m step:217 - global_seqlen/min:906625 - global_seqlen/max:906625 - global_seqlen/minmax_diff:0 - global_seqlen/balanced_min:906625 - global_seqlen/balanced_max:906625 - global_seqlen/mean:906625.0 - actor/entropy:0.8122953176498413 - perf/mfu/actor_infer:0.30030269161643935 - training/rollout_probs_diff_valid:1 - training/rollout_probs_diff_max:0.4435119032859802 - training/rollout_probs_diff_mean:0.01203776616603136 - training/rollout_probs_diff_std:0.020243491977453232 - training/rollout_actor_probs_pearson_corr:0.9978001713752747 - rollout_corr/training_ppl:2.264101028442383 - rollout_corr/training_log_ppl:0.8052201271057129 - rollout_corr/kl:0.004821079317480326 - rollout_corr/k3_kl:0.004202697426080704 - rollout_corr/rollout_ppl:2.253298044204712 - rollout_corr/rollout_log_ppl:0.8005653023719788 - rollout_corr/log_ppl_diff:0.004654842894524336 - rollout_corr/log_ppl_abs_diff:0.005668293684720993 - rollout_corr/log_ppl_diff_max:0.01970010995864868 - rollout_corr/log_ppl_diff_min:-0.007999330759048462 - rollout_corr/ppl_ratio:1.0046792030334473 - rollout_corr/chi2_token:0.00725102424621582 - rollout_corr/chi2_seq:0.6334208250045776 - actor/pg_clipfrac:np.float64(0.0) - actor/ppo_kl:np.float64(0.0) - actor/pg_clipfrac_lower:np.float64(0.0) - actor/pg_loss:np.float64(-0.01774814508826239) - actor/kl_loss:np.float64(0.04798869212390855) - actor/kl_coef:np.float64(0.0010000000000000002) - actor/loss:np.float64(-0.017700158059597015) - actor/grad_norm:np.float64(0.11765637248754501) - actor/lr:np.float64(1e-05) - actor/perf/max_memory_allocated_gb:np.float64(38.943655490875244) - actor/perf/max_memory_reserved_gb:np.float64(41.708984375) - actor/perf/cpu_memory_used_gb:np.float64(118.24484634399414) - perf/mfu/actor:np.float64(0.3394373204293) - training/global_step:217 - training/epoch:1 - critic/score/mean:1.4424806833267212 - critic/score/max:2.4639999866485596 - critic/score/min:0.5 - critic/rewards/mean:1.4424806833267212 - critic/rewards/max:2.4639999866485596 - critic/rewards/min:0.5 - critic/advantages/mean:0.017748134210705757 - critic/advantages/max:2.4536519050598145 - critic/advantages/min:-2.275883913040161 - critic/returns/mean:0.017748134210705757 - critic/returns/max:2.4536519050598145 - critic/returns/min:-2.275883913040161 - response_length/mean:3107.6328125 - response_length/max:3575.0 - response_length/min:2418.0 - response_length/clip_ratio:0.0 - response_length_non_aborted/mean:3107.6328125 - response_length_non_aborted/max:3575.0 - response_length_non_aborted/min:2418.0 - response_length_non_aborted/clip_ratio:0.0 - response/aborted_ratio:0.0 - prompt_length/mean:3975.375 - prompt_length/max:4206.0 - prompt_length/min:3936.0 - prompt_length/clip_ratio:0.0 - num_turns/min:np.int32(4) - num_turns/max:np.int32(4) - num_turns/mean:np.float64(4.0) - timing_s/start_profile:6.849004421383142e-05 - timing_s/agent_loop/num_preempted/min:np.int64(-1) - timing_s/agent_loop/num_preempted/max:np.int64(-1) - timing_s/agent_loop/num_preempted/mean:np.float64(-1.0) - timing_s/agent_loop/generate_sequences/min:np.float64(15.931491730967537) - timing_s/agent_loop/generate_sequences/max:np.float64(105.36544092593249) - timing_s/agent_loop/generate_sequences/mean:np.float64(86.49097507021361) - timing_s/agent_loop/tool_calls/min:np.float64(0.041883175959810615) - timing_s/agent_loop/tool_calls/max:np.float64(0.7576647440437227) - timing_s/agent_loop/tool_calls/mean:np.float64(0.15225203692079958) - timing_s/agent_loop/compute_score/min:np.float64(0.3203389960108325) - timing_s/agent_loop/compute_score/max:np.float64(6.802395779057406) - timing_s/agent_loop/compute_score/mean:np.float64(2.1692761798894935) - timing_s/agent_loop/slowest/generate_sequences:np.float64(105.13753533386625) - timing_s/agent_loop/slowest/tool_calls:np.float64(0.10643941711168736) - timing_s/agent_loop/slowest/compute_score:np.float64(3.095966581022367) - timing_s/agent_loop/slowest/num_preempted:np.int64(-1) - timing_s/agent_loop/slowest/prompt_length:3947 - timing_s/agent_loop/slowest/response_length:3313 - timing_s/gen:132.53669171698857 - timing_s/reward:0.0004549979930743575 - timing_s/old_log_prob:141.93343485507648 - timing_s/ref:131.77182483603247 - timing_s/adv:0.16976423596497625 - timing_s/update_actor:315.5016863269266 - timing_s/update_weights:3.993848049081862 - timing_s/dump_rollout_generations:0.3194077810039744 - timing_s/step:726.401105362107 - timing_s/stop_profile:4.705099854618311e-05 - timing_per_token_ms/adv:0.0001872485713111554 - timing_per_token_ms/update_actor:0.34799579354962257 - timing_per_token_ms/gen:0.33319345190141353 - timing_per_token_ms/ref:0.1453432508876685 - perf/total_num_tokens:906625 - perf/time_per_step:726.401105362107 - perf/throughput:1248.1052042838678
[36m(TaskRunner pid=3807184)[0m Dumped generations to /home/yw4636/agentic-tvg/results/grpo-v2/rollouts/218.jsonl
[36m(TaskRunner pid=3807184)[0m step:218 - global_seqlen/min:916007 - global_seqlen/max:916007 - global_seqlen/minmax_diff:0 - global_seqlen/balanced_min:916007 - global_seqlen/balanced_max:916007 - global_seqlen/mean:916007.0 - actor/entropy:0.7797372341156006 - perf/mfu/actor_infer:0.2967541892207258 - training/rollout_probs_diff_valid:1 - training/rollout_probs_diff_max:0.3083133101463318 - training/rollout_probs_diff_mean:0.011381372809410095 - training/rollout_probs_diff_std:0.01917017064988613 - training/rollout_actor_probs_pearson_corr:0.9979948401451111 - rollout_corr/training_ppl:2.20029616355896 - rollout_corr/training_log_ppl:0.7786720395088196 - rollout_corr/kl:0.0038770579267293215 - rollout_corr/k3_kl:0.0037132170982658863 - rollout_corr/rollout_ppl:2.191852331161499 - rollout_corr/rollout_log_ppl:0.7748846411705017 - rollout_corr/log_ppl_diff:0.003787427442148328 - rollout_corr/log_ppl_abs_diff:0.005292641464620829 - rollout_corr/log_ppl_diff_max:0.015964210033416748 - rollout_corr/log_ppl_diff_min:-0.011728107929229736 - rollout_corr/ppl_ratio:1.0038080215454102 - rollout_corr/chi2_token:0.007101893424987793 - rollout_corr/chi2_seq:11.090690612792969 - actor/pg_clipfrac:np.float64(0.0) - actor/ppo_kl:np.float64(0.0) - actor/pg_clipfrac_lower:np.float64(0.0) - actor/pg_loss:np.float64(0.033292328065726906) - actor/kl_loss:np.float64(0.0417027227813378) - actor/kl_coef:np.float64(0.0010000000000000002) - actor/loss:np.float64(0.033334024250507355) - actor/grad_norm:np.float64(0.10786543786525726) - actor/lr:np.float64(1e-05) - actor/perf/max_memory_allocated_gb:np.float64(38.943655490875244) - actor/perf/max_memory_reserved_gb:np.float64(41.806640625) - actor/perf/cpu_memory_used_gb:np.float64(134.9170036315918) - perf/mfu/actor:np.float64(0.33850541183919564) - training/global_step:218 - training/epoch:1 - critic/score/mean:1.6296947002410889 - critic/score/max:2.3651375770568848 - critic/score/min:0.5 - critic/rewards/mean:1.6296947002410889 - critic/rewards/max:2.3651375770568848 - critic/rewards/min:0.5 - critic/advantages/mean:-0.03329232707619667 - critic/advantages/max:2.7069296836853027 - critic/advantages/min:-2.4491140842437744 - critic/returns/mean:-0.03329232707619667 - critic/returns/max:2.7069296836853027 - critic/returns/min:-2.4491140842437744 - response_length/mean:3137.0546875 - response_length/max:3368.0 - response_length/min:2920.0 - response_length/clip_ratio:0.0 - response_length_non_aborted/mean:3137.0546875 - response_length_non_aborted/max:3368.0 - response_length_non_aborted/min:2920.0 - response_length_non_aborted/clip_ratio:0.0 - response/aborted_ratio:0.0 - prompt_length/mean:4019.25 - prompt_length/max:4142.0 - prompt_length/min:3938.0 - prompt_length/clip_ratio:0.0 - num_turns/min:np.int32(4) - num_turns/max:np.int32(4) - num_turns/mean:np.float64(4.0) - timing_s/start_profile:5.903898272663355e-05 - timing_s/agent_loop/num_preempted/min:np.int64(-1) - timing_s/agent_loop/num_preempted/max:np.int64(-1) - timing_s/agent_loop/num_preempted/mean:np.float64(-1.0) - timing_s/agent_loop/generate_sequences/min:np.float64(68.99581154191401) - timing_s/agent_loop/generate_sequences/max:np.float64(104.43786400090903) - timing_s/agent_loop/generate_sequences/mean:np.float64(90.63058414880652) - timing_s/agent_loop/tool_calls/min:np.float64(0.06865186709910631) - timing_s/agent_loop/tool_calls/max:np.float64(0.7634288650006056) - timing_s/agent_loop/tool_calls/mean:np.float64(0.17073006104783417) - timing_s/agent_loop/compute_score/min:np.float64(0.31690852902829647) - timing_s/agent_loop/compute_score/max:np.float64(7.396867346018553) - timing_s/agent_loop/compute_score/mean:np.float64(2.11001323209166) - timing_s/agent_loop/slowest/generate_sequences:np.float64(104.43786400090903) - timing_s/agent_loop/slowest/tool_calls:np.float64(0.11526315298397094) - timing_s/agent_loop/slowest/compute_score:np.float64(2.845079125952907) - timing_s/agent_loop/slowest/num_preempted:np.int64(-1) - timing_s/agent_loop/slowest/prompt_length:3955 - timing_s/agent_loop/slowest/response_length:3337 - timing_s/gen:132.02004368591588 - timing_s/reward:0.0005226960638538003 - timing_s/old_log_prob:147.3669554470107 - timing_s/ref:136.8980701250257 - timing_s/adv:0.16664420894812793 - timing_s/update_actor:323.64120133407414 - timing_s/update_weights:4.002916331985034 - timing_s/dump_rollout_generations:0.32188036595471203 - timing_s/step:744.5691688749939 - timing_s/stop_profile:4.737603012472391e-05 - timing_per_token_ms/adv:0.0001819246020479406 - timing_per_token_ms/update_actor:0.3533173887689441 - timing_per_token_ms/gen:0.3287818332928625 - timing_per_token_ms/ref:0.14945089952918011 - perf/total_num_tokens:916007 - perf/time_per_step:744.5691688749939 - perf/throughput:1230.2510475743172[36m(TaskRunner pid=3807184)[0m Training Progress:  92%|█████████▏| 219/239 [8:11:41<4:04:47, 734.38s/it]
[36m(WorkerDict pid=3807529)[0m /home/yw4636/.conda/envs/verl/lib/python3.12/site-packages/verl/plugin/platform/platform_cuda.py:99: FutureWarning: torch.cuda._set_allocator_settings is deprecated. Use torch._C._accelerator_setAllocatorSettings instead.
[36m(WorkerDict pid=3807529)[0m   torch.cuda.memory._set_allocator_settings(settings)

[36m(TaskRunner pid=3807184)[0m Dumped generations to /home/yw4636/agentic-tvg/results/grpo-v2/rollouts/219.jsonl
[36m(TaskRunner pid=3807184)[0m step:219 - global_seqlen/min:914061 - global_seqlen/max:914061 - global_seqlen/minmax_diff:0 - global_seqlen/balanced_min:914061 - global_seqlen/balanced_max:914061 - global_seqlen/mean:914061.0 - actor/entropy:0.750007152557373 - perf/mfu/actor_infer:0.3000391449366805 - training/rollout_probs_diff_valid:1 - training/rollout_probs_diff_max:0.6584205627441406 - training/rollout_probs_diff_mean:0.012041955254971981 - training/rollout_probs_diff_std:0.020402951166033745 - training/rollout_actor_probs_pearson_corr:0.9976918697357178 - rollout_corr/training_ppl:2.1084823608398438 - rollout_corr/training_log_ppl:0.737586498260498 - rollout_corr/kl:0.0037183649837970734 - rollout_corr/k3_kl:0.0047130221500992775 - rollout_corr/rollout_ppl:2.1004762649536133 - rollout_corr/rollout_log_ppl:0.7338728904724121 - rollout_corr/log_ppl_diff:0.0037136501632630825 - rollout_corr/log_ppl_abs_diff:0.005165455862879753 - rollout_corr/log_ppl_diff_max:0.022173643112182617 - rollout_corr/log_ppl_diff_min:-0.006673276424407959 - rollout_corr/ppl_ratio:1.003736138343811 - rollout_corr/chi2_token:0.016865968704223633 - rollout_corr/chi2_seq:2.2557082176208496 - actor/pg_clipfrac:np.float64(0.0) - actor/ppo_kl:np.float64(0.0) - actor/pg_clipfrac_lower:np.float64(0.0) - actor/pg_loss:np.float64(-0.004946026238030754) - actor/kl_loss:np.float64(0.0451245759613812) - actor/kl_coef:np.float64(0.0010000000000000002) - actor/loss:np.float64(-0.004900898784399033) - actor/grad_norm:np.float64(0.10369383543729782) - actor/lr:np.float64(1e-05) - actor/perf/max_memory_allocated_gb:np.float64(38.943655490875244) - actor/perf/max_memory_reserved_gb:np.float64(41.806640625) - actor/perf/cpu_memory_used_gb:np.float64(102.62913131713867) - perf/mfu/actor:np.float64(0.3385687818560581) - training/global_step:219 - training/epoch:1 - critic/score/mean:1.4265142679214478 - critic/score/max:2.5 - critic/score/min:0.5 - critic/rewards/mean:1.4265142679214478 - critic/rewards/max:2.5 - critic/rewards/min:0.5 - critic/advantages/mean:0.004946016240864992 - critic/advantages/max:2.9277992248535156 - critic/advantages/min:-3.160503387451172 - critic/returns/mean:0.004946016240864992 - critic/returns/max:2.9277992248535156 - critic/returns/min:-3.160503387451172 - response_length/mean:3143.8515625 - response_length/max:3366.0 - response_length/min:2857.0 - response_length/clip_ratio:0.0 - response_length_non_aborted/mean:3143.8515625 - response_length_non_aborted/max:3366.0 - response_length_non_aborted/min:2857.0 - response_length_non_aborted/clip_ratio:0.0 - response/aborted_ratio:0.0 - prompt_length/mean:3997.25 - prompt_length/max:4145.0 - prompt_length/min:3938.0 - prompt_length/clip_ratio:0.0 - num_turns/min:np.int32(4) - num_turns/max:np.int32(4) - num_turns/mean:np.float64(4.0) - timing_s/start_profile:5.660403985530138e-05 - timing_s/agent_loop/num_preempted/min:np.int64(-1) - timing_s/agent_loop/num_preempted/max:np.int64(-1) - timing_s/agent_loop/num_preempted/mean:np.float64(-1.0) - timing_s/agent_loop/generate_sequences/min:np.float64(63.0190659109503) - timing_s/agent_loop/generate_sequences/max:np.float64(105.08416519197635) - timing_s/agent_loop/generate_sequences/mean:np.float64(89.86562604118535) - timing_s/agent_loop/tool_calls/min:np.float64(0.07132138404995203) - timing_s/agent_loop/tool_calls/max:np.float64(0.8480395789956674) - timing_s/agent_loop/tool_calls/mean:np.float64(0.17419847291785118) - timing_s/agent_loop/compute_score/min:np.float64(0.31824030505958945) - timing_s/agent_loop/compute_score/max:np.float64(9.023236589040607) - timing_s/agent_loop/compute_score/mean:np.float64(2.3481058766619753) - timing_s/agent_loop/slowest/generate_sequences:np.float64(105.08416519197635) - timing_s/agent_loop/slowest/tool_calls:np.float64(0.8480395789956674) - timing_s/agent_loop/slowest/compute_score:np.float64(0.3697925580199808) - timing_s/agent_loop/slowest/num_preempted:np.int64(-1) - timing_s/agent_loop/slowest/prompt_length:4145 - timing_s/agent_loop/slowest/response_length:3153 - timing_s/gen:131.9726989120245 - timing_s/reward:0.0003745729336515069 - timing_s/old_log_prob:149.70904507301748 - timing_s/ref:130.23459531809203 - timing_s/adv:0.1920028009917587 - timing_s/update_actor:320.0468758639181 - timing_s/update_weights:4.013880616053939 - timing_s/dump_rollout_generations:0.3208547659451142 - timing_s/step:736.638524394948 - timing_s/stop_profile:5.0323083996772766e-05 - timing_per_token_ms/adv:0.00021005469108928036 - timing_per_token_ms/update_actor:0.3501373276662259 - timing_per_token_ms/gen:0.3279533685840778 - timing_per_token_ms/ref:0.1424791073222597 - perf/total_num_tokens:914061 - perf/time_per_step:736.638524394948 - perf/throughput:1240.8541906639778
[36m(TaskRunner pid=3807184)[0m local_global_step_folder: /home/yw4636/agentic-tvg/results/grpo-v2/ckpt/global_step_220
[36m(WorkerDict pid=3807529)[0m Checkpoint manager remove previous save local path: /home/yw4636/agentic-tvg/results/grpo-v2/ckpt/global_step_200/actor
[36m(TaskRunner pid=3807184)[0m test_gen_batch meta info: {'eos_token_id': 151645, 'pad_token_id': 151643, 'recompute_log_prob': False, 'do_sample': False, 'validate': True, 'global_steps': 220}
[36m(TaskRunner pid=3807184)[0m Dumped generations to /home/yw4636/agentic-tvg/results/grpo-v2/rollouts/220.jsonl
[36m(TaskRunner pid=3807184)[0m validation generation end
[36m(TaskRunner pid=3807184)[0m test_gen_batch meta info: {'eos_token_id': 151645, 'pad_token_id': 151643, 'recompute_log_prob': False, 'do_sample': False, 'validate': True, 'global_steps': 220}
[36m(TaskRunner pid=3807184)[0m validation generation end
[36m(TaskRunner pid=3807184)[0m test_gen_batch meta info: {'eos_token_id': 151645, 'pad_token_id': 151643, 'recompute_log_prob': False, 'do_sample': False, 'validate': True, 'global_steps': 220}
[36m(TaskRunner pid=3807184)[0m validation generation end
[36m(TaskRunner pid=3807184)[0m test_gen_batch meta info: {'eos_token_id': 151645, 'pad_token_id': 151643, 'recompute_log_prob': False, 'do_sample': False, 'validate': True, 'global_steps': 220}
[36m(TaskRunner pid=3807184)[0m validation generation end
[36m(TaskRunner pid=3807184)[0m test_gen_batch meta info: {'eos_token_id': 151645, 'pad_token_id': 151643, 'recompute_log_prob': False, 'do_sample': False, 'validate': True, 'global_steps': 220}
[36m(TaskRunner pid=3807184)[0m validation generation end
[36m(TaskRunner pid=3807184)[0m test_gen_batch meta info: {'eos_token_id': 151645, 'pad_token_id': 151643, 'recompute_log_prob': False, 'do_sample': False, 'validate': True, 'global_steps': 220}
[36m(TaskRunner pid=3807184)[0m validation generation end
[36m(TaskRunner pid=3807184)[0m test_gen_batch meta info: {'eos_token_id': 151645, 'pad_token_id': 151643, 'recompute_log_prob': False, 'do_sample': False, 'validate': True, 'global_steps': 220}
[36m(TaskRunner pid=3807184)[0m validation generation end
[36m(TaskRunner pid=3807184)[0m test_gen_batch meta info: {'eos_token_id': 151645, 'pad_token_id': 151643, 'recompute_log_prob': False, 'do_sample': False, 'validate': True, 'global_steps': 220}
[36m(TaskRunner pid=3807184)[0m validation generation end
[36m(TaskRunner pid=3807184)[0m test_gen_batch meta info: {'eos_token_id': 151645, 'pad_token_id': 151643, 'recompute_log_prob': False, 'do_sample': False, 'validate': True, 'global_steps': 220}
[36m(TaskRunner pid=3807184)[0m validation generation end
[36m(TaskRunner pid=3807184)[0m test_gen_batch meta info: {'eos_token_id': 151645, 'pad_token_id': 151643, 'recompute_log_prob': False, 'do_sample': False, 'validate': True, 'global_steps': 220}
[36m(TaskRunner pid=3807184)[0m validation generation end
[36m(TaskRunner pid=3807184)[0m test_gen_batch meta info: {'eos_token_id': 151645, 'pad_token_id': 151643, 'recompute_log_prob': False, 'do_sample': False, 'validate': True, 'global_steps': 220}
[36m(TaskRunner pid=3807184)[0m validation generation end
[36m(TaskRunner pid=3807184)[0m test_gen_batch meta info: {'eos_token_id': 151645, 'pad_token_id': 151643, 'recompute_log_prob': False, 'do_sample': False, 'validate': True, 'global_steps': 220}
[36m(TaskRunner pid=3807184)[0m validation generation end
[36m(TaskRunner pid=3807184)[0m test_gen_batch meta info: {'eos_token_id': 151645, 'pad_token_id': 151643, 'recompute_log_prob': False, 'do_sample': False, 'validate': True, 'global_steps': 220}
[36m(TaskRunner pid=3807184)[0m validation generation end
[36m(TaskRunner pid=3807184)[0m test_gen_batch meta info: {'eos_token_id': 151645, 'pad_token_id': 151643, 'recompute_log_prob': False, 'do_sample': False, 'validate': True, 'global_steps': 220}
[36m(TaskRunner pid=3807184)[0m validation generation end
[36m(TaskRunner pid=3807184)[0m test_gen_batch meta info: {'eos_token_id': 151645, 'pad_token_id': 151643, 'recompute_log_prob': False, 'do_sample': False, 'validate': True, 'global_steps': 220}
[36m(TaskRunner pid=3807184)[0m validation generation end
[36m(TaskRunner pid=3807184)[0m test_gen_batch meta info: {'eos_token_id': 151645, 'pad_token_id': 151643, 'recompute_log_prob': False, 'do_sample': False, 'validate': True, 'global_steps': 220}
[36m(TaskRunner pid=3807184)[0m validation generation end
[36m(TaskRunner pid=3807184)[0m test_gen_batch meta info: {'eos_token_id': 151645, 'pad_token_id': 151643, 'recompute_log_prob': False, 'do_sample': False, 'validate': True, 'global_steps': 220}
[36m(TaskRunner pid=3807184)[0m validation generation end
[36m(TaskRunner pid=3807184)[0m test_gen_batch meta info: {'eos_token_id': 151645, 'pad_token_id': 151643, 'recompute_log_prob': False, 'do_sample': False, 'validate': True, 'global_steps': 220}
[36m(TaskRunner pid=3807184)[0m validation generation end
[36m(TaskRunner pid=3807184)[0m test_gen_batch meta info: {'eos_token_id': 151645, 'pad_token_id': 151643, 'recompute_log_prob': False, 'do_sample': False, 'validate': True, 'global_steps': 220}
[36m(TaskRunner pid=3807184)[0m validation generation end
[36m(TaskRunner pid=3807184)[0m test_gen_batch meta info: {'eos_token_id': 151645, 'pad_token_id': 151643, 'recompute_log_prob': False, 'do_sample': False, 'validate': True, 'global_steps': 220}
[36m(TaskRunner pid=3807184)[0m validation generation end
[36m(TaskRunner pid=3807184)[0m test_gen_batch meta info: {'eos_token_id': 151645, 'pad_token_id': 151643, 'recompute_log_prob': False, 'do_sample': False, 'validate': True, 'global_steps': 220}
[36m(TaskRunner pid=3807184)[0m validation generation end
[36m(TaskRunner pid=3807184)[0m test_gen_batch meta info: {'eos_token_id': 151645, 'pad_token_id': 151643, 'recompute_log_prob': False, 'do_sample': False, 'validate': True, 'global_steps': 220}
[36m(TaskRunner pid=3807184)[0m validation generation end
[36m(TaskRunner pid=3807184)[0m test_gen_batch meta info: {'eos_token_id': 151645, 'pad_token_id': 151643, 'recompute_log_prob': False, 'do_sample': False, 'validate': True, 'global_steps': 220}
[36m(TaskRunner pid=3807184)[0m validation generation end
[36m(TaskRunner pid=3807184)[0m test_gen_batch meta info: {'eos_token_id': 151645, 'pad_token_id': 151643, 'recompute_log_prob': False, 'do_sample': False, 'validate': True, 'global_steps': 220}
[36m(TaskRunner pid=3807184)[0m validation generation end
[36m(TaskRunner pid=3807184)[0m test_gen_batch meta info: {'eos_token_id': 151645, 'pad_token_id': 151643, 'recompute_log_prob': False, 'do_sample': False, 'validate': True, 'global_steps': 220}
[36m(TaskRunner pid=3807184)[0m validation generation end
[36m(TaskRunner pid=3807184)[0m test_gen_batch meta info: {'eos_token_id': 151645, 'pad_token_id': 151643, 'recompute_log_prob': False, 'do_sample': False, 'validate': True, 'global_steps': 220}
[36m(TaskRunner pid=3807184)[0m validation generation end
[36m(TaskRunner pid=3807184)[0m test_gen_batch meta info: {'eos_token_id': 151645, 'pad_token_id': 151643, 'recompute_log_prob': False, 'do_sample': False, 'validate': True, 'global_steps': 220}
[36m(TaskRunner pid=3807184)[0m validation generation end
[36m(TaskRunner pid=3807184)[0m test_gen_batch meta info: {'eos_token_id': 151645, 'pad_token_id': 151643, 'recompute_log_prob': False, 'do_sample': False, 'validate': True, 'global_steps': 220}
[36m(TaskRunner pid=3807184)[0m validation generation end
[36m(TaskRunner pid=3807184)[0m test_gen_batch meta info: {'eos_token_id': 151645, 'pad_token_id': 151643, 'recompute_log_prob': False, 'do_sample': False, 'validate': True, 'global_steps': 220}
[36m(TaskRunner pid=3807184)[0m validation generation end
[36m(TaskRunner pid=3807184)[0m test_gen_batch meta info: {'eos_token_id': 151645, 'pad_token_id': 151643, 'recompute_log_prob': False, 'do_sample': False, 'validate': True, 'global_steps': 220}
[36m(TaskRunner pid=3807184)[0m validation generation end
[36m(TaskRunner pid=3807184)[0m test_gen_batch meta info: {'eos_token_id': 151645, 'pad_token_id': 151643, 'recompute_log_prob': False, 'do_sample': False, 'validate': True, 'global_steps': 220}
[36m(TaskRunner pid=3807184)[0m validation generation end
[36m(TaskRunner pid=3807184)[0m test_gen_batch meta info: {'eos_token_id': 151645, 'pad_token_id': 151643, 'recompute_log_prob': False, 'do_sample': False, 'validate': True, 'global_steps': 220}
[36m(TaskRunner pid=3807184)[0m validation generation end
[36m(TaskRunner pid=3807184)[0m test_gen_batch meta info: {'eos_token_id': 151645, 'pad_token_id': 151643, 'recompute_log_prob': False, 'do_sample': False, 'validate': True, 'global_steps': 220}
[36m(TaskRunner pid=3807184)[0m validation generation end
[36m(TaskRunner pid=3807184)[0m test_gen_batch meta info: {'eos_token_id': 151645, 'pad_token_id': 151643, 'recompute_log_prob': False, 'do_sample': False, 'validate': True, 'global_steps': 220}
[36m(TaskRunner pid=3807184)[0m validation generation end
[36m(TaskRunner pid=3807184)[0m test_gen_batch meta info: {'eos_token_id': 151645, 'pad_token_id': 151643, 'recompute_log_prob': False, 'do_sample': False, 'validate': True, 'global_steps': 220}
[36m(TaskRunner pid=3807184)[0m validation generation end
[36m(TaskRunner pid=3807184)[0m test_gen_batch meta info: {'eos_token_id': 151645, 'pad_token_id': 151643, 'recompute_log_prob': False, 'do_sample': False, 'validate': True, 'global_steps': 220}
[36m(TaskRunner pid=3807184)[0m validation generation end
[36m(TaskRunner pid=3807184)[0m test_gen_batch meta info: {'eos_token_id': 151645, 'pad_token_id': 151643, 'recompute_log_prob': False, 'do_sample': False, 'validate': True, 'global_steps': 220}
[36m(TaskRunner pid=3807184)[0m validation generation end
[36m(TaskRunner pid=3807184)[0m test_gen_batch meta info: {'eos_token_id': 151645, 'pad_token_id': 151643, 'recompute_log_prob': False, 'do_sample': False, 'validate': True, 'global_steps': 220}
[36m(TaskRunner pid=3807184)[0m validation generation end
[36m(TaskRunner pid=3807184)[0m test_gen_batch meta info: {'eos_token_id': 151645, 'pad_token_id': 151643, 'recompute_log_prob': False, 'do_sample': False, 'validate': True, 'global_steps': 220}
[36m(TaskRunner pid=3807184)[0m validation generation end
[36m(TaskRunner pid=3807184)[0m test_gen_batch meta info: {'eos_token_id': 151645, 'pad_token_id': 151643, 'recompute_log_prob': False, 'do_sample': False, 'validate': True, 'global_steps': 220}
[36m(TaskRunner pid=3807184)[0m validation generation end
[36m(TaskRunner pid=3807184)[0m test_gen_batch meta info: {'eos_token_id': 151645, 'pad_token_id': 151643, 'recompute_log_prob': False, 'do_sample': False, 'validate': True, 'global_steps': 220}
[36m(TaskRunner pid=3807184)[0m validation generation end
[36m(TaskRunner pid=3807184)[0m test_gen_batch meta info: {'eos_token_id': 151645, 'pad_token_id': 151643, 'recompute_log_prob': False, 'do_sample': False, 'validate': True, 'global_steps': 220}
[36m(TaskRunner pid=3807184)[0m validation generation end
[36m(TaskRunner pid=3807184)[0m test_gen_batch meta info: {'eos_token_id': 151645, 'pad_token_id': 151643, 'recompute_log_prob': False, 'do_sample': False, 'validate': True, 'global_steps': 220}
[36m(TaskRunner pid=3807184)[0m validation generation end
[36m(TaskRunner pid=3807184)[0m test_gen_batch meta info: {'eos_token_id': 151645, 'pad_token_id': 151643, 'recompute_log_prob': False, 'do_sample': False, 'validate': True, 'global_steps': 220}[36m(TaskRunner pid=3807184)[0m Training Progress:  92%|█████████▏| 220/239 [8:41:00<5:29:52, 1041.72s/it]

[36m(TaskRunner pid=3807184)[0m validation generation end
[36m(TaskRunner pid=3807184)[0m test_gen_batch meta info: {'eos_token_id': 151645, 'pad_token_id': 151643, 'recompute_log_prob': False, 'do_sample': False, 'validate': True, 'global_steps': 220}
[36m(TaskRunner pid=3807184)[0m validation generation end
[36m(TaskRunner pid=3807184)[0m test_gen_batch meta info: {'eos_token_id': 151645, 'pad_token_id': 151643, 'recompute_log_prob': False, 'do_sample': False, 'validate': True, 'global_steps': 220}
[36m(TaskRunner pid=3807184)[0m validation generation end
[36m(TaskRunner pid=3807184)[0m test_gen_batch meta info: {'eos_token_id': 151645, 'pad_token_id': 151643, 'recompute_log_prob': False, 'do_sample': False, 'validate': True, 'global_steps': 220}
[36m(TaskRunner pid=3807184)[0m validation generation end
[36m(TaskRunner pid=3807184)[0m test_gen_batch meta info: {'eos_token_id': 151645, 'pad_token_id': 151643, 'recompute_log_prob': False, 'do_sample': False, 'validate': True, 'global_steps': 220}
[36m(TaskRunner pid=3807184)[0m validation generation end
[36m(TaskRunner pid=3807184)[0m test_gen_batch meta info: {'eos_token_id': 151645, 'pad_token_id': 151643, 'recompute_log_prob': False, 'do_sample': False, 'validate': True, 'global_steps': 220}
[36m(TaskRunner pid=3807184)[0m validation generation end
[36m(TaskRunner pid=3807184)[0m test_gen_batch meta info: {'eos_token_id': 151645, 'pad_token_id': 151643, 'recompute_log_prob': False, 'do_sample': False, 'validate': True, 'global_steps': 220}
[36m(TaskRunner pid=3807184)[0m validation generation end
[36m(TaskRunner pid=3807184)[0m test_gen_batch meta info: {'eos_token_id': 151645, 'pad_token_id': 151643, 'recompute_log_prob': False, 'do_sample': False, 'validate': True, 'global_steps': 220}
[36m(TaskRunner pid=3807184)[0m validation generation end
[36m(TaskRunner pid=3807184)[0m test_gen_batch meta info: {'eos_token_id': 151645, 'pad_token_id': 151643, 'recompute_log_prob': False, 'do_sample': False, 'validate': True, 'global_steps': 220}
[36m(TaskRunner pid=3807184)[0m validation generation end
[36m(TaskRunner pid=3807184)[0m test_gen_batch meta info: {'eos_token_id': 151645, 'pad_token_id': 151643, 'recompute_log_prob': False, 'do_sample': False, 'validate': True, 'global_steps': 220}
[36m(TaskRunner pid=3807184)[0m validation generation end
[36m(TaskRunner pid=3807184)[0m test_gen_batch meta info: {'eos_token_id': 151645, 'pad_token_id': 151643, 'recompute_log_prob': False, 'do_sample': False, 'validate': True, 'global_steps': 220}
[36m(TaskRunner pid=3807184)[0m validation generation end
[36m(TaskRunner pid=3807184)[0m test_gen_batch meta info: {'eos_token_id': 151645, 'pad_token_id': 151643, 'recompute_log_prob': False, 'do_sample': False, 'validate': True, 'global_steps': 220}
[36m(TaskRunner pid=3807184)[0m validation generation end
[36m(TaskRunner pid=3807184)[0m test_gen_batch meta info: {'eos_token_id': 151645, 'pad_token_id': 151643, 'recompute_log_prob': False, 'do_sample': False, 'validate': True, 'global_steps': 220}
[36m(TaskRunner pid=3807184)[0m validation generation end
[36m(TaskRunner pid=3807184)[0m test_gen_batch meta info: {'eos_token_id': 151645, 'pad_token_id': 151643, 'recompute_log_prob': False, 'do_sample': False, 'validate': True, 'global_steps': 220}
[36m(TaskRunner pid=3807184)[0m validation generation end
[36m(TaskRunner pid=3807184)[0m Dumped generations to /home/yw4636/agentic-tvg/results/grpo-v2/val_rollouts/220.jsonl
[36m(TaskRunner pid=3807184)[0m step:220 - global_seqlen/min:916568 - global_seqlen/max:916568 - global_seqlen/minmax_diff:0 - global_seqlen/balanced_min:916568 - global_seqlen/balanced_max:916568 - global_seqlen/mean:916568.0 - actor/entropy:0.8152357339859009 - perf/mfu/actor_infer:0.3014469135988586 - training/rollout_probs_diff_valid:1 - training/rollout_probs_diff_max:0.5013513565063477 - training/rollout_probs_diff_mean:0.012223675847053528 - training/rollout_probs_diff_std:0.020808778703212738 - training/rollout_actor_probs_pearson_corr:0.9976846575737 - rollout_corr/training_ppl:2.268413782119751 - rollout_corr/training_log_ppl:0.8082589507102966 - rollout_corr/kl:0.005766306072473526 - rollout_corr/k3_kl:0.004759910516440868 - rollout_corr/rollout_ppl:2.2552974224090576 - rollout_corr/rollout_log_ppl:0.8024162650108337 - rollout_corr/log_ppl_diff:0.005842686630785465 - rollout_corr/log_ppl_abs_diff:0.006658466532826424 - rollout_corr/log_ppl_diff_max:0.025541484355926514 - rollout_corr/log_ppl_diff_min:-0.007968604564666748 - rollout_corr/ppl_ratio:1.0058770179748535 - rollout_corr/chi2_token:0.00840604305267334 - rollout_corr/chi2_seq:9.360820770263672 - actor/pg_clipfrac:np.float64(0.0) - actor/ppo_kl:np.float64(0.0) - actor/pg_clipfrac_lower:np.float64(0.0) - actor/pg_loss:np.float64(0.03740531283256132) - actor/kl_loss:np.float64(0.04512256296584383) - actor/kl_coef:np.float64(0.0010000000000000002) - actor/loss:np.float64(0.037450432777404785) - actor/grad_norm:np.float64(0.10347692668437958) - actor/lr:np.float64(1e-05) - actor/perf/max_memory_allocated_gb:np.float64(38.943655490875244) - actor/perf/max_memory_reserved_gb:np.float64(41.806640625) - actor/perf/cpu_memory_used_gb:np.float64(103.12482833862305) - perf/mfu/actor:np.float64(0.33935856204884385) - val-aux/longvt_longvt-val/reward/mean@1:np.float64(1.3845984867790289) - val-aux/longvt_longvt-val/score/mean@1:np.float64(1.3845984854085556) - val-core/longvt_longvt-val/acc/mean@1:np.float64(0.6403508771929824) - val-aux/longvt_longvt-val/format_score/mean@1:np.float64(0.5) - val-aux/longvt_longvt-val/evidence_iou/mean@1:np.float64(0.24424760821557337) - val-aux/longvt_longvt-val/answered/mean@1:np.float64(1.0) - val-aux/longvt_longvt-val/num_tool_calls/mean@1:np.float64(1.0) - val-aux/longvt_longvt-val/judge_used/mean@1:np.float64(1.0) - val-aux/num_turns/min:np.int32(4) - val-aux/num_turns/max:np.int32(4) - val-aux/num_turns/mean:np.float64(4.0) - training/global_step:220 - training/epoch:1 - critic/score/mean:1.5545743703842163 - critic/score/max:2.452380895614624 - critic/score/min:0.5 - critic/rewards/mean:1.5545743703842163 - critic/rewards/max:2.452380895614624 - critic/rewards/min:0.5 - critic/advantages/mean:-0.03740530461072922 - critic/advantages/max:3.489609956741333 - critic/advantages/min:-3.7210514545440674 - critic/returns/mean:-0.03740530461072922 - critic/returns/max:3.489609956741333 - critic/returns/min:-3.7210514545440674 - response_length/mean:3169.3125 - response_length/max:3421.0 - response_length/min:2935.0 - response_length/clip_ratio:0.0 - response_length_non_aborted/mean:3169.3125 - response_length_non_aborted/max:3421.0 - response_length_non_aborted/min:2935.0 - response_length_non_aborted/clip_ratio:0.0 - response/aborted_ratio:0.0 - prompt_length/mean:3991.375 - prompt_length/max:4137.0 - prompt_length/min:3933.0 - prompt_length/clip_ratio:0.0 - num_turns/min:np.int32(4) - num_turns/max:np.int32(4) - num_turns/mean:np.float64(4.0) - timing_s/start_profile:5.834701005369425e-05 - timing_s/agent_loop/num_preempted/min:np.int64(-1) - timing_s/agent_loop/num_preempted/max:np.int64(-1) - timing_s/agent_loop/num_preempted/mean:np.float64(-1.0) - timing_s/agent_loop/generate_sequences/min:np.float64(64.44329849397764) - timing_s/agent_loop/generate_sequences/max:np.float64(105.95057452504989) - timing_s/agent_loop/generate_sequences/mean:np.float64(89.55849797436622) - timing_s/agent_loop/tool_calls/min:np.float64(0.06930374400690198) - timing_s/agent_loop/tool_calls/max:np.float64(0.8572350490139797) - timing_s/agent_loop/tool_calls/mean:np.float64(0.1957932301220353) - timing_s/agent_loop/compute_score/min:np.float64(0.31806128995958716) - timing_s/agent_loop/compute_score/max:np.float64(5.239335643942468) - timing_s/agent_loop/compute_score/mean:np.float64(1.9870409423401725) - timing_s/agent_loop/slowest/generate_sequences:np.float64(105.95057452504989) - timing_s/agent_loop/slowest/tool_calls:np.float64(0.1508289569756016) - timing_s/agent_loop/slowest/compute_score:np.float64(0.3317199320299551) - timing_s/agent_loop/slowest/num_preempted:np.int64(-1) - timing_s/agent_loop/slowest/prompt_length:3954 - timing_s/agent_loop/slowest/response_length:3421 - timing_s/gen:132.5865264859749 - timing_s/reward:0.00044072698801755905 - timing_s/old_log_prob:143.4499114480568 - timing_s/ref:133.08670006599277 - timing_s/adv:0.17790018301457167 - timing_s/update_actor:317.5711498010205 - timing_s/save_checkpoint:27.153495672973804 - timing_s/update_weights:4.018210113979876 - timing_s/dump_rollout_generations:0.31951922993175685 - timing_s/step:758.5210528640309 - timing_s/testing:999.3625324940076 - timing_s/stop_profile:0.00011958298273384571 - timing_per_token_ms/adv:0.00019409381847781252 - timing_per_token_ms/update_actor:0.34647854801937283 - timing_per_token_ms/gen:0.32683184071361815 - timing_per_token_ms/ref:0.14520111990162515 - perf/total_num_tokens:916568 - perf/time_per_step:758.5210528640309 - perf/throughput:1208.3619782723417[36m(TaskRunner pid=3807184)[0m Training Progress:  92%|█████████▏| 221/239 [8:53:22<4:45:31, 951.76s/it] 
[36m(TaskRunner pid=3807184)[0m Training Progress:  93%|█████████▎| 222/239 [9:05:34<4:10:58, 885.78s/it]

[36m(TaskRunner pid=3807184)[0m Dumped generations to /home/yw4636/agentic-tvg/results/grpo-v2/rollouts/221.jsonl
[36m(TaskRunner pid=3807184)[0m step:221 - global_seqlen/min:915637 - global_seqlen/max:915637 - global_seqlen/minmax_diff:0 - global_seqlen/balanced_min:915637 - global_seqlen/balanced_max:915637 - global_seqlen/mean:915637.0 - actor/entropy:0.754378080368042 - perf/mfu/actor_infer:0.303335356137075 - training/rollout_probs_diff_valid:1 - training/rollout_probs_diff_max:0.493684321641922 - training/rollout_probs_diff_mean:0.01201185304671526 - training/rollout_probs_diff_std:0.02085079252719879 - training/rollout_actor_probs_pearson_corr:0.9976351857185364 - rollout_corr/training_ppl:2.1405513286590576 - rollout_corr/training_log_ppl:0.7503703236579895 - rollout_corr/kl:0.004376724828034639 - rollout_corr/k3_kl:0.00436771335080266 - rollout_corr/rollout_ppl:2.131187677383423 - rollout_corr/rollout_log_ppl:0.7459844350814819 - rollout_corr/log_ppl_diff:0.004385908134281635 - rollout_corr/log_ppl_abs_diff:0.005557655356824398 - rollout_corr/log_ppl_diff_max:0.024560213088989258 - rollout_corr/log_ppl_diff_min:-0.008274495601654053 - rollout_corr/ppl_ratio:1.0044102668762207 - rollout_corr/chi2_token:0.009148359298706055 - rollout_corr/chi2_seq:4.698508262634277 - actor/pg_clipfrac:np.float64(0.0) - actor/ppo_kl:np.float64(0.0) - actor/pg_clipfrac_lower:np.float64(0.0) - actor/pg_loss:np.float64(0.027994652264169417) - actor/kl_loss:np.float64(0.04456108278827742) - actor/kl_coef:np.float64(0.0010000000000000002) - actor/loss:np.float64(0.028039216995239258) - actor/grad_norm:np.float64(0.10869592428207397) - actor/lr:np.float64(1e-05) - actor/perf/max_memory_allocated_gb:np.float64(38.943655490875244) - actor/perf/max_memory_reserved_gb:np.float64(41.806640625) - actor/perf/cpu_memory_used_gb:np.float64(119.66957473754883) - perf/mfu/actor:np.float64(0.3385825185055153) - training/global_step:221 - training/epoch:1 - critic/score/mean:1.7723865509033203 - critic/score/max:2.486475706100464 - critic/score/min:0.5 - critic/rewards/mean:1.7723865509033203 - critic/rewards/max:2.486475706100464 - critic/rewards/min:0.5 - critic/advantages/mean:-0.027994640171527863 - critic/advantages/max:2.115724563598633 - critic/advantages/min:-2.449453353881836 - critic/returns/mean:-0.027994640171527863 - critic/returns/max:2.115724563598633 - critic/returns/min:-2.449453353881836 - response_length/mean:3137.0390625 - response_length/max:3405.0 - response_length/min:2932.0 - response_length/clip_ratio:0.0 - response_length_non_aborted/mean:3137.0390625 - response_length_non_aborted/max:3405.0 - response_length_non_aborted/min:2932.0 - response_length_non_aborted/clip_ratio:0.0 - response/aborted_ratio:0.0 - prompt_length/mean:4016.375 - prompt_length/max:4139.0 - prompt_length/min:3942.0 - prompt_length/clip_ratio:0.0 - num_turns/min:np.int32(4) - num_turns/max:np.int32(4) - num_turns/mean:np.float64(4.0) - timing_s/start_profile:6.863998714834452e-05 - timing_s/agent_loop/num_preempted/min:np.int64(-1) - timing_s/agent_loop/num_preempted/max:np.int64(-1) - timing_s/agent_loop/num_preempted/mean:np.float64(-1.0) - timing_s/agent_loop/generate_sequences/min:np.float64(69.69054630084429) - timing_s/agent_loop/generate_sequences/max:np.float64(109.11970206699334) - timing_s/agent_loop/generate_sequences/mean:np.float64(96.78502306900464) - timing_s/agent_loop/tool_calls/min:np.float64(0.06514146702829748) - timing_s/agent_loop/tool_calls/max:np.float64(0.6922655459493399) - timing_s/agent_loop/tool_calls/mean:np.float64(0.1339561241602496) - timing_s/agent_loop/compute_score/min:np.float64(0.3120666720205918) - timing_s/agent_loop/compute_score/max:np.float64(6.491702088038437) - timing_s/agent_loop/compute_score/mean:np.float64(1.7036165532845189) - timing_s/agent_loop/slowest/generate_sequences:np.float64(106.43874958902597) - timing_s/agent_loop/slowest/tool_calls:np.float64(0.26473526400513947) - timing_s/agent_loop/slowest/compute_score:np.float64(4.467454676050693) - timing_s/agent_loop/slowest/num_preempted:np.int64(-1) - timing_s/agent_loop/slowest/prompt_length:3950 - timing_s/agent_loop/slowest/response_length:3165 - timing_s/gen:140.62139557499904 - timing_s/reward:0.0004095981130376458 - timing_s/old_log_prob:140.99998456100002 - timing_s/ref:133.85130355902947 - timing_s/adv:0.1650688269874081 - timing_s/update_actor:321.64161511301063 - timing_s/update_weights:4.0120075319428 - timing_s/dump_rollout_generations:0.31699145503807813 - timing_s/step:741.7810053729918 - timing_s/stop_profile:4.5622000470757484e-05 - timing_per_token_ms/adv:0.00018027758488069846 - timing_per_token_ms/update_actor:0.351276341075132 - timing_per_token_ms/gen:0.3502043267686215 - timing_per_token_ms/ref:0.146183808167461 - perf/total_num_tokens:915637 - perf/time_per_step:741.7810053729918 - perf/throughput:1234.3764444865876
[36m(TaskRunner pid=3807184)[0m Dumped generations to /home/yw4636/agentic-tvg/results/grpo-v2/rollouts/222.jsonl
[36m(TaskRunner pid=3807184)[0m step:222 - global_seqlen/min:916996 - global_seqlen/max:916996 - global_seqlen/minmax_diff:0 - global_seqlen/balanced_min:916996 - global_seqlen/balanced_max:916996 - global_seqlen/mean:916996.0 - actor/entropy:0.7526671290397644 - perf/mfu/actor_infer:0.29773059641323407 - training/rollout_probs_diff_valid:1 - training/rollout_probs_diff_max:0.6155432462692261 - training/rollout_probs_diff_mean:0.012410654686391354 - training/rollout_probs_diff_std:0.021768581122159958 - training/rollout_actor_probs_pearson_corr:0.9974079728126526 - rollout_corr/training_ppl:2.1155333518981934 - rollout_corr/training_log_ppl:0.7404510378837585 - rollout_corr/kl:0.004426202271133661 - rollout_corr/k3_kl:0.004753851797431707 - rollout_corr/rollout_ppl:2.1060779094696045 - rollout_corr/rollout_log_ppl:0.7360228896141052 - rollout_corr/log_ppl_diff:0.004428205080330372 - rollout_corr/log_ppl_abs_diff:0.005457635037600994 - rollout_corr/log_ppl_diff_max:0.017442524433135986 - rollout_corr/log_ppl_diff_min:-0.008570432662963867 - rollout_corr/ppl_ratio:1.004451036453247 - rollout_corr/chi2_token:0.011136651039123535 - rollout_corr/chi2_seq:3.995532989501953 - actor/pg_clipfrac:np.float64(0.0) - actor/ppo_kl:np.float64(0.0) - actor/pg_clipfrac_lower:np.float64(0.0) - actor/pg_loss:np.float64(0.02224785348698788) - actor/kl_loss:np.float64(0.042628505383618176) - actor/kl_coef:np.float64(0.0010000000000000002) - actor/loss:np.float64(0.02229047752916813) - actor/grad_norm:np.float64(0.09942009299993515) - actor/lr:np.float64(1e-05) - actor/perf/max_memory_allocated_gb:np.float64(38.943655490875244) - actor/perf/max_memory_reserved_gb:np.float64(41.806640625) - actor/perf/cpu_memory_used_gb:np.float64(103.35892486572266) - perf/mfu/actor:np.float64(0.33917048997188726) - training/global_step:222 - training/epoch:1 - critic/score/mean:1.677328109741211 - critic/score/max:2.431623935699463 - critic/score/min:0.5 - critic/rewards/mean:1.677328109741211 - critic/rewards/max:2.431623935699463 - critic/rewards/min:0.5 - critic/advantages/mean:-0.022247856482863426 - critic/advantages/max:2.3195436000823975 - critic/advantages/min:-2.292356491088867 - critic/returns/mean:-0.022247856482863426 - critic/returns/max:2.3195436000823975 - critic/returns/min:-2.292356491088867 - response_length/mean:3139.90625 - response_length/max:3414.0 - response_length/min:2882.0 - response_length/clip_ratio:0.0 - response_length_non_aborted/mean:3139.90625 - response_length_non_aborted/max:3414.0 - response_length_non_aborted/min:2882.0 - response_length_non_aborted/clip_ratio:0.0 - response/aborted_ratio:0.0 - prompt_length/mean:4024.125 - prompt_length/max:4150.0 - prompt_length/min:3938.0 - prompt_length/clip_ratio:0.0 - num_turns/min:np.int32(4) - num_turns/max:np.int32(4) - num_turns/mean:np.float64(4.0) - timing_s/start_profile:5.7993922382593155e-05 - timing_s/agent_loop/num_preempted/min:np.int64(-1) - timing_s/agent_loop/num_preempted/max:np.int64(-1) - timing_s/agent_loop/num_preempted/mean:np.float64(-1.0) - timing_s/agent_loop/generate_sequences/min:np.float64(66.86874151497614) - timing_s/agent_loop/generate_sequences/max:np.float64(107.03785879700445) - timing_s/agent_loop/generate_sequences/mean:np.float64(92.01602276223548) - timing_s/agent_loop/tool_calls/min:np.float64(0.06305840495042503) - timing_s/agent_loop/tool_calls/max:np.float64(0.6301864889683202) - timing_s/agent_loop/tool_calls/mean:np.float64(0.14247049010919) - timing_s/agent_loop/compute_score/min:np.float64(0.3131620710482821) - timing_s/agent_loop/compute_score/max:np.float64(5.289417882100679) - timing_s/agent_loop/compute_score/mean:np.float64(1.4083333290773226) - timing_s/agent_loop/slowest/generate_sequences:np.float64(107.03785879700445) - timing_s/agent_loop/slowest/tool_calls:np.float64(0.11654519790317863) - timing_s/agent_loop/slowest/compute_score:np.float64(1.0643240859499201) - timing_s/agent_loop/slowest/num_preempted:np.int64(-1) - timing_s/agent_loop/slowest/prompt_length:3961 - timing_s/agent_loop/slowest/response_length:3322 - timing_s/gen:132.71169939101674 - timing_s/reward:0.0004569010343402624 - timing_s/old_log_prob:143.39319044398144 - timing_s/ref:132.73650022502989 - timing_s/adv:0.17607584898360074 - timing_s/update_actor:318.28282892296556 - timing_s/update_weights:3.983406512066722 - timing_s/dump_rollout_generations:0.31479723704978824 - timing_s/step:731.7567752720788 - timing_s/stop_profile:4.736997652798891e-05 - timing_per_token_ms/adv:0.00019201375903886246 - timing_per_token_ms/update_actor:0.347092930528558 - timing_per_token_ms/gen:0.33020417456486745 - timing_per_token_ms/ref:0.14475144954288774 - perf/total_num_tokens:916996 - perf/time_per_step:731.7567752720788 - perf/throughput:1253.1431631214434[36m(TaskRunner pid=3807184)[0m Training Progress:  93%|█████████▎| 223/239 [9:17:47<3:44:00, 840.05s/it]
[33m(raylet)[0m [2026-09-04 09:41:50,972 E 3803490 3803490] (raylet) node_manager.cc:3496: 8 Workers (tasks / actors) killed due to memory pressure (OOM), 0 Workers crashed due to other reasons at node (ID: 2746ddfefec3177f168735396be2b23226475ecb2e6bfa0988d56867, IP: 10.110.2.5) over the last time period. To see more information about the Workers killed on this node, use `ray logs raylet.out -ip 10.110.2.5`
[33m(raylet)[0m 
[33m(raylet)[0m Refer to the documentation on how to address the out of memory issue: https://docs.ray.io/en/latest/ray-observability/user-guides/debug-apps/debug-memory.html. Consider provisioning more memory on this node or reducing task parallelism by requesting more CPUs per task. To adjust the kill threshold, set the environment variable `RAY_memory_usage_threshold` when starting Ray. To disable worker killing, set the environment variable `RAY_memory_monitor_refresh_ms` to zero. Since 2.56, Ray updated the oom killing policy to enabling killing multiple workers and selecting workers based on the time since the task start executing. To revert to the legacy policy of determining worker to oom kill based on owner group size or only selecting a single worker to kill at a time, set the environment variable `RAY_worker_killing_policy_by_group` to true before starting Ray. If the idle workers have a non-trivial memory footprint at the time of OOM (check OOM log for non-selected idle workers), consider setting the environment variable `RAY_idle_worker_killing_memory_threshold_bytes` to a lower value to consider idle workers with lower memory footprint for killing.
