/home/yw4636/.conda/envs/verl/lib/python3.12/site-packages/verl/trainer/main_ppo.py:181: UserWarning: Disabled critic as algorithm.adv_estimator != gae. If it is not intended, please set critic.enable=True
  use_critic=need_critic(config),
WARNING: val_batch_size is deprecated. Validation datasets are sent to inference engines as a whole batch, which will schedule the memory themselves.
/home/yw4636/.conda/envs/verl/lib/python3.12/site-packages/verl/workers/engine/__init__.py:31: UserWarning: torchtitan engine is not available: ModuleNotFoundError("No module named 'torchtitan'")
  warnings.warn(f"torchtitan engine is not available: {e!r}", stacklevel=1)
/home/yw4636/.conda/envs/verl/lib/python3.12/site-packages/verl/workers/engine/__init__.py:40: UserWarning: veomni engine is not available: ModuleNotFoundError("No module named 'veomni'")
  warnings.warn(f"veomni engine is not available: {e!r}", stacklevel=1)
/home/yw4636/.conda/envs/verl/lib/python3.12/site-packages/verl/workers/engine/__init__.py:49: UserWarning: automodel engine is not available: ModuleNotFoundError("No module named 'nemo_automodel'")
  warnings.warn(f"automodel engine is not available: {e!r}", stacklevel=1)
/home/yw4636/.conda/envs/verl/lib/python3.12/site-packages/verl/workers/engine/mindspeed/transformer_impl.py:24: UserWarning: NPU not support router replay for now.
  from verl.utils.megatron.router_replay_patch import RouterReplay
/home/yw4636/.conda/envs/verl/lib/python3.12/site-packages/verl/workers/engine/__init__.py:59: UserWarning: mindspeed engine is not available: ModuleNotFoundError("No module named 'megatron'")
  warnings.warn(f"mindspeed engine is not available: {e!r}", stacklevel=1)
/home/yw4636/.conda/envs/verl/lib/python3.12/site-packages/verl/workers/engine/__init__.py:69: UserWarning: megatron engine is not available: ModuleNotFoundError("No module named 'megatron'")
  warnings.warn(f"megatron engine is not available: {e!r}", stacklevel=1)
[validate_config] All configuration checks passed successfully!
[2026-09-02 03:32:30,690][__main__][WARNING] - Legacy trainer `main_ppo_v0.py` is deprecated, and wil be removed in v0.9.0.Please set `trainer.use_v1=True` in config to use V1 trainer.
2026-09-02 03:32:37,662	INFO worker.py:2015 -- Started a local Ray instance. View the dashboard at [1m[32mhttp://127.0.0.1:8265 [39m[22m
[36m(pid=928819)[0m /home/yw4636/.conda/envs/verl/lib/python3.12/site-packages/verl/workers/engine/__init__.py:31: UserWarning: torchtitan engine is not available: ModuleNotFoundError("No module named 'torchtitan'")
[36m(pid=928819)[0m   warnings.warn(f"torchtitan engine is not available: {e!r}", stacklevel=1)
[36m(pid=928819)[0m /home/yw4636/.conda/envs/verl/lib/python3.12/site-packages/verl/workers/engine/__init__.py:40: UserWarning: veomni engine is not available: ModuleNotFoundError("No module named 'veomni'")
[36m(pid=928819)[0m   warnings.warn(f"veomni engine is not available: {e!r}", stacklevel=1)
[36m(pid=928819)[0m /home/yw4636/.conda/envs/verl/lib/python3.12/site-packages/verl/workers/engine/__init__.py:49: UserWarning: automodel engine is not available: ModuleNotFoundError("No module named 'nemo_automodel'")
[36m(pid=928819)[0m   warnings.warn(f"automodel engine is not available: {e!r}", stacklevel=1)
[36m(pid=928819)[0m /home/yw4636/.conda/envs/verl/lib/python3.12/site-packages/verl/workers/engine/mindspeed/transformer_impl.py:24: UserWarning: NPU not support router replay for now.
[36m(pid=928819)[0m   from verl.utils.megatron.router_replay_patch import RouterReplay
[36m(pid=928819)[0m /home/yw4636/.conda/envs/verl/lib/python3.12/site-packages/verl/workers/engine/__init__.py:59: UserWarning: mindspeed engine is not available: ModuleNotFoundError("No module named 'megatron'")
[36m(pid=928819)[0m   warnings.warn(f"mindspeed engine is not available: {e!r}", stacklevel=1)
[36m(pid=928819)[0m /home/yw4636/.conda/envs/verl/lib/python3.12/site-packages/verl/workers/engine/__init__.py:69: UserWarning: megatron engine is not available: ModuleNotFoundError("No module named 'megatron'")
[36m(pid=928819)[0m   warnings.warn(f"megatron engine is not available: {e!r}", stacklevel=1)
ray init kwargs: {'num_cpus': None, 'object_store_memory': 25769803776, 'runtime_env': {'env_vars': {'TOKENIZERS_PARALLELISM': 'true', 'NCCL_DEBUG': 'WARN', 'VLLM_LOGGING_LEVEL': 'WARN', 'VLLM_ALLOW_RUNTIME_LORA_UPDATING': 'true', 'VLLM_DISABLE_COMPILE_CACHE': '1', 'HCCL_HOST_SOCKET_PORT_RANGE': 'auto', 'HCCL_NPU_SOCKET_PORT_RANGE': 'auto', 'HSA_NO_SCRATCH_RECLAIM': '1', 'VERL_FULL_DETERMINISM': '0', 'VLLM_BATCH_INVARIANT': '0', 'VERL_RL_INSIGHT_ENABLE': '0'}, 'working_dir': None}}
[36m(TaskRunner pid=928819)[0m TaskRunner hostname: srv1-lg2.bed.cosmos-lab.org, PID: 928819
[36m(TaskRunner pid=928819)[0m {'actor_rollout_ref': {'actor': {'_target_': 'verl.workers.config.FSDPActorConfig',
[36m(TaskRunner pid=928819)[0m                                  'calculate_entropy': False,
[36m(TaskRunner pid=928819)[0m                                  'calculate_sum_pi_squared': False,
[36m(TaskRunner pid=928819)[0m                                  'checkpoint': {'_target_': 'verl.trainer.config.CheckpointConfig',
[36m(TaskRunner pid=928819)[0m                                                 'async_save': False,
[36m(TaskRunner pid=928819)[0m                                                 'load_contents': ['model',
[36m(TaskRunner pid=928819)[0m                                                                   'optimizer',
[36m(TaskRunner pid=928819)[0m                                                                   'extra'],
[36m(TaskRunner pid=928819)[0m                                                 'save_contents': ['model',
[36m(TaskRunner pid=928819)[0m                                                                   'optimizer',
[36m(TaskRunner pid=928819)[0m                                                                   'extra'],
[36m(TaskRunner pid=928819)[0m                                                 'strict': True},
[36m(TaskRunner pid=928819)[0m                                  'clip_ratio': 0.2,
[36m(TaskRunner pid=928819)[0m                                  'clip_ratio_c': 3.0,
[36m(TaskRunner pid=928819)[0m                                  'clip_ratio_high': 0.2,
[36m(TaskRunner pid=928819)[0m                                  'clip_ratio_low': 0.2,
[36m(TaskRunner pid=928819)[0m                                  'data_loader_seed': 42,
[36m(TaskRunner pid=928819)[0m                                  'entropy_checkpointing': False,
[36m(TaskRunner pid=928819)[0m                                  'entropy_coeff': 0,
[36m(TaskRunner pid=928819)[0m                                  'entropy_from_logits_chunk_size': 2048,
[36m(TaskRunner pid=928819)[0m                                  'entropy_from_logits_with_chunking': False,
[36m(TaskRunner pid=928819)[0m                                  'freeze_vision_tower': False,
[36m(TaskRunner pid=928819)[0m                                  'fsdp_config': {'_target_': 'verl.workers.config.FSDPEngineConfig',
[36m(TaskRunner pid=928819)[0m                                                  'dtype': 'bfloat16',
[36m(TaskRunner pid=928819)[0m                                                  'entropy_checkpointing': False,
[36m(TaskRunner pid=928819)[0m                                                  'entropy_from_logits_chunk_size': 2048,
[36m(TaskRunner pid=928819)[0m                                                  'entropy_from_logits_with_chunking': False,
[36m(TaskRunner pid=928819)[0m                                                  'forward_only': False,
[36m(TaskRunner pid=928819)[0m                                                  'forward_prefetch': False,
[36m(TaskRunner pid=928819)[0m                                                  'fsdp_size': -1,
[36m(TaskRunner pid=928819)[0m                                                  'full_determinism': False,
[36m(TaskRunner pid=928819)[0m                                                  'model_dtype': 'fp32',
[36m(TaskRunner pid=928819)[0m                                                  'offload_policy': False,
[36m(TaskRunner pid=928819)[0m                                                  'optimizer_offload': False,
[36m(TaskRunner pid=928819)[0m                                                  'pad_to_length': False,
[36m(TaskRunner pid=928819)[0m                                                  'pad_to_length_bucket': 1024,
[36m(TaskRunner pid=928819)[0m                                                  'param_offload': False,
[36m(TaskRunner pid=928819)[0m                                                  'qat': {'_target_': 'verl.workers.config.QATEngineConfig',
[36m(TaskRunner pid=928819)[0m                                                          'activation_observer': 'static_minmax',
[36m(TaskRunner pid=928819)[0m                                                          'enable': False,
[36m(TaskRunner pid=928819)[0m                                                          'group_size': 16,
[36m(TaskRunner pid=928819)[0m                                                          'ignore_patterns': ['lm_head',
[36m(TaskRunner pid=928819)[0m                                                                              'embed_tokens',
[36m(TaskRunner pid=928819)[0m                                                                              're:.*mlp.gate$'],
[36m(TaskRunner pid=928819)[0m                                                          'mode': 'w4a16',
[36m(TaskRunner pid=928819)[0m                                                          'quantization_config_path': None},
[36m(TaskRunner pid=928819)[0m                                                  'reshard_after_forward': True,
[36m(TaskRunner pid=928819)[0m                                                  'seed': 42,
[36m(TaskRunner pid=928819)[0m                                                  'strategy': 'fsdp',
[36m(TaskRunner pid=928819)[0m                                                  'ulysses_sequence_parallel_size': 1,
[36m(TaskRunner pid=928819)[0m                                                  'use_orig_params': False,
[36m(TaskRunner pid=928819)[0m                                                  'use_torch_compile': True,
[36m(TaskRunner pid=928819)[0m                                                  'wrap_policy': {'min_num_params': 0}},
[36m(TaskRunner pid=928819)[0m                                  'grad_clip': 1.0,
[36m(TaskRunner pid=928819)[0m                                  'kl_loss_coef': 0.001,
[36m(TaskRunner pid=928819)[0m                                  'kl_loss_type': 'low_var_kl',
[36m(TaskRunner pid=928819)[0m                                  'loss_agg_mode': 'token-mean',
[36m(TaskRunner pid=928819)[0m                                  'loss_scale_factor': None,
[36m(TaskRunner pid=928819)[0m                                  'optim': {'_target_': 'verl.workers.config.FSDPOptimizerConfig',
[36m(TaskRunner pid=928819)[0m                                            'betas': [0.9, 0.999],
[36m(TaskRunner pid=928819)[0m                                            'clip_grad': 1.0,
[36m(TaskRunner pid=928819)[0m                                            'lr': 1e-05,
[36m(TaskRunner pid=928819)[0m                                            'lr_scheduler_type': 'constant',
[36m(TaskRunner pid=928819)[0m                                            'lr_warmup_steps': -1,
[36m(TaskRunner pid=928819)[0m                                            'lr_warmup_steps_ratio': 0.0,
[36m(TaskRunner pid=928819)[0m                                            'min_lr_ratio': 0.1,
[36m(TaskRunner pid=928819)[0m                                            'num_cycles': 0.5,
[36m(TaskRunner pid=928819)[0m                                            'optimizer': 'AdamW',
[36m(TaskRunner pid=928819)[0m                                            'optimizer_impl': 'torch.optim',
[36m(TaskRunner pid=928819)[0m                                            'override_optimizer_config': None,
[36m(TaskRunner pid=928819)[0m                                            'total_training_steps': -1,
[36m(TaskRunner pid=928819)[0m                                            'warmup_style': None,
[36m(TaskRunner pid=928819)[0m                                            'weight_decay': 0.01,
[36m(TaskRunner pid=928819)[0m                                            'zero_indexed_step': True},
[36m(TaskRunner pid=928819)[0m                                  'pad_to_length': False,
[36m(TaskRunner pid=928819)[0m                                  'policy_loss': {'_target_': 'verl.workers.config.PolicyLossConfig',
[36m(TaskRunner pid=928819)[0m                                                  'clip_cov_lb': 1.0,
[36m(TaskRunner pid=928819)[0m                                                  'clip_cov_ratio': 0.0002,
[36m(TaskRunner pid=928819)[0m                                                  'clip_cov_ub': 5.0,
[36m(TaskRunner pid=928819)[0m                                                  'dro_beta': None,
[36m(TaskRunner pid=928819)[0m                                                  'kl_cov_ratio': 0.0002,
[36m(TaskRunner pid=928819)[0m                                                  'loss_mode': 'vanilla',
[36m(TaskRunner pid=928819)[0m                                                  'ppo_kl_coef': 0.1},
[36m(TaskRunner pid=928819)[0m                                  'ppo_epochs': 1,
[36m(TaskRunner pid=928819)[0m                                  'ppo_max_token_len_per_gpu': 24576,
[36m(TaskRunner pid=928819)[0m                                  'ppo_micro_batch_size': None,
[36m(TaskRunner pid=928819)[0m                                  'ppo_micro_batch_size_per_gpu': None,
[36m(TaskRunner pid=928819)[0m                                  'ppo_mini_batch_size': 8,
[36m(TaskRunner pid=928819)[0m                                  'profiler': {'_target_': 'verl.utils.profiler.ProfilerConfig',
[36m(TaskRunner pid=928819)[0m                                               'all_ranks': False,
[36m(TaskRunner pid=928819)[0m                                               'enable': False,
[36m(TaskRunner pid=928819)[0m                                               'ranks': [],
[36m(TaskRunner pid=928819)[0m                                               'save_path': 'outputs/profile',
[36m(TaskRunner pid=928819)[0m                                               'tool': None,
[36m(TaskRunner pid=928819)[0m                                               'tool_config': {'npu': {'_target_': 'verl.utils.profiler.config.NPUToolConfig',
[36m(TaskRunner pid=928819)[0m                                                                       'analysis': True,
[36m(TaskRunner pid=928819)[0m                                                                       'contents': [],
[36m(TaskRunner pid=928819)[0m                                                                       'discrete': False,
[36m(TaskRunner pid=928819)[0m                                                                       'level': 'level0'},
[36m(TaskRunner pid=928819)[0m                                                               'nsys': {'_target_': 'verl.utils.profiler.config.NsightToolConfig',
[36m(TaskRunner pid=928819)[0m                                                                        'discrete': False},
[36m(TaskRunner pid=928819)[0m                                                               'precision_debugger': {'_target_': 'verl.utils.profiler.config.PrecisionDebuggerToolConfig',
[36m(TaskRunner pid=928819)[0m                                                                                      'config_path': None,
[36m(TaskRunner pid=928819)[0m                                                                                      'stages': None,
[36m(TaskRunner pid=928819)[0m                                                                                      'steps': None,
[36m(TaskRunner pid=928819)[0m                                                                                      'strict': False},
[36m(TaskRunner pid=928819)[0m                                                               'torch': {'_target_': 'verl.utils.profiler.config.TorchProfilerToolConfig',
[36m(TaskRunner pid=928819)[0m                                                                         'contents': [],
[36m(TaskRunner pid=928819)[0m                                                                         'discrete': False,
[36m(TaskRunner pid=928819)[0m                                                                         'schedule': {'_target_': 'verl.utils.profiler.config.TorchProfilerScheduleConfig',
[36m(TaskRunner pid=928819)[0m                                                                                      'active': 0,
[36m(TaskRunner pid=928819)[0m                                                                                      'repeat': 0,
[36m(TaskRunner pid=928819)[0m                                                                                      'skip_first': 0,
[36m(TaskRunner pid=928819)[0m                                                                                      'wait': 0,
[36m(TaskRunner pid=928819)[0m                                                                                      'warmup': 0}},
[36m(TaskRunner pid=928819)[0m                                                               'torch_memory': {'_target_': 'verl.utils.profiler.config.TorchMemoryToolConfig',
[36m(TaskRunner pid=928819)[0m                                                                                'stack_depth': 32,
[36m(TaskRunner pid=928819)[0m                                                                                'trace_alloc_max_entries': 100000}}},
[36m(TaskRunner pid=928819)[0m                                  'qat': {'activation_observer': 'static_minmax',
[36m(TaskRunner pid=928819)[0m                                          'enable': False,
[36m(TaskRunner pid=928819)[0m                                          'group_size': 16,
[36m(TaskRunner pid=928819)[0m                                          'ignore_patterns': ['lm_head',
[36m(TaskRunner pid=928819)[0m                                                              'embed_tokens',
[36m(TaskRunner pid=928819)[0m                                                              're:.*mlp.gate$'],
[36m(TaskRunner pid=928819)[0m                                          'mode': 'w4a16',
[36m(TaskRunner pid=928819)[0m                                          'quantization_config_path': None},
[36m(TaskRunner pid=928819)[0m                                  'rollout_n': 16,
[36m(TaskRunner pid=928819)[0m                                  'router_replay': {'_target_': 'verl.workers.config.RouterReplayConfig',
[36m(TaskRunner pid=928819)[0m                                                    'mode': 'disabled',
[36m(TaskRunner pid=928819)[0m                                                    'record_file': None,
[36m(TaskRunner pid=928819)[0m                                                    'replay_file': None},
[36m(TaskRunner pid=928819)[0m                                  'shuffle': False,
[36m(TaskRunner pid=928819)[0m                                  'strategy': 'fsdp2',
[36m(TaskRunner pid=928819)[0m                                  'tau_neg': 1.05,
[36m(TaskRunner pid=928819)[0m                                  'tau_pos': 1.0,
[36m(TaskRunner pid=928819)[0m                                  'ulysses_sequence_parallel_size': 1,
[36m(TaskRunner pid=928819)[0m                                  'use_dynamic_bsz': True,
[36m(TaskRunner pid=928819)[0m                                  'use_fused_kernels': False,
[36m(TaskRunner pid=928819)[0m                                  'use_kl_loss': True,
[36m(TaskRunner pid=928819)[0m                                  'use_prefix_grouper': False,
[36m(TaskRunner pid=928819)[0m                                  'use_remove_padding': True,
[36m(TaskRunner pid=928819)[0m                                  'use_torch_compile': True},
[36m(TaskRunner pid=928819)[0m                        'hybrid_engine': True,
[36m(TaskRunner pid=928819)[0m                        'model': {'_target_': 'verl.workers.config.HFModelConfig',
[36m(TaskRunner pid=928819)[0m                                  'custom_chat_template': None,
[36m(TaskRunner pid=928819)[0m                                  'enable_activation_offload': False,
[36m(TaskRunner pid=928819)[0m                                  'enable_gradient_checkpointing': True,
[36m(TaskRunner pid=928819)[0m                                  'exclude_modules': '.*visual.*',
[36m(TaskRunner pid=928819)[0m                                  'external_lib': None,
[36m(TaskRunner pid=928819)[0m                                  'fused_kernel_options': {'impl_backend': 'torch'},
[36m(TaskRunner pid=928819)[0m                                  'hf_config_path': None,
[36m(TaskRunner pid=928819)[0m                                  'lora': {'a2a_experimental': False,
[36m(TaskRunner pid=928819)[0m                                           'adapter_path': None,
[36m(TaskRunner pid=928819)[0m                                           'alpha': 32,
[36m(TaskRunner pid=928819)[0m                                           'dropout': 0.0,
[36m(TaskRunner pid=928819)[0m                                           'dropout_position': 'pre',
[36m(TaskRunner pid=928819)[0m                                           'dtype': None,
[36m(TaskRunner pid=928819)[0m                                           'exclude_modules': [],
[36m(TaskRunner pid=928819)[0m                                           'freeze_language_model': True,
[36m(TaskRunner pid=928819)[0m                                           'freeze_vision_model': True,
[36m(TaskRunner pid=928819)[0m                                           'freeze_vision_projection': True,
[36m(TaskRunner pid=928819)[0m                                           'lora_A_init_method': 'xavier',
[36m(TaskRunner pid=928819)[0m                                           'lora_B_init_method': 'zero',
[36m(TaskRunner pid=928819)[0m                                           'merge': False,
[36m(TaskRunner pid=928819)[0m                                           'rank': 0,
[36m(TaskRunner pid=928819)[0m                                           'target_modules': ['linear_qkv',
[36m(TaskRunner pid=928819)[0m                                                              'linear_proj',
[36m(TaskRunner pid=928819)[0m                                                              'linear_fc1',
[36m(TaskRunner pid=928819)[0m                                                              'linear_fc2'],
[36m(TaskRunner pid=928819)[0m                                           'type': 'lora'},
[36m(TaskRunner pid=928819)[0m                                  'lora_adapter_path': None,
[36m(TaskRunner pid=928819)[0m                                  'lora_alpha': 32,
[36m(TaskRunner pid=928819)[0m                                  'lora_rank': 16,
[36m(TaskRunner pid=928819)[0m                                  'mtp': {'_target_': 'verl.workers.config.MtpConfig',
[36m(TaskRunner pid=928819)[0m                                          'detach_encoder': False,
[36m(TaskRunner pid=928819)[0m                                          'enable': False,
[36m(TaskRunner pid=928819)[0m                                          'enable_rollout': False,
[36m(TaskRunner pid=928819)[0m                                          'enable_train': False,
[36m(TaskRunner pid=928819)[0m                                          'method': 'mtp',
[36m(TaskRunner pid=928819)[0m                                          'mtp_loss_scaling_factor': 0.1,
[36m(TaskRunner pid=928819)[0m                                          'num_speculative_tokens': 1,
[36m(TaskRunner pid=928819)[0m                                          'speculative_algorithm': 'EAGLE',
[36m(TaskRunner pid=928819)[0m                                          'speculative_eagle_topk': 1,
[36m(TaskRunner pid=928819)[0m                                          'speculative_num_draft_tokens': 4,
[36m(TaskRunner pid=928819)[0m                                          'speculative_num_steps': 3},
[36m(TaskRunner pid=928819)[0m                                  'override_config': {},
[36m(TaskRunner pid=928819)[0m                                  'path': '/home/yw4636/agentic-tvg/results/sft-mix/merged',
[36m(TaskRunner pid=928819)[0m                                  'target_modules': 'all-linear',
[36m(TaskRunner pid=928819)[0m                                  'tiled_mlp': {'enabled': False,
[36m(TaskRunner pid=928819)[0m                                                'num_shards': 4},
[36m(TaskRunner pid=928819)[0m                                  'tokenizer_path': None,
[36m(TaskRunner pid=928819)[0m                                  'trust_remote_code': False,
[36m(TaskRunner pid=928819)[0m                                  'use_fused_kernels': False,
[36m(TaskRunner pid=928819)[0m                                  'use_liger': False,
[36m(TaskRunner pid=928819)[0m                                  'use_remove_padding': True,
[36m(TaskRunner pid=928819)[0m                                  'use_shm': False},
[36m(TaskRunner pid=928819)[0m                        'nccl_timeout': 600,
[36m(TaskRunner pid=928819)[0m                        'ref': {'_target_': 'verl.workers.config.FSDPActorConfig',
[36m(TaskRunner pid=928819)[0m                                'entropy_checkpointing': False,
[36m(TaskRunner pid=928819)[0m                                'entropy_from_logits_chunk_size': 2048,
[36m(TaskRunner pid=928819)[0m                                'entropy_from_logits_with_chunking': False,
[36m(TaskRunner pid=928819)[0m                                'fsdp_config': {'_target_': 'verl.workers.config.FSDPEngineConfig',
[36m(TaskRunner pid=928819)[0m                                                'dtype': 'bfloat16',
[36m(TaskRunner pid=928819)[0m                                                'entropy_checkpointing': False,
[36m(TaskRunner pid=928819)[0m                                                'entropy_from_logits_chunk_size': 2048,
[36m(TaskRunner pid=928819)[0m                                                'entropy_from_logits_with_chunking': False,
[36m(TaskRunner pid=928819)[0m                                                'forward_only': True,
[36m(TaskRunner pid=928819)[0m                                                'forward_prefetch': False,
[36m(TaskRunner pid=928819)[0m                                                'fsdp_size': -1,
[36m(TaskRunner pid=928819)[0m                                                'full_determinism': False,
[36m(TaskRunner pid=928819)[0m                                                'model_dtype': 'fp32',
[36m(TaskRunner pid=928819)[0m                                                'offload_policy': False,
[36m(TaskRunner pid=928819)[0m                                                'optimizer_offload': False,
[36m(TaskRunner pid=928819)[0m                                                'pad_to_length': False,
[36m(TaskRunner pid=928819)[0m                                                'pad_to_length_bucket': 1024,
[36m(TaskRunner pid=928819)[0m                                                'param_offload': False,
[36m(TaskRunner pid=928819)[0m                                                'qat': {'_target_': 'verl.workers.config.QATEngineConfig',
[36m(TaskRunner pid=928819)[0m                                                        'activation_observer': 'static_minmax',
[36m(TaskRunner pid=928819)[0m                                                        'enable': False,
[36m(TaskRunner pid=928819)[0m                                                        'group_size': 16,
[36m(TaskRunner pid=928819)[0m                                                        'ignore_patterns': ['lm_head',
[36m(TaskRunner pid=928819)[0m                                                                            'embed_tokens',
[36m(TaskRunner pid=928819)[0m                                                                            're:.*mlp.gate$'],
[36m(TaskRunner pid=928819)[0m                                                        'mode': 'w4a16',
[36m(TaskRunner pid=928819)[0m                                                        'quantization_config_path': None},
[36m(TaskRunner pid=928819)[0m                                                'reshard_after_forward': True,
[36m(TaskRunner pid=928819)[0m                                                'seed': 42,
[36m(TaskRunner pid=928819)[0m                                                'strategy': 'fsdp',
[36m(TaskRunner pid=928819)[0m                                                'ulysses_sequence_parallel_size': 1,
[36m(TaskRunner pid=928819)[0m                                                'use_orig_params': False,
[36m(TaskRunner pid=928819)[0m                                                'use_torch_compile': True,
[36m(TaskRunner pid=928819)[0m                                                'wrap_policy': {'min_num_params': 0}},
[36m(TaskRunner pid=928819)[0m                                'log_prob_max_token_len_per_gpu': 24576,
[36m(TaskRunner pid=928819)[0m                                'log_prob_micro_batch_size': None,
[36m(TaskRunner pid=928819)[0m                                'log_prob_micro_batch_size_per_gpu': None,
[36m(TaskRunner pid=928819)[0m                                'log_prob_use_dynamic_bsz': True,
[36m(TaskRunner pid=928819)[0m                                'pad_to_length': False,
[36m(TaskRunner pid=928819)[0m                                'profiler': {'_target_': 'verl.utils.profiler.ProfilerConfig',
[36m(TaskRunner pid=928819)[0m                                             'all_ranks': False,
[36m(TaskRunner pid=928819)[0m                                             'enable': False,
[36m(TaskRunner pid=928819)[0m                                             'ranks': [],
[36m(TaskRunner pid=928819)[0m                                             'save_path': 'outputs/profile',
[36m(TaskRunner pid=928819)[0m                                             'tool': None,
[36m(TaskRunner pid=928819)[0m                                             'tool_config': {'npu': {'_target_': 'verl.utils.profiler.config.NPUToolConfig',
[36m(TaskRunner pid=928819)[0m                                                                     'analysis': True,
[36m(TaskRunner pid=928819)[0m                                                                     'contents': [],
[36m(TaskRunner pid=928819)[0m                                                                     'discrete': False,
[36m(TaskRunner pid=928819)[0m                                                                     'level': 'level0'},
[36m(TaskRunner pid=928819)[0m                                                             'nsys': {'_target_': 'verl.utils.profiler.config.NsightToolConfig',
[36m(TaskRunner pid=928819)[0m                                                                      'discrete': False},
[36m(TaskRunner pid=928819)[0m                                                             'precision_debugger': {'_target_': 'verl.utils.profiler.config.PrecisionDebuggerToolConfig',
[36m(TaskRunner pid=928819)[0m                                                                                    'config_path': None,
[36m(TaskRunner pid=928819)[0m                                                                                    'stages': None,
[36m(TaskRunner pid=928819)[0m                                                                                    'steps': None,
[36m(TaskRunner pid=928819)[0m                                                                                    'strict': False},
[36m(TaskRunner pid=928819)[0m                                                             'torch': {'_target_': 'verl.utils.profiler.config.TorchProfilerToolConfig',
[36m(TaskRunner pid=928819)[0m                                                                       'contents': [],
[36m(TaskRunner pid=928819)[0m                                                                       'discrete': False,
[36m(TaskRunner pid=928819)[0m                                                                       'schedule': {'_target_': 'verl.utils.profiler.config.TorchProfilerScheduleConfig',
[36m(TaskRunner pid=928819)[0m                                                                                    'active': 0,
[36m(TaskRunner pid=928819)[0m                                                                                    'repeat': 0,
[36m(TaskRunner pid=928819)[0m                                                                                    'skip_first': 0,
[36m(TaskRunner pid=928819)[0m                                                                                    'wait': 0,
[36m(TaskRunner pid=928819)[0m                                                                                    'warmup': 0}},
[36m(TaskRunner pid=928819)[0m                                                             'torch_memory': {'_target_': 'verl.utils.profiler.config.TorchMemoryToolConfig',
[36m(TaskRunner pid=928819)[0m                                                                              'stack_depth': 32,
[36m(TaskRunner pid=928819)[0m                                                                              'trace_alloc_max_entries': 100000}}},
[36m(TaskRunner pid=928819)[0m                                'rollout_n': 16,
[36m(TaskRunner pid=928819)[0m                                'router_replay': {'_target_': 'verl.workers.config.RouterReplayConfig',
[36m(TaskRunner pid=928819)[0m                                                  'mode': 'disabled',
[36m(TaskRunner pid=928819)[0m                                                  'record_file': None,
[36m(TaskRunner pid=928819)[0m                                                  'replay_file': None},
[36m(TaskRunner pid=928819)[0m                                'strategy': 'fsdp2',
[36m(TaskRunner pid=928819)[0m                                'ulysses_sequence_parallel_size': 1,
[36m(TaskRunner pid=928819)[0m                                'use_torch_compile': True},
[36m(TaskRunner pid=928819)[0m                        'rollout': {'_target_': 'verl.workers.config.RolloutConfig',
[36m(TaskRunner pid=928819)[0m                                    'agent': {'_target_': 'verl.workers.config.AgentLoopConfig',
[36m(TaskRunner pid=928819)[0m                                              'agent_loop_config_path': None,
[36m(TaskRunner pid=928819)[0m                                              'custom_async_server': {'_target_': 'verl.workers.config.CustomAsyncServerConfig',
[36m(TaskRunner pid=928819)[0m                                                                      'name': None,
[36m(TaskRunner pid=928819)[0m                                                                      'path': None},
[36m(TaskRunner pid=928819)[0m                                              'default_agent_loop': 'tool_agent',
[36m(TaskRunner pid=928819)[0m                                              'num_workers': 8},
[36m(TaskRunner pid=928819)[0m                                    'calculate_log_probs': True,
[36m(TaskRunner pid=928819)[0m                                    'checkpoint_engine': {'_target_': 'verl.workers.config.CheckpointEngineConfig',
[36m(TaskRunner pid=928819)[0m                                                          'backend': 'naive',
[36m(TaskRunner pid=928819)[0m                                                          'custom_backend_module': None,
[36m(TaskRunner pid=928819)[0m                                                          'engine_kwargs': {},
[36m(TaskRunner pid=928819)[0m                                                          'update_weights_bucket_megabytes': 2048},
[36m(TaskRunner pid=928819)[0m                                    'cudagraph_capture_sizes': None,
[36m(TaskRunner pid=928819)[0m                                    'data_parallel_size': 1,
[36m(TaskRunner pid=928819)[0m                                    'disable_log_stats': True,
[36m(TaskRunner pid=928819)[0m                                    'disaggregation': {'bootstrap_port': None,
[36m(TaskRunner pid=928819)[0m                                                       'decode_replicas': 1,
[36m(TaskRunner pid=928819)[0m                                                       'decode_tensor_model_parallel_size': None,
[36m(TaskRunner pid=928819)[0m                                                       'enabled': False,
[36m(TaskRunner pid=928819)[0m                                                       'ib_device': None,
[36m(TaskRunner pid=928819)[0m                                                       'prefill_replicas': 1,
[36m(TaskRunner pid=928819)[0m                                                       'transfer_backend': 'nixl'},
[36m(TaskRunner pid=928819)[0m                                    'do_sample': True,
[36m(TaskRunner pid=928819)[0m                                    'dtype': 'bfloat16',
[36m(TaskRunner pid=928819)[0m                                    'enable_chunked_prefill': True,
[36m(TaskRunner pid=928819)[0m                                    'enable_prefix_caching': True,
[36m(TaskRunner pid=928819)[0m                                    'enable_rollout_routing_replay': False,
[36m(TaskRunner pid=928819)[0m                                    'enforce_eager': False,
[36m(TaskRunner pid=928819)[0m                                    'engine_kwargs': {'sglang': {},
[36m(TaskRunner pid=928819)[0m                                                      'trtllm': {},
[36m(TaskRunner pid=928819)[0m                                                      'vllm': {'mm_processor_kwargs': {'max_pixels': 150528}}},
[36m(TaskRunner pid=928819)[0m                                    'expert_parallel_size': 1,
[36m(TaskRunner pid=928819)[0m                                    'free_cache_engine': True,
[36m(TaskRunner pid=928819)[0m                                    'full_determinism': False,
[36m(TaskRunner pid=928819)[0m                                    'gpu_memory_utilization': 0.65,
[36m(TaskRunner pid=928819)[0m                                    'ignore_eos': False,
[36m(TaskRunner pid=928819)[0m                                    'layered_summon': True,
[36m(TaskRunner pid=928819)[0m                                    'limit_images': 112,
[36m(TaskRunner pid=928819)[0m                                    'load_format': 'safetensors',
[36m(TaskRunner pid=928819)[0m                                    'log_prob_max_token_len_per_gpu': 24576,
[36m(TaskRunner pid=928819)[0m                                    'log_prob_micro_batch_size': None,
[36m(TaskRunner pid=928819)[0m                                    'log_prob_micro_batch_size_per_gpu': None,
[36m(TaskRunner pid=928819)[0m                                    'log_prob_use_dynamic_bsz': True,
[36m(TaskRunner pid=928819)[0m                                    'logprobs_mode': 'processed_logprobs',
[36m(TaskRunner pid=928819)[0m                                    'max_model_len': 20992,
[36m(TaskRunner pid=928819)[0m                                    'max_num_batched_tokens': 24576,
[36m(TaskRunner pid=928819)[0m                                    'max_num_seqs': 256,
[36m(TaskRunner pid=928819)[0m                                    'mode': 'async',
[36m(TaskRunner pid=928819)[0m                                    'moe_load_balance_metrics_interval': 0,
[36m(TaskRunner pid=928819)[0m                                    'mtp': {'_target_': 'verl.workers.config.MtpConfig',
[36m(TaskRunner pid=928819)[0m                                            'detach_encoder': False,
[36m(TaskRunner pid=928819)[0m                                            'enable': False,
[36m(TaskRunner pid=928819)[0m                                            'enable_rollout': False,
[36m(TaskRunner pid=928819)[0m                                            'enable_train': False,
[36m(TaskRunner pid=928819)[0m                                            'method': 'mtp',
[36m(TaskRunner pid=928819)[0m                                            'mtp_loss_scaling_factor': 0.1,
[36m(TaskRunner pid=928819)[0m                                            'num_speculative_tokens': 1,
[36m(TaskRunner pid=928819)[0m                                            'speculative_algorithm': 'EAGLE',
[36m(TaskRunner pid=928819)[0m                                            'speculative_eagle_topk': 1,
[36m(TaskRunner pid=928819)[0m                                            'speculative_num_draft_tokens': 4,
[36m(TaskRunner pid=928819)[0m                                            'speculative_num_steps': 3},
[36m(TaskRunner pid=928819)[0m                                    'multi_stage_wake_up': False,
[36m(TaskRunner pid=928819)[0m                                    'multi_turn': {'_target_': 'verl.workers.config.MultiTurnConfig',
[36m(TaskRunner pid=928819)[0m                                                   'enable': True,
[36m(TaskRunner pid=928819)[0m                                                   'format': 'hermes',
[36m(TaskRunner pid=928819)[0m                                                   'function_tool_path': None,
[36m(TaskRunner pid=928819)[0m                                                   'max_assistant_turns': 4,
[36m(TaskRunner pid=928819)[0m                                                   'max_parallel_calls': 1,
[36m(TaskRunner pid=928819)[0m                                                   'max_tool_response_length': 2048,
[36m(TaskRunner pid=928819)[0m                                                   'max_user_turns': 3,
[36m(TaskRunner pid=928819)[0m                                                   'num_repeat_rollouts': None,
[36m(TaskRunner pid=928819)[0m                                                   'tokenization_sanity_check_mode': 'strict',
[36m(TaskRunner pid=928819)[0m                                                   'tool_config_path': '/home/yw4636/agentic-tvg/crop_video_tool.yaml',
[36m(TaskRunner pid=928819)[0m                                                   'tool_response_truncate_side': 'middle',
[36m(TaskRunner pid=928819)[0m                                                   'use_inference_chat_template': False},
[36m(TaskRunner pid=928819)[0m                                    'n': 16,
[36m(TaskRunner pid=928819)[0m                                    'n_gpus_per_node': 1,
[36m(TaskRunner pid=928819)[0m                                    'name': 'vllm',
[36m(TaskRunner pid=928819)[0m                                    'nnodes': 0,
[36m(TaskRunner pid=928819)[0m                                    'over_sample_rate': 0,
[36m(TaskRunner pid=928819)[0m                                    'pipeline_model_parallel_size': 1,
[36m(TaskRunner pid=928819)[0m                                    'profiler': {'_target_': 'verl.utils.profiler.ProfilerConfig',
[36m(TaskRunner pid=928819)[0m                                                 'all_ranks': False,
[36m(TaskRunner pid=928819)[0m                                                 'enable': False,
[36m(TaskRunner pid=928819)[0m                                                 'ranks': [],
[36m(TaskRunner pid=928819)[0m                                                 'save_path': 'outputs/profile',
[36m(TaskRunner pid=928819)[0m                                                 'tool': None,
[36m(TaskRunner pid=928819)[0m                                                 'tool_config': {'npu': {'_target_': 'verl.utils.profiler.config.NPUToolConfig',
[36m(TaskRunner pid=928819)[0m                                                                         'analysis': True,
[36m(TaskRunner pid=928819)[0m                                                                         'contents': [],
[36m(TaskRunner pid=928819)[0m                                                                         'discrete': False,
[36m(TaskRunner pid=928819)[0m                                                                         'level': 'level0',
[36m(TaskRunner pid=928819)[0m                                                                         'profile_token_end': None,
[36m(TaskRunner pid=928819)[0m                                                                         'profile_token_start': None},
[36m(TaskRunner pid=928819)[0m                                                                 'precision_debugger': {'_target_': 'verl.utils.profiler.config.PrecisionDebuggerToolConfig',
[36m(TaskRunner pid=928819)[0m                                                                                        'config_path': None,
[36m(TaskRunner pid=928819)[0m                                                                                        'stages': None,
[36m(TaskRunner pid=928819)[0m                                                                                        'steps': None,
[36m(TaskRunner pid=928819)[0m                                                                                        'strict': False},
[36m(TaskRunner pid=928819)[0m                                                                 'torch': {'_target_': 'verl.utils.profiler.config.TorchProfilerToolConfig',
[36m(TaskRunner pid=928819)[0m                                                                           'contents': [],
[36m(TaskRunner pid=928819)[0m                                                                           'discrete': False,
[36m(TaskRunner pid=928819)[0m                                                                           'profile_token_end': None,
[36m(TaskRunner pid=928819)[0m                                                                           'profile_token_start': None}}},
[36m(TaskRunner pid=928819)[0m                                    'prometheus': {'_target_': 'verl.workers.config.PrometheusConfig',
[36m(TaskRunner pid=928819)[0m                                                   'enable': False,
[36m(TaskRunner pid=928819)[0m                                                   'file': '/tmp/ray/session_latest/metrics/prometheus/prometheus.yml',
[36m(TaskRunner pid=928819)[0m                                                   'port': 9090,
[36m(TaskRunner pid=928819)[0m                                                   'served_model_name': '/home/yw4636/agentic-tvg/results/sft-mix/merged'},
[36m(TaskRunner pid=928819)[0m                                    'prompt_length': 4608,
[36m(TaskRunner pid=928819)[0m                                    'qat': {'_target_': 'verl.workers.config.QATEngineConfig',
[36m(TaskRunner pid=928819)[0m                                            'activation_observer': 'static_minmax',
[36m(TaskRunner pid=928819)[0m                                            'enable': False,
[36m(TaskRunner pid=928819)[0m                                            'group_size': 16,
[36m(TaskRunner pid=928819)[0m                                            'ignore_patterns': ['lm_head',
[36m(TaskRunner pid=928819)[0m                                                                'embed_tokens',
[36m(TaskRunner pid=928819)[0m                                                                're:.*mlp.gate$'],
[36m(TaskRunner pid=928819)[0m                                            'mode': 'w4a16',
[36m(TaskRunner pid=928819)[0m                                            'quantization_config_path': None},
[36m(TaskRunner pid=928819)[0m                                    'quantization': None,
[36m(TaskRunner pid=928819)[0m                                    'quantization_config_file': None,
[36m(TaskRunner pid=928819)[0m                                    'response_length': 16384,
[36m(TaskRunner pid=928819)[0m                                    'scheduling_policy': 'fcfs',
[36m(TaskRunner pid=928819)[0m                                    'seed': 42,
[36m(TaskRunner pid=928819)[0m                                    'skip_tokenizer_init': True,
[36m(TaskRunner pid=928819)[0m                                    'temperature': 1.0,
[36m(TaskRunner pid=928819)[0m                                    'tensor_model_parallel_size': 1,
[36m(TaskRunner pid=928819)[0m                                    'top_k': -1,
[36m(TaskRunner pid=928819)[0m                                    'top_p': 1,
[36m(TaskRunner pid=928819)[0m                                    'trace': {'_target_': 'verl.workers.config.TraceConfig',
[36m(TaskRunner pid=928819)[0m                                              'backend': None,
[36m(TaskRunner pid=928819)[0m                                              'experiment_name': 'grpo_v2',
[36m(TaskRunner pid=928819)[0m                                              'max_samples_per_step_per_worker': None,
[36m(TaskRunner pid=928819)[0m                                              'project_name': 'agentic-tvg',
[36m(TaskRunner pid=928819)[0m                                              'token2text': False},
[36m(TaskRunner pid=928819)[0m                                    'val_kwargs': {'_target_': 'verl.workers.config.SamplingConfig',
[36m(TaskRunner pid=928819)[0m                                                   'do_sample': False,
[36m(TaskRunner pid=928819)[0m                                                   'n': 1,
[36m(TaskRunner pid=928819)[0m                                                   'temperature': 0,
[36m(TaskRunner pid=928819)[0m                                                   'top_k': -1,
[36m(TaskRunner pid=928819)[0m                                                   'top_p': 1.0}}},
[36m(TaskRunner pid=928819)[0m  'algorithm': {'_target_': 'verl.trainer.config.AlgoConfig',
[36m(TaskRunner pid=928819)[0m                'adv_estimator': 'grpo',
[36m(TaskRunner pid=928819)[0m                'filter_groups': {'_target_': 'verl.trainer.config.FilterGroupsConfig',
[36m(TaskRunner pid=928819)[0m                                  'enable': False,
[36m(TaskRunner pid=928819)[0m                                  'max_inflight_gen_batches': 1,
[36m(TaskRunner pid=928819)[0m                                  'max_num_gen_batches': 0,
[36m(TaskRunner pid=928819)[0m                                  'metric': None},
[36m(TaskRunner pid=928819)[0m                'gamma': 1.0,
[36m(TaskRunner pid=928819)[0m                'kl_ctrl': {'_target_': 'verl.trainer.config.KLControlConfig',
[36m(TaskRunner pid=928819)[0m                            'horizon': 10000,
[36m(TaskRunner pid=928819)[0m                            'kl_coef': 0.001,
[36m(TaskRunner pid=928819)[0m                            'target_kl': 0.1,
[36m(TaskRunner pid=928819)[0m                            'type': 'fixed'},
[36m(TaskRunner pid=928819)[0m                'kl_penalty': 'kl',
[36m(TaskRunner pid=928819)[0m                'lam': 1.0,
[36m(TaskRunner pid=928819)[0m                'norm_adv_by_std_in_grpo': True,
[36m(TaskRunner pid=928819)[0m                'pf_ppo': {'reweight_method': 'pow', 'weight_pow': 2.0},
[36m(TaskRunner pid=928819)[0m                'rollout_correction': {'bypass_mode': False,
[36m(TaskRunner pid=928819)[0m                                       'loss_type': 'ppo_clip',
[36m(TaskRunner pid=928819)[0m                                       'rollout_is': None,
[36m(TaskRunner pid=928819)[0m                                       'rollout_is_batch_normalize': False,
[36m(TaskRunner pid=928819)[0m                                       'rollout_is_threshold': 2.0,
[36m(TaskRunner pid=928819)[0m                                       'rollout_rs': None,
[36m(TaskRunner pid=928819)[0m                                       'rollout_rs_threshold': None},
[36m(TaskRunner pid=928819)[0m                'use_kl_in_reward': False,
[36m(TaskRunner pid=928819)[0m                'use_pf_ppo': False},
[36m(TaskRunner pid=928819)[0m  'critic': {'_target_': 'verl.workers.config.FSDPCriticConfig',
[36m(TaskRunner pid=928819)[0m             'checkpoint': {'_target_': 'verl.trainer.config.CheckpointConfig',
[36m(TaskRunner pid=928819)[0m                            'async_save': False,
[36m(TaskRunner pid=928819)[0m                            'load_contents': ['model', 'optimizer', 'extra'],
[36m(TaskRunner pid=928819)[0m                            'save_contents': ['model', 'optimizer', 'extra']},
[36m(TaskRunner pid=928819)[0m             'cliprange_value': 0.5,
[36m(TaskRunner pid=928819)[0m             'data_loader_seed': 42,
[36m(TaskRunner pid=928819)[0m             'enable': None,
[36m(TaskRunner pid=928819)[0m             'forward_max_token_len_per_gpu': 32768,
[36m(TaskRunner pid=928819)[0m             'forward_micro_batch_size': None,
[36m(TaskRunner pid=928819)[0m             'forward_micro_batch_size_per_gpu': None,
[36m(TaskRunner pid=928819)[0m             'fsdp': {'_target_': 'verl.workers.config.FSDPEngineConfig',
[36m(TaskRunner pid=928819)[0m                      'dtype': 'bfloat16',
[36m(TaskRunner pid=928819)[0m                      'entropy_checkpointing': False,
[36m(TaskRunner pid=928819)[0m                      'entropy_from_logits_chunk_size': 2048,
[36m(TaskRunner pid=928819)[0m                      'entropy_from_logits_with_chunking': False,
[36m(TaskRunner pid=928819)[0m                      'forward_only': False,
[36m(TaskRunner pid=928819)[0m                      'forward_prefetch': False,
[36m(TaskRunner pid=928819)[0m                      'fsdp_size': -1,
[36m(TaskRunner pid=928819)[0m                      'full_determinism': False,
[36m(TaskRunner pid=928819)[0m                      'model_dtype': 'fp32',
[36m(TaskRunner pid=928819)[0m                      'offload_policy': False,
[36m(TaskRunner pid=928819)[0m                      'optimizer_offload': False,
[36m(TaskRunner pid=928819)[0m                      'pad_to_length': False,
[36m(TaskRunner pid=928819)[0m                      'pad_to_length_bucket': 1024,
[36m(TaskRunner pid=928819)[0m                      'param_offload': False,
[36m(TaskRunner pid=928819)[0m                      'qat': {'_target_': 'verl.workers.config.QATEngineConfig',
[36m(TaskRunner pid=928819)[0m                              'activation_observer': 'static_minmax',
[36m(TaskRunner pid=928819)[0m                              'enable': False,
[36m(TaskRunner pid=928819)[0m                              'group_size': 16,
[36m(TaskRunner pid=928819)[0m                              'ignore_patterns': ['lm_head',
[36m(TaskRunner pid=928819)[0m                                                  'embed_tokens',
[36m(TaskRunner pid=928819)[0m                                                  're:.*mlp.gate$'],
[36m(TaskRunner pid=928819)[0m                              'mode': 'w4a16',
[36m(TaskRunner pid=928819)[0m                              'quantization_config_path': None},
[36m(TaskRunner pid=928819)[0m                      'reshard_after_forward': True,
[36m(TaskRunner pid=928819)[0m                      'seed': 42,
[36m(TaskRunner pid=928819)[0m                      'strategy': 'fsdp',
[36m(TaskRunner pid=928819)[0m                      'ulysses_sequence_parallel_size': 1,
[36m(TaskRunner pid=928819)[0m                      'use_orig_params': False,
[36m(TaskRunner pid=928819)[0m                      'use_torch_compile': True,
[36m(TaskRunner pid=928819)[0m                      'wrap_policy': {'min_num_params': 0}},
[36m(TaskRunner pid=928819)[0m             'grad_clip': 1.0,
[36m(TaskRunner pid=928819)[0m             'loss_agg_mode': 'token-mean',
[36m(TaskRunner pid=928819)[0m             'loss_scale_factor': None,
[36m(TaskRunner pid=928819)[0m             'model': {'_target_': 'verl.workers.config.HFModelConfig',
[36m(TaskRunner pid=928819)[0m                       'custom_chat_template': None,
[36m(TaskRunner pid=928819)[0m                       'enable_activation_offload': False,
[36m(TaskRunner pid=928819)[0m                       'enable_gradient_checkpointing': True,
[36m(TaskRunner pid=928819)[0m                       'exclude_modules': None,
[36m(TaskRunner pid=928819)[0m                       'external_lib': None,
[36m(TaskRunner pid=928819)[0m                       'fused_kernel_options': {'impl_backend': 'torch'},
[36m(TaskRunner pid=928819)[0m                       'hf_config_path': None,
[36m(TaskRunner pid=928819)[0m                       'lora': {'a2a_experimental': False,
[36m(TaskRunner pid=928819)[0m                                'adapter_path': None,
[36m(TaskRunner pid=928819)[0m                                'alpha': 32,
[36m(TaskRunner pid=928819)[0m                                'dropout': 0.0,
[36m(TaskRunner pid=928819)[0m                                'dropout_position': 'pre',
[36m(TaskRunner pid=928819)[0m                                'dtype': None,
[36m(TaskRunner pid=928819)[0m                                'exclude_modules': [],
[36m(TaskRunner pid=928819)[0m                                'freeze_language_model': True,
[36m(TaskRunner pid=928819)[0m                                'freeze_vision_model': True,
[36m(TaskRunner pid=928819)[0m                                'freeze_vision_projection': True,
[36m(TaskRunner pid=928819)[0m                                'lora_A_init_method': 'xavier',
[36m(TaskRunner pid=928819)[0m                                'lora_B_init_method': 'zero',
[36m(TaskRunner pid=928819)[0m                                'merge': False,
[36m(TaskRunner pid=928819)[0m                                'rank': 0,
[36m(TaskRunner pid=928819)[0m                                'target_modules': ['linear_qkv',
[36m(TaskRunner pid=928819)[0m                                                   'linear_proj',
[36m(TaskRunner pid=928819)[0m                                                   'linear_fc1',
[36m(TaskRunner pid=928819)[0m                                                   'linear_fc2'],
[36m(TaskRunner pid=928819)[0m                                'type': 'lora'},
[36m(TaskRunner pid=928819)[0m                       'lora_adapter_path': None,
[36m(TaskRunner pid=928819)[0m                       'lora_alpha': 16,
[36m(TaskRunner pid=928819)[0m                       'lora_rank': 0,
[36m(TaskRunner pid=928819)[0m                       'mtp': {'_target_': 'verl.workers.config.MtpConfig',
[36m(TaskRunner pid=928819)[0m                               'detach_encoder': False,
[36m(TaskRunner pid=928819)[0m                               'enable': False,
[36m(TaskRunner pid=928819)[0m                               'enable_rollout': False,
[36m(TaskRunner pid=928819)[0m                               'enable_train': False,
[36m(TaskRunner pid=928819)[0m                               'method': 'mtp',
[36m(TaskRunner pid=928819)[0m                               'mtp_loss_scaling_factor': 0.1,
[36m(TaskRunner pid=928819)[0m                               'num_speculative_tokens': 1,
[36m(TaskRunner pid=928819)[0m                               'speculative_algorithm': 'EAGLE',
[36m(TaskRunner pid=928819)[0m                               'speculative_eagle_topk': 1,
[36m(TaskRunner pid=928819)[0m                               'speculative_num_draft_tokens': 4,
[36m(TaskRunner pid=928819)[0m                               'speculative_num_steps': 3},
[36m(TaskRunner pid=928819)[0m                       'override_config': {},
[36m(TaskRunner pid=928819)[0m                       'path': '~/models/deepseek-llm-7b-chat',
[36m(TaskRunner pid=928819)[0m                       'target_modules': 'all-linear',
[36m(TaskRunner pid=928819)[0m                       'tiled_mlp': {'enabled': False, 'num_shards': 4},
[36m(TaskRunner pid=928819)[0m                       'tokenizer_path': None,
[36m(TaskRunner pid=928819)[0m                       'trust_remote_code': False,
[36m(TaskRunner pid=928819)[0m                       'use_fused_kernels': False,
[36m(TaskRunner pid=928819)[0m                       'use_liger': False,
[36m(TaskRunner pid=928819)[0m                       'use_remove_padding': True,
[36m(TaskRunner pid=928819)[0m                       'use_shm': False},
[36m(TaskRunner pid=928819)[0m             'optim': {'_target_': 'verl.workers.config.FSDPOptimizerConfig',
[36m(TaskRunner pid=928819)[0m                       'betas': [0.9, 0.999],
[36m(TaskRunner pid=928819)[0m                       'clip_grad': 1.0,
[36m(TaskRunner pid=928819)[0m                       'lr': 1e-05,
[36m(TaskRunner pid=928819)[0m                       'lr_scheduler_type': 'constant',
[36m(TaskRunner pid=928819)[0m                       'lr_warmup_steps': -1,
[36m(TaskRunner pid=928819)[0m                       'lr_warmup_steps_ratio': 0.0,
[36m(TaskRunner pid=928819)[0m                       'min_lr_ratio': 0.0,
[36m(TaskRunner pid=928819)[0m                       'num_cycles': 0.5,
[36m(TaskRunner pid=928819)[0m                       'optimizer': 'AdamW',
[36m(TaskRunner pid=928819)[0m                       'optimizer_impl': 'torch.optim',
[36m(TaskRunner pid=928819)[0m                       'override_optimizer_config': None,
[36m(TaskRunner pid=928819)[0m                       'total_training_steps': -1,
[36m(TaskRunner pid=928819)[0m                       'warmup_style': None,
[36m(TaskRunner pid=928819)[0m                       'weight_decay': 0.01,
[36m(TaskRunner pid=928819)[0m                       'zero_indexed_step': True},
[36m(TaskRunner pid=928819)[0m             'ppo_epochs': 1,
[36m(TaskRunner pid=928819)[0m             'ppo_max_token_len_per_gpu': 32768,
[36m(TaskRunner pid=928819)[0m             'ppo_micro_batch_size': None,
[36m(TaskRunner pid=928819)[0m             'ppo_micro_batch_size_per_gpu': None,
[36m(TaskRunner pid=928819)[0m             'ppo_mini_batch_size': 8,
[36m(TaskRunner pid=928819)[0m             'profiler': {'_target_': 'verl.utils.profiler.ProfilerConfig',
[36m(TaskRunner pid=928819)[0m                          'all_ranks': False,
[36m(TaskRunner pid=928819)[0m                          'enable': False,
[36m(TaskRunner pid=928819)[0m                          'ranks': [],
[36m(TaskRunner pid=928819)[0m                          'save_path': 'outputs/profile',
[36m(TaskRunner pid=928819)[0m                          'tool': None,
[36m(TaskRunner pid=928819)[0m                          'tool_config': {'npu': {'_target_': 'verl.utils.profiler.config.NPUToolConfig',
[36m(TaskRunner pid=928819)[0m                                                  'analysis': True,
[36m(TaskRunner pid=928819)[0m                                                  'contents': [],
[36m(TaskRunner pid=928819)[0m                                                  'discrete': False,
[36m(TaskRunner pid=928819)[0m                                                  'level': 'level0'},
[36m(TaskRunner pid=928819)[0m                                          'nsys': {'_target_': 'verl.utils.profiler.config.NsightToolConfig',
[36m(TaskRunner pid=928819)[0m                                                   'discrete': False},
[36m(TaskRunner pid=928819)[0m                                          'precision_debugger': {'_target_': 'verl.utils.profiler.config.PrecisionDebuggerToolConfig',
[36m(TaskRunner pid=928819)[0m                                                                 'config_path': None,
[36m(TaskRunner pid=928819)[0m                                                                 'stages': None,
[36m(TaskRunner pid=928819)[0m                                                                 'steps': None,
[36m(TaskRunner pid=928819)[0m                                                                 'strict': False},
[36m(TaskRunner pid=928819)[0m                                          'torch': {'_target_': 'verl.utils.profiler.config.TorchProfilerToolConfig',
[36m(TaskRunner pid=928819)[0m                                                    'contents': [],
[36m(TaskRunner pid=928819)[0m                                                    'discrete': False,
[36m(TaskRunner pid=928819)[0m                                                    'schedule': {'_target_': 'verl.utils.profiler.config.TorchProfilerScheduleConfig',
[36m(TaskRunner pid=928819)[0m                                                                 'active': 0,
[36m(TaskRunner pid=928819)[0m                                                                 'repeat': 0,
[36m(TaskRunner pid=928819)[0m                                                                 'skip_first': 0,
[36m(TaskRunner pid=928819)[0m                                                                 'wait': 0,
[36m(TaskRunner pid=928819)[0m                                                                 'warmup': 0}},
[36m(TaskRunner pid=928819)[0m                                          'torch_memory': {'_target_': 'verl.utils.profiler.config.TorchMemoryToolConfig',
[36m(TaskRunner pid=928819)[0m                                                           'stack_depth': 32,
[36m(TaskRunner pid=928819)[0m                                                           'trace_alloc_max_entries': 100000}}},
[36m(TaskRunner pid=928819)[0m             'rollout_n': 16,
[36m(TaskRunner pid=928819)[0m             'shuffle': False,
[36m(TaskRunner pid=928819)[0m             'strategy': 'fsdp',
[36m(TaskRunner pid=928819)[0m             'ulysses_sequence_parallel_size': 1,
[36m(TaskRunner pid=928819)[0m             'use_dynamic_bsz': True},
[36m(TaskRunner pid=928819)[0m  'custom_reward_function': {'name': None, 'path': None},
[36m(TaskRunner pid=928819)[0m  'data': {'apply_chat_template_kwargs': {},
[36m(TaskRunner pid=928819)[0m           'audio_key': 'audios',
[36m(TaskRunner pid=928819)[0m           'continuous_token': {'enable': False, 'model_family': 'auto'},
[36m(TaskRunner pid=928819)[0m           'custom_cls': {'name': None, 'path': None},
[36m(TaskRunner pid=928819)[0m           'dataloader_num_workers': 8,
[36m(TaskRunner pid=928819)[0m           'filter_overlong_prompts': False,
[36m(TaskRunner pid=928819)[0m           'filter_overlong_prompts_workers': 1,
[36m(TaskRunner pid=928819)[0m           'function_tool_path': None,
[36m(TaskRunner pid=928819)[0m           'gen_batch_size': None,
[36m(TaskRunner pid=928819)[0m           'image_key': 'images',
[36m(TaskRunner pid=928819)[0m           'image_patch_size': 16,
[36m(TaskRunner pid=928819)[0m           'max_prompt_length': 4608,
[36m(TaskRunner pid=928819)[0m           'max_response_length': 16384,
[36m(TaskRunner pid=928819)[0m           'mm_processor_kwargs': {},
[36m(TaskRunner pid=928819)[0m           'prompt_key': 'prompt',
[36m(TaskRunner pid=928819)[0m           'return_full_prompt': False,
[36m(TaskRunner pid=928819)[0m           'return_multi_modal_inputs': True,
[36m(TaskRunner pid=928819)[0m           'return_raw_chat': True,
[36m(TaskRunner pid=928819)[0m           'return_raw_input_ids': False,
[36m(TaskRunner pid=928819)[0m           'reward_fn_key': 'data_source',
[36m(TaskRunner pid=928819)[0m           'seed': None,
[36m(TaskRunner pid=928819)[0m           'shuffle': True,
[36m(TaskRunner pid=928819)[0m           'tokenizer': None,
[36m(TaskRunner pid=928819)[0m           'tool_config_path': '/home/yw4636/agentic-tvg/crop_video_tool.yaml',
[36m(TaskRunner pid=928819)[0m           'train_batch_size': 8,
[36m(TaskRunner pid=928819)[0m           'train_files': '/home/yw4636/agentic-tvg/data/processed/rl_train.parquet',
[36m(TaskRunner pid=928819)[0m           'train_max_samples': -1,
[36m(TaskRunner pid=928819)[0m           'truncation': 'error',
[36m(TaskRunner pid=928819)[0m           'trust_remote_code': False,
[36m(TaskRunner pid=928819)[0m           'use_shm': False,
[36m(TaskRunner pid=928819)[0m           'val_batch_size': 2,
[36m(TaskRunner pid=928819)[0m           'val_files': '/home/yw4636/agentic-tvg/data/processed/rl_val.parquet',
[36m(TaskRunner pid=928819)[0m           'val_max_samples': -1,
[36m(TaskRunner pid=928819)[0m           'validation_shuffle': False,
[36m(TaskRunner pid=928819)[0m           'video_key': 'videos'},
[36m(TaskRunner pid=928819)[0m  'distillation': {'_target_': 'verl.workers.config.DistillationConfig',
[36m(TaskRunner pid=928819)[0m                   'distillation_loss': {'_target_': 'verl.workers.config.DistillationLossConfig',
[36m(TaskRunner pid=928819)[0m                                         'clip_ratio': 0.2,
[36m(TaskRunner pid=928819)[0m                                         'clip_ratio_high': 0.2,
[36m(TaskRunner pid=928819)[0m                                         'clip_ratio_low': 0.2,
[36m(TaskRunner pid=928819)[0m                                         'distillation_loss_coef': 1.0,
[36m(TaskRunner pid=928819)[0m                                         'log_prob_min_clamp': None,
[36m(TaskRunner pid=928819)[0m                                         'loss_max_clamp': None,
[36m(TaskRunner pid=928819)[0m                                         'loss_mode': 'k3',
[36m(TaskRunner pid=928819)[0m                                         'policy_loss_mode': 'vanilla',
[36m(TaskRunner pid=928819)[0m                                         'topk': 32,
[36m(TaskRunner pid=928819)[0m                                         'use_policy_gradient': False,
[36m(TaskRunner pid=928819)[0m                                         'use_task_rewards': True},
[36m(TaskRunner pid=928819)[0m                   'enabled': False,
[36m(TaskRunner pid=928819)[0m                   'n_gpus_per_node': 8,
[36m(TaskRunner pid=928819)[0m                   'nnodes': 0,
[36m(TaskRunner pid=928819)[0m                   'teacher_key': 'data_source',
[36m(TaskRunner pid=928819)[0m                   'teacher_models': {'teacher_model': {'_target_': 'verl.workers.config.DistillationTeacherModelConfig',
[36m(TaskRunner pid=928819)[0m                                                        'inference': {'_target_': 'verl.workers.config.RolloutConfig',
[36m(TaskRunner pid=928819)[0m                                                                      'cudagraph_capture_sizes': None,
[36m(TaskRunner pid=928819)[0m                                                                      'data_parallel_size': 1,
[36m(TaskRunner pid=928819)[0m                                                                      'disable_log_stats': True,
[36m(TaskRunner pid=928819)[0m                                                                      'dtype': 'bfloat16',
[36m(TaskRunner pid=928819)[0m                                                                      'enable_chunked_prefill': True,
[36m(TaskRunner pid=928819)[0m                                                                      'enable_prefix_caching': True,
[36m(TaskRunner pid=928819)[0m                                                                      'enforce_eager': True,
[36m(TaskRunner pid=928819)[0m                                                                      'engine_kwargs': {},
[36m(TaskRunner pid=928819)[0m                                                                      'expert_parallel_size': 1,
[36m(TaskRunner pid=928819)[0m                                                                      'free_cache_engine': True,
[36m(TaskRunner pid=928819)[0m                                                                      'gpu_memory_utilization': 0.5,
[36m(TaskRunner pid=928819)[0m                                                                      'limit_images': None,
[36m(TaskRunner pid=928819)[0m                                                                      'load_format': 'auto',
[36m(TaskRunner pid=928819)[0m                                                                      'max_model_len': None,
[36m(TaskRunner pid=928819)[0m                                                                      'max_num_batched_tokens': 8192,
[36m(TaskRunner pid=928819)[0m                                                                      'max_num_seqs': 1024,
[36m(TaskRunner pid=928819)[0m                                                                      'name': 'vllm',
[36m(TaskRunner pid=928819)[0m                                                                      'prompt_length': 4608,
[36m(TaskRunner pid=928819)[0m                                                                      'response_length': 16384,
[36m(TaskRunner pid=928819)[0m                                                                      'skip_tokenizer_init': True,
[36m(TaskRunner pid=928819)[0m                                                                      'temperature': 1.0,
[36m(TaskRunner pid=928819)[0m                                                                      'tensor_model_parallel_size': 2},
[36m(TaskRunner pid=928819)[0m                                                        'key': None,
[36m(TaskRunner pid=928819)[0m                                                        'model_path': None,
[36m(TaskRunner pid=928819)[0m                                                        'num_replicas': 0}}},
[36m(TaskRunner pid=928819)[0m  'global_profiler': {'_target_': 'verl.utils.profiler.ProfilerConfig',
[36m(TaskRunner pid=928819)[0m                      'global_tool_config': {'nsys': {'_target_': 'verl.utils.profiler.config.NsightToolConfig',
[36m(TaskRunner pid=928819)[0m                                                      'controller_nsight_options': {'cuda-graph-trace': 'graph',
[36m(TaskRunner pid=928819)[0m                                                                                    'cuda-memory-usage': 'true',
[36m(TaskRunner pid=928819)[0m                                                                                    'trace': 'cuda,nvtx,cublas,ucx'},
[36m(TaskRunner pid=928819)[0m                                                      'discrete': False,
[36m(TaskRunner pid=928819)[0m                                                      'worker_nsight_options': {'capture-range': 'cudaProfilerApi',
[36m(TaskRunner pid=928819)[0m                                                                                'capture-range-end': None,
[36m(TaskRunner pid=928819)[0m                                                                                'cuda-graph-trace': 'graph',
[36m(TaskRunner pid=928819)[0m                                                                                'cuda-memory-usage': 'true',
[36m(TaskRunner pid=928819)[0m                                                                                'kill': 'none',
[36m(TaskRunner pid=928819)[0m                                                                                'trace': 'cuda,nvtx,cublas,ucx'}},
[36m(TaskRunner pid=928819)[0m                                             'precision_debugger': {'_target_': 'verl.utils.profiler.config.PrecisionDebuggerToolConfig',
[36m(TaskRunner pid=928819)[0m                                                                    'config_path': None,
[36m(TaskRunner pid=928819)[0m                                                                    'stages': None,
[36m(TaskRunner pid=928819)[0m                                                                    'steps': None,
[36m(TaskRunner pid=928819)[0m                                                                    'strict': False},
[36m(TaskRunner pid=928819)[0m                                             'torch_memory': {'context': 'all',
[36m(TaskRunner pid=928819)[0m                                                              'kw_args': {},
[36m(TaskRunner pid=928819)[0m                                                              'stack_depth': 32,
[36m(TaskRunner pid=928819)[0m                                                              'stacks': 'all',
[36m(TaskRunner pid=928819)[0m                                                              'trace_alloc_max_entries': 100000}},
[36m(TaskRunner pid=928819)[0m                      'profile_continuous_steps': False,
[36m(TaskRunner pid=928819)[0m                      'save_path': 'outputs/profile',
[36m(TaskRunner pid=928819)[0m                      'steps': None,
[36m(TaskRunner pid=928819)[0m                      'tool': None},
[36m(TaskRunner pid=928819)[0m  'model_engine': 'dp',
[36m(TaskRunner pid=928819)[0m  'ray_kwargs': {'ray_init': {'num_cpus': None,
[36m(TaskRunner pid=928819)[0m                              'object_store_memory': 25769803776},
[36m(TaskRunner pid=928819)[0m                 'timeline_json_file': None},
[36m(TaskRunner pid=928819)[0m  'reward': {'_target_': 'verl.workers.config.RewardConfig',
[36m(TaskRunner pid=928819)[0m             'custom_reward_function': {'name': 'compute_score_qa2',
[36m(TaskRunner pid=928819)[0m                                        'path': '/home/yw4636/agentic-tvg/agentic_tvg/reward.py'},
[36m(TaskRunner pid=928819)[0m             'num_workers': 8,
[36m(TaskRunner pid=928819)[0m             'reward_manager': {'_target_': 'verl.workers.config.reward.RewardManagerConfig',
[36m(TaskRunner pid=928819)[0m                                'module': {'_target_': 'verl.trainer.config.config.ModuleConfig',
[36m(TaskRunner pid=928819)[0m                                           'name': 'custom_reward_manager',
[36m(TaskRunner pid=928819)[0m                                           'path': None},
[36m(TaskRunner pid=928819)[0m                                'name': 'naive',
[36m(TaskRunner pid=928819)[0m                                'source': 'register'},
[36m(TaskRunner pid=928819)[0m             'reward_model': {'_target_': 'verl.workers.config.RewardModelConfig',
[36m(TaskRunner pid=928819)[0m                              'enable': False,
[36m(TaskRunner pid=928819)[0m                              'enable_resource_pool': False,
[36m(TaskRunner pid=928819)[0m                              'model_path': None,
[36m(TaskRunner pid=928819)[0m                              'n_gpus_per_node': 8,
[36m(TaskRunner pid=928819)[0m                              'nnodes': 0,
[36m(TaskRunner pid=928819)[0m                              'rollout': {'_target_': 'verl.workers.config.RolloutConfig',
[36m(TaskRunner pid=928819)[0m                                          'cudagraph_capture_sizes': None,
[36m(TaskRunner pid=928819)[0m                                          'data_parallel_size': 1,
[36m(TaskRunner pid=928819)[0m                                          'disable_log_stats': True,
[36m(TaskRunner pid=928819)[0m                                          'disaggregation': {'bootstrap_port': None,
[36m(TaskRunner pid=928819)[0m                                                             'decode_replicas': 1,
[36m(TaskRunner pid=928819)[0m                                                             'decode_tensor_model_parallel_size': None,
[36m(TaskRunner pid=928819)[0m                                                             'enabled': False,
[36m(TaskRunner pid=928819)[0m                                                             'ib_device': None,
[36m(TaskRunner pid=928819)[0m                                                             'prefill_replicas': 1,
[36m(TaskRunner pid=928819)[0m                                                             'transfer_backend': 'nixl'},
[36m(TaskRunner pid=928819)[0m                                          'do_sample': True,
[36m(TaskRunner pid=928819)[0m                                          'dtype': 'bfloat16',
[36m(TaskRunner pid=928819)[0m                                          'enable_chunked_prefill': True,
[36m(TaskRunner pid=928819)[0m                                          'enable_prefix_caching': True,
[36m(TaskRunner pid=928819)[0m                                          'enforce_eager': True,
[36m(TaskRunner pid=928819)[0m                                          'engine_kwargs': {},
[36m(TaskRunner pid=928819)[0m                                          'expert_parallel_size': 1,
[36m(TaskRunner pid=928819)[0m                                          'free_cache_engine': True,
[36m(TaskRunner pid=928819)[0m                                          'full_determinism': False,
[36m(TaskRunner pid=928819)[0m                                          'gpu_memory_utilization': 0.5,
[36m(TaskRunner pid=928819)[0m                                          'ignore_eos': False,
[36m(TaskRunner pid=928819)[0m                                          'layered_summon': False,
[36m(TaskRunner pid=928819)[0m                                          'limit_images': None,
[36m(TaskRunner pid=928819)[0m                                          'load_format': 'auto',
[36m(TaskRunner pid=928819)[0m                                          'max_model_len': None,
[36m(TaskRunner pid=928819)[0m                                          'max_num_batched_tokens': 8192,
[36m(TaskRunner pid=928819)[0m                                          'max_num_seqs': 1024,
[36m(TaskRunner pid=928819)[0m                                          'mtp': None,
[36m(TaskRunner pid=928819)[0m                                          'multi_stage_wake_up': False,
[36m(TaskRunner pid=928819)[0m                                          'n': 1,
[36m(TaskRunner pid=928819)[0m                                          'name': '???',
[36m(TaskRunner pid=928819)[0m                                          'pipeline_model_parallel_size': 1,
[36m(TaskRunner pid=928819)[0m                                          'prompt_length': 2048,
[36m(TaskRunner pid=928819)[0m                                          'quantization': None,
[36m(TaskRunner pid=928819)[0m                                          'quantization_config_file': None,
[36m(TaskRunner pid=928819)[0m                                          'response_length': 2048,
[36m(TaskRunner pid=928819)[0m                                          'scheduling_policy': 'fcfs',
[36m(TaskRunner pid=928819)[0m                                          'seed': 42,
[36m(TaskRunner pid=928819)[0m                                          'skip_tokenizer_init': False,
[36m(TaskRunner pid=928819)[0m                                          'temperature': 1.0,
[36m(TaskRunner pid=928819)[0m                                          'tensor_model_parallel_size': 2,
[36m(TaskRunner pid=928819)[0m                                          'top_k': -1,
[36m(TaskRunner pid=928819)[0m                                          'top_p': 1}},
[36m(TaskRunner pid=928819)[0m             'sandbox_fusion': {'_target_': 'verl.workers.config.SandboxFusionConfig',
[36m(TaskRunner pid=928819)[0m                                'max_concurrent': 64,
[36m(TaskRunner pid=928819)[0m                                'memory_limit_mb': 1024,
[36m(TaskRunner pid=928819)[0m                                'url': None}},
[36m(TaskRunner pid=928819)[0m  'reward_model': {'enable': None,
[36m(TaskRunner pid=928819)[0m                   'enable_resource_pool': None,
[36m(TaskRunner pid=928819)[0m                   'model': {'external_lib': None,
[36m(TaskRunner pid=928819)[0m                             'path': None,
[36m(TaskRunner pid=928819)[0m                             'trust_remote_code': None},
[36m(TaskRunner pid=928819)[0m                   'n_gpus_per_node': None,
[36m(TaskRunner pid=928819)[0m                   'nnodes': None,
[36m(TaskRunner pid=928819)[0m                   'num_workers': None,
[36m(TaskRunner pid=928819)[0m                   'reward_loop_class_name': None,
[36m(TaskRunner pid=928819)[0m                   'reward_loop_module_path': None,
[36m(TaskRunner pid=928819)[0m                   'reward_loop_source': None,
[36m(TaskRunner pid=928819)[0m                   'reward_manager': None,
[36m(TaskRunner pid=928819)[0m                   'rollout': {'cudagraph_capture_sizes': None,
[36m(TaskRunner pid=928819)[0m                               'data_parallel_size': None,
[36m(TaskRunner pid=928819)[0m                               'disable_log_stats': None,
[36m(TaskRunner pid=928819)[0m                               'dtype': None,
[36m(TaskRunner pid=928819)[0m                               'enable_chunked_prefill': None,
[36m(TaskRunner pid=928819)[0m                               'enable_prefix_caching': None,
[36m(TaskRunner pid=928819)[0m                               'enforce_eager': None,
[36m(TaskRunner pid=928819)[0m                               'engine_kwargs': None,
[36m(TaskRunner pid=928819)[0m                               'expert_parallel_size': None,
[36m(TaskRunner pid=928819)[0m                               'free_cache_engine': None,
[36m(TaskRunner pid=928819)[0m                               'gpu_memory_utilization': None,
[36m(TaskRunner pid=928819)[0m                               'limit_images': None,
[36m(TaskRunner pid=928819)[0m                               'load_format': None,
[36m(TaskRunner pid=928819)[0m                               'max_model_len': None,
[36m(TaskRunner pid=928819)[0m                               'max_num_batched_tokens': None,
[36m(TaskRunner pid=928819)[0m                               'max_num_seqs': None,[36m(TaskRunner pid=928819)[0m /home/yw4636/.conda/envs/verl/lib/python3.12/site-packages/verl/trainer/main_ppo_v0.py:182: UserWarning: Disabled critic as algorithm.adv_estimator != gae. If it is not intended, please set critic.enable=True
[36m(TaskRunner pid=928819)[0m   use_critic=need_critic(config),

[36m(TaskRunner pid=928819)[0m                               'name': None,
[36m(TaskRunner pid=928819)[0m                               'prompt_length': None,
[36m(TaskRunner pid=928819)[0m                               'response_length': None,
[36m(TaskRunner pid=928819)[0m                               'skip_tokenizer_init': None,
[36m(TaskRunner pid=928819)[0m                               'tensor_model_parallel_size': None}},
[36m(TaskRunner pid=928819)[0m  'sandbox_fusion': {'max_concurrent': None,
[36m(TaskRunner pid=928819)[0m                     'memory_limit_mb': None,
[36m(TaskRunner pid=928819)[0m                     'url': None},
[36m(TaskRunner pid=928819)[0m  'skip': {'_target_': 'verl.utils.skip.SkipManagerConfig',
[36m(TaskRunner pid=928819)[0m           'async_rollout': {'action': 'cache',
[36m(TaskRunner pid=928819)[0m                             'dump_dir': '~/.verl/rollout_dump',
[36m(TaskRunner pid=928819)[0m                             'enable': False,
[36m(TaskRunner pid=928819)[0m                             'steps': []},
[36m(TaskRunner pid=928819)[0m           'rollout': {'action': 'cache',
[36m(TaskRunner pid=928819)[0m                       'dump_dir': '~/.verl/rollout_dump',
[36m(TaskRunner pid=928819)[0m                       'enable': False,
[36m(TaskRunner pid=928819)[0m                       'steps': []},
[36m(TaskRunner pid=928819)[0m           'rollout_tq': {'action': 'cache',
[36m(TaskRunner pid=928819)[0m                          'dump_dir': '~/.verl/rollout_dump',
[36m(TaskRunner pid=928819)[0m                          'enable': False,
[36m(TaskRunner pid=928819)[0m                          'steps': []}},
[36m(TaskRunner pid=928819)[0m  'trainer': {'balance_batch': True,
[36m(TaskRunner pid=928819)[0m              'critic_warmup': 0,
[36m(TaskRunner pid=928819)[0m              'default_hdfs_dir': None,
[36m(TaskRunner pid=928819)[0m              'default_local_dir': '/home/yw4636/agentic-tvg/results/grpo-v2/ckpt',
[36m(TaskRunner pid=928819)[0m              'del_local_ckpt_after_load': False,
[36m(TaskRunner pid=928819)[0m              'device': 'cuda',
[36m(TaskRunner pid=928819)[0m              'esi_redundant_time': 0,
[36m(TaskRunner pid=928819)[0m              'experiment_name': 'grpo_v2',
[36m(TaskRunner pid=928819)[0m              'log_val_generations': 0,
[36m(TaskRunner pid=928819)[0m              'logger': ['console', 'tensorboard'],
[36m(TaskRunner pid=928819)[0m              'max_actor_ckpt_to_keep': 1,
[36m(TaskRunner pid=928819)[0m              'max_critic_ckpt_to_keep': None,
[36m(TaskRunner pid=928819)[0m              'n_gpus_per_node': 1,
[36m(TaskRunner pid=928819)[0m              'nnodes': 1,
[36m(TaskRunner pid=928819)[0m              'project_name': 'agentic-tvg',
[36m(TaskRunner pid=928819)[0m              'ray_wait_register_center_timeout': 300,
[36m(TaskRunner pid=928819)[0m              'resume_from_path': None,
[36m(TaskRunner pid=928819)[0m              'resume_mode': 'auto',
[36m(TaskRunner pid=928819)[0m              'rollout_data_dir': '/home/yw4636/agentic-tvg/results/grpo-v2/rollouts',
[36m(TaskRunner pid=928819)[0m              'save_freq': 20,
[36m(TaskRunner pid=928819)[0m              'test_freq': 20,
[36m(TaskRunner pid=928819)[0m              'total_epochs': 1,
[36m(TaskRunner pid=928819)[0m              'total_training_steps': None,
[36m(TaskRunner pid=928819)[0m              'use_v1': False,
[36m(TaskRunner pid=928819)[0m              'v1': {'colocate_async': {'num_warmup_batches': 1},
[36m(TaskRunner pid=928819)[0m                     'sampler': {'custom_sampler': {'name': None, 'path': None},
[36m(TaskRunner pid=928819)[0m                                 'max_off_policy_strategy': 'drop',
[36m(TaskRunner pid=928819)[0m                                 'max_off_policy_threshold': 8,
[36m(TaskRunner pid=928819)[0m                                 'sampler_kwargs': {},
[36m(TaskRunner pid=928819)[0m                                 'sync_refill_failed_groups': False},
[36m(TaskRunner pid=928819)[0m                     'separate_async': {'num_warmup_batches': 1,
[36m(TaskRunner pid=928819)[0m                                        'parameter_sync_step': 4},
[36m(TaskRunner pid=928819)[0m                     'sync': {},
[36m(TaskRunner pid=928819)[0m                     'trainer_mode': 'sync'},
[36m(TaskRunner pid=928819)[0m              'val_before_train': True,
[36m(TaskRunner pid=928819)[0m              'val_only': False,
[36m(TaskRunner pid=928819)[0m              'validation_data_dir': '/home/yw4636/agentic-tvg/results/grpo-v2/val_rollouts'},
[36m(TaskRunner pid=928819)[0m  'transfer_queue': {'backend': {'MooncakeStore': {'auto_init': False,
[36m(TaskRunner pid=928819)[0m                                                   'device_name': '',
[36m(TaskRunner pid=928819)[0m                                                   'global_segment_size': 4294967296,
[36m(TaskRunner pid=928819)[0m                                                   'local_buffer_size': 1073741824,
[36m(TaskRunner pid=928819)[0m                                                   'local_hostname': 'localhost',
[36m(TaskRunner pid=928819)[0m                                                   'master_server_address': 'localhost:50124',
[36m(TaskRunner pid=928819)[0m                                                   'metadata_server': 'localhost:50123',
[36m(TaskRunner pid=928819)[0m                                                   'protocol': 'tcp'},
[36m(TaskRunner pid=928819)[0m                                 'SimpleStorage': {'num_data_storage_units': 8,
[36m(TaskRunner pid=928819)[0m                                                   'total_storage_size': 100000},
[36m(TaskRunner pid=928819)[0m                                 'storage_backend': 'SimpleStorage'},
[36m(TaskRunner pid=928819)[0m                     'enable': False,
[36m(TaskRunner pid=928819)[0m                     'metrics': {'enabled': False, 'port': 0}}}
[36m(TaskRunner pid=928819)[0m WARNING: val_batch_size is deprecated. Validation datasets are sent to inference engines as a whole batch, which will schedule the memory themselves.
[36m(TaskRunner pid=928819)[0m [validate_config] All configuration checks passed successfully!
[36m(TaskRunner pid=928819)[0m Using dataset class: RLHFDataset
[36m(TaskRunner pid=928819)[0m {
[36m(TaskRunner pid=928819)[0m   "type": "function",
[36m(TaskRunner pid=928819)[0m   "function": {
[36m(TaskRunner pid=928819)[0m     "name": "crop_video",
[36m(TaskRunner pid=928819)[0m     "description": "Inspect a time interval of the current video closely: returns 30 higher-resolution frames sampled evenly from [start_time, end_time], each labeled with its timestamp in seconds.",
[36m(TaskRunner pid=928819)[0m     "parameters": {
[36m(TaskRunner pid=928819)[0m       "type": "object",
[36m(TaskRunner pid=928819)[0m       "properties": {
[36m(TaskRunner pid=928819)[0m         "start_time": {
[36m(TaskRunner pid=928819)[0m           "type": "number",
[36m(TaskRunner pid=928819)[0m           "description": "Interval start in seconds, >= 0."
[36m(TaskRunner pid=928819)[0m         },
[36m(TaskRunner pid=928819)[0m         "end_time": {
[36m(TaskRunner pid=928819)[0m           "type": "number",
[36m(TaskRunner pid=928819)[0m           "description": "Interval end in seconds, > start_time, <= video duration."
[36m(TaskRunner pid=928819)[0m         }
[36m(TaskRunner pid=928819)[0m       },
[36m(TaskRunner pid=928819)[0m       "required": [
[36m(TaskRunner pid=928819)[0m         "start_time",
[36m(TaskRunner pid=928819)[0m         "end_time"
[36m(TaskRunner pid=928819)[0m       ]
[36m(TaskRunner pid=928819)[0m     }
[36m(TaskRunner pid=928819)[0m   }
[36m(TaskRunner pid=928819)[0m }
[36m(TaskRunner pid=928819)[0m dataset len: 1068
[36m(TaskRunner pid=928819)[0m Using dataset class: RLHFDataset
[36m(TaskRunner pid=928819)[0m {
[36m(TaskRunner pid=928819)[0m   "type": "function",
[36m(TaskRunner pid=928819)[0m   "function": {[36m(TaskRunner pid=928819)[0m /home/yw4636/.conda/envs/verl/lib/python3.12/site-packages/verl/trainer/main_ppo_v0.py:218: FutureWarning: Warning: Class 'verl.trainer.ppo.ray_trainer.RayPPOTrainer' is deprecated. Please use 'Legacy trainer is deprecated, and wil be removed in v0.9.0. Please use `trainer.use_v1=True` instead.' instead.
[36m(TaskRunner pid=928819)[0m   trainer = RayPPOTrainer(
[36m(TaskRunner pid=928819)[0m /home/yw4636/.conda/envs/verl/lib/python3.12/site-packages/verl/trainer/ppo/ray_trainer.py:348: UserWarning: Disabled critic as algorithm.adv_estimator != gae. If it is not intended, please set critic.enable=True
[36m(TaskRunner pid=928819)[0m   self.use_critic = need_critic(self.config)
[36m(WorkerDict pid=929276)[0m /home/yw4636/.conda/envs/verl/lib/python3.12/site-packages/verl/workers/engine/__init__.py:31: UserWarning: torchtitan engine is not available: ModuleNotFoundError("No module named 'torchtitan'")
[36m(WorkerDict pid=929276)[0m   warnings.warn(f"torchtitan engine is not available: {e!r}", stacklevel=1)
[36m(WorkerDict pid=929276)[0m /home/yw4636/.conda/envs/verl/lib/python3.12/site-packages/verl/workers/engine/__init__.py:40: UserWarning: veomni engine is not available: ModuleNotFoundError("No module named 'veomni'")
[36m(WorkerDict pid=929276)[0m   warnings.warn(f"veomni engine is not available: {e!r}", stacklevel=1)
[36m(WorkerDict pid=929276)[0m /home/yw4636/.conda/envs/verl/lib/python3.12/site-packages/verl/workers/engine/__init__.py:49: UserWarning: automodel engine is not available: ModuleNotFoundError("No module named 'nemo_automodel'")
[36m(WorkerDict pid=929276)[0m   warnings.warn(f"automodel engine is not available: {e!r}", stacklevel=1)
[36m(WorkerDict pid=929276)[0m /home/yw4636/.conda/envs/verl/lib/python3.12/site-packages/verl/workers/engine/mindspeed/transformer_impl.py:24: UserWarning: NPU not support router replay for now.
[36m(WorkerDict pid=929276)[0m   from verl.utils.megatron.router_replay_patch import RouterReplay
[36m(WorkerDict pid=929276)[0m /home/yw4636/.conda/envs/verl/lib/python3.12/site-packages/verl/workers/engine/__init__.py:59: UserWarning: mindspeed engine is not available: ModuleNotFoundError("No module named 'megatron'")
[36m(WorkerDict pid=929276)[0m   warnings.warn(f"mindspeed engine is not available: {e!r}", stacklevel=1)
[36m(WorkerDict pid=929276)[0m /home/yw4636/.conda/envs/verl/lib/python3.12/site-packages/verl/workers/engine/__init__.py:69: UserWarning: megatron engine is not available: ModuleNotFoundError("No module named 'megatron'")
[36m(WorkerDict pid=929276)[0m   warnings.warn(f"megatron engine is not available: {e!r}", stacklevel=1)
[36m(WorkerDict pid=929276)[0m [transformers] Flash Attention 2 only supports torch.float16 and torch.bfloat16 dtypes, but the current dype in Qwen3VLForConditionalGeneration is torch.float32. You should run training or inference using Automatic Mixed-Precision via the `with torch.autocast(device_type='torch_device'):` decorator, or load the model with the `dtype` argument. Example: `model = AutoModel.from_pretrained("meta-llama/Llama-3.2-1B", attn_implementation="flash_attention_2", dtype=torch.float16)`
[36m(WorkerDict pid=929276)[0m [transformers] Flash Attention 2 only supports torch.float16 and torch.bfloat16 dtypes, but the current dype in Qwen3VLModel is torch.float32. You should run training or inference using Automatic Mixed-Precision via the `with torch.autocast(device_type='torch_device'):` decorator, or load the model with the `dtype` argument. Example: `model = AutoModel.from_pretrained("meta-llama/Llama-3.2-1B", attn_implementation="flash_attention_2", dtype=torch.float16)`
[36m(WorkerDict pid=929276)[0m [transformers] Flash Attention 2 only supports torch.float16 and torch.bfloat16 dtypes, but the current dype in Qwen3VLVisionModel is torch.float32. You should run training or inference using Automatic Mixed-Precision via the `with torch.autocast(device_type='torch_device'):` decorator, or load the model with the `dtype` argument. Example: `model = AutoModel.from_pretrained("meta-llama/Llama-3.2-1B", attn_implementation="flash_attention_2", dtype=torch.float16)`
[36m(WorkerDict pid=929276)[0m [transformers] Flash Attention 2 only supports torch.float16 and torch.bfloat16 dtypes, but the current dype in Qwen3VLTextModel is torch.float32. You should run training or inference using Automatic Mixed-Precision via the `with torch.autocast(device_type='torch_device'):` decorator, or load the model with the `dtype` argument. Example: `model = AutoModel.from_pretrained("meta-llama/Llama-3.2-1B", attn_implementation="flash_attention_2", dtype=torch.float16)`
[36m(WorkerDict pid=929276)[0m Loading weights:   0%|          | 0/713 [00:00<?, ?it/s]
[36m(WorkerDict pid=929276)[0m Loading weights:   0%|          | 1/713 [00:02<33:01,  2.78s/it]
[36m(WorkerDict pid=929276)[0m Loading weights:  17%|█▋        | 124/713 [00:02<00:10, 57.63it/s]
[36m(WorkerDict pid=929276)[0m Loading weights:  23%|██▎       | 161/713 [00:03<00:09, 58.73it/s]
[36m(WorkerDict pid=929276)[0m Loading weights:  26%|██▌       | 184/713 [00:03<00:09, 58.54it/s]
[36m(WorkerDict pid=929276)[0m Loading weights:  28%|██▊       | 201/713 [00:04<00:09, 55.17it/s]
[36m(WorkerDict pid=929276)[0m Loading weights:  30%|██▉       | 213/713 [00:04<00:08, 56.34it/s]
[36m(WorkerDict pid=929276)[0m Loading weights:  31%|███▏      | 223/713 [00:04<00:08, 56.35it/s]
[36m(WorkerDict pid=929276)[0m Loading weights:  33%|███▎      | 234/713 [00:04<00:08, 55.25it/s]
[36m(WorkerDict pid=929276)[0m Loading weights:  34%|███▍      | 245/713 [00:05<00:08, 55.23it/s]
[36m(WorkerDict pid=929276)[0m Loading weights:  36%|███▌      | 256/713 [00:05<00:08, 55.66it/s]
[36m(WorkerDict pid=929276)[0m Loading weights:  37%|███▋      | 267/713 [00:05<00:07, 55.91it/s]
[36m(WorkerDict pid=929276)[0m Loading weights:  39%|███▉      | 278/713 [00:05<00:07, 56.23it/s]
[36m(WorkerDict pid=929276)[0m Loading weights:  41%|████      | 289/713 [00:05<00:07, 55.74it/s]
[36m(WorkerDict pid=929276)[0m Loading weights:  42%|████▏     | 300/713 [00:06<00:07, 56.01it/s]
[36m(WorkerDict pid=929276)[0m Loading weights:  44%|████▎     | 311/713 [00:06<00:07, 55.97it/s]
[36m(WorkerDict pid=929276)[0m Loading weights:  45%|████▌     | 322/713 [00:06<00:06, 56.17it/s]
[36m(WorkerDict pid=929276)[0m Loading weights:  47%|████▋     | 333/713 [00:06<00:06, 56.75it/s]
[36m(WorkerDict pid=929276)[0m Loading weights:  48%|████▊     | 344/713 [00:06<00:06, 56.12it/s]
[36m(WorkerDict pid=929276)[0m Loading weights:  50%|████▉     | 355/713 [00:07<00:06, 55.20it/s]
[36m(WorkerDict pid=929276)[0m Loading weights:  51%|█████▏    | 366/713 [00:07<00:06, 56.50it/s]
[36m(WorkerDict pid=929276)[0m Loading weights:  53%|█████▎    | 377/713 [00:07<00:05, 56.29it/s]
[36m(WorkerDict pid=929276)[0m Loading weights:  54%|█████▍    | 388/713 [00:07<00:05, 55.63it/s]
[36m(WorkerDict pid=929276)[0m Loading weights:  61%|██████▏   | 438/713 [00:07<00:02, 133.03it/s]
[36m(WorkerDict pid=929276)[0m Loading weights:  67%|██████▋   | 478/713 [00:07<00:01, 186.35it/s]
[36m(WorkerDict pid=929276)[0m Loading weights:  75%|███████▍  | 534/713 [00:08<00:00, 266.91it/s]
[36m(WorkerDict pid=929276)[0m Loading weights:  81%|████████  | 574/713 [00:08<00:00, 294.93it/s]
[36m(WorkerDict pid=929276)[0m Loading weights:  88%|████████▊ | 630/713 [00:08<00:00, 358.52it/s]
[36m(WorkerDict pid=929276)[0m Loading weights:  95%|█████████▌| 678/713 [00:08<00:00, 388.05it/s]
[36m(WorkerDict pid=929276)[0m Loading weights: 100%|██████████| 713/713 [00:08<00:00, 83.40it/s] 
[36m(WorkerDict pid=929276)[0m WARNING:2026-09-02 03:33:18,666:Setting the sleep level to 1 may cause a memory overflow.
[36m(vLLMHttpServer pid=929739)[0m [transformers] The `use_fast` parameter is deprecated and will be removed in a future version. Use `backend="torchvision"` instead of `use_fast=True`, or `backend="pil"` instead of `use_fast=False`.
[36m(vLLMHttpServer pid=929739)[0m (Worker pid=930552) [transformers] The `use_fast` parameter is deprecated and will be removed in a future version. Use `backend="torchvision"` instead of `use_fast=True`, or `backend="pil"` instead of `use_fast=False`.
[36m(vLLMHttpServer pid=929739)[0m (Worker pid=930552) Loading safetensors checkpoint shards:   0% Completed | 0/1 [00:00<?, ?it/s]
[36m(vLLMHttpServer pid=929739)[0m (Worker pid=930552) Loading safetensors checkpoint shards: 100% Completed | 1/1 [00:01<00:00,  1.28s/it]
[36m(vLLMHttpServer pid=929739)[0m (Worker pid=930552) Loading safetensors checkpoint shards: 100% Completed | 1/1 [00:01<00:00,  1.28s/it]
[36m(vLLMHttpServer pid=929739)[0m (Worker pid=930552) 

[36m(TaskRunner pid=928819)[0m     "name": "crop_video",
[36m(TaskRunner pid=928819)[0m     "description": "Inspect a time interval of the current video closely: returns 30 higher-resolution frames sampled evenly from [start_time, end_time], each labeled with its timestamp in seconds.",
[36m(TaskRunner pid=928819)[0m     "parameters": {
[36m(TaskRunner pid=928819)[0m       "type": "object",
[36m(TaskRunner pid=928819)[0m       "properties": {
[36m(TaskRunner pid=928819)[0m         "start_time": {
[36m(TaskRunner pid=928819)[0m           "type": "number",
[36m(TaskRunner pid=928819)[0m           "description": "Interval start in seconds, >= 0."
[36m(TaskRunner pid=928819)[0m         },
[36m(TaskRunner pid=928819)[0m         "end_time": {
[36m(TaskRunner pid=928819)[0m           "type": "number",
[36m(TaskRunner pid=928819)[0m           "description": "Interval end in seconds, > start_time, <= video duration."
[36m(TaskRunner pid=928819)[0m         }
[36m(TaskRunner pid=928819)[0m       },
[36m(TaskRunner pid=928819)[0m       "required": [
[36m(TaskRunner pid=928819)[0m         "start_time",
[36m(TaskRunner pid=928819)[0m         "end_time"
[36m(TaskRunner pid=928819)[0m       ]
[36m(TaskRunner pid=928819)[0m     }
[36m(TaskRunner pid=928819)[0m   }
[36m(TaskRunner pid=928819)[0m }
[36m(TaskRunner pid=928819)[0m dataset len: 114
[36m(TaskRunner pid=928819)[0m Size of train dataloader: 133, Size of val dataloader: 57
[36m(TaskRunner pid=928819)[0m Total training steps: 133
[36m(TaskRunner pid=928819)[0m colocated worker base class <class 'verl.single_controller.base.worker.Worker'>
[36m(WorkerDict pid=929276)[0m Warning: Failed to set NUMA affinity: libnuma.so: cannot open shared object file: No such file or directory
[36m(WorkerDict pid=929276)[0m Monkey patch Qwen3VLForConditionalGeneration model forward
[36m(WorkerDict pid=929276)[0m Monkey patch _flash_attention_forward in transformers.integrations.flash_attention
[36m(WorkerDict pid=929276)[0m Skipping monkey patch for Qwen3VLForConditionalGeneration as use_fused_kernels is False or fused_kernels_backend is torch
[36m(WorkerDict pid=929276)[0m PeftModelForCausalLM contains 4.47B parameters
[36m(WorkerDict pid=929276)[0m Before FSDP, memory allocated (GB): 0.00, memory reserved (GB): 0.00, device memory used/total (GB): 0.41/79.27
[36m(WorkerDict pid=929276)[0m After FSDP, memory allocated (GB): 16.76, memory reserved (GB): 18.74, device memory used/total (GB): 19.67/79.27
[36m(WorkerDict pid=929276)[0m Total steps: 133, num_warmup_steps: 0
[36m(vLLMHttpServer pid=929739)[0m ['serve',
[36m(vLLMHttpServer pid=929739)[0m  '/home/yw4636/agentic-tvg/results/sft-mix/merged',
[36m(vLLMHttpServer pid=929739)[0m  '--dtype',
[36m(vLLMHttpServer pid=929739)[0m  'bfloat16',
[36m(vLLMHttpServer pid=929739)[0m  '--load_format',
[36m(vLLMHttpServer pid=929739)[0m  'safetensors',
[36m(vLLMHttpServer pid=929739)[0m  '--distributed_executor_backend',
[36m(vLLMHttpServer pid=929739)[0m  'mp',
[36m(vLLMHttpServer pid=929739)[0m  '--worker_extension_cls',
[36m(vLLMHttpServer pid=929739)[0m  'verl.workers.rollout.vllm_rollout.utils.vLLMColocateWorkerExtension',
[36m(vLLMHttpServer pid=929739)[0m  '--max_model_len',
[36m(vLLMHttpServer pid=929739)[0m  '20992',
[36m(vLLMHttpServer pid=929739)[0m  '--max_num_seqs',
[36m(vLLMHttpServer pid=929739)[0m  '256',
[36m(vLLMHttpServer pid=929739)[0m  '--enable_chunked_prefill',
[36m(vLLMHttpServer pid=929739)[0m  '--max_num_batched_tokens',
[36m(vLLMHttpServer pid=929739)[0m  '24576',
[36m(vLLMHttpServer pid=929739)[0m  '--enable_prefix_caching',
[36m(vLLMHttpServer pid=929739)[0m  '--enable_sleep_mode',
[36m(vLLMHttpServer pid=929739)[0m  '--logprobs_mode',
[36m(vLLMHttpServer pid=929739)[0m  'processed_logprobs',
[36m(vLLMHttpServer pid=929739)[0m  '--gpu_memory_utilization',
[36m(vLLMHttpServer pid=929739)[0m  '0.65',
[36m(vLLMHttpServer pid=929739)[0m  '--disable_log_stats',
[36m(vLLMHttpServer pid=929739)[0m  '--tensor_parallel_size',
[36m(vLLMHttpServer pid=929739)[0m  '1',
[36m(vLLMHttpServer pid=929739)[0m  '--seed',
[36m(vLLMHttpServer pid=929739)[0m  '42',
[36m(vLLMHttpServer pid=929739)[0m  '--override_generation_config',
[36m(vLLMHttpServer pid=929739)[0m  '{"temperature": 1.0, "top_k": -1, "top_p": 1, "repetition_penalty": 1.0, '
[36m(vLLMHttpServer pid=929739)[0m  '"max_new_tokens": 16384}',
[36m(vLLMHttpServer pid=929739)[0m  '--hf_overrides',
[36m(vLLMHttpServer pid=929739)[0m  '{}',
[36m(vLLMHttpServer pid=929739)[0m  '--scheduling_policy',
[36m(vLLMHttpServer pid=929739)[0m  'fcfs',
[36m(vLLMHttpServer pid=929739)[0m  '--compilation_config',
[36m(vLLMHttpServer pid=929739)[0m  '{"cudagraph_mode": "FULL_AND_PIECEWISE"}',
[36m(vLLMHttpServer pid=929739)[0m  '--mm_processor_kwargs',
[36m(vLLMHttpServer pid=929739)[0m  '{"max_pixels": 150528}',
[36m(vLLMHttpServer pid=929739)[0m  '--limit_mm_per_prompt',
[36m(vLLMHttpServer pid=929739)[0m  '{"image": 112}',
[36m(vLLMHttpServer pid=929739)[0m  '--enable_lora',
[36m(vLLMHttpServer pid=929739)[0m  '--max_loras',
[36m(vLLMHttpServer pid=929739)[0m  '1',
[36m(vLLMHttpServer pid=929739)[0m  '--max_lora_rank',
[36m(vLLMHttpServer pid=929739)[0m  '16']
[36m(vLLMHttpServer pid=929739)[0m WARNING 09-02 03:33:34 [system_utils.py:157] We must use the `spawn` multiprocessing start method. Overriding VLLM_WORKER_MULTIPROC_METHOD to 'spawn'. See https://docs.vllm.ai/en/latest/usage/troubleshooting.html#python-multiprocessing for more information. Reasons: In a Ray actor and can only be spawned; CUDA is initialized
[36m(vLLMHttpServer pid=929739)[0m (Worker pid=930552) WARNING 09-02 03:33:56 [model_manager.py:401] Regarding Qwen3VLForConditionalGeneration, no matching PunicaWrapper is found; visual.patch_embed.proj will be ignored.
[36m(vLLMHttpServer pid=929739)[0m (Worker pid=930552) WARNING 09-02 03:33:56 [model_manager.py:401] Regarding Qwen3VLForConditionalGeneration, no matching PunicaWrapper is found; visual.merger.linear_fc1 will be ignored.
[36m(vLLMHttpServer pid=929739)[0m (Worker pid=930552) WARNING 09-02 03:33:56 [model_manager.py:401] Regarding Qwen3VLForConditionalGeneration, no matching PunicaWrapper is found; visual.merger.linear_fc2 will be ignored.
[36m(vLLMHttpServer pid=929739)[0m (Worker pid=930552) WARNING 09-02 03:33:56 [model_manager.py:401] Regarding Qwen3VLForConditionalGeneration, no matching PunicaWrapper is found; visual.deepstack_merger_list.0.linear_fc1 will be ignored.
[36m(vLLMHttpServer pid=929739)[0m (Worker pid=930552) WARNING 09-02 03:33:56 [model_manager.py:401] Regarding Qwen3VLForConditionalGeneration, no matching PunicaWrapper is found; visual.deepstack_merger_list.0.linear_fc2 will be ignored.
[36m(vLLMHttpServer pid=929739)[0m (Worker pid=930552) WARNING 09-02 03:33:56 [model_manager.py:401] Regarding Qwen3VLForConditionalGeneration, no matching PunicaWrapper is found; visual.deepstack_merger_list.1.linear_fc1 will be ignored.
[36m(vLLMHttpServer pid=929739)[0m (Worker pid=930552) WARNING 09-02 03:33:56 [model_manager.py:401] Regarding Qwen3VLForConditionalGeneration, no matching PunicaWrapper is found; visual.deepstack_merger_list.1.linear_fc2 will be ignored.
[36m(vLLMHttpServer pid=929739)[0m (Worker pid=930552) WARNING 09-02 03:33:56 [model_manager.py:401] Regarding Qwen3VLForConditionalGeneration, no matching PunicaWrapper is found; visual.deepstack_merger_list.2.linear_fc1 will be ignored.
[36m(vLLMHttpServer pid=929739)[0m (Worker pid=930552) WARNING 09-02 03:33:56 [model_manager.py:401] Regarding Qwen3VLForConditionalGeneration, no matching PunicaWrapper is found; visual.deepstack_merger_list.2.linear_fc2 will be ignored.
[36m(vLLMHttpServer pid=929739)[0m (Worker pid=930552) WARNING 09-02 03:33:56 [model_manager.py:401] Regarding Qwen3VLForConditionalGeneration, no matching PunicaWrapper is found; visual.blocks.0.attn.qkv will be ignored.
[36m(vLLMHttpServer pid=929739)[0m (Worker pid=930552) WARNING 09-02 03:33:56 [model_manager.py:401] Regarding Qwen3VLForConditionalGeneration, no matching PunicaWrapper is found; visual.blocks.0.attn.proj will be ignored.
[36m(vLLMHttpServer pid=929739)[0m (Worker pid=930552) WARNING 09-02 03:33:56 [model_manager.py:401] Regarding Qwen3VLForConditionalGeneration, no matching PunicaWrapper is found; visual.blocks.0.mlp.linear_fc1 will be ignored.
[36m(vLLMHttpServer pid=929739)[0m (Worker pid=930552) WARNING 09-02 03:33:56 [model_manager.py:401] Regarding Qwen3VLForConditionalGeneration, no matching PunicaWrapper is found; visual.blocks.0.mlp.linear_fc2 will be ignored.
[36m(vLLMHttpServer pid=929739)[0m (Worker pid=930552) WARNING 09-02 03:33:56 [model_manager.py:401] Regarding Qwen3VLForConditionalGeneration, no matching PunicaWrapper is found; visual.blocks.1.attn.qkv will be ignored.
[36m(vLLMHttpServer pid=929739)[0m (Worker pid=930552) WARNING 09-02 03:33:56 [model_manager.py:401] Regarding Qwen3VLForConditionalGeneration, no matching PunicaWrapper is found; visual.blocks.1.attn.proj will be ignored.
[36m(vLLMHttpServer pid=929739)[0m (Worker pid=930552) WARNING 09-02 03:33:56 [model_manager.py:401] Regarding Qwen3VLForConditionalGeneration, no matching PunicaWrapper is found; visual.blocks.1.mlp.linear_fc1 will be ignored.
[36m(vLLMHttpServer pid=929739)[0m (Worker pid=930552) WARNING 09-02 03:33:56 [model_manager.py:401] Regarding Qwen3VLForConditionalGeneration, no matching PunicaWrapper is found; visual.blocks.1.mlp.linear_fc2 will be ignored.
[36m(vLLMHttpServer pid=929739)[0m (Worker pid=930552) WARNING 09-02 03:33:56 [model_manager.py:401] Regarding Qwen3VLForConditionalGeneration, no matching PunicaWrapper is found; visual.blocks.2.attn.qkv will be ignored.
[36m(vLLMHttpServer pid=929739)[0m (Worker pid=930552) WARNING 09-02 03:33:56 [model_manager.py:401] Regarding Qwen3VLForConditionalGeneration, no matching PunicaWrapper is found; visual.blocks.2.attn.proj will be ignored.
[36m(vLLMHttpServer pid=929739)[0m (Worker pid=930552) WARNING 09-02 03:33:56 [model_manager.py:401] Regarding Qwen3VLForConditionalGeneration, no matching PunicaWrapper is found; visual.blocks.2.mlp.linear_fc1 will be ignored.
[36m(vLLMHttpServer pid=929739)[0m (Worker pid=930552) WARNING 09-02 03:33:56 [model_manager.py:401] Regarding Qwen3VLForConditionalGeneration, no matching PunicaWrapper is found; visual.blocks.2.mlp.linear_fc2 will be ignored.
[36m(vLLMHttpServer pid=929739)[0m (Worker pid=930552) WARNING 09-02 03:33:56 [model_manager.py:401] Regarding Qwen3VLForConditionalGeneration, no matching PunicaWrapper is found; visual.blocks.3.attn.qkv will be ignored.
[36m(vLLMHttpServer pid=929739)[0m (Worker pid=930552) WARNING 09-02 03:33:56 [model_manager.py:401] Regarding Qwen3VLForConditionalGeneration, no matching PunicaWrapper is found; visual.blocks.3.attn.proj will be ignored.
[36m(vLLMHttpServer pid=929739)[0m (Worker pid=930552) WARNING 09-02 03:33:56 [model_manager.py:401] Regarding Qwen3VLForConditionalGeneration, no matching PunicaWrapper is found; visual.blocks.3.mlp.linear_fc1 will be ignored.
[36m(vLLMHttpServer pid=929739)[0m (Worker pid=930552) WARNING 09-02 03:33:56 [model_manager.py:401] Regarding Qwen3VLForConditionalGeneration, no matching PunicaWrapper is found; visual.blocks.3.mlp.linear_fc2 will be ignored.
[36m(vLLMHttpServer pid=929739)[0m (Worker pid=930552) WARNING 09-02 03:33:56 [model_manager.py:401] Regarding Qwen3VLForConditionalGeneration, no matching PunicaWrapper is found; visual.blocks.4.attn.qkv will be ignored.
[36m(vLLMHttpServer pid=929739)[0m (Worker pid=930552) WARNING 09-02 03:33:56 [model_manager.py:401] Regarding Qwen3VLForConditionalGeneration, no matching PunicaWrapper is found; visual.blocks.4.attn.proj will be ignored.
[36m(vLLMHttpServer pid=929739)[0m (Worker pid=930552) WARNING 09-02 03:33:56 [model_manager.py:401] Regarding Qwen3VLForConditionalGeneration, no matching PunicaWrapper is found; visual.blocks.4.mlp.linear_fc1 will be ignored.
[36m(vLLMHttpServer pid=929739)[0m (Worker pid=930552) WARNING 09-02 03:33:56 [model_manager.py:401] Regarding Qwen3VLForConditionalGeneration, no matching PunicaWrapper is found; visual.blocks.4.mlp.linear_fc2 will be ignored.
[36m(vLLMHttpServer pid=929739)[0m (Worker pid=930552) WARNING 09-02 03:33:56 [model_manager.py:401] Regarding Qwen3VLForConditionalGeneration, no matching PunicaWrapper is found; visual.blocks.5.attn.qkv will be ignored.
[36m(vLLMHttpServer pid=929739)[0m (Worker pid=930552) WARNING 09-02 03:33:56 [model_manager.py:401] Regarding Qwen3VLForConditionalGeneration, no matching PunicaWrapper is found; visual.blocks.5.attn.proj will be ignored.
[36m(vLLMHttpServer pid=929739)[0m (Worker pid=930552) WARNING 09-02 03:33:56 [model_manager.py:401] Regarding Qwen3VLForConditionalGeneration, no matching PunicaWrapper is found; visual.blocks.5.mlp.linear_fc1 will be ignored.
[36m(vLLMHttpServer pid=929739)[0m (Worker pid=930552) WARNING 09-02 03:33:56 [model_manager.py:401] Regarding Qwen3VLForConditionalGeneration, no matching PunicaWrapper is found; visual.blocks.5.mlp.linear_fc2 will be ignored.
[36m(vLLMHttpServer pid=929739)[0m (Worker pid=930552) WARNING 09-02 03:33:56 [model_manager.py:401] Regarding Qwen3VLForConditionalGeneration, no matching PunicaWrapper is found; visual.blocks.6.attn.qkv will be ignored.
[36m(vLLMHttpServer pid=929739)[0m (Worker pid=930552) WARNING 09-02 03:33:56 [model_manager.py:401] Regarding Qwen3VLForConditionalGeneration, no matching PunicaWrapper is found; visual.blocks.6.attn.proj will be ignored.
[36m(vLLMHttpServer pid=929739)[0m (Worker pid=930552) WARNING 09-02 03:33:56 [model_manager.py:401] Regarding Qwen3VLForConditionalGeneration, no matching PunicaWrapper is found; visual.blocks.6.mlp.linear_fc1 will be ignored.
[36m(vLLMHttpServer pid=929739)[0m (Worker pid=930552) WARNING 09-02 03:33:56 [model_manager.py:401] Regarding Qwen3VLForConditionalGeneration, no matching PunicaWrapper is found; visual.blocks.6.mlp.linear_fc2 will be ignored.
[36m(vLLMHttpServer pid=929739)[0m (Worker pid=930552) WARNING 09-02 03:33:56 [model_manager.py:401] Regarding Qwen3VLForConditionalGeneration, no matching PunicaWrapper is found; visual.blocks.7.attn.qkv will be ignored.
[36m(vLLMHttpServer pid=929739)[0m (Worker pid=930552) WARNING 09-02 03:33:56 [model_manager.py:401] Regarding Qwen3VLForConditionalGeneration, no matching PunicaWrapper is found; visual.blocks.7.attn.proj will be ignored.
[36m(vLLMHttpServer pid=929739)[0m (Worker pid=930552) WARNING 09-02 03:33:56 [model_manager.py:401] Regarding Qwen3VLForConditionalGeneration, no matching PunicaWrapper is found; visual.blocks.7.mlp.linear_fc1 will be ignored.
[36m(vLLMHttpServer pid=929739)[0m (Worker pid=930552) WARNING 09-02 03:33:56 [model_manager.py:401] Regarding Qwen3VLForConditionalGeneration, no matching PunicaWrapper is found; visual.blocks.7.mlp.linear_fc2 will be ignored.
[36m(vLLMHttpServer pid=929739)[0m (Worker pid=930552) WARNING 09-02 03:33:56 [model_manager.py:401] Regarding Qwen3VLForConditionalGeneration, no matching PunicaWrapper is found; visual.blocks.8.attn.qkv will be ignored.
[36m(vLLMHttpServer pid=929739)[0m (Worker pid=930552) WARNING 09-02 03:33:56 [model_manager.py:401] Regarding Qwen3VLForConditionalGeneration, no matching PunicaWrapper is found; visual.blocks.8.attn.proj will be ignored.
[36m(vLLMHttpServer pid=929739)[0m (Worker pid=930552) WARNING 09-02 03:33:56 [model_manager.py:401] Regarding Qwen3VLForConditionalGeneration, no matching PunicaWrapper is found; visual.blocks.8.mlp.linear_fc1 will be ignored.
[36m(vLLMHttpServer pid=929739)[0m (Worker pid=930552) WARNING 09-02 03:33:56 [model_manager.py:401] Regarding Qwen3VLForConditionalGeneration, no matching PunicaWrapper is found; visual.blocks.8.mlp.linear_fc2 will be ignored.
[36m(vLLMHttpServer pid=929739)[0m (Worker pid=930552) WARNING 09-02 03:33:56 [model_manager.py:401] Regarding Qwen3VLForConditionalGeneration, no matching PunicaWrapper is found; visual.blocks.9.attn.qkv will be ignored.
[36m(vLLMHttpServer pid=929739)[0m (Worker pid=930552) WARNING 09-02 03:33:56 [model_manager.py:401] Regarding Qwen3VLForConditionalGeneration, no matching PunicaWrapper is found; visual.blocks.9.attn.proj will be ignored.
[36m(vLLMHttpServer pid=929739)[0m (Worker pid=930552) WARNING 09-02 03:33:56 [model_manager.py:401] Regarding Qwen3VLForConditionalGeneration, no matching PunicaWrapper is found; visual.blocks.9.mlp.linear_fc1 will be ignored.
[36m(vLLMHttpServer pid=929739)[0m (Worker pid=930552) WARNING 09-02 03:33:56 [model_manager.py:401] Regarding Qwen3VLForConditionalGeneration, no matching PunicaWrapper is found; visual.blocks.9.mlp.linear_fc2 will be ignored.
[36m(vLLMHttpServer pid=929739)[0m (Worker pid=930552) WARNING 09-02 03:33:56 [model_manager.py:401] Regarding Qwen3VLForConditionalGeneration, no matching PunicaWrapper is found; visual.blocks.10.attn.qkv will be ignored.
[36m(vLLMHttpServer pid=929739)[0m (Worker pid=930552) WARNING 09-02 03:33:56 [model_manager.py:401] Regarding Qwen3VLForConditionalGeneration, no matching PunicaWrapper is found; visual.blocks.10.attn.proj will be ignored.
[36m(vLLMHttpServer pid=929739)[0m (Worker pid=930552) WARNING 09-02 03:33:56 [model_manager.py:401] Regarding Qwen3VLForConditionalGeneration, no matching PunicaWrapper is found; visual.blocks.10.mlp.linear_fc1 will be ignored.
[36m(vLLMHttpServer pid=929739)[0m (Worker pid=930552) WARNING 09-02 03:33:56 [model_manager.py:401] Regarding Qwen3VLForConditionalGeneration, no matching PunicaWrapper is found; visual.blocks.10.mlp.linear_fc2 will be ignored.
[36m(vLLMHttpServer pid=929739)[0m (Worker pid=930552) WARNING 09-02 03:33:56 [model_manager.py:401] Regarding Qwen3VLForConditionalGeneration, no matching PunicaWrapper is found; visual.blocks.11.attn.qkv will be ignored.
[36m(vLLMHttpServer pid=929739)[0m (Worker pid=930552) WARNING 09-02 03:33:56 [model_manager.py:401] Regarding Qwen3VLForConditionalGeneration, no matching PunicaWrapper is found; visual.blocks.11.attn.proj will be ignored.
[36m(vLLMHttpServer pid=929739)[0m (Worker pid=930552) WARNING 09-02 03:33:56 [model_manager.py:401] Regarding Qwen3VLForConditionalGeneration, no matching PunicaWrapper is found; visual.blocks.11.mlp.linear_fc1 will be ignored.
[36m(vLLMHttpServer pid=929739)[0m (Worker pid=930552) WARNING 09-02 03:33:56 [model_manager.py:401] Regarding Qwen3VLForConditionalGeneration, no matching PunicaWrapper is found; visual.blocks.11.mlp.linear_fc2 will be ignored.
[36m(vLLMHttpServer pid=929739)[0m (Worker pid=930552) WARNING 09-02 03:33:56 [model_manager.py:401] Regarding Qwen3VLForConditionalGeneration, no matching PunicaWrapper is found; visual.blocks.12.attn.qkv will be ignored.
[36m(vLLMHttpServer pid=929739)[0m (Worker pid=930552) WARNING 09-02 03:33:56 [model_manager.py:401] Regarding Qwen3VLForConditionalGeneration, no matching PunicaWrapper is found; visual.blocks.12.attn.proj will be ignored.
[36m(vLLMHttpServer pid=929739)[0m (Worker pid=930552) WARNING 09-02 03:33:56 [model_manager.py:401] Regarding Qwen3VLForConditionalGeneration, no matching PunicaWrapper is found; visual.blocks.12.mlp.linear_fc1 will be ignored.
[36m(vLLMHttpServer pid=929739)[0m (Worker pid=930552) WARNING 09-02 03:33:56 [model_manager.py:401] Regarding Qwen3VLForConditionalGeneration, no matching PunicaWrapper is found; visual.blocks.12.mlp.linear_fc2 will be ignored.
[36m(vLLMHttpServer pid=929739)[0m (Worker pid=930552) WARNING 09-02 03:33:56 [model_manager.py:401] Regarding Qwen3VLForConditionalGeneration, no matching PunicaWrapper is found; visual.blocks.13.attn.qkv will be ignored.
[36m(vLLMHttpServer pid=929739)[0m (Worker pid=930552) WARNING 09-02 03:33:56 [model_manager.py:401] Regarding Qwen3VLForConditionalGeneration, no matching PunicaWrapper is found; visual.blocks.13.attn.proj will be ignored.
[36m(vLLMHttpServer pid=929739)[0m (Worker pid=930552) WARNING 09-02 03:33:56 [model_manager.py:401] Regarding Qwen3VLForConditionalGeneration, no matching PunicaWrapper is found; visual.blocks.13.mlp.linear_fc1 will be ignored.
[36m(vLLMHttpServer pid=929739)[0m (Worker pid=930552) WARNING 09-02 03:33:56 [model_manager.py:401] Regarding Qwen3VLForConditionalGeneration, no matching PunicaWrapper is found; visual.blocks.13.mlp.linear_fc2 will be ignored.
[36m(vLLMHttpServer pid=929739)[0m (Worker pid=930552) WARNING 09-02 03:33:56 [model_manager.py:401] Regarding Qwen3VLForConditionalGeneration, no matching PunicaWrapper is found; visual.blocks.14.attn.qkv will be ignored.
[36m(vLLMHttpServer pid=929739)[0m (Worker pid=930552) WARNING 09-02 03:33:56 [model_manager.py:401] Regarding Qwen3VLForConditionalGeneration, no matching PunicaWrapper is found; visual.blocks.14.attn.proj will be ignored.
[36m(vLLMHttpServer pid=929739)[0m (Worker pid=930552) WARNING 09-02 03:33:56 [model_manager.py:401] Regarding Qwen3VLForConditionalGeneration, no matching PunicaWrapper is found; visual.blocks.14.mlp.linear_fc1 will be ignored.
[36m(vLLMHttpServer pid=929739)[0m (Worker pid=930552) WARNING 09-02 03:33:56 [model_manager.py:401] Regarding Qwen3VLForConditionalGeneration, no matching PunicaWrapper is found; visual.blocks.14.mlp.linear_fc2 will be ignored.
[36m(vLLMHttpServer pid=929739)[0m (Worker pid=930552) WARNING 09-02 03:33:56 [model_manager.py:401] Regarding Qwen3VLForConditionalGeneration, no matching PunicaWrapper is found; visual.blocks.15.attn.qkv will be ignored.
[36m(vLLMHttpServer pid=929739)[0m (Worker pid=930552) WARNING 09-02 03:33:56 [model_manager.py:401] Regarding Qwen3VLForConditionalGeneration, no matching PunicaWrapper is found; visual.blocks.15.attn.proj will be ignored.
[36m(vLLMHttpServer pid=929739)[0m (Worker pid=930552) WARNING 09-02 03:33:56 [model_manager.py:401] Regarding Qwen3VLForConditionalGeneration, no matching PunicaWrapper is found; visual.blocks.15.mlp.linear_fc1 will be ignored.
[36m(vLLMHttpServer pid=929739)[0m (Worker pid=930552) WARNING 09-02 03:33:56 [model_manager.py:401] Regarding Qwen3VLForConditionalGeneration, no matching PunicaWrapper is found; visual.blocks.15.mlp.linear_fc2 will be ignored.
[36m(vLLMHttpServer pid=929739)[0m (Worker pid=930552) WARNING 09-02 03:33:56 [model_manager.py:401] Regarding Qwen3VLForConditionalGeneration, no matching PunicaWrapper is found; visual.blocks.16.attn.qkv will be ignored.
[36m(vLLMHttpServer pid=929739)[0m (Worker pid=930552) WARNING 09-02 03:33:56 [model_manager.py:401] Regarding Qwen3VLForConditionalGeneration, no matching PunicaWrapper is found; visual.blocks.16.attn.proj will be ignored.
[36m(vLLMHttpServer pid=929739)[0m (Worker pid=930552) WARNING 09-02 03:33:56 [model_manager.py:401] Regarding Qwen3VLForConditionalGeneration, no matching PunicaWrapper is found; visual.blocks.16.mlp.linear_fc1 will be ignored.
[36m(vLLMHttpServer pid=929739)[0m (Worker pid=930552) WARNING 09-02 03:33:56 [model_manager.py:401] Regarding Qwen3VLForConditionalGeneration, no matching PunicaWrapper is found; visual.blocks.16.mlp.linear_fc2 will be ignored.
[36m(vLLMHttpServer pid=929739)[0m (Worker pid=930552) WARNING 09-02 03:33:56 [model_manager.py:401] Regarding Qwen3VLForConditionalGeneration, no matching PunicaWrapper is found; visual.blocks.17.attn.qkv will be ignored.
[36m(vLLMHttpServer pid=929739)[0m (Worker pid=930552) WARNING 09-02 03:33:56 [model_manager.py:401] Regarding Qwen3VLForConditionalGeneration, no matching PunicaWrapper is found; visual.blocks.17.attn.proj will be ignored.
[36m(vLLMHttpServer pid=929739)[0m (Worker pid=930552) WARNING 09-02 03:33:56 [model_manager.py:401] Regarding Qwen3VLForConditionalGeneration, no matching PunicaWrapper is found; visual.blocks.17.mlp.linear_fc1 will be ignored.
[36m(vLLMHttpServer pid=929739)[0m (Worker pid=930552) WARNING 09-02 03:33:56 [model_manager.py:401] Regarding Qwen3VLForConditionalGeneration, no matching PunicaWrapper is found; visual.blocks.17.mlp.linear_fc2 will be ignored.
[36m(vLLMHttpServer pid=929739)[0m (Worker pid=930552) WARNING 09-02 03:33:56 [model_manager.py:401] Regarding Qwen3VLForConditionalGeneration, no matching PunicaWrapper is found; visual.blocks.18.attn.qkv will be ignored.
[36m(vLLMHttpServer pid=929739)[0m (Worker pid=930552) WARNING 09-02 03:33:56 [model_manager.py:401] Regarding Qwen3VLForConditionalGeneration, no matching PunicaWrapper is found; visual.blocks.18.attn.proj will be ignored.
[36m(vLLMHttpServer pid=929739)[0m (Worker pid=930552) WARNING 09-02 03:33:56 [model_manager.py:401] Regarding Qwen3VLForConditionalGeneration, no matching PunicaWrapper is found; visual.blocks.18.mlp.linear_fc1 will be ignored.[36m(vLLMHttpServer pid=929739)[0m (Worker pid=930552) Capturing CUDA graphs (mixed prefill-decode, PIECEWISE):   0%|          | 0/102 [00:00<?, ?it/s]
[36m(vLLMHttpServer pid=929739)[0m Capturing CUDA graphs (mixed prefill-decode, PIECEWISE):   1%|          | 1/102 [00:00<00:15,  6.39it/s]
[36m(vLLMHttpServer pid=929739)[0m Capturing CUDA graphs (mixed prefill-decode, PIECEWISE):   3%|▎         | 3/102 [00:00<00:08, 11.08it/s]
[36m(vLLMHttpServer pid=929739)[0m Capturing CUDA graphs (mixed prefill-decode, PIECEWISE):   5%|▍         | 5/102 [00:00<00:07, 12.73it/s]
[36m(vLLMHttpServer pid=929739)[0m Capturing CUDA graphs (mixed prefill-decode, PIECEWISE):   7%|▋         | 7/102 [00:00<00:07, 13.41it/s]
[36m(vLLMHttpServer pid=929739)[0m Capturing CUDA graphs (mixed prefill-decode, PIECEWISE):   9%|▉         | 9/102 [00:00<00:06, 13.81it/s]
[36m(vLLMHttpServer pid=929739)[0m Capturing CUDA graphs (mixed prefill-decode, PIECEWISE):  11%|█         | 11/102 [00:00<00:06, 14.02it/s]
[36m(vLLMHttpServer pid=929739)[0m Capturing CUDA graphs (mixed prefill-decode, PIECEWISE):  13%|█▎        | 13/102 [00:00<00:06, 14.13it/s]
[36m(vLLMHttpServer pid=929739)[0m Capturing CUDA graphs (mixed prefill-decode, PIECEWISE):  15%|█▍        | 15/102 [00:01<00:06, 14.20it/s]
[36m(vLLMHttpServer pid=929739)[0m Capturing CUDA graphs (mixed prefill-decode, PIECEWISE):  17%|█▋        | 17/102 [00:01<00:05, 14.28it/s]
[36m(vLLMHttpServer pid=929739)[0m Capturing CUDA graphs (mixed prefill-decode, PIECEWISE):  19%|█▊        | 19/102 [00:01<00:05, 14.31it/s]
[36m(vLLMHttpServer pid=929739)[0m Capturing CUDA graphs (mixed prefill-decode, PIECEWISE):  21%|██        | 21/102 [00:01<00:05, 14.37it/s]
[36m(vLLMHttpServer pid=929739)[0m Capturing CUDA graphs (mixed prefill-decode, PIECEWISE):  23%|██▎       | 23/102 [00:01<00:05, 14.40it/s]
[36m(vLLMHttpServer pid=929739)[0m Capturing CUDA graphs (mixed prefill-decode, PIECEWISE):  25%|██▍       | 25/102 [00:01<00:05, 14.35it/s]
[36m(vLLMHttpServer pid=929739)[0m Capturing CUDA graphs (mixed prefill-decode, PIECEWISE):  26%|██▋       | 27/102 [00:01<00:05, 14.40it/s]
[36m(vLLMHttpServer pid=929739)[0m Capturing CUDA graphs (mixed prefill-decode, PIECEWISE):  28%|██▊       | 29/102 [00:02<00:05, 14.08it/s]
[36m(vLLMHttpServer pid=929739)[0m Capturing CUDA graphs (mixed prefill-decode, PIECEWISE):  30%|███       | 31/102 [00:02<00:05, 14.16it/s]
[36m(vLLMHttpServer pid=929739)[0m Capturing CUDA graphs (mixed prefill-decode, PIECEWISE):  32%|███▏      | 33/102 [00:02<00:04, 14.28it/s]
[36m(vLLMHttpServer pid=929739)[0m Capturing CUDA graphs (mixed prefill-decode, PIECEWISE):  34%|███▍      | 35/102 [00:02<00:04, 13.95it/s]
[36m(vLLMHttpServer pid=929739)[0m Capturing CUDA graphs (mixed prefill-decode, PIECEWISE):  36%|███▋      | 37/102 [00:02<00:04, 14.03it/s]
[36m(vLLMHttpServer pid=929739)[0m Capturing CUDA graphs (mixed prefill-decode, PIECEWISE):  38%|███▊      | 39/102 [00:02<00:04, 14.08it/s]
[36m(vLLMHttpServer pid=929739)[0m Capturing CUDA graphs (mixed prefill-decode, PIECEWISE):  40%|████      | 41/102 [00:02<00:04, 14.17it/s]
[36m(vLLMHttpServer pid=929739)[0m Capturing CUDA graphs (mixed prefill-decode, PIECEWISE):  42%|████▏     | 43/102 [00:03<00:04, 14.22it/s]
[36m(vLLMHttpServer pid=929739)[0m Capturing CUDA graphs (mixed prefill-decode, PIECEWISE):  44%|████▍     | 45/102 [00:03<00:04, 14.21it/s]
[36m(vLLMHttpServer pid=929739)[0m Capturing CUDA graphs (mixed prefill-decode, PIECEWISE):  46%|████▌     | 47/102 [00:03<00:03, 14.22it/s]
[36m(vLLMHttpServer pid=929739)[0m Capturing CUDA graphs (mixed prefill-decode, PIECEWISE):  48%|████▊     | 49/102 [00:03<00:03, 14.23it/s]
[36m(vLLMHttpServer pid=929739)[0m Capturing CUDA graphs (mixed prefill-decode, PIECEWISE):  50%|█████     | 51/102 [00:03<00:03, 14.18it/s]
[36m(vLLMHttpServer pid=929739)[0m Capturing CUDA graphs (mixed prefill-decode, PIECEWISE):  52%|█████▏    | 53/102 [00:03<00:03, 14.05it/s]
[36m(vLLMHttpServer pid=929739)[0m Capturing CUDA graphs (mixed prefill-decode, PIECEWISE):  54%|█████▍    | 55/102 [00:03<00:03, 14.05it/s]
[36m(vLLMHttpServer pid=929739)[0m Capturing CUDA graphs (mixed prefill-decode, PIECEWISE):  56%|█████▌    | 57/102 [00:04<00:03, 14.05it/s]
[36m(vLLMHttpServer pid=929739)[0m Capturing CUDA graphs (mixed prefill-decode, PIECEWISE):  58%|█████▊    | 59/102 [00:04<00:03, 14.09it/s]
[36m(vLLMHttpServer pid=929739)[0m Capturing CUDA graphs (mixed prefill-decode, PIECEWISE):  60%|█████▉    | 61/102 [00:04<00:02, 14.12it/s]
[36m(vLLMHttpServer pid=929739)[0m Capturing CUDA graphs (mixed prefill-decode, PIECEWISE):  62%|██████▏   | 63/102 [00:04<00:02, 14.10it/s]
[36m(vLLMHttpServer pid=929739)[0m Capturing CUDA graphs (mixed prefill-decode, PIECEWISE):  64%|██████▎   | 65/102 [00:04<00:02, 14.08it/s]
[36m(vLLMHttpServer pid=929739)[0m Capturing CUDA graphs (mixed prefill-decode, PIECEWISE):  66%|██████▌   | 67/102 [00:04<00:02, 13.77it/s]
[36m(vLLMHttpServer pid=929739)[0m Capturing CUDA graphs (mixed prefill-decode, PIECEWISE):  68%|██████▊   | 69/102 [00:04<00:02, 13.49it/s]
[36m(vLLMHttpServer pid=929739)[0m Capturing CUDA graphs (mixed prefill-decode, PIECEWISE):  70%|██████▉   | 71/102 [00:05<00:02, 13.58it/s]
[36m(vLLMHttpServer pid=929739)[0m Capturing CUDA graphs (mixed prefill-decode, PIECEWISE):  72%|███████▏  | 73/102 [00:05<00:02, 13.69it/s]
[36m(vLLMHttpServer pid=929739)[0m Capturing CUDA graphs (mixed prefill-decode, PIECEWISE):  74%|███████▎  | 75/102 [00:05<00:01, 13.71it/s]
[36m(vLLMHttpServer pid=929739)[0m Capturing CUDA graphs (mixed prefill-decode, PIECEWISE):  75%|███████▌  | 77/102 [00:05<00:01, 13.77it/s]
[36m(vLLMHttpServer pid=929739)[0m Capturing CUDA graphs (mixed prefill-decode, PIECEWISE):  77%|███████▋  | 79/102 [00:05<00:01, 13.82it/s]
[36m(vLLMHttpServer pid=929739)[0m Capturing CUDA graphs (mixed prefill-decode, PIECEWISE):  79%|███████▉  | 81/102 [00:05<00:01, 13.85it/s]
[36m(vLLMHttpServer pid=929739)[0m Capturing CUDA graphs (mixed prefill-decode, PIECEWISE):  81%|████████▏ | 83/102 [00:05<00:01, 13.83it/s]
[36m(vLLMHttpServer pid=929739)[0m Capturing CUDA graphs (mixed prefill-decode, PIECEWISE):  83%|████████▎ | 85/102 [00:06<00:01, 13.77it/s]
[36m(vLLMHttpServer pid=929739)[0m Capturing CUDA graphs (mixed prefill-decode, PIECEWISE):  85%|████████▌ | 87/102 [00:06<00:01, 13.68it/s]
[36m(vLLMHttpServer pid=929739)[0m Capturing CUDA graphs (mixed prefill-decode, PIECEWISE):  87%|████████▋ | 89/102 [00:06<00:00, 13.73it/s]
[36m(vLLMHttpServer pid=929739)[0m Capturing CUDA graphs (mixed prefill-decode, PIECEWISE):  89%|████████▉ | 91/102 [00:06<00:00, 13.81it/s]
[36m(vLLMHttpServer pid=929739)[0m Capturing CUDA graphs (mixed prefill-decode, PIECEWISE):  91%|█████████ | 93/102 [00:06<00:00, 13.83it/s]
[36m(vLLMHttpServer pid=929739)[0m Capturing CUDA graphs (mixed prefill-decode, PIECEWISE):  93%|█████████▎| 95/102 [00:06<00:00, 13.86it/s]
[36m(vLLMHttpServer pid=929739)[0m Capturing CUDA graphs (mixed prefill-decode, PIECEWISE):  95%|█████████▌| 97/102 [00:06<00:00, 13.80it/s]
[36m(vLLMHttpServer pid=929739)[0m Capturing CUDA graphs (mixed prefill-decode, PIECEWISE):  97%|█████████▋| 99/102 [00:07<00:00, 13.15it/s]
[36m(vLLMHttpServer pid=929739)[0m Capturing CUDA graphs (mixed prefill-decode, PIECEWISE):  99%|█████████▉| 101/102 [00:07<00:00, 12.41it/s]Capturing CUDA graphs (mixed prefill-decode, PIECEWISE): 100%|██████████| 102/102 [00:07<00:00, 13.81it/s]
[36m(vLLMHttpServer pid=929739)[0m (Worker pid=930552) Capturing CUDA graphs (decode, FULL):   0%|          | 0/70 [00:00<?, ?it/s]
[36m(vLLMHttpServer pid=929739)[0m Capturing CUDA graphs (decode, FULL):   1%|▏         | 1/70 [00:00<00:10,  6.50it/s]
[36m(vLLMHttpServer pid=929739)[0m Capturing CUDA graphs (decode, FULL):   4%|▍         | 3/70 [00:00<00:06, 10.97it/s]
[36m(vLLMHttpServer pid=929739)[0m Capturing CUDA graphs (decode, FULL):   7%|▋         | 5/70 [00:00<00:05, 12.73it/s]
[36m(vLLMHttpServer pid=929739)[0m Capturing CUDA graphs (decode, FULL):  10%|█         | 7/70 [00:00<00:04, 13.58it/s]
[36m(vLLMHttpServer pid=929739)[0m Capturing CUDA graphs (decode, FULL):  13%|█▎        | 9/70 [00:00<00:04, 13.98it/s]
[36m(vLLMHttpServer pid=929739)[0m Capturing CUDA graphs (decode, FULL):  16%|█▌        | 11/70 [00:00<00:04, 14.24it/s]
[36m(vLLMHttpServer pid=929739)[0m Capturing CUDA graphs (decode, FULL):  19%|█▊        | 13/70 [00:00<00:03, 14.48it/s]
[36m(vLLMHttpServer pid=929739)[0m Capturing CUDA graphs (decode, FULL):  21%|██▏       | 15/70 [00:01<00:03, 14.60it/s]
[36m(vLLMHttpServer pid=929739)[0m Capturing CUDA graphs (decode, FULL):  24%|██▍       | 17/70 [00:01<00:03, 14.69it/s]
[36m(vLLMHttpServer pid=929739)[0m Capturing CUDA graphs (decode, FULL):  27%|██▋       | 19/70 [00:01<00:03, 14.68it/s]
[36m(vLLMHttpServer pid=929739)[0m Capturing CUDA graphs (decode, FULL):  30%|███       | 21/70 [00:01<00:03, 14.73it/s]
[36m(vLLMHttpServer pid=929739)[0m Capturing CUDA graphs (decode, FULL):  33%|███▎      | 23/70 [00:01<00:03, 14.74it/s]
[36m(vLLMHttpServer pid=929739)[0m Capturing CUDA graphs (decode, FULL):  36%|███▌      | 25/70 [00:01<00:03, 14.77it/s]
[36m(vLLMHttpServer pid=929739)[0m Capturing CUDA graphs (decode, FULL):  39%|███▊      | 27/70 [00:01<00:02, 14.79it/s]
[36m(vLLMHttpServer pid=929739)[0m Capturing CUDA graphs (decode, FULL):  41%|████▏     | 29/70 [00:02<00:02, 14.77it/s]
[36m(vLLMHttpServer pid=929739)[0m Capturing CUDA graphs (decode, FULL):  44%|████▍     | 31/70 [00:02<00:02, 14.82it/s]
[36m(vLLMHttpServer pid=929739)[0m Capturing CUDA graphs (decode, FULL):  47%|████▋     | 33/70 [00:02<00:02, 14.72it/s]
[36m(vLLMHttpServer pid=929739)[0m Capturing CUDA graphs (decode, FULL):  50%|█████     | 35/70 [00:02<00:02, 14.75it/s]
[36m(vLLMHttpServer pid=929739)[0m Capturing CUDA graphs (decode, FULL):  53%|█████▎    | 37/70 [00:02<00:02, 14.75it/s]
[36m(vLLMHttpServer pid=929739)[0m Capturing CUDA graphs (decode, FULL):  56%|█████▌    | 39/70 [00:02<00:02, 14.70it/s]
[36m(vLLMHttpServer pid=929739)[0m Capturing CUDA graphs (decode, FULL):  59%|█████▊    | 41/70 [00:02<00:01, 14.73it/s]
[36m(vLLMHttpServer pid=929739)[0m Capturing CUDA graphs (decode, FULL):  61%|██████▏   | 43/70 [00:02<00:01, 14.77it/s]
[36m(vLLMHttpServer pid=929739)[0m Capturing CUDA graphs (decode, FULL):  64%|██████▍   | 45/70 [00:03<00:01, 14.83it/s]
[36m(vLLMHttpServer pid=929739)[0m Capturing CUDA graphs (decode, FULL):  67%|██████▋   | 47/70 [00:03<00:01, 14.82it/s]
[36m(vLLMHttpServer pid=929739)[0m Capturing CUDA graphs (decode, FULL):  70%|███████   | 49/70 [00:03<00:01, 14.75it/s]
[36m(vLLMHttpServer pid=929739)[0m Capturing CUDA graphs (decode, FULL):  73%|███████▎  | 51/70 [00:03<00:01, 14.77it/s]
[36m(vLLMHttpServer pid=929739)[0m Capturing CUDA graphs (decode, FULL):  76%|███████▌  | 53/70 [00:03<00:01, 14.83it/s]
[36m(vLLMHttpServer pid=929739)[0m Capturing CUDA graphs (decode, FULL):  79%|███████▊  | 55/70 [00:03<00:01, 14.88it/s]
[36m(vLLMHttpServer pid=929739)[0m Capturing CUDA graphs (decode, FULL):  81%|████████▏ | 57/70 [00:03<00:00, 14.96it/s]
[36m(vLLMHttpServer pid=929739)[0m Capturing CUDA graphs (decode, FULL):  84%|████████▍ | 59/70 [00:04<00:00, 14.92it/s]
[36m(vLLMHttpServer pid=929739)[0m Capturing CUDA graphs (decode, FULL):  87%|████████▋ | 61/70 [00:04<00:00, 14.89it/s]
[36m(vLLMHttpServer pid=929739)[0m Capturing CUDA graphs (decode, FULL):  90%|█████████ | 63/70 [00:04<00:00, 14.94it/s]
[36m(vLLMHttpServer pid=929739)[0m Capturing CUDA graphs (decode, FULL):  93%|█████████▎| 65/70 [00:04<00:00, 14.97it/s]
[36m(vLLMHttpServer pid=929739)[0m Capturing CUDA graphs (decode, FULL):  96%|█████████▌| 67/70 [00:04<00:00, 14.90it/s]
[36m(vLLMHttpServer pid=929739)[0m Capturing CUDA graphs (decode, FULL):  99%|█████████▊| 69/70 [00:04<00:00, 14.83it/s]
[36m(vLLMHttpServer pid=929739)[0m Capturing CUDA graphs (decode, FULL): 100%|██████████| 70/70 [00:04<00:00, 14.62it/s]
[36m(vLLMHttpServer pid=929739)[0m (EngineCore pid=930453) [transformers] The `use_fast` parameter is deprecated and will be removed in a future version. Use `backend="torchvision"` instead of `use_fast=True`, or `backend="pil"` instead of `use_fast=False`.
[36m(WorkerDict pid=929276)[0m INFO:2026-09-02 03:35:04,243:[Rank 0] Loaded model from /home/yw4636/agentic-tvg/results/grpo-v2/ckpt/global_step_20/actor/model_world_size_1_rank_0.pt
[36m(WorkerDict pid=929276)[0m INFO:2026-09-02 03:35:04,577:[Rank 0] Loaded optimizer from /home/yw4636/agentic-tvg/results/grpo-v2/ckpt/global_step_20/actor/optim_world_size_1_rank_0.pt
[36m(WorkerDict pid=929276)[0m INFO:2026-09-02 03:35:04,579:[Rank 0] Loaded rng from /home/yw4636/agentic-tvg/results/grpo-v2/ckpt/global_step_20/actor/extra_state_world_size_1_rank_0.pt
[36m(WorkerDict pid=929276)[0m INFO:2026-09-02 03:35:04,579:[Rank 0] Loaded lr_scheduler from /home/yw4636/agentic-tvg/results/grpo-v2/ckpt/global_step_20/actor/extra_state_world_size_1_rank_0.pt
[36m(WorkerDict pid=929276)[0m /home/yw4636/.conda/envs/verl/lib/python3.12/site-packages/verl/plugin/platform/platform_cuda.py:99: FutureWarning: torch.cuda._set_allocator_settings is deprecated. Use torch._C._accelerator_setAllocatorSettings instead.
[36m(WorkerDict pid=929276)[0m   torch.cuda.memory._set_allocator_settings(settings)
[36m(WorkerDict pid=929276)[0m /home/yw4636/.conda/envs/verl/lib/python3.12/site-packages/verl/plugin/platform/platform_cuda.py:99: FutureWarning: torch.cuda._set_allocator_settings is deprecated. Use torch._C._accelerator_setAllocatorSettings instead.
[36m(WorkerDict pid=929276)[0m   torch.cuda.memory._set_allocator_settings(settings)

[36m(vLLMHttpServer pid=929739)[0m (Worker pid=930552) WARNING 09-02 03:33:56 [model_manager.py:401] Regarding Qwen3VLForConditionalGeneration, no matching PunicaWrapper is found; visual.blocks.18.mlp.linear_fc2 will be ignored.
[36m(vLLMHttpServer pid=929739)[0m (Worker pid=930552) WARNING 09-02 03:33:56 [model_manager.py:401] Regarding Qwen3VLForConditionalGeneration, no matching PunicaWrapper is found; visual.blocks.19.attn.qkv will be ignored.
[36m(vLLMHttpServer pid=929739)[0m (Worker pid=930552) WARNING 09-02 03:33:56 [model_manager.py:401] Regarding Qwen3VLForConditionalGeneration, no matching PunicaWrapper is found; visual.blocks.19.attn.proj will be ignored.
[36m(vLLMHttpServer pid=929739)[0m (Worker pid=930552) WARNING 09-02 03:33:56 [model_manager.py:401] Regarding Qwen3VLForConditionalGeneration, no matching PunicaWrapper is found; visual.blocks.19.mlp.linear_fc1 will be ignored.
[36m(vLLMHttpServer pid=929739)[0m (Worker pid=930552) WARNING 09-02 03:33:56 [model_manager.py:401] Regarding Qwen3VLForConditionalGeneration, no matching PunicaWrapper is found; visual.blocks.19.mlp.linear_fc2 will be ignored.
[36m(vLLMHttpServer pid=929739)[0m (Worker pid=930552) WARNING 09-02 03:33:56 [model_manager.py:401] Regarding Qwen3VLForConditionalGeneration, no matching PunicaWrapper is found; visual.blocks.20.attn.qkv will be ignored.
[36m(vLLMHttpServer pid=929739)[0m (Worker pid=930552) WARNING 09-02 03:33:56 [model_manager.py:401] Regarding Qwen3VLForConditionalGeneration, no matching PunicaWrapper is found; visual.blocks.20.attn.proj will be ignored.
[36m(vLLMHttpServer pid=929739)[0m (Worker pid=930552) WARNING 09-02 03:33:56 [model_manager.py:401] Regarding Qwen3VLForConditionalGeneration, no matching PunicaWrapper is found; visual.blocks.20.mlp.linear_fc1 will be ignored.
[36m(vLLMHttpServer pid=929739)[0m (Worker pid=930552) WARNING 09-02 03:33:56 [model_manager.py:401] Regarding Qwen3VLForConditionalGeneration, no matching PunicaWrapper is found; visual.blocks.20.mlp.linear_fc2 will be ignored.
[36m(vLLMHttpServer pid=929739)[0m (Worker pid=930552) WARNING 09-02 03:33:56 [model_manager.py:401] Regarding Qwen3VLForConditionalGeneration, no matching PunicaWrapper is found; visual.blocks.21.attn.qkv will be ignored.
[36m(vLLMHttpServer pid=929739)[0m (Worker pid=930552) WARNING 09-02 03:33:56 [model_manager.py:401] Regarding Qwen3VLForConditionalGeneration, no matching PunicaWrapper is found; visual.blocks.21.attn.proj will be ignored.
[36m(vLLMHttpServer pid=929739)[0m (Worker pid=930552) WARNING 09-02 03:33:56 [model_manager.py:401] Regarding Qwen3VLForConditionalGeneration, no matching PunicaWrapper is found; visual.blocks.21.mlp.linear_fc1 will be ignored.
[36m(vLLMHttpServer pid=929739)[0m (Worker pid=930552) WARNING 09-02 03:33:56 [model_manager.py:401] Regarding Qwen3VLForConditionalGeneration, no matching PunicaWrapper is found; visual.blocks.21.mlp.linear_fc2 will be ignored.
[36m(vLLMHttpServer pid=929739)[0m (Worker pid=930552) WARNING 09-02 03:33:56 [model_manager.py:401] Regarding Qwen3VLForConditionalGeneration, no matching PunicaWrapper is found; visual.blocks.22.attn.qkv will be ignored.
[36m(vLLMHttpServer pid=929739)[0m (Worker pid=930552) WARNING 09-02 03:33:56 [model_manager.py:401] Regarding Qwen3VLForConditionalGeneration, no matching PunicaWrapper is found; visual.blocks.22.attn.proj will be ignored.
[36m(vLLMHttpServer pid=929739)[0m (Worker pid=930552) WARNING 09-02 03:33:56 [model_manager.py:401] Regarding Qwen3VLForConditionalGeneration, no matching PunicaWrapper is found; visual.blocks.22.mlp.linear_fc1 will be ignored.
[36m(vLLMHttpServer pid=929739)[0m (Worker pid=930552) WARNING 09-02 03:33:56 [model_manager.py:401] Regarding Qwen3VLForConditionalGeneration, no matching PunicaWrapper is found; visual.blocks.22.mlp.linear_fc2 will be ignored.
[36m(vLLMHttpServer pid=929739)[0m (Worker pid=930552) WARNING 09-02 03:33:56 [model_manager.py:401] Regarding Qwen3VLForConditionalGeneration, no matching PunicaWrapper is found; visual.blocks.23.attn.qkv will be ignored.
[36m(vLLMHttpServer pid=929739)[0m (Worker pid=930552) WARNING 09-02 03:33:56 [model_manager.py:401] Regarding Qwen3VLForConditionalGeneration, no matching PunicaWrapper is found; visual.blocks.23.attn.proj will be ignored.
[36m(vLLMHttpServer pid=929739)[0m (Worker pid=930552) WARNING 09-02 03:33:56 [model_manager.py:401] Regarding Qwen3VLForConditionalGeneration, no matching PunicaWrapper is found; visual.blocks.23.mlp.linear_fc1 will be ignored.
[36m(vLLMHttpServer pid=929739)[0m (Worker pid=930552) WARNING 09-02 03:33:56 [model_manager.py:401] Regarding Qwen3VLForConditionalGeneration, no matching PunicaWrapper is found; visual.blocks.23.mlp.linear_fc2 will be ignored.
[36m(vLLMHttpServer pid=929739)[0m (Worker pid=930552) WARNING 09-02 03:34:17 [utils.py:279] Using default LoRA kernel configs
[36m(vLLMHttpServer pid=929739)[0m WARNING 09-02 03:34:38 [api_router.py:30] LoRA dynamic loading & unloading is enabled in the API server. This should ONLY be used for local development!
[36m(vLLMHttpServer pid=929739)[0m WARNING 09-02 03:34:38 [model.py:1477] Default vLLM sampling parameters have been overridden by the model's `generation_config.json`: `{'repetition_penalty': 1.0, 'temperature': 1.0, 'top_k': -1, 'top_p': 1, 'max_tokens': 16384}`. If this is not intended, please relaunch vLLM instance with `--generation-config vllm`.
[36m(TaskRunner pid=928819)[0m LLMServerManager: ['10.110.2.5:35539']
[36m(TaskRunner pid=928819)[0m Saving tensorboard log to /home/yw4636/agentic-tvg/results/grpo-v2/tb.
[36m(TaskRunner pid=928819)[0m Found checkpoint: %s /home/yw4636/agentic-tvg/results/grpo-v2/ckpt/global_step_20
[36m(TaskRunner pid=928819)[0m Load from checkpoint folder: /home/yw4636/agentic-tvg/results/grpo-v2/ckpt/global_step_20
[36m(TaskRunner pid=928819)[0m Setting global step to 20
[36m(TaskRunner pid=928819)[0m Resuming from /home/yw4636/agentic-tvg/results/grpo-v2/ckpt/global_step_20
[36m(AgentLoopWorker pid=931626)[0m Using dataset class: RLHFDataset
[36m(AgentLoopWorker pid=931626)[0m {
[36m(AgentLoopWorker pid=931626)[0m   "type": "function",
[36m(AgentLoopWorker pid=931626)[0m   "function": {
[36m(AgentLoopWorker pid=931626)[0m     "name": "crop_video",
[36m(AgentLoopWorker pid=931626)[0m     "description": "Inspect a time interval of the current video closely: returns 30 higher-resolution frames sampled evenly from [start_time, end_time], each labeled with its timestamp in seconds.",
[36m(AgentLoopWorker pid=931626)[0m     "parameters": {
[36m(AgentLoopWorker pid=931626)[0m       "type": "object",
[36m(AgentLoopWorker pid=931626)[0m       "properties": {
[36m(AgentLoopWorker pid=931626)[0m         "start_time": {
[36m(AgentLoopWorker pid=931626)[0m           "type": "number",
[36m(AgentLoopWorker pid=931626)[0m           "description": "Interval start in seconds, >= 0."
[36m(AgentLoopWorker pid=931626)[0m         },
[36m(AgentLoopWorker pid=931626)[0m         "end_time": {
[36m(AgentLoopWorker pid=931626)[0m           "type": "number",
[36m(AgentLoopWorker pid=931626)[0m           "description": "Interval end in seconds, > start_time, <= video duration."
[36m(AgentLoopWorker pid=931626)[0m         }
[36m(AgentLoopWorker pid=931626)[0m       },
[36m(AgentLoopWorker pid=931626)[0m       "required": [
[36m(AgentLoopWorker pid=931626)[0m         "start_time",
[36m(AgentLoopWorker pid=931626)[0m         "end_time"
[36m(AgentLoopWorker pid=931626)[0m       ]
[36m(AgentLoopWorker pid=931626)[0m     }
[36m(AgentLoopWorker pid=931626)[0m   }
[36m(AgentLoopWorker pid=931626)[0m }
[36m(TaskRunner pid=928819)[0m test_gen_batch meta info: {'eos_token_id': 151645, 'pad_token_id': 151643, 'recompute_log_prob': False, 'do_sample': False, 'validate': True, 'global_steps': 20}
[36m(AgentLoopWorker pid=931632)[0m Using dataset class: RLHFDataset[32m [repeated 7x across cluster] (Ray deduplicates logs by default. Set RAY_DEDUP_LOGS=0 to disable log deduplication, or see https://docs.ray.io/en/master/ray-observability/user-guides/configure-logging.html#log-deduplication for more options.)[0m[36m(AgentLoopWorker pid=931627)[0m qwen-vl-utils using torchcodec to read video.

[36m(AgentLoopWorker pid=931632)[0m {[32m [repeated 7x across cluster][0m
[36m(AgentLoopWorker pid=931632)[0m   "type": "function",[32m [repeated 7x across cluster][0m
[36m(AgentLoopWorker pid=931632)[0m   "function": {[32m [repeated 7x across cluster][0m
[36m(AgentLoopWorker pid=931632)[0m     "name": "crop_video",[32m [repeated 7x across cluster][0m
[36m(AgentLoopWorker pid=931632)[0m     "description": "Inspect a time interval of the current video closely: returns 30 higher-resolution frames sampled evenly from [start_time, end_time], each labeled with its timestamp in seconds.",[32m [repeated 7x across cluster][0m
[36m(AgentLoopWorker pid=931632)[0m     "parameters": {[32m [repeated 7x across cluster][0m
[36m(AgentLoopWorker pid=931632)[0m       "type": "object",[32m [repeated 7x across cluster][0m
[36m(AgentLoopWorker pid=931632)[0m       "properties": {[32m [repeated 7x across cluster][0m
[36m(AgentLoopWorker pid=931632)[0m         "start_time": {[32m [repeated 7x across cluster][0m
[36m(AgentLoopWorker pid=931632)[0m           "type": "number",[32m [repeated 14x across cluster][0m
[36m(AgentLoopWorker pid=931632)[0m           "description": "Interval start in seconds, >= 0."[32m [repeated 7x across cluster][0m
[36m(AgentLoopWorker pid=931632)[0m       },[32m [repeated 14x across cluster][0m
[36m(AgentLoopWorker pid=931632)[0m         "end_time": {[32m [repeated 7x across cluster][0m
[36m(AgentLoopWorker pid=931632)[0m           "description": "Interval end in seconds, > start_time, <= video duration."[32m [repeated 7x across cluster][0m
[36m(AgentLoopWorker pid=931632)[0m }[32m [repeated 28x across cluster][0m
[36m(AgentLoopWorker pid=931632)[0m       "required": [[32m [repeated 7x across cluster][0m
[36m(AgentLoopWorker pid=931632)[0m         "start_time",[32m [repeated 7x across cluster][0m
[36m(AgentLoopWorker pid=931632)[0m         "end_time"[32m [repeated 7x across cluster][0m
[36m(AgentLoopWorker pid=931632)[0m       ][32m [repeated 7x across cluster][0m
[36m(vLLMHttpServer pid=929739)[0m WARNING 09-02 03:35:14 [input_processor.py:157] vLLM has deprecated support for supporting different tokenizers for different LoRAs. By default, vLLM uses base model's tokenizer. If you are using a LoRA with its own tokenizer, consider specifying `--tokenizer [lora_path]` to use the LoRA tokenizer.
[36m(vLLMHttpServer pid=929739)[0m WARNING 09-02 03:35:14 [input_processor.py:282] Passing raw prompts to InputProcessor is deprecated and will be removed in v0.18. You should instead pass the outputs of Renderer.render_cmpl() or Renderer.render_chat().
[36m(vLLMHttpServer pid=929739)[0m (Worker pid=930552) WARNING 09-02 03:35:14 [jit_monitor.py:106] Triton kernel JIT compilation during inference: _compute_slot_mapping_kernel. This causes a latency spike; consider extending warmup to cover this shape/config.
[36m(vLLMHttpServer pid=929739)[0m (Worker pid=930552) WARNING 09-02 03:35:14 [jit_monitor.py:106] Triton kernel JIT compilation during inference: _bilinear_pos_embed_kernel. This causes a latency spike; consider extending warmup to cover this shape/config.
[36m(vLLMHttpServer pid=929739)[0m (Worker pid=930552) WARNING 09-02 03:35:14 [jit_monitor.py:106] Triton kernel JIT compilation during inference: rotary_kernel. This causes a latency spike; consider extending warmup to cover this shape/config.
[36m(vLLMHttpServer pid=929739)[0m (Worker pid=930552) WARNING 09-02 03:35:14 [jit_monitor.py:106] Triton kernel JIT compilation during inference: _lora_expand_kernel. This causes a latency spike; consider extending warmup to cover this shape/config.
[36m(TaskRunner pid=928819)[0m validation generation end
[36m(TaskRunner pid=928819)[0m test_gen_batch meta info: {'eos_token_id': 151645, 'pad_token_id': 151643, 'recompute_log_prob': False, 'do_sample': False, 'validate': True, 'global_steps': 20}
[36m(TaskRunner pid=928819)[0m validation generation end
[36m(TaskRunner pid=928819)[0m test_gen_batch meta info: {'eos_token_id': 151645, 'pad_token_id': 151643, 'recompute_log_prob': False, 'do_sample': False, 'validate': True, 'global_steps': 20}
[36m(TaskRunner pid=928819)[0m validation generation end
[36m(TaskRunner pid=928819)[0m test_gen_batch meta info: {'eos_token_id': 151645, 'pad_token_id': 151643, 'recompute_log_prob': False, 'do_sample': False, 'validate': True, 'global_steps': 20}
[36m(TaskRunner pid=928819)[0m validation generation end
[36m(TaskRunner pid=928819)[0m test_gen_batch meta info: {'eos_token_id': 151645, 'pad_token_id': 151643, 'recompute_log_prob': False, 'do_sample': False, 'validate': True, 'global_steps': 20}
[36m(TaskRunner pid=928819)[0m validation generation end
[36m(TaskRunner pid=928819)[0m test_gen_batch meta info: {'eos_token_id': 151645, 'pad_token_id': 151643, 'recompute_log_prob': False, 'do_sample': False, 'validate': True, 'global_steps': 20}
[36m(TaskRunner pid=928819)[0m validation generation end
[36m(TaskRunner pid=928819)[0m test_gen_batch meta info: {'eos_token_id': 151645, 'pad_token_id': 151643, 'recompute_log_prob': False, 'do_sample': False, 'validate': True, 'global_steps': 20}
[36m(TaskRunner pid=928819)[0m validation generation end
[36m(TaskRunner pid=928819)[0m test_gen_batch meta info: {'eos_token_id': 151645, 'pad_token_id': 151643, 'recompute_log_prob': False, 'do_sample': False, 'validate': True, 'global_steps': 20}
[36m(TaskRunner pid=928819)[0m validation generation end
[36m(TaskRunner pid=928819)[0m test_gen_batch meta info: {'eos_token_id': 151645, 'pad_token_id': 151643, 'recompute_log_prob': False, 'do_sample': False, 'validate': True, 'global_steps': 20}
[36m(TaskRunner pid=928819)[0m validation generation end
[36m(TaskRunner pid=928819)[0m test_gen_batch meta info: {'eos_token_id': 151645, 'pad_token_id': 151643, 'recompute_log_prob': False, 'do_sample': False, 'validate': True, 'global_steps': 20}
[36m(TaskRunner pid=928819)[0m validation generation end
[36m(TaskRunner pid=928819)[0m test_gen_batch meta info: {'eos_token_id': 151645, 'pad_token_id': 151643, 'recompute_log_prob': False, 'do_sample': False, 'validate': True, 'global_steps': 20}
[36m(TaskRunner pid=928819)[0m validation generation end
[36m(TaskRunner pid=928819)[0m test_gen_batch meta info: {'eos_token_id': 151645, 'pad_token_id': 151643, 'recompute_log_prob': False, 'do_sample': False, 'validate': True, 'global_steps': 20}
[36m(TaskRunner pid=928819)[0m validation generation end
[36m(TaskRunner pid=928819)[0m test_gen_batch meta info: {'eos_token_id': 151645, 'pad_token_id': 151643, 'recompute_log_prob': False, 'do_sample': False, 'validate': True, 'global_steps': 20}
[36m(TaskRunner pid=928819)[0m validation generation end
[36m(TaskRunner pid=928819)[0m test_gen_batch meta info: {'eos_token_id': 151645, 'pad_token_id': 151643, 'recompute_log_prob': False, 'do_sample': False, 'validate': True, 'global_steps': 20}
[36m(TaskRunner pid=928819)[0m validation generation end
[36m(TaskRunner pid=928819)[0m test_gen_batch meta info: {'eos_token_id': 151645, 'pad_token_id': 151643, 'recompute_log_prob': False, 'do_sample': False, 'validate': True, 'global_steps': 20}
[36m(TaskRunner pid=928819)[0m validation generation end
[36m(TaskRunner pid=928819)[0m test_gen_batch meta info: {'eos_token_id': 151645, 'pad_token_id': 151643, 'recompute_log_prob': False, 'do_sample': False, 'validate': True, 'global_steps': 20}
[36m(TaskRunner pid=928819)[0m validation generation end
[36m(TaskRunner pid=928819)[0m test_gen_batch meta info: {'eos_token_id': 151645, 'pad_token_id': 151643, 'recompute_log_prob': False, 'do_sample': False, 'validate': True, 'global_steps': 20}
[36m(TaskRunner pid=928819)[0m validation generation end
[36m(TaskRunner pid=928819)[0m test_gen_batch meta info: {'eos_token_id': 151645, 'pad_token_id': 151643, 'recompute_log_prob': False, 'do_sample': False, 'validate': True, 'global_steps': 20}
[36m(TaskRunner pid=928819)[0m validation generation end
[36m(TaskRunner pid=928819)[0m test_gen_batch meta info: {'eos_token_id': 151645, 'pad_token_id': 151643, 'recompute_log_prob': False, 'do_sample': False, 'validate': True, 'global_steps': 20}
[36m(TaskRunner pid=928819)[0m validation generation end
[36m(TaskRunner pid=928819)[0m test_gen_batch meta info: {'eos_token_id': 151645, 'pad_token_id': 151643, 'recompute_log_prob': False, 'do_sample': False, 'validate': True, 'global_steps': 20}
[36m(TaskRunner pid=928819)[0m validation generation end
[36m(TaskRunner pid=928819)[0m test_gen_batch meta info: {'eos_token_id': 151645, 'pad_token_id': 151643, 'recompute_log_prob': False, 'do_sample': False, 'validate': True, 'global_steps': 20}
[36m(TaskRunner pid=928819)[0m validation generation end
[36m(TaskRunner pid=928819)[0m test_gen_batch meta info: {'eos_token_id': 151645, 'pad_token_id': 151643, 'recompute_log_prob': False, 'do_sample': False, 'validate': True, 'global_steps': 20}
[36m(TaskRunner pid=928819)[0m validation generation end
[36m(TaskRunner pid=928819)[0m test_gen_batch meta info: {'eos_token_id': 151645, 'pad_token_id': 151643, 'recompute_log_prob': False, 'do_sample': False, 'validate': True, 'global_steps': 20}
[36m(TaskRunner pid=928819)[0m validation generation end
[36m(TaskRunner pid=928819)[0m test_gen_batch meta info: {'eos_token_id': 151645, 'pad_token_id': 151643, 'recompute_log_prob': False, 'do_sample': False, 'validate': True, 'global_steps': 20}
[36m(TaskRunner pid=928819)[0m validation generation end
[36m(TaskRunner pid=928819)[0m test_gen_batch meta info: {'eos_token_id': 151645, 'pad_token_id': 151643, 'recompute_log_prob': False, 'do_sample': False, 'validate': True, 'global_steps': 20}
[36m(TaskRunner pid=928819)[0m validation generation end
[36m(TaskRunner pid=928819)[0m test_gen_batch meta info: {'eos_token_id': 151645, 'pad_token_id': 151643, 'recompute_log_prob': False, 'do_sample': False, 'validate': True, 'global_steps': 20}
[36m(TaskRunner pid=928819)[0m validation generation end
[36m(TaskRunner pid=928819)[0m test_gen_batch meta info: {'eos_token_id': 151645, 'pad_token_id': 151643, 'recompute_log_prob': False, 'do_sample': False, 'validate': True, 'global_steps': 20}
[36m(TaskRunner pid=928819)[0m validation generation end
[36m(TaskRunner pid=928819)[0m test_gen_batch meta info: {'eos_token_id': 151645, 'pad_token_id': 151643, 'recompute_log_prob': False, 'do_sample': False, 'validate': True, 'global_steps': 20}
[36m(TaskRunner pid=928819)[0m validation generation end
[36m(TaskRunner pid=928819)[0m test_gen_batch meta info: {'eos_token_id': 151645, 'pad_token_id': 151643, 'recompute_log_prob': False, 'do_sample': False, 'validate': True, 'global_steps': 20}
[36m(TaskRunner pid=928819)[0m validation generation end
[36m(TaskRunner pid=928819)[0m test_gen_batch meta info: {'eos_token_id': 151645, 'pad_token_id': 151643, 'recompute_log_prob': False, 'do_sample': False, 'validate': True, 'global_steps': 20}
[36m(TaskRunner pid=928819)[0m validation generation end
[36m(TaskRunner pid=928819)[0m test_gen_batch meta info: {'eos_token_id': 151645, 'pad_token_id': 151643, 'recompute_log_prob': False, 'do_sample': False, 'validate': True, 'global_steps': 20}
[36m(TaskRunner pid=928819)[0m validation generation end
[36m(TaskRunner pid=928819)[0m test_gen_batch meta info: {'eos_token_id': 151645, 'pad_token_id': 151643, 'recompute_log_prob': False, 'do_sample': False, 'validate': True, 'global_steps': 20}
[36m(TaskRunner pid=928819)[0m validation generation end
[36m(TaskRunner pid=928819)[0m test_gen_batch meta info: {'eos_token_id': 151645, 'pad_token_id': 151643, 'recompute_log_prob': False, 'do_sample': False, 'validate': True, 'global_steps': 20}
[36m(TaskRunner pid=928819)[0m validation generation end
[36m(TaskRunner pid=928819)[0m test_gen_batch meta info: {'eos_token_id': 151645, 'pad_token_id': 151643, 'recompute_log_prob': False, 'do_sample': False, 'validate': True, 'global_steps': 20}
[36m(TaskRunner pid=928819)[0m validation generation end
[36m(TaskRunner pid=928819)[0m test_gen_batch meta info: {'eos_token_id': 151645, 'pad_token_id': 151643, 'recompute_log_prob': False, 'do_sample': False, 'validate': True, 'global_steps': 20}
[36m(TaskRunner pid=928819)[0m validation generation end
[36m(TaskRunner pid=928819)[0m test_gen_batch meta info: {'eos_token_id': 151645, 'pad_token_id': 151643, 'recompute_log_prob': False, 'do_sample': False, 'validate': True, 'global_steps': 20}
[36m(TaskRunner pid=928819)[0m validation generation end
[36m(TaskRunner pid=928819)[0m test_gen_batch meta info: {'eos_token_id': 151645, 'pad_token_id': 151643, 'recompute_log_prob': False, 'do_sample': False, 'validate': True, 'global_steps': 20}
[36m(TaskRunner pid=928819)[0m validation generation end
[36m(TaskRunner pid=928819)[0m test_gen_batch meta info: {'eos_token_id': 151645, 'pad_token_id': 151643, 'recompute_log_prob': False, 'do_sample': False, 'validate': True, 'global_steps': 20}
[36m(TaskRunner pid=928819)[0m validation generation end
[36m(TaskRunner pid=928819)[0m test_gen_batch meta info: {'eos_token_id': 151645, 'pad_token_id': 151643, 'recompute_log_prob': False, 'do_sample': False, 'validate': True, 'global_steps': 20}
[36m(TaskRunner pid=928819)[0m validation generation end
[36m(TaskRunner pid=928819)[0m test_gen_batch meta info: {'eos_token_id': 151645, 'pad_token_id': 151643, 'recompute_log_prob': False, 'do_sample': False, 'validate': True, 'global_steps': 20}
[36m(TaskRunner pid=928819)[0m validation generation end
[36m(TaskRunner pid=928819)[0m test_gen_batch meta info: {'eos_token_id': 151645, 'pad_token_id': 151643, 'recompute_log_prob': False, 'do_sample': False, 'validate': True, 'global_steps': 20}
[36m(TaskRunner pid=928819)[0m validation generation end
[36m(TaskRunner pid=928819)[0m test_gen_batch meta info: {'eos_token_id': 151645, 'pad_token_id': 151643, 'recompute_log_prob': False, 'do_sample': False, 'validate': True, 'global_steps': 20}
[36m(TaskRunner pid=928819)[0m validation generation end
[36m(TaskRunner pid=928819)[0m test_gen_batch meta info: {'eos_token_id': 151645, 'pad_token_id': 151643, 'recompute_log_prob': False, 'do_sample': False, 'validate': True, 'global_steps': 20}
[36m(TaskRunner pid=928819)[0m validation generation end
[36m(TaskRunner pid=928819)[0m test_gen_batch meta info: {'eos_token_id': 151645, 'pad_token_id': 151643, 'recompute_log_prob': False, 'do_sample': False, 'validate': True, 'global_steps': 20}
[36m(TaskRunner pid=928819)[0m validation generation end
[36m(TaskRunner pid=928819)[0m test_gen_batch meta info: {'eos_token_id': 151645, 'pad_token_id': 151643, 'recompute_log_prob': False, 'do_sample': False, 'validate': True, 'global_steps': 20}
[36m(TaskRunner pid=928819)[0m validation generation end
[36m(TaskRunner pid=928819)[0m test_gen_batch meta info: {'eos_token_id': 151645, 'pad_token_id': 151643, 'recompute_log_prob': False, 'do_sample': False, 'validate': True, 'global_steps': 20}
[36m(TaskRunner pid=928819)[0m validation generation end
[36m(TaskRunner pid=928819)[0m test_gen_batch meta info: {'eos_token_id': 151645, 'pad_token_id': 151643, 'recompute_log_prob': False, 'do_sample': False, 'validate': True, 'global_steps': 20}
[36m(TaskRunner pid=928819)[0m validation generation end
[36m(TaskRunner pid=928819)[0m test_gen_batch meta info: {'eos_token_id': 151645, 'pad_token_id': 151643, 'recompute_log_prob': False, 'do_sample': False, 'validate': True, 'global_steps': 20}
[36m(TaskRunner pid=928819)[0m validation generation end
[36m(TaskRunner pid=928819)[0m test_gen_batch meta info: {'eos_token_id': 151645, 'pad_token_id': 151643, 'recompute_log_prob': False, 'do_sample': False, 'validate': True, 'global_steps': 20}
[36m(TaskRunner pid=928819)[0m validation generation end
[36m(TaskRunner pid=928819)[0m test_gen_batch meta info: {'eos_token_id': 151645, 'pad_token_id': 151643, 'recompute_log_prob': False, 'do_sample': False, 'validate': True, 'global_steps': 20}
[36m(TaskRunner pid=928819)[0m validation generation end
[36m(TaskRunner pid=928819)[0m test_gen_batch meta info: {'eos_token_id': 151645, 'pad_token_id': 151643, 'recompute_log_prob': False, 'do_sample': False, 'validate': True, 'global_steps': 20}
[36m(TaskRunner pid=928819)[0m validation generation end
[36m(TaskRunner pid=928819)[0m test_gen_batch meta info: {'eos_token_id': 151645, 'pad_token_id': 151643, 'recompute_log_prob': False, 'do_sample': False, 'validate': True, 'global_steps': 20}[36m(TaskRunner pid=928819)[0m Training Progress:  15%|█▌        | 20/133 [00:00<?, ?it/s]
[36m(AgentLoopWorker pid=931629)[0m qwen-vl-utils using torchcodec to read video.[32m [repeated 7x across cluster][0m
[36m(TaskRunner pid=928819)[0m W0902 04:14:48.667000 928819 site-packages/torch/fx/_symbolic_trace.py:53] is_fx_tracing will return true for both fx.symbolic_trace and torch.export. Please use is_fx_tracing_symbolic_tracing() for specifically fx.symbolic_trace or torch.compiler.is_compiling() for specifically torch.export/compile.
[36m(WorkerDict pid=929276)[0m [rank0]:W0902 04:15:30.373000 929276 site-packages/torch/fx/_symbolic_trace.py:53] is_fx_tracing will return true for both fx.symbolic_trace and torch.export. Please use is_fx_tracing_symbolic_tracing() for specifically fx.symbolic_trace or torch.compiler.is_compiling() for specifically torch.export/compile.
[36m(WorkerDict pid=929276)[0m /home/yw4636/.conda/envs/verl/lib/python3.12/site-packages/verl/plugin/platform/platform_cuda.py:99: FutureWarning: torch.cuda._set_allocator_settings is deprecated. Use torch._C._accelerator_setAllocatorSettings instead.
[36m(WorkerDict pid=929276)[0m   torch.cuda.memory._set_allocator_settings(settings)

[36m(TaskRunner pid=928819)[0m validation generation end
[36m(TaskRunner pid=928819)[0m test_gen_batch meta info: {'eos_token_id': 151645, 'pad_token_id': 151643, 'recompute_log_prob': False, 'do_sample': False, 'validate': True, 'global_steps': 20}
[36m(TaskRunner pid=928819)[0m validation generation end
[36m(TaskRunner pid=928819)[0m test_gen_batch meta info: {'eos_token_id': 151645, 'pad_token_id': 151643, 'recompute_log_prob': False, 'do_sample': False, 'validate': True, 'global_steps': 20}
[36m(TaskRunner pid=928819)[0m validation generation end
[36m(TaskRunner pid=928819)[0m test_gen_batch meta info: {'eos_token_id': 151645, 'pad_token_id': 151643, 'recompute_log_prob': False, 'do_sample': False, 'validate': True, 'global_steps': 20}
[36m(TaskRunner pid=928819)[0m validation generation end
[36m(TaskRunner pid=928819)[0m test_gen_batch meta info: {'eos_token_id': 151645, 'pad_token_id': 151643, 'recompute_log_prob': False, 'do_sample': False, 'validate': True, 'global_steps': 20}
[36m(TaskRunner pid=928819)[0m validation generation end
[36m(TaskRunner pid=928819)[0m test_gen_batch meta info: {'eos_token_id': 151645, 'pad_token_id': 151643, 'recompute_log_prob': False, 'do_sample': False, 'validate': True, 'global_steps': 20}
[36m(TaskRunner pid=928819)[0m validation generation end
[36m(TaskRunner pid=928819)[0m ("Initial validation metrics: {'val-aux/longvt_longvt-val/reward/mean@1': "
[36m(TaskRunner pid=928819)[0m  "np.float64(1.1303427031165676), 'val-aux/longvt_longvt-val/score/mean@1': "
[36m(TaskRunner pid=928819)[0m  "np.float64(1.1303427032041384), 'val-core/longvt_longvt-val/acc/mean@1': "
[36m(TaskRunner pid=928819)[0m  'np.float64(0.49122807017543857), '
[36m(TaskRunner pid=928819)[0m  "'val-aux/longvt_longvt-val/format_score/mean@1': "
[36m(TaskRunner pid=928819)[0m  'np.float64(0.4824561403508772), '
[36m(TaskRunner pid=928819)[0m  "'val-aux/longvt_longvt-val/evidence_iou/mean@1': "
[36m(TaskRunner pid=928819)[0m  "np.float64(0.1566584926778227), 'val-aux/longvt_longvt-val/answered/mean@1': "
[36m(TaskRunner pid=928819)[0m  'np.float64(0.9649122807017544), '
[36m(TaskRunner pid=928819)[0m  "'val-aux/longvt_longvt-val/num_tool_calls/mean@1': "
[36m(TaskRunner pid=928819)[0m  'np.float64(0.9649122807017544), '
[36m(TaskRunner pid=928819)[0m  "'val-aux/longvt_longvt-val/judge_used/mean@1': "
[36m(TaskRunner pid=928819)[0m  "np.float64(0.9649122807017544), 'val-aux/num_turns/min': np.int32(2), "
[36m(TaskRunner pid=928819)[0m  "'val-aux/num_turns/max': np.int32(4), 'val-aux/num_turns/mean': "
[36m(TaskRunner pid=928819)[0m  'np.float64(3.9298245614035086)}')
[36m(TaskRunner pid=928819)[0m step:20 - val-aux/longvt_longvt-val/reward/mean@1:np.float64(1.1303427031165676) - val-aux/longvt_longvt-val/score/mean@1:np.float64(1.1303427032041384) - val-core/longvt_longvt-val/acc/mean@1:np.float64(0.49122807017543857) - val-aux/longvt_longvt-val/format_score/mean@1:np.float64(0.4824561403508772) - val-aux/longvt_longvt-val/evidence_iou/mean@1:np.float64(0.1566584926778227) - val-aux/longvt_longvt-val/answered/mean@1:np.float64(0.9649122807017544) - val-aux/longvt_longvt-val/num_tool_calls/mean@1:np.float64(0.9649122807017544) - val-aux/longvt_longvt-val/judge_used/mean@1:np.float64(0.9649122807017544) - val-aux/num_turns/min:np.int32(2) - val-aux/num_turns/max:np.int32(4) - val-aux/num_turns/mean:np.float64(3.9298245614035086)
[36m(TaskRunner pid=928819)[0m Dumped generations to /home/yw4636/agentic-tvg/results/grpo-v2/val_rollouts/20.jsonl
[36m(TaskRunner pid=928819)[0m Dumped generations to /home/yw4636/agentic-tvg/results/grpo-v2/rollouts/21.jsonl
[36m(TaskRunner pid=928819)[0m step:21 - global_seqlen/min:916671 - global_seqlen/max:916671 - global_seqlen/minmax_diff:0 - global_seqlen/balanced_min:916671 - global_seqlen/balanced_max:916671 - global_seqlen/mean:916671.0 - actor/entropy:1.0529931783676147 - perf/mfu/actor_infer:0.2950744165983168 - training/rollout_probs_diff_valid:1 - training/rollout_probs_diff_max:0.24710187315940857 - training/rollout_probs_diff_mean:0.008859687484800816 - training/rollout_probs_diff_std:0.013778715394437313 - training/rollout_actor_probs_pearson_corr:0.9990371465682983 - rollout_corr/training_ppl:2.8853037357330322 - rollout_corr/training_log_ppl:1.0314329862594604 - rollout_corr/kl:0.00252727884799242 - rollout_corr/k3_kl:0.002511229133233428 - rollout_corr/rollout_ppl:2.8774306774139404 - rollout_corr/rollout_log_ppl:1.0287094116210938 - rollout_corr/log_ppl_diff:0.0027235085144639015 - rollout_corr/log_ppl_abs_diff:0.003676941618323326 - rollout_corr/log_ppl_diff_max:0.02037501335144043 - rollout_corr/log_ppl_diff_min:-0.006369352340698242 - rollout_corr/ppl_ratio:1.002734899520874 - rollout_corr/chi2_token:0.005003809928894043 - rollout_corr/chi2_seq:13.333208084106445 - actor/pg_clipfrac:np.float64(0.0) - actor/ppo_kl:np.float64(0.0) - actor/pg_clipfrac_lower:np.float64(0.0) - actor/pg_loss:np.float64(0.004646816087188199) - actor/kl_loss:np.float64(0.000724167233784101) - actor/kl_coef:np.float64(0.0010000000000000002) - actor/loss:np.float64(0.004647538065910339) - actor/grad_norm:np.float64(0.049658678472042084) - actor/lr:np.float64(1e-05) - actor/perf/max_memory_allocated_gb:np.float64(38.541226863861084) - actor/perf/max_memory_reserved_gb:np.float64(41.279296875) - actor/perf/cpu_memory_used_gb:np.float64(98.57316970825195) - perf/mfu/actor:np.float64(0.3322570151650198) - training/global_step:21 - training/epoch:0 - critic/score/mean:1.2594703435897827 - critic/score/max:2.4838709831237793 - critic/score/min:0.5 - critic/rewards/mean:1.2594703435897827 - critic/rewards/max:2.4838709831237793 - critic/rewards/min:0.5 - critic/advantages/mean:-0.0046467892825603485 - critic/advantages/max:2.552027702331543 - critic/advantages/min:-2.9334802627563477 - critic/returns/mean:-0.0046467892825603485 - critic/returns/max:2.552027702331543 - critic/returns/min:-2.9334802627563477 - response_length/mean:3209.4921875 - response_length/max:3662.0 - response_length/min:2762.0 - response_length/clip_ratio:0.0 - response_length_non_aborted/mean:3209.4921875 - response_length_non_aborted/max:3662.0 - response_length_non_aborted/min:2762.0 - response_length_non_aborted/clip_ratio:0.0 - response/aborted_ratio:0.0 - prompt_length/mean:3952.0 - prompt_length/max:4146.0 - prompt_length/min:3620.0 - prompt_length/clip_ratio:0.0 - num_turns/min:np.int32(4) - num_turns/max:np.int32(4) - num_turns/mean:np.float64(4.0) - timing_s/start_profile:0.00022237293887883425 - timing_s/agent_loop/num_preempted/min:np.int64(-1) - timing_s/agent_loop/num_preempted/max:np.int64(-1) - timing_s/agent_loop/num_preempted/mean:np.float64(-1.0) - timing_s/agent_loop/generate_sequences/min:np.float64(53.164720553089865) - timing_s/agent_loop/generate_sequences/max:np.float64(120.71802444884088) - timing_s/agent_loop/generate_sequences/mean:np.float64(102.26179922550091) - timing_s/agent_loop/tool_calls/min:np.float64(0.0662927950033918) - timing_s/agent_loop/tool_calls/max:np.float64(0.7789676319807768) - timing_s/agent_loop/tool_calls/mean:np.float64(0.13629222707913868) - timing_s/agent_loop/compute_score/min:np.float64(0.2854595060925931) - timing_s/agent_loop/compute_score/max:np.float64(16.0890618088888) - timing_s/agent_loop/compute_score/mean:np.float64(1.9868063804015037) - timing_s/agent_loop/slowest/generate_sequences:np.float64(116.77759709302336) - timing_s/agent_loop/slowest/tool_calls:np.float64(0.2537493489217013) - timing_s/agent_loop/slowest/compute_score:np.float64(16.0890618088888) - timing_s/agent_loop/slowest/num_preempted:np.int64(-1) - timing_s/agent_loop/slowest/prompt_length:4146 - timing_s/agent_loop/slowest/response_length:3435 - timing_s/gen:151.55481640901417 - timing_s/reward:3.2190000638365746e-05 - timing_s/old_log_prob:147.56721101503354 - timing_s/ref:142.24060728610493 - timing_s/adv:0.17562297196127474 - timing_s/update_actor:332.9961213869974 - timing_s/update_weights:3.994949047919363 - timing_s/dump_rollout_generations:0.3253868059255183 - timing_s/step:779.0135540310293 - timing_s/stop_profile:4.655192606151104e-05 - timing_per_token_ms/update_actor:0.3632667787974065 - timing_per_token_ms/ref:0.15517083804997095 - timing_per_token_ms/adv:0.00019158779099728772 - timing_per_token_ms/gen:0.3689125674793135 - perf/total_num_tokens:916671 - perf/time_per_step:779.0135540310293 - perf/throughput:1176.7073823769279[36m(TaskRunner pid=928819)[0m Training Progress:  16%|█▌        | 21/133 [12:59<24:14:33, 779.23s/it]
[36m(TaskRunner pid=928819)[0m Training Progress:  17%|█▋        | 22/133 [26:03<24:07:32, 782.46s/it]

[36m(TaskRunner pid=928819)[0m Dumped generations to /home/yw4636/agentic-tvg/results/grpo-v2/rollouts/22.jsonl
[36m(TaskRunner pid=928819)[0m step:22 - global_seqlen/min:921674 - global_seqlen/max:921674 - global_seqlen/minmax_diff:0 - global_seqlen/balanced_min:921674 - global_seqlen/balanced_max:921674 - global_seqlen/mean:921674.0 - actor/entropy:1.0658009052276611 - perf/mfu/actor_infer:0.2926083037834966 - training/rollout_probs_diff_valid:1 - training/rollout_probs_diff_max:0.26637986302375793 - training/rollout_probs_diff_mean:0.009029337204992771 - training/rollout_probs_diff_std:0.014018738642334938 - training/rollout_actor_probs_pearson_corr:0.9990050792694092 - rollout_corr/training_ppl:2.9049582481384277 - rollout_corr/training_log_ppl:1.0453393459320068 - rollout_corr/kl:0.002939752070233226 - rollout_corr/k3_kl:0.002729350933805108 - rollout_corr/rollout_ppl:2.8959226608276367 - rollout_corr/rollout_log_ppl:1.0423321723937988 - rollout_corr/log_ppl_diff:0.003007175400853157 - rollout_corr/log_ppl_abs_diff:0.0037827976047992706 - rollout_corr/log_ppl_diff_max:0.025702357292175293 - rollout_corr/log_ppl_diff_min:-0.006262242794036865 - rollout_corr/ppl_ratio:1.0030193328857422 - rollout_corr/chi2_token:0.0049512386322021484 - rollout_corr/chi2_seq:1.484121561050415 - actor/pg_clipfrac:np.float64(0.0) - actor/ppo_kl:np.float64(0.0) - actor/pg_clipfrac_lower:np.float64(0.0) - actor/pg_loss:np.float64(0.017119546770118177) - actor/kl_loss:np.float64(0.0007347351593125495) - actor/kl_coef:np.float64(0.0010000000000000002) - actor/loss:np.float64(0.01712028682231903) - actor/grad_norm:np.float64(0.05405120551586151) - actor/lr:np.float64(1e-05) - actor/perf/max_memory_allocated_gb:np.float64(38.61277151107788) - actor/perf/max_memory_reserved_gb:np.float64(41.318359375) - actor/perf/cpu_memory_used_gb:np.float64(99.2662582397461) - perf/mfu/actor:np.float64(0.3401761300840767) - training/global_step:22 - training/epoch:0 - critic/score/mean:1.2495601177215576 - critic/score/max:2.4000000953674316 - critic/score/min:0.5 - critic/rewards/mean:1.2495601177215576 - critic/rewards/max:2.4000000953674316 - critic/rewards/min:0.5 - critic/advantages/mean:-0.017119545489549637 - critic/advantages/max:3.5502209663391113 - critic/advantages/min:-2.980642795562744 - critic/returns/mean:-0.017119545489549637 - critic/returns/max:3.5502209663391113 - critic/returns/min:-2.980642795562744 - response_length/mean:3270.703125 - response_length/max:8971.0 - response_length/min:480.0 - response_length/clip_ratio:0.0 - response_length_non_aborted/mean:3270.703125 - response_length_non_aborted/max:8971.0 - response_length_non_aborted/min:480.0 - response_length_non_aborted/clip_ratio:0.0 - response/aborted_ratio:0.0 - prompt_length/mean:3929.875 - prompt_length/max:4143.0 - prompt_length/min:3622.0 - prompt_length/clip_ratio:0.0 - num_turns/min:np.int32(4) - num_turns/max:np.int32(8) - num_turns/mean:np.float64(4.03125) - timing_s/start_profile:6.165099330246449e-05 - timing_s/agent_loop/num_preempted/min:np.int64(-1) - timing_s/agent_loop/num_preempted/max:np.int64(-1) - timing_s/agent_loop/num_preempted/mean:np.float64(-1.0) - timing_s/agent_loop/generate_sequences/min:np.float64(61.44318082300015) - timing_s/agent_loop/generate_sequences/max:np.float64(121.56174801196903) - timing_s/agent_loop/generate_sequences/mean:np.float64(103.07245825756036) - timing_s/agent_loop/tool_calls/min:np.float64(0.00016635493375360966) - timing_s/agent_loop/tool_calls/max:np.float64(0.7903969459002838) - timing_s/agent_loop/tool_calls/mean:np.float64(0.14905191059096978) - timing_s/agent_loop/compute_score/min:np.float64(0.2813330839853734) - timing_s/agent_loop/compute_score/max:np.float64(13.624703060952015) - timing_s/agent_loop/compute_score/mean:np.float64(2.0365985399348574) - timing_s/agent_loop/slowest/generate_sequences:np.float64(121.56174801196903) - timing_s/agent_loop/slowest/tool_calls:np.float64(0.34856316389050335) - timing_s/agent_loop/slowest/compute_score:np.float64(1.6921964719658718) - timing_s/agent_loop/slowest/num_preempted:np.int64(-1) - timing_s/agent_loop/slowest/prompt_length:4143 - timing_s/agent_loop/slowest/response_length:8971 - timing_s/gen:149.8755861200625 - timing_s/reward:0.00030345097184181213 - timing_s/old_log_prob:152.1986323070014 - timing_s/ref:145.56634520599619 - timing_s/adv:0.16233094094786793 - timing_s/update_actor:332.10449917800725 - timing_s/update_weights:4.246370409964584 - timing_s/dump_rollout_generations:0.32965121197048575 - timing_s/step:784.6471151199657 - timing_s/stop_profile:5.026394501328468e-05 - timing_per_token_ms/update_actor:0.36032751187296946 - timing_per_token_ms/ref:0.15793691175621336 - timing_per_token_ms/adv:0.00017612620183260884 - timing_per_token_ms/gen:0.35799733935283057 - perf/total_num_tokens:921674 - perf/time_per_step:784.6471151199657 - perf/throughput:1174.635045792635
[36m(TaskRunner pid=928819)[0m Dumped generations to /home/yw4636/agentic-tvg/results/grpo-v2/rollouts/23.jsonl
[36m(TaskRunner pid=928819)[0m step:23 - global_seqlen/min:922684 - global_seqlen/max:922684 - global_seqlen/minmax_diff:0 - global_seqlen/balanced_min:922684 - global_seqlen/balanced_max:922684 - global_seqlen/mean:922684.0 - actor/entropy:1.1611659526824951 - perf/mfu/actor_infer:0.2996090454627785 - training/rollout_probs_diff_valid:1 - training/rollout_probs_diff_max:0.36595532298088074 - training/rollout_probs_diff_mean:0.008991753682494164 - training/rollout_probs_diff_std:0.01337521057575941 - training/rollout_actor_probs_pearson_corr:0.9990664720535278 - rollout_corr/training_ppl:3.158576488494873 - rollout_corr/training_log_ppl:1.1263161897659302 - rollout_corr/kl:0.0023775147274136543 - rollout_corr/k3_kl:0.0024031209759414196 - rollout_corr/rollout_ppl:3.150853395462036 - rollout_corr/rollout_log_ppl:1.123827576637268 - rollout_corr/log_ppl_diff:0.002488691359758377 - rollout_corr/log_ppl_abs_diff:0.003301762044429779 - rollout_corr/log_ppl_diff_max:0.014391183853149414 - rollout_corr/log_ppl_diff_min:-0.005186796188354492 - rollout_corr/ppl_ratio:1.0024967193603516 - rollout_corr/chi2_token:0.004948854446411133 - rollout_corr/chi2_seq:2.677480459213257 - actor/pg_clipfrac:np.float64(0.0) - actor/ppo_kl:np.float64(0.0) - actor/pg_clipfrac_lower:np.float64(0.0) - actor/pg_loss:np.float64(0.017755492397554917) - actor/kl_loss:np.float64(0.000785086664109258) - actor/kl_coef:np.float64(0.0010000000000000002) - actor/loss:np.float64(0.017756272107362747) - actor/grad_norm:np.float64(0.05056658387184143) - actor/lr:np.float64(1e-05) - actor/perf/max_memory_allocated_gb:np.float64(38.926700592041016) - actor/perf/max_memory_reserved_gb:np.float64(41.669921875) - actor/perf/cpu_memory_used_gb:np.float64(115.31722259521484) - perf/mfu/actor:np.float64(0.33845609700537593) - training/global_step:23 - training/epoch:0 - critic/score/mean:1.3255846500396729 - critic/score/max:2.430000066757202 - critic/score/min:0.5 - critic/rewards/mean:1.3255846500396729 - critic/rewards/max:2.430000066757202 - critic/rewards/min:0.5 - critic/advantages/mean:-0.01775548607110977 - critic/advantages/max:2.076817750930786 - critic/advantages/min:-2.110480785369873 - critic/returns/mean:-0.01775548607110977 - critic/returns/max:2.076817750930786 - critic/returns/min:-2.110480785369873 - response_length/mean:3243.59375 - response_length/max:3603.0 - response_length/min:685.0 - response_length/clip_ratio:0.0 - response_length_non_aborted/mean:3243.59375 - response_length_non_aborted/max:3603.0 - response_length_non_aborted/min:685.0 - response_length_non_aborted/clip_ratio:0.0 - response/aborted_ratio:0.0 - prompt_length/mean:3964.875 - prompt_length/max:4142.0 - prompt_length/min:3738.0 - prompt_length/clip_ratio:0.0 - num_turns/min:np.int32(4) - num_turns/max:np.int32(4) - num_turns/mean:np.float64(4.0) - timing_s/start_profile:7.171498145908117e-05 - timing_s/agent_loop/num_preempted/min:np.int64(-1) - timing_s/agent_loop/num_preempted/max:np.int64(-1) - timing_s/agent_loop/num_preempted/mean:np.float64(-1.0) - timing_s/agent_loop/generate_sequences/min:np.float64(67.11756701103877) - timing_s/agent_loop/generate_sequences/max:np.float64(116.65734198107384) - timing_s/agent_loop/generate_sequences/mean:np.float64(100.46734026528247) - timing_s/agent_loop/tool_calls/min:np.float64(0.00011192192323505878) - timing_s/agent_loop/tool_calls/max:np.float64(0.9823657089145854) - timing_s/agent_loop/tool_calls/mean:np.float64(0.17350384645305894) - timing_s/agent_loop/compute_score/min:np.float64(0.31803013500757515) - timing_s/agent_loop/compute_score/max:np.float64(10.530320636928082) - timing_s/agent_loop/compute_score/mean:np.float64(2.2996799217989974) - timing_s/agent_loop/slowest/generate_sequences:np.float64(113.77770949283149) - timing_s/agent_loop/slowest/tool_calls:np.float64(0.7961676650447771) - timing_s/agent_loop/slowest/compute_score:np.float64(10.530320636928082) - timing_s/agent_loop/slowest/num_preempted:np.int64(-1) - timing_s/agent_loop/slowest/prompt_length:3938 - timing_s/agent_loop/slowest/response_length:3603 - timing_s/gen:147.18912376801018 - timing_s/reward:0.00039168307557702065 - timing_s/old_log_prob:146.9904076679377 - timing_s/ref:139.34342687705066 - timing_s/adv:0.16888396092690527 - timing_s/update_actor:323.8613088889979 - timing_s/update_weights:4.074993364978582 - timing_s/dump_rollout_generations:0.31323849898763 - timing_s/step:762.1156926419353 - timing_s/stop_profile:4.9456022679805756e-05 - timing_per_token_ms/update_actor:0.35099915993882835 - timing_per_token_ms/ref:0.15101966315342052 - timing_per_token_ms/adv:0.00018303553646416897 - timing_per_token_ms/gen:0.3545188201936755 - perf/total_num_tokens:922684 - perf/time_per_step:762.1156926419353 - perf/throughput:1210.6875752701558[36m(TaskRunner pid=928819)[0m Training Progress:  17%|█▋        | 23/133 [38:46<23:37:32, 773.20s/it]
[36m(TaskRunner pid=928819)[0m Training Progress:  18%|█▊        | 24/133 [51:47<23:30:41, 776.53s/it]

[36m(TaskRunner pid=928819)[0m Dumped generations to /home/yw4636/agentic-tvg/results/grpo-v2/rollouts/24.jsonl
[36m(TaskRunner pid=928819)[0m step:24 - global_seqlen/min:933360 - global_seqlen/max:933360 - global_seqlen/minmax_diff:0 - global_seqlen/balanced_min:933360 - global_seqlen/balanced_max:933360 - global_seqlen/mean:933360.0 - actor/entropy:1.0913243293762207 - perf/mfu/actor_infer:0.29856833075845274 - training/rollout_probs_diff_valid:1 - training/rollout_probs_diff_max:0.33415132761001587 - training/rollout_probs_diff_mean:0.008542061783373356 - training/rollout_probs_diff_std:0.013011627830564976 - training/rollout_actor_probs_pearson_corr:0.9991298317909241 - rollout_corr/training_ppl:3.015547275543213 - rollout_corr/training_log_ppl:1.078495740890503 - rollout_corr/kl:0.0022528476547449827 - rollout_corr/k3_kl:0.002262344118207693 - rollout_corr/rollout_ppl:3.0088846683502197 - rollout_corr/rollout_log_ppl:1.0763239860534668 - rollout_corr/log_ppl_diff:0.0021717764902859926 - rollout_corr/log_ppl_abs_diff:0.0030766718555241823 - rollout_corr/log_ppl_diff_max:0.010591387748718262 - rollout_corr/log_ppl_diff_min:-0.0055474042892456055 - rollout_corr/ppl_ratio:1.0021789073944092 - rollout_corr/chi2_token:0.0046035051345825195 - rollout_corr/chi2_seq:5.1245436668396 - actor/pg_clipfrac:np.float64(0.0) - actor/ppo_kl:np.float64(0.0) - actor/pg_clipfrac_lower:np.float64(0.0) - actor/pg_loss:np.float64(0.01696733727294486) - actor/kl_loss:np.float64(0.0007619285397595377) - actor/kl_coef:np.float64(0.0010000000000000002) - actor/loss:np.float64(0.016968097537755966) - actor/grad_norm:np.float64(0.04971243813633919) - actor/lr:np.float64(1e-05) - actor/perf/max_memory_allocated_gb:np.float64(39.21569871902466) - actor/perf/max_memory_reserved_gb:np.float64(41.962890625) - actor/perf/cpu_memory_used_gb:np.float64(99.25394058227539) - perf/mfu/actor:np.float64(0.33645929769586896) - training/global_step:24 - training/epoch:0 - critic/score/mean:1.014538288116455 - critic/score/max:2.219867467880249 - critic/score/min:0.0 - critic/rewards/mean:1.014538288116455 - critic/rewards/max:2.219867467880249 - critic/rewards/min:0.0 - critic/advantages/mean:-0.016967345029115677 - critic/advantages/max:2.2222061157226562 - critic/advantages/min:-1.9308013916015625 - critic/returns/mean:-0.016967345029115677 - critic/returns/max:2.2222061157226562 - critic/returns/min:-1.9308013916015625 - response_length/mean:3250.5 - response_length/max:3731.0 - response_length/min:2953.0 - response_length/clip_ratio:0.0 - response_length_non_aborted/mean:3250.5 - response_length_non_aborted/max:3731.0 - response_length_non_aborted/min:2953.0 - response_length_non_aborted/clip_ratio:0.0 - response/aborted_ratio:0.0 - prompt_length/mean:4041.375 - prompt_length/max:4138.0 - prompt_length/min:3939.0 - prompt_length/clip_ratio:0.0 - num_turns/min:np.int32(4) - num_turns/max:np.int32(4) - num_turns/mean:np.float64(4.0) - timing_s/start_profile:5.823001265525818e-05 - timing_s/agent_loop/num_preempted/min:np.int64(-1) - timing_s/agent_loop/num_preempted/max:np.int64(-1) - timing_s/agent_loop/num_preempted/mean:np.float64(-1.0) - timing_s/agent_loop/generate_sequences/min:np.float64(65.38673440099228) - timing_s/agent_loop/generate_sequences/max:np.float64(126.26309329096694) - timing_s/agent_loop/generate_sequences/mean:np.float64(109.05712664617113) - timing_s/agent_loop/tool_calls/min:np.float64(0.0618579660076648) - timing_s/agent_loop/tool_calls/max:np.float64(0.7624388739932328) - timing_s/agent_loop/tool_calls/mean:np.float64(0.12394603471057053) - timing_s/agent_loop/compute_score/min:np.float64(0.3234486449509859) - timing_s/agent_loop/compute_score/max:np.float64(6.95791605906561) - timing_s/agent_loop/compute_score/mean:np.float64(2.3609801599968705) - timing_s/agent_loop/slowest/generate_sequences:np.float64(125.44231516600121) - timing_s/agent_loop/slowest/tool_calls:np.float64(0.077701929025352) - timing_s/agent_loop/slowest/compute_score:np.float64(1.7968087040353566) - timing_s/agent_loop/slowest/num_preempted:np.int64(-1) - timing_s/agent_loop/slowest/prompt_length:3939 - timing_s/agent_loop/slowest/response_length:3624 - timing_s/gen:155.0774556939723 - timing_s/reward:0.0005214900011196733 - timing_s/old_log_prob:152.31335108994972 - timing_s/ref:136.9805960189551 - timing_s/adv:0.17200041201431304 - timing_s/update_actor:332.48209400998894 - timing_s/update_weights:4.068105789017864 - timing_s/dump_rollout_generations:0.3013956919312477 - timing_s/step:781.5589068469126 - timing_s/stop_profile:4.171300679445267e-05 - timing_per_token_ms/update_actor:0.3562206372782088 - timing_per_token_ms/ref:0.14676073114227642 - timing_per_token_ms/adv:0.00018428089056131937 - timing_per_token_ms/gen:0.37272500311003187 - perf/total_num_tokens:933360 - perf/time_per_step:781.5589068469126 - perf/throughput:1194.2286010986775
[36m(TaskRunner pid=928819)[0m Dumped generations to /home/yw4636/agentic-tvg/results/grpo-v2/rollouts/25.jsonl
[36m(TaskRunner pid=928819)[0m step:25 - global_seqlen/min:935426 - global_seqlen/max:935426 - global_seqlen/minmax_diff:0 - global_seqlen/balanced_min:935426 - global_seqlen/balanced_max:935426 - global_seqlen/mean:935426.0 - actor/entropy:0.8040875792503357 - perf/mfu/actor_infer:0.3011946106297063 - training/rollout_probs_diff_valid:1 - training/rollout_probs_diff_max:0.6146796941757202 - training/rollout_probs_diff_mean:0.006943289656192064 - training/rollout_probs_diff_std:0.013033210299909115 - training/rollout_actor_probs_pearson_corr:0.9991604089736938 - rollout_corr/training_ppl:2.80635404586792 - rollout_corr/training_log_ppl:1.0036312341690063 - rollout_corr/kl:0.0024458090774714947 - rollout_corr/k3_kl:0.001990151358768344 - rollout_corr/rollout_ppl:2.7979867458343506 - rollout_corr/rollout_log_ppl:1.0006619691848755 - rollout_corr/log_ppl_diff:0.0029693550895899534 - rollout_corr/log_ppl_abs_diff:0.003807126311585307 - rollout_corr/log_ppl_diff_max:0.012455403804779053 - rollout_corr/log_ppl_diff_min:-0.006509542465209961 - rollout_corr/ppl_ratio:1.0029805898666382 - rollout_corr/chi2_token:0.0031070709228515625 - rollout_corr/chi2_seq:3.9201693534851074 - actor/pg_clipfrac:np.float64(0.0) - actor/ppo_kl:np.float64(0.0) - actor/pg_clipfrac_lower:np.float64(0.0) - actor/pg_loss:np.float64(0.7442944008435006) - actor/kl_loss:np.float64(0.0005601656735052529) - actor/kl_coef:np.float64(0.0010000000000000002) - actor/loss:np.float64(0.744295060634613) - actor/grad_norm:np.float64(0.039099402725696564) - actor/lr:np.float64(1e-05) - actor/perf/max_memory_allocated_gb:np.float64(39.21569871902466) - actor/perf/max_memory_reserved_gb:np.float64(41.962890625) - actor/perf/cpu_memory_used_gb:np.float64(99.04142761230469) - perf/mfu/actor:np.float64(0.3385131342736564) - training/global_step:25 - training/epoch:0 - critic/score/mean:1.5086109638214111 - critic/score/max:2.3905556201934814 - critic/score/min:0.0 - critic/rewards/mean:1.5086109638214111 - critic/rewards/max:2.3905556201934814 - critic/rewards/min:0.0 - critic/advantages/mean:-0.7442944645881653 - critic/advantages/max:3.377009391784668 - critic/advantages/min:-3.2427055835723877 - critic/returns/mean:-0.7442944645881653 - critic/returns/max:3.377009391784668 - critic/returns/min:-3.2427055835723877 - response_length/mean:3366.390625 - response_length/max:16381.0 - response_length/min:2912.0 - response_length/clip_ratio:0.0 - response_length_non_aborted/mean:3366.390625 - response_length_non_aborted/max:16381.0 - response_length_non_aborted/min:2912.0 - response_length_non_aborted/clip_ratio:0.0 - response/aborted_ratio:0.0 - prompt_length/mean:3941.625 - prompt_length/max:3951.0 - prompt_length/min:3934.0 - prompt_length/clip_ratio:0.0 - num_turns/min:np.int32(2) - num_turns/max:np.int32(4) - num_turns/mean:np.float64(3.984375) - timing_s/start_profile:6.54739560559392e-05 - timing_s/agent_loop/num_preempted/min:np.int64(-1) - timing_s/agent_loop/num_preempted/max:np.int64(-1) - timing_s/agent_loop/num_preempted/mean:np.float64(-1.0) - timing_s/agent_loop/generate_sequences/min:np.float64(54.4764038620051) - timing_s/agent_loop/generate_sequences/max:np.float64(322.9302140189102) - timing_s/agent_loop/generate_sequences/mean:np.float64(102.83267063889798) - timing_s/agent_loop/tool_calls/min:np.float64(0.0) - timing_s/agent_loop/tool_calls/max:np.float64(0.9602408380014822) - timing_s/agent_loop/tool_calls/mean:np.float64(0.1335623822915295) - timing_s/agent_loop/compute_score/min:np.float64(0.325043473043479) - timing_s/agent_loop/compute_score/max:np.float64(7.99492528103292) - timing_s/agent_loop/compute_score/mean:np.float64(1.9176212827833297) - timing_s/agent_loop/slowest/generate_sequences:np.float64(322.9302140189102) - timing_s/agent_loop/slowest/tool_calls:np.float64(0.0) - timing_s/agent_loop/slowest/compute_score:np.float64(0.41913446004036814) - timing_s/agent_loop/slowest/num_preempted:np.int64(-1) - timing_s/agent_loop/slowest/prompt_length:3943 - timing_s/agent_loop/slowest/response_length:16381 - timing_s/gen:343.12397950398736 - timing_s/reward:0.00047016399912536144 - timing_s/old_log_prob:146.59994935197756 - timing_s/ref:134.9454159809975 - timing_s/adv:0.16929687198717147 - timing_s/update_actor:327.750585256028 - timing_s/update_weights:3.9630985650001094 - timing_s/dump_rollout_generations:0.3239698829129338 - timing_s/step:957.0511004290311 - timing_s/stop_profile:5.5612996220588684e-05 - timing_per_token_ms/update_actor:0.3503757488631148 - timing_per_token_ms/ref:0.14426092067250376 - timing_per_token_ms/adv:0.00018098371435813359 - timing_per_token_ms/gen:0.796299772809313 - perf/total_num_tokens:935426 - perf/time_per_step:957.0511004290311 - perf/throughput:977.4044453641641[36m(TaskRunner pid=928819)[0m Training Progress:  19%|█▉        | 25/133 [1:07:45<25:15:31, 841.96s/it]
[36m(TaskRunner pid=928819)[0m Training Progress:  20%|█▉        | 26/133 [1:20:19<24:07:48, 811.86s/it]

[36m(TaskRunner pid=928819)[0m Dumped generations to /home/yw4636/agentic-tvg/results/grpo-v2/rollouts/26.jsonl
[36m(TaskRunner pid=928819)[0m step:26 - global_seqlen/min:917749 - global_seqlen/max:917749 - global_seqlen/minmax_diff:0 - global_seqlen/balanced_min:917749 - global_seqlen/balanced_max:917749 - global_seqlen/mean:917749.0 - actor/entropy:1.0969568490982056 - perf/mfu/actor_infer:0.29800380397006676 - training/rollout_probs_diff_valid:1 - training/rollout_probs_diff_max:0.24768957495689392 - training/rollout_probs_diff_mean:0.00880922470241785 - training/rollout_probs_diff_std:0.013192052021622658 - training/rollout_actor_probs_pearson_corr:0.99909907579422 - rollout_corr/training_ppl:3.0356087684631348 - rollout_corr/training_log_ppl:1.078734278678894 - rollout_corr/kl:0.0020056928042322397 - rollout_corr/k3_kl:0.0023541301488876343 - rollout_corr/rollout_ppl:3.029773473739624 - rollout_corr/rollout_log_ppl:1.0767329931259155 - rollout_corr/log_ppl_diff:0.0020013891626149416 - rollout_corr/log_ppl_abs_diff:0.00307567254640162 - rollout_corr/log_ppl_diff_max:0.010250568389892578 - rollout_corr/log_ppl_diff_min:-0.005831480026245117 - rollout_corr/ppl_ratio:1.0020086765289307 - rollout_corr/chi2_token:0.005698204040527344 - rollout_corr/chi2_seq:5.630263805389404 - actor/pg_clipfrac:np.float64(0.0) - actor/ppo_kl:np.float64(0.0) - actor/pg_clipfrac_lower:np.float64(0.0) - actor/pg_loss:np.float64(0.011181963025592268) - actor/kl_loss:np.float64(0.0007727256725047482) - actor/kl_coef:np.float64(0.0010000000000000002) - actor/loss:np.float64(0.011182732880115509) - actor/grad_norm:np.float64(0.0508728101849556) - actor/lr:np.float64(1e-05) - actor/perf/max_memory_allocated_gb:np.float64(39.21569871902466) - actor/perf/max_memory_reserved_gb:np.float64(41.962890625) - actor/perf/cpu_memory_used_gb:np.float64(97.76466369628906) - perf/mfu/actor:np.float64(0.3386991779741778) - training/global_step:26 - training/epoch:0 - critic/score/mean:1.234892725944519 - critic/score/max:2.3584070205688477 - critic/score/min:0.5 - critic/rewards/mean:1.234892725944519 - critic/rewards/max:2.3584070205688477 - critic/rewards/min:0.5 - critic/advantages/mean:-0.011181972920894623 - critic/advantages/max:3.695485830307007 - critic/advantages/min:-2.8016841411590576 - critic/returns/mean:-0.011181972920894623 - critic/returns/max:3.695485830307007 - critic/returns/min:-2.8016841411590576 - response_length/mean:3216.6640625 - response_length/max:3506.0 - response_length/min:2801.0 - response_length/clip_ratio:0.0 - response_length_non_aborted/mean:3216.6640625 - response_length_non_aborted/max:3506.0 - response_length_non_aborted/min:2801.0 - response_length_non_aborted/clip_ratio:0.0 - response/aborted_ratio:0.0 - prompt_length/mean:3953.25 - prompt_length/max:4141.0 - prompt_length/min:3628.0 - prompt_length/clip_ratio:0.0 - num_turns/min:np.int32(4) - num_turns/max:np.int32(4) - num_turns/mean:np.float64(4.0) - timing_s/start_profile:6.265798583626747e-05 - timing_s/agent_loop/num_preempted/min:np.int64(-1) - timing_s/agent_loop/num_preempted/max:np.int64(-1) - timing_s/agent_loop/num_preempted/mean:np.float64(-1.0) - timing_s/agent_loop/generate_sequences/min:np.float64(63.25576924497727) - timing_s/agent_loop/generate_sequences/max:np.float64(118.67681243503466) - timing_s/agent_loop/generate_sequences/mean:np.float64(103.33073372378385) - timing_s/agent_loop/tool_calls/min:np.float64(0.061993074021302164) - timing_s/agent_loop/tool_calls/max:np.float64(1.5883950130082667) - timing_s/agent_loop/tool_calls/mean:np.float64(0.28694089744203666) - timing_s/agent_loop/compute_score/min:np.float64(0.3273517220513895) - timing_s/agent_loop/compute_score/max:np.float64(15.731389607070014) - timing_s/agent_loop/compute_score/mean:np.float64(2.4713610537783097) - timing_s/agent_loop/slowest/generate_sequences:np.float64(113.94246887916233) - timing_s/agent_loop/slowest/tool_calls:np.float64(0.08656533900648355) - timing_s/agent_loop/slowest/compute_score:np.float64(15.731389607070014) - timing_s/agent_loop/slowest/num_preempted:np.int64(-1) - timing_s/agent_loop/slowest/prompt_length:4141 - timing_s/agent_loop/slowest/response_length:3333 - timing_s/gen:151.91201210091822 - timing_s/reward:0.0004603180568665266 - timing_s/old_log_prob:144.37768606294412 - timing_s/ref:133.08586534904316 - timing_s/adv:0.16612417402211577 - timing_s/update_actor:318.5353536569746 - timing_s/update_weights:3.9546923090238124 - timing_s/dump_rollout_generations:0.32561070704832673 - timing_s/step:752.5151492559817 - timing_s/stop_profile:8.153996895998716e-05 - timing_per_token_ms/update_actor:0.34708330235933205 - timing_per_token_ms/ref:0.14501335915271296 - timing_per_token_ms/adv:0.00018101264509371928 - timing_per_token_ms/gen:0.3689575819788995 - perf/total_num_tokens:917749 - perf/time_per_step:752.5151492559817 - perf/throughput:1219.5754476270497
[36m(TaskRunner pid=928819)[0m Dumped generations to /home/yw4636/agentic-tvg/results/grpo-v2/rollouts/27.jsonl
[36m(TaskRunner pid=928819)[0m step:27 - global_seqlen/min:928474 - global_seqlen/max:928474 - global_seqlen/minmax_diff:0 - global_seqlen/balanced_min:928474 - global_seqlen/balanced_max:928474 - global_seqlen/mean:928474.0 - actor/entropy:1.0261173248291016 - perf/mfu/actor_infer:0.2988730197714094 - training/rollout_probs_diff_valid:1 - training/rollout_probs_diff_max:0.19235140085220337 - training/rollout_probs_diff_mean:0.008621848188340664 - training/rollout_probs_diff_std:0.013000229373574257 - training/rollout_actor_probs_pearson_corr:0.9991084933280945 - rollout_corr/training_ppl:3.0003252029418945 - rollout_corr/training_log_ppl:1.007582187652588 - rollout_corr/kl:0.002167048631235957 - rollout_corr/k3_kl:0.0021517230197787285 - rollout_corr/rollout_ppl:2.9938104152679443 - rollout_corr/rollout_log_ppl:1.0054025650024414 - rollout_corr/log_ppl_diff:0.002179703675210476 - rollout_corr/log_ppl_abs_diff:0.0032012425363063812 - rollout_corr/log_ppl_diff_max:0.013262331485748291 - rollout_corr/log_ppl_diff_min:-0.005939900875091553 - rollout_corr/ppl_ratio:1.002187967300415 - rollout_corr/chi2_token:0.004369378089904785 - rollout_corr/chi2_seq:4.231328010559082 - actor/pg_clipfrac:np.float64(0.0) - actor/ppo_kl:np.float64(0.0) - actor/pg_clipfrac_lower:np.float64(0.0) - actor/pg_loss:np.float64(0.014989221133873798) - actor/kl_loss:np.float64(0.0007305226099560969) - actor/kl_coef:np.float64(0.0010000000000000002) - actor/loss:np.float64(0.014989959076046944) - actor/grad_norm:np.float64(0.05102551355957985) - actor/lr:np.float64(1e-05) - actor/perf/max_memory_allocated_gb:np.float64(39.21569871902466) - actor/perf/max_memory_reserved_gb:np.float64(41.962890625) - actor/perf/cpu_memory_used_gb:np.float64(98.27887344360352) - perf/mfu/actor:np.float64(0.33845865995569463) - training/global_step:27 - training/epoch:0 - critic/score/mean:1.1102405786514282 - critic/score/max:2.315178632736206 - critic/score/min:0.0 - critic/rewards/mean:1.1102405786514282 - critic/rewards/max:2.315178632736206 - critic/rewards/min:0.0 - critic/advantages/mean:-0.014989233575761318 - critic/advantages/max:3.749969959259033 - critic/advantages/min:-2.8520500659942627 - critic/returns/mean:-0.014989233575761318 - critic/returns/max:3.749969959259033 - critic/returns/min:-2.8520500659942627 - response_length/mean:3205.078125 - response_length/max:3552.0 - response_length/min:275.0 - response_length/clip_ratio:0.0 - response_length_non_aborted/mean:3205.078125 - response_length_non_aborted/max:3552.0 - response_length_non_aborted/min:275.0 - response_length_non_aborted/clip_ratio:0.0 - response/aborted_ratio:0.0 - prompt_length/mean:4048.625 - prompt_length/max:4152.0 - prompt_length/min:3942.0 - prompt_length/clip_ratio:0.0 - num_turns/min:np.int32(2) - num_turns/max:np.int32(4) - num_turns/mean:np.float64(3.984375) - timing_s/start_profile:6.024702452123165e-05 - timing_s/agent_loop/num_preempted/min:np.int64(-1) - timing_s/agent_loop/num_preempted/max:np.int64(-1) - timing_s/agent_loop/num_preempted/mean:np.float64(-1.0) - timing_s/agent_loop/generate_sequences/min:np.float64(61.440733248135075) - timing_s/agent_loop/generate_sequences/max:np.float64(118.84215132996906) - timing_s/agent_loop/generate_sequences/mean:np.float64(103.02126854771541) - timing_s/agent_loop/tool_calls/min:np.float64(0.0) - timing_s/agent_loop/tool_calls/max:np.float64(0.7850584760308266) - timing_s/agent_loop/tool_calls/mean:np.float64(0.16210461320406466) - timing_s/agent_loop/compute_score/min:np.float64(0.23233162693213671) - timing_s/agent_loop/compute_score/max:np.float64(13.101958099985495) - timing_s/agent_loop/compute_score/mean:np.float64(2.1083173279284892) - timing_s/agent_loop/slowest/generate_sequences:np.float64(117.48289977095556) - timing_s/agent_loop/slowest/tool_calls:np.float64(0.11124328698497266) - timing_s/agent_loop/slowest/compute_score:np.float64(13.101958099985495) - timing_s/agent_loop/slowest/num_preempted:np.int64(-1) - timing_s/agent_loop/slowest/prompt_length:4145 - timing_s/agent_loop/slowest/response_length:3210 - timing_s/gen:152.6001816970529 - timing_s/reward:0.0004952199524268508 - timing_s/old_log_prob:142.44551731692627 - timing_s/ref:134.29131358396262 - timing_s/adv:0.17304238595534116 - timing_s/update_actor:324.23295552597847 - timing_s/update_weights:3.9667032959405333 - timing_s/dump_rollout_generations:0.3236643651034683 - timing_s/step:758.1730323869269 - timing_s/stop_profile:5.054392386227846e-05 - timing_per_token_ms/update_actor:0.3492105923547439 - timing_per_token_ms/ref:0.14463659034497747 - timing_per_token_ms/adv:0.00018637289353858177 - timing_per_token_ms/gen:0.37196875489836173 - perf/total_num_tokens:928474 - perf/time_per_step:758.1730323869269 - perf/throughput:1224.620186076681[36m(TaskRunner pid=928819)[0m Training Progress:  20%|██        | 27/133 [1:32:57<23:23:18, 794.33s/it]
[36m(TaskRunner pid=928819)[0m Training Progress:  21%|██        | 28/133 [1:45:33<22:48:33, 782.03s/it]

[36m(TaskRunner pid=928819)[0m Dumped generations to /home/yw4636/agentic-tvg/results/grpo-v2/rollouts/28.jsonl
[36m(TaskRunner pid=928819)[0m step:28 - global_seqlen/min:921484 - global_seqlen/max:921484 - global_seqlen/minmax_diff:0 - global_seqlen/balanced_min:921484 - global_seqlen/balanced_max:921484 - global_seqlen/mean:921484.0 - actor/entropy:1.000261902809143 - perf/mfu/actor_infer:0.299695874067278 - training/rollout_probs_diff_valid:1 - training/rollout_probs_diff_max:0.35841161012649536 - training/rollout_probs_diff_mean:0.008921056985855103 - training/rollout_probs_diff_std:0.013809961266815662 - training/rollout_actor_probs_pearson_corr:0.9990102648735046 - rollout_corr/training_ppl:2.7334978580474854 - rollout_corr/training_log_ppl:0.979081392288208 - rollout_corr/kl:0.002452094806358218 - rollout_corr/k3_kl:0.0023633006494492292 - rollout_corr/rollout_ppl:2.726194381713867 - rollout_corr/rollout_log_ppl:0.9765848517417908 - rollout_corr/log_ppl_diff:0.0024964353069663048 - rollout_corr/log_ppl_abs_diff:0.0033383145928382874 - rollout_corr/log_ppl_diff_max:0.014184236526489258 - rollout_corr/log_ppl_diff_min:-0.004668772220611572 - rollout_corr/ppl_ratio:1.0025055408477783 - rollout_corr/chi2_token:0.004631519317626953 - rollout_corr/chi2_seq:1.5383999347686768 - actor/pg_clipfrac:np.float64(0.0) - actor/ppo_kl:np.float64(0.0) - actor/pg_clipfrac_lower:np.float64(0.0) - actor/pg_loss:np.float64(0.004386992426589131) - actor/kl_loss:np.float64(0.000734630169972661) - actor/kl_coef:np.float64(0.0010000000000000002) - actor/loss:np.float64(0.00438772514462471) - actor/grad_norm:np.float64(0.05417829379439354) - actor/lr:np.float64(1e-05) - actor/perf/max_memory_allocated_gb:np.float64(39.21569871902466) - actor/perf/max_memory_reserved_gb:np.float64(41.962890625) - actor/perf/cpu_memory_used_gb:np.float64(98.33874893188477) - perf/mfu/actor:np.float64(0.3390843405933968) - training/global_step:28 - training/epoch:0 - critic/score/mean:1.2889342308044434 - critic/score/max:2.4350876808166504 - critic/score/min:0.0 - critic/rewards/mean:1.2889342308044434 - critic/rewards/max:2.4350876808166504 - critic/rewards/min:0.0 - critic/advantages/mean:-0.004386992193758488 - critic/advantages/max:3.3376288414001465 - critic/advantages/min:-2.6474897861480713 - critic/returns/mean:-0.004386992193758488 - critic/returns/max:3.3376288414001465 - critic/returns/min:-2.6474897861480713 - response_length/mean:3229.84375 - response_length/max:3624.0 - response_length/min:213.0 - response_length/clip_ratio:0.0 - response_length_non_aborted/mean:3229.84375 - response_length_non_aborted/max:3624.0 - response_length_non_aborted/min:213.0 - response_length_non_aborted/clip_ratio:0.0 - response/aborted_ratio:0.0 - prompt_length/mean:3969.25 - prompt_length/max:4147.0 - prompt_length/min:3932.0 - prompt_length/clip_ratio:0.0 - num_turns/min:np.int32(2) - num_turns/max:np.int32(4) - num_turns/mean:np.float64(3.984375) - timing_s/start_profile:6.951799150556326e-05 - timing_s/agent_loop/num_preempted/min:np.int64(-1) - timing_s/agent_loop/num_preempted/max:np.int64(-1) - timing_s/agent_loop/num_preempted/mean:np.float64(-1.0) - timing_s/agent_loop/generate_sequences/min:np.float64(30.91167855495587) - timing_s/agent_loop/generate_sequences/max:np.float64(121.7979486748809) - timing_s/agent_loop/generate_sequences/mean:np.float64(105.01868422175085) - timing_s/agent_loop/tool_calls/min:np.float64(0.0) - timing_s/agent_loop/tool_calls/max:np.float64(1.4283029030775651) - timing_s/agent_loop/tool_calls/mean:np.float64(0.1458772631804095) - timing_s/agent_loop/compute_score/min:np.float64(0.28242930001579225) - timing_s/agent_loop/compute_score/max:np.float64(11.06213215610478) - timing_s/agent_loop/compute_score/mean:np.float64(2.0365311166542597) - timing_s/agent_loop/slowest/generate_sequences:np.float64(119.06663591193501) - timing_s/agent_loop/slowest/tool_calls:np.float64(0.10718694794923067) - timing_s/agent_loop/slowest/compute_score:np.float64(8.86719425197225) - timing_s/agent_loop/slowest/num_preempted:np.int64(-1) - timing_s/agent_loop/slowest/prompt_length:3944 - timing_s/agent_loop/slowest/response_length:3572 - timing_s/gen:152.22035812202375 - timing_s/reward:0.00045007909648120403 - timing_s/old_log_prob:142.80670838500373 - timing_s/ref:134.88168092491105 - timing_s/adv:0.17019002803135663 - timing_s/update_actor:320.2696507880464 - timing_s/update_weights:3.978734613978304 - timing_s/dump_rollout_generations:0.3213352900929749 - timing_s/step:754.8355302009732 - timing_s/stop_profile:5.024799611419439e-05 - timing_per_token_ms/update_actor:0.34755855857296103 - timing_per_token_ms/ref:0.14637441444985594 - timing_per_token_ms/adv:0.00018469124589396736 - timing_per_token_ms/gen:0.36819785719612924 - perf/total_num_tokens:921484 - perf/time_per_step:754.8355302009732 - perf/throughput:1220.7745437667159
[36m(TaskRunner pid=928819)[0m Dumped generations to /home/yw4636/agentic-tvg/results/grpo-v2/rollouts/29.jsonl
[36m(TaskRunner pid=928819)[0m step:29 - global_seqlen/min:929417 - global_seqlen/max:929417 - global_seqlen/minmax_diff:0 - global_seqlen/balanced_min:929417 - global_seqlen/balanced_max:929417 - global_seqlen/mean:929417.0 - actor/entropy:1.1508091688156128 - perf/mfu/actor_infer:0.3003743922729623 - training/rollout_probs_diff_valid:1 - training/rollout_probs_diff_max:0.3735077679157257 - training/rollout_probs_diff_mean:0.008848494850099087 - training/rollout_probs_diff_std:0.013448027893900871 - training/rollout_actor_probs_pearson_corr:0.999086320400238 - rollout_corr/training_ppl:3.3238511085510254 - rollout_corr/training_log_ppl:1.121921420097351 - rollout_corr/kl:0.002930734306573868 - rollout_corr/k3_kl:0.002463713986799121 - rollout_corr/rollout_ppl:3.3133058547973633 - rollout_corr/rollout_log_ppl:1.118983268737793 - rollout_corr/log_ppl_diff:0.0029381164349615574 - rollout_corr/log_ppl_abs_diff:0.0036607268266379833 - rollout_corr/log_ppl_diff_max:0.012073159217834473 - rollout_corr/log_ppl_diff_min:-0.005567431449890137 - rollout_corr/ppl_ratio:1.0029484033584595 - rollout_corr/chi2_token:0.004135727882385254 - rollout_corr/chi2_seq:2.110671281814575 - actor/pg_clipfrac:np.float64(0.0) - actor/ppo_kl:np.float64(0.0) - actor/pg_clipfrac_lower:np.float64(0.0) - actor/pg_loss:np.float64(0.034695837122853845) - actor/kl_loss:np.float64(0.000777578375164012) - actor/kl_coef:np.float64(0.0010000000000000002) - actor/loss:np.float64(0.034696608781814575) - actor/grad_norm:np.float64(0.05318666994571686) - actor/lr:np.float64(1e-05) - actor/perf/max_memory_allocated_gb:np.float64(39.21569871902466) - actor/perf/max_memory_reserved_gb:np.float64(41.962890625) - actor/perf/cpu_memory_used_gb:np.float64(114.92555618286133) - perf/mfu/actor:np.float64(0.33907713465485423) - training/global_step:29 - training/epoch:0 - critic/score/mean:1.2773125171661377 - critic/score/max:2.423076868057251 - critic/score/min:0.5 - critic/rewards/mean:1.2773125171661377 - critic/rewards/max:2.423076868057251 - critic/rewards/min:0.5 - critic/advantages/mean:-0.0346958264708519 - critic/advantages/max:3.0909476280212402 - critic/advantages/min:-3.4890401363372803 - critic/returns/mean:-0.0346958264708519 - critic/returns/max:3.0909476280212402 - critic/returns/min:-3.4890401363372803 - response_length/mean:3244.8203125 - response_length/max:3519.0 - response_length/min:2974.0 - response_length/clip_ratio:0.0 - response_length_non_aborted/mean:3244.8203125 - response_length_non_aborted/max:3519.0 - response_length_non_aborted/min:2974.0 - response_length_non_aborted/clip_ratio:0.0 - response/aborted_ratio:0.0 - prompt_length/mean:4016.25 - prompt_length/max:4137.0 - prompt_length/min:3942.0 - prompt_length/clip_ratio:0.0 - num_turns/min:np.int32(4) - num_turns/max:np.int32(4) - num_turns/mean:np.float64(4.0) - timing_s/start_profile:6.965408101677895e-05 - timing_s/agent_loop/num_preempted/min:np.int64(-1) - timing_s/agent_loop/num_preempted/max:np.int64(-1) - timing_s/agent_loop/num_preempted/mean:np.float64(-1.0) - timing_s/agent_loop/generate_sequences/min:np.float64(63.55606007995084) - timing_s/agent_loop/generate_sequences/max:np.float64(123.20143746805843) - timing_s/agent_loop/generate_sequences/mean:np.float64(107.31837473915675) - timing_s/agent_loop/tool_calls/min:np.float64(0.05931632302235812) - timing_s/agent_loop/tool_calls/max:np.float64(0.8339195110602304) - timing_s/agent_loop/tool_calls/mean:np.float64(0.1358074094314361) - timing_s/agent_loop/compute_score/min:np.float64(0.3148537700762972) - timing_s/agent_loop/compute_score/max:np.float64(17.91779811505694) - timing_s/agent_loop/compute_score/mean:np.float64(2.457177101724483) - timing_s/agent_loop/slowest/generate_sequences:np.float64(119.9566599909449) - timing_s/agent_loop/slowest/tool_calls:np.float64(0.09980588301550597) - timing_s/agent_loop/slowest/compute_score:np.float64(17.91779811505694) - timing_s/agent_loop/slowest/num_preempted:np.int64(-1) - timing_s/agent_loop/slowest/prompt_length:3944 - timing_s/agent_loop/slowest/response_length:3392 - timing_s/gen:158.33819019503426 - timing_s/reward:0.0004599260864779353 - timing_s/old_log_prob:142.81255419796798 - timing_s/ref:137.55266623292118 - timing_s/adv:0.17328404705040157 - timing_s/update_actor:321.79184942296706 - timing_s/update_weights:3.978828349034302 - timing_s/dump_rollout_generations:0.28494448808487505 - timing_s/step:765.0700670150109 - timing_s/stop_profile:4.9780006520450115e-05 - timing_per_token_ms/update_actor:0.3462297864392055 - timing_per_token_ms/ref:0.14799887051013827 - timing_per_token_ms/adv:0.0001864438105289677 - timing_per_token_ms/gen:0.38122823200204714 - perf/total_num_tokens:929417 - perf/time_per_step:765.0700670150109 - perf/throughput:1214.8129172354152[36m(TaskRunner pid=928819)[0m Training Progress:  22%|██▏       | 29/133 [1:58:18<22:26:21, 776.75s/it]
[36m(TaskRunner pid=928819)[0m Training Progress:  23%|██▎       | 30/133 [2:11:02<22:06:34, 772.76s/it]

[36m(TaskRunner pid=928819)[0m Dumped generations to /home/yw4636/agentic-tvg/results/grpo-v2/rollouts/30.jsonl
[36m(TaskRunner pid=928819)[0m step:30 - global_seqlen/min:925269 - global_seqlen/max:925269 - global_seqlen/minmax_diff:0 - global_seqlen/balanced_min:925269 - global_seqlen/balanced_max:925269 - global_seqlen/mean:925269.0 - actor/entropy:1.1529945135116577 - perf/mfu/actor_infer:0.300266063567828 - training/rollout_probs_diff_valid:1 - training/rollout_probs_diff_max:0.4460930824279785 - training/rollout_probs_diff_mean:0.008775915019214153 - training/rollout_probs_diff_std:0.013272864744067192 - training/rollout_actor_probs_pearson_corr:0.9991024732589722 - rollout_corr/training_ppl:3.16703724861145 - rollout_corr/training_log_ppl:1.1323187351226807 - rollout_corr/kl:0.002678605727851391 - rollout_corr/k3_kl:0.0024513290263712406 - rollout_corr/rollout_ppl:3.158313512802124 - rollout_corr/rollout_log_ppl:1.1296186447143555 - rollout_corr/log_ppl_diff:0.002700034063309431 - rollout_corr/log_ppl_abs_diff:0.003917886409908533 - rollout_corr/log_ppl_diff_max:0.018415331840515137 - rollout_corr/log_ppl_diff_min:-0.009424805641174316 - rollout_corr/ppl_ratio:1.0027117729187012 - rollout_corr/chi2_token:0.004604816436767578 - rollout_corr/chi2_seq:47.54633331298828 - actor/pg_clipfrac:np.float64(0.0) - actor/ppo_kl:np.float64(0.0) - actor/pg_clipfrac_lower:np.float64(0.0) - actor/pg_loss:np.float64(0.03142854492762126) - actor/kl_loss:np.float64(0.0008068924635153962) - actor/kl_coef:np.float64(0.0010000000000000002) - actor/loss:np.float64(0.03142935037612915) - actor/grad_norm:np.float64(0.052361126989126205) - actor/lr:np.float64(1e-05) - actor/perf/max_memory_allocated_gb:np.float64(39.21569871902466) - actor/perf/max_memory_reserved_gb:np.float64(41.962890625) - actor/perf/cpu_memory_used_gb:np.float64(98.52900314331055) - perf/mfu/actor:np.float64(0.33893558430071297) - training/global_step:30 - training/epoch:0 - critic/score/mean:0.9284193515777588 - critic/score/max:2.4166667461395264 - critic/score/min:0.0 - critic/rewards/mean:0.9284193515777588 - critic/rewards/max:2.4166667461395264 - critic/rewards/min:0.0 - critic/advantages/mean:-0.031428541988134384 - critic/advantages/max:3.477592945098877 - critic/advantages/min:-2.3909378051757812 - critic/returns/mean:-0.031428541988134384 - critic/returns/max:3.477592945098877 - critic/returns/min:-2.3909378051757812 - response_length/mean:3262.2890625 - response_length/max:3652.0 - response_length/min:2980.0 - response_length/clip_ratio:0.0 - response_length_non_aborted/mean:3262.2890625 - response_length_non_aborted/max:3652.0 - response_length_non_aborted/min:2980.0 - response_length_non_aborted/clip_ratio:0.0 - response/aborted_ratio:0.0 - prompt_length/mean:3966.375 - prompt_length/max:4134.0 - prompt_length/min:3931.0 - prompt_length/clip_ratio:0.0 - num_turns/min:np.int32(4) - num_turns/max:np.int32(4) - num_turns/mean:np.float64(4.0) - timing_s/start_profile:6.0794991441071033e-05 - timing_s/agent_loop/num_preempted/min:np.int64(-1) - timing_s/agent_loop/num_preempted/max:np.int64(-1) - timing_s/agent_loop/num_preempted/mean:np.float64(-1.0) - timing_s/agent_loop/generate_sequences/min:np.float64(66.14590592705645) - timing_s/agent_loop/generate_sequences/max:np.float64(120.3020299229538) - timing_s/agent_loop/generate_sequences/mean:np.float64(103.23150408905349) - timing_s/agent_loop/tool_calls/min:np.float64(0.0644883889472112) - timing_s/agent_loop/tool_calls/max:np.float64(0.482319645001553) - timing_s/agent_loop/tool_calls/mean:np.float64(0.12838155101508164) - timing_s/agent_loop/compute_score/min:np.float64(1.0347699029371142) - timing_s/agent_loop/compute_score/max:np.float64(32.72708793194033) - timing_s/agent_loop/compute_score/mean:np.float64(3.3056076060647683) - timing_s/agent_loop/slowest/generate_sequences:np.float64(111.22679414309096) - timing_s/agent_loop/slowest/tool_calls:np.float64(0.08644981100223958) - timing_s/agent_loop/slowest/compute_score:np.float64(14.888009977992624) - timing_s/agent_loop/slowest/num_preempted:np.int64(-1) - timing_s/agent_loop/slowest/prompt_length:3943 - timing_s/agent_loop/slowest/response_length:3319 - timing_s/gen:149.6676240710076 - timing_s/reward:0.0024015139788389206 - timing_s/old_log_prob:147.3330092879478 - timing_s/ref:135.06599611998536 - timing_s/adv:0.1612213539192453 - timing_s/update_actor:327.02267706603743 - timing_s/update_weights:4.004138804040849 - timing_s/dump_rollout_generations:0.32401762902736664 - timing_s/step:763.7573760380037 - timing_s/stop_profile:3.6825076676905155e-05 - timing_per_token_ms/update_actor:0.353435246469986 - timing_per_token_ms/ref:0.14597484204051508 - timing_per_token_ms/adv:0.00017424268393218114 - timing_per_token_ms/gen:0.35842265680733093 - perf/total_num_tokens:925269 - perf/time_per_step:763.7573760380037 - perf/throughput:1211.4698057645464
[36m(TaskRunner pid=928819)[0m Dumped generations to /home/yw4636/agentic-tvg/results/grpo-v2/rollouts/31.jsonl
[36m(TaskRunner pid=928819)[0m step:31 - global_seqlen/min:918343 - global_seqlen/max:918343 - global_seqlen/minmax_diff:0 - global_seqlen/balanced_min:918343 - global_seqlen/balanced_max:918343 - global_seqlen/mean:918343.0 - actor/entropy:1.1059861183166504 - perf/mfu/actor_infer:0.2983319391960228 - training/rollout_probs_diff_valid:1 - training/rollout_probs_diff_max:0.3011365234851837 - training/rollout_probs_diff_mean:0.00901076290756464 - training/rollout_probs_diff_std:0.013612579554319382 - training/rollout_actor_probs_pearson_corr:0.9990415573120117 - rollout_corr/training_ppl:2.982374906539917 - rollout_corr/training_log_ppl:1.069213628768921 - rollout_corr/kl:0.0028306927997618914 - rollout_corr/k3_kl:0.002574281534180045 - rollout_corr/rollout_ppl:2.9737589359283447 - rollout_corr/rollout_log_ppl:1.0662977695465088 - rollout_corr/log_ppl_diff:0.002915596356615424 - rollout_corr/log_ppl_abs_diff:0.003956134431064129 - rollout_corr/log_ppl_diff_max:0.012883424758911133 - rollout_corr/log_ppl_diff_min:-0.005977213382720947 - rollout_corr/ppl_ratio:1.0029277801513672 - rollout_corr/chi2_token:0.0046193599700927734 - rollout_corr/chi2_seq:4.388888835906982 - actor/pg_clipfrac:np.float64(0.0) - actor/ppo_kl:np.float64(0.0) - actor/pg_clipfrac_lower:np.float64(0.0) - actor/pg_loss:np.float64(0.039215199372847565) - actor/kl_loss:np.float64(0.000808517268524156) - actor/kl_coef:np.float64(0.0010000000000000002) - actor/loss:np.float64(0.03921600058674812) - actor/grad_norm:np.float64(0.0539153553545475) - actor/lr:np.float64(1e-05) - actor/perf/max_memory_allocated_gb:np.float64(39.21569871902466) - actor/perf/max_memory_reserved_gb:np.float64(41.962890625) - actor/perf/cpu_memory_used_gb:np.float64(98.35026168823242) - perf/mfu/actor:np.float64(0.3381235884197236) - training/global_step:31 - training/epoch:0 - critic/score/mean:1.3308829069137573 - critic/score/max:2.442857027053833 - critic/score/min:0.0 - critic/rewards/mean:1.3308829069137573 - critic/rewards/max:2.442857027053833 - critic/rewards/min:0.0 - critic/advantages/mean:-0.039215169847011566 - critic/advantages/max:2.345917224884033 - critic/advantages/min:-3.098132848739624 - critic/returns/mean:-0.039215169847011566 - critic/returns/max:2.345917224884033 - critic/returns/min:-3.098132848739624 - response_length/mean:3176.1796875 - response_length/max:3827.0 - response_length/min:2737.0 - response_length/clip_ratio:0.0 - response_length_non_aborted/mean:3176.1796875 - response_length_non_aborted/max:3827.0 - response_length_non_aborted/min:2737.0 - response_length_non_aborted/clip_ratio:0.0 - response/aborted_ratio:0.0 - prompt_length/mean:3998.375 - prompt_length/max:4148.0 - prompt_length/min:3618.0 - prompt_length/clip_ratio:0.0 - num_turns/min:np.int32(4) - num_turns/max:np.int32(4) - num_turns/mean:np.float64(4.0) - timing_s/start_profile:5.863001570105553e-05 - timing_s/agent_loop/num_preempted/min:np.int64(-1) - timing_s/agent_loop/num_preempted/max:np.int64(-1) - timing_s/agent_loop/num_preempted/mean:np.float64(-1.0) - timing_s/agent_loop/generate_sequences/min:np.float64(63.39084749307949) - timing_s/agent_loop/generate_sequences/max:np.float64(122.81172974908259) - timing_s/agent_loop/generate_sequences/mean:np.float64(102.63968587846193) - timing_s/agent_loop/tool_calls/min:np.float64(0.0583553520264104) - timing_s/agent_loop/tool_calls/max:np.float64(2.1235219570808113) - timing_s/agent_loop/tool_calls/mean:np.float64(0.2691523049279567) - timing_s/agent_loop/compute_score/min:np.float64(0.3274834629846737) - timing_s/agent_loop/compute_score/max:np.float64(6.079053977038711) - timing_s/agent_loop/compute_score/mean:np.float64(2.083207994827717) - timing_s/agent_loop/slowest/generate_sequences:np.float64(122.81172974908259) - timing_s/agent_loop/slowest/tool_calls:np.float64(0.0821962810587138) - timing_s/agent_loop/slowest/compute_score:np.float64(4.935569041990675) - timing_s/agent_loop/slowest/num_preempted:np.int64(-1) - timing_s/agent_loop/slowest/prompt_length:3942 - timing_s/agent_loop/slowest/response_length:3827 - timing_s/gen:147.30734284594655 - timing_s/reward:0.0004676190437749028 - timing_s/old_log_prob:144.22980123397429 - timing_s/ref:133.89207983098458 - timing_s/adv:0.16388689901214093 - timing_s/update_actor:319.80041636608075 - timing_s/update_weights:3.9994560349732637 - timing_s/dump_rollout_generations:0.32177652593236417 - timing_s/step:749.8840945820557 - timing_s/stop_profile:3.753101918846369e-05 - timing_per_token_ms/update_actor:0.34823635217569116 - timing_per_token_ms/ref:0.14579746329093224 - timing_per_token_ms/adv:0.0001784593545245523 - timing_per_token_ms/gen:0.36233422829103 - perf/total_num_tokens:918343 - perf/time_per_step:749.8840945820557 - perf/throughput:1224.6465908999364[36m(TaskRunner pid=928819)[0m Training Progress:  23%|██▎       | 31/133 [2:23:32<21:42:12, 766.00s/it]
[36m(TaskRunner pid=928819)[0m Training Progress:  24%|██▍       | 32/133 [2:36:14<21:27:23, 764.78s/it]

[36m(TaskRunner pid=928819)[0m Dumped generations to /home/yw4636/agentic-tvg/results/grpo-v2/rollouts/32.jsonl
[36m(TaskRunner pid=928819)[0m step:32 - global_seqlen/min:924631 - global_seqlen/max:924631 - global_seqlen/minmax_diff:0 - global_seqlen/balanced_min:924631 - global_seqlen/balanced_max:924631 - global_seqlen/mean:924631.0 - actor/entropy:1.074390172958374 - perf/mfu/actor_infer:0.2990495187817773 - training/rollout_probs_diff_valid:1 - training/rollout_probs_diff_max:0.3473351001739502 - training/rollout_probs_diff_mean:0.009436198510229588 - training/rollout_probs_diff_std:0.014726050198078156 - training/rollout_actor_probs_pearson_corr:0.9988898038864136 - rollout_corr/training_ppl:2.958744525909424 - rollout_corr/training_log_ppl:1.0605151653289795 - rollout_corr/kl:0.0032098032534122467 - rollout_corr/k3_kl:0.0028408141806721687 - rollout_corr/rollout_ppl:2.9490954875946045 - rollout_corr/rollout_log_ppl:1.0572556257247925 - rollout_corr/log_ppl_diff:0.0032595922239124775 - rollout_corr/log_ppl_abs_diff:0.0038885395042598248 - rollout_corr/log_ppl_diff_max:0.01217740774154663 - rollout_corr/log_ppl_diff_min:-0.004740357398986816 - rollout_corr/ppl_ratio:1.0032707452774048 - rollout_corr/chi2_token:0.005098223686218262 - rollout_corr/chi2_seq:0.6594204902648926 - actor/pg_clipfrac:np.float64(0.0) - actor/ppo_kl:np.float64(0.0) - actor/pg_clipfrac_lower:np.float64(0.0) - actor/pg_loss:np.float64(-0.01778447759352275) - actor/kl_loss:np.float64(0.0007828142788639525) - actor/kl_coef:np.float64(0.0010000000000000002) - actor/loss:np.float64(-0.017783699557185173) - actor/grad_norm:np.float64(0.05353032052516937) - actor/lr:np.float64(1e-05) - actor/perf/max_memory_allocated_gb:np.float64(39.21569871902466) - actor/perf/max_memory_reserved_gb:np.float64(41.962890625) - actor/perf/cpu_memory_used_gb:np.float64(98.8696060180664) - perf/mfu/actor:np.float64(0.33878309174578797) - training/global_step:32 - training/epoch:0 - critic/score/mean:1.2633817195892334 - critic/score/max:2.5 - critic/score/min:0.0 - critic/rewards/mean:1.2633817195892334 - critic/rewards/max:2.5 - critic/rewards/min:0.0 - critic/advantages/mean:0.01778446137905121 - critic/advantages/max:2.062377691268921 - critic/advantages/min:-3.026397466659546 - critic/returns/mean:0.01778446137905121 - critic/returns/max:2.062377691268921 - critic/returns/min:-3.026397466659546 - response_length/mean:3231.9296875 - response_length/max:3498.0 - response_length/min:176.0 - response_length/clip_ratio:0.0 - response_length_non_aborted/mean:3231.9296875 - response_length_non_aborted/max:3498.0 - response_length_non_aborted/min:176.0 - response_length_non_aborted/clip_ratio:0.0 - response/aborted_ratio:0.0 - prompt_length/mean:3991.75 - prompt_length/max:4133.0 - prompt_length/min:3928.0 - prompt_length/clip_ratio:0.0 - num_turns/min:np.int32(2) - num_turns/max:np.int32(4) - num_turns/mean:np.float64(3.984375) - timing_s/start_profile:7.384293712675571e-05 - timing_s/agent_loop/num_preempted/min:np.int64(-1) - timing_s/agent_loop/num_preempted/max:np.int64(-1) - timing_s/agent_loop/num_preempted/mean:np.float64(-1.0) - timing_s/agent_loop/generate_sequences/min:np.float64(61.75060529704206) - timing_s/agent_loop/generate_sequences/max:np.float64(122.39963889704086) - timing_s/agent_loop/generate_sequences/mean:np.float64(107.29580992361934) - timing_s/agent_loop/tool_calls/min:np.float64(0.0) - timing_s/agent_loop/tool_calls/max:np.float64(0.950933099957183) - timing_s/agent_loop/tool_calls/mean:np.float64(0.19813263959531469) - timing_s/agent_loop/compute_score/min:np.float64(0.32667871308512986) - timing_s/agent_loop/compute_score/max:np.float64(12.720622013090178) - timing_s/agent_loop/compute_score/mean:np.float64(2.529800609151607) - timing_s/agent_loop/slowest/generate_sequences:np.float64(121.05106047203299) - timing_s/agent_loop/slowest/tool_calls:np.float64(0.08095861307810992) - timing_s/agent_loop/slowest/compute_score:np.float64(11.48413687304128) - timing_s/agent_loop/slowest/num_preempted:np.int64(-1) - timing_s/agent_loop/slowest/prompt_length:4130 - timing_s/agent_loop/slowest/response_length:3348 - timing_s/gen:154.13920540106483 - timing_s/reward:0.00044263701420277357 - timing_s/old_log_prob:145.1015210771002 - timing_s/ref:136.274732779013 - timing_s/adv:0.1618878128938377 - timing_s/update_actor:320.837174079963 - timing_s/update_weights:4.013555534998886 - timing_s/dump_rollout_generations:0.3508776290109381 - timing_s/step:761.0605731520336 - timing_s/stop_profile:6.174889858812094e-05 - timing_per_token_ms/update_actor:0.3469894196495283 - timing_per_token_ms/ref:0.14738282923567672 - timing_per_token_ms/adv:0.00017508369597584085 - timing_per_token_ms/gen:0.37259862021544027 - perf/total_num_tokens:924631 - perf/time_per_step:761.0605731520336 - perf/throughput:1214.9243208993441
[36m(TaskRunner pid=928819)[0m Dumped generations to /home/yw4636/agentic-tvg/results/grpo-v2/rollouts/33.jsonl
[36m(TaskRunner pid=928819)[0m step:33 - global_seqlen/min:912427 - global_seqlen/max:912427 - global_seqlen/minmax_diff:0 - global_seqlen/balanced_min:912427 - global_seqlen/balanced_max:912427 - global_seqlen/mean:912427.0 - actor/entropy:1.1199636459350586 - perf/mfu/actor_infer:0.29677966089912494 - training/rollout_probs_diff_valid:1 - training/rollout_probs_diff_max:0.22219212353229523 - training/rollout_probs_diff_mean:0.008692964911460876 - training/rollout_probs_diff_std:0.013112640008330345 - training/rollout_actor_probs_pearson_corr:0.9991169571876526 - rollout_corr/training_ppl:3.0582594871520996 - rollout_corr/training_log_ppl:1.0850692987442017 - rollout_corr/kl:0.0019921346101909876 - rollout_corr/k3_kl:0.0023001953959465027 - rollout_corr/rollout_ppl:3.0517771244049072 - rollout_corr/rollout_log_ppl:1.082924723625183 - rollout_corr/log_ppl_diff:0.0021444871090352535 - rollout_corr/log_ppl_abs_diff:0.003177603241056204 - rollout_corr/log_ppl_diff_max:0.011968433856964111 - rollout_corr/log_ppl_diff_min:-0.005913496017456055 - rollout_corr/ppl_ratio:1.0021523237228394 - rollout_corr/chi2_token:0.005286097526550293 - rollout_corr/chi2_seq:11.435011863708496 - actor/pg_clipfrac:np.float64(0.0) - actor/ppo_kl:np.float64(0.0) - actor/pg_clipfrac_lower:np.float64(0.0) - actor/pg_loss:np.float64(0.011051351815694943) - actor/kl_loss:np.float64(0.0008035188111534808) - actor/kl_coef:np.float64(0.0010000000000000002) - actor/loss:np.float64(0.01105215772986412) - actor/grad_norm:np.float64(0.05322154611349106) - actor/lr:np.float64(1e-05) - actor/perf/max_memory_allocated_gb:np.float64(39.21569871902466) - actor/perf/max_memory_reserved_gb:np.float64(41.962890625) - actor/perf/cpu_memory_used_gb:np.float64(98.56696701049805) - perf/mfu/actor:np.float64(0.3385461022609412) - training/global_step:33 - training/epoch:0 - critic/score/mean:1.198569893836975 - critic/score/max:2.299999952316284 - critic/score/min:0.0 - critic/rewards/mean:1.198569893836975 - critic/rewards/max:2.299999952316284 - critic/rewards/min:0.0 - critic/advantages/mean:-0.011051331646740437 - critic/advantages/max:2.245042085647583 - critic/advantages/min:-3.445155143737793 - critic/returns/mean:-0.011051331646740437 - critic/returns/max:2.245042085647583 - critic/returns/min:-3.445155143737793 - response_length/mean:3173.2109375 - response_length/max:3540.0 - response_length/min:459.0 - response_length/clip_ratio:0.0 - response_length_non_aborted/mean:3173.2109375 - response_length_non_aborted/max:3540.0 - response_length_non_aborted/min:459.0 - response_length_non_aborted/clip_ratio:0.0 - response/aborted_ratio:0.0 - prompt_length/mean:3955.125 - prompt_length/max:4146.0 - prompt_length/min:3633.0 - prompt_length/clip_ratio:0.0 - num_turns/min:np.int32(4) - num_turns/max:np.int32(4) - num_turns/mean:np.float64(4.0) - timing_s/start_profile:6.013200618326664e-05 - timing_s/agent_loop/num_preempted/min:np.int64(-1) - timing_s/agent_loop/num_preempted/max:np.int64(-1) - timing_s/agent_loop/num_preempted/mean:np.float64(-1.0) - timing_s/agent_loop/generate_sequences/min:np.float64(63.60757303086575) - timing_s/agent_loop/generate_sequences/max:np.float64(114.97369146707933) - timing_s/agent_loop/generate_sequences/mean:np.float64(100.66151870993235) - timing_s/agent_loop/tool_calls/min:np.float64(0.0001420250628143549) - timing_s/agent_loop/tool_calls/max:np.float64(0.7612366890534759) - timing_s/agent_loop/tool_calls/mean:np.float64(0.12812671825849975) - timing_s/agent_loop/compute_score/min:np.float64(0.2929527369560674) - timing_s/agent_loop/compute_score/max:np.float64(10.629560632980429) - timing_s/agent_loop/compute_score/mean:np.float64(2.486707815563932) - timing_s/agent_loop/slowest/generate_sequences:np.float64(110.08584072487429) - timing_s/agent_loop/slowest/tool_calls:np.float64(0.061500424053519964) - timing_s/agent_loop/slowest/compute_score:np.float64(10.629560632980429) - timing_s/agent_loop/slowest/num_preempted:np.int64(-1) - timing_s/agent_loop/slowest/prompt_length:4136 - timing_s/agent_loop/slowest/response_length:3265 - timing_s/gen:146.96254263503943 - timing_s/reward:0.0004424070939421654 - timing_s/old_log_prob:141.39875518297777 - timing_s/ref:133.29983794502914 - timing_s/adv:0.1658705770969391 - timing_s/update_actor:315.6863532940624 - timing_s/update_weights:3.9835667150327936 - timing_s/dump_rollout_generations:0.3228270000545308 - timing_s/step:741.9992238669656 - timing_s/stop_profile:5.155196413397789e-05 - timing_per_token_ms/update_actor:0.3459853262716496 - timing_per_token_ms/ref:0.1460937016824679 - timing_per_token_ms/adv:0.00018179051814220653 - timing_per_token_ms/gen:0.36182431201400256 - perf/total_num_tokens:912427 - perf/time_per_step:741.9992238669656 - perf/throughput:1229.687270082092[36m(TaskRunner pid=928819)[0m Training Progress:  25%|██▍       | 33/133 [2:48:37<21:03:35, 758.16s/it]
[36m(TaskRunner pid=928819)[0m Training Progress:  26%|██▌       | 34/133 [3:01:13<20:49:36, 757.34s/it]

[36m(TaskRunner pid=928819)[0m Dumped generations to /home/yw4636/agentic-tvg/results/grpo-v2/rollouts/34.jsonl
[36m(TaskRunner pid=928819)[0m step:34 - global_seqlen/min:928371 - global_seqlen/max:928371 - global_seqlen/minmax_diff:0 - global_seqlen/balanced_min:928371 - global_seqlen/balanced_max:928371 - global_seqlen/mean:928371.0 - actor/entropy:1.062393069267273 - perf/mfu/actor_infer:0.3002768163552679 - training/rollout_probs_diff_valid:1 - training/rollout_probs_diff_max:0.43369948863983154 - training/rollout_probs_diff_mean:0.008986111730337143 - training/rollout_probs_diff_std:0.014023855328559875 - training/rollout_actor_probs_pearson_corr:0.9990006685256958 - rollout_corr/training_ppl:2.9391119480133057 - rollout_corr/training_log_ppl:1.0512974262237549 - rollout_corr/kl:0.002979553770273924 - rollout_corr/k3_kl:0.0026120739057660103 - rollout_corr/rollout_ppl:2.930168867111206 - rollout_corr/rollout_log_ppl:1.0482853651046753 - rollout_corr/log_ppl_diff:0.0030120520386844873 - rollout_corr/log_ppl_abs_diff:0.0036531558725982904 - rollout_corr/log_ppl_diff_max:0.015474319458007812 - rollout_corr/log_ppl_diff_min:-0.004105865955352783 - rollout_corr/ppl_ratio:1.0030231475830078 - rollout_corr/chi2_token:0.004511594772338867 - rollout_corr/chi2_seq:1.0004920959472656 - actor/pg_clipfrac:np.float64(0.0) - actor/ppo_kl:np.float64(0.0) - actor/pg_clipfrac_lower:np.float64(0.0) - actor/pg_loss:np.float64(0.028739867120748386) - actor/kl_loss:np.float64(0.0008061778080445947) - actor/kl_coef:np.float64(0.0010000000000000002) - actor/loss:np.float64(0.028740672394633293) - actor/grad_norm:np.float64(0.05146420747041702) - actor/lr:np.float64(1e-05) - actor/perf/max_memory_allocated_gb:np.float64(39.21569871902466) - actor/perf/max_memory_reserved_gb:np.float64(41.962890625) - actor/perf/cpu_memory_used_gb:np.float64(99.31416702270508) - perf/mfu/actor:np.float64(0.33911852981384033) - training/global_step:34 - training/epoch:0 - critic/score/mean:1.206307053565979 - critic/score/max:2.4000000953674316 - critic/score/min:0.25925925374031067 - critic/rewards/mean:1.206307053565979 - critic/rewards/max:2.4000000953674316 - critic/rewards/min:0.25925925374031067 - critic/advantages/mean:-0.028739871457219124 - critic/advantages/max:3.626270055770874 - critic/advantages/min:-2.175604820251465 - critic/returns/mean:-0.028739871457219124 - critic/returns/max:3.626270055770874 - critic/returns/min:-2.175604820251465 - response_length/mean:3283.0234375 - response_length/max:3622.0 - response_length/min:3043.0 - response_length/clip_ratio:0.0 - response_length_non_aborted/mean:3283.0234375 - response_length_non_aborted/max:3622.0 - response_length_non_aborted/min:3043.0 - response_length_non_aborted/clip_ratio:0.0 - response/aborted_ratio:0.0 - prompt_length/mean:3969.875 - prompt_length/max:4139.0 - prompt_length/min:3936.0 - prompt_length/clip_ratio:0.0 - num_turns/min:np.int32(4) - num_turns/max:np.int32(4) - num_turns/mean:np.float64(4.0) - timing_s/start_profile:5.894503556191921e-05 - timing_s/agent_loop/num_preempted/min:np.int64(-1) - timing_s/agent_loop/num_preempted/max:np.int64(-1) - timing_s/agent_loop/num_preempted/mean:np.float64(-1.0) - timing_s/agent_loop/generate_sequences/min:np.float64(61.665584186906926) - timing_s/agent_loop/generate_sequences/max:np.float64(123.78972913394682) - timing_s/agent_loop/generate_sequences/mean:np.float64(105.94533926073382) - timing_s/agent_loop/tool_calls/min:np.float64(0.05672349198721349) - timing_s/agent_loop/tool_calls/max:np.float64(0.7190151010872796) - timing_s/agent_loop/tool_calls/mean:np.float64(0.13426353187423956) - timing_s/agent_loop/compute_score/min:np.float64(0.3154941280372441) - timing_s/agent_loop/compute_score/max:np.float64(10.24542413605377) - timing_s/agent_loop/compute_score/mean:np.float64(1.983544308486671) - timing_s/agent_loop/slowest/generate_sequences:np.float64(117.7069150210591) - timing_s/agent_loop/slowest/tool_calls:np.float64(0.11367014504503459) - timing_s/agent_loop/slowest/compute_score:np.float64(10.24542413605377) - timing_s/agent_loop/slowest/num_preempted:np.int64(-1) - timing_s/agent_loop/slowest/prompt_length:3946 - timing_s/agent_loop/slowest/response_length:3339 - timing_s/gen:151.50140404503327 - timing_s/reward:0.0004492859588935971 - timing_s/old_log_prob:140.84771799005102 - timing_s/ref:134.3826915390091 - timing_s/adv:0.16189169697463512 - timing_s/update_actor:323.9717150470242 - timing_s/update_weights:4.033650104072876 - timing_s/dump_rollout_generations:0.3240502179833129 - timing_s/step:755.3822055880446 - timing_s/stop_profile:5.0731003284454346e-05 - timing_per_token_ms/update_actor:0.3489679395920642 - timing_per_token_ms/ref:0.14475106561817322 - timing_per_token_ms/adv:0.00017438254423569362 - timing_per_token_ms/gen:0.36052277470279936 - perf/total_num_tokens:928371 - perf/time_per_step:755.3822055880446 - perf/throughput:1229.0082995498792
[36m(TaskRunner pid=928819)[0m Dumped generations to /home/yw4636/agentic-tvg/results/grpo-v2/rollouts/35.jsonl
[36m(TaskRunner pid=928819)[0m step:35 - global_seqlen/min:916977 - global_seqlen/max:916977 - global_seqlen/minmax_diff:0 - global_seqlen/balanced_min:916977 - global_seqlen/balanced_max:916977 - global_seqlen/mean:916977.0 - actor/entropy:1.0843771696090698 - perf/mfu/actor_infer:0.2986332337030178 - training/rollout_probs_diff_valid:1 - training/rollout_probs_diff_max:0.2845923602581024 - training/rollout_probs_diff_mean:0.008940817788243294 - training/rollout_probs_diff_std:0.013714834116399288 - training/rollout_actor_probs_pearson_corr:0.9990390539169312 - rollout_corr/training_ppl:2.966963052749634 - rollout_corr/training_log_ppl:1.0559920072555542 - rollout_corr/kl:0.0027063973248004913 - rollout_corr/k3_kl:0.002605635207146406 - rollout_corr/rollout_ppl:2.9586949348449707 - rollout_corr/rollout_log_ppl:1.0531973838806152 - rollout_corr/log_ppl_diff:0.0027947057969868183 - rollout_corr/log_ppl_abs_diff:0.0036647687666118145 - rollout_corr/log_ppl_diff_max:0.011275649070739746 - rollout_corr/log_ppl_diff_min:-0.005826354026794434 - rollout_corr/ppl_ratio:1.0028053522109985 - rollout_corr/chi2_token:0.005087852478027344 - rollout_corr/chi2_seq:3.3308773040771484 - actor/pg_clipfrac:np.float64(0.0) - actor/ppo_kl:np.float64(0.0) - actor/pg_clipfrac_lower:np.float64(0.0) - actor/pg_loss:np.float64(0.016763123392593116) - actor/kl_loss:np.float64(0.0008087726673693396) - actor/kl_coef:np.float64(0.0010000000000000002) - actor/loss:np.float64(0.016763927415013313) - actor/grad_norm:np.float64(0.05196652188897133) - actor/lr:np.float64(1e-05) - actor/perf/max_memory_allocated_gb:np.float64(39.21569871902466) - actor/perf/max_memory_reserved_gb:np.float64(41.962890625) - actor/perf/cpu_memory_used_gb:np.float64(99.02228546142578) - perf/mfu/actor:np.float64(0.3379943515344411) - training/global_step:35 - training/epoch:0 - critic/score/mean:1.4626598358154297 - critic/score/max:2.447857141494751 - critic/score/min:0.0 - critic/rewards/mean:1.4626598358154297 - critic/rewards/max:2.447857141494751 - critic/rewards/min:0.0 - critic/advantages/mean:-0.016763124614953995 - critic/advantages/max:2.7793850898742676 - critic/advantages/min:-2.9061050415039062 - critic/returns/mean:-0.016763124614953995 - critic/returns/max:2.7793850898742676 - critic/returns/min:-2.9061050415039062 - response_length/mean:3164.2578125 - response_length/max:3652.0 - response_length/min:241.0 - response_length/clip_ratio:0.0 - response_length_non_aborted/mean:3164.2578125 - response_length_non_aborted/max:3652.0 - response_length_non_aborted/min:241.0 - response_length_non_aborted/clip_ratio:0.0 - response/aborted_ratio:0.0 - prompt_length/mean:3999.625 - prompt_length/max:4142.0 - prompt_length/min:3628.0 - prompt_length/clip_ratio:0.0 - num_turns/min:np.int32(2) - num_turns/max:np.int32(4) - num_turns/mean:np.float64(3.984375) - timing_s/start_profile:6.392004434019327e-05 - timing_s/agent_loop/num_preempted/min:np.int64(-1) - timing_s/agent_loop/num_preempted/max:np.int64(-1) - timing_s/agent_loop/num_preempted/mean:np.float64(-1.0) - timing_s/agent_loop/generate_sequences/min:np.float64(23.93222504807636) - timing_s/agent_loop/generate_sequences/max:np.float64(121.11757338512689) - timing_s/agent_loop/generate_sequences/mean:np.float64(103.6064055252391) - timing_s/agent_loop/tool_calls/min:np.float64(0.0) - timing_s/agent_loop/tool_calls/max:np.float64(0.7551751140272245) - timing_s/agent_loop/tool_calls/mean:np.float64(0.12394044558368478) - timing_s/agent_loop/compute_score/min:np.float64(0.22025607607793063) - timing_s/agent_loop/compute_score/max:np.float64(5.4585428789723665) - timing_s/agent_loop/compute_score/mean:np.float64(2.0911157524433293) - timing_s/agent_loop/slowest/generate_sequences:np.float64(120.18195449013729) - timing_s/agent_loop/slowest/tool_calls:np.float64(0.18666073202621192) - timing_s/agent_loop/slowest/compute_score:np.float64(5.4585428789723665) - timing_s/agent_loop/slowest/num_preempted:np.int64(-1) - timing_s/agent_loop/slowest/prompt_length:3950 - timing_s/agent_loop/slowest/response_length:3552 - timing_s/gen:148.54660700599197 - timing_s/reward:0.00043785397429019213 - timing_s/old_log_prob:143.7697590480093 - timing_s/ref:131.68400442495476 - timing_s/adv:0.16535113798454404 - timing_s/update_actor:317.0570944250794 - timing_s/update_weights:4.033990947995335 - timing_s/dump_rollout_generations:0.3273714620154351 - timing_s/step:745.7563451559981 - timing_s/stop_profile:4.930002614855766e-05 - timing_per_token_ms/update_actor:0.34576341001473254 - timing_per_token_ms/ref:0.14360666017245227 - timing_per_token_ms/adv:0.00018032201242184267 - timing_per_token_ms/gen:0.3667591062428047 - perf/total_num_tokens:916977 - perf/time_per_step:745.7563451559981 - perf/throughput:1229.59329271035[36m(TaskRunner pid=928819)[0m Training Progress:  26%|██▋       | 35/133 [3:13:39<20:31:42, 754.11s/it]
[36m(TaskRunner pid=928819)[0m Training Progress:  27%|██▋       | 36/133 [3:26:13<20:19:12, 754.15s/it]

[36m(TaskRunner pid=928819)[0m Dumped generations to /home/yw4636/agentic-tvg/results/grpo-v2/rollouts/36.jsonl
[36m(TaskRunner pid=928819)[0m step:36 - global_seqlen/min:925147 - global_seqlen/max:925147 - global_seqlen/minmax_diff:0 - global_seqlen/balanced_min:925147 - global_seqlen/balanced_max:925147 - global_seqlen/mean:925147.0 - actor/entropy:1.0630158185958862 - perf/mfu/actor_infer:0.29970917219247856 - training/rollout_probs_diff_valid:1 - training/rollout_probs_diff_max:0.341472864151001 - training/rollout_probs_diff_mean:0.009136451408267021 - training/rollout_probs_diff_std:0.014090393669903278 - training/rollout_actor_probs_pearson_corr:0.9989807605743408 - rollout_corr/training_ppl:2.927856206893921 - rollout_corr/training_log_ppl:1.0480457544326782 - rollout_corr/kl:0.0027309060096740723 - rollout_corr/k3_kl:0.002794180531054735 - rollout_corr/rollout_ppl:2.9190306663513184 - rollout_corr/rollout_log_ppl:1.0451098680496216 - rollout_corr/log_ppl_diff:0.0029359590262174606 - rollout_corr/log_ppl_abs_diff:0.003748585470020771 - rollout_corr/log_ppl_diff_max:0.04122912883758545 - rollout_corr/log_ppl_diff_min:-0.009013891220092773 - rollout_corr/ppl_ratio:1.0029538869857788 - rollout_corr/chi2_token:0.005593419075012207 - rollout_corr/chi2_seq:2.531416893005371 - actor/pg_clipfrac:np.float64(0.0) - actor/ppo_kl:np.float64(0.0) - actor/pg_clipfrac_lower:np.float64(0.0) - actor/pg_loss:np.float64(0.030063237994909286) - actor/kl_loss:np.float64(0.0007976649212650955) - actor/kl_coef:np.float64(0.0010000000000000002) - actor/loss:np.float64(0.03006402775645256) - actor/grad_norm:np.float64(0.05362951010465622) - actor/lr:np.float64(1e-05) - actor/perf/max_memory_allocated_gb:np.float64(39.21569871902466) - actor/perf/max_memory_reserved_gb:np.float64(41.962890625) - actor/perf/cpu_memory_used_gb:np.float64(115.59989929199219) - perf/mfu/actor:np.float64(0.33978187403215276) - training/global_step:36 - training/epoch:0 - critic/score/mean:1.2944868803024292 - critic/score/max:2.4140517711639404 - critic/score/min:0.0 - critic/rewards/mean:1.2944868803024292 - critic/rewards/max:2.4140517711639404 - critic/rewards/min:0.0 - critic/advantages/mean:-0.030063245445489883 - critic/advantages/max:3.288658380508423 - critic/advantages/min:-2.5471882820129395 - critic/returns/mean:-0.030063245445489883 - critic/returns/max:3.288658380508423 - critic/returns/min:-2.5471882820129395 - response_length/mean:3283.3359375 - response_length/max:3617.0 - response_length/min:3020.0 - response_length/clip_ratio:0.0 - response_length_non_aborted/mean:3283.3359375 - response_length_non_aborted/max:3617.0 - response_length_non_aborted/min:3020.0 - response_length_non_aborted/clip_ratio:0.0 - response/aborted_ratio:0.0 - prompt_length/mean:3944.375 - prompt_length/max:3958.0 - prompt_length/min:3934.0 - prompt_length/clip_ratio:0.0 - num_turns/min:np.int32(4) - num_turns/max:np.int32(4) - num_turns/mean:np.float64(4.0) - timing_s/start_profile:6.006599869579077e-05 - timing_s/agent_loop/num_preempted/min:np.int64(-1) - timing_s/agent_loop/num_preempted/max:np.int64(-1) - timing_s/agent_loop/num_preempted/mean:np.float64(-1.0) - timing_s/agent_loop/generate_sequences/min:np.float64(70.83870449697133) - timing_s/agent_loop/generate_sequences/max:np.float64(119.99836842401419) - timing_s/agent_loop/generate_sequences/mean:np.float64(104.4944415954651) - timing_s/agent_loop/tool_calls/min:np.float64(0.07129019708372653) - timing_s/agent_loop/tool_calls/max:np.float64(0.7432505990145728) - timing_s/agent_loop/tool_calls/mean:np.float64(0.1426433891929264) - timing_s/agent_loop/compute_score/min:np.float64(0.3188242830801755) - timing_s/agent_loop/compute_score/max:np.float64(8.8415011910256) - timing_s/agent_loop/compute_score/mean:np.float64(2.624350371500441) - timing_s/agent_loop/slowest/generate_sequences:np.float64(119.99836842401419) - timing_s/agent_loop/slowest/tool_calls:np.float64(0.10178878298029304) - timing_s/agent_loop/slowest/compute_score:np.float64(3.454606298939325) - timing_s/agent_loop/slowest/num_preempted:np.int64(-1) - timing_s/agent_loop/slowest/prompt_length:3934 - timing_s/agent_loop/slowest/response_length:3617 - timing_s/gen:152.09860988601577 - timing_s/reward:0.0004547620192170143 - timing_s/old_log_prob:141.60042924201116 - timing_s/ref:133.49401742802002 - timing_s/adv:0.1599983680061996 - timing_s/update_actor:322.3600495379651 - timing_s/update_weights:3.985784251941368 - timing_s/dump_rollout_generations:0.32032194803468883 - timing_s/step:754.1837429839652 - timing_s/stop_profile:4.9843103624880314e-05 - timing_per_token_ms/update_actor:0.34844197682959044 - timing_per_token_ms/ref:0.14429492548537692 - timing_per_token_ms/adv:0.0001729437246255996 - timing_per_token_ms/gen:0.3619094763234224 - perf/total_num_tokens:925147 - perf/time_per_step:754.1837429839652 - perf/throughput:1226.6864787347579
[36m(TaskRunner pid=928819)[0m Dumped generations to /home/yw4636/agentic-tvg/results/grpo-v2/rollouts/37.jsonl
[36m(TaskRunner pid=928819)[0m step:37 - global_seqlen/min:915880 - global_seqlen/max:915880 - global_seqlen/minmax_diff:0 - global_seqlen/balanced_min:915880 - global_seqlen/balanced_max:915880 - global_seqlen/mean:915880.0 - actor/entropy:1.0272200107574463 - perf/mfu/actor_infer:0.29834908172012886 - training/rollout_probs_diff_valid:1 - training/rollout_probs_diff_max:0.2849504351615906 - training/rollout_probs_diff_mean:0.008868255652487278 - training/rollout_probs_diff_std:0.013609334826469421 - training/rollout_actor_probs_pearson_corr:0.9990366101264954 - rollout_corr/training_ppl:2.786271810531616 - rollout_corr/training_log_ppl:1.0039901733398438 - rollout_corr/kl:0.002160675823688507 - rollout_corr/k3_kl:0.0023842272348701954 - rollout_corr/rollout_ppl:2.7798256874084473 - rollout_corr/rollout_log_ppl:1.001729965209961 - rollout_corr/log_ppl_diff:0.0022600858937948942 - rollout_corr/log_ppl_abs_diff:0.0034560353960841894 - rollout_corr/log_ppl_diff_max:0.01482468843460083 - rollout_corr/log_ppl_diff_min:-0.0055609941482543945 - rollout_corr/ppl_ratio:1.0022695064544678 - rollout_corr/chi2_token:0.0052710771560668945 - rollout_corr/chi2_seq:2.1843550205230713 - actor/pg_clipfrac:np.float64(0.0) - actor/ppo_kl:np.float64(0.0) - actor/pg_clipfrac_lower:np.float64(0.0) - actor/pg_loss:np.float64(-0.00890541382250376) - actor/kl_loss:np.float64(0.0007952801224746509) - actor/kl_coef:np.float64(0.0010000000000000002) - actor/loss:np.float64(-0.008904613554477692) - actor/grad_norm:np.float64(0.05295755714178085) - actor/lr:np.float64(1e-05) - actor/perf/max_memory_allocated_gb:np.float64(39.21569871902466) - actor/perf/max_memory_reserved_gb:np.float64(41.962890625) - actor/perf/cpu_memory_used_gb:np.float64(99.2373275756836) - perf/mfu/actor:np.float64(0.33822559949515724) - training/global_step:37 - training/epoch:0 - critic/score/mean:1.0530352592468262 - critic/score/max:2.5 - critic/score/min:0.0941176488995552 - critic/rewards/mean:1.0530352592468262 - critic/rewards/max:2.5 - critic/rewards/min:0.0941176488995552 - critic/advantages/mean:0.008905410766601562 - critic/advantages/max:3.2605807781219482 - critic/advantages/min:-1.5259053707122803 - critic/returns/mean:0.008905410766601562 - critic/returns/max:3.2605807781219482 - critic/returns/min:-1.5259053707122803 - response_length/mean:3163.3125 - response_length/max:3566.0 - response_length/min:2668.0 - response_length/clip_ratio:0.0 - response_length_non_aborted/mean:3163.3125 - response_length_non_aborted/max:3566.0 - response_length_non_aborted/min:2668.0 - response_length_non_aborted/clip_ratio:0.0 - response/aborted_ratio:0.0 - prompt_length/mean:3992.0 - prompt_length/max:4142.0 - prompt_length/min:3752.0 - prompt_length/clip_ratio:0.0 - num_turns/min:np.int32(4) - num_turns/max:np.int32(4) - num_turns/mean:np.float64(4.0) - timing_s/start_profile:6.108300294727087e-05 - timing_s/agent_loop/num_preempted/min:np.int64(-1) - timing_s/agent_loop/num_preempted/max:np.int64(-1) - timing_s/agent_loop/num_preempted/mean:np.float64(-1.0) - timing_s/agent_loop/generate_sequences/min:np.float64(55.58557551691774) - timing_s/agent_loop/generate_sequences/max:np.float64(113.21562865108717) - timing_s/agent_loop/generate_sequences/mean:np.float64(97.73683739677926) - timing_s/agent_loop/tool_calls/min:np.float64(0.06896061799488962) - timing_s/agent_loop/tool_calls/max:np.float64(0.9343669809168205) - timing_s/agent_loop/tool_calls/mean:np.float64(0.14964047672492597) - timing_s/agent_loop/compute_score/min:np.float64(0.3087773929582909) - timing_s/agent_loop/compute_score/max:np.float64(7.633397536003031) - timing_s/agent_loop/compute_score/mean:np.float64(2.479239092182979) - timing_s/agent_loop/slowest/generate_sequences:np.float64(111.16345594695304) - timing_s/agent_loop/slowest/tool_calls:np.float64(0.13116747501771897) - timing_s/agent_loop/slowest/compute_score:np.float64(3.9302205049898475) - timing_s/agent_loop/slowest/num_preempted:np.int64(-1) - timing_s/agent_loop/slowest/prompt_length:3945 - timing_s/agent_loop/slowest/response_length:3411 - timing_s/gen:141.46614190598484 - timing_s/reward:0.0004087090492248535 - timing_s/old_log_prob:149.80140327394474 - timing_s/ref:135.8699729249347 - timing_s/adv:0.15914614195935428 - timing_s/update_actor:323.73078963602893 - timing_s/update_weights:4.009604812017642 - timing_s/dump_rollout_generations:0.32333168003242463 - timing_s/step:755.5093700640136 - timing_s/stop_profile:3.841693978756666e-05 - timing_per_token_ms/update_actor:0.35346419796919787 - timing_per_token_ms/ref:0.1483490991450132 - timing_per_token_ms/adv:0.00017376309337397287 - timing_per_token_ms/gen:0.3493819322752673 - perf/total_num_tokens:915880 - perf/time_per_step:755.5093700640136 - perf/throughput:1212.2682210048545[36m(TaskRunner pid=928819)[0m Training Progress:  28%|██▊       | 37/133 [3:38:49<20:07:19, 754.58s/it]
[36m(TaskRunner pid=928819)[0m Training Progress:  29%|██▊       | 38/133 [3:51:31<19:58:22, 756.87s/it]

[36m(TaskRunner pid=928819)[0m Dumped generations to /home/yw4636/agentic-tvg/results/grpo-v2/rollouts/38.jsonl
[36m(TaskRunner pid=928819)[0m step:38 - global_seqlen/min:934061 - global_seqlen/max:934061 - global_seqlen/minmax_diff:0 - global_seqlen/balanced_min:934061 - global_seqlen/balanced_max:934061 - global_seqlen/mean:934061.0 - actor/entropy:1.0943857431411743 - perf/mfu/actor_infer:0.2989787096985856 - training/rollout_probs_diff_valid:1 - training/rollout_probs_diff_max:0.22130939364433289 - training/rollout_probs_diff_mean:0.008715742267668247 - training/rollout_probs_diff_std:0.013085369020700455 - training/rollout_actor_probs_pearson_corr:0.9991151690483093 - rollout_corr/training_ppl:3.0021066665649414 - rollout_corr/training_log_ppl:1.0724689960479736 - rollout_corr/kl:0.0028191322926431894 - rollout_corr/k3_kl:0.002337065292522311 - rollout_corr/rollout_ppl:2.9934427738189697 - rollout_corr/rollout_log_ppl:1.069628357887268 - rollout_corr/log_ppl_diff:0.0028405499178916216 - rollout_corr/log_ppl_abs_diff:0.003542656311765313 - rollout_corr/log_ppl_diff_max:0.011526942253112793 - rollout_corr/log_ppl_diff_min:-0.004340469837188721 - rollout_corr/ppl_ratio:1.00285005569458 - rollout_corr/chi2_token:0.0037709474563598633 - rollout_corr/chi2_seq:1.2988700866699219 - actor/pg_clipfrac:np.float64(0.0) - actor/ppo_kl:np.float64(0.0) - actor/pg_clipfrac_lower:np.float64(0.0) - actor/pg_loss:np.float64(-0.007718765700701624) - actor/kl_loss:np.float64(0.0008510883435519645) - actor/kl_coef:np.float64(0.0010000000000000002) - actor/loss:np.float64(-0.0077179111540317535) - actor/grad_norm:np.float64(0.061763130128383636) - actor/lr:np.float64(1e-05) - actor/perf/max_memory_allocated_gb:np.float64(39.21569871902466) - actor/perf/max_memory_reserved_gb:np.float64(41.962890625) - actor/perf/cpu_memory_used_gb:np.float64(99.79570007324219) - perf/mfu/actor:np.float64(0.3383562791628242) - training/global_step:38 - training/epoch:0 - critic/score/mean:1.1493233442306519 - critic/score/max:2.464912176132202 - critic/score/min:0.5 - critic/rewards/mean:1.1493233442306519 - critic/rewards/max:2.464912176132202 - critic/rewards/min:0.5 - critic/advantages/mean:0.007718764711171389 - critic/advantages/max:2.6636478900909424 - critic/advantages/min:-1.7652873992919922 - critic/returns/mean:0.007718764711171389 - critic/returns/max:2.6636478900909424 - critic/returns/min:-1.7652873992919922 - response_length/mean:3273.7265625 - response_length/max:5952.0 - response_length/min:2919.0 - response_length/clip_ratio:0.0 - response_length_non_aborted/mean:3273.7265625 - response_length_non_aborted/max:5952.0 - response_length_non_aborted/min:2919.0 - response_length_non_aborted/clip_ratio:0.0 - response/aborted_ratio:0.0 - prompt_length/mean:4023.625 - prompt_length/max:4149.0 - prompt_length/min:3939.0 - prompt_length/clip_ratio:0.0 - num_turns/min:np.int32(4) - num_turns/max:np.int32(6) - num_turns/mean:np.float64(4.015625) - timing_s/start_profile:5.994504317641258e-05 - timing_s/agent_loop/num_preempted/min:np.int64(-1) - timing_s/agent_loop/num_preempted/max:np.int64(-1) - timing_s/agent_loop/num_preempted/mean:np.float64(-1.0) - timing_s/agent_loop/generate_sequences/min:np.float64(63.23427694803104) - timing_s/agent_loop/generate_sequences/max:np.float64(122.36245368805248) - timing_s/agent_loop/generate_sequences/mean:np.float64(105.36148173390484) - timing_s/agent_loop/tool_calls/min:np.float64(0.04979679803363979) - timing_s/agent_loop/tool_calls/max:np.float64(0.8498019219841808) - timing_s/agent_loop/tool_calls/mean:np.float64(0.1493987504263714) - timing_s/agent_loop/compute_score/min:np.float64(0.32816963794175535) - timing_s/agent_loop/compute_score/max:np.float64(7.069872575928457) - timing_s/agent_loop/compute_score/mean:np.float64(2.595175773027222) - timing_s/agent_loop/slowest/generate_sequences:np.float64(122.36245368805248) - timing_s/agent_loop/slowest/tool_calls:np.float64(0.11479208804666996) - timing_s/agent_loop/slowest/compute_score:np.float64(4.962379356962629) - timing_s/agent_loop/slowest/num_preempted:np.int64(-1) - timing_s/agent_loop/slowest/prompt_length:3957 - timing_s/agent_loop/slowest/response_length:3769 - timing_s/gen:154.6189366809558 - timing_s/reward:0.00043745001312345266 - timing_s/old_log_prob:142.76546006300487 - timing_s/ref:133.65885021304712 - timing_s/adv:0.16097994800657034 - timing_s/update_actor:325.7624765409855 - timing_s/update_weights:3.9996431429171935 - timing_s/dump_rollout_generations:0.32324796996545047 - timing_s/step:761.4275716070551 - timing_s/stop_profile:3.713392652571201e-05 - timing_per_token_ms/update_actor:0.3487593171548598 - timing_per_token_ms/ref:0.14309434845587934 - timing_per_token_ms/adv:0.00017234414883671447 - timing_per_token_ms/gen:0.36898635843840955 - perf/total_num_tokens:934061 - perf/time_per_step:761.4275716070551 - perf/throughput:1226.7233743960544
[36m(TaskRunner pid=928819)[0m Dumped generations to /home/yw4636/agentic-tvg/results/grpo-v2/rollouts/39.jsonl
[36m(TaskRunner pid=928819)[0m step:39 - global_seqlen/min:912787 - global_seqlen/max:912787 - global_seqlen/minmax_diff:0 - global_seqlen/balanced_min:912787 - global_seqlen/balanced_max:912787 - global_seqlen/mean:912787.0 - actor/entropy:1.096967101097107 - perf/mfu/actor_infer:0.3043648189667246 - training/rollout_probs_diff_valid:1 - training/rollout_probs_diff_max:0.23616212606430054 - training/rollout_probs_diff_mean:0.00921517051756382 - training/rollout_probs_diff_std:0.013704679906368256 - training/rollout_actor_probs_pearson_corr:0.9990105032920837 - rollout_corr/training_ppl:2.948603630065918 - rollout_corr/training_log_ppl:1.0557094812393188 - rollout_corr/kl:0.002124964026734233 - rollout_corr/k3_kl:0.0025029811076819897 - rollout_corr/rollout_ppl:2.9421658515930176 - rollout_corr/rollout_log_ppl:1.053541898727417 - rollout_corr/log_ppl_diff:0.002167562022805214 - rollout_corr/log_ppl_abs_diff:0.003064597025513649 - rollout_corr/log_ppl_diff_max:0.009912490844726562 - rollout_corr/log_ppl_diff_min:-0.004089713096618652 - rollout_corr/ppl_ratio:1.0021748542785645 - rollout_corr/chi2_token:0.0058667659759521484 - rollout_corr/chi2_seq:1.0811200141906738 - actor/pg_clipfrac:np.float64(0.0) - actor/ppo_kl:np.float64(0.0) - actor/pg_clipfrac_lower:np.float64(0.0) - actor/pg_loss:np.float64(0.02084930380078731) - actor/kl_loss:np.float64(0.0008459925284114433) - actor/kl_coef:np.float64(0.0010000000000000002) - actor/loss:np.float64(0.020850159227848053) - actor/grad_norm:np.float64(0.04976684972643852) - actor/lr:np.float64(1e-05) - actor/perf/max_memory_allocated_gb:np.float64(39.21569871902466) - actor/perf/max_memory_reserved_gb:np.float64(41.962890625) - actor/perf/cpu_memory_used_gb:np.float64(98.95202255249023) - perf/mfu/actor:np.float64(0.3404552410793205) - training/global_step:39 - training/epoch:0 - critic/score/mean:1.0816011428833008 - critic/score/max:2.2228915691375732 - critic/score/min:0.0 - critic/rewards/mean:1.0816011428833008 - critic/rewards/max:2.2228915691375732 - critic/rewards/min:0.0 - critic/advantages/mean:-0.020849311724305153 - critic/advantages/max:3.7101101875305176 - critic/advantages/min:-2.5042192935943604 - critic/returns/mean:-0.020849311724305153 - critic/returns/max:3.7101101875305176 - critic/returns/min:-2.5042192935943604 - response_length/mean:3201.2734375 - response_length/max:3585.0 - response_length/min:2798.0 - response_length/clip_ratio:0.0 - response_length_non_aborted/mean:3201.2734375 - response_length_non_aborted/max:3585.0 - response_length_non_aborted/min:2798.0 - response_length_non_aborted/clip_ratio:0.0 - response/aborted_ratio:0.0 - prompt_length/mean:3929.875 - prompt_length/max:4151.0 - prompt_length/min:3631.0 - prompt_length/clip_ratio:0.0 - num_turns/min:np.int32(4) - num_turns/max:np.int32(4) - num_turns/mean:np.float64(4.0) - timing_s/start_profile:7.649604231119156e-05 - timing_s/agent_loop/num_preempted/min:np.int64(-1) - timing_s/agent_loop/num_preempted/max:np.int64(-1) - timing_s/agent_loop/num_preempted/mean:np.float64(-1.0) - timing_s/agent_loop/generate_sequences/min:np.float64(62.03946627106052) - timing_s/agent_loop/generate_sequences/max:np.float64(124.58463507797569) - timing_s/agent_loop/generate_sequences/mean:np.float64(104.93623593654593) - timing_s/agent_loop/tool_calls/min:np.float64(0.06621851201634854) - timing_s/agent_loop/tool_calls/max:np.float64(0.7052373019978404) - timing_s/agent_loop/tool_calls/mean:np.float64(0.11895090135021746) - timing_s/agent_loop/compute_score/min:np.float64(0.2943110750056803) - timing_s/agent_loop/compute_score/max:np.float64(6.418826589011587) - timing_s/agent_loop/compute_score/mean:np.float64(2.573376814407311) - timing_s/agent_loop/slowest/generate_sequences:np.float64(124.58463507797569) - timing_s/agent_loop/slowest/tool_calls:np.float64(0.09065775503404438) - timing_s/agent_loop/slowest/compute_score:np.float64(0.3906987030059099) - timing_s/agent_loop/slowest/num_preempted:np.int64(-1) - timing_s/agent_loop/slowest/prompt_length:4151 - timing_s/agent_loop/slowest/response_length:3536 - timing_s/gen:148.68444635393098 - timing_s/reward:0.0005069549661129713 - timing_s/old_log_prob:136.62976326595526 - timing_s/ref:128.96455378003884 - timing_s/adv:0.16150092205498368 - timing_s/update_actor:315.62530407705344 - timing_s/update_weights:3.9733467110199854 - timing_s/dump_rollout_generations:0.3249230799265206 - timing_s/step:734.5356530569261 - timing_s/stop_profile:4.7724926844239235e-05 - timing_per_token_ms/update_actor:0.3457819886534903 - timing_per_token_ms/ref:0.14128658030848254 - timing_per_token_ms/adv:0.00017693166319742028 - timing_per_token_ms/gen:0.36285473884643316 - perf/total_num_tokens:912787 - perf/time_per_step:734.5356530569261 - perf/throughput:1242.672151040243[36m(TaskRunner pid=928819)[0m Training Progress:  29%|██▉       | 39/133 [4:03:47<19:35:41, 750.44s/it]
[36m(WorkerDict pid=929276)[0m /home/yw4636/.conda/envs/verl/lib/python3.12/site-packages/verl/plugin/platform/platform_cuda.py:99: FutureWarning: torch.cuda._set_allocator_settings is deprecated. Use torch._C._accelerator_setAllocatorSettings instead.
[36m(WorkerDict pid=929276)[0m   torch.cuda.memory._set_allocator_settings(settings)

[36m(TaskRunner pid=928819)[0m local_global_step_folder: /home/yw4636/agentic-tvg/results/grpo-v2/ckpt/global_step_40
[36m(TaskRunner pid=928819)[0m Dumped generations to /home/yw4636/agentic-tvg/results/grpo-v2/rollouts/40.jsonl
[36m(TaskRunner pid=928819)[0m test_gen_batch meta info: {'eos_token_id': 151645, 'pad_token_id': 151643, 'recompute_log_prob': False, 'do_sample': False, 'validate': True, 'global_steps': 40}
[36m(TaskRunner pid=928819)[0m validation generation end
[36m(TaskRunner pid=928819)[0m test_gen_batch meta info: {'eos_token_id': 151645, 'pad_token_id': 151643, 'recompute_log_prob': False, 'do_sample': False, 'validate': True, 'global_steps': 40}
[36m(TaskRunner pid=928819)[0m validation generation end
[36m(TaskRunner pid=928819)[0m test_gen_batch meta info: {'eos_token_id': 151645, 'pad_token_id': 151643, 'recompute_log_prob': False, 'do_sample': False, 'validate': True, 'global_steps': 40}
[36m(TaskRunner pid=928819)[0m validation generation end
[36m(TaskRunner pid=928819)[0m test_gen_batch meta info: {'eos_token_id': 151645, 'pad_token_id': 151643, 'recompute_log_prob': False, 'do_sample': False, 'validate': True, 'global_steps': 40}
[36m(TaskRunner pid=928819)[0m validation generation end
[36m(TaskRunner pid=928819)[0m test_gen_batch meta info: {'eos_token_id': 151645, 'pad_token_id': 151643, 'recompute_log_prob': False, 'do_sample': False, 'validate': True, 'global_steps': 40}
[36m(TaskRunner pid=928819)[0m validation generation end
[36m(TaskRunner pid=928819)[0m test_gen_batch meta info: {'eos_token_id': 151645, 'pad_token_id': 151643, 'recompute_log_prob': False, 'do_sample': False, 'validate': True, 'global_steps': 40}
[36m(TaskRunner pid=928819)[0m validation generation end
[36m(TaskRunner pid=928819)[0m test_gen_batch meta info: {'eos_token_id': 151645, 'pad_token_id': 151643, 'recompute_log_prob': False, 'do_sample': False, 'validate': True, 'global_steps': 40}
[36m(TaskRunner pid=928819)[0m validation generation end
[36m(TaskRunner pid=928819)[0m test_gen_batch meta info: {'eos_token_id': 151645, 'pad_token_id': 151643, 'recompute_log_prob': False, 'do_sample': False, 'validate': True, 'global_steps': 40}
[36m(TaskRunner pid=928819)[0m validation generation end
[36m(TaskRunner pid=928819)[0m test_gen_batch meta info: {'eos_token_id': 151645, 'pad_token_id': 151643, 'recompute_log_prob': False, 'do_sample': False, 'validate': True, 'global_steps': 40}
[36m(TaskRunner pid=928819)[0m validation generation end
[36m(TaskRunner pid=928819)[0m test_gen_batch meta info: {'eos_token_id': 151645, 'pad_token_id': 151643, 'recompute_log_prob': False, 'do_sample': False, 'validate': True, 'global_steps': 40}
[36m(TaskRunner pid=928819)[0m validation generation end
[36m(TaskRunner pid=928819)[0m test_gen_batch meta info: {'eos_token_id': 151645, 'pad_token_id': 151643, 'recompute_log_prob': False, 'do_sample': False, 'validate': True, 'global_steps': 40}
[36m(TaskRunner pid=928819)[0m validation generation end
[36m(TaskRunner pid=928819)[0m test_gen_batch meta info: {'eos_token_id': 151645, 'pad_token_id': 151643, 'recompute_log_prob': False, 'do_sample': False, 'validate': True, 'global_steps': 40}
[36m(TaskRunner pid=928819)[0m validation generation end
[36m(TaskRunner pid=928819)[0m test_gen_batch meta info: {'eos_token_id': 151645, 'pad_token_id': 151643, 'recompute_log_prob': False, 'do_sample': False, 'validate': True, 'global_steps': 40}
[36m(TaskRunner pid=928819)[0m validation generation end
[36m(TaskRunner pid=928819)[0m test_gen_batch meta info: {'eos_token_id': 151645, 'pad_token_id': 151643, 'recompute_log_prob': False, 'do_sample': False, 'validate': True, 'global_steps': 40}
[36m(TaskRunner pid=928819)[0m validation generation end
[36m(TaskRunner pid=928819)[0m test_gen_batch meta info: {'eos_token_id': 151645, 'pad_token_id': 151643, 'recompute_log_prob': False, 'do_sample': False, 'validate': True, 'global_steps': 40}
[36m(TaskRunner pid=928819)[0m validation generation end
[36m(TaskRunner pid=928819)[0m test_gen_batch meta info: {'eos_token_id': 151645, 'pad_token_id': 151643, 'recompute_log_prob': False, 'do_sample': False, 'validate': True, 'global_steps': 40}
[36m(TaskRunner pid=928819)[0m validation generation end
[36m(TaskRunner pid=928819)[0m test_gen_batch meta info: {'eos_token_id': 151645, 'pad_token_id': 151643, 'recompute_log_prob': False, 'do_sample': False, 'validate': True, 'global_steps': 40}
[36m(TaskRunner pid=928819)[0m validation generation end
[36m(TaskRunner pid=928819)[0m test_gen_batch meta info: {'eos_token_id': 151645, 'pad_token_id': 151643, 'recompute_log_prob': False, 'do_sample': False, 'validate': True, 'global_steps': 40}
[36m(TaskRunner pid=928819)[0m validation generation end
[36m(TaskRunner pid=928819)[0m test_gen_batch meta info: {'eos_token_id': 151645, 'pad_token_id': 151643, 'recompute_log_prob': False, 'do_sample': False, 'validate': True, 'global_steps': 40}
[36m(TaskRunner pid=928819)[0m validation generation end
[36m(TaskRunner pid=928819)[0m test_gen_batch meta info: {'eos_token_id': 151645, 'pad_token_id': 151643, 'recompute_log_prob': False, 'do_sample': False, 'validate': True, 'global_steps': 40}
[36m(TaskRunner pid=928819)[0m validation generation end
[36m(TaskRunner pid=928819)[0m test_gen_batch meta info: {'eos_token_id': 151645, 'pad_token_id': 151643, 'recompute_log_prob': False, 'do_sample': False, 'validate': True, 'global_steps': 40}
[36m(TaskRunner pid=928819)[0m validation generation end
[36m(TaskRunner pid=928819)[0m test_gen_batch meta info: {'eos_token_id': 151645, 'pad_token_id': 151643, 'recompute_log_prob': False, 'do_sample': False, 'validate': True, 'global_steps': 40}
[36m(TaskRunner pid=928819)[0m validation generation end
[36m(TaskRunner pid=928819)[0m test_gen_batch meta info: {'eos_token_id': 151645, 'pad_token_id': 151643, 'recompute_log_prob': False, 'do_sample': False, 'validate': True, 'global_steps': 40}
[36m(TaskRunner pid=928819)[0m validation generation end
[36m(TaskRunner pid=928819)[0m test_gen_batch meta info: {'eos_token_id': 151645, 'pad_token_id': 151643, 'recompute_log_prob': False, 'do_sample': False, 'validate': True, 'global_steps': 40}
[36m(TaskRunner pid=928819)[0m validation generation end
[36m(TaskRunner pid=928819)[0m test_gen_batch meta info: {'eos_token_id': 151645, 'pad_token_id': 151643, 'recompute_log_prob': False, 'do_sample': False, 'validate': True, 'global_steps': 40}
[36m(TaskRunner pid=928819)[0m validation generation end
[36m(TaskRunner pid=928819)[0m test_gen_batch meta info: {'eos_token_id': 151645, 'pad_token_id': 151643, 'recompute_log_prob': False, 'do_sample': False, 'validate': True, 'global_steps': 40}
[36m(TaskRunner pid=928819)[0m validation generation end
[36m(TaskRunner pid=928819)[0m test_gen_batch meta info: {'eos_token_id': 151645, 'pad_token_id': 151643, 'recompute_log_prob': False, 'do_sample': False, 'validate': True, 'global_steps': 40}
[36m(TaskRunner pid=928819)[0m validation generation end
[36m(TaskRunner pid=928819)[0m test_gen_batch meta info: {'eos_token_id': 151645, 'pad_token_id': 151643, 'recompute_log_prob': False, 'do_sample': False, 'validate': True, 'global_steps': 40}
[36m(TaskRunner pid=928819)[0m validation generation end
[36m(TaskRunner pid=928819)[0m test_gen_batch meta info: {'eos_token_id': 151645, 'pad_token_id': 151643, 'recompute_log_prob': False, 'do_sample': False, 'validate': True, 'global_steps': 40}
[36m(TaskRunner pid=928819)[0m validation generation end
[36m(TaskRunner pid=928819)[0m test_gen_batch meta info: {'eos_token_id': 151645, 'pad_token_id': 151643, 'recompute_log_prob': False, 'do_sample': False, 'validate': True, 'global_steps': 40}
[36m(TaskRunner pid=928819)[0m validation generation end
[36m(TaskRunner pid=928819)[0m test_gen_batch meta info: {'eos_token_id': 151645, 'pad_token_id': 151643, 'recompute_log_prob': False, 'do_sample': False, 'validate': True, 'global_steps': 40}
[36m(TaskRunner pid=928819)[0m validation generation end
[36m(TaskRunner pid=928819)[0m test_gen_batch meta info: {'eos_token_id': 151645, 'pad_token_id': 151643, 'recompute_log_prob': False, 'do_sample': False, 'validate': True, 'global_steps': 40}
[36m(TaskRunner pid=928819)[0m validation generation end
[36m(TaskRunner pid=928819)[0m test_gen_batch meta info: {'eos_token_id': 151645, 'pad_token_id': 151643, 'recompute_log_prob': False, 'do_sample': False, 'validate': True, 'global_steps': 40}
[36m(TaskRunner pid=928819)[0m validation generation end
[36m(TaskRunner pid=928819)[0m test_gen_batch meta info: {'eos_token_id': 151645, 'pad_token_id': 151643, 'recompute_log_prob': False, 'do_sample': False, 'validate': True, 'global_steps': 40}
[36m(TaskRunner pid=928819)[0m validation generation end
[36m(TaskRunner pid=928819)[0m test_gen_batch meta info: {'eos_token_id': 151645, 'pad_token_id': 151643, 'recompute_log_prob': False, 'do_sample': False, 'validate': True, 'global_steps': 40}
[36m(TaskRunner pid=928819)[0m validation generation end
[36m(TaskRunner pid=928819)[0m test_gen_batch meta info: {'eos_token_id': 151645, 'pad_token_id': 151643, 'recompute_log_prob': False, 'do_sample': False, 'validate': True, 'global_steps': 40}
[36m(TaskRunner pid=928819)[0m validation generation end
[36m(TaskRunner pid=928819)[0m test_gen_batch meta info: {'eos_token_id': 151645, 'pad_token_id': 151643, 'recompute_log_prob': False, 'do_sample': False, 'validate': True, 'global_steps': 40}
[36m(TaskRunner pid=928819)[0m validation generation end
[36m(TaskRunner pid=928819)[0m test_gen_batch meta info: {'eos_token_id': 151645, 'pad_token_id': 151643, 'recompute_log_prob': False, 'do_sample': False, 'validate': True, 'global_steps': 40}
[36m(TaskRunner pid=928819)[0m validation generation end
[36m(TaskRunner pid=928819)[0m test_gen_batch meta info: {'eos_token_id': 151645, 'pad_token_id': 151643, 'recompute_log_prob': False, 'do_sample': False, 'validate': True, 'global_steps': 40}
[36m(TaskRunner pid=928819)[0m validation generation end
[36m(TaskRunner pid=928819)[0m test_gen_batch meta info: {'eos_token_id': 151645, 'pad_token_id': 151643, 'recompute_log_prob': False, 'do_sample': False, 'validate': True, 'global_steps': 40}
[36m(TaskRunner pid=928819)[0m validation generation end
[36m(TaskRunner pid=928819)[0m test_gen_batch meta info: {'eos_token_id': 151645, 'pad_token_id': 151643, 'recompute_log_prob': False, 'do_sample': False, 'validate': True, 'global_steps': 40}
[36m(TaskRunner pid=928819)[0m validation generation end
[36m(TaskRunner pid=928819)[0m test_gen_batch meta info: {'eos_token_id': 151645, 'pad_token_id': 151643, 'recompute_log_prob': False, 'do_sample': False, 'validate': True, 'global_steps': 40}
[36m(TaskRunner pid=928819)[0m validation generation end
[36m(TaskRunner pid=928819)[0m test_gen_batch meta info: {'eos_token_id': 151645, 'pad_token_id': 151643, 'recompute_log_prob': False, 'do_sample': False, 'validate': True, 'global_steps': 40}
[36m(TaskRunner pid=928819)[0m validation generation end
[36m(TaskRunner pid=928819)[0m test_gen_batch meta info: {'eos_token_id': 151645, 'pad_token_id': 151643, 'recompute_log_prob': False, 'do_sample': False, 'validate': True, 'global_steps': 40}
[36m(TaskRunner pid=928819)[0m validation generation end
[36m(TaskRunner pid=928819)[0m test_gen_batch meta info: {'eos_token_id': 151645, 'pad_token_id': 151643, 'recompute_log_prob': False, 'do_sample': False, 'validate': True, 'global_steps': 40}
[36m(TaskRunner pid=928819)[0m validation generation end
[36m(TaskRunner pid=928819)[0m test_gen_batch meta info: {'eos_token_id': 151645, 'pad_token_id': 151643, 'recompute_log_prob': False, 'do_sample': False, 'validate': True, 'global_steps': 40}
[36m(TaskRunner pid=928819)[0m validation generation end
[36m(TaskRunner pid=928819)[0m test_gen_batch meta info: {'eos_token_id': 151645, 'pad_token_id': 151643, 'recompute_log_prob': False, 'do_sample': False, 'validate': True, 'global_steps': 40}
[36m(TaskRunner pid=928819)[0m validation generation end
[36m(TaskRunner pid=928819)[0m test_gen_batch meta info: {'eos_token_id': 151645, 'pad_token_id': 151643, 'recompute_log_prob': False, 'do_sample': False, 'validate': True, 'global_steps': 40}
[36m(TaskRunner pid=928819)[0m validation generation end
[36m(TaskRunner pid=928819)[0m test_gen_batch meta info: {'eos_token_id': 151645, 'pad_token_id': 151643, 'recompute_log_prob': False, 'do_sample': False, 'validate': True, 'global_steps': 40}
[36m(TaskRunner pid=928819)[0m validation generation end
[36m(TaskRunner pid=928819)[0m test_gen_batch meta info: {'eos_token_id': 151645, 'pad_token_id': 151643, 'recompute_log_prob': False, 'do_sample': False, 'validate': True, 'global_steps': 40}
[36m(TaskRunner pid=928819)[0m validation generation end
[36m(TaskRunner pid=928819)[0m test_gen_batch meta info: {'eos_token_id': 151645, 'pad_token_id': 151643, 'recompute_log_prob': False, 'do_sample': False, 'validate': True, 'global_steps': 40}
[36m(TaskRunner pid=928819)[0m validation generation end
[36m(TaskRunner pid=928819)[0m test_gen_batch meta info: {'eos_token_id': 151645, 'pad_token_id': 151643, 'recompute_log_prob': False, 'do_sample': False, 'validate': True, 'global_steps': 40}
[36m(TaskRunner pid=928819)[0m validation generation end
[36m(TaskRunner pid=928819)[0m test_gen_batch meta info: {'eos_token_id': 151645, 'pad_token_id': 151643, 'recompute_log_prob': False, 'do_sample': False, 'validate': True, 'global_steps': 40}
[36m(TaskRunner pid=928819)[0m validation generation end
[36m(TaskRunner pid=928819)[0m test_gen_batch meta info: {'eos_token_id': 151645, 'pad_token_id': 151643, 'recompute_log_prob': False, 'do_sample': False, 'validate': True, 'global_steps': 40}
[36m(TaskRunner pid=928819)[0m validation generation end
[36m(TaskRunner pid=928819)[0m test_gen_batch meta info: {'eos_token_id': 151645, 'pad_token_id': 151643, 'recompute_log_prob': False, 'do_sample': False, 'validate': True, 'global_steps': 40}
[36m(TaskRunner pid=928819)[0m validation generation end
[36m(TaskRunner pid=928819)[0m test_gen_batch meta info: {'eos_token_id': 151645, 'pad_token_id': 151643, 'recompute_log_prob': False, 'do_sample': False, 'validate': True, 'global_steps': 40}
[36m(TaskRunner pid=928819)[0m validation generation end
[36m(TaskRunner pid=928819)[0m test_gen_batch meta info: {'eos_token_id': 151645, 'pad_token_id': 151643, 'recompute_log_prob': False, 'do_sample': False, 'validate': True, 'global_steps': 40}
[36m(TaskRunner pid=928819)[0m validation generation end
[36m(TaskRunner pid=928819)[0m Dumped generations to /home/yw4636/agentic-tvg/results/grpo-v2/val_rollouts/40.jsonl
[36m(TaskRunner pid=928819)[0m step:40 - global_seqlen/min:920063 - global_seqlen/max:920063 - global_seqlen/minmax_diff:0 - global_seqlen/balanced_min:920063 - global_seqlen/balanced_max:920063 - global_seqlen/mean:920063.0 - actor/entropy:1.0807061195373535 - perf/mfu/actor_infer:0.30346553564409057 - training/rollout_probs_diff_valid:1 - training/rollout_probs_diff_max:0.3031962513923645 - training/rollout_probs_diff_mean:0.008781186304986477 - training/rollout_probs_diff_std:0.013696125708520412 - training/rollout_actor_probs_pearson_corr:0.9990597367286682 - rollout_corr/training_ppl:2.9620845317840576 - rollout_corr/training_log_ppl:1.0628467798233032 - rollout_corr/kl:0.002503343392163515 - rollout_corr/k3_kl:0.002460179151967168 - rollout_corr/rollout_ppl:2.9546995162963867 - rollout_corr/rollout_log_ppl:1.0604280233383179 - rollout_corr/log_ppl_diff:0.002418771618977189 - rollout_corr/log_ppl_abs_diff:0.0035338171292096376 - rollout_corr/log_ppl_diff_max:0.013378143310546875 - rollout_corr/log_ppl_diff_min:-0.00586932897567749 - rollout_corr/ppl_ratio:1.002428650856018 - rollout_corr/chi2_token:0.004912257194519043 - rollout_corr/chi2_seq:3.8341269493103027 - actor/pg_clipfrac:np.float64(0.0) - actor/ppo_kl:np.float64(0.0) - actor/pg_clipfrac_lower:np.float64(0.0) - actor/pg_loss:np.float64(0.012266401179658715) - actor/kl_loss:np.float64(0.0008399780181207461) - actor/kl_coef:np.float64(0.0010000000000000002) - actor/loss:np.float64(0.01226724125444889) - actor/grad_norm:np.float64(0.05166090652346611) - actor/lr:np.float64(1e-05) - actor/perf/max_memory_allocated_gb:np.float64(39.21569871902466) - actor/perf/max_memory_reserved_gb:np.float64(41.962890625) - actor/perf/cpu_memory_used_gb:np.float64(99.47620391845703) - perf/mfu/actor:np.float64(0.33998327539939) - val-aux/longvt_longvt-val/reward/mean@1:np.float64(1.1485939485984935) - val-aux/longvt_longvt-val/score/mean@1:np.float64(1.1485939477634926) - val-core/longvt_longvt-val/acc/mean@1:np.float64(0.5043859649122807) - val-aux/longvt_longvt-val/format_score/mean@1:np.float64(0.49122807017543857) - val-aux/longvt_longvt-val/evidence_iou/mean@1:np.float64(0.15297991267577316) - val-aux/longvt_longvt-val/answered/mean@1:np.float64(0.9824561403508771) - val-aux/longvt_longvt-val/num_tool_calls/mean@1:np.float64(0.9912280701754386) - val-aux/longvt_longvt-val/judge_used/mean@1:np.float64(0.9824561403508771) - val-aux/num_turns/min:np.int32(2) - val-aux/num_turns/max:np.int32(4) - val-aux/num_turns/mean:np.float64(3.982456140350877) - training/global_step:40 - training/epoch:0 - critic/score/mean:1.0493229627609253 - critic/score/max:2.409090995788574 - critic/score/min:0.0 - critic/rewards/mean:1.0493229627609253 - critic/rewards/max:2.409090995788574 - critic/rewards/min:0.0 - critic/advantages/mean:-0.01226638350635767 - critic/advantages/max:2.204563856124878 - critic/advantages/min:-1.6667252779006958 - critic/returns/mean:-0.01226638350635767 - critic/returns/max:2.204563856124878 - critic/returns/min:-1.6667252779006958 - response_length/mean:3190.2421875 - response_length/max:3712.0 - response_length/min:521.0 - response_length/clip_ratio:0.0 - response_length_non_aborted/mean:3190.2421875 - response_length_non_aborted/max:3712.0 - response_length_non_aborted/min:521.0 - response_length_non_aborted/clip_ratio:0.0 - response/aborted_ratio:0.0 - prompt_length/mean:3997.75 - prompt_length/max:4154.0 - prompt_length/min:3749.0 - prompt_length/clip_ratio:0.0 - num_turns/min:np.int32(4) - num_turns/max:np.int32(4) - num_turns/mean:np.float64(4.0) - timing_s/start_profile:6.305996794253588e-05 - timing_s/agent_loop/num_preempted/min:np.int64(-1) - timing_s/agent_loop/num_preempted/max:np.int64(-1) - timing_s/agent_loop/num_preempted/mean:np.float64(-1.0) - timing_s/agent_loop/generate_sequences/min:np.float64(67.61690275301225) - timing_s/agent_loop/generate_sequences/max:np.float64(121.37827803997789) - timing_s/agent_loop/generate_sequences/mean:np.float64(103.55181307223484) - timing_s/agent_loop/tool_calls/min:np.float64(0.00024920597206801176) - timing_s/agent_loop/tool_calls/max:np.float64(0.8171023820759729) - timing_s/agent_loop/tool_calls/mean:np.float64(0.13427874503395287) - timing_s/agent_loop/compute_score/min:np.float64(0.3216046500019729) - timing_s/agent_loop/compute_score/max:np.float64(8.969880254007876) - timing_s/agent_loop/compute_score/mean:np.float64(2.5553222534445013) - timing_s/agent_loop/slowest/generate_sequences:np.float64(115.10724320798181) - timing_s/agent_loop/slowest/tool_calls:np.float64(0.1078341850079596) - timing_s/agent_loop/slowest/compute_score:np.float64(8.969880254007876) - timing_s/agent_loop/slowest/num_preempted:np.int64(-1) - timing_s/agent_loop/slowest/prompt_length:3953 - timing_s/agent_loop/slowest/response_length:3414 - timing_s/gen:148.14828368800227 - timing_s/reward:0.00042774202302098274 - timing_s/old_log_prob:140.52309876703657 - timing_s/ref:132.3779486020794 - timing_s/adv:0.17243333195801824 - timing_s/update_actor:318.1246488910401 - timing_s/save_checkpoint:25.426110661937855 - timing_s/update_weights:3.995306969038211 - timing_s/dump_rollout_generations:0.3235036110272631 - timing_s/step:769.2590102939866 - timing_s/testing:2127.884347058949 - timing_s/stop_profile:0.00013172102626413107 - timing_per_token_ms/update_actor:0.3457639845217557 - timing_per_token_ms/ref:0.14387922196858194 - timing_per_token_ms/adv:0.00018741470090419705 - timing_per_token_ms/gen:0.36279642681909013 - perf/total_num_tokens:920063 - perf/time_per_step:769.2590102939866 - perf/throughput:1196.03798940019[36m(TaskRunner pid=928819)[0m Training Progress:  30%|███       | 40/133 [4:52:05<36:02:37, 1395.24s/it]
[36m(TaskRunner pid=928819)[0m Training Progress:  31%|███       | 41/133 [5:04:20<30:35:48, 1197.26s/it]

[36m(TaskRunner pid=928819)[0m Dumped generations to /home/yw4636/agentic-tvg/results/grpo-v2/rollouts/41.jsonl
[36m(TaskRunner pid=928819)[0m step:41 - global_seqlen/min:906836 - global_seqlen/max:906836 - global_seqlen/minmax_diff:0 - global_seqlen/balanced_min:906836 - global_seqlen/balanced_max:906836 - global_seqlen/mean:906836.0 - actor/entropy:1.0997551679611206 - perf/mfu/actor_infer:0.3053477100712512 - training/rollout_probs_diff_valid:1 - training/rollout_probs_diff_max:0.31902211904525757 - training/rollout_probs_diff_mean:0.00894320011138916 - training/rollout_probs_diff_std:0.013654019683599472 - training/rollout_actor_probs_pearson_corr:0.9990445375442505 - rollout_corr/training_ppl:2.995039701461792 - rollout_corr/training_log_ppl:1.0654958486557007 - rollout_corr/kl:0.0023143633734434843 - rollout_corr/k3_kl:0.0024584918282926083 - rollout_corr/rollout_ppl:2.9883735179901123 - rollout_corr/rollout_log_ppl:1.0632407665252686 - rollout_corr/log_ppl_diff:0.0022551126312464476 - rollout_corr/log_ppl_abs_diff:0.003423047950491309 - rollout_corr/log_ppl_diff_max:0.011560916900634766 - rollout_corr/log_ppl_diff_min:-0.006797432899475098 - rollout_corr/ppl_ratio:1.0022637844085693 - rollout_corr/chi2_token:0.005557656288146973 - rollout_corr/chi2_seq:3.0819926261901855 - actor/pg_clipfrac:np.float64(0.0) - actor/ppo_kl:np.float64(0.0) - actor/pg_clipfrac_lower:np.float64(0.0) - actor/pg_loss:np.float64(0.00941551715368405) - actor/kl_loss:np.float64(0.0008415079464612063) - actor/kl_coef:np.float64(0.0010000000000000002) - actor/loss:np.float64(0.00941635575145483) - actor/grad_norm:np.float64(0.04954398050904274) - actor/lr:np.float64(1e-05) - actor/perf/max_memory_allocated_gb:np.float64(39.21569871902466) - actor/perf/max_memory_reserved_gb:np.float64(41.962890625) - actor/perf/cpu_memory_used_gb:np.float64(99.25807189941406) - perf/mfu/actor:np.float64(0.33844247534281646) - training/global_step:41 - training/epoch:0 - critic/score/mean:1.077934741973877 - critic/score/max:2.441901445388794 - critic/score/min:0.0 - critic/rewards/mean:1.077934741973877 - critic/rewards/max:2.441901445388794 - critic/rewards/min:0.0 - critic/advantages/mean:-0.009415524080395699 - critic/advantages/max:2.7934939861297607 - critic/advantages/min:-3.0515856742858887 - critic/returns/mean:-0.009415524080395699 - critic/returns/max:2.7934939861297607 - critic/returns/min:-3.0515856742858887 - response_length/mean:3156.40625 - response_length/max:3875.0 - response_length/min:139.0 - response_length/clip_ratio:0.0 - response_length_non_aborted/mean:3156.40625 - response_length_non_aborted/max:3875.0 - response_length_non_aborted/min:139.0 - response_length_non_aborted/clip_ratio:0.0 - response/aborted_ratio:0.0 - prompt_length/mean:3928.25 - prompt_length/max:4154.0 - prompt_length/min:3620.0 - prompt_length/clip_ratio:0.0 - num_turns/min:np.int32(2) - num_turns/max:np.int32(6) - num_turns/mean:np.float64(4.0) - timing_s/start_profile:7.174699567258358e-05 - timing_s/agent_loop/num_preempted/min:np.int64(-1) - timing_s/agent_loop/num_preempted/max:np.int64(-1) - timing_s/agent_loop/num_preempted/mean:np.float64(-1.0) - timing_s/agent_loop/generate_sequences/min:np.float64(51.36485854606144) - timing_s/agent_loop/generate_sequences/max:np.float64(114.19986580498517) - timing_s/agent_loop/generate_sequences/mean:np.float64(95.92072851545618) - timing_s/agent_loop/tool_calls/min:np.float64(0.0) - timing_s/agent_loop/tool_calls/max:np.float64(0.7482325970195234) - timing_s/agent_loop/tool_calls/mean:np.float64(0.1584940944940172) - timing_s/agent_loop/compute_score/min:np.float64(0.22331544500775635) - timing_s/agent_loop/compute_score/max:np.float64(7.2422085059806705) - timing_s/agent_loop/compute_score/mean:np.float64(2.413078488321844) - timing_s/agent_loop/slowest/generate_sequences:np.float64(114.19986580498517) - timing_s/agent_loop/slowest/tool_calls:np.float64(0.12190218304749578) - timing_s/agent_loop/slowest/compute_score:np.float64(4.444110281066969) - timing_s/agent_loop/slowest/num_preempted:np.int64(-1) - timing_s/agent_loop/slowest/prompt_length:3943 - timing_s/agent_loop/slowest/response_length:3875 - timing_s/gen:140.41286522406153 - timing_s/reward:0.0005287560634315014 - timing_s/old_log_prob:138.73097799601965 - timing_s/ref:131.56771556590684 - timing_s/adv:0.16794767102692276 - timing_s/update_actor:320.2678223529365 - timing_s/update_weights:4.010407145018689 - timing_s/dump_rollout_generations:0.31099879601970315 - timing_s/step:735.6164348099846 - timing_s/stop_profile:5.026091821491718e-05 - timing_per_token_ms/update_actor:0.35317060896671115 - timing_per_token_ms/ref:0.14508435435503977 - timing_per_token_ms/adv:0.00018520181270585063 - timing_per_token_ms/gen:0.3475393921688568 - perf/total_num_tokens:906836 - perf/time_per_step:735.6164348099846 - perf/throughput:1232.756579499536
[36m(TaskRunner pid=928819)[0m Dumped generations to /home/yw4636/agentic-tvg/results/grpo-v2/rollouts/42.jsonl
[36m(TaskRunner pid=928819)[0m step:42 - global_seqlen/min:919967 - global_seqlen/max:919967 - global_seqlen/minmax_diff:0 - global_seqlen/balanced_min:919967 - global_seqlen/balanced_max:919967 - global_seqlen/mean:919967.0 - actor/entropy:1.0688632726669312 - perf/mfu/actor_infer:0.3044025006999691 - training/rollout_probs_diff_valid:1 - training/rollout_probs_diff_max:0.3531838655471802 - training/rollout_probs_diff_mean:0.008591217920184135 - training/rollout_probs_diff_std:0.013003784231841564 - training/rollout_actor_probs_pearson_corr:0.9991281032562256 - rollout_corr/training_ppl:2.951256275177002 - rollout_corr/training_log_ppl:1.0556035041809082 - rollout_corr/kl:0.002408101921901107 - rollout_corr/k3_kl:0.0023672545794397593 - rollout_corr/rollout_ppl:2.9437313079833984 - rollout_corr/rollout_log_ppl:1.05316960811615 - rollout_corr/log_ppl_diff:0.002433866262435913 - rollout_corr/log_ppl_abs_diff:0.0032128263264894485 - rollout_corr/log_ppl_diff_max:0.014357805252075195 - rollout_corr/log_ppl_diff_min:-0.0039136409759521484 - rollout_corr/ppl_ratio:1.002442717552185 - rollout_corr/chi2_token:0.004640340805053711 - rollout_corr/chi2_seq:1.519958734512329 - actor/pg_clipfrac:np.float64(0.0) - actor/ppo_kl:np.float64(0.0) - actor/pg_clipfrac_lower:np.float64(0.0) - actor/pg_loss:np.float64(-0.019905551307601854) - actor/kl_loss:np.float64(0.0008586263120378135) - actor/kl_coef:np.float64(0.0010000000000000002) - actor/loss:np.float64(-0.019904695451259613) - actor/grad_norm:np.float64(0.052948854863643646) - actor/lr:np.float64(1e-05) - actor/perf/max_memory_allocated_gb:np.float64(39.21569871902466) - actor/perf/max_memory_reserved_gb:np.float64(41.962890625) - actor/perf/cpu_memory_used_gb:np.float64(115.68677520751953) - perf/mfu/actor:np.float64(0.33750233642464467) - training/global_step:42 - training/epoch:0 - critic/score/mean:1.3194971084594727 - critic/score/max:2.4911391735076904 - critic/score/min:0.5 - critic/rewards/mean:1.3194971084594727 - critic/rewards/max:2.4911391735076904 - critic/rewards/min:0.5 - critic/advantages/mean:0.01990554854273796 - critic/advantages/max:2.944775104522705 - critic/advantages/min:-3.7131547927856445 - critic/returns/mean:0.01990554854273796 - critic/returns/max:2.944775104522705 - critic/returns/min:-3.7131547927856445 - response_length/mean:3261.8671875 - response_length/max:5629.0 - response_length/min:2675.0 - response_length/clip_ratio:0.0 - response_length_non_aborted/mean:3261.8671875 - response_length_non_aborted/max:5629.0 - response_length_non_aborted/min:2675.0 - response_length_non_aborted/clip_ratio:0.0 - response/aborted_ratio:0.0 - prompt_length/mean:3925.375 - prompt_length/max:4138.0 - prompt_length/min:3613.0 - prompt_length/clip_ratio:0.0 - num_turns/min:np.int32(4) - num_turns/max:np.int32(6) - num_turns/mean:np.float64(4.015625) - timing_s/start_profile:5.791697185486555e-05 - timing_s/agent_loop/num_preempted/min:np.int64(-1) - timing_s/agent_loop/num_preempted/max:np.int64(-1) - timing_s/agent_loop/num_preempted/mean:np.float64(-1.0) - timing_s/agent_loop/generate_sequences/min:np.float64(60.670037732925266) - timing_s/agent_loop/generate_sequences/max:np.float64(119.73165458999574) - timing_s/agent_loop/generate_sequences/mean:np.float64(103.65516627012494) - timing_s/agent_loop/tool_calls/min:np.float64(0.07140195497777313) - timing_s/agent_loop/tool_calls/max:np.float64(2.0869479649700224) - timing_s/agent_loop/tool_calls/mean:np.float64(0.18627862292396458) - timing_s/agent_loop/compute_score/min:np.float64(0.32956828200258315) - timing_s/agent_loop/compute_score/max:np.float64(13.437760925036855) - timing_s/agent_loop/compute_score/mean:np.float64(2.889489517293441) - timing_s/agent_loop/slowest/generate_sequences:np.float64(115.67208778019994) - timing_s/agent_loop/slowest/tool_calls:np.float64(0.22201597108505666) - timing_s/agent_loop/slowest/compute_score:np.float64(13.437760925036855) - timing_s/agent_loop/slowest/num_preempted:np.int64(-1) - timing_s/agent_loop/slowest/prompt_length:3954 - timing_s/agent_loop/slowest/response_length:3389 - timing_s/gen:150.5829201519955 - timing_s/reward:0.0003982969792559743 - timing_s/old_log_prob:139.30043243803084 - timing_s/ref:134.02239052893128 - timing_s/adv:0.17293272400274873 - timing_s/update_actor:322.9181600280572 - timing_s/update_weights:3.9760782700031996 - timing_s/dump_rollout_generations:0.31927579699549824 - timing_s/step:751.4600702939788 - timing_s/stop_profile:4.7671026550233364e-05 - timing_per_token_ms/update_actor:0.35101059062776946 - timing_per_token_ms/ref:0.1456817369850563 - timing_per_token_ms/adv:0.0001879770948335633 - timing_per_token_ms/gen:0.3606612397327918 - perf/total_num_tokens:919967 - perf/time_per_step:751.4600702939788 - perf/throughput:1224.2393659587256[36m(TaskRunner pid=928819)[0m Training Progress:  32%|███▏      | 42/133 [5:16:52<26:52:57, 1063.49s/it]
[36m(TaskRunner pid=928819)[0m Training Progress:  32%|███▏      | 43/133 [5:29:06<24:06:52, 964.59s/it] 

[36m(TaskRunner pid=928819)[0m Dumped generations to /home/yw4636/agentic-tvg/results/grpo-v2/rollouts/43.jsonl
[36m(TaskRunner pid=928819)[0m step:43 - global_seqlen/min:908557 - global_seqlen/max:908557 - global_seqlen/minmax_diff:0 - global_seqlen/balanced_min:908557 - global_seqlen/balanced_max:908557 - global_seqlen/mean:908557.0 - actor/entropy:1.0613471269607544 - perf/mfu/actor_infer:0.30279633905257136 - training/rollout_probs_diff_valid:1 - training/rollout_probs_diff_max:0.23755472898483276 - training/rollout_probs_diff_mean:0.008788770996034145 - training/rollout_probs_diff_std:0.01351368147879839 - training/rollout_actor_probs_pearson_corr:0.9990661144256592 - rollout_corr/training_ppl:2.926259756088257 - rollout_corr/training_log_ppl:1.0480091571807861 - rollout_corr/kl:0.0025636237114667892 - rollout_corr/k3_kl:0.0022955776657909155 - rollout_corr/rollout_ppl:2.9184377193450928 - rollout_corr/rollout_log_ppl:1.0453122854232788 - rollout_corr/log_ppl_diff:0.0026968573220074177 - rollout_corr/log_ppl_abs_diff:0.0032874466851353645 - rollout_corr/log_ppl_diff_max:0.015761733055114746 - rollout_corr/log_ppl_diff_min:-0.004210412502288818 - rollout_corr/ppl_ratio:1.002705693244934 - rollout_corr/chi2_token:0.004105925559997559 - rollout_corr/chi2_seq:3.4491333961486816 - actor/pg_clipfrac:np.float64(0.0) - actor/ppo_kl:np.float64(0.0) - actor/pg_clipfrac_lower:np.float64(0.0) - actor/pg_loss:np.float64(-0.016347185999620706) - actor/kl_loss:np.float64(0.0008754323362154537) - actor/kl_coef:np.float64(0.0010000000000000002) - actor/loss:np.float64(-0.016346309334039688) - actor/grad_norm:np.float64(0.0512336790561676) - actor/lr:np.float64(1e-05) - actor/perf/max_memory_allocated_gb:np.float64(39.21569871902466) - actor/perf/max_memory_reserved_gb:np.float64(41.962890625) - actor/perf/cpu_memory_used_gb:np.float64(99.47626876831055) - perf/mfu/actor:np.float64(0.34072502022217155) - training/global_step:43 - training/epoch:0 - critic/score/mean:0.9204683303833008 - critic/score/max:2.2840375900268555 - critic/score/min:0.0 - critic/rewards/mean:0.9204683303833008 - critic/rewards/max:2.2840375900268555 - critic/rewards/min:0.0 - critic/advantages/mean:0.016347184777259827 - critic/advantages/max:3.0394325256347656 - critic/advantages/min:-1.656009554862976 - critic/returns/mean:0.016347184777259827 - critic/returns/max:3.0394325256347656 - critic/returns/min:-1.656009554862976 - response_length/mean:3172.8515625 - response_length/max:3528.0 - response_length/min:106.0 - response_length/clip_ratio:0.0 - response_length_non_aborted/mean:3172.8515625 - response_length_non_aborted/max:3528.0 - response_length_non_aborted/min:106.0 - response_length_non_aborted/clip_ratio:0.0 - response/aborted_ratio:0.0 - prompt_length/mean:3925.25 - prompt_length/max:4140.0 - prompt_length/min:3615.0 - prompt_length/clip_ratio:0.0 - num_turns/min:np.int32(2) - num_turns/max:np.int32(4) - num_turns/mean:np.float64(3.984375) - timing_s/start_profile:5.8685895055532455e-05 - timing_s/agent_loop/num_preempted/min:np.int64(-1) - timing_s/agent_loop/num_preempted/max:np.int64(-1) - timing_s/agent_loop/num_preempted/mean:np.float64(-1.0) - timing_s/agent_loop/generate_sequences/min:np.float64(55.029903428046964) - timing_s/agent_loop/generate_sequences/max:np.float64(114.89643752807751) - timing_s/agent_loop/generate_sequences/mean:np.float64(99.86089543291928) - timing_s/agent_loop/tool_calls/min:np.float64(0.0) - timing_s/agent_loop/tool_calls/max:np.float64(0.9019369729794562) - timing_s/agent_loop/tool_calls/mean:np.float64(0.15208295027696295) - timing_s/agent_loop/compute_score/min:np.float64(0.21250641194637865) - timing_s/agent_loop/compute_score/max:np.float64(15.04843092802912) - timing_s/agent_loop/compute_score/mean:np.float64(3.188436881974667) - timing_s/agent_loop/slowest/generate_sequences:np.float64(112.1216958949808) - timing_s/agent_loop/slowest/tool_calls:np.float64(0.08655707899015397) - timing_s/agent_loop/slowest/compute_score:np.float64(12.404561428003944) - timing_s/agent_loop/slowest/num_preempted:np.int64(-1) - timing_s/agent_loop/slowest/prompt_length:3936 - timing_s/agent_loop/slowest/response_length:3411 - timing_s/gen:142.63552791799884 - timing_s/reward:0.0005095669766888022 - timing_s/old_log_prob:140.0009732840117 - timing_s/ref:129.5876493830001 - timing_s/adv:0.17206814303062856 - timing_s/update_actor:316.96635508094914 - timing_s/update_weights:3.98373202199582 - timing_s/dump_rollout_generations:0.3237824640236795 - timing_s/step:733.8274564929307 - timing_s/stop_profile:5.037302616983652e-05 - timing_per_token_ms/update_actor:0.34886788069537644 - timing_per_token_ms/ref:0.14263018102661704 - timing_per_token_ms/adv:0.00018938618383946033 - timing_per_token_ms/gen:0.3512109028451803 - perf/total_num_tokens:908557 - perf/time_per_step:733.8274564929307 - perf/throughput:1238.1071217233102
[36m(TaskRunner pid=928819)[0m Dumped generations to /home/yw4636/agentic-tvg/results/grpo-v2/rollouts/44.jsonl
[36m(TaskRunner pid=928819)[0m step:44 - global_seqlen/min:931389 - global_seqlen/max:931389 - global_seqlen/minmax_diff:0 - global_seqlen/balanced_min:931389 - global_seqlen/balanced_max:931389 - global_seqlen/mean:931389.0 - actor/entropy:1.0919945240020752 - perf/mfu/actor_infer:0.3037159943873415 - training/rollout_probs_diff_valid:1 - training/rollout_probs_diff_max:0.2007678747177124 - training/rollout_probs_diff_mean:0.008967979811131954 - training/rollout_probs_diff_std:0.013354920782148838 - training/rollout_actor_probs_pearson_corr:0.9990682005882263 - rollout_corr/training_ppl:3.0352978706359863 - rollout_corr/training_log_ppl:1.0838505029678345 - rollout_corr/kl:0.0028892059344798326 - rollout_corr/k3_kl:0.002423729980364442 - rollout_corr/rollout_ppl:3.0265557765960693 - rollout_corr/rollout_log_ppl:1.0810306072235107 - rollout_corr/log_ppl_diff:0.0028199641965329647 - rollout_corr/log_ppl_abs_diff:0.003441810142248869 - rollout_corr/log_ppl_diff_max:0.016711950302124023 - rollout_corr/log_ppl_diff_min:-0.007602810859680176 - rollout_corr/ppl_ratio:1.0028300285339355 - rollout_corr/chi2_token:0.003899693489074707 - rollout_corr/chi2_seq:1.197355031967163 - actor/pg_clipfrac:np.float64(0.0) - actor/ppo_kl:np.float64(0.0) - actor/pg_clipfrac_lower:np.float64(0.0) - actor/pg_loss:np.float64(0.04318937050993554) - actor/kl_loss:np.float64(0.0009252705458493438) - actor/kl_coef:np.float64(0.0010000000000000002) - actor/loss:np.float64(0.04319030046463013) - actor/grad_norm:np.float64(0.049899712204933167) - actor/lr:np.float64(1e-05) - actor/perf/max_memory_allocated_gb:np.float64(39.21569871902466) - actor/perf/max_memory_reserved_gb:np.float64(41.962890625) - actor/perf/cpu_memory_used_gb:np.float64(116.30206680297852) - perf/mfu/actor:np.float64(0.33710529546128554) - training/global_step:44 - training/epoch:0 - critic/score/mean:1.3332780599594116 - critic/score/max:2.458373785018921 - critic/score/min:0.5 - critic/rewards/mean:1.3332780599594116 - critic/rewards/max:2.458373785018921 - critic/rewards/min:0.5 - critic/advantages/mean:-0.04318937286734581 - critic/advantages/max:2.8137733936309814 - critic/advantages/min:-2.4327666759490967 - critic/returns/mean:-0.04318937286734581 - critic/returns/max:2.8137733936309814 - critic/returns/min:-2.4327666759490967 - response_length/mean:3240.4765625 - response_length/max:3575.0 - response_length/min:2944.0 - response_length/clip_ratio:0.0 - response_length_non_aborted/mean:3240.4765625 - response_length_non_aborted/max:3575.0 - response_length_non_aborted/min:2944.0 - response_length_non_aborted/clip_ratio:0.0 - response/aborted_ratio:0.0 - prompt_length/mean:4036.0 - prompt_length/max:4133.0 - prompt_length/min:3939.0 - prompt_length/clip_ratio:0.0 - num_turns/min:np.int32(4) - num_turns/max:np.int32(4) - num_turns/mean:np.float64(4.0) - timing_s/start_profile:6.745301652699709e-05 - timing_s/agent_loop/num_preempted/min:np.int64(-1) - timing_s/agent_loop/num_preempted/max:np.int64(-1) - timing_s/agent_loop/num_preempted/mean:np.float64(-1.0) - timing_s/agent_loop/generate_sequences/min:np.float64(65.57495742186438) - timing_s/agent_loop/generate_sequences/max:np.float64(122.65807860612404) - timing_s/agent_loop/generate_sequences/mean:np.float64(106.34293053386227) - timing_s/agent_loop/tool_calls/min:np.float64(0.06397049897350371) - timing_s/agent_loop/tool_calls/max:np.float64(0.7673368999967352) - timing_s/agent_loop/tool_calls/mean:np.float64(0.14433942072901118) - timing_s/agent_loop/compute_score/min:np.float64(0.3155843650456518) - timing_s/agent_loop/compute_score/max:np.float64(13.394145880942233) - timing_s/agent_loop/compute_score/mean:np.float64(2.936318344128267) - timing_s/agent_loop/slowest/generate_sequences:np.float64(120.99493389599957) - timing_s/agent_loop/slowest/tool_calls:np.float64(0.2153622219339013) - timing_s/agent_loop/slowest/compute_score:np.float64(12.826996042975225) - timing_s/agent_loop/slowest/num_preempted:np.int64(-1) - timing_s/agent_loop/slowest/prompt_length:3948 - timing_s/agent_loop/slowest/response_length:3481 - timing_s/gen:155.9444595639361 - timing_s/reward:0.00044974603224545717 - timing_s/old_log_prob:143.6656360969646 - timing_s/ref:149.36560920602642 - timing_s/adv:0.17626003094483167 - timing_s/update_actor:332.53076538303867 - timing_s/update_weights:4.000076227937825 - timing_s/dump_rollout_generations:0.32440958998631686 - timing_s/step:786.1727637069998 - timing_s/stop_profile:5.359901115298271e-05 - timing_per_token_ms/update_actor:0.3570267260865639 - timing_per_token_ms/ref:0.16036866358312846 - timing_per_token_ms/adv:0.00018924426952093235 - timing_per_token_ms/gen:0.37596818456953457 - perf/total_num_tokens:931389 - perf/time_per_step:786.1727637069998 - perf/throughput:1184.7128811843718[36m(TaskRunner pid=928819)[0m Training Progress:  33%|███▎      | 44/133 [5:42:12<22:31:25, 911.07s/it]
[36m(TaskRunner pid=928819)[0m Training Progress:  34%|███▍      | 45/133 [5:55:10<21:17:37, 871.10s/it]

[36m(TaskRunner pid=928819)[0m Dumped generations to /home/yw4636/agentic-tvg/results/grpo-v2/rollouts/45.jsonl
[36m(TaskRunner pid=928819)[0m step:45 - global_seqlen/min:934576 - global_seqlen/max:934576 - global_seqlen/minmax_diff:0 - global_seqlen/balanced_min:934576 - global_seqlen/balanced_max:934576 - global_seqlen/mean:934576.0 - actor/entropy:1.0790222883224487 - perf/mfu/actor_infer:0.30242334661940523 - training/rollout_probs_diff_valid:1 - training/rollout_probs_diff_max:0.49944669008255005 - training/rollout_probs_diff_mean:0.009052595123648643 - training/rollout_probs_diff_std:0.013487004674971104 - training/rollout_actor_probs_pearson_corr:0.999035120010376 - rollout_corr/training_ppl:2.8972978591918945 - rollout_corr/training_log_ppl:1.0484833717346191 - rollout_corr/kl:0.002756491070613265 - rollout_corr/k3_kl:0.0023692355025559664 - rollout_corr/rollout_ppl:2.8893823623657227 - rollout_corr/rollout_log_ppl:1.0457441806793213 - rollout_corr/log_ppl_diff:0.002739026676863432 - rollout_corr/log_ppl_abs_diff:0.003607408609241247 - rollout_corr/log_ppl_diff_max:0.009682416915893555 - rollout_corr/log_ppl_diff_min:-0.007912874221801758 - rollout_corr/ppl_ratio:1.0027484893798828 - rollout_corr/chi2_token:0.003988146781921387 - rollout_corr/chi2_seq:4.218621730804443 - actor/pg_clipfrac:np.float64(0.0) - actor/ppo_kl:np.float64(0.0) - actor/pg_clipfrac_lower:np.float64(0.0) - actor/pg_loss:np.float64(0.028106723737437278) - actor/kl_loss:np.float64(0.0009086736263270723) - actor/kl_coef:np.float64(0.0010000000000000002) - actor/loss:np.float64(0.028107628226280212) - actor/grad_norm:np.float64(0.054120007902383804) - actor/lr:np.float64(1e-05) - actor/perf/max_memory_allocated_gb:np.float64(39.21569871902466) - actor/perf/max_memory_reserved_gb:np.float64(41.962890625) - actor/perf/cpu_memory_used_gb:np.float64(132.6615333557129) - perf/mfu/actor:np.float64(0.3407653387280595) - training/global_step:45 - training/epoch:0 - critic/score/mean:1.2801322937011719 - critic/score/max:2.5 - critic/score/min:0.0750187560915947 - critic/rewards/mean:1.2801322937011719 - critic/rewards/max:2.5 - critic/rewards/min:0.0750187560915947 - critic/advantages/mean:-0.028106722980737686 - critic/advantages/max:3.722081422805786 - critic/advantages/min:-3.162597894668579 - critic/returns/mean:-0.028106722980737686 - critic/returns/max:3.722081422805786 - critic/returns/min:-3.162597894668579 - response_length/mean:3310.375 - response_length/max:6662.0 - response_length/min:2957.0 - response_length/clip_ratio:0.0 - response_length_non_aborted/mean:3310.375 - response_length_non_aborted/max:6662.0 - response_length_non_aborted/min:2957.0 - response_length_non_aborted/clip_ratio:0.0 - response/aborted_ratio:0.0 - prompt_length/mean:3991.0 - prompt_length/max:4146.0 - prompt_length/min:3935.0 - prompt_length/clip_ratio:0.0 - num_turns/min:np.int32(4) - num_turns/max:np.int32(6) - num_turns/mean:np.float64(4.015625) - timing_s/start_profile:6.618595216423273e-05 - timing_s/agent_loop/num_preempted/min:np.int64(-1) - timing_s/agent_loop/num_preempted/max:np.int64(-1) - timing_s/agent_loop/num_preempted/mean:np.float64(-1.0) - timing_s/agent_loop/generate_sequences/min:np.float64(62.396987437969074) - timing_s/agent_loop/generate_sequences/max:np.float64(129.83928356983233) - timing_s/agent_loop/generate_sequences/mean:np.float64(109.84694760609545) - timing_s/agent_loop/tool_calls/min:np.float64(0.06618448602966964) - timing_s/agent_loop/tool_calls/max:np.float64(0.8024983059149235) - timing_s/agent_loop/tool_calls/mean:np.float64(0.16113151249555813) - timing_s/agent_loop/compute_score/min:np.float64(0.31997365306597203) - timing_s/agent_loop/compute_score/max:np.float64(6.599740742938593) - timing_s/agent_loop/compute_score/mean:np.float64(2.5324664337258582) - timing_s/agent_loop/slowest/generate_sequences:np.float64(128.14908914000262) - timing_s/agent_loop/slowest/tool_calls:np.float64(0.6978921600384638) - timing_s/agent_loop/slowest/compute_score:np.float64(1.742979531059973) - timing_s/agent_loop/slowest/num_preempted:np.int64(-1) - timing_s/agent_loop/slowest/prompt_length:3938 - timing_s/agent_loop/slowest/response_length:3790 - timing_s/gen:157.66028310905676 - timing_s/reward:0.0005172049859538674 - timing_s/old_log_prob:147.66301013191696 - timing_s/ref:138.0094078099355 - timing_s/adv:0.16235195100307465 - timing_s/update_actor:329.7871638649376 - timing_s/update_weights:4.022937961970456 - timing_s/dump_rollout_generations:0.31509850604925305 - timing_s/step:777.788179735071 - timing_s/stop_profile:4.9637979827821255e-05 - timing_per_token_ms/update_actor:0.3528735639101984 - timing_per_token_ms/ref:0.147670609784475 - timing_per_token_ms/adv:0.00017371722685268469 - timing_per_token_ms/gen:0.37207898252902044 - perf/total_num_tokens:934576 - perf/time_per_step:777.788179735071 - perf/throughput:1201.5816443987794
[36m(TaskRunner pid=928819)[0m Dumped generations to /home/yw4636/agentic-tvg/results/grpo-v2/rollouts/46.jsonl
[36m(TaskRunner pid=928819)[0m step:46 - global_seqlen/min:934412 - global_seqlen/max:934412 - global_seqlen/minmax_diff:0 - global_seqlen/balanced_min:934412 - global_seqlen/balanced_max:934412 - global_seqlen/mean:934412.0 - actor/entropy:1.0862177610397339 - perf/mfu/actor_infer:0.30407712025866135 - training/rollout_probs_diff_valid:1 - training/rollout_probs_diff_max:0.3975762128829956 - training/rollout_probs_diff_mean:0.008801400661468506 - training/rollout_probs_diff_std:0.013777566142380238 - training/rollout_actor_probs_pearson_corr:0.9990431666374207 - rollout_corr/training_ppl:2.9853708744049072 - rollout_corr/training_log_ppl:1.0667170286178589 - rollout_corr/kl:0.0022984943352639675 - rollout_corr/k3_kl:0.0024136952124536037 - rollout_corr/rollout_ppl:2.9782447814941406 - rollout_corr/rollout_log_ppl:1.064344882965088 - rollout_corr/log_ppl_diff:0.0023721009492874146 - rollout_corr/log_ppl_abs_diff:0.003190513700246811 - rollout_corr/log_ppl_diff_max:0.012932181358337402 - rollout_corr/log_ppl_diff_min:-0.004136085510253906 - rollout_corr/ppl_ratio:1.002380609512329 - rollout_corr/chi2_token:0.005106329917907715 - rollout_corr/chi2_seq:1.1257896423339844 - actor/pg_clipfrac:np.float64(0.0) - actor/ppo_kl:np.float64(0.0) - actor/pg_clipfrac_lower:np.float64(0.0) - actor/pg_loss:np.float64(0.006977149489102885) - actor/kl_loss:np.float64(0.0009145804706349736) - actor/kl_coef:np.float64(0.0010000000000000002) - actor/loss:np.float64(0.00697806291282177) - actor/grad_norm:np.float64(0.05406176298856735) - actor/lr:np.float64(1e-05) - actor/perf/max_memory_allocated_gb:np.float64(39.21569871902466) - actor/perf/max_memory_reserved_gb:np.float64(41.962890625) - actor/perf/cpu_memory_used_gb:np.float64(100.5982437133789) - perf/mfu/actor:np.float64(0.33959161457537185) - training/global_step:46 - training/epoch:0 - critic/score/mean:1.2229653596878052 - critic/score/max:2.4800000190734863 - critic/score/min:0.0 - critic/rewards/mean:1.2229653596878052 - critic/rewards/max:2.4800000190734863 - critic/rewards/min:0.0 - critic/advantages/mean:-0.006977170240134001 - critic/advantages/max:3.6104111671447754 - critic/advantages/min:-2.235382556915283 - critic/returns/mean:-0.006977170240134001 - critic/returns/max:3.6104111671447754 - critic/returns/min:-2.235382556915283 - response_length/mean:3308.21875 - response_length/max:9777.0 - response_length/min:2925.0 - response_length/clip_ratio:0.0 - response_length_non_aborted/mean:3308.21875 - response_length_non_aborted/max:9777.0 - response_length_non_aborted/min:2925.0 - response_length_non_aborted/clip_ratio:0.0 - response/aborted_ratio:0.0 - prompt_length/mean:3991.875 - prompt_length/max:4130.0 - prompt_length/min:3938.0 - prompt_length/clip_ratio:0.0 - num_turns/min:np.int32(4) - num_turns/max:np.int32(8) - num_turns/mean:np.float64(4.03125) - timing_s/start_profile:6.285205017775297e-05 - timing_s/agent_loop/num_preempted/min:np.int64(-1) - timing_s/agent_loop/num_preempted/max:np.int64(-1) - timing_s/agent_loop/num_preempted/mean:np.float64(-1.0) - timing_s/agent_loop/generate_sequences/min:np.float64(64.58882520592306) - timing_s/agent_loop/generate_sequences/max:np.float64(126.93197780800983) - timing_s/agent_loop/generate_sequences/mean:np.float64(102.99752879295102) - timing_s/agent_loop/tool_calls/min:np.float64(0.06135072698816657) - timing_s/agent_loop/tool_calls/max:np.float64(2.4819226949475706) - timing_s/agent_loop/tool_calls/mean:np.float64(0.21252291435575899) - timing_s/agent_loop/compute_score/min:np.float64(0.3266130380798131) - timing_s/agent_loop/compute_score/max:np.float64(10.861522531020455) - timing_s/agent_loop/compute_score/mean:np.float64(2.3657172734037886) - timing_s/agent_loop/slowest/generate_sequences:np.float64(126.93197780800983) - timing_s/agent_loop/slowest/tool_calls:np.float64(2.4819226949475706) - timing_s/agent_loop/slowest/compute_score:np.float64(0.6106771159684286) - timing_s/agent_loop/slowest/num_preempted:np.int64(-1) - timing_s/agent_loop/slowest/prompt_length:3957 - timing_s/agent_loop/slowest/response_length:9777 - timing_s/gen:151.15876204904635 - timing_s/reward:0.00047353398986160755 - timing_s/old_log_prob:150.72991121106315 - timing_s/ref:134.17846996092703 - timing_s/adv:0.16417238395661116 - timing_s/update_actor:328.1488865080755 - timing_s/update_weights:3.962209729012102 - timing_s/dump_rollout_generations:0.3382811879273504 - timing_s/step:768.8498970690416 - timing_s/stop_profile:5.2163959480822086e-05 - timing_per_token_ms/update_actor:0.3511822263713175 - timing_per_token_ms/ref:0.14359668964110803 - timing_per_token_ms/adv:0.00017569592851612688 - timing_per_token_ms/gen:0.35696787841135796 - perf/total_num_tokens:934412 - perf/time_per_step:768.8498970690416 - perf/throughput:1215.3373546151247[36m(TaskRunner pid=928819)[0m Training Progress:  35%|███▍      | 46/133 [6:07:59<20:18:38, 840.45s/it]
[36m(TaskRunner pid=928819)[0m Training Progress:  35%|███▌      | 47/133 [6:24:00<20:56:22, 876.55s/it]
[36m(AgentLoopWorker pid=931628)[0m ERROR:2026-09-02 10:37:44,648:Failed to decode tool call: Extra data: line 1 column 134 (char 133)

[36m(TaskRunner pid=928819)[0m Dumped generations to /home/yw4636/agentic-tvg/results/grpo-v2/rollouts/47.jsonl
[36m(TaskRunner pid=928819)[0m step:47 - global_seqlen/min:945519 - global_seqlen/max:945519 - global_seqlen/minmax_diff:0 - global_seqlen/balanced_min:945519 - global_seqlen/balanced_max:945519 - global_seqlen/mean:945519.0 - actor/entropy:0.8248376250267029 - perf/mfu/actor_infer:0.3059998953620819 - training/rollout_probs_diff_valid:1 - training/rollout_probs_diff_max:0.4571714401245117 - training/rollout_probs_diff_mean:0.006984780542552471 - training/rollout_probs_diff_std:0.012652433477342129 - training/rollout_actor_probs_pearson_corr:0.9992308020591736 - rollout_corr/training_ppl:2.8758180141448975 - rollout_corr/training_log_ppl:1.0310893058776855 - rollout_corr/kl:0.002189677907153964 - rollout_corr/k3_kl:0.0019381716847419739 - rollout_corr/rollout_ppl:2.867987871170044 - rollout_corr/rollout_log_ppl:1.0283541679382324 - rollout_corr/log_ppl_diff:0.002735134679824114 - rollout_corr/log_ppl_abs_diff:0.003739557694643736 - rollout_corr/log_ppl_diff_max:0.01453101634979248 - rollout_corr/log_ppl_diff_min:-0.007286548614501953 - rollout_corr/ppl_ratio:1.002746343612671 - rollout_corr/chi2_token:0.003523588180541992 - rollout_corr/chi2_seq:7.473283767700195 - actor/pg_clipfrac:np.float64(0.0) - actor/ppo_kl:np.float64(0.0) - actor/pg_clipfrac_lower:np.float64(0.0) - actor/pg_loss:np.float64(0.5813824723445578) - actor/kl_loss:np.float64(0.000758767767365498) - actor/kl_coef:np.float64(0.0010000000000000002) - actor/loss:np.float64(0.581383228302002) - actor/grad_norm:np.float64(0.04146202281117439) - actor/lr:np.float64(1e-05) - actor/perf/max_memory_allocated_gb:np.float64(39.21569871902466) - actor/perf/max_memory_reserved_gb:np.float64(41.962890625) - actor/perf/cpu_memory_used_gb:np.float64(100.97760772705078) - perf/mfu/actor:np.float64(0.33950269130127164) - training/global_step:47 - training/epoch:0 - critic/score/mean:1.213836669921875 - critic/score/max:2.4891936779022217 - critic/score/min:0.0 - critic/rewards/mean:1.213836669921875 - critic/rewards/max:2.4891936779022217 - critic/rewards/min:0.0 - critic/advantages/mean:-0.5813825130462646 - critic/advantages/max:3.2416954040527344 - critic/advantages/min:-2.6801137924194336 - critic/returns/mean:-0.5813825130462646 - critic/returns/max:3.2416954040527344 - critic/returns/min:-2.6801137924194336 - response_length/mean:3394.9921875 - response_length/max:16362.0 - response_length/min:2916.0 - response_length/clip_ratio:0.0 - response_length_non_aborted/mean:3394.9921875 - response_length_non_aborted/max:16362.0 - response_length_non_aborted/min:2916.0 - response_length_non_aborted/clip_ratio:0.0 - response/aborted_ratio:0.0 - prompt_length/mean:3991.875 - prompt_length/max:4139.0 - prompt_length/min:3937.0 - prompt_length/clip_ratio:0.0 - num_turns/min:np.int32(2) - num_turns/max:np.int32(8) - num_turns/mean:np.float64(4.015625) - timing_s/start_profile:6.153504364192486e-05 - timing_s/agent_loop/num_preempted/min:np.int64(-1) - timing_s/agent_loop/num_preempted/max:np.int64(-1) - timing_s/agent_loop/num_preempted/mean:np.float64(-1.0) - timing_s/agent_loop/generate_sequences/min:np.float64(70.86063842405565) - timing_s/agent_loop/generate_sequences/max:np.float64(326.63137314200867) - timing_s/agent_loop/generate_sequences/mean:np.float64(106.7240612273772) - timing_s/agent_loop/tool_calls/min:np.float64(0.0) - timing_s/agent_loop/tool_calls/max:np.float64(0.5319651319878176) - timing_s/agent_loop/tool_calls/mean:np.float64(0.12978336308333382) - timing_s/agent_loop/compute_score/min:np.float64(0.3241839240072295) - timing_s/agent_loop/compute_score/max:np.float64(18.04348137706984) - timing_s/agent_loop/compute_score/mean:np.float64(2.7794771615481295) - timing_s/agent_loop/slowest/generate_sequences:np.float64(326.63137314200867) - timing_s/agent_loop/slowest/tool_calls:np.float64(0.0) - timing_s/agent_loop/slowest/compute_score:np.float64(0.4009199161082506) - timing_s/agent_loop/slowest/num_preempted:np.int64(-1) - timing_s/agent_loop/slowest/prompt_length:3952 - timing_s/agent_loop/slowest/response_length:16362 - timing_s/gen:345.76387411390897 - timing_s/reward:0.0005313890287652612 - timing_s/old_log_prob:144.14917756407522 - timing_s/ref:135.08853867906146 - timing_s/adv:0.16663665999658406 - timing_s/update_actor:330.2609145180322 - timing_s/update_weights:3.9949193260399625 - timing_s/dump_rollout_generations:0.32413013104815036 - timing_s/step:959.8982379049994 - timing_s/stop_profile:4.885892849415541e-05 - timing_per_token_ms/update_actor:0.3492906166010754 - timing_per_token_ms/ref:0.1428723681692927 - timing_per_token_ms/adv:0.00017623829875082793 - timing_per_token_ms/gen:0.795666121548303 - perf/total_num_tokens:945519 - perf/time_per_step:959.8982379049994 - perf/throughput:985.0200392737646
[36m(TaskRunner pid=928819)[0m Dumped generations to /home/yw4636/agentic-tvg/results/grpo-v2/rollouts/48.jsonl
[36m(TaskRunner pid=928819)[0m step:48 - global_seqlen/min:927313 - global_seqlen/max:927313 - global_seqlen/minmax_diff:0 - global_seqlen/balanced_min:927313 - global_seqlen/balanced_max:927313 - global_seqlen/mean:927313.0 - actor/entropy:1.0681184530258179 - perf/mfu/actor_infer:0.30448108834682386 - training/rollout_probs_diff_valid:1 - training/rollout_probs_diff_max:0.2067517638206482 - training/rollout_probs_diff_mean:0.008995386771857738 - training/rollout_probs_diff_std:0.013323462568223476 - training/rollout_actor_probs_pearson_corr:0.9990542531013489 - rollout_corr/training_ppl:2.9335644245147705 - rollout_corr/training_log_ppl:1.0585200786590576 - rollout_corr/kl:0.002799715381115675 - rollout_corr/k3_kl:0.002360314130783081 - rollout_corr/rollout_ppl:2.92518949508667 - rollout_corr/rollout_log_ppl:1.0556927919387817 - rollout_corr/log_ppl_diff:0.0028271805495023727 - rollout_corr/log_ppl_abs_diff:0.003488379530608654 - rollout_corr/log_ppl_diff_max:0.011571705341339111 - rollout_corr/log_ppl_diff_min:-0.00480276346206665 - rollout_corr/ppl_ratio:1.0028364658355713 - rollout_corr/chi2_token:0.003901362419128418 - rollout_corr/chi2_seq:1.001356601715088 - actor/pg_clipfrac:np.float64(0.0) - actor/ppo_kl:np.float64(0.0) - actor/pg_clipfrac_lower:np.float64(0.0) - actor/pg_loss:np.float64(-0.014399241335922852) - actor/kl_loss:np.float64(0.0009445105297345435) - actor/kl_coef:np.float64(0.0010000000000000002) - actor/loss:np.float64(-0.014398302882909775) - actor/grad_norm:np.float64(0.05101590231060982) - actor/lr:np.float64(1e-05) - actor/perf/max_memory_allocated_gb:np.float64(39.21569871902466) - actor/perf/max_memory_reserved_gb:np.float64(41.962890625) - actor/perf/cpu_memory_used_gb:np.float64(117.099609375) - perf/mfu/actor:np.float64(0.33938848256857057) - training/global_step:48 - training/epoch:0 - critic/score/mean:1.0562750101089478 - critic/score/max:2.2263922691345215 - critic/score/min:0.0 - critic/rewards/mean:1.0562750101089478 - critic/rewards/max:2.2263922691345215 - critic/rewards/min:0.0 - critic/advantages/mean:0.014399240724742413 - critic/advantages/max:2.3561995029449463 - critic/advantages/min:-3.1040101051330566 - critic/returns/mean:0.014399240724742413 - critic/returns/max:2.3561995029449463 - critic/returns/min:-3.1040101051330566 - response_length/mean:3226.8828125 - response_length/max:3586.0 - response_length/min:247.0 - response_length/clip_ratio:0.0 - response_length_non_aborted/mean:3226.8828125 - response_length_non_aborted/max:3586.0 - response_length_non_aborted/min:247.0 - response_length_non_aborted/clip_ratio:0.0 - response/aborted_ratio:0.0 - prompt_length/mean:4017.75 - prompt_length/max:4144.0 - prompt_length/min:3936.0 - prompt_length/clip_ratio:0.0 - num_turns/min:np.int32(2) - num_turns/max:np.int32(4) - num_turns/mean:np.float64(3.984375) - timing_s/start_profile:6.346998270601034e-05 - timing_s/agent_loop/num_preempted/min:np.int64(-1) - timing_s/agent_loop/num_preempted/max:np.int64(-1) - timing_s/agent_loop/num_preempted/mean:np.float64(-1.0) - timing_s/agent_loop/generate_sequences/min:np.float64(66.83894147688989) - timing_s/agent_loop/generate_sequences/max:np.float64(120.03011096199043) - timing_s/agent_loop/generate_sequences/mean:np.float64(104.71482869984447) - timing_s/agent_loop/tool_calls/min:np.float64(0.0) - timing_s/agent_loop/tool_calls/max:np.float64(0.7836413860786706) - timing_s/agent_loop/tool_calls/mean:np.float64(0.1345051757316469) - timing_s/agent_loop/compute_score/min:np.float64(0.2362263749819249) - timing_s/agent_loop/compute_score/max:np.float64(13.386826681089588) - timing_s/agent_loop/compute_score/mean:np.float64(3.0874870182751692) - timing_s/agent_loop/slowest/generate_sequences:np.float64(112.01871038798708) - timing_s/agent_loop/slowest/tool_calls:np.float64(0.4367531279567629) - timing_s/agent_loop/slowest/compute_score:np.float64(13.386826681089588) - timing_s/agent_loop/slowest/num_preempted:np.int64(-1) - timing_s/agent_loop/slowest/prompt_length:3936 - timing_s/agent_loop/slowest/response_length:3350 - timing_s/gen:151.4243387839524 - timing_s/reward:0.00045357004273682833 - timing_s/old_log_prob:140.70990928902756 - timing_s/ref:131.61577507201582 - timing_s/adv:0.1616712739923969 - timing_s/update_actor:336.18509024300147 - timing_s/update_weights:3.995941171073355 - timing_s/dump_rollout_generations:0.3240530709736049 - timing_s/step:764.5728866159916 - timing_s/stop_profile:4.938000347465277e-05 - timing_per_token_ms/update_actor:0.36253680283032963 - timing_per_token_ms/ref:0.14193241664035317 - timing_per_token_ms/adv:0.0001743438019227563 - timing_per_token_ms/gen:0.3666084935489513 - perf/total_num_tokens:927313 - perf/time_per_step:764.5728866159916 - perf/throughput:1212.851012941746[36m(TaskRunner pid=928819)[0m Training Progress:  36%|███▌      | 48/133 [6:36:44<19:54:12, 842.97s/it]
[36m(TaskRunner pid=928819)[0m Training Progress:  37%|███▋      | 49/133 [6:49:06<18:57:49, 812.73s/it]

[36m(TaskRunner pid=928819)[0m Dumped generations to /home/yw4636/agentic-tvg/results/grpo-v2/rollouts/49.jsonl
[36m(TaskRunner pid=928819)[0m step:49 - global_seqlen/min:915283 - global_seqlen/max:915283 - global_seqlen/minmax_diff:0 - global_seqlen/balanced_min:915283 - global_seqlen/balanced_max:915283 - global_seqlen/mean:915283.0 - actor/entropy:1.1116007566452026 - perf/mfu/actor_infer:0.3063159544407948 - training/rollout_probs_diff_valid:1 - training/rollout_probs_diff_max:0.2846974730491638 - training/rollout_probs_diff_mean:0.008995933458209038 - training/rollout_probs_diff_std:0.01364460401237011 - training/rollout_actor_probs_pearson_corr:0.999040424823761 - rollout_corr/training_ppl:3.026994466781616 - rollout_corr/training_log_ppl:1.0860035419464111 - rollout_corr/kl:0.0027568999212235212 - rollout_corr/k3_kl:0.0024824838619679213 - rollout_corr/rollout_ppl:3.0185070037841797 - rollout_corr/rollout_log_ppl:1.0832170248031616 - rollout_corr/log_ppl_diff:0.0027864675503224134 - rollout_corr/log_ppl_abs_diff:0.0034344203304499388 - rollout_corr/log_ppl_diff_max:0.012132644653320312 - rollout_corr/log_ppl_diff_min:-0.008096694946289062 - rollout_corr/ppl_ratio:1.0027954578399658 - rollout_corr/chi2_token:0.004454135894775391 - rollout_corr/chi2_seq:6.2304511070251465 - actor/pg_clipfrac:np.float64(0.0) - actor/ppo_kl:np.float64(0.0) - actor/pg_clipfrac_lower:np.float64(0.0) - actor/pg_loss:np.float64(0.02382541145198047) - actor/kl_loss:np.float64(0.000956744994255132) - actor/kl_coef:np.float64(0.0010000000000000002) - actor/loss:np.float64(0.023826364427804947) - actor/grad_norm:np.float64(0.05209362506866455) - actor/lr:np.float64(1e-05) - actor/perf/max_memory_allocated_gb:np.float64(39.21569871902466) - actor/perf/max_memory_reserved_gb:np.float64(41.962890625) - actor/perf/cpu_memory_used_gb:np.float64(100.1416130065918) - perf/mfu/actor:np.float64(0.3409575737736549) - training/global_step:49 - training/epoch:0 - critic/score/mean:0.9654478430747986 - critic/score/max:2.3840579986572266 - critic/score/min:0.5 - critic/rewards/mean:0.9654478430747986 - critic/rewards/max:2.3840579986572266 - critic/rewards/min:0.5 - critic/advantages/mean:-0.023825403302907944 - critic/advantages/max:2.846327781677246 - critic/advantages/min:-1.452595591545105 - critic/returns/mean:-0.023825403302907944 - critic/returns/max:2.846327781677246 - critic/returns/min:-1.452595591545105 - response_length/mean:3231.0234375 - response_length/max:3717.0 - response_length/min:2718.0 - response_length/clip_ratio:0.0 - response_length_non_aborted/mean:3231.0234375 - response_length_non_aborted/max:3717.0 - response_length_non_aborted/min:2718.0 - response_length_non_aborted/clip_ratio:0.0 - response/aborted_ratio:0.0 - prompt_length/mean:3919.625 - prompt_length/max:3951.0 - prompt_length/min:3751.0 - prompt_length/clip_ratio:0.0 - num_turns/min:np.int32(4) - num_turns/max:np.int32(4) - num_turns/mean:np.float64(4.0) - timing_s/start_profile:6.255297921597958e-05 - timing_s/agent_loop/num_preempted/min:np.int64(-1) - timing_s/agent_loop/num_preempted/max:np.int64(-1) - timing_s/agent_loop/num_preempted/mean:np.float64(-1.0) - timing_s/agent_loop/generate_sequences/min:np.float64(66.86781834496651) - timing_s/agent_loop/generate_sequences/max:np.float64(118.8817237589974) - timing_s/agent_loop/generate_sequences/mean:np.float64(102.65059676205692) - timing_s/agent_loop/tool_calls/min:np.float64(0.06767566408962011) - timing_s/agent_loop/tool_calls/max:np.float64(0.7754373470088467) - timing_s/agent_loop/tool_calls/mean:np.float64(0.14905740374342713) - timing_s/agent_loop/compute_score/min:np.float64(0.3225508709438145) - timing_s/agent_loop/compute_score/max:np.float64(7.37680080300197) - timing_s/agent_loop/compute_score/mean:np.float64(2.8610810367672457) - timing_s/agent_loop/slowest/generate_sequences:np.float64(118.8817237589974) - timing_s/agent_loop/slowest/tool_calls:np.float64(0.1287098629400134) - timing_s/agent_loop/slowest/compute_score:np.float64(2.978649944998324) - timing_s/agent_loop/slowest/num_preempted:np.int64(-1) - timing_s/agent_loop/slowest/prompt_length:3948 - timing_s/agent_loop/slowest/response_length:3585 - timing_s/gen:147.04251240298618 - timing_s/reward:0.000405383063480258 - timing_s/old_log_prob:141.2370851719752 - timing_s/ref:132.5955211709952 - timing_s/adv:0.1662877619965002 - timing_s/update_actor:316.595462872996 - timing_s/update_weights:3.981066911946982 - timing_s/dump_rollout_generations:0.3223478760337457 - timing_s/step:742.0897423729766 - timing_s/stop_profile:5.501694977283478e-05 - timing_per_token_ms/update_actor:0.3458989873875031 - timing_per_token_ms/ref:0.1448683316209251 - timing_per_token_ms/adv:0.0001816790675632566 - timing_per_token_ms/gen:0.35554357632180733 - perf/total_num_tokens:915283 - perf/time_per_step:742.0897423729766 - perf/throughput:1233.3858666112324
[36m(TaskRunner pid=928819)[0m Dumped generations to /home/yw4636/agentic-tvg/results/grpo-v2/rollouts/50.jsonl
[36m(TaskRunner pid=928819)[0m step:50 - global_seqlen/min:931334 - global_seqlen/max:931334 - global_seqlen/minmax_diff:0 - global_seqlen/balanced_min:931334 - global_seqlen/balanced_max:931334 - global_seqlen/mean:931334.0 - actor/entropy:1.1232731342315674 - perf/mfu/actor_infer:0.303604706083976 - training/rollout_probs_diff_valid:1 - training/rollout_probs_diff_max:0.35131388902664185 - training/rollout_probs_diff_mean:0.00853023212403059 - training/rollout_probs_diff_std:0.013052311725914478 - training/rollout_actor_probs_pearson_corr:0.9991414546966553 - rollout_corr/training_ppl:3.164832592010498 - rollout_corr/training_log_ppl:1.1177794933319092 - rollout_corr/kl:0.0022428790107369423 - rollout_corr/k3_kl:0.002266746712848544 - rollout_corr/rollout_ppl:3.1576828956604004 - rollout_corr/rollout_log_ppl:1.115566611289978 - rollout_corr/log_ppl_diff:0.002212857361882925 - rollout_corr/log_ppl_abs_diff:0.0029131234623491764 - rollout_corr/log_ppl_diff_max:0.009740829467773438 - rollout_corr/log_ppl_diff_min:-0.00506436824798584 - rollout_corr/ppl_ratio:1.0022190809249878 - rollout_corr/chi2_token:0.004649519920349121 - rollout_corr/chi2_seq:7.497739791870117 - actor/pg_clipfrac:np.float64(0.0) - actor/ppo_kl:np.float64(0.0) - actor/pg_clipfrac_lower:np.float64(0.0) - actor/pg_loss:np.float64(0.06413308065384626) - actor/kl_loss:np.float64(0.0009834541924647056) - actor/kl_coef:np.float64(0.0010000000000000002) - actor/loss:np.float64(0.06413406878709793) - actor/grad_norm:np.float64(0.054196540266275406) - actor/lr:np.float64(1e-05) - actor/perf/max_memory_allocated_gb:np.float64(39.21569871902466) - actor/perf/max_memory_reserved_gb:np.float64(41.962890625) - actor/perf/cpu_memory_used_gb:np.float64(100.61697006225586) - perf/mfu/actor:np.float64(0.33963628011976776) - training/global_step:50 - training/epoch:0 - critic/score/mean:1.2026020288467407 - critic/score/max:2.4700000286102295 - critic/score/min:0.0 - critic/rewards/mean:1.2026020288467407 - critic/rewards/max:2.4700000286102295 - critic/rewards/min:0.0 - critic/advantages/mean:-0.06413310021162033 - critic/advantages/max:3.228382110595703 - critic/advantages/min:-2.496401071548462 - critic/returns/mean:-0.06413310021162033 - critic/returns/max:3.228382110595703 - critic/returns/min:-2.496401071548462 - response_length/mean:3257.546875 - response_length/max:3677.0 - response_length/min:2905.0 - response_length/clip_ratio:0.0 - response_length_non_aborted/mean:3257.546875 - response_length_non_aborted/max:3677.0 - response_length_non_aborted/min:2905.0 - response_length_non_aborted/clip_ratio:0.0 - response/aborted_ratio:0.0 - prompt_length/mean:4018.5 - prompt_length/max:4142.0 - prompt_length/min:3939.0 - prompt_length/clip_ratio:0.0 - num_turns/min:np.int32(4) - num_turns/max:np.int32(4) - num_turns/mean:np.float64(4.0) - timing_s/start_profile:8.304591756314039e-05 - timing_s/agent_loop/num_preempted/min:np.int64(-1) - timing_s/agent_loop/num_preempted/max:np.int64(-1) - timing_s/agent_loop/num_preempted/mean:np.float64(-1.0) - timing_s/agent_loop/generate_sequences/min:np.float64(56.48760012094863) - timing_s/agent_loop/generate_sequences/max:np.float64(126.69139546400402) - timing_s/agent_loop/generate_sequences/mean:np.float64(109.38203186919145) - timing_s/agent_loop/tool_calls/min:np.float64(0.06790262006688863) - timing_s/agent_loop/tool_calls/max:np.float64(0.7539105609757826) - timing_s/agent_loop/tool_calls/mean:np.float64(0.15068573386815842) - timing_s/agent_loop/compute_score/min:np.float64(0.33652149606496096) - timing_s/agent_loop/compute_score/max:np.float64(13.111076688976027) - timing_s/agent_loop/compute_score/mean:np.float64(2.7409284708164705) - timing_s/agent_loop/slowest/generate_sequences:np.float64(126.69139546400402) - timing_s/agent_loop/slowest/tool_calls:np.float64(0.11671783402562141) - timing_s/agent_loop/slowest/compute_score:np.float64(4.139647274045274) - timing_s/agent_loop/slowest/num_preempted:np.int64(-1) - timing_s/agent_loop/slowest/prompt_length:3939 - timing_s/agent_loop/slowest/response_length:3677 - timing_s/gen:158.0116226109676 - timing_s/reward:0.00042688194662332535 - timing_s/old_log_prob:142.94067911210004 - timing_s/ref:134.8016577810049 - timing_s/adv:0.18626893893815577 - timing_s/update_actor:332.56209140701685 - timing_s/update_weights:3.99108355701901 - timing_s/dump_rollout_generations:0.3267035250319168 - timing_s/step:772.9942134380108 - timing_s/stop_profile:4.962703678756952e-05 - timing_per_token_ms/update_actor:0.3570814459764347 - timing_per_token_ms/ref:0.14474040224130647 - timing_per_token_ms/adv:0.00020000229663918182 - timing_per_token_ms/gen:0.3789556525255479 - perf/total_num_tokens:931334 - perf/time_per_step:772.9942134380108 - perf/throughput:1204.839549649083[36m(TaskRunner pid=928819)[0m Training Progress:  38%|███▊      | 50/133 [7:02:00<18:27:48, 800.83s/it]
[36m(TaskRunner pid=928819)[0m Training Progress:  38%|███▊      | 51/133 [7:14:38<17:57:15, 788.24s/it]

[36m(TaskRunner pid=928819)[0m Dumped generations to /home/yw4636/agentic-tvg/results/grpo-v2/rollouts/51.jsonl
[36m(TaskRunner pid=928819)[0m step:51 - global_seqlen/min:930438 - global_seqlen/max:930438 - global_seqlen/minmax_diff:0 - global_seqlen/balanced_min:930438 - global_seqlen/balanced_max:930438 - global_seqlen/mean:930438.0 - actor/entropy:1.115269422531128 - perf/mfu/actor_infer:0.305102631114398 - training/rollout_probs_diff_valid:1 - training/rollout_probs_diff_max:0.3596952557563782 - training/rollout_probs_diff_mean:0.008771169930696487 - training/rollout_probs_diff_std:0.0134322140365839 - training/rollout_actor_probs_pearson_corr:0.9990885853767395 - rollout_corr/training_ppl:3.2692134380340576 - rollout_corr/training_log_ppl:1.100234866142273 - rollout_corr/kl:0.0017453031614422798 - rollout_corr/k3_kl:0.002488841535523534 - rollout_corr/rollout_ppl:3.2629244327545166 - rollout_corr/rollout_log_ppl:1.098330020904541 - rollout_corr/log_ppl_diff:0.0019048652611672878 - rollout_corr/log_ppl_abs_diff:0.0030145137570798397 - rollout_corr/log_ppl_diff_max:0.014375448226928711 - rollout_corr/log_ppl_diff_min:-0.0056348443031311035 - rollout_corr/ppl_ratio:1.0019127130508423 - rollout_corr/chi2_token:0.006858110427856445 - rollout_corr/chi2_seq:6.4835524559021 - actor/pg_clipfrac:np.float64(0.0) - actor/ppo_kl:np.float64(0.0) - actor/pg_clipfrac_lower:np.float64(0.0) - actor/pg_loss:np.float64(0.0237225073215086) - actor/kl_loss:np.float64(0.000998826879367698) - actor/kl_coef:np.float64(0.0010000000000000002) - actor/loss:np.float64(0.023723503574728966) - actor/grad_norm:np.float64(0.05440705269575119) - actor/lr:np.float64(1e-05) - actor/perf/max_memory_allocated_gb:np.float64(39.21569871902466) - actor/perf/max_memory_reserved_gb:np.float64(41.962890625) - actor/perf/cpu_memory_used_gb:np.float64(100.81389999389648) - perf/mfu/actor:np.float64(0.3405768064543416) - training/global_step:51 - training/epoch:0 - critic/score/mean:1.1120129823684692 - critic/score/max:2.304166555404663 - critic/score/min:0.0 - critic/rewards/mean:1.1120129823684692 - critic/rewards/max:2.304166555404663 - critic/rewards/min:0.0 - critic/advantages/mean:-0.023722536861896515 - critic/advantages/max:2.074359178543091 - critic/advantages/min:-3.395810842514038 - critic/returns/mean:-0.023722536861896515 - critic/returns/max:2.074359178543091 - critic/returns/min:-3.395810842514038 - response_length/mean:3297.921875 - response_length/max:3789.0 - response_length/min:3055.0 - response_length/clip_ratio:0.0 - response_length_non_aborted/mean:3297.921875 - response_length_non_aborted/max:3789.0 - response_length_non_aborted/min:3055.0 - response_length_non_aborted/clip_ratio:0.0 - response/aborted_ratio:0.0 - prompt_length/mean:3971.125 - prompt_length/max:4134.0 - prompt_length/min:3938.0 - prompt_length/clip_ratio:0.0 - num_turns/min:np.int32(4) - num_turns/max:np.int32(4) - num_turns/mean:np.float64(4.0) - timing_s/start_profile:5.960301496088505e-05 - timing_s/agent_loop/num_preempted/min:np.int64(-1) - timing_s/agent_loop/num_preempted/max:np.int64(-1) - timing_s/agent_loop/num_preempted/mean:np.float64(-1.0) - timing_s/agent_loop/generate_sequences/min:np.float64(66.77916786598507) - timing_s/agent_loop/generate_sequences/max:np.float64(123.49864057207014) - timing_s/agent_loop/generate_sequences/mean:np.float64(106.82810898075695) - timing_s/agent_loop/tool_calls/min:np.float64(0.065086605027318) - timing_s/agent_loop/tool_calls/max:np.float64(0.7239414909854531) - timing_s/agent_loop/tool_calls/mean:np.float64(0.1368670810761614) - timing_s/agent_loop/compute_score/min:np.float64(0.33338500396348536) - timing_s/agent_loop/compute_score/max:np.float64(12.722533277003095) - timing_s/agent_loop/compute_score/mean:np.float64(2.0958223350653498) - timing_s/agent_loop/slowest/generate_sequences:np.float64(122.86899469909258) - timing_s/agent_loop/slowest/tool_calls:np.float64(0.08280157600529492) - timing_s/agent_loop/slowest/compute_score:np.float64(3.034514087019488) - timing_s/agent_loop/slowest/num_preempted:np.int64(-1) - timing_s/agent_loop/slowest/prompt_length:3951 - timing_s/agent_loop/slowest/response_length:3491 - timing_s/gen:156.50780496106017 - timing_s/reward:0.0005271590780466795 - timing_s/old_log_prob:143.15253062697593 - timing_s/ref:131.02825436892454 - timing_s/adv:0.16960133099928498 - timing_s/update_actor:322.4952818690799 - timing_s/update_weights:4.0025689859176055 - timing_s/dump_rollout_generations:0.32241508597508073 - timing_s/step:757.8486905599711 - timing_s/stop_profile:4.890898708254099e-05 - timing_per_token_ms/update_actor:0.3466058801006407 - timing_per_token_ms/ref:0.140824272406033 - timing_per_token_ms/adv:0.00018228117402694751 - timing_per_token_ms/gen:0.3707538482118478 - perf/total_num_tokens:930438 - perf/time_per_step:757.8486905599711 - perf/throughput:1227.73584171862
[36m(TaskRunner pid=928819)[0m Dumped generations to /home/yw4636/agentic-tvg/results/grpo-v2/rollouts/52.jsonl
[36m(TaskRunner pid=928819)[0m step:52 - global_seqlen/min:929478 - global_seqlen/max:929478 - global_seqlen/minmax_diff:0 - global_seqlen/balanced_min:929478 - global_seqlen/balanced_max:929478 - global_seqlen/mean:929478.0 - actor/entropy:1.026219367980957 - perf/mfu/actor_infer:0.3050517506743127 - training/rollout_probs_diff_valid:1 - training/rollout_probs_diff_max:0.5318326950073242 - training/rollout_probs_diff_mean:0.00898588728159666 - training/rollout_probs_diff_std:0.013857325538992882 - training/rollout_actor_probs_pearson_corr:0.9990032315254211 - rollout_corr/training_ppl:2.805844306945801 - rollout_corr/training_log_ppl:1.0119667053222656 - rollout_corr/kl:0.0027142364997416735 - rollout_corr/k3_kl:0.002407282590866089 - rollout_corr/rollout_ppl:2.7982091903686523 - rollout_corr/rollout_log_ppl:1.0091774463653564 - rollout_corr/log_ppl_diff:0.002789204940199852 - rollout_corr/log_ppl_abs_diff:0.0034141866490244865 - rollout_corr/log_ppl_diff_max:0.00977480411529541 - rollout_corr/log_ppl_diff_min:-0.005454659461975098 - rollout_corr/ppl_ratio:1.0027979612350464 - rollout_corr/chi2_token:0.004248499870300293 - rollout_corr/chi2_seq:2.1816065311431885 - actor/pg_clipfrac:np.float64(0.0) - actor/ppo_kl:np.float64(0.0) - actor/pg_clipfrac_lower:np.float64(0.0) - actor/pg_loss:np.float64(0.044403017447621096) - actor/kl_loss:np.float64(0.0009790789772523567) - actor/kl_coef:np.float64(0.0010000000000000002) - actor/loss:np.float64(0.04440400376915932) - actor/grad_norm:np.float64(0.055782873183488846) - actor/lr:np.float64(1e-05) - actor/perf/max_memory_allocated_gb:np.float64(39.21569871902466) - actor/perf/max_memory_reserved_gb:np.float64(41.962890625) - actor/perf/cpu_memory_used_gb:np.float64(100.97920227050781) - perf/mfu/actor:np.float64(0.33946512468088813) - training/global_step:52 - training/epoch:0 - critic/score/mean:1.4299464225769043 - critic/score/max:2.424750566482544 - critic/score/min:0.0076161460019648075 - critic/rewards/mean:1.4299464225769043 - critic/rewards/max:2.424750566482544 - critic/rewards/min:0.0076161460019648075 - critic/advantages/mean:-0.04440300911664963 - critic/advantages/max:3.1311800479888916 - critic/advantages/min:-2.8425960540771484 - critic/returns/mean:-0.04440300911664963 - critic/returns/max:3.1311800479888916 - critic/returns/min:-2.8425960540771484 - response_length/mean:3237.796875 - response_length/max:3658.0 - response_length/min:2911.0 - response_length/clip_ratio:0.0 - response_length_non_aborted/mean:3237.796875 - response_length_non_aborted/max:3658.0 - response_length_non_aborted/min:2911.0 - response_length_non_aborted/clip_ratio:0.0 - response/aborted_ratio:0.0 - prompt_length/mean:4023.75 - prompt_length/max:4142.0 - prompt_length/min:3943.0 - prompt_length/clip_ratio:0.0 - num_turns/min:np.int32(4) - num_turns/max:np.int32(4) - num_turns/mean:np.float64(4.0) - timing_s/start_profile:6.773602217435837e-05 - timing_s/agent_loop/num_preempted/min:np.int64(-1) - timing_s/agent_loop/num_preempted/max:np.int64(-1) - timing_s/agent_loop/num_preempted/mean:np.float64(-1.0) - timing_s/agent_loop/generate_sequences/min:np.float64(61.71742151805665) - timing_s/agent_loop/generate_sequences/max:np.float64(119.27973262092564) - timing_s/agent_loop/generate_sequences/mean:np.float64(102.73982681798589) - timing_s/agent_loop/tool_calls/min:np.float64(0.06382558692712337) - timing_s/agent_loop/tool_calls/max:np.float64(0.7743394260760397) - timing_s/agent_loop/tool_calls/mean:np.float64(0.13472973604712024) - timing_s/agent_loop/compute_score/min:np.float64(0.32389632891863585) - timing_s/agent_loop/compute_score/max:np.float64(13.599881491041742) - timing_s/agent_loop/compute_score/mean:np.float64(1.935280642914222) - timing_s/agent_loop/slowest/generate_sequences:np.float64(115.74688127206173) - timing_s/agent_loop/slowest/tool_calls:np.float64(0.0819110730662942) - timing_s/agent_loop/slowest/compute_score:np.float64(13.599881491041742) - timing_s/agent_loop/slowest/num_preempted:np.int64(-1) - timing_s/agent_loop/slowest/prompt_length:4142 - timing_s/agent_loop/slowest/response_length:3328 - timing_s/gen:148.1446525430074 - timing_s/reward:0.00044943299144506454 - timing_s/old_log_prob:141.29726392007433 - timing_s/ref:131.8715631889645 - timing_s/adv:0.16869816300459206 - timing_s/update_actor:326.52694973594043 - timing_s/update_weights:4.020132442004979 - timing_s/dump_rollout_generations:0.3245127770351246 - timing_s/step:752.5202537860023 - timing_s/stop_profile:5.3644063882529736e-05 - timing_per_token_ms/update_actor:0.35130142912036694 - timing_per_token_ms/ref:0.141877013968017 - timing_per_token_ms/adv:0.00018149774712751895 - timing_per_token_ms/gen:0.3574591435703468 - perf/total_num_tokens:929478 - perf/time_per_step:752.5202537860023 - perf/throughput:1235.1534664000153[36m(TaskRunner pid=928819)[0m Training Progress:  39%|███▉      | 52/133 [7:27:11<17:29:41, 777.54s/it]
[36m(TaskRunner pid=928819)[0m Training Progress:  40%|███▉      | 53/133 [7:39:30<17:01:23, 766.04s/it]

[36m(TaskRunner pid=928819)[0m Dumped generations to /home/yw4636/agentic-tvg/results/grpo-v2/rollouts/53.jsonl
[36m(TaskRunner pid=928819)[0m step:53 - global_seqlen/min:914083 - global_seqlen/max:914083 - global_seqlen/minmax_diff:0 - global_seqlen/balanced_min:914083 - global_seqlen/balanced_max:914083 - global_seqlen/mean:914083.0 - actor/entropy:1.0893527269363403 - perf/mfu/actor_infer:0.3035510831501863 - training/rollout_probs_diff_valid:1 - training/rollout_probs_diff_max:0.2857031226158142 - training/rollout_probs_diff_mean:0.008846617303788662 - training/rollout_probs_diff_std:0.013420539908111095 - training/rollout_actor_probs_pearson_corr:0.9990646243095398 - rollout_corr/training_ppl:3.008411407470703 - rollout_corr/training_log_ppl:1.072697639465332 - rollout_corr/kl:0.0020731319673359394 - rollout_corr/k3_kl:0.002390565350651741 - rollout_corr/rollout_ppl:3.0022246837615967 - rollout_corr/rollout_log_ppl:1.0706603527069092 - rollout_corr/log_ppl_diff:0.0020371810533106327 - rollout_corr/log_ppl_abs_diff:0.003106421325355768 - rollout_corr/log_ppl_diff_max:0.010379374027252197 - rollout_corr/log_ppl_diff_min:-0.007218897342681885 - rollout_corr/ppl_ratio:1.002044677734375 - rollout_corr/chi2_token:0.00551915168762207 - rollout_corr/chi2_seq:11.6696138381958 - actor/pg_clipfrac:np.float64(0.0) - actor/ppo_kl:np.float64(0.0) - actor/pg_clipfrac_lower:np.float64(0.0) - actor/pg_loss:np.float64(0.026599957593134604) - actor/kl_loss:np.float64(0.0010156581411138177) - actor/kl_coef:np.float64(0.0010000000000000002) - actor/loss:np.float64(0.026600971817970276) - actor/grad_norm:np.float64(0.05942058563232422) - actor/lr:np.float64(1e-05) - actor/perf/max_memory_allocated_gb:np.float64(39.21569871902466) - actor/perf/max_memory_reserved_gb:np.float64(41.962890625) - actor/perf/cpu_memory_used_gb:np.float64(116.67230224609375) - perf/mfu/actor:np.float64(0.3391438392067423) - training/global_step:53 - training/epoch:0 - critic/score/mean:1.2856768369674683 - critic/score/max:2.469072103500366 - critic/score/min:0.0 - critic/rewards/mean:1.2856768369674683 - critic/rewards/max:2.469072103500366 - critic/rewards/min:0.0 - critic/advantages/mean:-0.026599954813718796 - critic/advantages/max:2.4505183696746826 - critic/advantages/min:-3.250441074371338 - critic/returns/mean:-0.026599954813718796 - critic/returns/max:2.4505183696746826 - critic/returns/min:-3.250441074371338 - response_length/mean:3190.3984375 - response_length/max:3566.0 - response_length/min:267.0 - response_length/clip_ratio:0.0 - response_length_non_aborted/mean:3190.3984375 - response_length_non_aborted/max:3566.0 - response_length_non_aborted/min:267.0 - response_length_non_aborted/clip_ratio:0.0 - response/aborted_ratio:0.0 - prompt_length/mean:3950.875 - prompt_length/max:4139.0 - prompt_length/min:3625.0 - prompt_length/clip_ratio:0.0 - num_turns/min:np.int32(2) - num_turns/max:np.int32(4) - num_turns/mean:np.float64(3.984375) - timing_s/start_profile:9.128707461059093e-05 - timing_s/agent_loop/num_preempted/min:np.int64(-1) - timing_s/agent_loop/num_preempted/max:np.int64(-1) - timing_s/agent_loop/num_preempted/mean:np.float64(-1.0) - timing_s/agent_loop/generate_sequences/min:np.float64(35.62324096204247) - timing_s/agent_loop/generate_sequences/max:np.float64(118.37276329507586) - timing_s/agent_loop/generate_sequences/mean:np.float64(101.19141081731868) - timing_s/agent_loop/tool_calls/min:np.float64(0.0) - timing_s/agent_loop/tool_calls/max:np.float64(0.9312134750653058) - timing_s/agent_loop/tool_calls/mean:np.float64(0.19217385817501054) - timing_s/agent_loop/compute_score/min:np.float64(0.23600387596525252) - timing_s/agent_loop/compute_score/max:np.float64(13.507330716005526) - timing_s/agent_loop/compute_score/mean:np.float64(2.227730768299807) - timing_s/agent_loop/slowest/generate_sequences:np.float64(115.42176376306452) - timing_s/agent_loop/slowest/tool_calls:np.float64(0.08517604705411941) - timing_s/agent_loop/slowest/compute_score:np.float64(6.833956902031787) - timing_s/agent_loop/slowest/num_preempted:np.int64(-1) - timing_s/agent_loop/slowest/prompt_length:3938 - timing_s/agent_loop/slowest/response_length:3356 - timing_s/gen:147.83000837790314 - timing_s/reward:0.00044796697329729795 - timing_s/old_log_prob:141.37049017299432 - timing_s/ref:129.73984441009816 - timing_s/adv:0.1682702039834112 - timing_s/update_actor:315.54120661504567 - timing_s/update_weights:4.01743829192128 - timing_s/dump_rollout_generations:0.32247073599137366 - timing_s/step:739.1441648630425 - timing_s/stop_profile:5.159107968211174e-05 - timing_per_token_ms/update_actor:0.34519973198828297 - timing_per_token_ms/ref:0.14193442434669298 - timing_per_token_ms/adv:0.00018408635100249232 - timing_per_token_ms/gen:0.3619992809918019 - perf/total_num_tokens:914083 - perf/time_per_step:739.1441648630425 - perf/throughput:1236.6775569003812
[36m(TaskRunner pid=928819)[0m Dumped generations to /home/yw4636/agentic-tvg/results/grpo-v2/rollouts/54.jsonl
[36m(TaskRunner pid=928819)[0m step:54 - global_seqlen/min:933340 - global_seqlen/max:933340 - global_seqlen/minmax_diff:0 - global_seqlen/balanced_min:933340 - global_seqlen/balanced_max:933340 - global_seqlen/mean:933340.0 - actor/entropy:1.0916889905929565 - perf/mfu/actor_infer:0.3032972965319194 - training/rollout_probs_diff_valid:1 - training/rollout_probs_diff_max:0.20938372611999512 - training/rollout_probs_diff_mean:0.008938069455325603 - training/rollout_probs_diff_std:0.013338571414351463 - training/rollout_actor_probs_pearson_corr:0.9990690350532532 - rollout_corr/training_ppl:3.0198447704315186 - rollout_corr/training_log_ppl:1.0731226205825806 - rollout_corr/kl:0.0024951521772891283 - rollout_corr/k3_kl:0.0023714995477348566 - rollout_corr/rollout_ppl:3.012333631515503 - rollout_corr/rollout_log_ppl:1.0705511569976807 - rollout_corr/log_ppl_diff:0.0025713995564728975 - rollout_corr/log_ppl_abs_diff:0.0033397364895790815 - rollout_corr/log_ppl_diff_max:0.015278756618499756 - rollout_corr/log_ppl_diff_min:-0.006376087665557861 - rollout_corr/ppl_ratio:1.002581238746643 - rollout_corr/chi2_token:0.004525899887084961 - rollout_corr/chi2_seq:1.3825161457061768 - actor/pg_clipfrac:np.float64(0.0) - actor/ppo_kl:np.float64(0.0) - actor/pg_clipfrac_lower:np.float64(0.0) - actor/pg_loss:np.float64(0.0411594306351617) - actor/kl_loss:np.float64(0.0010513141278352123) - actor/kl_coef:np.float64(0.0010000000000000002) - actor/loss:np.float64(0.04116047918796539) - actor/grad_norm:np.float64(0.05396489053964615) - actor/lr:np.float64(1e-05) - actor/perf/max_memory_allocated_gb:np.float64(39.22479486465454) - actor/perf/max_memory_reserved_gb:np.float64(42.041015625) - actor/perf/cpu_memory_used_gb:np.float64(133.71930313110352) - perf/mfu/actor:np.float64(0.3389731319767457) - training/global_step:54 - training/epoch:0 - critic/score/mean:1.1831977367401123 - critic/score/max:2.299999952316284 - critic/score/min:0.4000000059604645 - critic/rewards/mean:1.1831977367401123 - critic/rewards/max:2.299999952316284 - critic/rewards/min:0.4000000059604645 - critic/advantages/mean:-0.041159406304359436 - critic/advantages/max:3.7498080730438232 - critic/advantages/min:-1.8721681833267212 - critic/returns/mean:-0.041159406304359436 - critic/returns/max:3.7498080730438232 - critic/returns/min:-1.8721681833267212 - response_length/mean:3249.71875 - response_length/max:3664.0 - response_length/min:2934.0 - response_length/clip_ratio:0.0 - response_length_non_aborted/mean:3249.71875 - response_length_non_aborted/max:3664.0 - response_length_non_aborted/min:2934.0 - response_length_non_aborted/clip_ratio:0.0 - response/aborted_ratio:0.0 - prompt_length/mean:4042.0 - prompt_length/max:4141.0 - prompt_length/min:3935.0 - prompt_length/clip_ratio:0.0 - num_turns/min:np.int32(4) - num_turns/max:np.int32(4) - num_turns/mean:np.float64(4.0) - timing_s/start_profile:6.052700337022543e-05 - timing_s/agent_loop/num_preempted/min:np.int64(-1) - timing_s/agent_loop/num_preempted/max:np.int64(-1) - timing_s/agent_loop/num_preempted/mean:np.float64(-1.0) - timing_s/agent_loop/generate_sequences/min:np.float64(68.56157328898553) - timing_s/agent_loop/generate_sequences/max:np.float64(120.13261237205006) - timing_s/agent_loop/generate_sequences/mean:np.float64(106.20765557116647) - timing_s/agent_loop/tool_calls/min:np.float64(0.06311185006052256) - timing_s/agent_loop/tool_calls/max:np.float64(0.5297956099966541) - timing_s/agent_loop/tool_calls/mean:np.float64(0.12638820858956024) - timing_s/agent_loop/compute_score/min:np.float64(0.33468765392899513) - timing_s/agent_loop/compute_score/max:np.float64(13.22796858905349) - timing_s/agent_loop/compute_score/mean:np.float64(2.504911642928164) - timing_s/agent_loop/slowest/generate_sequences:np.float64(118.37802620185539) - timing_s/agent_loop/slowest/tool_calls:np.float64(0.2481733359163627) - timing_s/agent_loop/slowest/compute_score:np.float64(13.22796858905349) - timing_s/agent_loop/slowest/num_preempted:np.int64(-1) - timing_s/agent_loop/slowest/prompt_length:3961 - timing_s/agent_loop/slowest/response_length:3333 - timing_s/gen:153.75496291008312 - timing_s/reward:0.0004523169482126832 - timing_s/old_log_prob:148.18209964688867 - timing_s/ref:136.74542189901695 - timing_s/adv:0.16897003795020282 - timing_s/update_actor:333.9771300839493 - timing_s/update_weights:3.99880995193962 - timing_s/dump_rollout_generations:0.3210547920316458 - timing_s/step:777.3037630910985 - timing_s/stop_profile:5.0604925490915775e-05 - timing_per_token_ms/update_actor:0.3578300834464925 - timing_per_token_ms/ref:0.14651190552105015 - timing_per_token_ms/adv:0.0001810380332464084 - timing_per_token_ms/gen:0.36963526389322904 - perf/total_num_tokens:933340 - perf/time_per_step:777.3037630910985 - perf/throughput:1200.7403595839974[36m(TaskRunner pid=928819)[0m Training Progress:  41%|████      | 54/133 [7:52:28<16:53:05, 769.44s/it]
[36m(TaskRunner pid=928819)[0m Training Progress:  41%|████▏     | 55/133 [8:05:09<16:37:16, 767.14s/it]

[36m(TaskRunner pid=928819)[0m Dumped generations to /home/yw4636/agentic-tvg/results/grpo-v2/rollouts/55.jsonl
[36m(TaskRunner pid=928819)[0m step:55 - global_seqlen/min:918159 - global_seqlen/max:918159 - global_seqlen/minmax_diff:0 - global_seqlen/balanced_min:918159 - global_seqlen/balanced_max:918159 - global_seqlen/mean:918159.0 - actor/entropy:1.025816559791565 - perf/mfu/actor_infer:0.3040727691392695 - training/rollout_probs_diff_valid:1 - training/rollout_probs_diff_max:0.3809095025062561 - training/rollout_probs_diff_mean:0.008838139474391937 - training/rollout_probs_diff_std:0.013886626809835434 - training/rollout_actor_probs_pearson_corr:0.9990139603614807 - rollout_corr/training_ppl:2.794282913208008 - rollout_corr/training_log_ppl:0.9981274604797363 - rollout_corr/kl:0.0025493563152849674 - rollout_corr/k3_kl:0.0025056421291083097 - rollout_corr/rollout_ppl:2.786813974380493 - rollout_corr/rollout_log_ppl:0.9954973459243774 - rollout_corr/log_ppl_diff:0.0026301166508346796 - rollout_corr/log_ppl_abs_diff:0.0034800779540091753 - rollout_corr/log_ppl_diff_max:0.017744481563568115 - rollout_corr/log_ppl_diff_min:-0.005464613437652588 - rollout_corr/ppl_ratio:1.0026406049728394 - rollout_corr/chi2_token:0.005269289016723633 - rollout_corr/chi2_seq:3.1650490760803223 - actor/pg_clipfrac:np.float64(0.0) - actor/ppo_kl:np.float64(0.0) - actor/pg_clipfrac_lower:np.float64(0.0) - actor/pg_loss:np.float64(-0.007267130466061644) - actor/kl_loss:np.float64(0.001036567855408066) - actor/kl_coef:np.float64(0.0010000000000000002) - actor/loss:np.float64(-0.0072660911828279495) - actor/grad_norm:np.float64(0.05194609612226486) - actor/lr:np.float64(1e-05) - actor/perf/max_memory_allocated_gb:np.float64(39.22479486465454) - actor/perf/max_memory_reserved_gb:np.float64(42.041015625) - actor/perf/cpu_memory_used_gb:np.float64(100.4888687133789) - perf/mfu/actor:np.float64(0.3387175084480837) - training/global_step:55 - training/epoch:0 - critic/score/mean:1.2941315174102783 - critic/score/max:2.4098143577575684 - critic/score/min:0.5 - critic/rewards/mean:1.2941315174102783 - critic/rewards/max:2.4098143577575684 - critic/rewards/min:0.5 - critic/advantages/mean:0.007267115171998739 - critic/advantages/max:3.2032907009124756 - critic/advantages/min:-2.9815900325775146 - critic/returns/mean:0.007267115171998739 - critic/returns/max:3.2032907009124756 - critic/returns/min:-2.9815900325775146 - response_length/mean:3196.3671875 - response_length/max:3596.0 - response_length/min:434.0 - response_length/clip_ratio:0.0 - response_length_non_aborted/mean:3196.3671875 - response_length_non_aborted/max:3596.0 - response_length_non_aborted/min:434.0 - response_length_non_aborted/clip_ratio:0.0 - response/aborted_ratio:0.0 - prompt_length/mean:3976.75 - prompt_length/max:4141.0 - prompt_length/min:3757.0 - prompt_length/clip_ratio:0.0 - num_turns/min:np.int32(4) - num_turns/max:np.int32(4) - num_turns/mean:np.float64(4.0) - timing_s/start_profile:6.166496314108372e-05 - timing_s/agent_loop/num_preempted/min:np.int64(-1) - timing_s/agent_loop/num_preempted/max:np.int64(-1) - timing_s/agent_loop/num_preempted/mean:np.float64(-1.0) - timing_s/agent_loop/generate_sequences/min:np.float64(58.455343440989964) - timing_s/agent_loop/generate_sequences/max:np.float64(112.39219299796969) - timing_s/agent_loop/generate_sequences/mean:np.float64(93.31100339869317) - timing_s/agent_loop/tool_calls/min:np.float64(0.00011926400475203991) - timing_s/agent_loop/tool_calls/max:np.float64(1.6726426200475544) - timing_s/agent_loop/tool_calls/mean:np.float64(0.26571964156391914) - timing_s/agent_loop/compute_score/min:np.float64(0.30321725795511156) - timing_s/agent_loop/compute_score/max:np.float64(12.848609253996983) - timing_s/agent_loop/compute_score/mean:np.float64(2.3968330921434244) - timing_s/agent_loop/slowest/generate_sequences:np.float64(112.39219299796969) - timing_s/agent_loop/slowest/tool_calls:np.float64(0.24951200897339731) - timing_s/agent_loop/slowest/compute_score:np.float64(4.033445599023253) - timing_s/agent_loop/slowest/num_preempted:np.int64(-1) - timing_s/agent_loop/slowest/prompt_length:3946 - timing_s/agent_loop/slowest/response_length:3505 - timing_s/gen:139.9907366699772 - timing_s/reward:0.0004743830068036914 - timing_s/old_log_prob:143.6350251879776 - timing_s/ref:138.82588313007727 - timing_s/adv:0.15971168701071292 - timing_s/update_actor:334.5646532190731 - timing_s/update_weights:4.005894009023905 - timing_s/dump_rollout_generations:0.3283959859982133 - timing_s/step:761.6877412330359 - timing_s/stop_profile:5.421903915703297e-05 - timing_per_token_ms/update_actor:0.36438640063330324 - timing_per_token_ms/ref:0.1512002639304056 - timing_per_token_ms/adv:0.00017394774435660154 - timing_per_token_ms/gen:0.34216270099105967 - perf/total_num_tokens:918159 - perf/time_per_step:761.6877412330359 - perf/throughput:1205.4270408942978
[36m(TaskRunner pid=928819)[0m Dumped generations to /home/yw4636/agentic-tvg/results/grpo-v2/rollouts/56.jsonl
[36m(TaskRunner pid=928819)[0m step:56 - global_seqlen/min:926777 - global_seqlen/max:926777 - global_seqlen/minmax_diff:0 - global_seqlen/balanced_min:926777 - global_seqlen/balanced_max:926777 - global_seqlen/mean:926777.0 - actor/entropy:1.0737367868423462 - perf/mfu/actor_infer:0.30455725811406914 - training/rollout_probs_diff_valid:1 - training/rollout_probs_diff_max:0.21759238839149475 - training/rollout_probs_diff_mean:0.008832763880491257 - training/rollout_probs_diff_std:0.013370395638048649 - training/rollout_actor_probs_pearson_corr:0.9990769028663635 - rollout_corr/training_ppl:2.946442127227783 - rollout_corr/training_log_ppl:1.055424451828003 - rollout_corr/kl:0.0022782813757658005 - rollout_corr/k3_kl:0.002348595764487982 - rollout_corr/rollout_ppl:2.9396884441375732 - rollout_corr/rollout_log_ppl:1.0531502962112427 - rollout_corr/log_ppl_diff:0.002274278784170747 - rollout_corr/log_ppl_abs_diff:0.0033017375972121954 - rollout_corr/log_ppl_diff_max:0.011464118957519531 - rollout_corr/log_ppl_diff_min:-0.008433699607849121 - rollout_corr/ppl_ratio:1.0022835731506348 - rollout_corr/chi2_token:0.004887223243713379 - rollout_corr/chi2_seq:7.355417251586914 - actor/pg_clipfrac:np.float64(0.0) - actor/ppo_kl:np.float64(0.0) - actor/pg_clipfrac_lower:np.float64(0.0) - actor/pg_loss:np.float64(-0.021086565669975244) - actor/kl_loss:np.float64(0.0010918262851191685) - actor/kl_coef:np.float64(0.0010000000000000002) - actor/loss:np.float64(-0.021085485816001892) - actor/grad_norm:np.float64(0.05512046813964844) - actor/lr:np.float64(1e-05) - actor/perf/max_memory_allocated_gb:np.float64(39.22479486465454) - actor/perf/max_memory_reserved_gb:np.float64(42.041015625) - actor/perf/cpu_memory_used_gb:np.float64(101.13579940795898) - perf/mfu/actor:np.float64(0.3376377212787702) - training/global_step:56 - training/epoch:0 - critic/score/mean:1.2038311958312988 - critic/score/max:2.405797004699707 - critic/score/min:0.5 - critic/rewards/mean:1.2038311958312988 - critic/rewards/max:2.405797004699707 - critic/rewards/min:0.5 - critic/advantages/mean:0.021086575463414192 - critic/advantages/max:3.7499847412109375 - critic/advantages/min:-1.9500927925109863 - critic/returns/mean:0.021086575463414192 - critic/returns/max:3.7499847412109375 - critic/returns/min:-1.9500927925109863 - response_length/mean:3246.5703125 - response_length/max:3560.0 - response_length/min:607.0 - response_length/clip_ratio:0.0 - response_length_non_aborted/mean:3246.5703125 - response_length_non_aborted/max:3560.0 - response_length_non_aborted/min:607.0 - response_length_non_aborted/clip_ratio:0.0 - response/aborted_ratio:0.0 - prompt_length/mean:3993.875 - prompt_length/max:4140.0 - prompt_length/min:3935.0 - prompt_length/clip_ratio:0.0 - num_turns/min:np.int32(4) - num_turns/max:np.int32(4) - num_turns/mean:np.float64(4.0) - timing_s/start_profile:6.0077058151364326e-05 - timing_s/agent_loop/num_preempted/min:np.int64(-1) - timing_s/agent_loop/num_preempted/max:np.int64(-1) - timing_s/agent_loop/num_preempted/mean:np.float64(-1.0) - timing_s/agent_loop/generate_sequences/min:np.float64(62.53729056799784) - timing_s/agent_loop/generate_sequences/max:np.float64(121.793155938969) - timing_s/agent_loop/generate_sequences/mean:np.float64(106.51445406467519) - timing_s/agent_loop/tool_calls/min:np.float64(0.00011086801532655954) - timing_s/agent_loop/tool_calls/max:np.float64(0.725863101077266) - timing_s/agent_loop/tool_calls/mean:np.float64(0.1441892425345941) - timing_s/agent_loop/compute_score/min:np.float64(0.32315781398210675) - timing_s/agent_loop/compute_score/max:np.float64(7.270589001011103) - timing_s/agent_loop/compute_score/mean:np.float64(2.2583422121724652) - timing_s/agent_loop/slowest/generate_sequences:np.float64(120.40867211902514) - timing_s/agent_loop/slowest/tool_calls:np.float64(0.22978959197644144) - timing_s/agent_loop/slowest/compute_score:np.float64(7.270589001011103) - timing_s/agent_loop/slowest/num_preempted:np.int64(-1) - timing_s/agent_loop/slowest/prompt_length:3957 - timing_s/agent_loop/slowest/response_length:3370 - timing_s/gen:151.98639615508728 - timing_s/reward:0.000621048966422677 - timing_s/old_log_prob:139.88712599594146 - timing_s/ref:136.52911194600165 - timing_s/adv:0.16602564393542707 - timing_s/update_actor:329.78077266097534 - timing_s/update_weights:3.9796399410115555 - timing_s/dump_rollout_generations:0.3221358209848404 - timing_s/step:762.8055333530065 - timing_s/stop_profile:4.9544963985681534e-05 - timing_per_token_ms/update_actor:0.35583616410525437 - timing_per_token_ms/ref:0.14731603389596595 - timing_per_token_ms/adv:0.00017914303433881837 - timing_per_token_ms/gen:0.36573787279144887 - perf/total_num_tokens:926777 - perf/time_per_step:762.8055333530065 - perf/throughput:1214.9584126982359[36m(TaskRunner pid=928819)[0m Training Progress:  42%|████▏     | 56/133 [8:17:53<16:23:11, 766.13s/it]
[36m(TaskRunner pid=928819)[0m Training Progress:  43%|████▎     | 57/133 [8:30:26<16:05:22, 762.14s/it]

[36m(TaskRunner pid=928819)[0m Dumped generations to /home/yw4636/agentic-tvg/results/grpo-v2/rollouts/57.jsonl
[36m(TaskRunner pid=928819)[0m step:57 - global_seqlen/min:923622 - global_seqlen/max:923622 - global_seqlen/minmax_diff:0 - global_seqlen/balanced_min:923622 - global_seqlen/balanced_max:923622 - global_seqlen/mean:923622.0 - actor/entropy:1.0271334648132324 - perf/mfu/actor_infer:0.30173520892690814 - training/rollout_probs_diff_valid:1 - training/rollout_probs_diff_max:0.3024933934211731 - training/rollout_probs_diff_mean:0.009553181938827038 - training/rollout_probs_diff_std:0.014634443446993828 - training/rollout_actor_probs_pearson_corr:0.9988738298416138 - rollout_corr/training_ppl:2.7648165225982666 - rollout_corr/training_log_ppl:0.9902729988098145 - rollout_corr/kl:0.0032146547455340624 - rollout_corr/k3_kl:0.0026910039596259594 - rollout_corr/rollout_ppl:2.75601863861084 - rollout_corr/rollout_log_ppl:0.9870823621749878 - rollout_corr/log_ppl_diff:0.0031906496733427048 - rollout_corr/log_ppl_abs_diff:0.004036800004541874 - rollout_corr/log_ppl_diff_max:0.011268377304077148 - rollout_corr/log_ppl_diff_min:-0.007489323616027832 - rollout_corr/ppl_ratio:1.0032026767730713 - rollout_corr/chi2_token:0.004495859146118164 - rollout_corr/chi2_seq:15.041839599609375 - actor/pg_clipfrac:np.float64(0.0) - actor/ppo_kl:np.float64(0.0) - actor/pg_clipfrac_lower:np.float64(0.0) - actor/pg_loss:np.float64(-0.007960547562106512) - actor/kl_loss:np.float64(0.0011499471747811185) - actor/kl_coef:np.float64(0.0010000000000000002) - actor/loss:np.float64(-0.00795939564704895) - actor/grad_norm:np.float64(0.05824056640267372) - actor/lr:np.float64(1e-05) - actor/perf/max_memory_allocated_gb:np.float64(39.22479486465454) - actor/perf/max_memory_reserved_gb:np.float64(42.041015625) - actor/perf/cpu_memory_used_gb:np.float64(101.45561599731445) - perf/mfu/actor:np.float64(0.3393967349440815) - training/global_step:57 - training/epoch:0 - critic/score/mean:1.4103367328643799 - critic/score/max:2.3039214611053467 - critic/score/min:0.0 - critic/rewards/mean:1.4103367328643799 - critic/rewards/max:2.3039214611053467 - critic/rewards/min:0.0 - critic/advantages/mean:0.007960561662912369 - critic/advantages/max:2.2116951942443848 - critic/advantages/min:-3.209857940673828 - critic/returns/mean:0.007960561662912369 - critic/returns/max:2.2116951942443848 - critic/returns/min:-3.209857940673828 - response_length/mean:3250.171875 - response_length/max:3991.0 - response_length/min:2915.0 - response_length/clip_ratio:0.0 - response_length_non_aborted/mean:3250.171875 - response_length_non_aborted/max:3991.0 - response_length_non_aborted/min:2915.0 - response_length_non_aborted/clip_ratio:0.0 - response/aborted_ratio:0.0 - prompt_length/mean:3965.625 - prompt_length/max:4129.0 - prompt_length/min:3928.0 - prompt_length/clip_ratio:0.0 - num_turns/min:np.int32(4) - num_turns/max:np.int32(4) - num_turns/mean:np.float64(4.0) - timing_s/start_profile:6.228790152817965e-05 - timing_s/agent_loop/num_preempted/min:np.int64(-1) - timing_s/agent_loop/num_preempted/max:np.int64(-1) - timing_s/agent_loop/num_preempted/mean:np.float64(-1.0) - timing_s/agent_loop/generate_sequences/min:np.float64(65.54256221000105) - timing_s/agent_loop/generate_sequences/max:np.float64(117.78857430501375) - timing_s/agent_loop/generate_sequences/mean:np.float64(100.00406006485355) - timing_s/agent_loop/tool_calls/min:np.float64(0.07361077098175883) - timing_s/agent_loop/tool_calls/max:np.float64(0.7308458890765905) - timing_s/agent_loop/tool_calls/mean:np.float64(0.14833974561952346) - timing_s/agent_loop/compute_score/min:np.float64(0.31111034692730755) - timing_s/agent_loop/compute_score/max:np.float64(13.205123009043746) - timing_s/agent_loop/compute_score/mean:np.float64(2.58192569674884) - timing_s/agent_loop/slowest/generate_sequences:np.float64(117.78857430501375) - timing_s/agent_loop/slowest/tool_calls:np.float64(0.10461363103240728) - timing_s/agent_loop/slowest/compute_score:np.float64(3.1729453690350056) - timing_s/agent_loop/slowest/num_preempted:np.int64(-1) - timing_s/agent_loop/slowest/prompt_length:3952 - timing_s/agent_loop/slowest/response_length:3991 - timing_s/gen:146.44659390999004 - timing_s/reward:0.0005031829932704568 - timing_s/old_log_prob:143.67936597403605 - timing_s/ref:133.35829881601967 - timing_s/adv:0.1778589580208063 - timing_s/update_actor:324.5722994050011 - timing_s/update_weights:3.999101185007021 - timing_s/dump_rollout_generations:0.32191574899479747 - timing_s/step:752.7718025660142 - timing_s/stop_profile:5.2873045206069946e-05 - timing_per_token_ms/update_actor:0.35141248195149216 - timing_per_token_ms/ref:0.1443862303150203 - timing_per_token_ms/adv:0.0001925668271444447 - timing_per_token_ms/gen:0.35201646525902486 - perf/total_num_tokens:923622 - perf/time_per_step:752.7718025660142 - perf/throughput:1226.9614733862234
[36m(TaskRunner pid=928819)[0m Dumped generations to /home/yw4636/agentic-tvg/results/grpo-v2/rollouts/58.jsonl
[36m(TaskRunner pid=928819)[0m step:58 - global_seqlen/min:935053 - global_seqlen/max:935053 - global_seqlen/minmax_diff:0 - global_seqlen/balanced_min:935053 - global_seqlen/balanced_max:935053 - global_seqlen/mean:935053.0 - actor/entropy:1.0406169891357422 - perf/mfu/actor_infer:0.30298658228645603 - training/rollout_probs_diff_valid:1 - training/rollout_probs_diff_max:0.4795891046524048 - training/rollout_probs_diff_mean:0.009009802713990211 - training/rollout_probs_diff_std:0.014015201479196548 - training/rollout_actor_probs_pearson_corr:0.9989942908287048 - rollout_corr/training_ppl:2.857102394104004 - rollout_corr/training_log_ppl:1.0257272720336914 - rollout_corr/kl:0.0028299912810325623 - rollout_corr/k3_kl:0.002519843401387334 - rollout_corr/rollout_ppl:2.8487801551818848 - rollout_corr/rollout_log_ppl:1.0229283571243286 - rollout_corr/log_ppl_diff:0.002799051348119974 - rollout_corr/log_ppl_abs_diff:0.0034281001426279545 - rollout_corr/log_ppl_diff_max:0.01244056224822998 - rollout_corr/log_ppl_diff_min:-0.005068659782409668 - rollout_corr/ppl_ratio:1.002807855606079 - rollout_corr/chi2_token:0.00455021858215332 - rollout_corr/chi2_seq:0.6493909358978271 - actor/pg_clipfrac:np.float64(0.0) - actor/ppo_kl:np.float64(0.0) - actor/pg_clipfrac_lower:np.float64(0.0) - actor/pg_loss:np.float64(0.03782377787865698) - actor/kl_loss:np.float64(0.0011479165714263218) - actor/kl_coef:np.float64(0.0010000000000000002) - actor/loss:np.float64(0.03782493621110916) - actor/grad_norm:np.float64(0.056733597069978714) - actor/lr:np.float64(1e-05) - actor/perf/max_memory_allocated_gb:np.float64(39.22479486465454) - actor/perf/max_memory_reserved_gb:np.float64(42.041015625) - actor/perf/cpu_memory_used_gb:np.float64(102.05661392211914) - perf/mfu/actor:np.float64(0.33858589677403556) - training/global_step:58 - training/epoch:0 - critic/score/mean:1.577155351638794 - critic/score/max:2.5 - critic/score/min:0.5 - critic/rewards/mean:1.577155351638794 - critic/rewards/max:2.5 - critic/rewards/min:0.5 - critic/advantages/mean:-0.037823788821697235 - critic/advantages/max:2.2165629863739014 - critic/advantages/min:-2.695850372314453 - critic/returns/mean:-0.037823788821697235 - critic/returns/max:2.2165629863739014 - critic/returns/min:-2.695850372314453 - response_length/mean:3240.3515625 - response_length/max:3736.0 - response_length/min:2963.0 - response_length/clip_ratio:0.0 - response_length_non_aborted/mean:3240.3515625 - response_length_non_aborted/max:3736.0 - response_length_non_aborted/min:2963.0 - response_length_non_aborted/clip_ratio:0.0 - response/aborted_ratio:0.0 - prompt_length/mean:4064.75 - prompt_length/max:4142.0 - prompt_length/min:3941.0 - prompt_length/clip_ratio:0.0 - num_turns/min:np.int32(4) - num_turns/max:np.int32(4) - num_turns/mean:np.float64(4.0) - timing_s/start_profile:7.030298002064228e-05 - timing_s/agent_loop/num_preempted/min:np.int64(-1) - timing_s/agent_loop/num_preempted/max:np.int64(-1) - timing_s/agent_loop/num_preempted/mean:np.float64(-1.0) - timing_s/agent_loop/generate_sequences/min:np.float64(65.99119533691555) - timing_s/agent_loop/generate_sequences/max:np.float64(125.5899316369323) - timing_s/agent_loop/generate_sequences/mean:np.float64(108.01975682661487) - timing_s/agent_loop/tool_calls/min:np.float64(0.05956115492153913) - timing_s/agent_loop/tool_calls/max:np.float64(0.8348207219969481) - timing_s/agent_loop/tool_calls/mean:np.float64(0.13645959490168025) - timing_s/agent_loop/compute_score/min:np.float64(0.3367074209963903) - timing_s/agent_loop/compute_score/max:np.float64(5.720607441035099) - timing_s/agent_loop/compute_score/mean:np.float64(2.1559119147650563) - timing_s/agent_loop/slowest/generate_sequences:np.float64(125.5899316369323) - timing_s/agent_loop/slowest/tool_calls:np.float64(0.08773400005884469) - timing_s/agent_loop/slowest/compute_score:np.float64(2.8010813819710165) - timing_s/agent_loop/slowest/num_preempted:np.int64(-1) - timing_s/agent_loop/slowest/prompt_length:4129 - timing_s/agent_loop/slowest/response_length:3521 - timing_s/gen:154.2106545920251 - timing_s/reward:0.0005055570509284735 - timing_s/old_log_prob:145.08633690699935 - timing_s/ref:132.7967399120098 - timing_s/adv:0.1616501179523766 - timing_s/update_actor:325.44050166697707 - timing_s/update_weights:3.998058481956832 - timing_s/dump_rollout_generations:0.3215347019722685 - timing_s/step:762.1740228260169 - timing_s/stop_profile:4.931597504764795e-05 - timing_per_token_ms/update_actor:0.34804497891240077 - timing_per_token_ms/ref:0.14202054847373335 - timing_per_token_ms/adv:0.0001728780271838886 - timing_per_token_ms/gen:0.37180247752829937 - perf/total_num_tokens:935053 - perf/time_per_step:762.1740228260169 - perf/throughput:1226.8234969921648[36m(TaskRunner pid=928819)[0m Training Progress:  44%|████▎     | 58/133 [8:43:09<15:53:08, 762.51s/it]
[36m(TaskRunner pid=928819)[0m Training Progress:  44%|████▍     | 59/133 [8:55:44<15:37:24, 760.06s/it]
[36m(WorkerDict pid=929276)[0m /home/yw4636/.conda/envs/verl/lib/python3.12/site-packages/verl/plugin/platform/platform_cuda.py:99: FutureWarning: torch.cuda._set_allocator_settings is deprecated. Use torch._C._accelerator_setAllocatorSettings instead.
[36m(WorkerDict pid=929276)[0m   torch.cuda.memory._set_allocator_settings(settings)

[36m(TaskRunner pid=928819)[0m Dumped generations to /home/yw4636/agentic-tvg/results/grpo-v2/rollouts/59.jsonl
[36m(TaskRunner pid=928819)[0m step:59 - global_seqlen/min:921684 - global_seqlen/max:921684 - global_seqlen/minmax_diff:0 - global_seqlen/balanced_min:921684 - global_seqlen/balanced_max:921684 - global_seqlen/mean:921684.0 - actor/entropy:1.214918613433838 - perf/mfu/actor_infer:0.30181487075378644 - training/rollout_probs_diff_valid:1 - training/rollout_probs_diff_max:0.23695576190948486 - training/rollout_probs_diff_mean:0.008895437233150005 - training/rollout_probs_diff_std:0.013480854220688343 - training/rollout_actor_probs_pearson_corr:0.9990759491920471 - rollout_corr/training_ppl:6.939493656158447 - rollout_corr/training_log_ppl:1.0893501043319702 - rollout_corr/kl:0.002717273775488138 - rollout_corr/k3_kl:0.0023540854454040527 - rollout_corr/rollout_ppl:6.918315410614014 - rollout_corr/rollout_log_ppl:1.086652159690857 - rollout_corr/log_ppl_diff:0.002697889693081379 - rollout_corr/log_ppl_abs_diff:0.003474087920039892 - rollout_corr/log_ppl_diff_max:0.01352834701538086 - rollout_corr/log_ppl_diff_min:-0.0053594112396240234 - rollout_corr/ppl_ratio:1.002707600593567 - rollout_corr/chi2_token:0.004026532173156738 - rollout_corr/chi2_seq:0.671419620513916 - actor/pg_clipfrac:np.float64(0.0) - actor/ppo_kl:np.float64(0.0) - actor/pg_clipfrac_lower:np.float64(0.0) - actor/pg_loss:np.float64(0.03296922869049013) - actor/kl_loss:np.float64(0.0011529579151101643) - actor/kl_coef:np.float64(0.0010000000000000002) - actor/loss:np.float64(0.032970380038022995) - actor/grad_norm:np.float64(0.059523165225982666) - actor/lr:np.float64(1e-05) - actor/perf/max_memory_allocated_gb:np.float64(39.22479486465454) - actor/perf/max_memory_reserved_gb:np.float64(42.041015625) - actor/perf/cpu_memory_used_gb:np.float64(101.47291946411133) - perf/mfu/actor:np.float64(0.337947874212094) - training/global_step:59 - training/epoch:0 - critic/score/mean:1.2532907724380493 - critic/score/max:2.430833339691162 - critic/score/min:0.5 - critic/rewards/mean:1.2532907724380493 - critic/rewards/max:2.430833339691162 - critic/rewards/min:0.5 - critic/advantages/mean:-0.03296923637390137 - critic/advantages/max:2.2062880992889404 - critic/advantages/min:-1.6317813396453857 - critic/returns/mean:-0.03296923637390137 - critic/returns/max:2.2062880992889404 - critic/returns/min:-1.6317813396453857 - response_length/mean:3154.78125 - response_length/max:4325.0 - response_length/min:2500.0 - response_length/clip_ratio:0.0 - response_length_non_aborted/mean:3154.78125 - response_length_non_aborted/max:4325.0 - response_length_non_aborted/min:2500.0 - response_length_non_aborted/clip_ratio:0.0 - response/aborted_ratio:0.0 - prompt_length/mean:4045.875 - prompt_length/max:4206.0 - prompt_length/min:3936.0 - prompt_length/clip_ratio:0.0 - num_turns/min:np.int32(4) - num_turns/max:np.int32(4) - num_turns/mean:np.float64(4.0) - timing_s/start_profile:6.257696077227592e-05 - timing_s/agent_loop/num_preempted/min:np.int64(-1) - timing_s/agent_loop/num_preempted/max:np.int64(-1) - timing_s/agent_loop/num_preempted/mean:np.float64(-1.0) - timing_s/agent_loop/generate_sequences/min:np.float64(17.532621509977616) - timing_s/agent_loop/generate_sequences/max:np.float64(120.43216795194894) - timing_s/agent_loop/generate_sequences/mean:np.float64(94.42423673871053) - timing_s/agent_loop/tool_calls/min:np.float64(0.049083265010267496) - timing_s/agent_loop/tool_calls/max:np.float64(3.6619991729967296) - timing_s/agent_loop/tool_calls/mean:np.float64(0.181939902709928) - timing_s/agent_loop/compute_score/min:np.float64(0.3146335979690775) - timing_s/agent_loop/compute_score/max:np.float64(8.960517949075438) - timing_s/agent_loop/compute_score/mean:np.float64(2.2885285176662364) - timing_s/agent_loop/slowest/generate_sequences:np.float64(120.43216795194894) - timing_s/agent_loop/slowest/tool_calls:np.float64(0.1320285650435835) - timing_s/agent_loop/slowest/compute_score:np.float64(3.141437139012851) - timing_s/agent_loop/slowest/num_preempted:np.int64(-1) - timing_s/agent_loop/slowest/prompt_length:3946 - timing_s/agent_loop/slowest/response_length:4325 - timing_s/gen:143.05509705096483 - timing_s/reward:0.0004472830332815647 - timing_s/old_log_prob:146.4492559400387 - timing_s/ref:137.56751470500603 - timing_s/adv:0.16675652901176363 - timing_s/update_actor:322.49486040102784 - timing_s/update_weights:4.023335480014794 - timing_s/dump_rollout_generations:0.32227682904340327 - timing_s/step:754.2640364989638 - timing_s/stop_profile:5.11690741404891e-05 - timing_per_token_ms/update_actor:0.34989742731893775 - timing_per_token_ms/ref:0.1492567026280222 - timing_per_token_ms/adv:0.00018092592364819574 - timing_per_token_ms/gen:0.35426162930018135 - perf/total_num_tokens:921684 - perf/time_per_step:754.2640364989638 - perf/throughput:1221.964664095802
[36m(TaskRunner pid=928819)[0m local_global_step_folder: /home/yw4636/agentic-tvg/results/grpo-v2/ckpt/global_step_60
[36m(WorkerDict pid=929276)[0m Checkpoint manager remove previous save local path: /home/yw4636/agentic-tvg/results/grpo-v2/ckpt/global_step_40/actor
[36m(TaskRunner pid=928819)[0m Dumped generations to /home/yw4636/agentic-tvg/results/grpo-v2/rollouts/60.jsonl
[36m(TaskRunner pid=928819)[0m test_gen_batch meta info: {'eos_token_id': 151645, 'pad_token_id': 151643, 'recompute_log_prob': False, 'do_sample': False, 'validate': True, 'global_steps': 60}
[36m(TaskRunner pid=928819)[0m validation generation end
[36m(TaskRunner pid=928819)[0m test_gen_batch meta info: {'eos_token_id': 151645, 'pad_token_id': 151643, 'recompute_log_prob': False, 'do_sample': False, 'validate': True, 'global_steps': 60}
[36m(TaskRunner pid=928819)[0m validation generation end
[36m(TaskRunner pid=928819)[0m test_gen_batch meta info: {'eos_token_id': 151645, 'pad_token_id': 151643, 'recompute_log_prob': False, 'do_sample': False, 'validate': True, 'global_steps': 60}
[36m(TaskRunner pid=928819)[0m validation generation end
[36m(TaskRunner pid=928819)[0m test_gen_batch meta info: {'eos_token_id': 151645, 'pad_token_id': 151643, 'recompute_log_prob': False, 'do_sample': False, 'validate': True, 'global_steps': 60}
[36m(TaskRunner pid=928819)[0m validation generation end
[36m(TaskRunner pid=928819)[0m test_gen_batch meta info: {'eos_token_id': 151645, 'pad_token_id': 151643, 'recompute_log_prob': False, 'do_sample': False, 'validate': True, 'global_steps': 60}
[36m(TaskRunner pid=928819)[0m validation generation end
[36m(TaskRunner pid=928819)[0m test_gen_batch meta info: {'eos_token_id': 151645, 'pad_token_id': 151643, 'recompute_log_prob': False, 'do_sample': False, 'validate': True, 'global_steps': 60}
[36m(TaskRunner pid=928819)[0m validation generation end
[36m(TaskRunner pid=928819)[0m test_gen_batch meta info: {'eos_token_id': 151645, 'pad_token_id': 151643, 'recompute_log_prob': False, 'do_sample': False, 'validate': True, 'global_steps': 60}
[36m(TaskRunner pid=928819)[0m validation generation end
[36m(TaskRunner pid=928819)[0m test_gen_batch meta info: {'eos_token_id': 151645, 'pad_token_id': 151643, 'recompute_log_prob': False, 'do_sample': False, 'validate': True, 'global_steps': 60}
[36m(TaskRunner pid=928819)[0m validation generation end
[36m(TaskRunner pid=928819)[0m test_gen_batch meta info: {'eos_token_id': 151645, 'pad_token_id': 151643, 'recompute_log_prob': False, 'do_sample': False, 'validate': True, 'global_steps': 60}
[36m(TaskRunner pid=928819)[0m validation generation end
[36m(TaskRunner pid=928819)[0m test_gen_batch meta info: {'eos_token_id': 151645, 'pad_token_id': 151643, 'recompute_log_prob': False, 'do_sample': False, 'validate': True, 'global_steps': 60}
[36m(TaskRunner pid=928819)[0m validation generation end
[36m(TaskRunner pid=928819)[0m test_gen_batch meta info: {'eos_token_id': 151645, 'pad_token_id': 151643, 'recompute_log_prob': False, 'do_sample': False, 'validate': True, 'global_steps': 60}
[36m(TaskRunner pid=928819)[0m validation generation end
[36m(TaskRunner pid=928819)[0m test_gen_batch meta info: {'eos_token_id': 151645, 'pad_token_id': 151643, 'recompute_log_prob': False, 'do_sample': False, 'validate': True, 'global_steps': 60}
[36m(TaskRunner pid=928819)[0m validation generation end
[36m(TaskRunner pid=928819)[0m test_gen_batch meta info: {'eos_token_id': 151645, 'pad_token_id': 151643, 'recompute_log_prob': False, 'do_sample': False, 'validate': True, 'global_steps': 60}
[36m(TaskRunner pid=928819)[0m validation generation end
[36m(TaskRunner pid=928819)[0m test_gen_batch meta info: {'eos_token_id': 151645, 'pad_token_id': 151643, 'recompute_log_prob': False, 'do_sample': False, 'validate': True, 'global_steps': 60}
[36m(TaskRunner pid=928819)[0m validation generation end
[36m(TaskRunner pid=928819)[0m test_gen_batch meta info: {'eos_token_id': 151645, 'pad_token_id': 151643, 'recompute_log_prob': False, 'do_sample': False, 'validate': True, 'global_steps': 60}
[36m(TaskRunner pid=928819)[0m validation generation end
[36m(TaskRunner pid=928819)[0m test_gen_batch meta info: {'eos_token_id': 151645, 'pad_token_id': 151643, 'recompute_log_prob': False, 'do_sample': False, 'validate': True, 'global_steps': 60}
[36m(TaskRunner pid=928819)[0m validation generation end
[36m(TaskRunner pid=928819)[0m test_gen_batch meta info: {'eos_token_id': 151645, 'pad_token_id': 151643, 'recompute_log_prob': False, 'do_sample': False, 'validate': True, 'global_steps': 60}
[36m(TaskRunner pid=928819)[0m validation generation end
[36m(TaskRunner pid=928819)[0m test_gen_batch meta info: {'eos_token_id': 151645, 'pad_token_id': 151643, 'recompute_log_prob': False, 'do_sample': False, 'validate': True, 'global_steps': 60}
[36m(TaskRunner pid=928819)[0m validation generation end
[36m(TaskRunner pid=928819)[0m test_gen_batch meta info: {'eos_token_id': 151645, 'pad_token_id': 151643, 'recompute_log_prob': False, 'do_sample': False, 'validate': True, 'global_steps': 60}
[36m(TaskRunner pid=928819)[0m validation generation end
[36m(TaskRunner pid=928819)[0m test_gen_batch meta info: {'eos_token_id': 151645, 'pad_token_id': 151643, 'recompute_log_prob': False, 'do_sample': False, 'validate': True, 'global_steps': 60}
[36m(TaskRunner pid=928819)[0m validation generation end
[36m(TaskRunner pid=928819)[0m test_gen_batch meta info: {'eos_token_id': 151645, 'pad_token_id': 151643, 'recompute_log_prob': False, 'do_sample': False, 'validate': True, 'global_steps': 60}
[36m(TaskRunner pid=928819)[0m validation generation end
[36m(TaskRunner pid=928819)[0m test_gen_batch meta info: {'eos_token_id': 151645, 'pad_token_id': 151643, 'recompute_log_prob': False, 'do_sample': False, 'validate': True, 'global_steps': 60}
[36m(TaskRunner pid=928819)[0m validation generation end
[36m(TaskRunner pid=928819)[0m test_gen_batch meta info: {'eos_token_id': 151645, 'pad_token_id': 151643, 'recompute_log_prob': False, 'do_sample': False, 'validate': True, 'global_steps': 60}
[36m(TaskRunner pid=928819)[0m validation generation end
[36m(TaskRunner pid=928819)[0m test_gen_batch meta info: {'eos_token_id': 151645, 'pad_token_id': 151643, 'recompute_log_prob': False, 'do_sample': False, 'validate': True, 'global_steps': 60}
[36m(TaskRunner pid=928819)[0m validation generation end
[36m(TaskRunner pid=928819)[0m test_gen_batch meta info: {'eos_token_id': 151645, 'pad_token_id': 151643, 'recompute_log_prob': False, 'do_sample': False, 'validate': True, 'global_steps': 60}
[36m(TaskRunner pid=928819)[0m validation generation end
[36m(TaskRunner pid=928819)[0m test_gen_batch meta info: {'eos_token_id': 151645, 'pad_token_id': 151643, 'recompute_log_prob': False, 'do_sample': False, 'validate': True, 'global_steps': 60}
[36m(TaskRunner pid=928819)[0m validation generation end
[36m(TaskRunner pid=928819)[0m test_gen_batch meta info: {'eos_token_id': 151645, 'pad_token_id': 151643, 'recompute_log_prob': False, 'do_sample': False, 'validate': True, 'global_steps': 60}
[36m(TaskRunner pid=928819)[0m validation generation end
[36m(TaskRunner pid=928819)[0m test_gen_batch meta info: {'eos_token_id': 151645, 'pad_token_id': 151643, 'recompute_log_prob': False, 'do_sample': False, 'validate': True, 'global_steps': 60}
[36m(TaskRunner pid=928819)[0m validation generation end
[36m(TaskRunner pid=928819)[0m test_gen_batch meta info: {'eos_token_id': 151645, 'pad_token_id': 151643, 'recompute_log_prob': False, 'do_sample': False, 'validate': True, 'global_steps': 60}
[36m(TaskRunner pid=928819)[0m validation generation end
[36m(TaskRunner pid=928819)[0m test_gen_batch meta info: {'eos_token_id': 151645, 'pad_token_id': 151643, 'recompute_log_prob': False, 'do_sample': False, 'validate': True, 'global_steps': 60}
[36m(TaskRunner pid=928819)[0m validation generation end
[36m(TaskRunner pid=928819)[0m test_gen_batch meta info: {'eos_token_id': 151645, 'pad_token_id': 151643, 'recompute_log_prob': False, 'do_sample': False, 'validate': True, 'global_steps': 60}
[36m(TaskRunner pid=928819)[0m validation generation end
[36m(TaskRunner pid=928819)[0m test_gen_batch meta info: {'eos_token_id': 151645, 'pad_token_id': 151643, 'recompute_log_prob': False, 'do_sample': False, 'validate': True, 'global_steps': 60}
[36m(TaskRunner pid=928819)[0m validation generation end
[36m(TaskRunner pid=928819)[0m test_gen_batch meta info: {'eos_token_id': 151645, 'pad_token_id': 151643, 'recompute_log_prob': False, 'do_sample': False, 'validate': True, 'global_steps': 60}
[36m(TaskRunner pid=928819)[0m validation generation end
[36m(TaskRunner pid=928819)[0m test_gen_batch meta info: {'eos_token_id': 151645, 'pad_token_id': 151643, 'recompute_log_prob': False, 'do_sample': False, 'validate': True, 'global_steps': 60}
[36m(TaskRunner pid=928819)[0m validation generation end
[36m(TaskRunner pid=928819)[0m test_gen_batch meta info: {'eos_token_id': 151645, 'pad_token_id': 151643, 'recompute_log_prob': False, 'do_sample': False, 'validate': True, 'global_steps': 60}
[36m(TaskRunner pid=928819)[0m validation generation end
[36m(TaskRunner pid=928819)[0m test_gen_batch meta info: {'eos_token_id': 151645, 'pad_token_id': 151643, 'recompute_log_prob': False, 'do_sample': False, 'validate': True, 'global_steps': 60}
[36m(TaskRunner pid=928819)[0m validation generation end
[36m(TaskRunner pid=928819)[0m test_gen_batch meta info: {'eos_token_id': 151645, 'pad_token_id': 151643, 'recompute_log_prob': False, 'do_sample': False, 'validate': True, 'global_steps': 60}
[36m(TaskRunner pid=928819)[0m validation generation end
[36m(TaskRunner pid=928819)[0m test_gen_batch meta info: {'eos_token_id': 151645, 'pad_token_id': 151643, 'recompute_log_prob': False, 'do_sample': False, 'validate': True, 'global_steps': 60}
[36m(TaskRunner pid=928819)[0m validation generation end
[36m(TaskRunner pid=928819)[0m test_gen_batch meta info: {'eos_token_id': 151645, 'pad_token_id': 151643, 'recompute_log_prob': False, 'do_sample': False, 'validate': True, 'global_steps': 60}
[36m(TaskRunner pid=928819)[0m validation generation end
[36m(TaskRunner pid=928819)[0m test_gen_batch meta info: {'eos_token_id': 151645, 'pad_token_id': 151643, 'recompute_log_prob': False, 'do_sample': False, 'validate': True, 'global_steps': 60}
[36m(TaskRunner pid=928819)[0m validation generation end
[36m(TaskRunner pid=928819)[0m test_gen_batch meta info: {'eos_token_id': 151645, 'pad_token_id': 151643, 'recompute_log_prob': False, 'do_sample': False, 'validate': True, 'global_steps': 60}
[36m(TaskRunner pid=928819)[0m validation generation end
[36m(TaskRunner pid=928819)[0m test_gen_batch meta info: {'eos_token_id': 151645, 'pad_token_id': 151643, 'recompute_log_prob': False, 'do_sample': False, 'validate': True, 'global_steps': 60}
[36m(TaskRunner pid=928819)[0m validation generation end
[36m(TaskRunner pid=928819)[0m test_gen_batch meta info: {'eos_token_id': 151645, 'pad_token_id': 151643, 'recompute_log_prob': False, 'do_sample': False, 'validate': True, 'global_steps': 60}
[36m(TaskRunner pid=928819)[0m validation generation end
[36m(TaskRunner pid=928819)[0m test_gen_batch meta info: {'eos_token_id': 151645, 'pad_token_id': 151643, 'recompute_log_prob': False, 'do_sample': False, 'validate': True, 'global_steps': 60}
[36m(TaskRunner pid=928819)[0m validation generation end
[36m(TaskRunner pid=928819)[0m test_gen_batch meta info: {'eos_token_id': 151645, 'pad_token_id': 151643, 'recompute_log_prob': False, 'do_sample': False, 'validate': True, 'global_steps': 60}
[36m(TaskRunner pid=928819)[0m validation generation end
[36m(TaskRunner pid=928819)[0m test_gen_batch meta info: {'eos_token_id': 151645, 'pad_token_id': 151643, 'recompute_log_prob': False, 'do_sample': False, 'validate': True, 'global_steps': 60}
[36m(TaskRunner pid=928819)[0m validation generation end
[36m(TaskRunner pid=928819)[0m test_gen_batch meta info: {'eos_token_id': 151645, 'pad_token_id': 151643, 'recompute_log_prob': False, 'do_sample': False, 'validate': True, 'global_steps': 60}
[36m(TaskRunner pid=928819)[0m validation generation end
[36m(TaskRunner pid=928819)[0m test_gen_batch meta info: {'eos_token_id': 151645, 'pad_token_id': 151643, 'recompute_log_prob': False, 'do_sample': False, 'validate': True, 'global_steps': 60}
[36m(TaskRunner pid=928819)[0m validation generation end
[36m(TaskRunner pid=928819)[0m test_gen_batch meta info: {'eos_token_id': 151645, 'pad_token_id': 151643, 'recompute_log_prob': False, 'do_sample': False, 'validate': True, 'global_steps': 60}
[36m(TaskRunner pid=928819)[0m validation generation end
[36m(TaskRunner pid=928819)[0m test_gen_batch meta info: {'eos_token_id': 151645, 'pad_token_id': 151643, 'recompute_log_prob': False, 'do_sample': False, 'validate': True, 'global_steps': 60}
[36m(TaskRunner pid=928819)[0m validation generation end
[36m(TaskRunner pid=928819)[0m test_gen_batch meta info: {'eos_token_id': 151645, 'pad_token_id': 151643, 'recompute_log_prob': False, 'do_sample': False, 'validate': True, 'global_steps': 60}
[36m(TaskRunner pid=928819)[0m validation generation end
[36m(TaskRunner pid=928819)[0m test_gen_batch meta info: {'eos_token_id': 151645, 'pad_token_id': 151643, 'recompute_log_prob': False, 'do_sample': False, 'validate': True, 'global_steps': 60}
[36m(TaskRunner pid=928819)[0m validation generation end
[36m(TaskRunner pid=928819)[0m test_gen_batch meta info: {'eos_token_id': 151645, 'pad_token_id': 151643, 'recompute_log_prob': False, 'do_sample': False, 'validate': True, 'global_steps': 60}
[36m(TaskRunner pid=928819)[0m validation generation end
[36m(TaskRunner pid=928819)[0m test_gen_batch meta info: {'eos_token_id': 151645, 'pad_token_id': 151643, 'recompute_log_prob': False, 'do_sample': False, 'validate': True, 'global_steps': 60}
[36m(TaskRunner pid=928819)[0m validation generation end
[36m(TaskRunner pid=928819)[0m test_gen_batch meta info: {'eos_token_id': 151645, 'pad_token_id': 151643, 'recompute_log_prob': False, 'do_sample': False, 'validate': True, 'global_steps': 60}
[36m(TaskRunner pid=928819)[0m validation generation end
[36m(TaskRunner pid=928819)[0m test_gen_batch meta info: {'eos_token_id': 151645, 'pad_token_id': 151643, 'recompute_log_prob': False, 'do_sample': False, 'validate': True, 'global_steps': 60}
[36m(TaskRunner pid=928819)[0m validation generation end
[36m(TaskRunner pid=928819)[0m test_gen_batch meta info: {'eos_token_id': 151645, 'pad_token_id': 151643, 'recompute_log_prob': False, 'do_sample': False, 'validate': True, 'global_steps': 60}
[36m(TaskRunner pid=928819)[0m validation generation end
[36m(TaskRunner pid=928819)[0m Dumped generations to /home/yw4636/agentic-tvg/results/grpo-v2/val_rollouts/60.jsonl
[36m(TaskRunner pid=928819)[0m step:60 - global_seqlen/min:926407 - global_seqlen/max:926407 - global_seqlen/minmax_diff:0 - global_seqlen/balanced_min:926407 - global_seqlen/balanced_max:926407 - global_seqlen/mean:926407.0 - actor/entropy:1.0453109741210938 - perf/mfu/actor_infer:0.3023963746876445 - training/rollout_probs_diff_valid:1 - training/rollout_probs_diff_max:0.3687276244163513 - training/rollout_probs_diff_mean:0.008939012885093689 - training/rollout_probs_diff_std:0.01364128664135933 - training/rollout_actor_probs_pearson_corr:0.9990366101264954 - rollout_corr/training_ppl:2.886190414428711 - rollout_corr/training_log_ppl:1.0358633995056152 - rollout_corr/kl:0.002231418853625655 - rollout_corr/k3_kl:0.0024132535327225924 - rollout_corr/rollout_ppl:2.879700183868408 - rollout_corr/rollout_log_ppl:1.0336428880691528 - rollout_corr/log_ppl_diff:0.0022205591667443514 - rollout_corr/log_ppl_abs_diff:0.0032559086102992296 - rollout_corr/log_ppl_diff_max:0.013343334197998047 - rollout_corr/log_ppl_diff_min:-0.006928563117980957 - rollout_corr/ppl_ratio:1.0022294521331787 - rollout_corr/chi2_token:0.005402088165283203 - rollout_corr/chi2_seq:2.177432060241699 - actor/pg_clipfrac:np.float64(0.0) - actor/ppo_kl:np.float64(0.0) - actor/pg_clipfrac_lower:np.float64(0.0) - actor/pg_loss:np.float64(0.008687061112141237) - actor/kl_loss:np.float64(0.001226854694323265) - actor/kl_coef:np.float64(0.0010000000000000002) - actor/loss:np.float64(0.008688285946846008) - actor/grad_norm:np.float64(0.057855024933815) - actor/lr:np.float64(1e-05) - actor/perf/max_memory_allocated_gb:np.float64(39.22479486465454) - actor/perf/max_memory_reserved_gb:np.float64(42.041015625) - actor/perf/cpu_memory_used_gb:np.float64(103.31636810302734) - perf/mfu/actor:np.float64(0.33895211929495384) - val-aux/longvt_longvt-val/reward/mean@1:np.float64(1.1798244861134313) - val-aux/longvt_longvt-val/score/mean@1:np.float64(1.1798244864769154) - val-core/longvt_longvt-val/acc/mean@1:np.float64(0.5175438596491229) - val-aux/longvt_longvt-val/format_score/mean@1:np.float64(0.4824561403508772) - val-aux/longvt_longvt-val/evidence_iou/mean@1:np.float64(0.1798244864769154) - val-aux/longvt_longvt-val/answered/mean@1:np.float64(0.9649122807017544) - val-aux/longvt_longvt-val/num_tool_calls/mean@1:np.float64(0.9736842105263158) - val-aux/longvt_longvt-val/judge_used/mean@1:np.float64(0.9649122807017544) - val-aux/num_turns/min:np.int32(2) - val-aux/num_turns/max:np.int32(4) - val-aux/num_turns/mean:np.float64(3.9473684210526314) - training/global_step:60 - training/epoch:0 - critic/score/mean:1.2548856735229492 - critic/score/max:2.5 - critic/score/min:0.0 - critic/rewards/mean:1.2548856735229492 - critic/rewards/max:2.5 - critic/rewards/min:0.0 - critic/advantages/mean:-0.008687064051628113 - critic/advantages/max:2.2327029705047607 - critic/advantages/min:-3.0339908599853516 - critic/returns/mean:-0.008687064051628113 - critic/returns/max:2.2327029705047607 - critic/returns/min:-3.0339908599853516 - response_length/mean:3293.3046875 - response_length/max:6431.0 - response_length/min:3006.0 - response_length/clip_ratio:0.0 - response_length_non_aborted/mean:3293.3046875 - response_length_non_aborted/max:6431.0 - response_length_non_aborted/min:3006.0 - response_length_non_aborted/clip_ratio:0.0 - response/aborted_ratio:0.0 - prompt_length/mean:3944.25 - prompt_length/max:3955.0 - prompt_length/min:3937.0 - prompt_length/clip_ratio:0.0 - num_turns/min:np.int32(4) - num_turns/max:np.int32(6) - num_turns/mean:np.float64(4.015625) - timing_s/start_profile:5.746493116021156e-05 - timing_s/agent_loop/num_preempted/min:np.int64(-1) - timing_s/agent_loop/num_preempted/max:np.int64(-1) - timing_s/agent_loop/num_preempted/mean:np.float64(-1.0) - timing_s/agent_loop/generate_sequences/min:np.float64(62.057244480005465) - timing_s/agent_loop/generate_sequences/max:np.float64(119.95709479309153) - timing_s/agent_loop/generate_sequences/mean:np.float64(102.94104821460223) - timing_s/agent_loop/tool_calls/min:np.float64(0.06916981597896665) - timing_s/agent_loop/tool_calls/max:np.float64(3.049543893081136) - timing_s/agent_loop/tool_calls/mean:np.float64(0.1697032726387988) - timing_s/agent_loop/compute_score/min:np.float64(0.3238555759890005) - timing_s/agent_loop/compute_score/max:np.float64(10.25289291201625) - timing_s/agent_loop/compute_score/mean:np.float64(2.4037808080684044) - timing_s/agent_loop/slowest/generate_sequences:np.float64(119.95709479309153) - timing_s/agent_loop/slowest/tool_calls:np.float64(3.049543893081136) - timing_s/agent_loop/slowest/compute_score:np.float64(1.7810544379753992) - timing_s/agent_loop/slowest/num_preempted:np.int64(-1) - timing_s/agent_loop/slowest/prompt_length:3945 - timing_s/agent_loop/slowest/response_length:6431 - timing_s/gen:148.22355691704433 - timing_s/reward:0.0005669780075550079 - timing_s/old_log_prob:143.08050870208535 - timing_s/ref:136.48281060601585 - timing_s/adv:0.16687151498626918 - timing_s/update_actor:325.6025536110392 - timing_s/save_checkpoint:26.989164231927134 - timing_s/update_weights:4.0377761360723525 - timing_s/dump_rollout_generations:0.322827685973607 - timing_s/step:785.0795214680256 - timing_s/testing:2179.288673206931 - timing_s/stop_profile:0.00012794905342161655 - timing_per_token_ms/update_actor:0.3514681491083716 - timing_per_token_ms/ref:0.14732489133395565 - timing_per_token_ms/adv:0.00018012764906382312 - timing_per_token_ms/gen:0.3516214405577707 - perf/total_num_tokens:926407 - perf/time_per_step:785.0795214680256 - perf/throughput:1180.016768578685[36m(TaskRunner pid=928819)[0m Training Progress:  45%|████▌     | 60/133 [9:45:09<28:49:37, 1421.61s/it]
[36m(TaskRunner pid=928819)[0m Training Progress:  46%|████▌     | 61/133 [9:57:45<24:26:13, 1221.85s/it]

[36m(TaskRunner pid=928819)[0m Dumped generations to /home/yw4636/agentic-tvg/results/grpo-v2/rollouts/61.jsonl
[36m(TaskRunner pid=928819)[0m step:61 - global_seqlen/min:930273 - global_seqlen/max:930273 - global_seqlen/minmax_diff:0 - global_seqlen/balanced_min:930273 - global_seqlen/balanced_max:930273 - global_seqlen/mean:930273.0 - actor/entropy:1.0041630268096924 - perf/mfu/actor_infer:0.30124540735767624 - training/rollout_probs_diff_valid:1 - training/rollout_probs_diff_max:0.2647321820259094 - training/rollout_probs_diff_mean:0.00888063758611679 - training/rollout_probs_diff_std:0.013727633282542229 - training/rollout_actor_probs_pearson_corr:0.9990184307098389 - rollout_corr/training_ppl:2.7235097885131836 - rollout_corr/training_log_ppl:0.9849544167518616 - rollout_corr/kl:0.002727146726101637 - rollout_corr/k3_kl:0.00235785823315382 - rollout_corr/rollout_ppl:2.7160024642944336 - rollout_corr/rollout_log_ppl:0.9821758270263672 - rollout_corr/log_ppl_diff:0.0027786181308329105 - rollout_corr/log_ppl_abs_diff:0.0033628414385020733 - rollout_corr/log_ppl_diff_max:0.01157987117767334 - rollout_corr/log_ppl_diff_min:-0.006459951400756836 - rollout_corr/ppl_ratio:1.0027873516082764 - rollout_corr/chi2_token:0.004078030586242676 - rollout_corr/chi2_seq:1.3760292530059814 - actor/pg_clipfrac:np.float64(0.0) - actor/ppo_kl:np.float64(0.0) - actor/pg_clipfrac_lower:np.float64(0.0) - actor/pg_loss:np.float64(0.001076786567864474) - actor/kl_loss:np.float64(0.0012690118765021907) - actor/kl_coef:np.float64(0.0010000000000000002) - actor/loss:np.float64(0.0010780561715364456) - actor/grad_norm:np.float64(0.050791580229997635) - actor/lr:np.float64(1e-05) - actor/perf/max_memory_allocated_gb:np.float64(39.22479486465454) - actor/perf/max_memory_reserved_gb:np.float64(42.041015625) - actor/perf/cpu_memory_used_gb:np.float64(102.6005744934082) - perf/mfu/actor:np.float64(0.34039556429294265) - training/global_step:61 - training/epoch:0 - critic/score/mean:1.3205631971359253 - critic/score/max:2.4692306518554688 - critic/score/min:0.5 - critic/rewards/mean:1.3205631971359253 - critic/rewards/max:2.4692306518554688 - critic/rewards/min:0.5 - critic/advantages/mean:-0.001076777814887464 - critic/advantages/max:3.745565414428711 - critic/advantages/min:-3.6037378311157227 - critic/returns/mean:-0.001076777814887464 - critic/returns/max:3.745565414428711 - critic/returns/min:-3.6037378311157227 - response_length/mean:3248.7578125 - response_length/max:3674.0 - response_length/min:2954.0 - response_length/clip_ratio:0.0 - response_length_non_aborted/mean:3248.7578125 - response_length_non_aborted/max:3674.0 - response_length_non_aborted/min:2954.0 - response_length_non_aborted/clip_ratio:0.0 - response/aborted_ratio:0.0 - prompt_length/mean:4019.0 - prompt_length/max:4145.0 - prompt_length/min:3939.0 - prompt_length/clip_ratio:0.0 - num_turns/min:np.int32(4) - num_turns/max:np.int32(4) - num_turns/mean:np.float64(4.0) - timing_s/start_profile:6.523693446069956e-05 - timing_s/agent_loop/num_preempted/min:np.int64(-1) - timing_s/agent_loop/num_preempted/max:np.int64(-1) - timing_s/agent_loop/num_preempted/mean:np.float64(-1.0) - timing_s/agent_loop/generate_sequences/min:np.float64(72.20535478100646) - timing_s/agent_loop/generate_sequences/max:np.float64(119.57786268997006) - timing_s/agent_loop/generate_sequences/mean:np.float64(103.25816896806373) - timing_s/agent_loop/tool_calls/min:np.float64(0.06712136801797897) - timing_s/agent_loop/tool_calls/max:np.float64(0.746741776005365) - timing_s/agent_loop/tool_calls/mean:np.float64(0.14652658631894155) - timing_s/agent_loop/compute_score/min:np.float64(0.3202748349867761) - timing_s/agent_loop/compute_score/max:np.float64(5.904304760042578) - timing_s/agent_loop/compute_score/mean:np.float64(2.498325956708868) - timing_s/agent_loop/slowest/generate_sequences:np.float64(119.57786268997006) - timing_s/agent_loop/slowest/tool_calls:np.float64(0.10736477794125676) - timing_s/agent_loop/slowest/compute_score:np.float64(3.2911906871013343) - timing_s/agent_loop/slowest/num_preempted:np.int64(-1) - timing_s/agent_loop/slowest/prompt_length:3951 - timing_s/agent_loop/slowest/response_length:3487 - timing_s/gen:147.91111088404432 - timing_s/reward:0.0005479439860209823 - timing_s/old_log_prob:143.07987085694913 - timing_s/ref:136.61290185304824 - timing_s/adv:0.16944272501859814 - timing_s/update_actor:323.4214982750127 - timing_s/update_weights:3.9894784570205957 - timing_s/dump_rollout_generations:0.32508200500160456 - timing_s/step:755.6805763439042 - timing_s/stop_profile:5.050096660852432e-05 - timing_per_token_ms/update_actor:0.3476629959968877 - timing_per_token_ms/ref:0.146852485080238 - timing_per_token_ms/adv:0.00018214301072760162 - timing_per_token_ms/gen:0.35569150440683894 - perf/total_num_tokens:930273 - perf/time_per_step:755.6805763439042 - perf/throughput:1231.0399778975398
[36m(TaskRunner pid=928819)[0m Dumped generations to /home/yw4636/agentic-tvg/results/grpo-v2/rollouts/62.jsonl
[36m(TaskRunner pid=928819)[0m step:62 - global_seqlen/min:929415 - global_seqlen/max:929415 - global_seqlen/minmax_diff:0 - global_seqlen/balanced_min:929415 - global_seqlen/balanced_max:929415 - global_seqlen/mean:929415.0 - actor/entropy:1.0333009958267212 - perf/mfu/actor_infer:0.3032962021638855 - training/rollout_probs_diff_valid:1 - training/rollout_probs_diff_max:0.2918092608451843 - training/rollout_probs_diff_mean:0.009350159205496311 - training/rollout_probs_diff_std:0.014513101428747177 - training/rollout_actor_probs_pearson_corr:0.9989204406738281 - rollout_corr/training_ppl:2.79603910446167 - rollout_corr/training_log_ppl:1.0074180364608765 - rollout_corr/kl:0.0025007911026477814 - rollout_corr/k3_kl:0.0027521224692463875 - rollout_corr/rollout_ppl:2.789036989212036 - rollout_corr/rollout_log_ppl:1.0049409866333008 - rollout_corr/log_ppl_diff:0.0024770498275756836 - rollout_corr/log_ppl_abs_diff:0.003091520629823208 - rollout_corr/log_ppl_diff_max:0.012628316879272461 - rollout_corr/log_ppl_diff_min:-0.004768431186676025 - rollout_corr/ppl_ratio:1.0024852752685547 - rollout_corr/chi2_token:0.006159067153930664 - rollout_corr/chi2_seq:0.9269062280654907 - actor/pg_clipfrac:np.float64(0.0) - actor/ppo_kl:np.float64(0.0) - actor/pg_clipfrac_lower:np.float64(0.0) - actor/pg_loss:np.float64(-0.003375452943146229) - actor/kl_loss:np.float64(0.0012493674912548158) - actor/kl_coef:np.float64(0.0010000000000000002) - actor/loss:np.float64(-0.003374207764863968) - actor/grad_norm:np.float64(0.055974796414375305) - actor/lr:np.float64(1e-05) - actor/perf/max_memory_allocated_gb:np.float64(39.22479486465454) - actor/perf/max_memory_reserved_gb:np.float64(42.041015625) - actor/perf/cpu_memory_used_gb:np.float64(103.44012451171875) - perf/mfu/actor:np.float64(0.3356494767447397) - training/global_step:62 - training/epoch:0 - critic/score/mean:1.5413150787353516 - critic/score/max:2.3976471424102783 - critic/score/min:0.5 - critic/rewards/mean:1.5413150787353516 - critic/rewards/max:2.3976471424102783 - critic/rewards/min:0.5 - critic/advantages/mean:0.0033754613250494003 - critic/advantages/max:2.34798264503479 - critic/advantages/min:-2.7809038162231445 - critic/returns/mean:0.0033754613250494003 - critic/returns/max:2.34798264503479 - critic/returns/min:-2.7809038162231445 - response_length/mean:3242.0546875 - response_length/max:3544.0 - response_length/min:2926.0 - response_length/clip_ratio:0.0 - response_length_non_aborted/mean:3242.0546875 - response_length_non_aborted/max:3544.0 - response_length_non_aborted/min:2926.0 - response_length_non_aborted/clip_ratio:0.0 - response/aborted_ratio:0.0 - prompt_length/mean:4019.0 - prompt_length/max:4155.0 - prompt_length/min:3929.0 - prompt_length/clip_ratio:0.0 - num_turns/min:np.int32(4) - num_turns/max:np.int32(4) - num_turns/mean:np.float64(4.0) - timing_s/start_profile:6.227393168956041e-05 - timing_s/agent_loop/num_preempted/min:np.int64(-1) - timing_s/agent_loop/num_preempted/max:np.int64(-1) - timing_s/agent_loop/num_preempted/mean:np.float64(-1.0) - timing_s/agent_loop/generate_sequences/min:np.float64(59.57907634205185) - timing_s/agent_loop/generate_sequences/max:np.float64(121.35408548288979) - timing_s/agent_loop/generate_sequences/mean:np.float64(104.09984894716399) - timing_s/agent_loop/tool_calls/min:np.float64(0.06365809694398195) - timing_s/agent_loop/tool_calls/max:np.float64(3.5981371550587937) - timing_s/agent_loop/tool_calls/mean:np.float64(0.3064298323179173) - timing_s/agent_loop/compute_score/min:np.float64(0.3223130430560559) - timing_s/agent_loop/compute_score/max:np.float64(8.181443108944222) - timing_s/agent_loop/compute_score/mean:np.float64(2.0304073849938504) - timing_s/agent_loop/slowest/generate_sequences:np.float64(121.35408548288979) - timing_s/agent_loop/slowest/tool_calls:np.float64(0.08859791501890868) - timing_s/agent_loop/slowest/compute_score:np.float64(1.0503988610580564) - timing_s/agent_loop/slowest/num_preempted:np.int64(-1) - timing_s/agent_loop/slowest/prompt_length:3951 - timing_s/agent_loop/slowest/response_length:3489 - timing_s/gen:150.09782426198944 - timing_s/reward:0.0004769020015373826 - timing_s/old_log_prob:141.42939957405906 - timing_s/ref:135.37097961595282 - timing_s/adv:0.16323814692441374 - timing_s/update_actor:327.8093335829908 - timing_s/update_weights:4.007178770960309 - timing_s/dump_rollout_generations:0.3218499190406874 - timing_s/step:759.3583345069783 - timing_s/stop_profile:7.227493915706873e-05 - timing_per_token_ms/update_actor:0.3527050172237276 - timing_per_token_ms/ref:0.1456518128241451 - timing_per_token_ms/adv:0.00017563536947909572 - timing_per_token_ms/gen:0.3616963207215463 - perf/total_num_tokens:929415 - perf/time_per_step:759.3583345069783 - perf/throughput:1223.947848815583[36m(TaskRunner pid=928819)[0m Training Progress:  47%|████▋     | 62/133 [10:10:25<21:22:01, 1083.41s/it]
[36m(TaskRunner pid=928819)[0m Training Progress:  47%|████▋     | 63/133 [10:23:11<19:12:58, 988.27s/it] 

[36m(TaskRunner pid=928819)[0m Dumped generations to /home/yw4636/agentic-tvg/results/grpo-v2/rollouts/63.jsonl
[36m(TaskRunner pid=928819)[0m step:63 - global_seqlen/min:920918 - global_seqlen/max:920918 - global_seqlen/minmax_diff:0 - global_seqlen/balanced_min:920918 - global_seqlen/balanced_max:920918 - global_seqlen/mean:920918.0 - actor/entropy:1.079464316368103 - perf/mfu/actor_infer:0.2998953584352639 - training/rollout_probs_diff_valid:1 - training/rollout_probs_diff_max:0.2202545404434204 - training/rollout_probs_diff_mean:0.009092321619391441 - training/rollout_probs_diff_std:0.01384619902819395 - training/rollout_actor_probs_pearson_corr:0.9990124702453613 - rollout_corr/training_ppl:2.9545793533325195 - rollout_corr/training_log_ppl:1.053499460220337 - rollout_corr/kl:0.0022793414536863565 - rollout_corr/k3_kl:0.0025272478815168142 - rollout_corr/rollout_ppl:2.9478304386138916 - rollout_corr/rollout_log_ppl:1.0511889457702637 - rollout_corr/log_ppl_diff:0.002310593146830797 - rollout_corr/log_ppl_abs_diff:0.003168277908116579 - rollout_corr/log_ppl_diff_max:0.010406732559204102 - rollout_corr/log_ppl_diff_min:-0.005533158779144287 - rollout_corr/ppl_ratio:1.0023181438446045 - rollout_corr/chi2_token:0.00568389892578125 - rollout_corr/chi2_seq:1.213254451751709 - actor/pg_clipfrac:np.float64(0.0) - actor/ppo_kl:np.float64(0.0) - actor/pg_clipfrac_lower:np.float64(0.0) - actor/pg_loss:np.float64(-0.011081652992288582) - actor/kl_loss:np.float64(0.001308574792346917) - actor/kl_coef:np.float64(0.0010000000000000002) - actor/loss:np.float64(-0.011080347001552582) - actor/grad_norm:np.float64(0.05795496329665184) - actor/lr:np.float64(1e-05) - actor/perf/max_memory_allocated_gb:np.float64(39.22479486465454) - actor/perf/max_memory_reserved_gb:np.float64(42.041015625) - actor/perf/cpu_memory_used_gb:np.float64(118.79207611083984) - perf/mfu/actor:np.float64(0.33694000786258016) - training/global_step:63 - training/epoch:0 - critic/score/mean:1.3006787300109863 - critic/score/max:2.377300500869751 - critic/score/min:0.5 - critic/rewards/mean:1.3006787300109863 - critic/rewards/max:2.377300500869751 - critic/rewards/min:0.5 - critic/advantages/mean:0.011081624776124954 - critic/advantages/max:3.712555170059204 - critic/advantages/min:-3.7499847412109375 - critic/returns/mean:0.011081624776124954 - critic/returns/max:3.712555170059204 - critic/returns/min:-3.7499847412109375 - response_length/mean:3225.671875 - response_length/max:3652.0 - response_length/min:206.0 - response_length/clip_ratio:0.0 - response_length_non_aborted/mean:3225.671875 - response_length_non_aborted/max:3652.0 - response_length_non_aborted/min:206.0 - response_length_non_aborted/clip_ratio:0.0 - response/aborted_ratio:0.0 - prompt_length/mean:3969.0 - prompt_length/max:4153.0 - prompt_length/min:3933.0 - prompt_length/clip_ratio:0.0 - num_turns/min:np.int32(4) - num_turns/max:np.int32(4) - num_turns/mean:np.float64(4.0) - timing_s/start_profile:5.760299973189831e-05 - timing_s/agent_loop/num_preempted/min:np.int64(-1) - timing_s/agent_loop/num_preempted/max:np.int64(-1) - timing_s/agent_loop/num_preempted/mean:np.float64(-1.0) - timing_s/agent_loop/generate_sequences/min:np.float64(49.86586396896746) - timing_s/agent_loop/generate_sequences/max:np.float64(122.78866333991755) - timing_s/agent_loop/generate_sequences/mean:np.float64(104.42042926878457) - timing_s/agent_loop/tool_calls/min:np.float64(9.156798478215933e-05) - timing_s/agent_loop/tool_calls/max:np.float64(0.7997342140879482) - timing_s/agent_loop/tool_calls/mean:np.float64(0.13618753665741679) - timing_s/agent_loop/compute_score/min:np.float64(0.31624765193555504) - timing_s/agent_loop/compute_score/max:np.float64(6.571145744994283) - timing_s/agent_loop/compute_score/mean:np.float64(2.6333671119400606) - timing_s/agent_loop/slowest/generate_sequences:np.float64(122.78866333991755) - timing_s/agent_loop/slowest/tool_calls:np.float64(0.08199563703965396) - timing_s/agent_loop/slowest/compute_score:np.float64(3.705387881025672) - timing_s/agent_loop/slowest/num_preempted:np.int64(-1) - timing_s/agent_loop/slowest/prompt_length:3939 - timing_s/agent_loop/slowest/response_length:3652 - timing_s/gen:152.00253235804848 - timing_s/reward:0.00046794896479696035 - timing_s/old_log_prob:140.44787410495337 - timing_s/ref:138.13599855394568 - timing_s/adv:0.16754135198425502 - timing_s/update_actor:330.97244204301387 - timing_s/update_weights:4.003374289022759 - timing_s/dump_rollout_generations:0.3222419710364193 - timing_s/step:766.2278430660954 - timing_s/stop_profile:4.755193367600441e-05 - timing_per_token_ms/update_actor:0.35939404164433086 - timing_per_token_ms/ref:0.1499981524456528 - timing_per_token_ms/adv:0.00018192863206523819 - timing_per_token_ms/gen:0.36814649166609786 - perf/total_num_tokens:920918 - perf/time_per_step:766.2278430660954 - perf/throughput:1201.8853247552386
[36m(TaskRunner pid=928819)[0m Dumped generations to /home/yw4636/agentic-tvg/results/grpo-v2/rollouts/64.jsonl
[36m(TaskRunner pid=928819)[0m step:64 - global_seqlen/min:928472 - global_seqlen/max:928472 - global_seqlen/minmax_diff:0 - global_seqlen/balanced_min:928472 - global_seqlen/balanced_max:928472 - global_seqlen/mean:928472.0 - actor/entropy:1.0453904867172241 - perf/mfu/actor_infer:0.2968967469644857 - training/rollout_probs_diff_valid:1 - training/rollout_probs_diff_max:0.5316393375396729 - training/rollout_probs_diff_mean:0.008893893100321293 - training/rollout_probs_diff_std:0.013717133551836014 - training/rollout_actor_probs_pearson_corr:0.9990360140800476 - rollout_corr/training_ppl:2.8046584129333496 - rollout_corr/training_log_ppl:1.0044687986373901 - rollout_corr/kl:0.0018234163289889693 - rollout_corr/k3_kl:0.0025657222140580416 - rollout_corr/rollout_ppl:2.7992136478424072 - rollout_corr/rollout_log_ppl:1.0024713277816772 - rollout_corr/log_ppl_diff:0.0019974643364548683 - rollout_corr/log_ppl_abs_diff:0.003396286629140377 - rollout_corr/log_ppl_diff_max:0.017460942268371582 - rollout_corr/log_ppl_diff_min:-0.006724238395690918 - rollout_corr/ppl_ratio:1.002008080482483 - rollout_corr/chi2_token:0.006516695022583008 - rollout_corr/chi2_seq:14.521834373474121 - actor/pg_clipfrac:np.float64(0.0) - actor/ppo_kl:np.float64(0.0) - actor/pg_clipfrac_lower:np.float64(0.0) - actor/pg_loss:np.float64(0.008040415239520371) - actor/kl_loss:np.float64(0.001320086004852783) - actor/kl_coef:np.float64(0.0010000000000000002) - actor/loss:np.float64(0.008041732013225555) - actor/grad_norm:np.float64(0.05447360873222351) - actor/lr:np.float64(1e-05) - actor/perf/max_memory_allocated_gb:np.float64(39.22479486465454) - actor/perf/max_memory_reserved_gb:np.float64(42.041015625) - actor/perf/cpu_memory_used_gb:np.float64(103.10067367553711) - perf/mfu/actor:np.float64(0.3341039125412827) - training/global_step:64 - training/epoch:0 - critic/score/mean:1.3007137775421143 - critic/score/max:2.5 - critic/score/min:0.5 - critic/rewards/mean:1.3007137775421143 - critic/rewards/max:2.5 - critic/rewards/min:0.5 - critic/advantages/mean:-0.008040400221943855 - critic/advantages/max:2.868468999862671 - critic/advantages/min:-2.7990386486053467 - critic/returns/mean:-0.008040400221943855 - critic/returns/max:2.868468999862671 - critic/returns/min:-2.7990386486053467 - response_length/mean:3190.5625 - response_length/max:3629.0 - response_length/min:2892.0 - response_length/clip_ratio:0.0 - response_length_non_aborted/mean:3190.5625 - response_length_non_aborted/max:3629.0 - response_length_non_aborted/min:2892.0 - response_length_non_aborted/clip_ratio:0.0 - response/aborted_ratio:0.0 - prompt_length/mean:4063.125 - prompt_length/max:4144.0 - prompt_length/min:3941.0 - prompt_length/clip_ratio:0.0 - num_turns/min:np.int32(4) - num_turns/max:np.int32(4) - num_turns/mean:np.float64(4.0) - timing_s/start_profile:6.497208960354328e-05 - timing_s/agent_loop/num_preempted/min:np.int64(-1) - timing_s/agent_loop/num_preempted/max:np.int64(-1) - timing_s/agent_loop/num_preempted/mean:np.float64(-1.0) - timing_s/agent_loop/generate_sequences/min:np.float64(70.53716719301883) - timing_s/agent_loop/generate_sequences/max:np.float64(115.8531614979729) - timing_s/agent_loop/generate_sequences/mean:np.float64(99.2160798766563) - timing_s/agent_loop/tool_calls/min:np.float64(0.0475562569918111) - timing_s/agent_loop/tool_calls/max:np.float64(0.983982457080856) - timing_s/agent_loop/tool_calls/mean:np.float64(0.17224002873535937) - timing_s/agent_loop/compute_score/min:np.float64(0.3369522880529985) - timing_s/agent_loop/compute_score/max:np.float64(7.634086312958971) - timing_s/agent_loop/compute_score/mean:np.float64(2.584285444350826) - timing_s/agent_loop/slowest/generate_sequences:np.float64(115.8531614979729) - timing_s/agent_loop/slowest/tool_calls:np.float64(0.23626971105113626) - timing_s/agent_loop/slowest/compute_score:np.float64(2.1635356090264395) - timing_s/agent_loop/slowest/num_preempted:np.int64(-1) - timing_s/agent_loop/slowest/prompt_length:3941 - timing_s/agent_loop/slowest/response_length:3629 - timing_s/gen:142.56657583103515 - timing_s/reward:0.0004052339354529977 - timing_s/old_log_prob:145.41139363392722 - timing_s/ref:139.27344083902426 - timing_s/adv:0.17142400704324245 - timing_s/update_actor:330.28152090206277 - timing_s/update_weights:3.982274004025385 - timing_s/dump_rollout_generations:0.3156557430047542 - timing_s/step:762.1816799660446 - timing_s/stop_profile:4.911201540380716e-05 - timing_per_token_ms/update_actor:0.3557258817735621 - timing_per_token_ms/ref:0.15000284428504496 - timing_per_token_ms/adv:0.0001846302387613654 - timing_per_token_ms/gen:0.34909247936060245 - perf/total_num_tokens:928472 - perf/time_per_step:762.1816799660446 - perf/throughput:1218.176747624482[36m(TaskRunner pid=928819)[0m Training Progress:  48%|████▊     | 64/133 [10:35:54<17:38:31, 920.46s/it]
[36m(TaskRunner pid=928819)[0m Training Progress:  49%|████▉     | 65/133 [10:48:27<16:26:23, 870.34s/it]

[36m(TaskRunner pid=928819)[0m Dumped generations to /home/yw4636/agentic-tvg/results/grpo-v2/rollouts/65.jsonl
[36m(TaskRunner pid=928819)[0m step:65 - global_seqlen/min:921199 - global_seqlen/max:921199 - global_seqlen/minmax_diff:0 - global_seqlen/balanced_min:921199 - global_seqlen/balanced_max:921199 - global_seqlen/mean:921199.0 - actor/entropy:1.0256038904190063 - perf/mfu/actor_infer:0.30063528920730476 - training/rollout_probs_diff_valid:1 - training/rollout_probs_diff_max:0.5128614902496338 - training/rollout_probs_diff_mean:0.009112021885812283 - training/rollout_probs_diff_std:0.013863680884242058 - training/rollout_actor_probs_pearson_corr:0.9989752769470215 - rollout_corr/training_ppl:2.8152337074279785 - rollout_corr/training_log_ppl:1.0089573860168457 - rollout_corr/kl:0.002694155089557171 - rollout_corr/k3_kl:0.0023336918093264103 - rollout_corr/rollout_ppl:2.8071682453155518 - rollout_corr/rollout_log_ppl:1.006196141242981 - rollout_corr/log_ppl_diff:0.002761350478976965 - rollout_corr/log_ppl_abs_diff:0.003463598433881998 - rollout_corr/log_ppl_diff_max:0.01542043685913086 - rollout_corr/log_ppl_diff_min:-0.006253480911254883 - rollout_corr/ppl_ratio:1.0027716159820557 - rollout_corr/chi2_token:0.003894805908203125 - rollout_corr/chi2_seq:1.495089054107666 - actor/pg_clipfrac:np.float64(0.0) - actor/ppo_kl:np.float64(0.0) - actor/pg_clipfrac_lower:np.float64(0.0) - actor/pg_loss:np.float64(0.011022780985513236) - actor/kl_loss:np.float64(0.001294837244131486) - actor/kl_coef:np.float64(0.0010000000000000002) - actor/loss:np.float64(0.01102408766746521) - actor/grad_norm:np.float64(0.055129192769527435) - actor/lr:np.float64(1e-05) - actor/perf/max_memory_allocated_gb:np.float64(39.22479486465454) - actor/perf/max_memory_reserved_gb:np.float64(42.041015625) - actor/perf/cpu_memory_used_gb:np.float64(119.01172256469727) - perf/mfu/actor:np.float64(0.3357279580430922) - training/global_step:65 - training/epoch:0 - critic/score/mean:1.3741024732589722 - critic/score/max:2.490000009536743 - critic/score/min:0.0 - critic/rewards/mean:1.3741024732589722 - critic/rewards/max:2.490000009536743 - critic/rewards/min:0.0 - critic/advantages/mean:-0.011022794991731644 - critic/advantages/max:1.9189996719360352 - critic/advantages/min:-3.0977022647857666 - critic/returns/mean:-0.011022794991731644 - critic/returns/max:1.9189996719360352 - critic/returns/min:-3.0977022647857666 - response_length/mean:3196.9921875 - response_length/max:8965.0 - response_length/min:2698.0 - response_length/clip_ratio:0.0 - response_length_non_aborted/mean:3196.9921875 - response_length_non_aborted/max:8965.0 - response_length_non_aborted/min:2698.0 - response_length_non_aborted/clip_ratio:0.0 - response/aborted_ratio:0.0 - prompt_length/mean:3999.875 - prompt_length/max:4149.0 - prompt_length/min:3619.0 - prompt_length/clip_ratio:0.0 - num_turns/min:np.int32(4) - num_turns/max:np.int32(8) - num_turns/mean:np.float64(4.03125) - timing_s/start_profile:6.19000056758523e-05 - timing_s/agent_loop/num_preempted/min:np.int64(-1) - timing_s/agent_loop/num_preempted/max:np.int64(-1) - timing_s/agent_loop/num_preempted/mean:np.float64(-1.0) - timing_s/agent_loop/generate_sequences/min:np.float64(64.57017269707285) - timing_s/agent_loop/generate_sequences/max:np.float64(120.52952244889457) - timing_s/agent_loop/generate_sequences/mean:np.float64(102.6970776774333) - timing_s/agent_loop/tool_calls/min:np.float64(0.06579688307829201) - timing_s/agent_loop/tool_calls/max:np.float64(1.3295795619487762) - timing_s/agent_loop/tool_calls/mean:np.float64(0.13578553210663813) - timing_s/agent_loop/compute_score/min:np.float64(0.2949729170650244) - timing_s/agent_loop/compute_score/max:np.float64(13.653398167924024) - timing_s/agent_loop/compute_score/mean:np.float64(2.379717065980003) - timing_s/agent_loop/slowest/generate_sequences:np.float64(120.52952244889457) - timing_s/agent_loop/slowest/tool_calls:np.float64(1.3295795619487762) - timing_s/agent_loop/slowest/compute_score:np.float64(0.6097697620280087) - timing_s/agent_loop/slowest/num_preempted:np.int64(-1) - timing_s/agent_loop/slowest/prompt_length:4149 - timing_s/agent_loop/slowest/response_length:8965 - timing_s/gen:145.8979924179148 - timing_s/reward:0.0004447710234671831 - timing_s/old_log_prob:139.86600046604872 - timing_s/ref:136.29403434705455 - timing_s/adv:0.1710470870602876 - timing_s/update_actor:326.60902706196066 - timing_s/update_weights:4.016253703041002 - timing_s/dump_rollout_generations:0.32086411595810205 - timing_s/step:753.3261094610207 - timing_s/stop_profile:4.974298644810915e-05 - timing_per_token_ms/update_actor:0.3545477438229532 - timing_per_token_ms/ref:0.14795286832384158 - timing_per_token_ms/adv:0.0001856787589438195 - timing_per_token_ms/gen:0.35653138916685556 - perf/total_num_tokens:921199 - perf/time_per_step:753.3261094610207 - perf/throughput:1222.8422570659163
[36m(TaskRunner pid=928819)[0m Dumped generations to /home/yw4636/agentic-tvg/results/grpo-v2/rollouts/66.jsonl
[36m(TaskRunner pid=928819)[0m step:66 - global_seqlen/min:915353 - global_seqlen/max:915353 - global_seqlen/minmax_diff:0 - global_seqlen/balanced_min:915353 - global_seqlen/balanced_max:915353 - global_seqlen/mean:915353.0 - actor/entropy:0.9554077386856079 - perf/mfu/actor_infer:0.3012980572979936 - training/rollout_probs_diff_valid:1 - training/rollout_probs_diff_max:0.6645478010177612 - training/rollout_probs_diff_mean:0.008965264074504375 - training/rollout_probs_diff_std:0.014680100604891777 - training/rollout_actor_probs_pearson_corr:0.9989123940467834 - rollout_corr/training_ppl:2.611332416534424 - rollout_corr/training_log_ppl:0.9388892650604248 - rollout_corr/kl:0.002657021628692746 - rollout_corr/k3_kl:0.0026035152841359377 - rollout_corr/rollout_ppl:2.6037871837615967 - rollout_corr/rollout_log_ppl:0.9360721707344055 - rollout_corr/log_ppl_diff:0.002817091764882207 - rollout_corr/log_ppl_abs_diff:0.0036004178691655397 - rollout_corr/log_ppl_diff_max:0.011985838413238525 - rollout_corr/log_ppl_diff_min:-0.004920363426208496 - rollout_corr/ppl_ratio:1.0028278827667236 - rollout_corr/chi2_token:0.005212068557739258 - rollout_corr/chi2_seq:1.122732400894165 - actor/pg_clipfrac:np.float64(0.0) - actor/ppo_kl:np.float64(0.0) - actor/pg_clipfrac_lower:np.float64(0.0) - actor/pg_loss:np.float64(0.037168197450228035) - actor/kl_loss:np.float64(0.0012929547738167457) - actor/kl_coef:np.float64(0.0010000000000000002) - actor/loss:np.float64(0.03716948628425598) - actor/grad_norm:np.float64(0.057597678154706955) - actor/lr:np.float64(1e-05) - actor/perf/max_memory_allocated_gb:np.float64(39.22479486465454) - actor/perf/max_memory_reserved_gb:np.float64(42.041015625) - actor/perf/cpu_memory_used_gb:np.float64(133.9934959411621) - perf/mfu/actor:np.float64(0.34024249186461303) - training/global_step:66 - training/epoch:0 - critic/score/mean:1.4577685594558716 - critic/score/max:2.409090995788574 - critic/score/min:0.5 - critic/rewards/mean:1.4577685594558716 - critic/rewards/max:2.409090995788574 - critic/rewards/min:0.5 - critic/advantages/mean:-0.03716817870736122 - critic/advantages/max:3.749828815460205 - critic/advantages/min:-3.2204232215881348 - critic/returns/mean:-0.03716817870736122 - critic/returns/max:3.749828815460205 - critic/returns/min:-3.2204232215881348 - response_length/mean:3159.1953125 - response_length/max:3501.0 - response_length/min:461.0 - response_length/clip_ratio:0.0 - response_length_non_aborted/mean:3159.1953125 - response_length_non_aborted/max:3501.0 - response_length_non_aborted/min:461.0 - response_length_non_aborted/clip_ratio:0.0 - response/aborted_ratio:0.0 - prompt_length/mean:3992.0 - prompt_length/max:4144.0 - prompt_length/min:3932.0 - prompt_length/clip_ratio:0.0 - num_turns/min:np.int32(4) - num_turns/max:np.int32(4) - num_turns/mean:np.float64(4.0) - timing_s/start_profile:6.479898001998663e-05 - timing_s/agent_loop/num_preempted/min:np.int64(-1) - timing_s/agent_loop/num_preempted/max:np.int64(-1) - timing_s/agent_loop/num_preempted/mean:np.float64(-1.0) - timing_s/agent_loop/generate_sequences/min:np.float64(58.81468798604328) - timing_s/agent_loop/generate_sequences/max:np.float64(117.68628074903972) - timing_s/agent_loop/generate_sequences/mean:np.float64(103.41683536729488) - timing_s/agent_loop/tool_calls/min:np.float64(8.903502020984888e-05) - timing_s/agent_loop/tool_calls/max:np.float64(0.845203650998883) - timing_s/agent_loop/tool_calls/mean:np.float64(0.1414599605850526) - timing_s/agent_loop/compute_score/min:np.float64(0.2323541980003938) - timing_s/agent_loop/compute_score/max:np.float64(7.154877122957259) - timing_s/agent_loop/compute_score/mean:np.float64(2.0002787893763525) - timing_s/agent_loop/slowest/generate_sequences:np.float64(115.1737772069173) - timing_s/agent_loop/slowest/tool_calls:np.float64(0.09080100699793547) - timing_s/agent_loop/slowest/compute_score:np.float64(6.4608984449878335) - timing_s/agent_loop/slowest/num_preempted:np.int64(-1) - timing_s/agent_loop/slowest/prompt_length:3940 - timing_s/agent_loop/slowest/response_length:3328 - timing_s/gen:145.89741656102706 - timing_s/reward:0.0005162170855328441 - timing_s/old_log_prob:149.7419136710232 - timing_s/ref:135.42165651510004 - timing_s/adv:0.1677393859717995 - timing_s/update_actor:322.43012528296094 - timing_s/update_weights:4.001904490054585 - timing_s/dump_rollout_generations:0.36334304697811604 - timing_s/step:758.1866575139575 - timing_s/stop_profile:5.162297748029232e-05 - timing_per_token_ms/update_actor:0.3522467564786055 - timing_per_token_ms/ref:0.1479447344522824 - timing_per_token_ms/adv:0.00018325103645456942 - timing_per_token_ms/gen:0.36079553624718286 - perf/total_num_tokens:915353 - perf/time_per_step:758.1866575139575 - perf/throughput:1207.292413983359[36m(TaskRunner pid=928819)[0m Training Progress:  50%|████▉     | 66/133 [11:01:05<15:34:20, 836.72s/it]
[36m(TaskRunner pid=928819)[0m Training Progress:  50%|█████     | 67/133 [11:14:24<15:08:00, 825.46s/it]

[36m(TaskRunner pid=928819)[0m Dumped generations to /home/yw4636/agentic-tvg/results/grpo-v2/rollouts/67.jsonl
[36m(TaskRunner pid=928819)[0m step:67 - global_seqlen/min:931475 - global_seqlen/max:931475 - global_seqlen/minmax_diff:0 - global_seqlen/balanced_min:931475 - global_seqlen/balanced_max:931475 - global_seqlen/mean:931475.0 - actor/entropy:1.0409820079803467 - perf/mfu/actor_infer:0.30138315072590677 - training/rollout_probs_diff_valid:1 - training/rollout_probs_diff_max:0.3090269863605499 - training/rollout_probs_diff_mean:0.008861795999109745 - training/rollout_probs_diff_std:0.013723066076636314 - training/rollout_actor_probs_pearson_corr:0.9990330338478088 - rollout_corr/training_ppl:2.8624391555786133 - rollout_corr/training_log_ppl:1.0296564102172852 - rollout_corr/kl:0.0025768689811229706 - rollout_corr/k3_kl:0.002406827639788389 - rollout_corr/rollout_ppl:2.854613780975342 - rollout_corr/rollout_log_ppl:1.026897668838501 - rollout_corr/log_ppl_diff:0.002758793765679002 - rollout_corr/log_ppl_abs_diff:0.003598204581066966 - rollout_corr/log_ppl_diff_max:0.012737512588500977 - rollout_corr/log_ppl_diff_min:-0.010391950607299805 - rollout_corr/ppl_ratio:1.0027694702148438 - rollout_corr/chi2_token:0.00457310676574707 - rollout_corr/chi2_seq:17.412303924560547 - actor/pg_clipfrac:np.float64(0.0) - actor/ppo_kl:np.float64(0.0) - actor/pg_clipfrac_lower:np.float64(0.0) - actor/pg_loss:np.float64(0.0293483682180522) - actor/kl_loss:np.float64(0.001362826073091128) - actor/kl_coef:np.float64(0.0010000000000000002) - actor/loss:np.float64(0.029349729418754578) - actor/grad_norm:np.float64(0.05654909461736679) - actor/lr:np.float64(1e-05) - actor/perf/max_memory_allocated_gb:np.float64(39.22479486465454) - actor/perf/max_memory_reserved_gb:np.float64(42.236328125) - actor/perf/cpu_memory_used_gb:np.float64(102.3757095336914) - perf/mfu/actor:np.float64(0.338239099419239) - training/global_step:67 - training/epoch:0 - critic/score/mean:1.4153014421463013 - critic/score/max:2.4115703105926514 - critic/score/min:0.5 - critic/rewards/mean:1.4153014421463013 - critic/rewards/max:2.4115703105926514 - critic/rewards/min:0.5 - critic/advantages/mean:-0.029348354786634445 - critic/advantages/max:2.4088950157165527 - critic/advantages/min:-3.658513069152832 - critic/returns/mean:-0.029348354786634445 - critic/returns/max:2.4088950157165527 - critic/returns/min:-3.658513069152832 - response_length/mean:3237.8984375 - response_length/max:4097.0 - response_length/min:2902.0 - response_length/clip_ratio:0.0 - response_length_non_aborted/mean:3237.8984375 - response_length_non_aborted/max:4097.0 - response_length_non_aborted/min:2902.0 - response_length_non_aborted/clip_ratio:0.0 - response/aborted_ratio:0.0 - prompt_length/mean:4039.25 - prompt_length/max:4151.0 - prompt_length/min:3930.0 - prompt_length/clip_ratio:0.0 - num_turns/min:np.int32(2) - num_turns/max:np.int32(4) - num_turns/mean:np.float64(3.984375) - timing_s/start_profile:5.830998998135328e-05 - timing_s/agent_loop/num_preempted/min:np.int64(-1) - timing_s/agent_loop/num_preempted/max:np.int64(-1) - timing_s/agent_loop/num_preempted/mean:np.float64(-1.0) - timing_s/agent_loop/generate_sequences/min:np.float64(55.26184979011305) - timing_s/agent_loop/generate_sequences/max:np.float64(159.01888922590297) - timing_s/agent_loop/generate_sequences/mean:np.float64(103.15021210751183) - timing_s/agent_loop/tool_calls/min:np.float64(0.0) - timing_s/agent_loop/tool_calls/max:np.float64(0.7759159810375422) - timing_s/agent_loop/tool_calls/mean:np.float64(0.16573958182198112) - timing_s/agent_loop/compute_score/min:np.float64(0.3189393519423902) - timing_s/agent_loop/compute_score/max:np.float64(5.451748175080866) - timing_s/agent_loop/compute_score/mean:np.float64(2.1527297566490233) - timing_s/agent_loop/slowest/generate_sequences:np.float64(159.01888922590297) - timing_s/agent_loop/slowest/tool_calls:np.float64(0.0) - timing_s/agent_loop/slowest/compute_score:np.float64(2.3244382860139012) - timing_s/agent_loop/slowest/num_preempted:np.int64(-1) - timing_s/agent_loop/slowest/prompt_length:3960 - timing_s/agent_loop/slowest/response_length:4097 - timing_s/gen:180.9809961350402 - timing_s/reward:0.0003911469830200076 - timing_s/old_log_prob:149.4223625130253 - timing_s/ref:138.88988679996692 - timing_s/adv:0.16579376603476703 - timing_s/update_actor:325.12810548604466 - timing_s/update_weights:4.026368038030341 - timing_s/dump_rollout_generations:0.32230021990835667 - timing_s/step:799.1112042099703 - timing_s/stop_profile:4.8941001296043396e-05 - timing_per_token_ms/update_actor:0.349046518141705 - timing_per_token_ms/ref:0.14910747663648183 - timing_per_token_ms/adv:0.00017799056983254196 - timing_per_token_ms/gen:0.4366764614756393 - perf/total_num_tokens:931475 - perf/time_per_step:799.1112042099703 - perf/throughput:1165.6387685377147
[36m(TaskRunner pid=928819)[0m Dumped generations to /home/yw4636/agentic-tvg/results/grpo-v2/rollouts/68.jsonl
[36m(TaskRunner pid=928819)[0m step:68 - global_seqlen/min:927583 - global_seqlen/max:927583 - global_seqlen/minmax_diff:0 - global_seqlen/balanced_min:927583 - global_seqlen/balanced_max:927583 - global_seqlen/mean:927583.0 - actor/entropy:1.473383903503418 - perf/mfu/actor_infer:0.3039734223960917 - training/rollout_probs_diff_valid:1 - training/rollout_probs_diff_max:0.31539490818977356 - training/rollout_probs_diff_mean:0.008760718628764153 - training/rollout_probs_diff_std:0.014154129661619663 - training/rollout_actor_probs_pearson_corr:0.9990676045417786 - rollout_corr/training_ppl:26.239715576171875 - rollout_corr/training_log_ppl:0.9975705146789551 - rollout_corr/kl:0.0023741270415484905 - rollout_corr/k3_kl:0.0024803781416267157 - rollout_corr/rollout_ppl:26.21515655517578 - rollout_corr/rollout_log_ppl:0.9951054453849792 - rollout_corr/log_ppl_diff:0.0024651093408465385 - rollout_corr/log_ppl_abs_diff:0.003283107653260231 - rollout_corr/log_ppl_diff_max:0.016324520111083984 - rollout_corr/log_ppl_diff_min:-0.005555272102355957 - rollout_corr/ppl_ratio:1.0024734735488892 - rollout_corr/chi2_token:0.005302786827087402 - rollout_corr/chi2_seq:1.3812665939331055 - actor/pg_clipfrac:np.float64(0.0) - actor/ppo_kl:np.float64(0.0) - actor/pg_clipfrac_lower:np.float64(0.0) - actor/pg_loss:np.float64(0.1274259026395157) - actor/kl_loss:np.float64(0.0013190758691052906) - actor/kl_coef:np.float64(0.0010000000000000002) - actor/loss:np.float64(0.12742722034454346) - actor/grad_norm:np.float64(0.057134959846735) - actor/lr:np.float64(1e-05) - actor/perf/max_memory_allocated_gb:np.float64(39.22479486465454) - actor/perf/max_memory_reserved_gb:np.float64(42.236328125) - actor/perf/cpu_memory_used_gb:np.float64(102.05884552001953) - perf/mfu/actor:np.float64(0.3436875042481127) - training/global_step:68 - training/epoch:0 - critic/score/mean:1.3295339345932007 - critic/score/max:2.380829095840454 - critic/score/min:0.0 - critic/rewards/mean:1.3295339345932007 - critic/rewards/max:2.380829095840454 - critic/rewards/min:0.0 - critic/advantages/mean:-0.1274258941411972 - critic/advantages/max:2.498037576675415 - critic/advantages/min:-2.5697696208953857 - critic/returns/mean:-0.1274258941411972 - critic/returns/max:2.498037576675415 - critic/returns/min:-2.5697696208953857 - response_length/mean:3227.3671875 - response_length/max:7046.0 - response_length/min:366.0 - response_length/clip_ratio:0.0 - response_length_non_aborted/mean:3227.3671875 - response_length_non_aborted/max:7046.0 - response_length_non_aborted/min:366.0 - response_length_non_aborted/clip_ratio:0.0 - response/aborted_ratio:0.0 - prompt_length/mean:4019.375 - prompt_length/max:4135.0 - prompt_length/min:3939.0 - prompt_length/clip_ratio:0.0 - num_turns/min:np.int32(4) - num_turns/max:np.int32(4) - num_turns/mean:np.float64(4.0) - timing_s/start_profile:7.498799823224545e-05 - timing_s/agent_loop/num_preempted/min:np.int64(-1) - timing_s/agent_loop/num_preempted/max:np.int64(-1) - timing_s/agent_loop/num_preempted/mean:np.float64(-1.0) - timing_s/agent_loop/generate_sequences/min:np.float64(66.43030101910699) - timing_s/agent_loop/generate_sequences/max:np.float64(160.55197873001453) - timing_s/agent_loop/generate_sequences/mean:np.float64(102.79002135302653) - timing_s/agent_loop/tool_calls/min:np.float64(0.00026967492885887623) - timing_s/agent_loop/tool_calls/max:np.float64(0.7026896739844233) - timing_s/agent_loop/tool_calls/mean:np.float64(0.1445260467207845) - timing_s/agent_loop/compute_score/min:np.float64(0.32952504395507276) - timing_s/agent_loop/compute_score/max:np.float64(12.438529137987643) - timing_s/agent_loop/compute_score/mean:np.float64(2.1480444926046403) - timing_s/agent_loop/slowest/generate_sequences:np.float64(160.55197873001453) - timing_s/agent_loop/slowest/tool_calls:np.float64(0.26022225397173315) - timing_s/agent_loop/slowest/compute_score:np.float64(0.3865304329665378) - timing_s/agent_loop/slowest/num_preempted:np.int64(-1) - timing_s/agent_loop/slowest/prompt_length:3952 - timing_s/agent_loop/slowest/response_length:7046 - timing_s/gen:182.0364712269511 - timing_s/reward:0.0004919349448755383 - timing_s/old_log_prob:140.9346503050765 - timing_s/ref:132.81428493501153 - timing_s/adv:0.16696496296208352 - timing_s/update_actor:315.8290924060857 - timing_s/update_weights:3.9892070919740945 - timing_s/dump_rollout_generations:0.32300610502716154 - timing_s/step:776.2666221780237 - timing_s/stop_profile:4.8437039367854595e-05 - timing_per_token_ms/update_actor:0.3404860723041342 - timing_per_token_ms/ref:0.1431831813810856 - timing_per_token_ms/adv:0.00018000002475474812 - timing_per_token_ms/gen:0.4406563768042137 - perf/total_num_tokens:927583 - perf/time_per_step:776.2666221780237 - perf/throughput:1194.9283577302574[36m(TaskRunner pid=928819)[0m Training Progress:  51%|█████     | 68/133 [11:27:21<14:38:16, 810.72s/it]
[36m(TaskRunner pid=928819)[0m Training Progress:  52%|█████▏    | 69/133 [11:39:59<14:07:53, 794.90s/it]

[36m(TaskRunner pid=928819)[0m Dumped generations to /home/yw4636/agentic-tvg/results/grpo-v2/rollouts/69.jsonl
[36m(TaskRunner pid=928819)[0m step:69 - global_seqlen/min:929270 - global_seqlen/max:929270 - global_seqlen/minmax_diff:0 - global_seqlen/balanced_min:929270 - global_seqlen/balanced_max:929270 - global_seqlen/mean:929270.0 - actor/entropy:1.042578935623169 - perf/mfu/actor_infer:0.3036778802985173 - training/rollout_probs_diff_valid:1 - training/rollout_probs_diff_max:0.2564466595649719 - training/rollout_probs_diff_mean:0.009024232625961304 - training/rollout_probs_diff_std:0.013756231404840946 - training/rollout_actor_probs_pearson_corr:0.9990173578262329 - rollout_corr/training_ppl:2.8512043952941895 - rollout_corr/training_log_ppl:1.020735740661621 - rollout_corr/kl:0.0030434527434408665 - rollout_corr/k3_kl:0.002438752679154277 - rollout_corr/rollout_ppl:2.8426477909088135 - rollout_corr/rollout_log_ppl:1.017637014389038 - rollout_corr/log_ppl_diff:0.0030986652709543705 - rollout_corr/log_ppl_abs_diff:0.0037103728391230106 - rollout_corr/log_ppl_diff_max:0.012880921363830566 - rollout_corr/log_ppl_diff_min:-0.006356000900268555 - rollout_corr/ppl_ratio:1.0031092166900635 - rollout_corr/chi2_token:0.003695845603942871 - rollout_corr/chi2_seq:2.868013381958008 - actor/pg_clipfrac:np.float64(0.0) - actor/ppo_kl:np.float64(0.0) - actor/pg_clipfrac_lower:np.float64(0.0) - actor/pg_loss:np.float64(0.05128697270993143) - actor/kl_loss:np.float64(0.0014437982099479996) - actor/kl_coef:np.float64(0.0010000000000000002) - actor/loss:np.float64(0.0512884147465229) - actor/grad_norm:np.float64(0.056846391409635544) - actor/lr:np.float64(1e-05) - actor/perf/max_memory_allocated_gb:np.float64(39.22479486465454) - actor/perf/max_memory_reserved_gb:np.float64(42.236328125) - actor/perf/cpu_memory_used_gb:np.float64(102.52812194824219) - perf/mfu/actor:np.float64(0.3382402007021186) - training/global_step:69 - training/epoch:0 - critic/score/mean:1.4980226755142212 - critic/score/max:2.466141700744629 - critic/score/min:0.5 - critic/rewards/mean:1.4980226755142212 - critic/rewards/max:2.466141700744629 - critic/rewards/min:0.5 - critic/advantages/mean:-0.0512869693338871 - critic/advantages/max:2.5194928646087646 - critic/advantages/min:-2.2895548343658447 - critic/returns/mean:-0.0512869693338871 - critic/returns/max:2.5194928646087646 - critic/returns/min:-2.2895548343658447 - response_length/mean:3243.671875 - response_length/max:3596.0 - response_length/min:2961.0 - response_length/clip_ratio:0.0 - response_length_non_aborted/mean:3243.671875 - response_length_non_aborted/max:3596.0 - response_length_non_aborted/min:2961.0 - response_length_non_aborted/clip_ratio:0.0 - response/aborted_ratio:0.0 - prompt_length/mean:4016.25 - prompt_length/max:4137.0 - prompt_length/min:3930.0 - prompt_length/clip_ratio:0.0 - num_turns/min:np.int32(4) - num_turns/max:np.int32(4) - num_turns/mean:np.float64(4.0) - timing_s/start_profile:6.535695865750313e-05 - timing_s/agent_loop/num_preempted/min:np.int64(-1) - timing_s/agent_loop/num_preempted/max:np.int64(-1) - timing_s/agent_loop/num_preempted/mean:np.float64(-1.0) - timing_s/agent_loop/generate_sequences/min:np.float64(69.14334226795472) - timing_s/agent_loop/generate_sequences/max:np.float64(123.38246534008067) - timing_s/agent_loop/generate_sequences/mean:np.float64(107.15477978655326) - timing_s/agent_loop/tool_calls/min:np.float64(0.06358487100806087) - timing_s/agent_loop/tool_calls/max:np.float64(2.3719063820317388) - timing_s/agent_loop/tool_calls/mean:np.float64(0.18563471313154878) - timing_s/agent_loop/compute_score/min:np.float64(0.3226205110549927) - timing_s/agent_loop/compute_score/max:np.float64(6.827167081995867) - timing_s/agent_loop/compute_score/mean:np.float64(2.2873934729086614) - timing_s/agent_loop/slowest/generate_sequences:np.float64(123.38246534008067) - timing_s/agent_loop/slowest/tool_calls:np.float64(0.08586784498766065) - timing_s/agent_loop/slowest/compute_score:np.float64(3.2868651939788833) - timing_s/agent_loop/slowest/num_preempted:np.int64(-1) - timing_s/agent_loop/slowest/prompt_length:3930 - timing_s/agent_loop/slowest/response_length:3596 - timing_s/gen:152.80092715995852 - timing_s/reward:0.0004881620407104492 - timing_s/old_log_prob:140.56850209797267 - timing_s/ref:134.17918497906066 - timing_s/adv:0.1589470850303769 - timing_s/update_actor:324.7518696570769 - timing_s/update_weights:4.029820381081663 - timing_s/dump_rollout_generations:0.3191781409550458 - timing_s/step:756.957476973068 - timing_s/stop_profile:4.827696830034256e-05 - timing_per_token_ms/update_actor:0.3494698738333067 - timing_per_token_ms/ref:0.14439203350916383 - timing_per_token_ms/adv:0.0001710451053303958 - timing_per_token_ms/gen:0.3680265111393784 - perf/total_num_tokens:929270 - perf/time_per_step:756.957476973068 - perf/throughput:1227.638312941934
[36m(TaskRunner pid=928819)[0m Dumped generations to /home/yw4636/agentic-tvg/results/grpo-v2/rollouts/70.jsonl
[36m(TaskRunner pid=928819)[0m step:70 - global_seqlen/min:931728 - global_seqlen/max:931728 - global_seqlen/minmax_diff:0 - global_seqlen/balanced_min:931728 - global_seqlen/balanced_max:931728 - global_seqlen/mean:931728.0 - actor/entropy:1.0521167516708374 - perf/mfu/actor_infer:0.30416382737463726 - training/rollout_probs_diff_valid:1 - training/rollout_probs_diff_max:0.2892334759235382 - training/rollout_probs_diff_mean:0.009206593036651611 - training/rollout_probs_diff_std:0.014198568649590015 - training/rollout_actor_probs_pearson_corr:0.9989743828773499 - rollout_corr/training_ppl:2.8954076766967773 - rollout_corr/training_log_ppl:1.0379470586776733 - rollout_corr/kl:0.0029897349886596203 - rollout_corr/k3_kl:0.002708650194108486 - rollout_corr/rollout_ppl:2.8868062496185303 - rollout_corr/rollout_log_ppl:1.0350008010864258 - rollout_corr/log_ppl_diff:0.0029462771490216255 - rollout_corr/log_ppl_abs_diff:0.003578450530767441 - rollout_corr/log_ppl_diff_max:0.01398313045501709 - rollout_corr/log_ppl_diff_min:-0.006437063217163086 - rollout_corr/ppl_ratio:1.0029573440551758 - rollout_corr/chi2_token:0.004948019981384277 - rollout_corr/chi2_seq:0.41184961795806885 - actor/pg_clipfrac:np.float64(0.0) - actor/ppo_kl:np.float64(0.0) - actor/pg_clipfrac_lower:np.float64(0.0) - actor/pg_loss:np.float64(0.004224857984809205) - actor/kl_loss:np.float64(0.0014570872426702408) - actor/kl_coef:np.float64(0.0010000000000000002) - actor/loss:np.float64(0.004226308315992355) - actor/grad_norm:np.float64(0.05958712473511696) - actor/lr:np.float64(1e-05) - actor/perf/max_memory_allocated_gb:np.float64(39.22479486465454) - actor/perf/max_memory_reserved_gb:np.float64(42.236328125) - actor/perf/cpu_memory_used_gb:np.float64(119.07544326782227) - perf/mfu/actor:np.float64(0.33872013241439886) - training/global_step:70 - training/epoch:0 - critic/score/mean:1.3339214324951172 - critic/score/max:2.3958332538604736 - critic/score/min:0.2916666567325592 - critic/rewards/mean:1.3339214324951172 - critic/rewards/max:2.3958332538604736 - critic/rewards/min:0.2916666567325592 - critic/advantages/mean:-0.004224885255098343 - critic/advantages/max:2.199772596359253 - critic/advantages/min:-2.43046236038208 - critic/returns/mean:-0.004224885255098343 - critic/returns/max:2.199772596359253 - critic/returns/min:-2.43046236038208 - response_length/mean:3264.625 - response_length/max:8839.0 - response_length/min:589.0 - response_length/clip_ratio:0.0 - response_length_non_aborted/mean:3264.625 - response_length_non_aborted/max:8839.0 - response_length_non_aborted/min:589.0 - response_length_non_aborted/clip_ratio:0.0 - response/aborted_ratio:0.0 - prompt_length/mean:4014.5 - prompt_length/max:4138.0 - prompt_length/min:3934.0 - prompt_length/clip_ratio:0.0 - num_turns/min:np.int32(4) - num_turns/max:np.int32(8) - num_turns/mean:np.float64(4.03125) - timing_s/start_profile:5.4714037105441093e-05 - timing_s/agent_loop/num_preempted/min:np.int64(-1) - timing_s/agent_loop/num_preempted/max:np.int64(-1) - timing_s/agent_loop/num_preempted/mean:np.float64(-1.0) - timing_s/agent_loop/generate_sequences/min:np.float64(67.34149896609597) - timing_s/agent_loop/generate_sequences/max:np.float64(120.43752701499034) - timing_s/agent_loop/generate_sequences/mean:np.float64(104.79454894730043) - timing_s/agent_loop/tool_calls/min:np.float64(0.00028878403827548027) - timing_s/agent_loop/tool_calls/max:np.float64(1.002004396985285) - timing_s/agent_loop/tool_calls/mean:np.float64(0.18016221037305513) - timing_s/agent_loop/compute_score/min:np.float64(0.3270534781040624) - timing_s/agent_loop/compute_score/max:np.float64(8.793775308062322) - timing_s/agent_loop/compute_score/mean:np.float64(2.181968041312757) - timing_s/agent_loop/slowest/generate_sequences:np.float64(119.68581688904669) - timing_s/agent_loop/slowest/tool_calls:np.float64(0.07333235698752105) - timing_s/agent_loop/slowest/compute_score:np.float64(4.449477180023678) - timing_s/agent_loop/slowest/num_preempted:np.int64(-1) - timing_s/agent_loop/slowest/prompt_length:3952 - timing_s/agent_loop/slowest/response_length:3444 - timing_s/gen:151.27328743506223 - timing_s/reward:0.00043876690324395895 - timing_s/old_log_prob:141.54995015100576 - timing_s/ref:136.95292983599938 - timing_s/adv:0.15771120390854776 - timing_s/update_actor:327.81900851707906 - timing_s/update_weights:4.007990826969035 - timing_s/dump_rollout_generations:0.3223121799528599 - timing_s/step:762.23706369102 - timing_s/stop_profile:5.26489457115531e-05 - timing_per_token_ms/update_actor:0.35183981646690776 - timing_per_token_ms/ref:0.14698810150172517 - timing_per_token_ms/adv:0.0001692674298814115 - timing_per_token_ms/gen:0.36200867116021707 - perf/total_num_tokens:931728 - perf/time_per_step:762.23706369102 - perf/throughput:1222.3598725155732[36m(TaskRunner pid=928819)[0m Training Progress:  53%|█████▎    | 70/133 [11:52:41<13:44:22, 785.12s/it]
[36m(TaskRunner pid=928819)[0m Training Progress:  53%|█████▎    | 71/133 [12:05:25<13:24:49, 778.86s/it]

[36m(TaskRunner pid=928819)[0m Dumped generations to /home/yw4636/agentic-tvg/results/grpo-v2/rollouts/71.jsonl
[36m(TaskRunner pid=928819)[0m step:71 - global_seqlen/min:929143 - global_seqlen/max:929143 - global_seqlen/minmax_diff:0 - global_seqlen/balanced_min:929143 - global_seqlen/balanced_max:929143 - global_seqlen/mean:929143.0 - actor/entropy:1.0371195077896118 - perf/mfu/actor_infer:0.304620699714083 - training/rollout_probs_diff_valid:1 - training/rollout_probs_diff_max:0.28745585680007935 - training/rollout_probs_diff_mean:0.009228349663317204 - training/rollout_probs_diff_std:0.014231044799089432 - training/rollout_actor_probs_pearson_corr:0.9989531636238098 - rollout_corr/training_ppl:2.832376003265381 - rollout_corr/training_log_ppl:1.0174906253814697 - rollout_corr/kl:0.002728533698245883 - rollout_corr/k3_kl:0.0025928961113095284 - rollout_corr/rollout_ppl:2.8249194622039795 - rollout_corr/rollout_log_ppl:1.0147924423217773 - rollout_corr/log_ppl_diff:0.0026982370764017105 - rollout_corr/log_ppl_abs_diff:0.0035607554018497467 - rollout_corr/log_ppl_diff_max:0.01182258129119873 - rollout_corr/log_ppl_diff_min:-0.006780385971069336 - rollout_corr/ppl_ratio:1.002707600593567 - rollout_corr/chi2_token:0.005034446716308594 - rollout_corr/chi2_seq:5.26068639755249 - actor/pg_clipfrac:np.float64(0.0) - actor/ppo_kl:np.float64(0.0) - actor/pg_clipfrac_lower:np.float64(0.0) - actor/pg_loss:np.float64(-0.006524741371322307) - actor/kl_loss:np.float64(0.0015598452919221018) - actor/kl_coef:np.float64(0.0010000000000000002) - actor/loss:np.float64(-0.0065231844782829285) - actor/grad_norm:np.float64(0.05314946174621582) - actor/lr:np.float64(1e-05) - actor/perf/max_memory_allocated_gb:np.float64(39.22479486465454) - actor/perf/max_memory_reserved_gb:np.float64(42.236328125) - actor/perf/cpu_memory_used_gb:np.float64(102.37556076049805) - perf/mfu/actor:np.float64(0.3383139993628714) - training/global_step:71 - training/epoch:0 - critic/score/mean:1.2349655628204346 - critic/score/max:2.4952380657196045 - critic/score/min:0.19035087525844574 - critic/rewards/mean:1.2349655628204346 - critic/rewards/max:2.4952380657196045 - critic/rewards/min:0.19035087525844574 - critic/advantages/mean:0.006524726282805204 - critic/advantages/max:3.6253604888916016 - critic/advantages/min:-3.1539478302001953 - critic/returns/mean:0.006524726282805204 - critic/returns/max:3.6253604888916016 - critic/returns/min:-3.1539478302001953 - response_length/mean:3240.5546875 - response_length/max:3634.0 - response_length/min:2979.0 - response_length/clip_ratio:0.0 - response_length_non_aborted/mean:3240.5546875 - response_length_non_aborted/max:3634.0 - response_length_non_aborted/min:2979.0 - response_length_non_aborted/clip_ratio:0.0 - response/aborted_ratio:0.0 - prompt_length/mean:4018.375 - prompt_length/max:4149.0 - prompt_length/min:3938.0 - prompt_length/clip_ratio:0.0 - num_turns/min:np.int32(4) - num_turns/max:np.int32(4) - num_turns/mean:np.float64(4.0) - timing_s/start_profile:5.485198926180601e-05 - timing_s/agent_loop/num_preempted/min:np.int64(-1) - timing_s/agent_loop/num_preempted/max:np.int64(-1) - timing_s/agent_loop/num_preempted/mean:np.float64(-1.0) - timing_s/agent_loop/generate_sequences/min:np.float64(57.60222238197457) - timing_s/agent_loop/generate_sequences/max:np.float64(121.7764836139977) - timing_s/agent_loop/generate_sequences/mean:np.float64(104.99205821835858) - timing_s/agent_loop/tool_calls/min:np.float64(0.054220726946368814) - timing_s/agent_loop/tool_calls/max:np.float64(0.8645614970009774) - timing_s/agent_loop/tool_calls/mean:np.float64(0.13666842572365567) - timing_s/agent_loop/compute_score/min:np.float64(0.3181257520336658) - timing_s/agent_loop/compute_score/max:np.float64(6.860976391006261) - timing_s/agent_loop/compute_score/mean:np.float64(2.2925682850709563) - timing_s/agent_loop/slowest/generate_sequences:np.float64(121.7764836139977) - timing_s/agent_loop/slowest/tool_calls:np.float64(0.1070057520410046) - timing_s/agent_loop/slowest/compute_score:np.float64(2.6980168289737776) - timing_s/agent_loop/slowest/num_preempted:np.int64(-1) - timing_s/agent_loop/slowest/prompt_length:4138 - timing_s/agent_loop/slowest/response_length:3634 - timing_s/gen:151.1080516880611 - timing_s/reward:0.00039380299858748913 - timing_s/old_log_prob:141.97698016406503 - timing_s/ref:133.1026097580325 - timing_s/adv:0.17345112701877952 - timing_s/update_actor:333.3074637739919 - timing_s/update_weights:4.044139928068034 - timing_s/dump_rollout_generations:0.3217861319426447 - timing_s/step:764.1901269180235 - timing_s/stop_profile:4.800199531018734e-05 - timing_per_token_ms/update_actor:0.3587256899895839 - timing_per_token_ms/ref:0.1432530942578618 - timing_per_token_ms/adv:0.00018667861353826 - timing_per_token_ms/gen:0.36429925357122284 - perf/total_num_tokens:929143 - perf/time_per_step:764.1901269180235 - perf/throughput:1215.853185315585
[36m(TaskRunner pid=928819)[0m Dumped generations to /home/yw4636/agentic-tvg/results/grpo-v2/rollouts/72.jsonl
[36m(TaskRunner pid=928819)[0m step:72 - global_seqlen/min:916028 - global_seqlen/max:916028 - global_seqlen/minmax_diff:0 - global_seqlen/balanced_min:916028 - global_seqlen/balanced_max:916028 - global_seqlen/mean:916028.0 - actor/entropy:1.0305218696594238 - perf/mfu/actor_infer:0.30429356073294456 - training/rollout_probs_diff_valid:1 - training/rollout_probs_diff_max:0.22678698599338531 - training/rollout_probs_diff_mean:0.008903658017516136 - training/rollout_probs_diff_std:0.013513215817511082 - training/rollout_actor_probs_pearson_corr:0.9990467429161072 - rollout_corr/training_ppl:2.818857192993164 - rollout_corr/training_log_ppl:1.0147103071212769 - rollout_corr/kl:0.003159870393574238 - rollout_corr/k3_kl:0.0023962492123246193 - rollout_corr/rollout_ppl:2.809692859649658 - rollout_corr/rollout_log_ppl:1.011445164680481 - rollout_corr/log_ppl_diff:0.0032651741057634354 - rollout_corr/log_ppl_abs_diff:0.0037077683955430984 - rollout_corr/log_ppl_diff_max:0.01827394962310791 - rollout_corr/log_ppl_diff_min:-0.0037130117416381836 - rollout_corr/ppl_ratio:1.0032762289047241 - rollout_corr/chi2_token:0.0033205747604370117 - rollout_corr/chi2_seq:0.613662600517273 - actor/pg_clipfrac:np.float64(0.0) - actor/ppo_kl:np.float64(0.0) - actor/pg_clipfrac_lower:np.float64(0.0) - actor/pg_loss:np.float64(0.010611940262606367) - actor/kl_loss:np.float64(0.0015534187350567663) - actor/kl_coef:np.float64(0.0010000000000000002) - actor/loss:np.float64(0.010613489896059036) - actor/grad_norm:np.float64(0.058318860828876495) - actor/lr:np.float64(1e-05) - actor/perf/max_memory_allocated_gb:np.float64(39.22479486465454) - actor/perf/max_memory_reserved_gb:np.float64(42.236328125) - actor/perf/cpu_memory_used_gb:np.float64(102.24628448486328) - perf/mfu/actor:np.float64(0.3376181472882652) - training/global_step:72 - training/epoch:0 - critic/score/mean:1.4233287572860718 - critic/score/max:2.5 - critic/score/min:0.30023640394210815 - critic/rewards/mean:1.4233287572860718 - critic/rewards/max:2.5 - critic/rewards/min:0.30023640394210815 - critic/advantages/mean:-0.010611950419843197 - critic/advantages/max:2.321690797805786 - critic/advantages/min:-2.638195514678955 - critic/returns/mean:-0.010611950419843197 - critic/returns/max:2.321690797805786 - critic/returns/min:-2.638195514678955 - response_length/mean:3188.21875 - response_length/max:3671.0 - response_length/min:2665.0 - response_length/clip_ratio:0.0 - response_length_non_aborted/mean:3188.21875 - response_length_non_aborted/max:3671.0 - response_length_non_aborted/min:2665.0 - response_length_non_aborted/clip_ratio:0.0 - response/aborted_ratio:0.0 - prompt_length/mean:3968.25 - prompt_length/max:4148.0 - prompt_length/min:3752.0 - prompt_length/clip_ratio:0.0 - num_turns/min:np.int32(4) - num_turns/max:np.int32(4) - num_turns/mean:np.float64(4.0) - timing_s/start_profile:6.0913036577403545e-05 - timing_s/agent_loop/num_preempted/min:np.int64(-1) - timing_s/agent_loop/num_preempted/max:np.int64(-1) - timing_s/agent_loop/num_preempted/mean:np.float64(-1.0) - timing_s/agent_loop/generate_sequences/min:np.float64(58.150952366995625) - timing_s/agent_loop/generate_sequences/max:np.float64(116.38878487003967) - timing_s/agent_loop/generate_sequences/mean:np.float64(99.90035165066638) - timing_s/agent_loop/tool_calls/min:np.float64(0.06547258608043194) - timing_s/agent_loop/tool_calls/max:np.float64(0.852949826978147) - timing_s/agent_loop/tool_calls/mean:np.float64(0.17113554787010798) - timing_s/agent_loop/compute_score/min:np.float64(0.3287153479177505) - timing_s/agent_loop/compute_score/max:np.float64(6.065962168038823) - timing_s/agent_loop/compute_score/mean:np.float64(2.0747175161413907) - timing_s/agent_loop/slowest/generate_sequences:np.float64(116.38878487003967) - timing_s/agent_loop/slowest/tool_calls:np.float64(0.3637246589642018) - timing_s/agent_loop/slowest/compute_score:np.float64(2.4546989649534225) - timing_s/agent_loop/slowest/num_preempted:np.int64(-1) - timing_s/agent_loop/slowest/prompt_length:4131 - timing_s/agent_loop/slowest/response_length:3671 - timing_s/gen:144.3114480000222 - timing_s/reward:0.0005492450436577201 - timing_s/old_log_prob:138.24043053702917 - timing_s/ref:132.37618664104957 - timing_s/adv:0.16884177504107356 - timing_s/update_actor:322.81344460404944 - timing_s/update_weights:3.9705991719383746 - timing_s/dump_rollout_generations:0.32386706094257534 - timing_s/step:742.3806049629347 - timing_s/stop_profile:6.280792877078056e-05 - timing_per_token_ms/update_actor:0.35240565201505786 - timing_per_token_ms/ref:0.14451107023044008 - timing_per_token_ms/adv:0.00018431944770364394 - timing_per_token_ms/gen:0.35362479048847373 - perf/total_num_tokens:916028 - perf/time_per_step:742.3806049629347 - perf/throughput:1233.9061579413635[36m(TaskRunner pid=928819)[0m Training Progress:  54%|█████▍    | 72/133 [12:17:49<13:01:00, 768.21s/it]
[36m(TaskRunner pid=928819)[0m Training Progress:  55%|█████▍    | 73/133 [12:30:04<12:38:26, 758.44s/it]

[36m(TaskRunner pid=928819)[0m Dumped generations to /home/yw4636/agentic-tvg/results/grpo-v2/rollouts/73.jsonl
[36m(TaskRunner pid=928819)[0m step:73 - global_seqlen/min:915532 - global_seqlen/max:915532 - global_seqlen/minmax_diff:0 - global_seqlen/balanced_min:915532 - global_seqlen/balanced_max:915532 - global_seqlen/mean:915532.0 - actor/entropy:1.041742205619812 - perf/mfu/actor_infer:0.3053310306226837 - training/rollout_probs_diff_valid:1 - training/rollout_probs_diff_max:0.24747204780578613 - training/rollout_probs_diff_mean:0.008830748498439789 - training/rollout_probs_diff_std:0.013516665436327457 - training/rollout_actor_probs_pearson_corr:0.9990567564964294 - rollout_corr/training_ppl:2.835681676864624 - rollout_corr/training_log_ppl:1.0258076190948486 - rollout_corr/kl:0.002286028116941452 - rollout_corr/k3_kl:0.002369330730289221 - rollout_corr/rollout_ppl:2.8292298316955566 - rollout_corr/rollout_log_ppl:1.0235657691955566 - rollout_corr/log_ppl_diff:0.0022418112494051456 - rollout_corr/log_ppl_abs_diff:0.0030622328631579876 - rollout_corr/log_ppl_diff_max:0.010795056819915771 - rollout_corr/log_ppl_diff_min:-0.0057523250579833984 - rollout_corr/ppl_ratio:1.0022486448287964 - rollout_corr/chi2_token:0.004988193511962891 - rollout_corr/chi2_seq:1.395967960357666 - actor/pg_clipfrac:np.float64(0.0) - actor/ppo_kl:np.float64(0.0) - actor/pg_clipfrac_lower:np.float64(0.0) - actor/pg_loss:np.float64(-0.005518715726793744) - actor/kl_loss:np.float64(0.0015930244480841793) - actor/kl_coef:np.float64(0.0010000000000000002) - actor/loss:np.float64(-0.005517126992344856) - actor/grad_norm:np.float64(0.057265669107437134) - actor/lr:np.float64(1e-05) - actor/perf/max_memory_allocated_gb:np.float64(39.22479486465454) - actor/perf/max_memory_reserved_gb:np.float64(42.236328125) - actor/perf/cpu_memory_used_gb:np.float64(118.14418411254883) - perf/mfu/actor:np.float64(0.3372359561940617) - training/global_step:73 - training/epoch:0 - critic/score/mean:1.1017916202545166 - critic/score/max:2.3499999046325684 - critic/score/min:0.5 - critic/rewards/mean:1.1017916202545166 - critic/rewards/max:2.3499999046325684 - critic/rewards/min:0.5 - critic/advantages/mean:0.0055187237448990345 - critic/advantages/max:2.246485710144043 - critic/advantages/min:-3.157382011413574 - critic/returns/mean:0.0055187237448990345 - critic/returns/max:2.246485710144043 - critic/returns/min:-3.157382011413574 - response_length/mean:3204.96875 - response_length/max:3539.0 - response_length/min:375.0 - response_length/clip_ratio:0.0 - response_length_non_aborted/mean:3204.96875 - response_length_non_aborted/max:3539.0 - response_length_non_aborted/min:375.0 - response_length_non_aborted/clip_ratio:0.0 - response/aborted_ratio:0.0 - prompt_length/mean:3947.625 - prompt_length/max:4135.0 - prompt_length/min:3755.0 - prompt_length/clip_ratio:0.0 - num_turns/min:np.int32(4) - num_turns/max:np.int32(4) - num_turns/mean:np.float64(4.0) - timing_s/start_profile:6.601202767342329e-05 - timing_s/agent_loop/num_preempted/min:np.int64(-1) - timing_s/agent_loop/num_preempted/max:np.int64(-1) - timing_s/agent_loop/num_preempted/mean:np.float64(-1.0) - timing_s/agent_loop/generate_sequences/min:np.float64(69.96615941706114) - timing_s/agent_loop/generate_sequences/max:np.float64(114.62901482498273) - timing_s/agent_loop/generate_sequences/mean:np.float64(99.61819313010346) - timing_s/agent_loop/tool_calls/min:np.float64(0.000276910956017673) - timing_s/agent_loop/tool_calls/max:np.float64(0.6988733030157164) - timing_s/agent_loop/tool_calls/mean:np.float64(0.14033905149153725) - timing_s/agent_loop/compute_score/min:np.float64(0.2432464580051601) - timing_s/agent_loop/compute_score/max:np.float64(7.632259748061188) - timing_s/agent_loop/compute_score/mean:np.float64(2.158425987667215) - timing_s/agent_loop/slowest/generate_sequences:np.float64(114.35315931600053) - timing_s/agent_loop/slowest/tool_calls:np.float64(0.18445124989375472) - timing_s/agent_loop/slowest/compute_score:np.float64(3.237165497033857) - timing_s/agent_loop/slowest/num_preempted:np.int64(-1) - timing_s/agent_loop/slowest/prompt_length:3966 - timing_s/agent_loop/slowest/response_length:3416 - timing_s/gen:143.36913986795116 - timing_s/reward:0.0007405290380120277 - timing_s/old_log_prob:138.15425783698447 - timing_s/ref:128.71462084795348 - timing_s/adv:0.1664954419247806 - timing_s/update_actor:320.67988520895597 - timing_s/update_weights:3.9879760689800605 - timing_s/dump_rollout_generations:0.326225574943237 - timing_s/step:735.5610220929375 - timing_s/stop_profile:5.405396223068237e-05 - timing_per_token_ms/update_actor:0.350266167877208 - timing_per_token_ms/ref:0.14058997484299127 - timing_per_token_ms/adv:0.0001818564964684802 - timing_per_token_ms/gen:0.34947966504146677 - perf/total_num_tokens:915532 - perf/time_per_step:735.5610220929375 - perf/throughput:1244.671716555861
[36m(TaskRunner pid=928819)[0m Dumped generations to /home/yw4636/agentic-tvg/results/grpo-v2/rollouts/74.jsonl
[36m(TaskRunner pid=928819)[0m step:74 - global_seqlen/min:930766 - global_seqlen/max:930766 - global_seqlen/minmax_diff:0 - global_seqlen/balanced_min:930766 - global_seqlen/balanced_max:930766 - global_seqlen/mean:930766.0 - actor/entropy:1.0533132553100586 - perf/mfu/actor_infer:0.3034578370549379 - training/rollout_probs_diff_valid:1 - training/rollout_probs_diff_max:0.3368181586265564 - training/rollout_probs_diff_mean:0.009194955229759216 - training/rollout_probs_diff_std:0.01406689453870058 - training/rollout_actor_probs_pearson_corr:0.99897700548172 - rollout_corr/training_ppl:2.875683546066284 - rollout_corr/training_log_ppl:1.0382062196731567 - rollout_corr/kl:0.0029240401927381754 - rollout_corr/k3_kl:0.00254688854329288 - rollout_corr/rollout_ppl:2.8673603534698486 - rollout_corr/rollout_log_ppl:1.0353442430496216 - rollout_corr/log_ppl_diff:0.0028619938530027866 - rollout_corr/log_ppl_abs_diff:0.0034491545520722866 - rollout_corr/log_ppl_diff_max:0.01027059555053711 - rollout_corr/log_ppl_diff_min:-0.005322575569152832 - rollout_corr/ppl_ratio:1.0028711557388306 - rollout_corr/chi2_token:0.00435328483581543 - rollout_corr/chi2_seq:0.0072394609451293945 - actor/pg_clipfrac:np.float64(0.0) - actor/ppo_kl:np.float64(0.0) - actor/pg_clipfrac_lower:np.float64(0.0) - actor/pg_loss:np.float64(-0.005542315921047702) - actor/kl_loss:np.float64(0.00159506693307776) - actor/kl_coef:np.float64(0.0010000000000000002) - actor/loss:np.float64(-0.005540721118450165) - actor/grad_norm:np.float64(0.05774031579494476) - actor/lr:np.float64(1e-05) - actor/perf/max_memory_allocated_gb:np.float64(39.22479486465454) - actor/perf/max_memory_reserved_gb:np.float64(42.236328125) - actor/perf/cpu_memory_used_gb:np.float64(102.81417083740234) - perf/mfu/actor:np.float64(0.3385109028833679) - training/global_step:74 - training/epoch:0 - critic/score/mean:1.2756829261779785 - critic/score/max:2.299999952316284 - critic/score/min:0.5 - critic/rewards/mean:1.2756829261779785 - critic/rewards/max:2.299999952316284 - critic/rewards/min:0.5 - critic/advantages/mean:0.005542326718568802 - critic/advantages/max:2.55839467048645 - critic/advantages/min:-3.245744466781616 - critic/returns/mean:0.005542326718568802 - critic/returns/max:2.55839467048645 - critic/returns/min:-3.245744466781616 - response_length/mean:3207.484375 - response_length/max:3590.0 - response_length/min:2945.0 - response_length/clip_ratio:0.0 - response_length_non_aborted/mean:3207.484375 - response_length_non_aborted/max:3590.0 - response_length_non_aborted/min:2945.0 - response_length_non_aborted/clip_ratio:0.0 - response/aborted_ratio:0.0 - prompt_length/mean:4064.125 - prompt_length/max:4150.0 - prompt_length/min:3941.0 - prompt_length/clip_ratio:0.0 - num_turns/min:np.int32(4) - num_turns/max:np.int32(4) - num_turns/mean:np.float64(4.0) - timing_s/start_profile:5.9440964832901955e-05 - timing_s/agent_loop/num_preempted/min:np.int64(-1) - timing_s/agent_loop/num_preempted/max:np.int64(-1) - timing_s/agent_loop/num_preempted/mean:np.float64(-1.0) - timing_s/agent_loop/generate_sequences/min:np.float64(58.660960698034614) - timing_s/agent_loop/generate_sequences/max:np.float64(119.43532406608574) - timing_s/agent_loop/generate_sequences/mean:np.float64(103.58364680137947) - timing_s/agent_loop/tool_calls/min:np.float64(0.05347204802092165) - timing_s/agent_loop/tool_calls/max:np.float64(0.7781796210911125) - timing_s/agent_loop/tool_calls/mean:np.float64(0.1289668305817031) - timing_s/agent_loop/compute_score/min:np.float64(0.32392532809171826) - timing_s/agent_loop/compute_score/max:np.float64(12.632439502049237) - timing_s/agent_loop/compute_score/mean:np.float64(2.579636342339654) - timing_s/agent_loop/slowest/generate_sequences:np.float64(113.97987264906988) - timing_s/agent_loop/slowest/tool_calls:np.float64(0.09377140598371625) - timing_s/agent_loop/slowest/compute_score:np.float64(12.632439502049237) - timing_s/agent_loop/slowest/num_preempted:np.int64(-1) - timing_s/agent_loop/slowest/prompt_length:4150 - timing_s/agent_loop/slowest/response_length:3216 - timing_s/gen:152.98064449604135 - timing_s/reward:0.0005944831063970923 - timing_s/old_log_prob:142.6436444580322 - timing_s/ref:141.64346672792453 - timing_s/adv:0.16627761197742075 - timing_s/update_actor:325.6486703809351 - timing_s/update_weights:4.039291900000535 - timing_s/dump_rollout_generations:0.32208752597216517 - timing_s/step:767.601785896928 - timing_s/stop_profile:6.318790838122368e-05 - timing_per_token_ms/update_actor:0.3498716867407437 - timing_per_token_ms/ref:0.15217945942151362 - timing_per_token_ms/adv:0.00017864598833371734 - timing_per_token_ms/gen:0.37261640132707524 - perf/total_num_tokens:930766 - perf/time_per_step:767.601785896928 - perf/throughput:1212.5636197060403[36m(TaskRunner pid=928819)[0m Training Progress:  56%|█████▌    | 74/133 [12:42:52<12:28:31, 761.21s/it]
[36m(TaskRunner pid=928819)[0m Training Progress:  56%|█████▋    | 75/133 [12:55:15<12:10:42, 755.90s/it]

[36m(TaskRunner pid=928819)[0m Dumped generations to /home/yw4636/agentic-tvg/results/grpo-v2/rollouts/75.jsonl
[36m(TaskRunner pid=928819)[0m step:75 - global_seqlen/min:929149 - global_seqlen/max:929149 - global_seqlen/minmax_diff:0 - global_seqlen/balanced_min:929149 - global_seqlen/balanced_max:929149 - global_seqlen/mean:929149.0 - actor/entropy:1.0733858346939087 - perf/mfu/actor_infer:0.30270407476302597 - training/rollout_probs_diff_valid:1 - training/rollout_probs_diff_max:0.473106324672699 - training/rollout_probs_diff_mean:0.009063255973160267 - training/rollout_probs_diff_std:0.013942101038992405 - training/rollout_actor_probs_pearson_corr:0.9990012645721436 - rollout_corr/training_ppl:2.8849785327911377 - rollout_corr/training_log_ppl:1.0348927974700928 - rollout_corr/kl:0.002587000373750925 - rollout_corr/k3_kl:0.002510661259293556 - rollout_corr/rollout_ppl:2.8775861263275146 - rollout_corr/rollout_log_ppl:1.0323138236999512 - rollout_corr/log_ppl_diff:0.002579036168754101 - rollout_corr/log_ppl_abs_diff:0.0033478131517767906 - rollout_corr/log_ppl_diff_max:0.013421416282653809 - rollout_corr/log_ppl_diff_min:-0.004368424415588379 - rollout_corr/ppl_ratio:1.0025880336761475 - rollout_corr/chi2_token:0.004994034767150879 - rollout_corr/chi2_seq:2.245863437652588 - actor/pg_clipfrac:np.float64(0.0) - actor/ppo_kl:np.float64(0.0) - actor/pg_clipfrac_lower:np.float64(0.0) - actor/pg_loss:np.float64(0.036476197419688106) - actor/kl_loss:np.float64(0.0016599287082499359) - actor/kl_coef:np.float64(0.0010000000000000002) - actor/loss:np.float64(0.03647785261273384) - actor/grad_norm:np.float64(0.057730868458747864) - actor/lr:np.float64(1e-05) - actor/perf/max_memory_allocated_gb:np.float64(39.22479486465454) - actor/perf/max_memory_reserved_gb:np.float64(42.236328125) - actor/perf/cpu_memory_used_gb:np.float64(102.56886291503906) - perf/mfu/actor:np.float64(0.3450707808052324) - training/global_step:75 - training/epoch:0 - critic/score/mean:1.3059043884277344 - critic/score/max:2.299999952316284 - critic/score/min:0.5 - critic/rewards/mean:1.3059043884277344 - critic/rewards/max:2.299999952316284 - critic/rewards/min:0.5 - critic/advantages/mean:-0.03647620603442192 - critic/advantages/max:2.6954703330993652 - critic/advantages/min:-3.225189208984375 - critic/returns/mean:-0.03647620603442192 - critic/returns/max:2.6954703330993652 - critic/returns/min:-3.225189208984375 - response_length/mean:3243.8515625 - response_length/max:3803.0 - response_length/min:2873.0 - response_length/clip_ratio:0.0 - response_length_non_aborted/mean:3243.8515625 - response_length_non_aborted/max:3803.0 - response_length_non_aborted/min:2873.0 - response_length_non_aborted/clip_ratio:0.0 - response/aborted_ratio:0.0 - prompt_length/mean:4015.125 - prompt_length/max:4149.0 - prompt_length/min:3926.0 - prompt_length/clip_ratio:0.0 - num_turns/min:np.int32(4) - num_turns/max:np.int32(4) - num_turns/mean:np.float64(4.0) - timing_s/start_profile:6.26810360699892e-05 - timing_s/agent_loop/num_preempted/min:np.int64(-1) - timing_s/agent_loop/num_preempted/max:np.int64(-1) - timing_s/agent_loop/num_preempted/mean:np.float64(-1.0) - timing_s/agent_loop/generate_sequences/min:np.float64(59.317129496950656) - timing_s/agent_loop/generate_sequences/max:np.float64(124.9767928388901) - timing_s/agent_loop/generate_sequences/mean:np.float64(106.74901395426969) - timing_s/agent_loop/tool_calls/min:np.float64(0.06696467706933618) - timing_s/agent_loop/tool_calls/max:np.float64(0.7831255110213533) - timing_s/agent_loop/tool_calls/mean:np.float64(0.1397343366215864) - timing_s/agent_loop/compute_score/min:np.float64(0.3351263999938965) - timing_s/agent_loop/compute_score/max:np.float64(5.719451157026924) - timing_s/agent_loop/compute_score/mean:np.float64(2.064098524698238) - timing_s/agent_loop/slowest/generate_sequences:np.float64(124.39004587207455) - timing_s/agent_loop/slowest/tool_calls:np.float64(0.11463450500741601) - timing_s/agent_loop/slowest/compute_score:np.float64(4.247948284028098) - timing_s/agent_loop/slowest/num_preempted:np.int64(-1) - timing_s/agent_loop/slowest/prompt_length:3947 - timing_s/agent_loop/slowest/response_length:3584 - timing_s/gen:153.38966475706547 - timing_s/reward:0.00048312009312212467 - timing_s/old_log_prob:140.3009398559807 - timing_s/ref:130.0903999650618 - timing_s/adv:0.16758738702628762 - timing_s/update_actor:315.0202843300067 - timing_s/update_weights:4.019353208946995 - timing_s/dump_rollout_generations:0.3230016160523519 - timing_s/step:743.4694785838947 - timing_s/stop_profile:3.864895552396774e-05 - timing_per_token_ms/update_actor:0.33904172993783205 - timing_per_token_ms/ref:0.1400102674221915 - timing_per_token_ms/adv:0.00018036653650414263 - timing_per_token_ms/gen:0.36942404201473816 - perf/total_num_tokens:929149 - perf/time_per_step:743.4694785838947 - perf/throughput:1249.7473356536086
[36m(TaskRunner pid=928819)[0m Dumped generations to /home/yw4636/agentic-tvg/results/grpo-v2/rollouts/76.jsonl
[36m(TaskRunner pid=928819)[0m step:76 - global_seqlen/min:923276 - global_seqlen/max:923276 - global_seqlen/minmax_diff:0 - global_seqlen/balanced_min:923276 - global_seqlen/balanced_max:923276 - global_seqlen/mean:923276.0 - actor/entropy:1.1038084030151367 - perf/mfu/actor_infer:0.30503829740545635 - training/rollout_probs_diff_valid:1 - training/rollout_probs_diff_max:0.31550079584121704 - training/rollout_probs_diff_mean:0.009140864945948124 - training/rollout_probs_diff_std:0.01402603555470705 - training/rollout_actor_probs_pearson_corr:0.9989950656890869 - rollout_corr/training_ppl:3.06592059135437 - rollout_corr/training_log_ppl:1.0968726873397827 - rollout_corr/kl:0.002814755542203784 - rollout_corr/k3_kl:0.002729763276875019 - rollout_corr/rollout_ppl:3.0570483207702637 - rollout_corr/rollout_log_ppl:1.0939737558364868 - rollout_corr/log_ppl_diff:0.0028989329002797604 - rollout_corr/log_ppl_abs_diff:0.003472046460956335 - rollout_corr/log_ppl_diff_max:0.015287280082702637 - rollout_corr/log_ppl_diff_min:-0.0048351287841796875 - rollout_corr/ppl_ratio:1.0029082298278809 - rollout_corr/chi2_token:0.005425572395324707 - rollout_corr/chi2_seq:0.8667798042297363 - actor/pg_clipfrac:np.float64(0.0) - actor/ppo_kl:np.float64(0.0) - actor/pg_clipfrac_lower:np.float64(0.0) - actor/pg_loss:np.float64(-0.019506006021401845) - actor/kl_loss:np.float64(0.0017598674530745484) - actor/kl_coef:np.float64(0.0010000000000000002) - actor/loss:np.float64(-0.019504249095916748) - actor/grad_norm:np.float64(0.05653194338083267) - actor/lr:np.float64(1e-05) - actor/perf/max_memory_allocated_gb:np.float64(39.22479486465454) - actor/perf/max_memory_reserved_gb:np.float64(42.236328125) - actor/perf/cpu_memory_used_gb:np.float64(102.44107818603516) - perf/mfu/actor:np.float64(0.33938222345096886) - training/global_step:76 - training/epoch:0 - critic/score/mean:1.1365166902542114 - critic/score/max:2.3556997776031494 - critic/score/min:0.5 - critic/rewards/mean:1.1365166902542114 - critic/rewards/max:2.3556997776031494 - critic/rewards/min:0.5 - critic/advantages/mean:0.019506005570292473 - critic/advantages/max:3.7494328022003174 - critic/advantages/min:-2.6488912105560303 - critic/returns/mean:0.019506005570292473 - critic/returns/max:3.7494328022003174 - critic/returns/min:-2.6488912105560303 - response_length/mean:3244.34375 - response_length/max:3587.0 - response_length/min:347.0 - response_length/clip_ratio:0.0 - response_length_non_aborted/mean:3244.34375 - response_length_non_aborted/max:3587.0 - response_length_non_aborted/min:347.0 - response_length_non_aborted/clip_ratio:0.0 - response/aborted_ratio:0.0 - prompt_length/mean:3968.75 - prompt_length/max:4136.0 - prompt_length/min:3931.0 - prompt_length/clip_ratio:0.0 - num_turns/min:np.int32(4) - num_turns/max:np.int32(4) - num_turns/mean:np.float64(4.0) - timing_s/start_profile:5.908007733523846e-05 - timing_s/agent_loop/num_preempted/min:np.int64(-1) - timing_s/agent_loop/num_preempted/max:np.int64(-1) - timing_s/agent_loop/num_preempted/mean:np.float64(-1.0) - timing_s/agent_loop/generate_sequences/min:np.float64(73.4791106779594) - timing_s/agent_loop/generate_sequences/max:np.float64(119.06746916193515) - timing_s/agent_loop/generate_sequences/mean:np.float64(103.50848327208769) - timing_s/agent_loop/tool_calls/min:np.float64(0.00017344194930046797) - timing_s/agent_loop/tool_calls/max:np.float64(0.7586534800939262) - timing_s/agent_loop/tool_calls/mean:np.float64(0.15074131743858743) - timing_s/agent_loop/compute_score/min:np.float64(0.3443287539994344) - timing_s/agent_loop/compute_score/max:np.float64(8.708589366986416) - timing_s/agent_loop/compute_score/mean:np.float64(2.413148547846504) - timing_s/agent_loop/slowest/generate_sequences:np.float64(119.06746916193515) - timing_s/agent_loop/slowest/tool_calls:np.float64(0.08470018196385354) - timing_s/agent_loop/slowest/compute_score:np.float64(2.506539074005559) - timing_s/agent_loop/slowest/num_preempted:np.int64(-1) - timing_s/agent_loop/slowest/prompt_length:3956 - timing_s/agent_loop/slowest/response_length:3487 - timing_s/gen:151.24357924598735 - timing_s/reward:0.00044555298518389463 - timing_s/old_log_prob:141.6705879109213 - timing_s/ref:131.6124546440551 - timing_s/adv:0.16657191701233387 - timing_s/update_actor:319.8085833339719 - timing_s/update_weights:3.9878768699709326 - timing_s/dump_rollout_generations:0.320110232103616 - timing_s/step:748.9785023659933 - timing_s/stop_profile:5.02769835293293e-05 - timing_per_token_ms/update_actor:0.3463845950008144 - timing_per_token_ms/ref:0.14254941604033367 - timing_per_token_ms/adv:0.00018041400081052021 - timing_per_token_ms/gen:0.3642001445929631 - perf/total_num_tokens:923276 - perf/time_per_step:748.9785023659933 - perf/throughput:1232.7136187265826[36m(TaskRunner pid=928819)[0m Training Progress:  57%|█████▋    | 76/133 [13:07:45<11:56:25, 754.13s/it]
[36m(TaskRunner pid=928819)[0m Training Progress:  58%|█████▊    | 77/133 [13:20:03<11:39:14, 749.19s/it]

[36m(TaskRunner pid=928819)[0m Dumped generations to /home/yw4636/agentic-tvg/results/grpo-v2/rollouts/77.jsonl
[36m(TaskRunner pid=928819)[0m step:77 - global_seqlen/min:921593 - global_seqlen/max:921593 - global_seqlen/minmax_diff:0 - global_seqlen/balanced_min:921593 - global_seqlen/balanced_max:921593 - global_seqlen/mean:921593.0 - actor/entropy:1.043300747871399 - perf/mfu/actor_infer:0.30505856453281893 - training/rollout_probs_diff_valid:1 - training/rollout_probs_diff_max:0.26422417163848877 - training/rollout_probs_diff_mean:0.009337875060737133 - training/rollout_probs_diff_std:0.014345424249768257 - training/rollout_actor_probs_pearson_corr:0.9989455938339233 - rollout_corr/training_ppl:2.873094081878662 - rollout_corr/training_log_ppl:1.0385676622390747 - rollout_corr/kl:0.003172713564708829 - rollout_corr/k3_kl:0.002900119172409177 - rollout_corr/rollout_ppl:2.8637399673461914 - rollout_corr/rollout_log_ppl:1.0353912115097046 - rollout_corr/log_ppl_diff:0.003176521509885788 - rollout_corr/log_ppl_abs_diff:0.00410979799926281 - rollout_corr/log_ppl_diff_max:0.01670628786087036 - rollout_corr/log_ppl_diff_min:-0.006598711013793945 - rollout_corr/ppl_ratio:1.0031898021697998 - rollout_corr/chi2_token:0.0054399967193603516 - rollout_corr/chi2_seq:5.814474105834961 - actor/pg_clipfrac:np.float64(0.0) - actor/ppo_kl:np.float64(0.0) - actor/pg_clipfrac_lower:np.float64(0.0) - actor/pg_loss:np.float64(0.027640276442980394) - actor/kl_loss:np.float64(0.0017888606707856525) - actor/kl_coef:np.float64(0.0010000000000000002) - actor/loss:np.float64(0.02764207124710083) - actor/grad_norm:np.float64(0.060673244297504425) - actor/lr:np.float64(1e-05) - actor/perf/max_memory_allocated_gb:np.float64(39.22479486465454) - actor/perf/max_memory_reserved_gb:np.float64(42.236328125) - actor/perf/cpu_memory_used_gb:np.float64(118.6952896118164) - perf/mfu/actor:np.float64(0.3409152066689635) - training/global_step:77 - training/epoch:0 - critic/score/mean:1.7095874547958374 - critic/score/max:2.497697591781616 - critic/score/min:0.5 - critic/rewards/mean:1.7095874547958374 - critic/rewards/max:2.497697591781616 - critic/rewards/min:0.5 - critic/advantages/mean:-0.02764027938246727 - critic/advantages/max:2.4241530895233154 - critic/advantages/min:-2.831058979034424 - critic/returns/mean:-0.02764027938246727 - critic/returns/max:2.4241530895233154 - critic/returns/min:-2.831058979034424 - response_length/mean:3261.6953125 - response_length/max:3676.0 - response_length/min:3006.0 - response_length/clip_ratio:0.0 - response_length_non_aborted/mean:3261.6953125 - response_length_non_aborted/max:3676.0 - response_length_non_aborted/min:3006.0 - response_length_non_aborted/clip_ratio:0.0 - response/aborted_ratio:0.0 - prompt_length/mean:3938.25 - prompt_length/max:3950.0 - prompt_length/min:3931.0 - prompt_length/clip_ratio:0.0 - num_turns/min:np.int32(4) - num_turns/max:np.int32(4) - num_turns/mean:np.float64(4.0) - timing_s/start_profile:5.992909427732229e-05 - timing_s/agent_loop/num_preempted/min:np.int64(-1) - timing_s/agent_loop/num_preempted/max:np.int64(-1) - timing_s/agent_loop/num_preempted/mean:np.float64(-1.0) - timing_s/agent_loop/generate_sequences/min:np.float64(66.25707968289498) - timing_s/agent_loop/generate_sequences/max:np.float64(120.70277027995326) - timing_s/agent_loop/generate_sequences/mean:np.float64(104.21327630427004) - timing_s/agent_loop/tool_calls/min:np.float64(0.07172445801552385) - timing_s/agent_loop/tool_calls/max:np.float64(0.842633994994685) - timing_s/agent_loop/tool_calls/mean:np.float64(0.15431828706277884) - timing_s/agent_loop/compute_score/min:np.float64(0.320363374077715) - timing_s/agent_loop/compute_score/max:np.float64(5.005838108947501) - timing_s/agent_loop/compute_score/mean:np.float64(2.1655566547669878) - timing_s/agent_loop/slowest/generate_sequences:np.float64(120.51629519707058) - timing_s/agent_loop/slowest/tool_calls:np.float64(0.16075257200282067) - timing_s/agent_loop/slowest/compute_score:np.float64(2.857798845972866) - timing_s/agent_loop/slowest/num_preempted:np.int64(-1) - timing_s/agent_loop/slowest/prompt_length:3934 - timing_s/agent_loop/slowest/response_length:3582 - timing_s/gen:150.17182332102675 - timing_s/reward:0.00045116408728063107 - timing_s/old_log_prob:138.4350188060198 - timing_s/ref:127.23012659198139 - timing_s/adv:0.15865782101172954 - timing_s/update_actor:317.083730012062 - timing_s/update_weights:4.034902179031633 - timing_s/dump_rollout_generations:0.3221594359492883 - timing_s/step:737.6110881180502 - timing_s/stop_profile:4.989991430193186e-05 - timing_per_token_ms/update_actor:0.3440604800731581 - timing_per_token_ms/ref:0.138054571369337 - timing_per_token_ms/adv:0.00017215606131093611 - timing_per_token_ms/gen:0.3596955746293428 - perf/total_num_tokens:921593 - perf/time_per_step:737.6110881180502 - perf/throughput:1249.4294281168732
[36m(TaskRunner pid=928819)[0m Dumped generations to /home/yw4636/agentic-tvg/results/grpo-v2/rollouts/78.jsonl
[36m(TaskRunner pid=928819)[0m step:78 - global_seqlen/min:925758 - global_seqlen/max:925758 - global_seqlen/minmax_diff:0 - global_seqlen/balanced_min:925758 - global_seqlen/balanced_max:925758 - global_seqlen/mean:925758.0 - actor/entropy:1.1058520078659058 - perf/mfu/actor_infer:0.3039854005232914 - training/rollout_probs_diff_valid:1 - training/rollout_probs_diff_max:0.34143581986427307 - training/rollout_probs_diff_mean:0.009212004952132702 - training/rollout_probs_diff_std:0.013830806128680706 - training/rollout_actor_probs_pearson_corr:0.9990100264549255 - rollout_corr/training_ppl:3.034724712371826 - rollout_corr/training_log_ppl:1.0811867713928223 - rollout_corr/kl:0.0027793680783361197 - rollout_corr/k3_kl:0.0026088906452059746 - rollout_corr/rollout_ppl:3.0267117023468018 - rollout_corr/rollout_log_ppl:1.0785624980926514 - rollout_corr/log_ppl_diff:0.002624338027089834 - rollout_corr/log_ppl_abs_diff:0.003615355584770441 - rollout_corr/log_ppl_diff_max:0.013511419296264648 - rollout_corr/log_ppl_diff_min:-0.007401943206787109 - rollout_corr/ppl_ratio:1.00263512134552 - rollout_corr/chi2_token:0.0052051544189453125 - rollout_corr/chi2_seq:3.4305334091186523 - actor/pg_clipfrac:np.float64(0.0) - actor/ppo_kl:np.float64(0.0) - actor/pg_clipfrac_lower:np.float64(0.0) - actor/pg_loss:np.float64(0.05319966922979802) - actor/kl_loss:np.float64(0.0018098329746862873) - actor/kl_coef:np.float64(0.0010000000000000002) - actor/loss:np.float64(0.05320148169994354) - actor/grad_norm:np.float64(0.060310084372758865) - actor/lr:np.float64(1e-05) - actor/perf/max_memory_allocated_gb:np.float64(39.22479486465454) - actor/perf/max_memory_reserved_gb:np.float64(42.236328125) - actor/perf/cpu_memory_used_gb:np.float64(102.63082122802734) - perf/mfu/actor:np.float64(0.3386306848267765) - training/global_step:78 - training/epoch:0 - critic/score/mean:1.261337161064148 - critic/score/max:2.3553054332733154 - critic/score/min:0.5 - critic/rewards/mean:1.261337161064148 - critic/rewards/max:2.3553054332733154 - critic/rewards/min:0.5 - critic/advantages/mean:-0.05319968983530998 - critic/advantages/max:2.4423630237579346 - critic/advantages/min:-2.1153149604797363 - critic/returns/mean:-0.05319968983530998 - critic/returns/max:2.4423630237579346 - critic/returns/min:-2.1153149604797363 - response_length/mean:3243.234375 - response_length/max:3542.0 - response_length/min:2937.0 - response_length/clip_ratio:0.0 - response_length_non_aborted/mean:3243.234375 - response_length_non_aborted/max:3542.0 - response_length_non_aborted/min:2937.0 - response_length_non_aborted/clip_ratio:0.0 - response/aborted_ratio:0.0 - prompt_length/mean:3989.25 - prompt_length/max:4135.0 - prompt_length/min:3930.0 - prompt_length/clip_ratio:0.0 - num_turns/min:np.int32(4) - num_turns/max:np.int32(4) - num_turns/mean:np.float64(4.0) - timing_s/start_profile:6.37710327282548e-05 - timing_s/agent_loop/num_preempted/min:np.int64(-1) - timing_s/agent_loop/num_preempted/max:np.int64(-1) - timing_s/agent_loop/num_preempted/mean:np.float64(-1.0) - timing_s/agent_loop/generate_sequences/min:np.float64(60.36242447094992) - timing_s/agent_loop/generate_sequences/max:np.float64(120.69579705200158) - timing_s/agent_loop/generate_sequences/mean:np.float64(104.84791118569956) - timing_s/agent_loop/tool_calls/min:np.float64(0.059040314983576536) - timing_s/agent_loop/tool_calls/max:np.float64(0.75396883697249) - timing_s/agent_loop/tool_calls/mean:np.float64(0.139266685993789) - timing_s/agent_loop/compute_score/min:np.float64(0.3198213760042563) - timing_s/agent_loop/compute_score/max:np.float64(7.229664659011178) - timing_s/agent_loop/compute_score/mean:np.float64(2.0298575723754766) - timing_s/agent_loop/slowest/generate_sequences:np.float64(120.69579705200158) - timing_s/agent_loop/slowest/tool_calls:np.float64(0.10152285802178085) - timing_s/agent_loop/slowest/compute_score:np.float64(3.0585087509825826) - timing_s/agent_loop/slowest/num_preempted:np.int64(-1) - timing_s/agent_loop/slowest/prompt_length:3950 - timing_s/agent_loop/slowest/response_length:3542 - timing_s/gen:150.54677516699303 - timing_s/reward:0.00039713201113045216 - timing_s/old_log_prob:141.7531601919327 - timing_s/ref:135.36006485600956 - timing_s/adv:0.16659737704321742 - timing_s/update_actor:327.7030849389266 - timing_s/update_weights:4.0536375240189955 - timing_s/dump_rollout_generations:0.3358748200116679 - timing_s/step:760.0742516879691 - timing_s/stop_profile:5.338294431567192e-05 - timing_per_token_ms/update_actor:0.35398353018707546 - timing_per_token_ms/ref:0.14621538766719763 - timing_per_token_ms/adv:0.00017995780435407248 - timing_per_token_ms/gen:0.36264621824999405 - perf/total_num_tokens:925758 - perf/time_per_step:760.0742516879691 - perf/throughput:1217.9836350778642[36m(TaskRunner pid=928819)[0m Training Progress:  59%|█████▊    | 78/133 [13:32:43<11:29:46, 752.48s/it]
[36m(TaskRunner pid=928819)[0m Training Progress:  59%|█████▉    | 79/133 [13:45:22<11:18:58, 754.42s/it]
[36m(WorkerDict pid=929276)[0m /home/yw4636/.conda/envs/verl/lib/python3.12/site-packages/verl/plugin/platform/platform_cuda.py:99: FutureWarning: torch.cuda._set_allocator_settings is deprecated. Use torch._C._accelerator_setAllocatorSettings instead.
[36m(WorkerDict pid=929276)[0m   torch.cuda.memory._set_allocator_settings(settings)

[36m(TaskRunner pid=928819)[0m Dumped generations to /home/yw4636/agentic-tvg/results/grpo-v2/rollouts/79.jsonl
[36m(TaskRunner pid=928819)[0m step:79 - global_seqlen/min:931372 - global_seqlen/max:931372 - global_seqlen/minmax_diff:0 - global_seqlen/balanced_min:931372 - global_seqlen/balanced_max:931372 - global_seqlen/mean:931372.0 - actor/entropy:1.060675024986267 - perf/mfu/actor_infer:0.3034153953666837 - training/rollout_probs_diff_valid:1 - training/rollout_probs_diff_max:0.3712133765220642 - training/rollout_probs_diff_mean:0.008894884027540684 - training/rollout_probs_diff_std:0.01342383399605751 - training/rollout_actor_probs_pearson_corr:0.9990586638450623 - rollout_corr/training_ppl:2.892411231994629 - rollout_corr/training_log_ppl:1.0223207473754883 - rollout_corr/kl:0.0024501532316207886 - rollout_corr/k3_kl:0.002381230005994439 - rollout_corr/rollout_ppl:2.8848063945770264 - rollout_corr/rollout_log_ppl:1.019795298576355 - rollout_corr/log_ppl_diff:0.002525527495890856 - rollout_corr/log_ppl_abs_diff:0.00333230709657073 - rollout_corr/log_ppl_diff_max:0.014047861099243164 - rollout_corr/log_ppl_diff_min:-0.010340213775634766 - rollout_corr/ppl_ratio:1.0025357007980347 - rollout_corr/chi2_token:0.004700779914855957 - rollout_corr/chi2_seq:29.125837326049805 - actor/pg_clipfrac:np.float64(0.0) - actor/ppo_kl:np.float64(0.0) - actor/pg_clipfrac_lower:np.float64(0.0) - actor/pg_loss:np.float64(-0.029937377068563364) - actor/kl_loss:np.float64(0.0019155549780407455) - actor/kl_coef:np.float64(0.0010000000000000002) - actor/loss:np.float64(-0.02993546426296234) - actor/grad_norm:np.float64(0.05484521761536598) - actor/lr:np.float64(1e-05) - actor/perf/max_memory_allocated_gb:np.float64(39.22479486465454) - actor/perf/max_memory_reserved_gb:np.float64(42.236328125) - actor/perf/cpu_memory_used_gb:np.float64(103.0241584777832) - perf/mfu/actor:np.float64(0.3393192740103108) - training/global_step:79 - training/epoch:0 - critic/score/mean:1.5299674272537231 - critic/score/max:2.3990318775177 - critic/score/min:0.5 - critic/rewards/mean:1.5299674272537231 - critic/rewards/max:2.3990318775177 - critic/rewards/min:0.5 - critic/advantages/mean:0.02993738278746605 - critic/advantages/max:1.9451817274093628 - critic/advantages/min:-2.732940196990967 - critic/returns/mean:0.02993738278746605 - critic/returns/max:1.9451817274093628 - critic/returns/min:-2.732940196990967 - response_length/mean:3254.21875 - response_length/max:3915.0 - response_length/min:2879.0 - response_length/clip_ratio:0.0 - response_length_non_aborted/mean:3254.21875 - response_length_non_aborted/max:3915.0 - response_length_non_aborted/min:2879.0 - response_length_non_aborted/clip_ratio:0.0 - response/aborted_ratio:0.0 - prompt_length/mean:4022.125 - prompt_length/max:4149.0 - prompt_length/min:3936.0 - prompt_length/clip_ratio:0.0 - num_turns/min:np.int32(4) - num_turns/max:np.int32(4) - num_turns/mean:np.float64(4.0) - timing_s/start_profile:6.159499753266573e-05 - timing_s/agent_loop/num_preempted/min:np.int64(-1) - timing_s/agent_loop/num_preempted/max:np.int64(-1) - timing_s/agent_loop/num_preempted/mean:np.float64(-1.0) - timing_s/agent_loop/generate_sequences/min:np.float64(56.873909285874106) - timing_s/agent_loop/generate_sequences/max:np.float64(125.26862633100245) - timing_s/agent_loop/generate_sequences/mean:np.float64(105.63097022549209) - timing_s/agent_loop/tool_calls/min:np.float64(0.06935724406503141) - timing_s/agent_loop/tool_calls/max:np.float64(0.7586706599686295) - timing_s/agent_loop/tool_calls/mean:np.float64(0.14913288708885375) - timing_s/agent_loop/compute_score/min:np.float64(0.3278381039854139) - timing_s/agent_loop/compute_score/max:np.float64(5.196691602002829) - timing_s/agent_loop/compute_score/mean:np.float64(1.9736488387588906) - timing_s/agent_loop/slowest/generate_sequences:np.float64(125.26862633100245) - timing_s/agent_loop/slowest/tool_calls:np.float64(0.7504315119003877) - timing_s/agent_loop/slowest/compute_score:np.float64(2.2904381309635937) - timing_s/agent_loop/slowest/num_preempted:np.int64(-1) - timing_s/agent_loop/slowest/prompt_length:3946 - timing_s/agent_loop/slowest/response_length:3915 - timing_s/gen:152.45872096496169 - timing_s/reward:0.00038218102417886257 - timing_s/old_log_prob:141.6618616040796 - timing_s/ref:132.21569759608246 - timing_s/adv:0.16756690805777907 - timing_s/update_actor:327.02514718996827 - timing_s/update_weights:4.013659951975569 - timing_s/dump_rollout_generations:0.32207790890242904 - timing_s/step:758.0551886350149 - timing_s/stop_profile:4.987698048353195e-05 - timing_per_token_ms/update_actor:0.3511219439600592 - timing_per_token_ms/ref:0.14195799057313563 - timing_per_token_ms/adv:0.00017991404944294983 - timing_per_token_ms/gen:0.3660121980241074 - perf/total_num_tokens:931372 - perf/time_per_step:758.0551886350149 - perf/throughput:1228.6335005200167
[36m(TaskRunner pid=928819)[0m local_global_step_folder: /home/yw4636/agentic-tvg/results/grpo-v2/ckpt/global_step_80
[36m(WorkerDict pid=929276)[0m Checkpoint manager remove previous save local path: /home/yw4636/agentic-tvg/results/grpo-v2/ckpt/global_step_60/actor
[36m(TaskRunner pid=928819)[0m Dumped generations to /home/yw4636/agentic-tvg/results/grpo-v2/rollouts/80.jsonl
[36m(TaskRunner pid=928819)[0m test_gen_batch meta info: {'eos_token_id': 151645, 'pad_token_id': 151643, 'recompute_log_prob': False, 'do_sample': False, 'validate': True, 'global_steps': 80}
[36m(TaskRunner pid=928819)[0m validation generation end
[36m(TaskRunner pid=928819)[0m test_gen_batch meta info: {'eos_token_id': 151645, 'pad_token_id': 151643, 'recompute_log_prob': False, 'do_sample': False, 'validate': True, 'global_steps': 80}
[36m(TaskRunner pid=928819)[0m validation generation end
[36m(TaskRunner pid=928819)[0m test_gen_batch meta info: {'eos_token_id': 151645, 'pad_token_id': 151643, 'recompute_log_prob': False, 'do_sample': False, 'validate': True, 'global_steps': 80}
[36m(TaskRunner pid=928819)[0m validation generation end
[36m(TaskRunner pid=928819)[0m test_gen_batch meta info: {'eos_token_id': 151645, 'pad_token_id': 151643, 'recompute_log_prob': False, 'do_sample': False, 'validate': True, 'global_steps': 80}
[36m(TaskRunner pid=928819)[0m validation generation end
[36m(TaskRunner pid=928819)[0m test_gen_batch meta info: {'eos_token_id': 151645, 'pad_token_id': 151643, 'recompute_log_prob': False, 'do_sample': False, 'validate': True, 'global_steps': 80}
[36m(TaskRunner pid=928819)[0m validation generation end
[36m(TaskRunner pid=928819)[0m test_gen_batch meta info: {'eos_token_id': 151645, 'pad_token_id': 151643, 'recompute_log_prob': False, 'do_sample': False, 'validate': True, 'global_steps': 80}
[36m(TaskRunner pid=928819)[0m validation generation end
[36m(TaskRunner pid=928819)[0m test_gen_batch meta info: {'eos_token_id': 151645, 'pad_token_id': 151643, 'recompute_log_prob': False, 'do_sample': False, 'validate': True, 'global_steps': 80}
[36m(TaskRunner pid=928819)[0m validation generation end
[36m(TaskRunner pid=928819)[0m test_gen_batch meta info: {'eos_token_id': 151645, 'pad_token_id': 151643, 'recompute_log_prob': False, 'do_sample': False, 'validate': True, 'global_steps': 80}
[36m(TaskRunner pid=928819)[0m validation generation end
[36m(TaskRunner pid=928819)[0m test_gen_batch meta info: {'eos_token_id': 151645, 'pad_token_id': 151643, 'recompute_log_prob': False, 'do_sample': False, 'validate': True, 'global_steps': 80}
[36m(TaskRunner pid=928819)[0m validation generation end
[36m(TaskRunner pid=928819)[0m test_gen_batch meta info: {'eos_token_id': 151645, 'pad_token_id': 151643, 'recompute_log_prob': False, 'do_sample': False, 'validate': True, 'global_steps': 80}
[36m(TaskRunner pid=928819)[0m validation generation end
[36m(TaskRunner pid=928819)[0m test_gen_batch meta info: {'eos_token_id': 151645, 'pad_token_id': 151643, 'recompute_log_prob': False, 'do_sample': False, 'validate': True, 'global_steps': 80}
[36m(TaskRunner pid=928819)[0m validation generation end
[36m(TaskRunner pid=928819)[0m test_gen_batch meta info: {'eos_token_id': 151645, 'pad_token_id': 151643, 'recompute_log_prob': False, 'do_sample': False, 'validate': True, 'global_steps': 80}
[36m(TaskRunner pid=928819)[0m validation generation end
[36m(TaskRunner pid=928819)[0m test_gen_batch meta info: {'eos_token_id': 151645, 'pad_token_id': 151643, 'recompute_log_prob': False, 'do_sample': False, 'validate': True, 'global_steps': 80}
[36m(TaskRunner pid=928819)[0m validation generation end
[36m(TaskRunner pid=928819)[0m test_gen_batch meta info: {'eos_token_id': 151645, 'pad_token_id': 151643, 'recompute_log_prob': False, 'do_sample': False, 'validate': True, 'global_steps': 80}
[36m(TaskRunner pid=928819)[0m validation generation end
[36m(TaskRunner pid=928819)[0m test_gen_batch meta info: {'eos_token_id': 151645, 'pad_token_id': 151643, 'recompute_log_prob': False, 'do_sample': False, 'validate': True, 'global_steps': 80}
[36m(TaskRunner pid=928819)[0m validation generation end
[36m(TaskRunner pid=928819)[0m test_gen_batch meta info: {'eos_token_id': 151645, 'pad_token_id': 151643, 'recompute_log_prob': False, 'do_sample': False, 'validate': True, 'global_steps': 80}
[36m(TaskRunner pid=928819)[0m validation generation end
[36m(TaskRunner pid=928819)[0m test_gen_batch meta info: {'eos_token_id': 151645, 'pad_token_id': 151643, 'recompute_log_prob': False, 'do_sample': False, 'validate': True, 'global_steps': 80}
[36m(TaskRunner pid=928819)[0m validation generation end
[36m(TaskRunner pid=928819)[0m test_gen_batch meta info: {'eos_token_id': 151645, 'pad_token_id': 151643, 'recompute_log_prob': False, 'do_sample': False, 'validate': True, 'global_steps': 80}
[36m(TaskRunner pid=928819)[0m validation generation end
[36m(TaskRunner pid=928819)[0m test_gen_batch meta info: {'eos_token_id': 151645, 'pad_token_id': 151643, 'recompute_log_prob': False, 'do_sample': False, 'validate': True, 'global_steps': 80}
[36m(TaskRunner pid=928819)[0m validation generation end
[36m(TaskRunner pid=928819)[0m test_gen_batch meta info: {'eos_token_id': 151645, 'pad_token_id': 151643, 'recompute_log_prob': False, 'do_sample': False, 'validate': True, 'global_steps': 80}
[36m(TaskRunner pid=928819)[0m validation generation end
[36m(TaskRunner pid=928819)[0m test_gen_batch meta info: {'eos_token_id': 151645, 'pad_token_id': 151643, 'recompute_log_prob': False, 'do_sample': False, 'validate': True, 'global_steps': 80}
[36m(TaskRunner pid=928819)[0m validation generation end
[36m(TaskRunner pid=928819)[0m test_gen_batch meta info: {'eos_token_id': 151645, 'pad_token_id': 151643, 'recompute_log_prob': False, 'do_sample': False, 'validate': True, 'global_steps': 80}
[36m(TaskRunner pid=928819)[0m validation generation end
[36m(TaskRunner pid=928819)[0m test_gen_batch meta info: {'eos_token_id': 151645, 'pad_token_id': 151643, 'recompute_log_prob': False, 'do_sample': False, 'validate': True, 'global_steps': 80}
[36m(TaskRunner pid=928819)[0m validation generation end
[36m(TaskRunner pid=928819)[0m test_gen_batch meta info: {'eos_token_id': 151645, 'pad_token_id': 151643, 'recompute_log_prob': False, 'do_sample': False, 'validate': True, 'global_steps': 80}
[36m(TaskRunner pid=928819)[0m validation generation end
[36m(TaskRunner pid=928819)[0m test_gen_batch meta info: {'eos_token_id': 151645, 'pad_token_id': 151643, 'recompute_log_prob': False, 'do_sample': False, 'validate': True, 'global_steps': 80}
[36m(TaskRunner pid=928819)[0m validation generation end
[36m(TaskRunner pid=928819)[0m test_gen_batch meta info: {'eos_token_id': 151645, 'pad_token_id': 151643, 'recompute_log_prob': False, 'do_sample': False, 'validate': True, 'global_steps': 80}
[36m(TaskRunner pid=928819)[0m validation generation end
[36m(TaskRunner pid=928819)[0m test_gen_batch meta info: {'eos_token_id': 151645, 'pad_token_id': 151643, 'recompute_log_prob': False, 'do_sample': False, 'validate': True, 'global_steps': 80}
[36m(TaskRunner pid=928819)[0m validation generation end
[36m(TaskRunner pid=928819)[0m test_gen_batch meta info: {'eos_token_id': 151645, 'pad_token_id': 151643, 'recompute_log_prob': False, 'do_sample': False, 'validate': True, 'global_steps': 80}
[36m(TaskRunner pid=928819)[0m validation generation end
[36m(TaskRunner pid=928819)[0m test_gen_batch meta info: {'eos_token_id': 151645, 'pad_token_id': 151643, 'recompute_log_prob': False, 'do_sample': False, 'validate': True, 'global_steps': 80}
[36m(TaskRunner pid=928819)[0m validation generation end
[36m(TaskRunner pid=928819)[0m test_gen_batch meta info: {'eos_token_id': 151645, 'pad_token_id': 151643, 'recompute_log_prob': False, 'do_sample': False, 'validate': True, 'global_steps': 80}
[36m(TaskRunner pid=928819)[0m validation generation end
[36m(TaskRunner pid=928819)[0m test_gen_batch meta info: {'eos_token_id': 151645, 'pad_token_id': 151643, 'recompute_log_prob': False, 'do_sample': False, 'validate': True, 'global_steps': 80}
[36m(TaskRunner pid=928819)[0m validation generation end
[36m(TaskRunner pid=928819)[0m test_gen_batch meta info: {'eos_token_id': 151645, 'pad_token_id': 151643, 'recompute_log_prob': False, 'do_sample': False, 'validate': True, 'global_steps': 80}
[36m(TaskRunner pid=928819)[0m validation generation end
[36m(TaskRunner pid=928819)[0m test_gen_batch meta info: {'eos_token_id': 151645, 'pad_token_id': 151643, 'recompute_log_prob': False, 'do_sample': False, 'validate': True, 'global_steps': 80}
[36m(TaskRunner pid=928819)[0m validation generation end
[36m(TaskRunner pid=928819)[0m test_gen_batch meta info: {'eos_token_id': 151645, 'pad_token_id': 151643, 'recompute_log_prob': False, 'do_sample': False, 'validate': True, 'global_steps': 80}
[36m(TaskRunner pid=928819)[0m validation generation end
[36m(TaskRunner pid=928819)[0m test_gen_batch meta info: {'eos_token_id': 151645, 'pad_token_id': 151643, 'recompute_log_prob': False, 'do_sample': False, 'validate': True, 'global_steps': 80}
[36m(TaskRunner pid=928819)[0m validation generation end
[36m(TaskRunner pid=928819)[0m test_gen_batch meta info: {'eos_token_id': 151645, 'pad_token_id': 151643, 'recompute_log_prob': False, 'do_sample': False, 'validate': True, 'global_steps': 80}
[36m(TaskRunner pid=928819)[0m validation generation end
[36m(TaskRunner pid=928819)[0m test_gen_batch meta info: {'eos_token_id': 151645, 'pad_token_id': 151643, 'recompute_log_prob': False, 'do_sample': False, 'validate': True, 'global_steps': 80}
[36m(TaskRunner pid=928819)[0m validation generation end
[36m(TaskRunner pid=928819)[0m test_gen_batch meta info: {'eos_token_id': 151645, 'pad_token_id': 151643, 'recompute_log_prob': False, 'do_sample': False, 'validate': True, 'global_steps': 80}
[36m(TaskRunner pid=928819)[0m validation generation end
[36m(TaskRunner pid=928819)[0m test_gen_batch meta info: {'eos_token_id': 151645, 'pad_token_id': 151643, 'recompute_log_prob': False, 'do_sample': False, 'validate': True, 'global_steps': 80}
[36m(TaskRunner pid=928819)[0m validation generation end
[36m(TaskRunner pid=928819)[0m test_gen_batch meta info: {'eos_token_id': 151645, 'pad_token_id': 151643, 'recompute_log_prob': False, 'do_sample': False, 'validate': True, 'global_steps': 80}
[36m(TaskRunner pid=928819)[0m validation generation end
[36m(TaskRunner pid=928819)[0m test_gen_batch meta info: {'eos_token_id': 151645, 'pad_token_id': 151643, 'recompute_log_prob': False, 'do_sample': False, 'validate': True, 'global_steps': 80}
[36m(TaskRunner pid=928819)[0m validation generation end
[36m(TaskRunner pid=928819)[0m test_gen_batch meta info: {'eos_token_id': 151645, 'pad_token_id': 151643, 'recompute_log_prob': False, 'do_sample': False, 'validate': True, 'global_steps': 80}
[36m(TaskRunner pid=928819)[0m validation generation end
[36m(TaskRunner pid=928819)[0m test_gen_batch meta info: {'eos_token_id': 151645, 'pad_token_id': 151643, 'recompute_log_prob': False, 'do_sample': False, 'validate': True, 'global_steps': 80}
[36m(TaskRunner pid=928819)[0m validation generation end
[36m(TaskRunner pid=928819)[0m test_gen_batch meta info: {'eos_token_id': 151645, 'pad_token_id': 151643, 'recompute_log_prob': False, 'do_sample': False, 'validate': True, 'global_steps': 80}
[36m(TaskRunner pid=928819)[0m validation generation end
[36m(TaskRunner pid=928819)[0m test_gen_batch meta info: {'eos_token_id': 151645, 'pad_token_id': 151643, 'recompute_log_prob': False, 'do_sample': False, 'validate': True, 'global_steps': 80}
[36m(TaskRunner pid=928819)[0m validation generation end
[36m(TaskRunner pid=928819)[0m test_gen_batch meta info: {'eos_token_id': 151645, 'pad_token_id': 151643, 'recompute_log_prob': False, 'do_sample': False, 'validate': True, 'global_steps': 80}
[36m(TaskRunner pid=928819)[0m validation generation end
[36m(TaskRunner pid=928819)[0m test_gen_batch meta info: {'eos_token_id': 151645, 'pad_token_id': 151643, 'recompute_log_prob': False, 'do_sample': False, 'validate': True, 'global_steps': 80}
[36m(TaskRunner pid=928819)[0m validation generation end
[36m(TaskRunner pid=928819)[0m test_gen_batch meta info: {'eos_token_id': 151645, 'pad_token_id': 151643, 'recompute_log_prob': False, 'do_sample': False, 'validate': True, 'global_steps': 80}
[36m(TaskRunner pid=928819)[0m validation generation end
[36m(TaskRunner pid=928819)[0m test_gen_batch meta info: {'eos_token_id': 151645, 'pad_token_id': 151643, 'recompute_log_prob': False, 'do_sample': False, 'validate': True, 'global_steps': 80}
[36m(TaskRunner pid=928819)[0m validation generation end
[36m(TaskRunner pid=928819)[0m test_gen_batch meta info: {'eos_token_id': 151645, 'pad_token_id': 151643, 'recompute_log_prob': False, 'do_sample': False, 'validate': True, 'global_steps': 80}
[36m(TaskRunner pid=928819)[0m validation generation end
[36m(TaskRunner pid=928819)[0m test_gen_batch meta info: {'eos_token_id': 151645, 'pad_token_id': 151643, 'recompute_log_prob': False, 'do_sample': False, 'validate': True, 'global_steps': 80}
[36m(TaskRunner pid=928819)[0m validation generation end
[36m(TaskRunner pid=928819)[0m test_gen_batch meta info: {'eos_token_id': 151645, 'pad_token_id': 151643, 'recompute_log_prob': False, 'do_sample': False, 'validate': True, 'global_steps': 80}
[36m(TaskRunner pid=928819)[0m validation generation end
[36m(TaskRunner pid=928819)[0m test_gen_batch meta info: {'eos_token_id': 151645, 'pad_token_id': 151643, 'recompute_log_prob': False, 'do_sample': False, 'validate': True, 'global_steps': 80}
[36m(TaskRunner pid=928819)[0m validation generation end
[36m(TaskRunner pid=928819)[0m test_gen_batch meta info: {'eos_token_id': 151645, 'pad_token_id': 151643, 'recompute_log_prob': False, 'do_sample': False, 'validate': True, 'global_steps': 80}
[36m(TaskRunner pid=928819)[0m validation generation end
[36m(TaskRunner pid=928819)[0m test_gen_batch meta info: {'eos_token_id': 151645, 'pad_token_id': 151643, 'recompute_log_prob': False, 'do_sample': False, 'validate': True, 'global_steps': 80}
[36m(TaskRunner pid=928819)[0m validation generation end
[36m(TaskRunner pid=928819)[0m test_gen_batch meta info: {'eos_token_id': 151645, 'pad_token_id': 151643, 'recompute_log_prob': False, 'do_sample': False, 'validate': True, 'global_steps': 80}
[36m(TaskRunner pid=928819)[0m validation generation end
[36m(TaskRunner pid=928819)[0m test_gen_batch meta info: {'eos_token_id': 151645, 'pad_token_id': 151643, 'recompute_log_prob': False, 'do_sample': False, 'validate': True, 'global_steps': 80}
[36m(TaskRunner pid=928819)[0m validation generation end
[36m(TaskRunner pid=928819)[0m Dumped generations to /home/yw4636/agentic-tvg/results/grpo-v2/val_rollouts/80.jsonl
[36m(TaskRunner pid=928819)[0m step:80 - global_seqlen/min:927901 - global_seqlen/max:927901 - global_seqlen/minmax_diff:0 - global_seqlen/balanced_min:927901 - global_seqlen/balanced_max:927901 - global_seqlen/mean:927901.0 - actor/entropy:1.0519330501556396 - perf/mfu/actor_infer:0.3042930181178093 - training/rollout_probs_diff_valid:1 - training/rollout_probs_diff_max:0.5991470813751221 - training/rollout_probs_diff_mean:0.009230490773916245 - training/rollout_probs_diff_std:0.014275025576353073 - training/rollout_actor_probs_pearson_corr:0.9989477396011353 - rollout_corr/training_ppl:2.8180947303771973 - rollout_corr/training_log_ppl:1.01615309715271 - rollout_corr/kl:0.002302472945302725 - rollout_corr/k3_kl:0.002766713500022888 - rollout_corr/rollout_ppl:2.8114542961120605 - rollout_corr/rollout_log_ppl:1.013812780380249 - rollout_corr/log_ppl_diff:0.0023403256200253963 - rollout_corr/log_ppl_abs_diff:0.003473783377557993 - rollout_corr/log_ppl_diff_max:0.016942858695983887 - rollout_corr/log_ppl_diff_min:-0.0058786869049072266 - rollout_corr/ppl_ratio:1.002350091934204 - rollout_corr/chi2_token:0.007386326789855957 - rollout_corr/chi2_seq:2.8752222061157227 - actor/pg_clipfrac:np.float64(0.0) - actor/ppo_kl:np.float64(0.0) - actor/pg_clipfrac_lower:np.float64(0.0) - actor/pg_loss:np.float64(0.002541679481510073) - actor/kl_loss:np.float64(0.001900941748317564) - actor/kl_coef:np.float64(0.0010000000000000002) - actor/loss:np.float64(0.002543572336435318) - actor/grad_norm:np.float64(0.058758873492479324) - actor/lr:np.float64(1e-05) - actor/perf/max_memory_allocated_gb:np.float64(39.22479486465454) - actor/perf/max_memory_reserved_gb:np.float64(42.236328125) - actor/perf/cpu_memory_used_gb:np.float64(119.3421630859375) - perf/mfu/actor:np.float64(0.34047047660050045) - val-aux/longvt_longvt-val/reward/mean@1:np.float64(1.237089626098934) - val-aux/longvt_longvt-val/score/mean@1:np.float64(1.2370896260035054) - val-core/longvt_longvt-val/acc/mean@1:np.float64(0.5482456140350878) - val-aux/longvt_longvt-val/format_score/mean@1:np.float64(0.49122807017543857) - val-aux/longvt_longvt-val/evidence_iou/mean@1:np.float64(0.1976159417929789) - val-aux/longvt_longvt-val/answered/mean@1:np.float64(0.9824561403508771) - val-aux/longvt_longvt-val/num_tool_calls/mean@1:np.float64(0.9824561403508771) - val-aux/longvt_longvt-val/judge_used/mean@1:np.float64(0.9824561403508771) - val-aux/num_turns/min:np.int32(2) - val-aux/num_turns/max:np.int32(4) - val-aux/num_turns/mean:np.float64(3.9649122807017543) - training/global_step:80 - training/epoch:0 - critic/score/mean:0.9985101222991943 - critic/score/max:2.268749952316284 - critic/score/min:0.5 - critic/rewards/mean:0.9985101222991943 - critic/rewards/max:2.268749952316284 - critic/rewards/min:0.5 - critic/advantages/mean:-0.002541684079915285 - critic/advantages/max:3.7498204708099365 - critic/advantages/min:-2.314406394958496 - critic/returns/mean:-0.002541684079915285 - critic/returns/max:3.7498204708099365 - critic/returns/min:-2.314406394958496 - response_length/mean:3301.6015625 - response_length/max:3722.0 - response_length/min:3073.0 - response_length/clip_ratio:0.0 - response_length_non_aborted/mean:3301.6015625 - response_length_non_aborted/max:3722.0 - response_length_non_aborted/min:3073.0 - response_length_non_aborted/clip_ratio:0.0 - response/aborted_ratio:0.0 - prompt_length/mean:3947.625 - prompt_length/max:3957.0 - prompt_length/min:3935.0 - prompt_length/clip_ratio:0.0 - num_turns/min:np.int32(4) - num_turns/max:np.int32(4) - num_turns/mean:np.float64(4.0) - timing_s/start_profile:5.8696954511106014e-05 - timing_s/agent_loop/num_preempted/min:np.int64(-1) - timing_s/agent_loop/num_preempted/max:np.int64(-1) - timing_s/agent_loop/num_preempted/mean:np.float64(-1.0) - timing_s/agent_loop/generate_sequences/min:np.float64(66.09755687601864) - timing_s/agent_loop/generate_sequences/max:np.float64(120.53964909003116) - timing_s/agent_loop/generate_sequences/mean:np.float64(103.76188000412094) - timing_s/agent_loop/tool_calls/min:np.float64(0.06372600793838501) - timing_s/agent_loop/tool_calls/max:np.float64(0.7323797380086035) - timing_s/agent_loop/tool_calls/mean:np.float64(0.15475270519709738) - timing_s/agent_loop/compute_score/min:np.float64(0.3167393630137667) - timing_s/agent_loop/compute_score/max:np.float64(4.589502679998986) - timing_s/agent_loop/compute_score/mean:np.float64(2.0335919938597726) - timing_s/agent_loop/slowest/generate_sequences:np.float64(120.53964909003116) - timing_s/agent_loop/slowest/tool_calls:np.float64(0.11461084999609739) - timing_s/agent_loop/slowest/compute_score:np.float64(2.541540023055859) - timing_s/agent_loop/slowest/num_preempted:np.int64(-1) - timing_s/agent_loop/slowest/prompt_length:3957 - timing_s/agent_loop/slowest/response_length:3530 - timing_s/gen:149.9592967549106 - timing_s/reward:0.0005064959404990077 - timing_s/old_log_prob:139.63573058706243 - timing_s/ref:131.60869082505815 - timing_s/adv:0.16168326197657734 - timing_s/update_actor:320.17907453898806 - timing_s/save_checkpoint:25.012181092984974 - timing_s/update_weights:4.035530640045181 - timing_s/dump_rollout_generations:0.31435190595220774 - timing_s/step:771.0612881110283 - timing_s/testing:1602.3014320250368 - timing_s/stop_profile:0.00012421899009495974 - timing_per_token_ms/update_actor:0.3450573655368278 - timing_per_token_ms/ref:0.14183484102836202 - timing_per_token_ms/adv:0.00017424624176132726 - timing_per_token_ms/gen:0.3548450604108106 - perf/total_num_tokens:927901 - perf/time_per_step:771.0612881110283 - perf/throughput:1203.4075816115771[36m(TaskRunner pid=928819)[0m Training Progress:  60%|██████    | 80/133 [14:24:56<18:15:26, 1240.13s/it]
[36m(TaskRunner pid=928819)[0m Training Progress:  61%|██████    | 81/133 [14:37:44<15:52:07, 1098.61s/it]

[36m(TaskRunner pid=928819)[0m Dumped generations to /home/yw4636/agentic-tvg/results/grpo-v2/rollouts/81.jsonl
[36m(TaskRunner pid=928819)[0m step:81 - global_seqlen/min:930449 - global_seqlen/max:930449 - global_seqlen/minmax_diff:0 - global_seqlen/balanced_min:930449 - global_seqlen/balanced_max:930449 - global_seqlen/mean:930449.0 - actor/entropy:1.0859880447387695 - perf/mfu/actor_infer:0.3055695989142775 - training/rollout_probs_diff_valid:1 - training/rollout_probs_diff_max:0.4269428253173828 - training/rollout_probs_diff_mean:0.008970076218247414 - training/rollout_probs_diff_std:0.013767609372735023 - training/rollout_actor_probs_pearson_corr:0.9990295171737671 - rollout_corr/training_ppl:2.9596598148345947 - rollout_corr/training_log_ppl:1.0542343854904175 - rollout_corr/kl:0.0022180224768817425 - rollout_corr/k3_kl:0.0024841728154569864 - rollout_corr/rollout_ppl:2.9530177116394043 - rollout_corr/rollout_log_ppl:1.0520031452178955 - rollout_corr/log_ppl_diff:0.0022311087232083082 - rollout_corr/log_ppl_abs_diff:0.0033569273073226213 - rollout_corr/log_ppl_diff_max:0.01123511791229248 - rollout_corr/log_ppl_diff_min:-0.0062754154205322266 - rollout_corr/ppl_ratio:1.0022401809692383 - rollout_corr/chi2_token:0.005586504936218262 - rollout_corr/chi2_seq:23.79017448425293 - actor/pg_clipfrac:np.float64(0.0) - actor/ppo_kl:np.float64(0.0) - actor/pg_clipfrac_lower:np.float64(0.0) - actor/pg_loss:np.float64(0.05757852099486627) - actor/kl_loss:np.float64(0.0020079339265066665) - actor/kl_coef:np.float64(0.0010000000000000002) - actor/loss:np.float64(0.057580530643463135) - actor/grad_norm:np.float64(0.05909283459186554) - actor/lr:np.float64(1e-05) - actor/perf/max_memory_allocated_gb:np.float64(39.22479486465454) - actor/perf/max_memory_reserved_gb:np.float64(42.236328125) - actor/perf/cpu_memory_used_gb:np.float64(103.42215728759766) - perf/mfu/actor:np.float64(0.3384107375662308) - training/global_step:81 - training/epoch:0 - critic/score/mean:1.440450668334961 - critic/score/max:2.48781418800354 - critic/score/min:0.0 - critic/rewards/mean:1.440450668334961 - critic/rewards/max:2.48781418800354 - critic/rewards/min:0.0 - critic/advantages/mean:-0.05757850408554077 - critic/advantages/max:2.8535988330841064 - critic/advantages/min:-3.032522678375244 - critic/returns/mean:-0.05757850408554077 - critic/returns/max:2.8535988330841064 - critic/returns/min:-3.032522678375244 - response_length/mean:3254.0078125 - response_length/max:3548.0 - response_length/min:2930.0 - response_length/clip_ratio:0.0 - response_length_non_aborted/mean:3254.0078125 - response_length_non_aborted/max:3548.0 - response_length_non_aborted/min:2930.0 - response_length_non_aborted/clip_ratio:0.0 - response/aborted_ratio:0.0 - prompt_length/mean:4015.125 - prompt_length/max:4149.0 - prompt_length/min:3928.0 - prompt_length/clip_ratio:0.0 - num_turns/min:np.int32(4) - num_turns/max:np.int32(4) - num_turns/mean:np.float64(4.0) - timing_s/start_profile:6.814696826040745e-05 - timing_s/agent_loop/num_preempted/min:np.int64(-1) - timing_s/agent_loop/num_preempted/max:np.int64(-1) - timing_s/agent_loop/num_preempted/mean:np.float64(-1.0) - timing_s/agent_loop/generate_sequences/min:np.float64(60.46541906497441) - timing_s/agent_loop/generate_sequences/max:np.float64(123.2161943661049) - timing_s/agent_loop/generate_sequences/mean:np.float64(107.36480974546612) - timing_s/agent_loop/tool_calls/min:np.float64(0.0651305679930374) - timing_s/agent_loop/tool_calls/max:np.float64(0.7835102479439229) - timing_s/agent_loop/tool_calls/mean:np.float64(0.15191831180982263) - timing_s/agent_loop/compute_score/min:np.float64(0.3210664709331468) - timing_s/agent_loop/compute_score/max:np.float64(5.59261923097074) - timing_s/agent_loop/compute_score/mean:np.float64(2.1438150842914183) - timing_s/agent_loop/slowest/generate_sequences:np.float64(123.2161943661049) - timing_s/agent_loop/slowest/tool_calls:np.float64(0.09490001597441733) - timing_s/agent_loop/slowest/compute_score:np.float64(3.2037352879997343) - timing_s/agent_loop/slowest/num_preempted:np.int64(-1) - timing_s/agent_loop/slowest/prompt_length:4149 - timing_s/agent_loop/slowest/response_length:3413 - timing_s/gen:155.23890132596716 - timing_s/reward:0.00042398995719850063 - timing_s/old_log_prob:142.4992940609809 - timing_s/ref:137.90273607894778 - timing_s/adv:0.16206690995022655 - timing_s/update_actor:327.2426360659301 - timing_s/update_weights:4.006966265966184 - timing_s/dump_rollout_generations:0.3217325300211087 - timing_s/step:767.5370341290254 - timing_s/stop_profile:5.3113908506929874e-05 - timing_per_token_ms/update_actor:0.3517040010424323 - timing_per_token_ms/ref:0.14821095630061162 - timing_per_token_ms/adv:0.0001741814005391231 - timing_per_token_ms/gen:0.3727108189323434 - perf/total_num_tokens:930449 - perf/time_per_step:767.5370341290254 - perf/throughput:1212.2529058885627
[36m(TaskRunner pid=928819)[0m Dumped generations to /home/yw4636/agentic-tvg/results/grpo-v2/rollouts/82.jsonl
[36m(TaskRunner pid=928819)[0m step:82 - global_seqlen/min:930253 - global_seqlen/max:930253 - global_seqlen/minmax_diff:0 - global_seqlen/balanced_min:930253 - global_seqlen/balanced_max:930253 - global_seqlen/mean:930253.0 - actor/entropy:1.0246686935424805 - perf/mfu/actor_infer:0.30473196167826805 - training/rollout_probs_diff_valid:1 - training/rollout_probs_diff_max:0.2651140093803406 - training/rollout_probs_diff_mean:0.008971610106527805 - training/rollout_probs_diff_std:0.01352269109338522 - training/rollout_actor_probs_pearson_corr:0.9990238547325134 - rollout_corr/training_ppl:2.7834482192993164 - rollout_corr/training_log_ppl:0.9986293911933899 - rollout_corr/kl:0.0016883984208106995 - rollout_corr/k3_kl:0.002208467572927475 - rollout_corr/rollout_ppl:2.779327630996704 - rollout_corr/rollout_log_ppl:0.9969900846481323 - rollout_corr/log_ppl_diff:0.001639300025999546 - rollout_corr/log_ppl_abs_diff:0.002925126813352108 - rollout_corr/log_ppl_diff_max:0.010640978813171387 - rollout_corr/log_ppl_diff_min:-0.00679624080657959 - rollout_corr/ppl_ratio:1.0016463994979858 - rollout_corr/chi2_token:0.005659818649291992 - rollout_corr/chi2_seq:2.2809865474700928 - actor/pg_clipfrac:np.float64(0.0) - actor/ppo_kl:np.float64(0.0) - actor/pg_clipfrac_lower:np.float64(0.0) - actor/pg_loss:np.float64(0.011569719505132525) - actor/kl_loss:np.float64(0.0019407319705351256) - actor/kl_coef:np.float64(0.0010000000000000002) - actor/loss:np.float64(0.01157166063785553) - actor/grad_norm:np.float64(0.059059932827949524) - actor/lr:np.float64(1e-05) - actor/perf/max_memory_allocated_gb:np.float64(39.22479486465454) - actor/perf/max_memory_reserved_gb:np.float64(42.236328125) - actor/perf/cpu_memory_used_gb:np.float64(119.95427322387695) - perf/mfu/actor:np.float64(0.3375326142583229) - training/global_step:82 - training/epoch:0 - critic/score/mean:1.172057032585144 - critic/score/max:2.4487667083740234 - critic/score/min:0.5 - critic/rewards/mean:1.172057032585144 - critic/rewards/max:2.4487667083740234 - critic/rewards/min:0.5 - critic/advantages/mean:-0.01156969740986824 - critic/advantages/max:2.195697546005249 - critic/advantages/min:-2.4545059204101562 - critic/returns/mean:-0.01156969740986824 - critic/returns/max:2.195697546005249 - critic/returns/min:-2.4545059204101562 - response_length/mean:3244.3515625 - response_length/max:9068.0 - response_length/min:2927.0 - response_length/clip_ratio:0.0 - response_length_non_aborted/mean:3244.3515625 - response_length_non_aborted/max:9068.0 - response_length_non_aborted/min:2927.0 - response_length_non_aborted/clip_ratio:0.0 - response/aborted_ratio:0.0 - prompt_length/mean:4023.25 - prompt_length/max:4154.0 - prompt_length/min:3946.0 - prompt_length/clip_ratio:0.0 - num_turns/min:np.int32(4) - num_turns/max:np.int32(8) - num_turns/mean:np.float64(4.03125) - timing_s/start_profile:6.5996078774333e-05 - timing_s/agent_loop/num_preempted/min:np.int64(-1) - timing_s/agent_loop/num_preempted/max:np.int64(-1) - timing_s/agent_loop/num_preempted/mean:np.float64(-1.0) - timing_s/agent_loop/generate_sequences/min:np.float64(61.83592024410609) - timing_s/agent_loop/generate_sequences/max:np.float64(120.86784822389018) - timing_s/agent_loop/generate_sequences/mean:np.float64(101.83812623565882) - timing_s/agent_loop/tool_calls/min:np.float64(0.06541589903645217) - timing_s/agent_loop/tool_calls/max:np.float64(0.7769864719593897) - timing_s/agent_loop/tool_calls/mean:np.float64(0.13609640324284555) - timing_s/agent_loop/compute_score/min:np.float64(0.3328740749275312) - timing_s/agent_loop/compute_score/max:np.float64(3.627078240038827) - timing_s/agent_loop/compute_score/mean:np.float64(2.0603881263496078) - timing_s/agent_loop/slowest/generate_sequences:np.float64(120.86784822389018) - timing_s/agent_loop/slowest/tool_calls:np.float64(0.28828232001978904) - timing_s/agent_loop/slowest/compute_score:np.float64(0.5913876459235325) - timing_s/agent_loop/slowest/num_preempted:np.int64(-1) - timing_s/agent_loop/slowest/prompt_length:4139 - timing_s/agent_loop/slowest/response_length:9068 - timing_s/gen:148.39293330989312 - timing_s/reward:0.00043722603004425764 - timing_s/old_log_prob:141.38950449798722 - timing_s/ref:138.99685061292257 - timing_s/adv:0.17444437404628843 - timing_s/update_actor:329.48551465396304 - timing_s/update_weights:4.017981966026127 - timing_s/dump_rollout_generations:0.32298747706227005 - timing_s/step:762.922199468012 - timing_s/stop_profile:5.0810049287974834e-05 - timing_per_token_ms/update_actor:0.35418914494655007 - timing_per_token_ms/ref:0.14941833094106932 - timing_per_token_ms/adv:0.00018752358126906168 - timing_per_token_ms/gen:0.3573348230455651 - perf/total_num_tokens:930253 - perf/time_per_step:762.922199468012 - perf/throughput:1219.3287869309195[36m(TaskRunner pid=928819)[0m Training Progress:  62%|██████▏   | 82/133 [14:50:27<14:08:13, 997.92s/it] 
[36m(AgentLoopWorker pid=931634)[0m ERROR:2026-09-02 19:03:51,492:Failed to decode tool call: Extra data: line 3 column 2 (char 78)
[36m(TaskRunner pid=928819)[0m Training Progress:  62%|██████▏   | 83/133 [15:02:54<12:48:52, 922.64s/it]

[36m(TaskRunner pid=928819)[0m Dumped generations to /home/yw4636/agentic-tvg/results/grpo-v2/rollouts/83.jsonl
[36m(TaskRunner pid=928819)[0m step:83 - global_seqlen/min:902974 - global_seqlen/max:902974 - global_seqlen/minmax_diff:0 - global_seqlen/balanced_min:902974 - global_seqlen/balanced_max:902974 - global_seqlen/mean:902974.0 - actor/entropy:1.0533946752548218 - perf/mfu/actor_infer:0.3034469273924927 - training/rollout_probs_diff_valid:1 - training/rollout_probs_diff_max:0.3672855496406555 - training/rollout_probs_diff_mean:0.00955413281917572 - training/rollout_probs_diff_std:0.01492525078356266 - training/rollout_actor_probs_pearson_corr:0.9988579154014587 - rollout_corr/training_ppl:2.8599278926849365 - rollout_corr/training_log_ppl:1.0239465236663818 - rollout_corr/kl:0.0020666266791522503 - rollout_corr/k3_kl:0.002798747271299362 - rollout_corr/rollout_ppl:2.8538241386413574 - rollout_corr/rollout_log_ppl:1.0218838453292847 - rollout_corr/log_ppl_diff:0.002062623156234622 - rollout_corr/log_ppl_abs_diff:0.0037407816853374243 - rollout_corr/log_ppl_diff_max:0.018310189247131348 - rollout_corr/log_ppl_diff_min:-0.008931219577789307 - rollout_corr/ppl_ratio:1.0020740032196045 - rollout_corr/chi2_token:0.007165193557739258 - rollout_corr/chi2_seq:11.5703763961792 - actor/pg_clipfrac:np.float64(0.0) - actor/ppo_kl:np.float64(0.0) - actor/pg_clipfrac_lower:np.float64(0.0) - actor/pg_loss:np.float64(0.03245186804269906) - actor/kl_loss:np.float64(0.002067282959615113) - actor/kl_coef:np.float64(0.0010000000000000002) - actor/loss:np.float64(0.03245393931865692) - actor/grad_norm:np.float64(0.05931999161839485) - actor/lr:np.float64(1e-05) - actor/perf/max_memory_allocated_gb:np.float64(39.22479486465454) - actor/perf/max_memory_reserved_gb:np.float64(42.236328125) - actor/perf/cpu_memory_used_gb:np.float64(101.90098571777344) - perf/mfu/actor:np.float64(0.33617298659813966) - training/global_step:83 - training/epoch:0 - critic/score/mean:1.3259185552597046 - critic/score/max:2.4468791484832764 - critic/score/min:0.0 - critic/rewards/mean:1.3259185552597046 - critic/rewards/max:2.4468791484832764 - critic/rewards/min:0.0 - critic/advantages/mean:-0.03245186060667038 - critic/advantages/max:2.7499630451202393 - critic/advantages/min:-3.0439236164093018 - critic/returns/mean:-0.03245186060667038 - critic/returns/max:2.7499630451202393 - critic/returns/min:-3.0439236164093018 - response_length/mean:3122.859375 - response_length/max:3553.0 - response_length/min:217.0 - response_length/clip_ratio:0.0 - response_length_non_aborted/mean:3122.859375 - response_length_non_aborted/max:3553.0 - response_length_non_aborted/min:217.0 - response_length_non_aborted/clip_ratio:0.0 - response/aborted_ratio:0.0 - prompt_length/mean:3931.625 - prompt_length/max:4192.0 - prompt_length/min:3627.0 - prompt_length/clip_ratio:0.0 - num_turns/min:np.int32(2) - num_turns/max:np.int32(4) - num_turns/mean:np.float64(3.984375) - timing_s/start_profile:6.942299660295248e-05 - timing_s/agent_loop/num_preempted/min:np.int64(-1) - timing_s/agent_loop/num_preempted/max:np.int64(-1) - timing_s/agent_loop/num_preempted/mean:np.float64(-1.0) - timing_s/agent_loop/generate_sequences/min:np.float64(56.26846268004738) - timing_s/agent_loop/generate_sequences/max:np.float64(112.7389874419896) - timing_s/agent_loop/generate_sequences/mean:np.float64(97.50521018011386) - timing_s/agent_loop/tool_calls/min:np.float64(0.0) - timing_s/agent_loop/tool_calls/max:np.float64(0.6899916050024331) - timing_s/agent_loop/tool_calls/mean:np.float64(0.1457541136251166) - timing_s/agent_loop/compute_score/min:np.float64(0.21723123593255877) - timing_s/agent_loop/compute_score/max:np.float64(4.557231678045355) - timing_s/agent_loop/compute_score/mean:np.float64(1.9362776888610824) - timing_s/agent_loop/slowest/generate_sequences:np.float64(112.7389874419896) - timing_s/agent_loop/slowest/tool_calls:np.float64(0.08557305100839585) - timing_s/agent_loop/slowest/compute_score:np.float64(1.6541641049552709) - timing_s/agent_loop/slowest/num_preempted:np.int64(-1) - timing_s/agent_loop/slowest/prompt_length:3627 - timing_s/agent_loop/slowest/response_length:3400 - timing_s/gen:138.50963983195834 - timing_s/reward:0.0004399630706757307 - timing_s/old_log_prob:138.81607185001485 - timing_s/ref:138.46018793503754 - timing_s/adv:0.1621436639688909 - timing_s/update_actor:326.49710304499604 - timing_s/update_weights:4.017525991075672 - timing_s/dump_rollout_generations:0.32448326400481164 - timing_s/step:746.922493990045 - timing_s/stop_profile:5.1215989515185356e-05 - timing_per_token_ms/update_actor:0.3615797387798497 - timing_per_token_ms/ref:0.15333795650266513 - timing_per_token_ms/adv:0.00017956625990215767 - timing_per_token_ms/gen:0.34651145992994786 - perf/total_num_tokens:902974 - perf/time_per_step:746.922493990045 - perf/throughput:1208.9259692479347
[36m(TaskRunner pid=928819)[0m Dumped generations to /home/yw4636/agentic-tvg/results/grpo-v2/rollouts/84.jsonl
[36m(TaskRunner pid=928819)[0m step:84 - global_seqlen/min:927698 - global_seqlen/max:927698 - global_seqlen/minmax_diff:0 - global_seqlen/balanced_min:927698 - global_seqlen/balanced_max:927698 - global_seqlen/mean:927698.0 - actor/entropy:1.0947239398956299 - perf/mfu/actor_infer:0.3055740569908333 - training/rollout_probs_diff_valid:1 - training/rollout_probs_diff_max:0.35702475905418396 - training/rollout_probs_diff_mean:0.008980941958725452 - training/rollout_probs_diff_std:0.01374220009893179 - training/rollout_actor_probs_pearson_corr:0.9990363717079163 - rollout_corr/training_ppl:3.1101012229919434 - rollout_corr/training_log_ppl:1.0973188877105713 - rollout_corr/kl:0.002590145682916045 - rollout_corr/k3_kl:0.002457962604239583 - rollout_corr/rollout_ppl:3.1015164852142334 - rollout_corr/rollout_log_ppl:1.0945993661880493 - rollout_corr/log_ppl_diff:0.0027195720467716455 - rollout_corr/log_ppl_abs_diff:0.0034504185896366835 - rollout_corr/log_ppl_diff_max:0.015422940254211426 - rollout_corr/log_ppl_diff_min:-0.004868030548095703 - rollout_corr/ppl_ratio:1.0027296543121338 - rollout_corr/chi2_token:0.004667997360229492 - rollout_corr/chi2_seq:0.9461126327514648 - actor/pg_clipfrac:np.float64(0.0) - actor/ppo_kl:np.float64(0.0) - actor/pg_clipfrac_lower:np.float64(0.0) - actor/pg_loss:np.float64(0.02488882675243076) - actor/kl_loss:np.float64(0.0019607002432167064) - actor/kl_coef:np.float64(0.0010000000000000002) - actor/loss:np.float64(0.02489078976213932) - actor/grad_norm:np.float64(0.0562584213912487) - actor/lr:np.float64(1e-05) - actor/perf/max_memory_allocated_gb:np.float64(39.22479486465454) - actor/perf/max_memory_reserved_gb:np.float64(42.236328125) - actor/perf/cpu_memory_used_gb:np.float64(103.14083099365234) - perf/mfu/actor:np.float64(0.3380309178612622) - training/global_step:84 - training/epoch:0 - critic/score/mean:1.1793066263198853 - critic/score/max:2.452986001968384 - critic/score/min:0.5 - critic/rewards/mean:1.1793066263198853 - critic/rewards/max:2.452986001968384 - critic/rewards/min:0.5 - critic/advantages/mean:-0.024888822808861732 - critic/advantages/max:3.1859140396118164 - critic/advantages/min:-2.469160556793213 - critic/returns/mean:-0.024888822808861732 - critic/returns/max:3.1859140396118164 - critic/returns/min:-2.469160556793213 - response_length/mean:3251.890625 - response_length/max:3563.0 - response_length/min:2870.0 - response_length/clip_ratio:0.0 - response_length_non_aborted/mean:3251.890625 - response_length_non_aborted/max:3563.0 - response_length_non_aborted/min:2870.0 - response_length_non_aborted/clip_ratio:0.0 - response/aborted_ratio:0.0 - prompt_length/mean:3995.75 - prompt_length/max:4132.0 - prompt_length/min:3947.0 - prompt_length/clip_ratio:0.0 - num_turns/min:np.int32(4) - num_turns/max:np.int32(4) - num_turns/mean:np.float64(4.0) - timing_s/start_profile:6.132700946182013e-05 - timing_s/agent_loop/num_preempted/min:np.int64(-1) - timing_s/agent_loop/num_preempted/max:np.int64(-1) - timing_s/agent_loop/num_preempted/mean:np.float64(-1.0) - timing_s/agent_loop/generate_sequences/min:np.float64(63.516613418003544) - timing_s/agent_loop/generate_sequences/max:np.float64(120.57385546795558) - timing_s/agent_loop/generate_sequences/mean:np.float64(104.38217649170747) - timing_s/agent_loop/tool_calls/min:np.float64(0.06308928807266057) - timing_s/agent_loop/tool_calls/max:np.float64(0.9476705680135638) - timing_s/agent_loop/tool_calls/mean:np.float64(0.16527989267888188) - timing_s/agent_loop/compute_score/min:np.float64(0.31718291505239904) - timing_s/agent_loop/compute_score/max:np.float64(5.497831888962537) - timing_s/agent_loop/compute_score/mean:np.float64(2.256936313170627) - timing_s/agent_loop/slowest/generate_sequences:np.float64(120.57385546795558) - timing_s/agent_loop/slowest/tool_calls:np.float64(0.7548159660072997) - timing_s/agent_loop/slowest/compute_score:np.float64(1.8223883809987456) - timing_s/agent_loop/slowest/num_preempted:np.int64(-1) - timing_s/agent_loop/slowest/prompt_length:3954 - timing_s/agent_loop/slowest/response_length:3466 - timing_s/gen:148.65423309302423 - timing_s/reward:0.00045074301306158304 - timing_s/old_log_prob:142.01899633393623 - timing_s/ref:133.62290250998922 - timing_s/adv:0.16716771898791194 - timing_s/update_actor:324.4758760059485 - timing_s/update_weights:3.9844641860108823 - timing_s/dump_rollout_generations:0.32084856601431966 - timing_s/step:753.4218088160269 - timing_s/stop_profile:4.822900518774986e-05 - timing_per_token_ms/update_actor:0.3497645526948948 - timing_per_token_ms/ref:0.14403707080320236 - timing_per_token_ms/adv:0.000180196269678184 - timing_per_token_ms/gen:0.3571341505494982 - perf/total_num_tokens:927698 - perf/time_per_step:753.4218088160269 - perf/throughput:1231.3129101715829[36m(TaskRunner pid=928819)[0m Training Progress:  63%|██████▎   | 84/133 [15:15:28<11:52:14, 872.12s/it]
[36m(TaskRunner pid=928819)[0m Training Progress:  64%|██████▍   | 85/133 [15:27:30<11:01:32, 826.93s/it]

[36m(TaskRunner pid=928819)[0m Dumped generations to /home/yw4636/agentic-tvg/results/grpo-v2/rollouts/85.jsonl
[36m(TaskRunner pid=928819)[0m step:85 - global_seqlen/min:901078 - global_seqlen/max:901078 - global_seqlen/minmax_diff:0 - global_seqlen/balanced_min:901078 - global_seqlen/balanced_max:901078 - global_seqlen/mean:901078.0 - actor/entropy:1.0348836183547974 - perf/mfu/actor_infer:0.30585239242754864 - training/rollout_probs_diff_valid:1 - training/rollout_probs_diff_max:0.29142946004867554 - training/rollout_probs_diff_mean:0.009282469749450684 - training/rollout_probs_diff_std:0.014598395675420761 - training/rollout_actor_probs_pearson_corr:0.9989073276519775 - rollout_corr/training_ppl:2.8634018898010254 - rollout_corr/training_log_ppl:1.0194731950759888 - rollout_corr/kl:0.002922604326158762 - rollout_corr/k3_kl:0.002688867272809148 - rollout_corr/rollout_ppl:2.854832172393799 - rollout_corr/rollout_log_ppl:1.0165622234344482 - rollout_corr/log_ppl_diff:0.002910887822508812 - rollout_corr/log_ppl_abs_diff:0.0036015883088111877 - rollout_corr/log_ppl_diff_max:0.014729082584381104 - rollout_corr/log_ppl_diff_min:-0.005419254302978516 - rollout_corr/ppl_ratio:1.0029217004776 - rollout_corr/chi2_token:0.005000710487365723 - rollout_corr/chi2_seq:0.499114990234375 - actor/pg_clipfrac:np.float64(0.0) - actor/ppo_kl:np.float64(0.0) - actor/pg_clipfrac_lower:np.float64(0.0) - actor/pg_loss:np.float64(0.00656097978935577) - actor/kl_loss:np.float64(0.0021152923909539822) - actor/kl_coef:np.float64(0.0010000000000000002) - actor/loss:np.float64(0.006563093513250351) - actor/grad_norm:np.float64(0.05738743022084236) - actor/lr:np.float64(1e-05) - actor/perf/max_memory_allocated_gb:np.float64(39.22479486465454) - actor/perf/max_memory_reserved_gb:np.float64(42.236328125) - actor/perf/cpu_memory_used_gb:np.float64(118.28449630737305) - perf/mfu/actor:np.float64(0.33975838362676636) - training/global_step:85 - training/epoch:0 - critic/score/mean:1.2078323364257812 - critic/score/max:2.437289237976074 - critic/score/min:0.4989308714866638 - critic/rewards/mean:1.2078323364257812 - critic/rewards/max:2.437289237976074 - critic/rewards/min:0.4989308714866638 - critic/advantages/mean:-0.006560967303812504 - critic/advantages/max:3.571702241897583 - critic/advantages/min:-3.45646333694458 - critic/returns/mean:-0.006560967303812504 - critic/returns/max:3.571702241897583 - critic/returns/min:-3.45646333694458 - response_length/mean:3170.671875 - response_length/max:3730.0 - response_length/min:2685.0 - response_length/clip_ratio:0.0 - response_length_non_aborted/mean:3170.671875 - response_length_non_aborted/max:3730.0 - response_length_non_aborted/min:2685.0 - response_length_non_aborted/clip_ratio:0.0 - response/aborted_ratio:0.0 - prompt_length/mean:3869.0 - prompt_length/max:3961.0 - prompt_length/min:3622.0 - prompt_length/clip_ratio:0.0 - num_turns/min:np.int32(4) - num_turns/max:np.int32(4) - num_turns/mean:np.float64(4.0) - timing_s/start_profile:6.205204408615828e-05 - timing_s/agent_loop/num_preempted/min:np.int64(-1) - timing_s/agent_loop/num_preempted/max:np.int64(-1) - timing_s/agent_loop/num_preempted/mean:np.float64(-1.0) - timing_s/agent_loop/generate_sequences/min:np.float64(65.36919945292175) - timing_s/agent_loop/generate_sequences/max:np.float64(114.74946130695753) - timing_s/agent_loop/generate_sequences/mean:np.float64(98.0050906802644) - timing_s/agent_loop/tool_calls/min:np.float64(0.060980673995800316) - timing_s/agent_loop/tool_calls/max:np.float64(2.8397813469637185) - timing_s/agent_loop/tool_calls/mean:np.float64(0.1678578439859848) - timing_s/agent_loop/compute_score/min:np.float64(0.2857163690496236) - timing_s/agent_loop/compute_score/max:np.float64(12.630677735083736) - timing_s/agent_loop/compute_score/mean:np.float64(2.2026604582351865) - timing_s/agent_loop/slowest/generate_sequences:np.float64(114.74946130695753) - timing_s/agent_loop/slowest/tool_calls:np.float64(0.30517418298404664) - timing_s/agent_loop/slowest/compute_score:np.float64(2.926468512043357) - timing_s/agent_loop/slowest/num_preempted:np.int64(-1) - timing_s/agent_loop/slowest/prompt_length:3951 - timing_s/agent_loop/slowest/response_length:3730 - timing_s/gen:139.95000051497482 - timing_s/reward:0.00044101011008024216 - timing_s/old_log_prob:133.63447509903926 - timing_s/ref:129.39541677106172 - timing_s/adv:0.16596348490566015 - timing_s/update_actor:313.78385763196275 - timing_s/update_weights:4.004310515010729 - timing_s/dump_rollout_generations:0.31872751808259636 - timing_s/step:721.4074673970463 - timing_s/stop_profile:4.9076974391937256e-05 - timing_per_token_ms/update_actor:0.34823162659832196 - timing_per_token_ms/ref:0.1436006835934977 - timing_per_token_ms/adv:0.00018418326149973716 - timing_per_token_ms/gen:0.3448352343375931 - perf/total_num_tokens:901078 - perf/time_per_step:721.4074673970463 - perf/throughput:1249.055548664105
[36m(TaskRunner pid=928819)[0m Dumped generations to /home/yw4636/agentic-tvg/results/grpo-v2/rollouts/86.jsonl
[36m(TaskRunner pid=928819)[0m step:86 - global_seqlen/min:913865 - global_seqlen/max:913865 - global_seqlen/minmax_diff:0 - global_seqlen/balanced_min:913865 - global_seqlen/balanced_max:913865 - global_seqlen/mean:913865.0 - actor/entropy:1.0365729331970215 - perf/mfu/actor_infer:0.30522430478702206 - training/rollout_probs_diff_valid:1 - training/rollout_probs_diff_max:0.22715944051742554 - training/rollout_probs_diff_mean:0.009544383734464645 - training/rollout_probs_diff_std:0.014595390297472477 - training/rollout_actor_probs_pearson_corr:0.9988906383514404 - rollout_corr/training_ppl:2.815559148788452 - rollout_corr/training_log_ppl:1.0122456550598145 - rollout_corr/kl:0.0027359488885849714 - rollout_corr/k3_kl:0.0027303798124194145 - rollout_corr/rollout_ppl:2.8073794841766357 - rollout_corr/rollout_log_ppl:1.0093035697937012 - rollout_corr/log_ppl_diff:0.002942039165645838 - rollout_corr/log_ppl_abs_diff:0.003949042875319719 - rollout_corr/log_ppl_diff_max:0.013167858123779297 - rollout_corr/log_ppl_diff_min:-0.007153183221817017 - rollout_corr/ppl_ratio:1.0029549598693848 - rollout_corr/chi2_token:0.0055037736892700195 - rollout_corr/chi2_seq:3.944380283355713 - actor/pg_clipfrac:np.float64(0.0) - actor/ppo_kl:np.float64(0.0) - actor/pg_clipfrac_lower:np.float64(0.0) - actor/pg_loss:np.float64(0.02085827212431468) - actor/kl_loss:np.float64(0.0022443802990892436) - actor/kl_coef:np.float64(0.0010000000000000002) - actor/loss:np.float64(0.020860515534877777) - actor/grad_norm:np.float64(0.06178637221455574) - actor/lr:np.float64(1e-05) - actor/perf/max_memory_allocated_gb:np.float64(39.22479486465454) - actor/perf/max_memory_reserved_gb:np.float64(42.236328125) - actor/perf/cpu_memory_used_gb:np.float64(102.45222473144531) - perf/mfu/actor:np.float64(0.3378877408284257) - training/global_step:86 - training/epoch:0 - critic/score/mean:1.602462649345398 - critic/score/max:2.4518182277679443 - critic/score/min:0.5 - critic/rewards/mean:1.602462649345398 - critic/rewards/max:2.4518182277679443 - critic/rewards/min:0.5 - critic/advantages/mean:-0.02085827849805355 - critic/advantages/max:1.8908672332763672 - critic/advantages/min:-3.1226418018341064 - critic/returns/mean:-0.02085827849805355 - critic/returns/max:1.8908672332763672 - critic/returns/min:-3.1226418018341064 - response_length/mean:3184.6953125 - response_length/max:3580.0 - response_length/min:2653.0 - response_length/clip_ratio:0.0 - response_length_non_aborted/mean:3184.6953125 - response_length_non_aborted/max:3580.0 - response_length_non_aborted/min:2653.0 - response_length_non_aborted/clip_ratio:0.0 - response/aborted_ratio:0.0 - prompt_length/mean:3954.875 - prompt_length/max:4147.0 - prompt_length/min:3619.0 - prompt_length/clip_ratio:0.0 - num_turns/min:np.int32(4) - num_turns/max:np.int32(4) - num_turns/mean:np.float64(4.0) - timing_s/start_profile:6.17599580436945e-05 - timing_s/agent_loop/num_preempted/min:np.int64(-1) - timing_s/agent_loop/num_preempted/max:np.int64(-1) - timing_s/agent_loop/num_preempted/mean:np.float64(-1.0) - timing_s/agent_loop/generate_sequences/min:np.float64(62.133473861031234) - timing_s/agent_loop/generate_sequences/max:np.float64(117.83951151603833) - timing_s/agent_loop/generate_sequences/mean:np.float64(101.97493115663474) - timing_s/agent_loop/tool_calls/min:np.float64(0.0733262998983264) - timing_s/agent_loop/tool_calls/max:np.float64(0.7832611149642617) - timing_s/agent_loop/tool_calls/mean:np.float64(0.14647219502694497) - timing_s/agent_loop/compute_score/min:np.float64(0.2877129149856046) - timing_s/agent_loop/compute_score/max:np.float64(4.958610170986503) - timing_s/agent_loop/compute_score/mean:np.float64(1.9193672313322168) - timing_s/agent_loop/slowest/generate_sequences:np.float64(116.33139605703764) - timing_s/agent_loop/slowest/tool_calls:np.float64(0.7067074889782816) - timing_s/agent_loop/slowest/compute_score:np.float64(2.997224232996814) - timing_s/agent_loop/slowest/num_preempted:np.int64(-1) - timing_s/agent_loop/slowest/prompt_length:4138 - timing_s/agent_loop/slowest/response_length:3326 - timing_s/gen:143.96323523798492 - timing_s/reward:0.00040108896791934967 - timing_s/old_log_prob:139.6169248269871 - timing_s/ref:133.740353077068 - timing_s/adv:0.16162130003795028 - timing_s/update_actor:325.80438314389903 - timing_s/update_weights:4.008816279936582 - timing_s/dump_rollout_generations:0.3246293789707124 - timing_s/step:747.7648088219576 - timing_s/stop_profile:4.9254042096436024e-05 - timing_per_token_ms/update_actor:0.35651259556269144 - timing_per_token_ms/ref:0.1463458531370257 - timing_per_token_ms/adv:0.00017685467770179434 - timing_per_token_ms/gen:0.35316181453284856 - perf/total_num_tokens:913865 - perf/time_per_step:747.7648088219576 - perf/throughput:1222.128922380982[36m(TaskRunner pid=928819)[0m Training Progress:  65%|██████▍   | 86/133 [15:39:58<10:29:10, 803.20s/it]
[36m(TaskRunner pid=928819)[0m Training Progress:  65%|██████▌   | 87/133 [15:52:24<10:02:50, 786.31s/it]

[36m(TaskRunner pid=928819)[0m Dumped generations to /home/yw4636/agentic-tvg/results/grpo-v2/rollouts/87.jsonl
[36m(TaskRunner pid=928819)[0m step:87 - global_seqlen/min:920393 - global_seqlen/max:920393 - global_seqlen/minmax_diff:0 - global_seqlen/balanced_min:920393 - global_seqlen/balanced_max:920393 - global_seqlen/mean:920393.0 - actor/entropy:1.030064344406128 - perf/mfu/actor_infer:0.3047623766577143 - training/rollout_probs_diff_valid:1 - training/rollout_probs_diff_max:0.2407885193824768 - training/rollout_probs_diff_mean:0.009313272312283516 - training/rollout_probs_diff_std:0.01398568507283926 - training/rollout_actor_probs_pearson_corr:0.9989593625068665 - rollout_corr/training_ppl:2.7961933612823486 - rollout_corr/training_log_ppl:1.0003135204315186 - rollout_corr/kl:0.0025873342528939247 - rollout_corr/k3_kl:0.0025471847038716078 - rollout_corr/rollout_ppl:2.789173126220703 - rollout_corr/rollout_log_ppl:0.9977962374687195 - rollout_corr/log_ppl_diff:0.002517235465347767 - rollout_corr/log_ppl_abs_diff:0.0035523795522749424 - rollout_corr/log_ppl_diff_max:0.013757109642028809 - rollout_corr/log_ppl_diff_min:-0.010481834411621094 - rollout_corr/ppl_ratio:1.0025277137756348 - rollout_corr/chi2_token:0.005035758018493652 - rollout_corr/chi2_seq:7.781169891357422 - actor/pg_clipfrac:np.float64(0.0) - actor/ppo_kl:np.float64(0.0) - actor/pg_clipfrac_lower:np.float64(0.0) - actor/pg_loss:np.float64(0.059160727163543925) - actor/kl_loss:np.float64(0.0023893563557066955) - actor/kl_coef:np.float64(0.0010000000000000002) - actor/loss:np.float64(0.059163112193346024) - actor/grad_norm:np.float64(0.06176159903407097) - actor/lr:np.float64(1e-05) - actor/perf/max_memory_allocated_gb:np.float64(39.22479486465454) - actor/perf/max_memory_reserved_gb:np.float64(42.236328125) - actor/perf/cpu_memory_used_gb:np.float64(103.00566101074219) - perf/mfu/actor:np.float64(0.337457173387048) - training/global_step:87 - training/epoch:0 - critic/score/mean:1.379363775253296 - critic/score/max:2.5 - critic/score/min:0.0 - critic/rewards/mean:1.379363775253296 - critic/rewards/max:2.5 - critic/rewards/min:0.0 - critic/advantages/mean:-0.05916071683168411 - critic/advantages/max:2.475193500518799 - critic/advantages/min:-2.9279916286468506 - critic/returns/mean:-0.05916071683168411 - critic/returns/max:2.475193500518799 - critic/returns/min:-2.9279916286468506 - response_length/mean:3202.8203125 - response_length/max:3554.0 - response_length/min:2931.0 - response_length/clip_ratio:0.0 - response_length_non_aborted/mean:3202.8203125 - response_length_non_aborted/max:3554.0 - response_length_non_aborted/min:2931.0 - response_length_non_aborted/clip_ratio:0.0 - response/aborted_ratio:0.0 - prompt_length/mean:3987.75 - prompt_length/max:4137.0 - prompt_length/min:3923.0 - prompt_length/clip_ratio:0.0 - num_turns/min:np.int32(4) - num_turns/max:np.int32(4) - num_turns/mean:np.float64(4.0) - timing_s/start_profile:5.626003257930279e-05 - timing_s/agent_loop/num_preempted/min:np.int64(-1) - timing_s/agent_loop/num_preempted/max:np.int64(-1) - timing_s/agent_loop/num_preempted/mean:np.float64(-1.0) - timing_s/agent_loop/generate_sequences/min:np.float64(69.97496031410992) - timing_s/agent_loop/generate_sequences/max:np.float64(111.73026099405251) - timing_s/agent_loop/generate_sequences/mean:np.float64(97.17116765119226) - timing_s/agent_loop/tool_calls/min:np.float64(0.05455202597659081) - timing_s/agent_loop/tool_calls/max:np.float64(0.7301239559892565) - timing_s/agent_loop/tool_calls/mean:np.float64(0.152695022464286) - timing_s/agent_loop/compute_score/min:np.float64(0.3287549330852926) - timing_s/agent_loop/compute_score/max:np.float64(4.20453186891973) - timing_s/agent_loop/compute_score/mean:np.float64(1.9392953648466573) - timing_s/agent_loop/slowest/generate_sequences:np.float64(111.73026099405251) - timing_s/agent_loop/slowest/tool_calls:np.float64(0.2598845720058307) - timing_s/agent_loop/slowest/compute_score:np.float64(1.6646568489959463) - timing_s/agent_loop/slowest/num_preempted:np.int64(-1) - timing_s/agent_loop/slowest/prompt_length:3946 - timing_s/agent_loop/slowest/response_length:3554 - timing_s/gen:141.25119762297254 - timing_s/reward:0.0004331899108365178 - timing_s/old_log_prob:139.73345531604718 - timing_s/ref:134.9015548559837 - timing_s/adv:0.16539715393446386 - timing_s/update_actor:325.5566912069917 - timing_s/update_weights:4.0313072350109 - timing_s/dump_rollout_generations:0.3203297870932147 - timing_s/step:746.120050837053 - timing_s/stop_profile:3.641506191343069e-05 - timing_per_token_ms/update_actor:0.3537148709377317 - timing_per_token_ms/ref:0.14656951417055944 - timing_per_token_ms/adv:0.00017970275081890437 - timing_per_token_ms/gen:0.34454789022119797 - perf/total_num_tokens:920393 - perf/time_per_step:746.120050837053 - perf/throughput:1233.5722635619222
[36m(TaskRunner pid=928819)[0m Dumped generations to /home/yw4636/agentic-tvg/results/grpo-v2/rollouts/88.jsonl
[36m(TaskRunner pid=928819)[0m step:88 - global_seqlen/min:922648 - global_seqlen/max:922648 - global_seqlen/minmax_diff:0 - global_seqlen/balanced_min:922648 - global_seqlen/balanced_max:922648 - global_seqlen/mean:922648.0 - actor/entropy:0.9931382536888123 - perf/mfu/actor_infer:0.30383725920861787 - training/rollout_probs_diff_valid:1 - training/rollout_probs_diff_max:0.18621784448623657 - training/rollout_probs_diff_mean:0.008965808898210526 - training/rollout_probs_diff_std:0.013481524772942066 - training/rollout_actor_probs_pearson_corr:0.9990273714065552 - rollout_corr/training_ppl:2.68827486038208 - rollout_corr/training_log_ppl:0.9709310531616211 - rollout_corr/kl:0.0023727170191705227 - rollout_corr/k3_kl:0.0023681388702243567 - rollout_corr/rollout_ppl:2.6818838119506836 - rollout_corr/rollout_log_ppl:0.9685686826705933 - rollout_corr/log_ppl_diff:0.0023623742163181305 - rollout_corr/log_ppl_abs_diff:0.0033469852060079575 - rollout_corr/log_ppl_diff_max:0.010662317276000977 - rollout_corr/log_ppl_diff_min:-0.004099011421203613 - rollout_corr/ppl_ratio:1.0023711919784546 - rollout_corr/chi2_token:0.00488436222076416 - rollout_corr/chi2_seq:1.7642338275909424 - actor/pg_clipfrac:np.float64(0.0) - actor/ppo_kl:np.float64(0.0) - actor/pg_clipfrac_lower:np.float64(0.0) - actor/pg_loss:np.float64(0.0032283629989251494) - actor/kl_loss:np.float64(0.002356566725211451) - actor/kl_coef:np.float64(0.0010000000000000002) - actor/loss:np.float64(0.003230709582567215) - actor/grad_norm:np.float64(0.056448496878147125) - actor/lr:np.float64(1e-05) - actor/perf/max_memory_allocated_gb:np.float64(39.22479486465454) - actor/perf/max_memory_reserved_gb:np.float64(42.236328125) - actor/perf/cpu_memory_used_gb:np.float64(102.98732376098633) - perf/mfu/actor:np.float64(0.3376560845808424) - training/global_step:88 - training/epoch:0 - critic/score/mean:1.2837374210357666 - critic/score/max:2.433333396911621 - critic/score/min:0.0 - critic/rewards/mean:1.2837374210357666 - critic/rewards/max:2.433333396911621 - critic/rewards/min:0.0 - critic/advantages/mean:-0.0032283782493323088 - critic/advantages/max:2.7937920093536377 - critic/advantages/min:-2.955387592315674 - critic/returns/mean:-0.0032283782493323088 - critic/returns/max:2.7937920093536377 - critic/returns/min:-2.955387592315674 - response_length/mean:3196.0625 - response_length/max:3532.0 - response_length/min:472.0 - response_length/clip_ratio:0.0 - response_length_non_aborted/mean:3196.0625 - response_length_non_aborted/max:3532.0 - response_length_non_aborted/min:472.0 - response_length_non_aborted/clip_ratio:0.0 - response/aborted_ratio:0.0 - prompt_length/mean:4012.125 - prompt_length/max:4146.0 - prompt_length/min:3927.0 - prompt_length/clip_ratio:0.0 - num_turns/min:np.int32(4) - num_turns/max:np.int32(4) - num_turns/mean:np.float64(4.0) - timing_s/start_profile:6.198592018336058e-05 - timing_s/agent_loop/num_preempted/min:np.int64(-1) - timing_s/agent_loop/num_preempted/max:np.int64(-1) - timing_s/agent_loop/num_preempted/mean:np.float64(-1.0) - timing_s/agent_loop/generate_sequences/min:np.float64(60.82320149813313) - timing_s/agent_loop/generate_sequences/max:np.float64(118.32945983891841) - timing_s/agent_loop/generate_sequences/mean:np.float64(103.0656864718676) - timing_s/agent_loop/tool_calls/min:np.float64(0.00014970998745411634) - timing_s/agent_loop/tool_calls/max:np.float64(0.8252707070205361) - timing_s/agent_loop/tool_calls/mean:np.float64(0.1481228403190471) - timing_s/agent_loop/compute_score/min:np.float64(0.3246075080242008) - timing_s/agent_loop/compute_score/max:np.float64(6.687913715024479) - timing_s/agent_loop/compute_score/mean:np.float64(2.2778908068075907) - timing_s/agent_loop/slowest/generate_sequences:np.float64(117.49009944393765) - timing_s/agent_loop/slowest/tool_calls:np.float64(0.23023461794946343) - timing_s/agent_loop/slowest/compute_score:np.float64(3.785465667024255) - timing_s/agent_loop/slowest/num_preempted:np.int64(-1) - timing_s/agent_loop/slowest/prompt_length:3947 - timing_s/agent_loop/slowest/response_length:3532 - timing_s/gen:147.5951340139145 - timing_s/reward:0.0004377859877422452 - timing_s/old_log_prob:141.93723610497545 - timing_s/ref:135.6717732489342 - timing_s/adv:0.16713194001931697 - timing_s/update_actor:324.073689294979 - timing_s/update_weights:4.029371312004514 - timing_s/dump_rollout_generations:0.32509516808204353 - timing_s/step:753.9575427270029 - timing_s/stop_profile:4.966103006154299e-05 - timing_per_token_ms/update_actor:0.3512430410026131 - timing_per_token_ms/ref:0.1470460817656725 - timing_per_token_ms/adv:0.00018114377316085547 - timing_per_token_ms/gen:0.36078361561568556 - perf/total_num_tokens:922648 - perf/time_per_step:753.9575427270029 - perf/throughput:1223.7399955743629[36m(TaskRunner pid=928819)[0m Training Progress:  66%|██████▌   | 88/133 [16:04:59<9:42:40, 776.89s/it] 
[36m(TaskRunner pid=928819)[0m Training Progress:  67%|██████▋   | 89/133 [16:17:14<9:20:23, 764.16s/it]

[36m(TaskRunner pid=928819)[0m Dumped generations to /home/yw4636/agentic-tvg/results/grpo-v2/rollouts/89.jsonl
[36m(TaskRunner pid=928819)[0m step:89 - global_seqlen/min:907726 - global_seqlen/max:907726 - global_seqlen/minmax_diff:0 - global_seqlen/balanced_min:907726 - global_seqlen/balanced_max:907726 - global_seqlen/mean:907726.0 - actor/entropy:1.0199211835861206 - perf/mfu/actor_infer:0.30495530923217584 - training/rollout_probs_diff_valid:1 - training/rollout_probs_diff_max:0.3070649206638336 - training/rollout_probs_diff_mean:0.009344015270471573 - training/rollout_probs_diff_std:0.014451435767114162 - training/rollout_actor_probs_pearson_corr:0.9989176988601685 - rollout_corr/training_ppl:2.7979211807250977 - rollout_corr/training_log_ppl:1.0047972202301025 - rollout_corr/kl:0.0027298417408019304 - rollout_corr/k3_kl:0.0027171578258275986 - rollout_corr/rollout_ppl:2.790154457092285 - rollout_corr/rollout_log_ppl:1.00202214717865 - rollout_corr/log_ppl_diff:0.0027749468572437763 - rollout_corr/log_ppl_abs_diff:0.0035878759808838367 - rollout_corr/log_ppl_diff_max:0.013556838035583496 - rollout_corr/log_ppl_diff_min:-0.005504727363586426 - rollout_corr/ppl_ratio:1.0027849674224854 - rollout_corr/chi2_token:0.005548596382141113 - rollout_corr/chi2_seq:3.921515464782715 - actor/pg_clipfrac:np.float64(0.0) - actor/ppo_kl:np.float64(0.0) - actor/pg_clipfrac_lower:np.float64(0.0) - actor/pg_loss:np.float64(0.050972287164768204) - actor/kl_loss:np.float64(0.0025157389900414273) - actor/kl_coef:np.float64(0.0010000000000000002) - actor/loss:np.float64(0.050974808633327484) - actor/grad_norm:np.float64(0.058575212955474854) - actor/lr:np.float64(1e-05) - actor/perf/max_memory_allocated_gb:np.float64(39.22479486465454) - actor/perf/max_memory_reserved_gb:np.float64(42.236328125) - actor/perf/cpu_memory_used_gb:np.float64(102.29045486450195) - perf/mfu/actor:np.float64(0.3393460415257313) - training/global_step:89 - training/epoch:0 - critic/score/mean:1.362857699394226 - critic/score/max:2.308333396911621 - critic/score/min:0.5 - critic/rewards/mean:1.362857699394226 - critic/rewards/max:2.308333396911621 - critic/rewards/min:0.5 - critic/advantages/mean:-0.05097227543592453 - critic/advantages/max:2.7868881225585938 - critic/advantages/min:-3.3152148723602295 - critic/returns/mean:-0.05097227543592453 - critic/returns/max:2.7868881225585938 - critic/returns/min:-3.3152148723602295 - response_length/mean:3224.609375 - response_length/max:6475.0 - response_length/min:2724.0 - response_length/clip_ratio:0.0 - response_length_non_aborted/mean:3224.609375 - response_length_non_aborted/max:6475.0 - response_length_non_aborted/min:2724.0 - response_length_non_aborted/clip_ratio:0.0 - response/aborted_ratio:0.0 - prompt_length/mean:3867.0 - prompt_length/max:3969.0 - prompt_length/min:3618.0 - prompt_length/clip_ratio:0.0 - num_turns/min:np.int32(4) - num_turns/max:np.int32(6) - num_turns/mean:np.float64(4.015625) - timing_s/start_profile:6.671308074146509e-05 - timing_s/agent_loop/num_preempted/min:np.int64(-1) - timing_s/agent_loop/num_preempted/max:np.int64(-1) - timing_s/agent_loop/num_preempted/mean:np.float64(-1.0) - timing_s/agent_loop/generate_sequences/min:np.float64(71.12336164107546) - timing_s/agent_loop/generate_sequences/max:np.float64(114.63751034101006) - timing_s/agent_loop/generate_sequences/mean:np.float64(99.92234328732866) - timing_s/agent_loop/tool_calls/min:np.float64(0.07168797799386084) - timing_s/agent_loop/tool_calls/max:np.float64(0.7534009430091828) - timing_s/agent_loop/tool_calls/mean:np.float64(0.14307137186915497) - timing_s/agent_loop/compute_score/min:np.float64(0.297924270038493) - timing_s/agent_loop/compute_score/max:np.float64(6.198158963001333) - timing_s/agent_loop/compute_score/mean:np.float64(2.215346601591591) - timing_s/agent_loop/slowest/generate_sequences:np.float64(114.63751034101006) - timing_s/agent_loop/slowest/tool_calls:np.float64(0.10927544208243489) - timing_s/agent_loop/slowest/compute_score:np.float64(2.501993639045395) - timing_s/agent_loop/slowest/num_preempted:np.int64(-1) - timing_s/agent_loop/slowest/prompt_length:3943 - timing_s/agent_loop/slowest/response_length:3495 - timing_s/gen:143.00273674400523 - timing_s/reward:0.00044341699685901403 - timing_s/old_log_prob:138.8568081120029 - timing_s/ref:131.4627890510019 - timing_s/adv:0.1659277610015124 - timing_s/update_actor:315.562502588029 - timing_s/update_weights:4.001070513972081 - timing_s/dump_rollout_generations:0.3223110039252788 - timing_s/step:733.5198346859543 - timing_s/stop_profile:5.2443938329815865e-05 - timing_per_token_ms/update_actor:0.3476407005947048 - timing_per_token_ms/ref:0.14482651047893516 - timing_per_token_ms/adv:0.00018279498549288265 - timing_per_token_ms/gen:0.3464633234258152 - perf/total_num_tokens:907726 - perf/time_per_step:733.5198346859543 - perf/throughput:1237.4934624482644
[36m(TaskRunner pid=928819)[0m Dumped generations to /home/yw4636/agentic-tvg/results/grpo-v2/rollouts/90.jsonl
[36m(TaskRunner pid=928819)[0m step:90 - global_seqlen/min:923274 - global_seqlen/max:923274 - global_seqlen/minmax_diff:0 - global_seqlen/balanced_min:923274 - global_seqlen/balanced_max:923274 - global_seqlen/mean:923274.0 - actor/entropy:1.0128116607666016 - perf/mfu/actor_infer:0.3054141489109423 - training/rollout_probs_diff_valid:1 - training/rollout_probs_diff_max:0.5554941892623901 - training/rollout_probs_diff_mean:0.009453126229345798 - training/rollout_probs_diff_std:0.014921557158231735 - training/rollout_actor_probs_pearson_corr:0.9988563656806946 - rollout_corr/training_ppl:2.759361505508423 - rollout_corr/training_log_ppl:0.996505618095398 - rollout_corr/kl:0.0028726316522806883 - rollout_corr/k3_kl:0.002845767419785261 - rollout_corr/rollout_ppl:2.7511723041534424 - rollout_corr/rollout_log_ppl:0.9935722947120667 - rollout_corr/log_ppl_diff:0.0029333485290408134 - rollout_corr/log_ppl_abs_diff:0.0041321879252791405 - rollout_corr/log_ppl_diff_max:0.018842101097106934 - rollout_corr/log_ppl_diff_min:-0.009555339813232422 - rollout_corr/ppl_ratio:1.0029480457305908 - rollout_corr/chi2_token:0.005541205406188965 - rollout_corr/chi2_seq:117.73170471191406 - actor/pg_clipfrac:np.float64(0.0) - actor/ppo_kl:np.float64(0.0) - actor/pg_clipfrac_lower:np.float64(0.0) - actor/pg_loss:np.float64(0.01942065529874526) - actor/kl_loss:np.float64(0.0026161259302170947) - actor/kl_coef:np.float64(0.0010000000000000002) - actor/loss:np.float64(0.01942327246069908) - actor/grad_norm:np.float64(0.06141849234700203) - actor/lr:np.float64(1e-05) - actor/perf/max_memory_allocated_gb:np.float64(39.22479486465454) - actor/perf/max_memory_reserved_gb:np.float64(42.236328125) - actor/perf/cpu_memory_used_gb:np.float64(103.0440559387207) - perf/mfu/actor:np.float64(0.3386298392358623) - training/global_step:90 - training/epoch:0 - critic/score/mean:1.3360222578048706 - critic/score/max:2.4546689987182617 - critic/score/min:0.5 - critic/rewards/mean:1.3360222578048706 - critic/rewards/max:2.4546689987182617 - critic/rewards/min:0.5 - critic/advantages/mean:-0.019420646131038666 - critic/advantages/max:3.0146024227142334 - critic/advantages/min:-2.144040107727051 - critic/returns/mean:-0.019420646131038666 - critic/returns/max:3.0146024227142334 - critic/returns/min:-2.144040107727051 - response_length/mean:3279.828125 - response_length/max:3907.0 - response_length/min:494.0 - response_length/clip_ratio:0.0 - response_length_non_aborted/mean:3279.828125 - response_length_non_aborted/max:3907.0 - response_length_non_aborted/min:494.0 - response_length_non_aborted/clip_ratio:0.0 - response/aborted_ratio:0.0 - prompt_length/mean:3933.25 - prompt_length/max:4135.0 - prompt_length/min:3624.0 - prompt_length/clip_ratio:0.0 - num_turns/min:np.int32(4) - num_turns/max:np.int32(4) - num_turns/mean:np.float64(4.0) - timing_s/start_profile:5.9458077885210514e-05 - timing_s/agent_loop/num_preempted/min:np.int64(-1) - timing_s/agent_loop/num_preempted/max:np.int64(-1) - timing_s/agent_loop/num_preempted/mean:np.float64(-1.0) - timing_s/agent_loop/generate_sequences/min:np.float64(58.07314740202855) - timing_s/agent_loop/generate_sequences/max:np.float64(116.37031925504562) - timing_s/agent_loop/generate_sequences/mean:np.float64(102.08313550874209) - timing_s/agent_loop/tool_calls/min:np.float64(0.00010729592759162188) - timing_s/agent_loop/tool_calls/max:np.float64(0.7317611759062856) - timing_s/agent_loop/tool_calls/mean:np.float64(0.12826714812126738) - timing_s/agent_loop/compute_score/min:np.float64(0.31725827290210873) - timing_s/agent_loop/compute_score/max:np.float64(6.180459218914621) - timing_s/agent_loop/compute_score/mean:np.float64(1.9616455051291268) - timing_s/agent_loop/slowest/generate_sequences:np.float64(116.37031925504562) - timing_s/agent_loop/slowest/tool_calls:np.float64(0.14254882698878646) - timing_s/agent_loop/slowest/compute_score:np.float64(6.180459218914621) - timing_s/agent_loop/slowest/num_preempted:np.int64(-1) - timing_s/agent_loop/slowest/prompt_length:3624 - timing_s/agent_loop/slowest/response_length:3907 - timing_s/gen:148.75437064492144 - timing_s/reward:0.0004498240305110812 - timing_s/old_log_prob:143.36522429797333 - timing_s/ref:136.4998470559949 - timing_s/adv:0.16057352302595973 - timing_s/update_actor:327.5735483110184 - timing_s/update_weights:4.028849826077931 - timing_s/dump_rollout_generations:0.3220588950207457 - timing_s/step:760.8600835109828 - timing_s/stop_profile:5.0844973884522915e-05 - timing_per_token_ms/update_actor:0.35479559514404 - timing_per_token_ms/ref:0.1478432697725647 - timing_per_token_ms/adv:0.00017391751855457831 - timing_per_token_ms/gen:0.35433061623113216 - perf/total_num_tokens:923274 - perf/time_per_step:760.8600835109828 - perf/throughput:1213.4609503229024[36m(TaskRunner pid=928819)[0m Training Progress:  68%|██████▊   | 90/133 [16:29:55<9:06:57, 763.19s/it]
[36m(TaskRunner pid=928819)[0m Training Progress:  68%|██████▊   | 91/133 [16:42:23<8:51:03, 758.65s/it]

[36m(TaskRunner pid=928819)[0m Dumped generations to /home/yw4636/agentic-tvg/results/grpo-v2/rollouts/91.jsonl
[36m(TaskRunner pid=928819)[0m step:91 - global_seqlen/min:922887 - global_seqlen/max:922887 - global_seqlen/minmax_diff:0 - global_seqlen/balanced_min:922887 - global_seqlen/balanced_max:922887 - global_seqlen/mean:922887.0 - actor/entropy:0.9866591691970825 - perf/mfu/actor_infer:0.3039440809227411 - training/rollout_probs_diff_valid:1 - training/rollout_probs_diff_max:0.4645199775695801 - training/rollout_probs_diff_mean:0.009050773456692696 - training/rollout_probs_diff_std:0.014391607604920864 - training/rollout_actor_probs_pearson_corr:0.9989405274391174 - rollout_corr/training_ppl:2.711045026779175 - rollout_corr/training_log_ppl:0.9720203876495361 - rollout_corr/kl:0.002475174842402339 - rollout_corr/k3_kl:0.002611707430332899 - rollout_corr/rollout_ppl:2.7040767669677734 - rollout_corr/rollout_log_ppl:0.9693605899810791 - rollout_corr/log_ppl_diff:0.0026597855612635612 - rollout_corr/log_ppl_abs_diff:0.003391209989786148 - rollout_corr/log_ppl_diff_max:0.017481982707977295 - rollout_corr/log_ppl_diff_min:-0.008759140968322754 - rollout_corr/ppl_ratio:1.002669334411621 - rollout_corr/chi2_token:0.005645155906677246 - rollout_corr/chi2_seq:4.3727827072143555 - actor/pg_clipfrac:np.float64(0.0) - actor/ppo_kl:np.float64(0.0) - actor/pg_clipfrac_lower:np.float64(0.0) - actor/pg_loss:np.float64(-0.009944956313120201) - actor/kl_loss:np.float64(0.0026085492136189714) - actor/kl_coef:np.float64(0.0010000000000000002) - actor/loss:np.float64(-0.009942345321178436) - actor/grad_norm:np.float64(0.06571649014949799) - actor/lr:np.float64(1e-05) - actor/perf/max_memory_allocated_gb:np.float64(39.22479486465454) - actor/perf/max_memory_reserved_gb:np.float64(42.236328125) - actor/perf/cpu_memory_used_gb:np.float64(103.49246978759766) - perf/mfu/actor:np.float64(0.33831813359826307) - training/global_step:91 - training/epoch:0 - critic/score/mean:1.0761148929595947 - critic/score/max:2.433333396911621 - critic/score/min:0.5 - critic/rewards/mean:1.0761148929595947 - critic/rewards/max:2.433333396911621 - critic/rewards/min:0.5 - critic/advantages/mean:0.00994495302438736 - critic/advantages/max:3.663532257080078 - critic/advantages/min:-3.0816614627838135 - critic/returns/mean:0.00994495302438736 - critic/returns/max:3.663532257080078 - critic/returns/min:-3.0816614627838135 - response_length/mean:3190.4296875 - response_length/max:3493.0 - response_length/min:2891.0 - response_length/clip_ratio:0.0 - response_length_non_aborted/mean:3190.4296875 - response_length_non_aborted/max:3493.0 - response_length_non_aborted/min:2891.0 - response_length_non_aborted/clip_ratio:0.0 - response/aborted_ratio:0.0 - prompt_length/mean:4019.625 - prompt_length/max:4147.0 - prompt_length/min:3942.0 - prompt_length/clip_ratio:0.0 - num_turns/min:np.int32(4) - num_turns/max:np.int32(4) - num_turns/mean:np.float64(4.0) - timing_s/start_profile:6.32420415058732e-05 - timing_s/agent_loop/num_preempted/min:np.int64(-1) - timing_s/agent_loop/num_preempted/max:np.int64(-1) - timing_s/agent_loop/num_preempted/mean:np.float64(-1.0) - timing_s/agent_loop/generate_sequences/min:np.float64(64.64439842803404) - timing_s/agent_loop/generate_sequences/max:np.float64(112.99507728707977) - timing_s/agent_loop/generate_sequences/mean:np.float64(99.84491814946796) - timing_s/agent_loop/tool_calls/min:np.float64(0.0640055499970913) - timing_s/agent_loop/tool_calls/max:np.float64(2.542533964966424) - timing_s/agent_loop/tool_calls/mean:np.float64(0.239430369621914) - timing_s/agent_loop/compute_score/min:np.float64(0.3190764950122684) - timing_s/agent_loop/compute_score/max:np.float64(7.526891126995906) - timing_s/agent_loop/compute_score/mean:np.float64(2.2325492290337934) - timing_s/agent_loop/slowest/generate_sequences:np.float64(111.96299955993891) - timing_s/agent_loop/slowest/tool_calls:np.float64(0.1162859610049054) - timing_s/agent_loop/slowest/compute_score:np.float64(3.9187128270277753) - timing_s/agent_loop/slowest/num_preempted:np.int64(-1) - timing_s/agent_loop/slowest/prompt_length:3962 - timing_s/agent_loop/slowest/response_length:3277 - timing_s/gen:144.1458998899907 - timing_s/reward:0.00039790605660527945 - timing_s/old_log_prob:140.3076575449668 - timing_s/ref:134.2892274489859 - timing_s/adv:0.1626424960559234 - timing_s/update_actor:323.7740228129551 - timing_s/update_weights:4.011413917993195 - timing_s/dump_rollout_generations:0.321388381998986 - timing_s/step:747.1912215308985 - timing_s/stop_profile:5.41050685569644e-05 - timing_per_token_ms/update_actor:0.3508273741129251 - timing_per_token_ms/ref:0.1455099350722092 - timing_per_token_ms/adv:0.00017623229718906366 - timing_per_token_ms/gen:0.35297434928678467 - perf/total_num_tokens:922887 - perf/time_per_step:747.1912215308985 - perf/throughput:1235.141652372633
[36m(TaskRunner pid=928819)[0m Dumped generations to /home/yw4636/agentic-tvg/results/grpo-v2/rollouts/92.jsonl
[36m(TaskRunner pid=928819)[0m step:92 - global_seqlen/min:924824 - global_seqlen/max:924824 - global_seqlen/minmax_diff:0 - global_seqlen/balanced_min:924824 - global_seqlen/balanced_max:924824 - global_seqlen/mean:924824.0 - actor/entropy:1.0182913541793823 - perf/mfu/actor_infer:0.30332553679499213 - training/rollout_probs_diff_valid:1 - training/rollout_probs_diff_max:0.5619244575500488 - training/rollout_probs_diff_mean:0.009327481500804424 - training/rollout_probs_diff_std:0.015008185990154743 - training/rollout_actor_probs_pearson_corr:0.9988667964935303 - rollout_corr/training_ppl:2.7866642475128174 - rollout_corr/training_log_ppl:1.0021815299987793 - rollout_corr/kl:0.0030821599066257477 - rollout_corr/k3_kl:0.002922660671174526 - rollout_corr/rollout_ppl:2.7783756256103516 - rollout_corr/rollout_log_ppl:0.9991942644119263 - rollout_corr/log_ppl_diff:0.0029873521998524666 - rollout_corr/log_ppl_abs_diff:0.003709672950208187 - rollout_corr/log_ppl_diff_max:0.015888094902038574 - rollout_corr/log_ppl_diff_min:-0.004688739776611328 - rollout_corr/ppl_ratio:1.0029984712600708 - rollout_corr/chi2_token:0.005467772483825684 - rollout_corr/chi2_seq:2.450143337249756 - actor/pg_clipfrac:np.float64(0.0) - actor/ppo_kl:np.float64(0.0) - actor/pg_clipfrac_lower:np.float64(0.0) - actor/pg_loss:np.float64(0.04110980030964129) - actor/kl_loss:np.float64(0.0027030906931031495) - actor/kl_coef:np.float64(0.0010000000000000002) - actor/loss:np.float64(0.0411125048995018) - actor/grad_norm:np.float64(0.06333610415458679) - actor/lr:np.float64(1e-05) - actor/perf/max_memory_allocated_gb:np.float64(39.22479486465454) - actor/perf/max_memory_reserved_gb:np.float64(42.236328125) - actor/perf/cpu_memory_used_gb:np.float64(119.80027770996094) - perf/mfu/actor:np.float64(0.33749280971985257) - training/global_step:92 - training/epoch:0 - critic/score/mean:1.3863986730575562 - critic/score/max:2.499997854232788 - critic/score/min:0.0 - critic/rewards/mean:1.3863986730575562 - critic/rewards/max:2.499997854232788 - critic/rewards/min:0.0 - critic/advantages/mean:-0.04110981523990631 - critic/advantages/max:2.570749521255493 - critic/advantages/min:-1.7382616996765137 - critic/returns/mean:-0.04110981523990631 - critic/returns/max:2.570749521255493 - critic/returns/min:-1.7382616996765137 - response_length/mean:3209.0625 - response_length/max:3535.0 - response_length/min:2869.0 - response_length/clip_ratio:0.0 - response_length_non_aborted/mean:3209.0625 - response_length_non_aborted/max:3535.0 - response_length_non_aborted/min:2869.0 - response_length_non_aborted/clip_ratio:0.0 - response/aborted_ratio:0.0 - prompt_length/mean:4016.125 - prompt_length/max:4142.0 - prompt_length/min:3929.0 - prompt_length/clip_ratio:0.0 - num_turns/min:np.int32(4) - num_turns/max:np.int32(4) - num_turns/mean:np.float64(4.0) - timing_s/start_profile:5.941104609519243e-05 - timing_s/agent_loop/num_preempted/min:np.int64(-1) - timing_s/agent_loop/num_preempted/max:np.int64(-1) - timing_s/agent_loop/num_preempted/mean:np.float64(-1.0) - timing_s/agent_loop/generate_sequences/min:np.float64(55.68654568307102) - timing_s/agent_loop/generate_sequences/max:np.float64(114.1168712520739) - timing_s/agent_loop/generate_sequences/mean:np.float64(98.37598325307772) - timing_s/agent_loop/tool_calls/min:np.float64(0.06768931506667286) - timing_s/agent_loop/tool_calls/max:np.float64(0.8175577230285853) - timing_s/agent_loop/tool_calls/mean:np.float64(0.23108376341406256) - timing_s/agent_loop/compute_score/min:np.float64(0.3197942270198837) - timing_s/agent_loop/compute_score/max:np.float64(4.412251148954965) - timing_s/agent_loop/compute_score/mean:np.float64(1.9190761333984483) - timing_s/agent_loop/slowest/generate_sequences:np.float64(111.34853396110702) - timing_s/agent_loop/slowest/tool_calls:np.float64(0.32398839900270104) - timing_s/agent_loop/slowest/compute_score:np.float64(4.133083118940704) - timing_s/agent_loop/slowest/num_preempted:np.int64(-1) - timing_s/agent_loop/slowest/prompt_length:4128 - timing_s/agent_loop/slowest/response_length:3300 - timing_s/gen:143.3638723900076 - timing_s/reward:0.00044525403063744307 - timing_s/old_log_prob:139.64980931801256 - timing_s/ref:134.95788934302982 - timing_s/adv:0.15925379004329443 - timing_s/update_actor:326.9455396030098 - timing_s/update_weights:4.000523690017872 - timing_s/dump_rollout_generations:0.3213019031099975 - timing_s/step:749.5402587560238 - timing_s/stop_profile:4.85740602016449e-05 - timing_per_token_ms/update_actor:0.35352190211652146 - timing_per_token_ms/ref:0.14592818670690835 - timing_per_token_ms/adv:0.00017219902386107457 - timing_per_token_ms/gen:0.34902101565392835 - perf/total_num_tokens:924824 - perf/time_per_step:749.5402587560238 - perf/throughput:1233.8550053800795[36m(TaskRunner pid=928819)[0m Training Progress:  69%|██████▉   | 92/133 [16:54:52<8:36:33, 755.94s/it]
[36m(TaskRunner pid=928819)[0m Training Progress:  70%|██████▉   | 93/133 [17:08:16<8:33:30, 770.26s/it]

[36m(TaskRunner pid=928819)[0m Dumped generations to /home/yw4636/agentic-tvg/results/grpo-v2/rollouts/93.jsonl
[36m(TaskRunner pid=928819)[0m step:93 - global_seqlen/min:927766 - global_seqlen/max:927766 - global_seqlen/minmax_diff:0 - global_seqlen/balanced_min:927766 - global_seqlen/balanced_max:927766 - global_seqlen/mean:927766.0 - actor/entropy:1.5962879657745361 - perf/mfu/actor_infer:0.3050547866724647 - training/rollout_probs_diff_valid:1 - training/rollout_probs_diff_max:0.532821536064148 - training/rollout_probs_diff_mean:0.008790365420281887 - training/rollout_probs_diff_std:0.014167269691824913 - training/rollout_actor_probs_pearson_corr:0.9990740418434143 - rollout_corr/training_ppl:35.66456985473633 - rollout_corr/training_log_ppl:1.1243400573730469 - rollout_corr/kl:0.0022488883696496487 - rollout_corr/k3_kl:0.0026165246963500977 - rollout_corr/rollout_ppl:35.644081115722656 - rollout_corr/rollout_log_ppl:1.12189781665802 - rollout_corr/log_ppl_diff:0.0024424479342997074 - rollout_corr/log_ppl_abs_diff:0.0034691658802330494 - rollout_corr/log_ppl_diff_max:0.013155758380889893 - rollout_corr/log_ppl_diff_min:-0.006758272647857666 - rollout_corr/ppl_ratio:1.00245201587677 - rollout_corr/chi2_token:0.006020069122314453 - rollout_corr/chi2_seq:3.6300158500671387 - actor/pg_clipfrac:np.float64(0.0) - actor/ppo_kl:np.float64(0.0) - actor/pg_clipfrac_lower:np.float64(0.0) - actor/pg_loss:np.float64(0.1024989276775159) - actor/kl_loss:np.float64(0.002751510048256023) - actor/kl_coef:np.float64(0.0010000000000000002) - actor/loss:np.float64(0.10250169038772583) - actor/grad_norm:np.float64(0.05962318181991577) - actor/lr:np.float64(1e-05) - actor/perf/max_memory_allocated_gb:np.float64(39.22479486465454) - actor/perf/max_memory_reserved_gb:np.float64(42.236328125) - actor/perf/cpu_memory_used_gb:np.float64(103.22861099243164) - perf/mfu/actor:np.float64(0.33741535870514855) - training/global_step:93 - training/epoch:0 - critic/score/mean:1.1601600646972656 - critic/score/max:2.454907178878784 - critic/score/min:0.0 - critic/rewards/mean:1.1601600646972656 - critic/rewards/max:2.454907178878784 - critic/rewards/min:0.0 - critic/advantages/mean:-0.10249893367290497 - critic/advantages/max:2.751133680343628 - critic/advantages/min:-1.9497522115707397 - critic/returns/mean:-0.10249893367290497 - critic/returns/max:2.751133680343628 - critic/returns/min:-1.9497522115707397 - response_length/mean:3233.296875 - response_length/max:6864.0 - response_length/min:401.0 - response_length/clip_ratio:0.0 - response_length_non_aborted/mean:3233.296875 - response_length_non_aborted/max:6864.0 - response_length_non_aborted/min:401.0 - response_length_non_aborted/clip_ratio:0.0 - response/aborted_ratio:0.0 - prompt_length/mean:4014.875 - prompt_length/max:4145.0 - prompt_length/min:3934.0 - prompt_length/clip_ratio:0.0 - num_turns/min:np.int32(4) - num_turns/max:np.int32(4) - num_turns/mean:np.float64(4.0) - timing_s/start_profile:5.895609501749277e-05 - timing_s/agent_loop/num_preempted/min:np.int64(-1) - timing_s/agent_loop/num_preempted/max:np.int64(-1) - timing_s/agent_loop/num_preempted/mean:np.float64(-1.0) - timing_s/agent_loop/generate_sequences/min:np.float64(70.7305576519575) - timing_s/agent_loop/generate_sequences/max:np.float64(161.0160526999971) - timing_s/agent_loop/generate_sequences/mean:np.float64(103.41286002294419) - timing_s/agent_loop/tool_calls/min:np.float64(0.00020145101007074118) - timing_s/agent_loop/tool_calls/max:np.float64(1.4160675749881193) - timing_s/agent_loop/tool_calls/mean:np.float64(0.1516795578154415) - timing_s/agent_loop/compute_score/min:np.float64(0.3206728140357882) - timing_s/agent_loop/compute_score/max:np.float64(6.299280112027191) - timing_s/agent_loop/compute_score/mean:np.float64(1.9034249451151481) - timing_s/agent_loop/slowest/generate_sequences:np.float64(161.0160526999971) - timing_s/agent_loop/slowest/tool_calls:np.float64(0.07770065299700946) - timing_s/agent_loop/slowest/compute_score:np.float64(0.4026172240264714) - timing_s/agent_loop/slowest/num_preempted:np.int64(-1) - timing_s/agent_loop/slowest/prompt_length:4139 - timing_s/agent_loop/slowest/response_length:6864 - timing_s/gen:182.0846957769245 - timing_s/reward:0.0004065569955855608 - timing_s/old_log_prob:144.1068722549826 - timing_s/ref:138.45090715796687 - timing_s/adv:0.1826141239143908 - timing_s/update_actor:334.3079462669557 - timing_s/update_weights:3.980104672955349 - timing_s/dump_rollout_generations:0.32846802996937186 - timing_s/step:803.5966458189068 - timing_s/stop_profile:5.0941016525030136e-05 - timing_per_token_ms/update_actor:0.36033649246356914 - timing_per_token_ms/ref:0.14923041710729523 - timing_per_token_ms/adv:0.00019683209334507925 - timing_per_token_ms/gen:0.439964760661584 - perf/total_num_tokens:927766 - perf/time_per_step:803.5966458189068 - perf/throughput:1154.5170140108762
[36m(TaskRunner pid=928819)[0m Dumped generations to /home/yw4636/agentic-tvg/results/grpo-v2/rollouts/94.jsonl
[36m(TaskRunner pid=928819)[0m step:94 - global_seqlen/min:919818 - global_seqlen/max:919818 - global_seqlen/minmax_diff:0 - global_seqlen/balanced_min:919818 - global_seqlen/balanced_max:919818 - global_seqlen/mean:919818.0 - actor/entropy:1.0284446477890015 - perf/mfu/actor_infer:0.30495700434959977 - training/rollout_probs_diff_valid:1 - training/rollout_probs_diff_max:0.25090205669403076 - training/rollout_probs_diff_mean:0.009170987643301487 - training/rollout_probs_diff_std:0.014165147207677364 - training/rollout_actor_probs_pearson_corr:0.9989635348320007 - rollout_corr/training_ppl:2.7956411838531494 - rollout_corr/training_log_ppl:1.0082547664642334 - rollout_corr/kl:0.0026819021441042423 - rollout_corr/k3_kl:0.0026122257113456726 - rollout_corr/rollout_ppl:2.7880172729492188 - rollout_corr/rollout_log_ppl:1.0056263208389282 - rollout_corr/log_ppl_diff:0.002628345275297761 - rollout_corr/log_ppl_abs_diff:0.003742857137694955 - rollout_corr/log_ppl_diff_max:0.01778995990753174 - rollout_corr/log_ppl_diff_min:-0.007949531078338623 - rollout_corr/ppl_ratio:1.002639651298523 - rollout_corr/chi2_token:0.005249142646789551 - rollout_corr/chi2_seq:4.221007823944092 - actor/pg_clipfrac:np.float64(0.0) - actor/ppo_kl:np.float64(0.0) - actor/pg_clipfrac_lower:np.float64(0.0) - actor/pg_loss:np.float64(-0.019890321826096624) - actor/kl_loss:np.float64(0.002723777161008911) - actor/kl_coef:np.float64(0.0010000000000000002) - actor/loss:np.float64(-0.019887596368789673) - actor/grad_norm:np.float64(0.05758253484964371) - actor/lr:np.float64(1e-05) - actor/perf/max_memory_allocated_gb:np.float64(39.22479486465454) - actor/perf/max_memory_reserved_gb:np.float64(42.236328125) - actor/perf/cpu_memory_used_gb:np.float64(102.90196990966797) - perf/mfu/actor:np.float64(0.3368833916524811) - training/global_step:94 - training/epoch:0 - critic/score/mean:1.29150390625 - critic/score/max:2.4705562591552734 - critic/score/min:0.5 - critic/rewards/mean:1.29150390625 - critic/rewards/max:2.4705562591552734 - critic/rewards/min:0.5 - critic/advantages/mean:0.019890306517481804 - critic/advantages/max:3.269192934036255 - critic/advantages/min:-2.6752099990844727 - critic/returns/mean:0.019890306517481804 - critic/returns/max:3.269192934036255 - critic/returns/min:-2.6752099990844727 - response_length/mean:3196.328125 - response_length/max:3475.0 - response_length/min:2554.0 - response_length/clip_ratio:0.0 - response_length_non_aborted/mean:3196.328125 - response_length_non_aborted/max:3475.0 - response_length_non_aborted/min:2554.0 - response_length_non_aborted/clip_ratio:0.0 - response/aborted_ratio:0.0 - prompt_length/mean:3989.75 - prompt_length/max:4139.0 - prompt_length/min:3933.0 - prompt_length/clip_ratio:0.0 - num_turns/min:np.int32(4) - num_turns/max:np.int32(4) - num_turns/mean:np.float64(4.0) - timing_s/start_profile:6.188603583723307e-05 - timing_s/agent_loop/num_preempted/min:np.int64(-1) - timing_s/agent_loop/num_preempted/max:np.int64(-1) - timing_s/agent_loop/num_preempted/mean:np.float64(-1.0) - timing_s/agent_loop/generate_sequences/min:np.float64(54.41944424097892) - timing_s/agent_loop/generate_sequences/max:np.float64(120.43180567398667) - timing_s/agent_loop/generate_sequences/mean:np.float64(104.2051087335376) - timing_s/agent_loop/tool_calls/min:np.float64(0.06211072497535497) - timing_s/agent_loop/tool_calls/max:np.float64(0.7641219040378928) - timing_s/agent_loop/tool_calls/mean:np.float64(0.13586496967764106) - timing_s/agent_loop/compute_score/min:np.float64(0.33005092199891806) - timing_s/agent_loop/compute_score/max:np.float64(6.183383002993651) - timing_s/agent_loop/compute_score/mean:np.float64(2.110311919889682) - timing_s/agent_loop/slowest/generate_sequences:np.float64(120.43180567398667) - timing_s/agent_loop/slowest/tool_calls:np.float64(0.08970826806034893) - timing_s/agent_loop/slowest/compute_score:np.float64(1.8086141109233722) - timing_s/agent_loop/slowest/num_preempted:np.int64(-1) - timing_s/agent_loop/slowest/prompt_length:3952 - timing_s/agent_loop/slowest/response_length:3327 - timing_s/gen:150.01609524700325 - timing_s/reward:0.0007955370238050818 - timing_s/old_log_prob:139.54881862003822 - timing_s/ref:134.71968553296756 - timing_s/adv:0.1707466549705714 - timing_s/update_actor:325.0389789699111 - timing_s/update_weights:3.9855912199709564 - timing_s/dump_rollout_generations:0.33012349996715784 - timing_s/step:753.9811578040244 - timing_s/stop_profile:3.858900163322687e-05 - timing_per_token_ms/update_actor:0.3533731444371725 - timing_per_token_ms/ref:0.14646341508099164 - timing_per_token_ms/adv:0.00018563091282250554 - timing_per_token_ms/gen:0.3666709731552398 - perf/total_num_tokens:919818 - perf/time_per_step:753.9811578040244 - perf/throughput:1219.9482579630724[36m(TaskRunner pid=928819)[0m Training Progress:  71%|███████   | 94/133 [17:20:51<8:17:39, 765.62s/it]
[36m(TaskRunner pid=928819)[0m Training Progress:  71%|███████▏  | 95/133 [17:33:29<8:03:24, 763.28s/it]

[36m(TaskRunner pid=928819)[0m Dumped generations to /home/yw4636/agentic-tvg/results/grpo-v2/rollouts/95.jsonl
[36m(TaskRunner pid=928819)[0m step:95 - global_seqlen/min:926638 - global_seqlen/max:926638 - global_seqlen/minmax_diff:0 - global_seqlen/balanced_min:926638 - global_seqlen/balanced_max:926638 - global_seqlen/mean:926638.0 - actor/entropy:1.0127723217010498 - perf/mfu/actor_infer:0.3051013466552132 - training/rollout_probs_diff_valid:1 - training/rollout_probs_diff_max:0.2347327470779419 - training/rollout_probs_diff_mean:0.00883258692920208 - training/rollout_probs_diff_std:0.013577230274677277 - training/rollout_actor_probs_pearson_corr:0.9990412592887878 - rollout_corr/training_ppl:2.764244794845581 - rollout_corr/training_log_ppl:0.9942495822906494 - rollout_corr/kl:0.0021721208468079567 - rollout_corr/k3_kl:0.0023313690908253193 - rollout_corr/rollout_ppl:2.7582664489746094 - rollout_corr/rollout_log_ppl:0.992091178894043 - rollout_corr/log_ppl_diff:0.002158378018066287 - rollout_corr/log_ppl_abs_diff:0.00333036738447845 - rollout_corr/log_ppl_diff_max:0.018043160438537598 - rollout_corr/log_ppl_diff_min:-0.006630897521972656 - rollout_corr/ppl_ratio:1.0021673440933228 - rollout_corr/chi2_token:0.005169510841369629 - rollout_corr/chi2_seq:4.588891983032227 - actor/pg_clipfrac:np.float64(0.0) - actor/ppo_kl:np.float64(0.0) - actor/pg_clipfrac_lower:np.float64(0.0) - actor/pg_loss:np.float64(0.0005584507453022525) - actor/kl_loss:np.float64(0.002865347149054287) - actor/kl_coef:np.float64(0.0010000000000000002) - actor/loss:np.float64(0.0005613220855593681) - actor/grad_norm:np.float64(0.06026774272322655) - actor/lr:np.float64(1e-05) - actor/perf/max_memory_allocated_gb:np.float64(39.22479486465454) - actor/perf/max_memory_reserved_gb:np.float64(42.236328125) - actor/perf/cpu_memory_used_gb:np.float64(103.24215698242188) - perf/mfu/actor:np.float64(0.3384802703254336) - training/global_step:95 - training/epoch:0 - critic/score/mean:1.3173956871032715 - critic/score/max:2.5 - critic/score/min:0.3333333432674408 - critic/rewards/mean:1.3173956871032715 - critic/rewards/max:2.5 - critic/rewards/min:0.3333333432674408 - critic/advantages/mean:-0.0005584753816947341 - critic/advantages/max:3.022177219390869 - critic/advantages/min:-3.1699678897857666 - critic/returns/mean:-0.0005584753816947341 - critic/returns/max:3.022177219390869 - critic/returns/min:-3.1699678897857666 - response_length/mean:3277.609375 - response_length/max:3636.0 - response_length/min:3015.0 - response_length/clip_ratio:0.0 - response_length_non_aborted/mean:3277.609375 - response_length_non_aborted/max:3636.0 - response_length_non_aborted/min:3015.0 - response_length_non_aborted/clip_ratio:0.0 - response/aborted_ratio:0.0 - prompt_length/mean:3961.75 - prompt_length/max:4134.0 - prompt_length/min:3922.0 - prompt_length/clip_ratio:0.0 - num_turns/min:np.int32(4) - num_turns/max:np.int32(4) - num_turns/mean:np.float64(4.0) - timing_s/start_profile:5.96559839323163e-05 - timing_s/agent_loop/num_preempted/min:np.int64(-1) - timing_s/agent_loop/num_preempted/max:np.int64(-1) - timing_s/agent_loop/num_preempted/mean:np.float64(-1.0) - timing_s/agent_loop/generate_sequences/min:np.float64(68.3038659109734) - timing_s/agent_loop/generate_sequences/max:np.float64(114.82049499393906) - timing_s/agent_loop/generate_sequences/mean:np.float64(101.72280294539178) - timing_s/agent_loop/tool_calls/min:np.float64(0.06792791408952326) - timing_s/agent_loop/tool_calls/max:np.float64(0.7828893279656768) - timing_s/agent_loop/tool_calls/mean:np.float64(0.1645598880659236) - timing_s/agent_loop/compute_score/min:np.float64(0.3222133159870282) - timing_s/agent_loop/compute_score/max:np.float64(9.729474556050263) - timing_s/agent_loop/compute_score/mean:np.float64(1.9218829848841779) - timing_s/agent_loop/slowest/generate_sequences:np.float64(112.91542601201218) - timing_s/agent_loop/slowest/tool_calls:np.float64(0.23307039903011173) - timing_s/agent_loop/slowest/compute_score:np.float64(9.729474556050263) - timing_s/agent_loop/slowest/num_preempted:np.int64(-1) - timing_s/agent_loop/slowest/prompt_length:3922 - timing_s/agent_loop/slowest/response_length:3346 - timing_s/gen:148.02406199404504 - timing_s/reward:0.0005115779349580407 - timing_s/old_log_prob:142.418552216026 - timing_s/ref:133.2928541849833 - timing_s/adv:0.17129543493501842 - timing_s/update_actor:328.4385799469892 - timing_s/update_weights:4.039910527993925 - timing_s/dump_rollout_generations:0.2852191269630566 - timing_s/step:756.8379327430157 - timing_s/stop_profile:4.824798088520765e-05 - timing_per_token_ms/update_actor:0.3544410869692255 - timing_per_token_ms/ref:0.1438456594538356 - timing_per_token_ms/adv:0.00018485690737377316 - timing_per_token_ms/gen:0.35282971581336686 - perf/total_num_tokens:926638 - perf/time_per_step:756.8379327430157 - perf/throughput:1224.3545941752366
[36m(TaskRunner pid=928819)[0m Dumped generations to /home/yw4636/agentic-tvg/results/grpo-v2/rollouts/96.jsonl
[36m(TaskRunner pid=928819)[0m step:96 - global_seqlen/min:915073 - global_seqlen/max:915073 - global_seqlen/minmax_diff:0 - global_seqlen/balanced_min:915073 - global_seqlen/balanced_max:915073 - global_seqlen/mean:915073.0 - actor/entropy:1.043534517288208 - perf/mfu/actor_infer:0.30282506776249135 - training/rollout_probs_diff_valid:1 - training/rollout_probs_diff_max:0.30524712800979614 - training/rollout_probs_diff_mean:0.009364417754113674 - training/rollout_probs_diff_std:0.014500060118734837 - training/rollout_actor_probs_pearson_corr:0.998910129070282 - rollout_corr/training_ppl:2.956479072570801 - rollout_corr/training_log_ppl:1.0136277675628662 - rollout_corr/kl:0.002828445518389344 - rollout_corr/k3_kl:0.0026597122196108103 - rollout_corr/rollout_ppl:2.9479010105133057 - rollout_corr/rollout_log_ppl:1.0108633041381836 - rollout_corr/log_ppl_diff:0.0027644173242151737 - rollout_corr/log_ppl_abs_diff:0.003712927456945181 - rollout_corr/log_ppl_diff_max:0.014736473560333252 - rollout_corr/log_ppl_diff_min:-0.006513833999633789 - rollout_corr/ppl_ratio:1.002776026725769 - rollout_corr/chi2_token:0.005158662796020508 - rollout_corr/chi2_seq:3.4120240211486816 - actor/pg_clipfrac:np.float64(0.0) - actor/ppo_kl:np.float64(0.0) - actor/pg_clipfrac_lower:np.float64(0.0) - actor/pg_loss:np.float64(-0.014195484400261194) - actor/kl_loss:np.float64(0.003122367270407267) - actor/kl_coef:np.float64(0.0010000000000000002) - actor/loss:np.float64(-0.014192361384630203) - actor/grad_norm:np.float64(0.0611128956079483) - actor/lr:np.float64(1e-05) - actor/perf/max_memory_allocated_gb:np.float64(39.22479486465454) - actor/perf/max_memory_reserved_gb:np.float64(42.236328125) - actor/perf/cpu_memory_used_gb:np.float64(102.76702117919922) - perf/mfu/actor:np.float64(0.33970547731555617) - training/global_step:96 - training/epoch:0 - critic/score/mean:1.3359864950180054 - critic/score/max:2.42513370513916 - critic/score/min:0.5 - critic/rewards/mean:1.3359864950180054 - critic/rewards/max:2.42513370513916 - critic/rewards/min:0.5 - critic/advantages/mean:0.014195473864674568 - critic/advantages/max:2.2095701694488525 - critic/advantages/min:-2.156266450881958 - critic/returns/mean:0.014195473864674568 - critic/returns/max:2.2095701694488525 - critic/returns/min:-2.156266450881958 - response_length/mean:3192.3828125 - response_length/max:3668.0 - response_length/min:2662.0 - response_length/clip_ratio:0.0 - response_length_non_aborted/mean:3192.3828125 - response_length_non_aborted/max:3668.0 - response_length_non_aborted/min:2662.0 - response_length_non_aborted/clip_ratio:0.0 - response/aborted_ratio:0.0 - prompt_length/mean:3956.625 - prompt_length/max:4135.0 - prompt_length/min:3633.0 - prompt_length/clip_ratio:0.0 - num_turns/min:np.int32(4) - num_turns/max:np.int32(4) - num_turns/mean:np.float64(4.0) - timing_s/start_profile:6.0398015193641186e-05 - timing_s/agent_loop/num_preempted/min:np.int64(-1) - timing_s/agent_loop/num_preempted/max:np.int64(-1) - timing_s/agent_loop/num_preempted/mean:np.float64(-1.0) - timing_s/agent_loop/generate_sequences/min:np.float64(62.56974180100951) - timing_s/agent_loop/generate_sequences/max:np.float64(115.1263329940848) - timing_s/agent_loop/generate_sequences/mean:np.float64(99.35730661884372) - timing_s/agent_loop/tool_calls/min:np.float64(0.0556969860335812) - timing_s/agent_loop/tool_calls/max:np.float64(1.3862875599879771) - timing_s/agent_loop/tool_calls/mean:np.float64(0.14869573187388596) - timing_s/agent_loop/compute_score/min:np.float64(0.32669321703724563) - timing_s/agent_loop/compute_score/max:np.float64(8.956139139947481) - timing_s/agent_loop/compute_score/mean:np.float64(1.9698943257444625) - timing_s/agent_loop/slowest/generate_sequences:np.float64(113.99931043712422) - timing_s/agent_loop/slowest/tool_calls:np.float64(0.22665548301301897) - timing_s/agent_loop/slowest/compute_score:np.float64(1.812675192952156) - timing_s/agent_loop/slowest/num_preempted:np.int64(-1) - timing_s/agent_loop/slowest/prompt_length:3957 - timing_s/agent_loop/slowest/response_length:3375 - timing_s/gen:143.99436839902773 - timing_s/reward:0.0005041580880060792 - timing_s/old_log_prob:139.65719949104823 - timing_s/ref:130.42888957599644 - timing_s/adv:0.1688645799877122 - timing_s/update_actor:317.9644542069873 - timing_s/update_weights:3.998917159042321 - timing_s/dump_rollout_generations:0.2824475649977103 - timing_s/step:736.6438607280143 - timing_s/stop_profile:4.9322028644382954e-05 - timing_per_token_ms/update_actor:0.34747441374293336 - timing_per_token_ms/ref:0.14253386295519202 - timing_per_token_ms/adv:0.0001845367309359059 - timing_per_token_ms/gen:0.3523875641456782 - perf/total_num_tokens:915073 - perf/time_per_step:736.6438607280143 - perf/throughput:1242.2189999596912[36m(TaskRunner pid=928819)[0m Training Progress:  72%|███████▏  | 96/133 [17:45:46<7:45:58, 755.63s/it]
[36m(TaskRunner pid=928819)[0m Training Progress:  73%|███████▎  | 97/133 [17:58:15<7:32:01, 753.36s/it]

[36m(TaskRunner pid=928819)[0m Dumped generations to /home/yw4636/agentic-tvg/results/grpo-v2/rollouts/97.jsonl
[36m(TaskRunner pid=928819)[0m step:97 - global_seqlen/min:920724 - global_seqlen/max:920724 - global_seqlen/minmax_diff:0 - global_seqlen/balanced_min:920724 - global_seqlen/balanced_max:920724 - global_seqlen/mean:920724.0 - actor/entropy:1.0441464185714722 - perf/mfu/actor_infer:0.3035180527379023 - training/rollout_probs_diff_valid:1 - training/rollout_probs_diff_max:0.5373179316520691 - training/rollout_probs_diff_mean:0.009271747432649136 - training/rollout_probs_diff_std:0.014638876542448997 - training/rollout_actor_probs_pearson_corr:0.9989106059074402 - rollout_corr/training_ppl:2.834120988845825 - rollout_corr/training_log_ppl:1.0214462280273438 - rollout_corr/kl:0.00280136801302433 - rollout_corr/k3_kl:0.002701636403799057 - rollout_corr/rollout_ppl:2.826500415802002 - rollout_corr/rollout_log_ppl:1.0187973976135254 - rollout_corr/log_ppl_diff:0.0026487698778510094 - rollout_corr/log_ppl_abs_diff:0.0035631894133985043 - rollout_corr/log_ppl_diff_max:0.013082146644592285 - rollout_corr/log_ppl_diff_min:-0.006366133689880371 - rollout_corr/ppl_ratio:1.0026590824127197 - rollout_corr/chi2_token:0.005280971527099609 - rollout_corr/chi2_seq:1.1606738567352295 - actor/pg_clipfrac:np.float64(0.0) - actor/ppo_kl:np.float64(0.0) - actor/pg_clipfrac_lower:np.float64(0.0) - actor/pg_loss:np.float64(0.06035168976086425) - actor/kl_loss:np.float64(0.0030771868623560295) - actor/kl_coef:np.float64(0.0010000000000000002) - actor/loss:np.float64(0.060354769229888916) - actor/grad_norm:np.float64(0.06390548497438431) - actor/lr:np.float64(1e-05) - actor/perf/max_memory_allocated_gb:np.float64(39.22479486465454) - actor/perf/max_memory_reserved_gb:np.float64(42.236328125) - actor/perf/cpu_memory_used_gb:np.float64(103.98794174194336) - perf/mfu/actor:np.float64(0.33915507650660454) - training/global_step:97 - training/epoch:0 - critic/score/mean:1.3052759170532227 - critic/score/max:2.205263137817383 - critic/score/min:0.5 - critic/rewards/mean:1.3052759170532227 - critic/rewards/max:2.205263137817383 - critic/rewards/min:0.5 - critic/advantages/mean:-0.06035169959068298 - critic/advantages/max:3.081796884536743 - critic/advantages/min:-2.4402384757995605 - critic/returns/mean:-0.06035169959068298 - critic/returns/max:3.081796884536743 - critic/returns/min:-2.4402384757995605 - response_length/mean:3200.15625 - response_length/max:3649.0 - response_length/min:549.0 - response_length/clip_ratio:0.0 - response_length_non_aborted/mean:3200.15625 - response_length_non_aborted/max:3649.0 - response_length_non_aborted/min:549.0 - response_length_non_aborted/clip_ratio:0.0 - response/aborted_ratio:0.0 - prompt_length/mean:3993.0 - prompt_length/max:4152.0 - prompt_length/min:3935.0 - prompt_length/clip_ratio:0.0 - num_turns/min:np.int32(4) - num_turns/max:np.int32(4) - num_turns/mean:np.float64(4.0) - timing_s/start_profile:6.588699761778116e-05 - timing_s/agent_loop/num_preempted/min:np.int64(-1) - timing_s/agent_loop/num_preempted/max:np.int64(-1) - timing_s/agent_loop/num_preempted/mean:np.float64(-1.0) - timing_s/agent_loop/generate_sequences/min:np.float64(59.114242395036854) - timing_s/agent_loop/generate_sequences/max:np.float64(116.9404170110356) - timing_s/agent_loop/generate_sequences/mean:np.float64(100.40390453239434) - timing_s/agent_loop/tool_calls/min:np.float64(9.764009155333042e-05) - timing_s/agent_loop/tool_calls/max:np.float64(1.4096834430238232) - timing_s/agent_loop/tool_calls/mean:np.float64(0.14831296880674927) - timing_s/agent_loop/compute_score/min:np.float64(0.245009574922733) - timing_s/agent_loop/compute_score/max:np.float64(5.664594669942744) - timing_s/agent_loop/compute_score/mean:np.float64(1.7414763169153957) - timing_s/agent_loop/slowest/generate_sequences:np.float64(116.9404170110356) - timing_s/agent_loop/slowest/tool_calls:np.float64(0.08061846706550568) - timing_s/agent_loop/slowest/compute_score:np.float64(2.024851994938217) - timing_s/agent_loop/slowest/num_preempted:np.int64(-1) - timing_s/agent_loop/slowest/prompt_length:3935 - timing_s/agent_loop/slowest/response_length:3649 - timing_s/gen:146.0075788180111 - timing_s/reward:0.0004559820517897606 - timing_s/old_log_prob:139.5167491310276 - timing_s/ref:132.88137354899663 - timing_s/adv:0.1638972790678963 - timing_s/update_actor:324.8844963000156 - timing_s/update_weights:4.042110522044823 - timing_s/dump_rollout_generations:0.34254599595442414 - timing_s/step:748.0106346360408 - timing_s/stop_profile:4.757195711135864e-05 - timing_per_token_ms/update_actor:0.35285763844541423 - timing_per_token_ms/ref:0.14432269990680882 - timing_per_token_ms/adv:0.0001780091309316324 - timing_per_token_ms/gen:0.35644641086375445 - perf/total_num_tokens:920724 - perf/time_per_step:748.0106346360408 - perf/throughput:1230.8969383142478
[36m(TaskRunner pid=928819)[0m Dumped generations to /home/yw4636/agentic-tvg/results/grpo-v2/rollouts/98.jsonl
[36m(TaskRunner pid=928819)[0m step:98 - global_seqlen/min:911145 - global_seqlen/max:911145 - global_seqlen/minmax_diff:0 - global_seqlen/balanced_min:911145 - global_seqlen/balanced_max:911145 - global_seqlen/mean:911145.0 - actor/entropy:0.9800214767456055 - perf/mfu/actor_infer:0.3037027562302574 - training/rollout_probs_diff_valid:1 - training/rollout_probs_diff_max:0.22129502892494202 - training/rollout_probs_diff_mean:0.009603518061339855 - training/rollout_probs_diff_std:0.014717617072165012 - training/rollout_actor_probs_pearson_corr:0.9988494515419006 - rollout_corr/training_ppl:2.671929359436035 - rollout_corr/training_log_ppl:0.9659721255302429 - rollout_corr/kl:0.00219817110337317 - rollout_corr/k3_kl:0.002760084345936775 - rollout_corr/rollout_ppl:2.6660776138305664 - rollout_corr/rollout_log_ppl:0.963736355304718 - rollout_corr/log_ppl_diff:0.002235689200460911 - rollout_corr/log_ppl_abs_diff:0.003669681027531624 - rollout_corr/log_ppl_diff_max:0.010740220546722412 - rollout_corr/log_ppl_diff_min:-0.009746789932250977 - rollout_corr/ppl_ratio:1.0022456645965576 - rollout_corr/chi2_token:0.006919503211975098 - rollout_corr/chi2_seq:111.5611572265625 - actor/pg_clipfrac:np.float64(0.0) - actor/ppo_kl:np.float64(0.0) - actor/pg_clipfrac_lower:np.float64(0.0) - actor/pg_loss:np.float64(0.0032844915403984487) - actor/kl_loss:np.float64(0.0034811651130439714) - actor/kl_coef:np.float64(0.0010000000000000002) - actor/loss:np.float64(0.003287969157099724) - actor/grad_norm:np.float64(0.06544257700443268) - actor/lr:np.float64(1e-05) - actor/perf/max_memory_allocated_gb:np.float64(39.22479486465454) - actor/perf/max_memory_reserved_gb:np.float64(42.236328125) - actor/perf/cpu_memory_used_gb:np.float64(103.64135360717773) - perf/mfu/actor:np.float64(0.3390451523972929) - training/global_step:98 - training/epoch:0 - critic/score/mean:1.570529580116272 - critic/score/max:2.357142925262451 - critic/score/min:0.5 - critic/rewards/mean:1.570529580116272 - critic/rewards/max:2.357142925262451 - critic/rewards/min:0.5 - critic/advantages/mean:-0.003284487407654524 - critic/advantages/max:2.8893790245056152 - critic/advantages/min:-3.7093403339385986 - critic/returns/mean:-0.003284487407654524 - critic/returns/max:2.8893790245056152 - critic/returns/min:-3.7093403339385986 - response_length/mean:3187.8203125 - response_length/max:3513.0 - response_length/min:2646.0 - response_length/clip_ratio:0.0 - response_length_non_aborted/mean:3187.8203125 - response_length_non_aborted/max:3513.0 - response_length_non_aborted/min:2646.0 - response_length_non_aborted/clip_ratio:0.0 - response/aborted_ratio:0.0 - prompt_length/mean:3930.5 - prompt_length/max:4136.0 - prompt_length/min:3630.0 - prompt_length/clip_ratio:0.0 - num_turns/min:np.int32(4) - num_turns/max:np.int32(4) - num_turns/mean:np.float64(4.0) - timing_s/start_profile:6.450701039284468e-05 - timing_s/agent_loop/num_preempted/min:np.int64(-1) - timing_s/agent_loop/num_preempted/max:np.int64(-1) - timing_s/agent_loop/num_preempted/mean:np.float64(-1.0) - timing_s/agent_loop/generate_sequences/min:np.float64(57.73834845505189) - timing_s/agent_loop/generate_sequences/max:np.float64(116.58323932997882) - timing_s/agent_loop/generate_sequences/mean:np.float64(101.19070821627429) - timing_s/agent_loop/tool_calls/min:np.float64(0.06050955899991095) - timing_s/agent_loop/tool_calls/max:np.float64(0.8608624689513817) - timing_s/agent_loop/tool_calls/mean:np.float64(0.152241172218055) - timing_s/agent_loop/compute_score/min:np.float64(0.2886077439179644) - timing_s/agent_loop/compute_score/max:np.float64(19.73732438799925) - timing_s/agent_loop/compute_score/mean:np.float64(1.8842777023764938) - timing_s/agent_loop/slowest/generate_sequences:np.float64(111.1828378350474) - timing_s/agent_loop/slowest/tool_calls:np.float64(0.09347391501069069) - timing_s/agent_loop/slowest/compute_score:np.float64(19.73732438799925) - timing_s/agent_loop/slowest/num_preempted:np.int64(-1) - timing_s/agent_loop/slowest/prompt_length:3940 - timing_s/agent_loop/slowest/response_length:3330 - timing_s/gen:150.03764790704008 - timing_s/reward:0.00039277097675949335 - timing_s/old_log_prob:141.37634056806564 - timing_s/ref:131.67426077101845 - timing_s/adv:0.1672904179431498 - timing_s/update_actor:316.7987778959796 - timing_s/update_weights:4.0067050739889964 - timing_s/dump_rollout_generations:0.32028588198591024 - timing_s/step:744.5456610800466 - timing_s/stop_profile:5.007500294595957e-05 - timing_per_token_ms/update_actor:0.34769304325434436 - timing_per_token_ms/ref:0.1445151548557238 - timing_per_token_ms/adv:0.00018360460513216866 - timing_per_token_ms/gen:0.36770238262096233 - perf/total_num_tokens:911145 - perf/time_per_step:744.5456610800466 - perf/throughput:1223.7597337929315[36m(TaskRunner pid=928819)[0m Training Progress:  74%|███████▎  | 98/133 [18:10:40<7:18:03, 750.97s/it]
[36m(TaskRunner pid=928819)[0m Training Progress:  74%|███████▍  | 99/133 [18:23:09<7:05:15, 750.45s/it]
[33m(raylet)[0m [2026-09-02 22:43:46,092 E 925095 925095] (raylet) node_manager.cc:3496: 7 Workers (tasks / actors) killed due to memory pressure (OOM), 0 Workers crashed due to other reasons at node (ID: 3ae97b1a5484cc19e3a3ec92d3ef05bde140781d7b6411066bdc73f9, IP: 10.110.2.5) over the last time period. To see more information about the Workers killed on this node, use `ray logs raylet.out -ip 10.110.2.5`
[33m(raylet)[0m 
[33m(raylet)[0m Refer to the documentation on how to address the out of memory issue: https://docs.ray.io/en/latest/ray-observability/user-guides/debug-apps/debug-memory.html. Consider provisioning more memory on this node or reducing task parallelism by requesting more CPUs per task. To adjust the kill threshold, set the environment variable `RAY_memory_usage_threshold` when starting Ray. To disable worker killing, set the environment variable `RAY_memory_monitor_refresh_ms` to zero. Since 2.56, Ray updated the oom killing policy to enabling killing multiple workers and selecting workers based on the time since the task start executing. To revert to the legacy policy of determining worker to oom kill based on owner group size or only selecting a single worker to kill at a time, set the environment variable `RAY_worker_killing_policy_by_group` to true before starting Ray. If the idle workers have a non-trivial memory footprint at the time of OOM (check OOM log for non-selected idle workers), consider setting the environment variable `RAY_idle_worker_killing_memory_threshold_bytes` to a lower value to consider idle workers with lower memory footprint for killing.
[36m(WorkerDict pid=929276)[0m /home/yw4636/.conda/envs/verl/lib/python3.12/site-packages/verl/plugin/platform/platform_cuda.py:99: FutureWarning: torch.cuda._set_allocator_settings is deprecated. Use torch._C._accelerator_setAllocatorSettings instead.
[36m(WorkerDict pid=929276)[0m   torch.cuda.memory._set_allocator_settings(settings)

[36m(TaskRunner pid=928819)[0m Dumped generations to /home/yw4636/agentic-tvg/results/grpo-v2/rollouts/99.jsonl
[36m(TaskRunner pid=928819)[0m step:99 - global_seqlen/min:925455 - global_seqlen/max:925455 - global_seqlen/minmax_diff:0 - global_seqlen/balanced_min:925455 - global_seqlen/balanced_max:925455 - global_seqlen/mean:925455.0 - actor/entropy:0.9946359992027283 - perf/mfu/actor_infer:0.3034170071498428 - training/rollout_probs_diff_valid:1 - training/rollout_probs_diff_max:0.30473875999450684 - training/rollout_probs_diff_mean:0.00963998306542635 - training/rollout_probs_diff_std:0.014888083562254906 - training/rollout_actor_probs_pearson_corr:0.9988443851470947 - rollout_corr/training_ppl:2.7278387546539307 - rollout_corr/training_log_ppl:0.9840071797370911 - rollout_corr/kl:0.003008343279361725 - rollout_corr/k3_kl:0.0029978661332279444 - rollout_corr/rollout_ppl:2.719613790512085 - rollout_corr/rollout_log_ppl:0.9810488820075989 - rollout_corr/log_ppl_diff:0.002958224155008793 - rollout_corr/log_ppl_abs_diff:0.0038453619927167892 - rollout_corr/log_ppl_diff_max:0.017719268798828125 - rollout_corr/log_ppl_diff_min:-0.005476713180541992 - rollout_corr/ppl_ratio:1.0029710531234741 - rollout_corr/chi2_token:0.006194472312927246 - rollout_corr/chi2_seq:1.0644657611846924 - actor/pg_clipfrac:np.float64(0.0) - actor/ppo_kl:np.float64(0.0) - actor/pg_clipfrac_lower:np.float64(0.0) - actor/pg_loss:np.float64(-0.02744182921014726) - actor/kl_loss:np.float64(0.0034626345659489743) - actor/kl_coef:np.float64(0.0010000000000000002) - actor/loss:np.float64(-0.027438364923000336) - actor/grad_norm:np.float64(0.06631914526224136) - actor/lr:np.float64(1e-05) - actor/perf/max_memory_allocated_gb:np.float64(39.22479486465454) - actor/perf/max_memory_reserved_gb:np.float64(42.236328125) - actor/perf/cpu_memory_used_gb:np.float64(120.2897720336914) - perf/mfu/actor:np.float64(0.33887326448234834) - training/global_step:99 - training/epoch:0 - critic/score/mean:1.5455963611602783 - critic/score/max:2.4820313453674316 - critic/score/min:0.5 - critic/rewards/mean:1.5455963611602783 - critic/rewards/max:2.4820313453674316 - critic/rewards/min:0.5 - critic/advantages/mean:0.02744183875620365 - critic/advantages/max:2.554863214492798 - critic/advantages/min:-3.084529399871826 - critic/returns/mean:0.02744183875620365 - critic/returns/max:2.554863214492798 - critic/returns/min:-3.084529399871826 - response_length/mean:3238.7421875 - response_length/max:3581.0 - response_length/min:3007.0 - response_length/clip_ratio:0.0 - response_length_non_aborted/mean:3238.7421875 - response_length_non_aborted/max:3581.0 - response_length_non_aborted/min:3007.0 - response_length_non_aborted/clip_ratio:0.0 - response/aborted_ratio:0.0 - prompt_length/mean:3991.375 - prompt_length/max:4140.0 - prompt_length/min:3934.0 - prompt_length/clip_ratio:0.0 - num_turns/min:np.int32(4) - num_turns/max:np.int32(4) - num_turns/mean:np.float64(4.0) - timing_s/start_profile:7.063092198222876e-05 - timing_s/agent_loop/num_preempted/min:np.int64(-1) - timing_s/agent_loop/num_preempted/max:np.int64(-1) - timing_s/agent_loop/num_preempted/mean:np.float64(-1.0) - timing_s/agent_loop/generate_sequences/min:np.float64(68.73903792595956) - timing_s/agent_loop/generate_sequences/max:np.float64(122.41803507006261) - timing_s/agent_loop/generate_sequences/mean:np.float64(105.28265645634747) - timing_s/agent_loop/tool_calls/min:np.float64(0.062334921094588935) - timing_s/agent_loop/tool_calls/max:np.float64(0.7550568949664012) - timing_s/agent_loop/tool_calls/mean:np.float64(0.1518048544476187) - timing_s/agent_loop/compute_score/min:np.float64(0.3163916930789128) - timing_s/agent_loop/compute_score/max:np.float64(4.033857051981613) - timing_s/agent_loop/compute_score/mean:np.float64(1.761441819287029) - timing_s/agent_loop/slowest/generate_sequences:np.float64(122.41803507006261) - timing_s/agent_loop/slowest/tool_calls:np.float64(0.25431031500920653) - timing_s/agent_loop/slowest/compute_score:np.float64(3.6565891249338165) - timing_s/agent_loop/slowest/num_preempted:np.int64(-1) - timing_s/agent_loop/slowest/prompt_length:3941 - timing_s/agent_loop/slowest/response_length:3581 - timing_s/gen:149.94695756793953 - timing_s/reward:0.0004522079834714532 - timing_s/old_log_prob:141.00943288998678 - timing_s/ref:131.59203832002822 - timing_s/adv:0.18640515604056418 - timing_s/update_actor:321.9110896649072 - timing_s/update_weights:4.028020001016557 - timing_s/dump_rollout_generations:0.3310696770204231 - timing_s/step:749.173635627958 - timing_s/stop_profile:5.0264992751181126e-05 - timing_per_token_ms/update_actor:0.34784088871409974 - timing_per_token_ms/ref:0.14219172009447054 - timing_per_token_ms/adv:0.00020142001074127233 - timing_per_token_ms/gen:0.3617023332455441 - perf/total_num_tokens:925455 - perf/time_per_step:749.173635627958 - perf/throughput:1235.301078399913
[36m(TaskRunner pid=928819)[0m local_global_step_folder: /home/yw4636/agentic-tvg/results/grpo-v2/ckpt/global_step_100
[36m(WorkerDict pid=929276)[0m Checkpoint manager remove previous save local path: /home/yw4636/agentic-tvg/results/grpo-v2/ckpt/global_step_80/actor
[36m(TaskRunner pid=928819)[0m Dumped generations to /home/yw4636/agentic-tvg/results/grpo-v2/rollouts/100.jsonl
[36m(TaskRunner pid=928819)[0m test_gen_batch meta info: {'eos_token_id': 151645, 'pad_token_id': 151643, 'recompute_log_prob': False, 'do_sample': False, 'validate': True, 'global_steps': 100}
Error executing job with overrides: ['algorithm.adv_estimator=grpo', '+ray_kwargs.ray_init.object_store_memory=25769803776', 'algorithm.use_kl_in_reward=False', 'data.train_files=/home/yw4636/agentic-tvg/data/processed/rl_train.parquet', 'data.val_files=/home/yw4636/agentic-tvg/data/processed/rl_val.parquet', 'data.return_raw_chat=True', 'data.train_batch_size=8', 'data.max_prompt_length=4608', 'data.max_response_length=16384', 'data.filter_overlong_prompts=False', 'data.truncation=error', 'data.image_patch_size=16', 'actor_rollout_ref.model.path=/home/yw4636/agentic-tvg/results/sft-mix/merged', 'actor_rollout_ref.model.use_remove_padding=True', 'actor_rollout_ref.model.enable_gradient_checkpointing=True', 'actor_rollout_ref.model.lora_rank=16', 'actor_rollout_ref.model.lora_alpha=32', 'actor_rollout_ref.model.target_modules=all-linear', 'actor_rollout_ref.model.exclude_modules=.*visual.*', 'actor_rollout_ref.actor.strategy=fsdp2', 'actor_rollout_ref.actor.optim.lr=1e-5', 'actor_rollout_ref.actor.optim.lr_scheduler_type=constant', 'actor_rollout_ref.actor.optim.min_lr_ratio=0.1', 'actor_rollout_ref.actor.ppo_mini_batch_size=8', 'actor_rollout_ref.actor.use_dynamic_bsz=True', 'actor_rollout_ref.actor.ppo_max_token_len_per_gpu=24576', 'actor_rollout_ref.actor.use_kl_loss=True', 'actor_rollout_ref.actor.kl_loss_coef=0.001', 'actor_rollout_ref.actor.kl_loss_type=low_var_kl', 'actor_rollout_ref.actor.entropy_coeff=0', 'actor_rollout_ref.actor.fsdp_config.param_offload=False', 'actor_rollout_ref.actor.fsdp_config.optimizer_offload=False', 'actor_rollout_ref.rollout.name=vllm', 'actor_rollout_ref.rollout.mode=async', 'actor_rollout_ref.rollout.max_model_len=20992', 'actor_rollout_ref.rollout.tensor_model_parallel_size=1', 'actor_rollout_ref.rollout.gpu_memory_utilization=0.65', 'actor_rollout_ref.rollout.n=16', 'actor_rollout_ref.rollout.load_format=safetensors', 'actor_rollout_ref.rollout.layered_summon=True', '+actor_rollout_ref.rollout.limit_images=112', '+actor_rollout_ref.rollout.engine_kwargs.vllm.mm_processor_kwargs={max_pixels:150528}', 'actor_rollout_ref.rollout.enable_chunked_prefill=True', 'actor_rollout_ref.rollout.max_num_batched_tokens=24576', 'actor_rollout_ref.rollout.free_cache_engine=True', 'actor_rollout_ref.rollout.log_prob_use_dynamic_bsz=True', 'actor_rollout_ref.rollout.log_prob_max_token_len_per_gpu=24576', 'actor_rollout_ref.rollout.val_kwargs.do_sample=False', 'actor_rollout_ref.rollout.val_kwargs.temperature=0', 'actor_rollout_ref.rollout.multi_turn.enable=True', 'actor_rollout_ref.rollout.multi_turn.format=hermes', 'actor_rollout_ref.rollout.multi_turn.max_user_turns=3', 'actor_rollout_ref.rollout.multi_turn.max_assistant_turns=4', 'actor_rollout_ref.rollout.multi_turn.max_parallel_calls=1', 'actor_rollout_ref.rollout.multi_turn.max_tool_response_length=2048', 'actor_rollout_ref.rollout.multi_turn.tool_config_path=/home/yw4636/agentic-tvg/crop_video_tool.yaml', 'actor_rollout_ref.rollout.agent.default_agent_loop=tool_agent', 'reward.custom_reward_function.path=/home/yw4636/agentic-tvg/agentic_tvg/reward.py', 'reward.custom_reward_function.name=compute_score_qa2', 'trainer.use_v1=False', 'trainer.n_gpus_per_node=1', 'trainer.nnodes=1', 'trainer.logger=["console","tensorboard"]', 'trainer.project_name=agentic-tvg', 'trainer.experiment_name=grpo_v2', 'trainer.default_local_dir=/home/yw4636/agentic-tvg/results/grpo-v2/ckpt', 'trainer.rollout_data_dir=/home/yw4636/agentic-tvg/results/grpo-v2/rollouts', 'trainer.validation_data_dir=/home/yw4636/agentic-tvg/results/grpo-v2/val_rollouts', 'data.val_batch_size=2', 'trainer.val_before_train=True', '+trainer.max_actor_ckpt_to_keep=1', 'trainer.save_freq=20', 'trainer.test_freq=20', 'trainer.total_epochs=1']
Traceback (most recent call last):
  File "/home/yw4636/.conda/envs/verl/lib/python3.12/site-packages/verl/trainer/main_ppo.py", line 193, in main
    run_ppo(config, task_runner_class=TaskRunner)
  File "/home/yw4636/.conda/envs/verl/lib/python3.12/site-packages/verl/trainer/main_ppo.py", line 94, in run_ppo
    ray.get(runner.run.remote(config))
  File "/home/yw4636/.conda/envs/verl/lib/python3.12/site-packages/ray/_private/auto_init_hook.py", line 22, in auto_init_wrapper
    return fn(*args, **kwargs)
           ^^^^^^^^^^^^^^^^^^^
  File "/home/yw4636/.conda/envs/verl/lib/python3.12/site-packages/ray/_private/client_mode_hook.py", line 134, in wrapper
    return func(*args, **kwargs)
           ^^^^^^^^^^^^^^^^^^^^^
  File "/home/yw4636/.conda/envs/verl/lib/python3.12/site-packages/ray/_private/worker.py", line 2986, in get
    values, debugger_breakpoint = worker.get_objects(
                                  ^^^^^^^^^^^^^^^^^^^
  File "/home/yw4636/.conda/envs/verl/lib/python3.12/site-packages/ray/_private/worker.py", line 1050, in get_objects
    raise value.as_instanceof_cause()
ray.exceptions.RayTaskError(OutOfMemoryError): [36mray::TaskRunner.run()[39m (pid=928819, ip=10.110.2.5, actor_id=b0557a37a4e5053370187dbf01000000, repr=<verl.trainer.main_ppo_v0.TaskRunner object at 0x7f337befccb0>)
           ^^^^^^^^^^^^^^^^^^^^^^^^^^^^^^^^^^^^
           ^^^^^^^^^^^^^^^^^^^^^^^^^^^^^^^
  File "/home/yw4636/.conda/envs/verl/lib/python3.12/site-packages/verl/trainer/main_ppo_v0.py", line 234, in run
    trainer.fit()
  File "/home/yw4636/.conda/envs/verl/lib/python3.12/site-packages/verl/trainer/ppo/ray_trainer.py", line 1706, in fit
    val_metrics: dict = self._validate()
                        ^^^^^^^^^^^^^^^^
  File "/home/yw4636/.conda/envs/verl/lib/python3.12/site-packages/verl/trainer/ppo/ray_trainer.py", line 640, in _validate
    test_output_gen_batch_padded = self.async_rollout_manager.generate_sequences(test_gen_batch_padded)
                                   ^^^^^^^^^^^^^^^^^^^^^^^^^^^^^^^^^^^^^^^^^^^^^^^^^^^^^^^^^^^^^^^^^^^^
  File "/home/yw4636/.conda/envs/verl/lib/python3.12/site-packages/verl/utils/ray_utils.py", line 123, in wrapper
    return asyncio.run(coro)
           ^^^^^^^^^^^^^^^^^
  File "/home/yw4636/.conda/envs/verl/lib/python3.12/asyncio/runners.py", line 195, in run
    return runner.run(main)
           ^^^^^^^^^^^^^^^^
  File "/home/yw4636/.conda/envs/verl/lib/python3.12/asyncio/runners.py", line 118, in run
    return self._loop.run_until_complete(task)
           ^^^^^^^^^^^^^^^^^^^^^^^^^^^^^^^^^^^
  File "uvloop/loop.pyx", line 1518, in uvloop.loop.Loop.run_until_complete
  File "/home/yw4636/.conda/envs/verl/lib/python3.12/site-packages/verl/utils/skip/skip_manager.py", line 86, in async_wrapper
    return await func(*args, **kwargs_inner)
           ^^^^^^^^^^^^^^^^^^^^^^^^^^^^^^^^^
  File "/home/yw4636/.conda/envs/verl/lib/python3.12/site-packages/verl/experimental/agent_loop/agent_loop.py", line 1241, in generate_sequences
    outputs = await asyncio.gather(
              ^^^^^^^^^^^^^^^^^^^^^
  File "/home/yw4636/.conda/envs/verl/lib/python3.12/asyncio/tasks.py", line 684, in _wrap_awaitable
    return await awaitable
           ^^^^^^^^^^^^^^^
ray.exceptions.OutOfMemoryError: 7 worker(s) were killed due to the node running low on memory. Memory on the node (IP: 10.110.2.5, ID: 3ae97b1a5484cc19e3a3ec92d3ef05bde140781d7b6411066bdc73f9) was 183.74GB / 188.10GB (0.976826)
OOM kill reason: Memory usage 191999635456B exceeded threshold of 191867928576B (95.0% of 201966239744B total)
Object store memory usage: [- objects spillable: 0
- bytes spillable: 0
- objects unsealed: 0
- bytes unsealed: 0
- objects in use: 0
- bytes in use: 0
- objects evictable: 0
- bytes evictable: 0

- objects created by worker: 0
- bytes created by worker: 0
- objects restored: 0
- bytes restored: 0
- objects received: 0
- bytes received: 0
- objects errored: 0
- bytes errored: 0

Eviction Stats:
(global lru) capacity: 25769803776
(global lru) used: 0%
(global lru) num objects: 0
(global lru) num evictions: 0
(global lru) bytes evicted: 0]
Ray killed 7 worker(s) based on the killing policy
Considered workers: [
Selected to kill: (Worker with no lease granted: pid=929158, actual memory used=0.06GB, worker ID=a585ab61dc79e50f6aca31b7f8910e94de173545b763d4b959d56555)
Selected to kill: (Actor(385898eacb5568dd6ae6f9a801000000): job ID=01000000, lease ID=13000000997a69b821696538c6b0a4878be5ad453c699b2af93c27e05ba86d1c, task name=agent_loop_worker_7_6143555c:AgentLoopWorker.__init__, required resources={}, pid=931634, actual memory used=1.50GB, worker ID=4c058ba869b454b5d56f701001146228eedb8988f854443147ac5df6)
Selected to kill: (Actor(a7b297e719429edc8611ad1a01000000): job ID=01000000, lease ID=120000003661b8c2b5eb0b662ed087d4666dbe043dc5757f6f9b92622365f16c, task name=agent_loop_worker_6_590ee51d:AgentLoopWorker.__init__, required resources={}, pid=931632, actual memory used=1.45GB, worker ID=f655f6dd7c747680561ef5643ec3fc9c67a4684b96f31e8f8c3c6500)
Selected to kill: (Actor(97a32f783a9e761717ca2a2701000000): job ID=01000000, lease ID=1100000021dbd32bd41e89e2432273c34cfad3de8a98438534cab4fb31fb8c58, task name=agent_loop_worker_5_c4344018:AgentLoopWorker.__init__, required resources={}, pid=931631, actual memory used=1.46GB, worker ID=ee63be74c6f9fe555826c0ae5203d353aecfbfc3af9b855876588a62)
Selected to kill: (Actor(4b7429aaaeb72689b8d4d40401000000): job ID=01000000, lease ID=1000000094c01e0c7dfc06b825cbb725a4d14773adc6f47e21487819a6043f3e, task name=agent_loop_worker_4_794b69a0:AgentLoopWorker.__init__, required resources={}, pid=931630, actual memory used=1.53GB, worker ID=c1b254c1e8c4fd6e309397eb51a09d29c5dfd3fba97958a5db73f978)
Selected to kill: (Actor(e12535d8538b73a750b20a1b01000000): job ID=01000000, lease ID=0f000000764dcf048fbee902ab04f4819c9ac747dce57606e6bfbf3170949ea6, task name=agent_loop_worker_3_0f18e7f0:AgentLoopWorker.__init__, required resources={}, pid=931629, actual memory used=1.48GB, worker ID=8ca054645b1eb1d22cb22fb5eaa2eb9e1ae01ec2e0c90f993fbd4eae)
Selected to kill: (Actor(7214c3b9a687e88ee129131901000000): job ID=01000000, lease ID=0e000000f208239c2bb4fe296af8d6445b69d7d922a95e16baa54c7031968ab3, task name=agent_loop_worker_2_add4301b:AgentLoopWorker.__init__, required resources={}, pid=931628, actual memory used=1.45GB, worker ID=2cb959e4d91a3cc9325fda65e36c8e3da9e562f74e78423d18f809e8)
(Actor(3e7639e8d8ebb4c8b7a9e48701000000): job ID=01000000, lease ID=0d000000072de219b8d49d7e9fe2f7199ef742e09e1a43a709795954598e3a88, task name=agent_loop_worker_1_b6e699ad:AgentLoopWorker.__init__, required resources={}, pid=931627, actual memory used=1.50GB, worker ID=a059e56d6495ac7d20023ea7f8039e1f4d197c08525b1caa30dd1a8d)
(Actor(acffbce6f74d87c6be39ba5901000000): job ID=01000000, lease ID=0c0000008bbe380968794eacb40c81e3d516c72865967de79d01a1860eca98b2, task name=agent_loop_worker_0_e1c80358:AgentLoopWorker.__init__, required resources={}, pid=931626, actual memory used=1.44GB, worker ID=a5cd1c66e4d410472f094c6e87fa74c618df34b69f64e4c2591c6480)
(Actor(a8d8715a86ad8e56bb1568b201000000): job ID=01000000, lease ID=0a0000008d693995a28031369e08d392ed9c15134a967c639faca3754d953f6c, task name=vllm_server_0_0:vLLMHttpServer.__init__, required resources={}, pid=929739, actual memory used=1.47GB, worker ID=5779c14a9c1be19d03768e8f6489e661a101a46d91f3a7fc8ecbd996)
(Actor(80d8981786e7ae60e86ddb7601000000): job ID=01000000, lease ID=0900000052c758657ff15e09ebfc65b6ac180a36027fed5830394ce456451fda, task name=reward_loop_worker_7:RewardLoopWorker.__init__, required resources={}, pid=929737, actual memory used=0.56GB, worker ID=8d36fde363ef482b2019afddd64bae9bae9ad2561d8d07a5b5677ce3)
(Actor(7f827ddf381a81360dcef34001000000): job ID=01000000, lease ID=07000000dc7842532226d6f77ea72ddea55816d7e6b031b35ad8ce7e337891e9, task name=reward_loop_worker_5:RewardLoopWorker.__init__, required resources={}, pid=929735, actual memory used=0.56GB, worker ID=a63042f2b48ab43e1834c9896dc18dee1a0a2bb8345fca14a3270947)
(Actor(faafa691ff27d122111631c401000000): job ID=01000000, lease ID=060000001687a87210cc17695ea78d4a907102472c4659050c09a918218b7686, task name=reward_loop_worker_4:RewardLoopWorker.__init__, required resources={}, pid=929734, actual memory used=0.56GB, worker ID=d4a07995b8819e8db5107b5d86b0f887f2fcddcdcbef8e6ac4f12350)
(Actor(6019e9b1d2e4ea99c39481ea01000000): job ID=01000000, lease ID=05000000055a75965522c7f62e9bb9b35a47cd24616ea5b87daa5b2fb5d6e79d, task name=reward_loop_worker_3:RewardLoopWorker.__init__, required resources={}, pid=929733, actual memory used=0.56GB, worker ID=c557765f6da0cbe3e6dd2e3c3a3bf66ad693875cf4fb6f442071ce27)
(Actor(8efe5dd529b779559ff4244401000000): job ID=01000000, lease ID=04000000d629ddf59a1da1c613ce1c48f5da19540ffc645cc0c838a20ef95508, task name=reward_loop_worker_2:RewardLoopWorker.__init__, required resources={}, pid=929732, actual memory used=0.56GB, worker ID=aaee50adcb6d4d99443d2d690c38a87d5cf618bfd3302289337f77a1)
(Actor(fc3cdabb8538953d82b4ce8501000000): job ID=01000000, lease ID=020000000a14313a8380d0754ae0b90aaf165b1a2d76833130712b064d3d9efe, task name=reward_loop_worker_0:RewardLoopWorker.__init__, required resources={}, pid=929730, actual memory used=0.56GB, worker ID=93328af064f005a88ad4d43301a617f9052b7aec47c3b5393c1f87bd)
(Actor(b0557a37a4e5053370187dbf01000000): job ID=01000000, lease ID=000000006789f3b15a108d18e36f6251822f2d991d6ca761eeaaba645a8a977f, task name=TaskRunner.__init__, required resources={}, pid=928819, actual memory used=75.68GB, worker ID=1ef935bea159d9c50106e81d8efddc953643a479babbd0bf9dee5cc8)
(Actor(bfa5b7af56d3bbb20e3ca9ec01000000): job ID=01000000, lease ID=030000009786a68cc1a8b68e2fa3079f7b71b440560d20ca7c2c56ebbd4adf6c, task name=reward_loop_worker_1:RewardLoopWorker.__init__, required resources={}, pid=929731, actual memory used=0.56GB, worker ID=239430bc7f8c036d52f7d90f0742ad47505fcd648bb5f95294bcbbfa)
(Actor(9ebe0e36a55b5384efea41cb01000000): job ID=01000000, lease ID=08000000103e1d5b02356bd723a9e3990537badc57fec37f035ec0309a94116d, task name=reward_loop_worker_6:RewardLoopWorker.__init__, required resources={}, pid=929736, actual memory used=0.56GB, worker ID=b28e9c809901f3a6ab56031767e91184f9b0ed0b99b4cd8865a34b37)
(Actor(64026c5eae0a4fedc0395d1501000000): job ID=01000000, lease ID=010000008b71c0413107d0e08ece65e98f9b533870a7db0fb0933faf4c9587fe, task name=G8dbYpWorkerDict_0:0:WorkerDict.__init__, required resources={GPU_group_0_b3dcbbd0924e25df10d600b38dba01000000: 0.3333, bundle_group_b3dcbbd0924e25df10d600b38dba01000000: 0.001, CPU_group_0_b3dcbbd0924e25df10d600b38dba01000000: 1, bundle_group_0_b3dcbbd0924e25df10d600b38dba01000000: 0.001, GPU_group_b3dcbbd0924e25df10d600b38dba01000000: 0.3333, CPU_group_b3dcbbd0924e25df10d600b38dba01000000: 1}, pid=929276, actual memory used=34.11GB, worker ID=325c79012a3fcc2309b1e0bc079a767c5e850e69320da49bddb167ea)
(Actor(1668b3d8fc2b505e96c5da1001000000): job ID=01000000, lease ID=0b0000000ae1cb4263cf18383506cfec54b9ab76d24aa7cb06e852cd5110a730, task name=GlobalRequestLoadBalancer.__init__, required resources={}, pid=931625, actual memory used=0.64GB, worker ID=413292f937346b6b780e6218ae5bed589ce5d8116458c35e00afc68d)
]
Total non-selected idle workers: 60
Total non-selected idle workers USS bytes: 2.53GB
To see more information about memory usage on this node, use `ray logs raylet.out -ip 10.110.2.5`
Top 10 memory users: PID	MEM(GB)	COMMAND
928819	75.68	ray::TaskRunner.run
929276	34.11	ray::WorkerDict
930552	15.07	VLLM::Worker
931630	1.53	ray::AgentLoopWorker
931627	1.50	ray::AgentLoopWorker
931634	1.50	ray::AgentLoopWorker
931629	1.48	ray::AgentLoopWorker
929739	1.47	ray::vLLMHttpServer
931631	1.46	ray::AgentLoopWorker
931628	1.45	ray::AgentLoopWorker
Refer to the documentation on how to address the out of memory issue: https://docs.ray.io/en/latest/ray-observability/user-guides/debug-apps/debug-memory.html. Consider provisioning more memory on this node or reducing task parallelism by requesting more CPUs per task. Set max_restarts and max_task_retries to enable retry when the task crashes due to OOM. To adjust the kill threshold, set the environment variable `RAY_memory_usage_threshold` when starting Ray. To disable worker killing, set the environment variable `RAY_memory_monitor_refresh_ms` to zero. Since 2.56, Ray updated the oom killing policy to enabling killing multiple workers and selecting workers based on the time since the task start executing. To revert to the legacy policy of determining worker to oom kill based on owner group size or only selecting a single worker to kill at a time, set the environment variable `RAY_worker_killing_policy_by_group` to true before starting Ray. If the idle workers have a non-trivial memory footprint at the time of OOM (check OOM log for non-selected idle workers), consider setting the environment variable `RAY_idle_worker_killing_memory_threshold_bytes` to a lower value to consider idle workers with lower memory footprint for killing.

Set the environment variable HYDRA_FULL_ERROR=1 for a complete stack trace.
