/home/yw4636/.conda/envs/verl/lib/python3.12/site-packages/verl/trainer/main_ppo.py:181: UserWarning: Disabled critic as algorithm.adv_estimator != gae. If it is not intended, please set critic.enable=True
  use_critic=need_critic(config),
WARNING: val_batch_size is deprecated. Validation datasets are sent to inference engines as a whole batch, which will schedule the memory themselves.
/home/yw4636/.conda/envs/verl/lib/python3.12/site-packages/verl/workers/engine/__init__.py:31: UserWarning: torchtitan engine is not available: ModuleNotFoundError("No module named 'torchtitan'")
  warnings.warn(f"torchtitan engine is not available: {e!r}", stacklevel=1)
/home/yw4636/.conda/envs/verl/lib/python3.12/site-packages/verl/workers/engine/__init__.py:40: UserWarning: veomni engine is not available: ModuleNotFoundError("No module named 'veomni'")
  warnings.warn(f"veomni engine is not available: {e!r}", stacklevel=1)
/home/yw4636/.conda/envs/verl/lib/python3.12/site-packages/verl/workers/engine/__init__.py:49: UserWarning: automodel engine is not available: ModuleNotFoundError("No module named 'nemo_automodel'")
  warnings.warn(f"automodel engine is not available: {e!r}", stacklevel=1)
/home/yw4636/.conda/envs/verl/lib/python3.12/site-packages/verl/workers/engine/mindspeed/transformer_impl.py:24: UserWarning: NPU not support router replay for now.
  from verl.utils.megatron.router_replay_patch import RouterReplay
/home/yw4636/.conda/envs/verl/lib/python3.12/site-packages/verl/workers/engine/__init__.py:59: UserWarning: mindspeed engine is not available: ModuleNotFoundError("No module named 'megatron'")
  warnings.warn(f"mindspeed engine is not available: {e!r}", stacklevel=1)
/home/yw4636/.conda/envs/verl/lib/python3.12/site-packages/verl/workers/engine/__init__.py:69: UserWarning: megatron engine is not available: ModuleNotFoundError("No module named 'megatron'")
  warnings.warn(f"megatron engine is not available: {e!r}", stacklevel=1)
[validate_config] All configuration checks passed successfully!
[2026-09-03 08:58:17,087][__main__][WARNING] - Legacy trainer `main_ppo_v0.py` is deprecated, and wil be removed in v0.9.0.Please set `trainer.use_v1=True` in config to use V1 trainer.
2026-09-03 08:58:20,030	INFO worker.py:2015 -- Started a local Ray instance. View the dashboard at [1m[32mhttp://127.0.0.1:8265 [39m[22m
[36m(pid=2382775)[0m /home/yw4636/.conda/envs/verl/lib/python3.12/site-packages/verl/workers/engine/__init__.py:31: UserWarning: torchtitan engine is not available: ModuleNotFoundError("No module named 'torchtitan'")
[36m(pid=2382775)[0m   warnings.warn(f"torchtitan engine is not available: {e!r}", stacklevel=1)
[36m(pid=2382775)[0m /home/yw4636/.conda/envs/verl/lib/python3.12/site-packages/verl/workers/engine/__init__.py:40: UserWarning: veomni engine is not available: ModuleNotFoundError("No module named 'veomni'")
[36m(pid=2382775)[0m   warnings.warn(f"veomni engine is not available: {e!r}", stacklevel=1)
[36m(pid=2382775)[0m /home/yw4636/.conda/envs/verl/lib/python3.12/site-packages/verl/workers/engine/__init__.py:49: UserWarning: automodel engine is not available: ModuleNotFoundError("No module named 'nemo_automodel'")
[36m(pid=2382775)[0m   warnings.warn(f"automodel engine is not available: {e!r}", stacklevel=1)
[36m(pid=2382775)[0m /home/yw4636/.conda/envs/verl/lib/python3.12/site-packages/verl/workers/engine/mindspeed/transformer_impl.py:24: UserWarning: NPU not support router replay for now.
[36m(pid=2382775)[0m   from verl.utils.megatron.router_replay_patch import RouterReplay
[36m(pid=2382775)[0m /home/yw4636/.conda/envs/verl/lib/python3.12/site-packages/verl/workers/engine/__init__.py:59: UserWarning: mindspeed engine is not available: ModuleNotFoundError("No module named 'megatron'")
[36m(pid=2382775)[0m   warnings.warn(f"mindspeed engine is not available: {e!r}", stacklevel=1)
[36m(pid=2382775)[0m /home/yw4636/.conda/envs/verl/lib/python3.12/site-packages/verl/workers/engine/__init__.py:69: UserWarning: megatron engine is not available: ModuleNotFoundError("No module named 'megatron'")
[36m(pid=2382775)[0m   warnings.warn(f"megatron engine is not available: {e!r}", stacklevel=1)
ray init kwargs: {'num_cpus': None, 'object_store_memory': 25769803776, 'runtime_env': {'env_vars': {'TOKENIZERS_PARALLELISM': 'true', 'NCCL_DEBUG': 'WARN', 'VLLM_LOGGING_LEVEL': 'WARN', 'VLLM_ALLOW_RUNTIME_LORA_UPDATING': 'true', 'VLLM_DISABLE_COMPILE_CACHE': '1', 'HCCL_HOST_SOCKET_PORT_RANGE': 'auto', 'HCCL_NPU_SOCKET_PORT_RANGE': 'auto', 'HSA_NO_SCRATCH_RECLAIM': '1', 'VERL_FULL_DETERMINISM': '0', 'VLLM_BATCH_INVARIANT': '0', 'VERL_RL_INSIGHT_ENABLE': '0'}, 'working_dir': None}}
[36m(TaskRunner pid=2382775)[0m TaskRunner hostname: srv1-lg2.bed.cosmos-lab.org, PID: 2382775
[36m(TaskRunner pid=2382775)[0m {'actor_rollout_ref': {'actor': {'_target_': 'verl.workers.config.FSDPActorConfig',
[36m(TaskRunner pid=2382775)[0m                                  'calculate_entropy': False,
[36m(TaskRunner pid=2382775)[0m                                  'calculate_sum_pi_squared': False,
[36m(TaskRunner pid=2382775)[0m                                  'checkpoint': {'_target_': 'verl.trainer.config.CheckpointConfig',
[36m(TaskRunner pid=2382775)[0m                                                 'async_save': False,
[36m(TaskRunner pid=2382775)[0m                                                 'load_contents': ['model',
[36m(TaskRunner pid=2382775)[0m                                                                   'optimizer',
[36m(TaskRunner pid=2382775)[0m                                                                   'extra'],
[36m(TaskRunner pid=2382775)[0m                                                 'save_contents': ['model',
[36m(TaskRunner pid=2382775)[0m                                                                   'optimizer',
[36m(TaskRunner pid=2382775)[0m                                                                   'extra'],
[36m(TaskRunner pid=2382775)[0m                                                 'strict': True},
[36m(TaskRunner pid=2382775)[0m                                  'clip_ratio': 0.2,
[36m(TaskRunner pid=2382775)[0m                                  'clip_ratio_c': 3.0,
[36m(TaskRunner pid=2382775)[0m                                  'clip_ratio_high': 0.2,
[36m(TaskRunner pid=2382775)[0m                                  'clip_ratio_low': 0.2,
[36m(TaskRunner pid=2382775)[0m                                  'data_loader_seed': 42,
[36m(TaskRunner pid=2382775)[0m                                  'entropy_checkpointing': False,
[36m(TaskRunner pid=2382775)[0m                                  'entropy_coeff': 0,
[36m(TaskRunner pid=2382775)[0m                                  'entropy_from_logits_chunk_size': 2048,
[36m(TaskRunner pid=2382775)[0m                                  'entropy_from_logits_with_chunking': False,
[36m(TaskRunner pid=2382775)[0m                                  'freeze_vision_tower': False,
[36m(TaskRunner pid=2382775)[0m                                  'fsdp_config': {'_target_': 'verl.workers.config.FSDPEngineConfig',
[36m(TaskRunner pid=2382775)[0m                                                  'dtype': 'bfloat16',
[36m(TaskRunner pid=2382775)[0m                                                  'entropy_checkpointing': False,
[36m(TaskRunner pid=2382775)[0m                                                  'entropy_from_logits_chunk_size': 2048,
[36m(TaskRunner pid=2382775)[0m                                                  'entropy_from_logits_with_chunking': False,
[36m(TaskRunner pid=2382775)[0m                                                  'forward_only': False,
[36m(TaskRunner pid=2382775)[0m                                                  'forward_prefetch': False,
[36m(TaskRunner pid=2382775)[0m                                                  'fsdp_size': -1,
[36m(TaskRunner pid=2382775)[0m                                                  'full_determinism': False,
[36m(TaskRunner pid=2382775)[0m                                                  'model_dtype': 'fp32',
[36m(TaskRunner pid=2382775)[0m                                                  'offload_policy': False,
[36m(TaskRunner pid=2382775)[0m                                                  'optimizer_offload': False,
[36m(TaskRunner pid=2382775)[0m                                                  'pad_to_length': False,
[36m(TaskRunner pid=2382775)[0m                                                  'pad_to_length_bucket': 1024,
[36m(TaskRunner pid=2382775)[0m                                                  'param_offload': False,
[36m(TaskRunner pid=2382775)[0m                                                  'qat': {'_target_': 'verl.workers.config.QATEngineConfig',
[36m(TaskRunner pid=2382775)[0m                                                          'activation_observer': 'static_minmax',
[36m(TaskRunner pid=2382775)[0m                                                          'enable': False,
[36m(TaskRunner pid=2382775)[0m                                                          'group_size': 16,
[36m(TaskRunner pid=2382775)[0m                                                          'ignore_patterns': ['lm_head',
[36m(TaskRunner pid=2382775)[0m                                                                              'embed_tokens',
[36m(TaskRunner pid=2382775)[0m                                                                              're:.*mlp.gate$'],
[36m(TaskRunner pid=2382775)[0m                                                          'mode': 'w4a16',
[36m(TaskRunner pid=2382775)[0m                                                          'quantization_config_path': None},
[36m(TaskRunner pid=2382775)[0m                                                  'reshard_after_forward': True,
[36m(TaskRunner pid=2382775)[0m                                                  'seed': 42,
[36m(TaskRunner pid=2382775)[0m                                                  'strategy': 'fsdp',
[36m(TaskRunner pid=2382775)[0m                                                  'ulysses_sequence_parallel_size': 1,
[36m(TaskRunner pid=2382775)[0m                                                  'use_orig_params': False,
[36m(TaskRunner pid=2382775)[0m                                                  'use_torch_compile': True,
[36m(TaskRunner pid=2382775)[0m                                                  'wrap_policy': {'min_num_params': 0}},
[36m(TaskRunner pid=2382775)[0m                                  'grad_clip': 1.0,
[36m(TaskRunner pid=2382775)[0m                                  'kl_loss_coef': 0.001,
[36m(TaskRunner pid=2382775)[0m                                  'kl_loss_type': 'low_var_kl',
[36m(TaskRunner pid=2382775)[0m                                  'loss_agg_mode': 'token-mean',
[36m(TaskRunner pid=2382775)[0m                                  'loss_scale_factor': None,
[36m(TaskRunner pid=2382775)[0m                                  'optim': {'_target_': 'verl.workers.config.FSDPOptimizerConfig',
[36m(TaskRunner pid=2382775)[0m                                            'betas': [0.9, 0.999],
[36m(TaskRunner pid=2382775)[0m                                            'clip_grad': 1.0,
[36m(TaskRunner pid=2382775)[0m                                            'lr': 1e-05,
[36m(TaskRunner pid=2382775)[0m                                            'lr_scheduler_type': 'constant',
[36m(TaskRunner pid=2382775)[0m                                            'lr_warmup_steps': -1,
[36m(TaskRunner pid=2382775)[0m                                            'lr_warmup_steps_ratio': 0.0,
[36m(TaskRunner pid=2382775)[0m                                            'min_lr_ratio': 0.1,
[36m(TaskRunner pid=2382775)[0m                                            'num_cycles': 0.5,
[36m(TaskRunner pid=2382775)[0m                                            'optimizer': 'AdamW',
[36m(TaskRunner pid=2382775)[0m                                            'optimizer_impl': 'torch.optim',
[36m(TaskRunner pid=2382775)[0m                                            'override_optimizer_config': None,
[36m(TaskRunner pid=2382775)[0m                                            'total_training_steps': -1,
[36m(TaskRunner pid=2382775)[0m                                            'warmup_style': None,
[36m(TaskRunner pid=2382775)[0m                                            'weight_decay': 0.01,
[36m(TaskRunner pid=2382775)[0m                                            'zero_indexed_step': True},
[36m(TaskRunner pid=2382775)[0m                                  'pad_to_length': False,
[36m(TaskRunner pid=2382775)[0m                                  'policy_loss': {'_target_': 'verl.workers.config.PolicyLossConfig',
[36m(TaskRunner pid=2382775)[0m                                                  'clip_cov_lb': 1.0,
[36m(TaskRunner pid=2382775)[0m                                                  'clip_cov_ratio': 0.0002,
[36m(TaskRunner pid=2382775)[0m                                                  'clip_cov_ub': 5.0,
[36m(TaskRunner pid=2382775)[0m                                                  'dro_beta': None,
[36m(TaskRunner pid=2382775)[0m                                                  'kl_cov_ratio': 0.0002,
[36m(TaskRunner pid=2382775)[0m                                                  'loss_mode': 'vanilla',
[36m(TaskRunner pid=2382775)[0m                                                  'ppo_kl_coef': 0.1},
[36m(TaskRunner pid=2382775)[0m                                  'ppo_epochs': 1,
[36m(TaskRunner pid=2382775)[0m                                  'ppo_max_token_len_per_gpu': 24576,
[36m(TaskRunner pid=2382775)[0m                                  'ppo_micro_batch_size': None,
[36m(TaskRunner pid=2382775)[0m                                  'ppo_micro_batch_size_per_gpu': None,
[36m(TaskRunner pid=2382775)[0m                                  'ppo_mini_batch_size': 8,
[36m(TaskRunner pid=2382775)[0m                                  'profiler': {'_target_': 'verl.utils.profiler.ProfilerConfig',
[36m(TaskRunner pid=2382775)[0m                                               'all_ranks': False,
[36m(TaskRunner pid=2382775)[0m                                               'enable': False,
[36m(TaskRunner pid=2382775)[0m                                               'ranks': [],
[36m(TaskRunner pid=2382775)[0m                                               'save_path': 'outputs/profile',
[36m(TaskRunner pid=2382775)[0m                                               'tool': None,
[36m(TaskRunner pid=2382775)[0m                                               'tool_config': {'npu': {'_target_': 'verl.utils.profiler.config.NPUToolConfig',
[36m(TaskRunner pid=2382775)[0m                                                                       'analysis': True,
[36m(TaskRunner pid=2382775)[0m                                                                       'contents': [],
[36m(TaskRunner pid=2382775)[0m                                                                       'discrete': False,
[36m(TaskRunner pid=2382775)[0m                                                                       'level': 'level0'},
[36m(TaskRunner pid=2382775)[0m                                                               'nsys': {'_target_': 'verl.utils.profiler.config.NsightToolConfig',
[36m(TaskRunner pid=2382775)[0m                                                                        'discrete': False},
[36m(TaskRunner pid=2382775)[0m                                                               'precision_debugger': {'_target_': 'verl.utils.profiler.config.PrecisionDebuggerToolConfig',
[36m(TaskRunner pid=2382775)[0m                                                                                      'config_path': None,
[36m(TaskRunner pid=2382775)[0m                                                                                      'stages': None,
[36m(TaskRunner pid=2382775)[0m                                                                                      'steps': None,
[36m(TaskRunner pid=2382775)[0m                                                                                      'strict': False},
[36m(TaskRunner pid=2382775)[0m                                                               'torch': {'_target_': 'verl.utils.profiler.config.TorchProfilerToolConfig',
[36m(TaskRunner pid=2382775)[0m                                                                         'contents': [],
[36m(TaskRunner pid=2382775)[0m                                                                         'discrete': False,
[36m(TaskRunner pid=2382775)[0m                                                                         'schedule': {'_target_': 'verl.utils.profiler.config.TorchProfilerScheduleConfig',
[36m(TaskRunner pid=2382775)[0m                                                                                      'active': 0,
[36m(TaskRunner pid=2382775)[0m                                                                                      'repeat': 0,
[36m(TaskRunner pid=2382775)[0m                                                                                      'skip_first': 0,
[36m(TaskRunner pid=2382775)[0m                                                                                      'wait': 0,
[36m(TaskRunner pid=2382775)[0m                                                                                      'warmup': 0}},
[36m(TaskRunner pid=2382775)[0m                                                               'torch_memory': {'_target_': 'verl.utils.profiler.config.TorchMemoryToolConfig',
[36m(TaskRunner pid=2382775)[0m                                                                                'stack_depth': 32,
[36m(TaskRunner pid=2382775)[0m                                                                                'trace_alloc_max_entries': 100000}}},
[36m(TaskRunner pid=2382775)[0m                                  'qat': {'activation_observer': 'static_minmax',
[36m(TaskRunner pid=2382775)[0m                                          'enable': False,
[36m(TaskRunner pid=2382775)[0m                                          'group_size': 16,
[36m(TaskRunner pid=2382775)[0m                                          'ignore_patterns': ['lm_head',
[36m(TaskRunner pid=2382775)[0m                                                              'embed_tokens',
[36m(TaskRunner pid=2382775)[0m                                                              're:.*mlp.gate$'],
[36m(TaskRunner pid=2382775)[0m                                          'mode': 'w4a16',
[36m(TaskRunner pid=2382775)[0m                                          'quantization_config_path': None},
[36m(TaskRunner pid=2382775)[0m                                  'rollout_n': 16,
[36m(TaskRunner pid=2382775)[0m                                  'router_replay': {'_target_': 'verl.workers.config.RouterReplayConfig',
[36m(TaskRunner pid=2382775)[0m                                                    'mode': 'disabled',
[36m(TaskRunner pid=2382775)[0m                                                    'record_file': None,
[36m(TaskRunner pid=2382775)[0m                                                    'replay_file': None},
[36m(TaskRunner pid=2382775)[0m                                  'shuffle': False,
[36m(TaskRunner pid=2382775)[0m                                  'strategy': 'fsdp2',
[36m(TaskRunner pid=2382775)[0m                                  'tau_neg': 1.05,
[36m(TaskRunner pid=2382775)[0m                                  'tau_pos': 1.0,
[36m(TaskRunner pid=2382775)[0m                                  'ulysses_sequence_parallel_size': 1,
[36m(TaskRunner pid=2382775)[0m                                  'use_dynamic_bsz': True,
[36m(TaskRunner pid=2382775)[0m                                  'use_fused_kernels': False,
[36m(TaskRunner pid=2382775)[0m                                  'use_kl_loss': True,
[36m(TaskRunner pid=2382775)[0m                                  'use_prefix_grouper': False,
[36m(TaskRunner pid=2382775)[0m                                  'use_remove_padding': True,
[36m(TaskRunner pid=2382775)[0m                                  'use_torch_compile': True},
[36m(TaskRunner pid=2382775)[0m                        'hybrid_engine': True,
[36m(TaskRunner pid=2382775)[0m                        'model': {'_target_': 'verl.workers.config.HFModelConfig',
[36m(TaskRunner pid=2382775)[0m                                  'custom_chat_template': None,
[36m(TaskRunner pid=2382775)[0m                                  'enable_activation_offload': False,
[36m(TaskRunner pid=2382775)[0m                                  'enable_gradient_checkpointing': True,
[36m(TaskRunner pid=2382775)[0m                                  'exclude_modules': '.*visual.*',
[36m(TaskRunner pid=2382775)[0m                                  'external_lib': None,
[36m(TaskRunner pid=2382775)[0m                                  'fused_kernel_options': {'impl_backend': 'torch'},
[36m(TaskRunner pid=2382775)[0m                                  'hf_config_path': None,
[36m(TaskRunner pid=2382775)[0m                                  'lora': {'a2a_experimental': False,
[36m(TaskRunner pid=2382775)[0m                                           'adapter_path': None,
[36m(TaskRunner pid=2382775)[0m                                           'alpha': 32,
[36m(TaskRunner pid=2382775)[0m                                           'dropout': 0.0,
[36m(TaskRunner pid=2382775)[0m                                           'dropout_position': 'pre',
[36m(TaskRunner pid=2382775)[0m                                           'dtype': None,
[36m(TaskRunner pid=2382775)[0m                                           'exclude_modules': [],
[36m(TaskRunner pid=2382775)[0m                                           'freeze_language_model': True,
[36m(TaskRunner pid=2382775)[0m                                           'freeze_vision_model': True,
[36m(TaskRunner pid=2382775)[0m                                           'freeze_vision_projection': True,
[36m(TaskRunner pid=2382775)[0m                                           'lora_A_init_method': 'xavier',
[36m(TaskRunner pid=2382775)[0m                                           'lora_B_init_method': 'zero',
[36m(TaskRunner pid=2382775)[0m                                           'merge': False,
[36m(TaskRunner pid=2382775)[0m                                           'rank': 0,
[36m(TaskRunner pid=2382775)[0m                                           'target_modules': ['linear_qkv',
[36m(TaskRunner pid=2382775)[0m                                                              'linear_proj',
[36m(TaskRunner pid=2382775)[0m                                                              'linear_fc1',
[36m(TaskRunner pid=2382775)[0m                                                              'linear_fc2'],
[36m(TaskRunner pid=2382775)[0m                                           'type': 'lora'},
[36m(TaskRunner pid=2382775)[0m                                  'lora_adapter_path': None,
[36m(TaskRunner pid=2382775)[0m                                  'lora_alpha': 32,
[36m(TaskRunner pid=2382775)[0m                                  'lora_rank': 16,
[36m(TaskRunner pid=2382775)[0m                                  'mtp': {'_target_': 'verl.workers.config.MtpConfig',
[36m(TaskRunner pid=2382775)[0m                                          'detach_encoder': False,
[36m(TaskRunner pid=2382775)[0m                                          'enable': False,
[36m(TaskRunner pid=2382775)[0m                                          'enable_rollout': False,
[36m(TaskRunner pid=2382775)[0m                                          'enable_train': False,
[36m(TaskRunner pid=2382775)[0m                                          'method': 'mtp',
[36m(TaskRunner pid=2382775)[0m                                          'mtp_loss_scaling_factor': 0.1,
[36m(TaskRunner pid=2382775)[0m                                          'num_speculative_tokens': 1,
[36m(TaskRunner pid=2382775)[0m                                          'speculative_algorithm': 'EAGLE',
[36m(TaskRunner pid=2382775)[0m                                          'speculative_eagle_topk': 1,
[36m(TaskRunner pid=2382775)[0m                                          'speculative_num_draft_tokens': 4,
[36m(TaskRunner pid=2382775)[0m                                          'speculative_num_steps': 3},
[36m(TaskRunner pid=2382775)[0m                                  'override_config': {},
[36m(TaskRunner pid=2382775)[0m                                  'path': '/home/yw4636/agentic-tvg/results/sft-mix/merged',
[36m(TaskRunner pid=2382775)[0m                                  'target_modules': 'all-linear',
[36m(TaskRunner pid=2382775)[0m                                  'tiled_mlp': {'enabled': False,
[36m(TaskRunner pid=2382775)[0m                                                'num_shards': 4},
[36m(TaskRunner pid=2382775)[0m                                  'tokenizer_path': None,
[36m(TaskRunner pid=2382775)[0m                                  'trust_remote_code': False,
[36m(TaskRunner pid=2382775)[0m                                  'use_fused_kernels': False,
[36m(TaskRunner pid=2382775)[0m                                  'use_liger': False,
[36m(TaskRunner pid=2382775)[0m                                  'use_remove_padding': True,
[36m(TaskRunner pid=2382775)[0m                                  'use_shm': False},
[36m(TaskRunner pid=2382775)[0m                        'nccl_timeout': 600,
[36m(TaskRunner pid=2382775)[0m                        'ref': {'_target_': 'verl.workers.config.FSDPActorConfig',
[36m(TaskRunner pid=2382775)[0m                                'entropy_checkpointing': False,
[36m(TaskRunner pid=2382775)[0m                                'entropy_from_logits_chunk_size': 2048,
[36m(TaskRunner pid=2382775)[0m                                'entropy_from_logits_with_chunking': False,
[36m(TaskRunner pid=2382775)[0m                                'fsdp_config': {'_target_': 'verl.workers.config.FSDPEngineConfig',
[36m(TaskRunner pid=2382775)[0m                                                'dtype': 'bfloat16',
[36m(TaskRunner pid=2382775)[0m                                                'entropy_checkpointing': False,
[36m(TaskRunner pid=2382775)[0m                                                'entropy_from_logits_chunk_size': 2048,
[36m(TaskRunner pid=2382775)[0m                                                'entropy_from_logits_with_chunking': False,
[36m(TaskRunner pid=2382775)[0m                                                'forward_only': True,
[36m(TaskRunner pid=2382775)[0m                                                'forward_prefetch': False,
[36m(TaskRunner pid=2382775)[0m                                                'fsdp_size': -1,
[36m(TaskRunner pid=2382775)[0m                                                'full_determinism': False,
[36m(TaskRunner pid=2382775)[0m                                                'model_dtype': 'fp32',
[36m(TaskRunner pid=2382775)[0m                                                'offload_policy': False,
[36m(TaskRunner pid=2382775)[0m                                                'optimizer_offload': False,
[36m(TaskRunner pid=2382775)[0m                                                'pad_to_length': False,
[36m(TaskRunner pid=2382775)[0m                                                'pad_to_length_bucket': 1024,
[36m(TaskRunner pid=2382775)[0m                                                'param_offload': False,
[36m(TaskRunner pid=2382775)[0m                                                'qat': {'_target_': 'verl.workers.config.QATEngineConfig',
[36m(TaskRunner pid=2382775)[0m                                                        'activation_observer': 'static_minmax',
[36m(TaskRunner pid=2382775)[0m                                                        'enable': False,
[36m(TaskRunner pid=2382775)[0m                                                        'group_size': 16,
[36m(TaskRunner pid=2382775)[0m                                                        'ignore_patterns': ['lm_head',
[36m(TaskRunner pid=2382775)[0m                                                                            'embed_tokens',
[36m(TaskRunner pid=2382775)[0m                                                                            're:.*mlp.gate$'],
[36m(TaskRunner pid=2382775)[0m                                                        'mode': 'w4a16',
[36m(TaskRunner pid=2382775)[0m                                                        'quantization_config_path': None},
[36m(TaskRunner pid=2382775)[0m                                                'reshard_after_forward': True,
[36m(TaskRunner pid=2382775)[0m                                                'seed': 42,
[36m(TaskRunner pid=2382775)[0m                                                'strategy': 'fsdp',
[36m(TaskRunner pid=2382775)[0m                                                'ulysses_sequence_parallel_size': 1,
[36m(TaskRunner pid=2382775)[0m                                                'use_orig_params': False,
[36m(TaskRunner pid=2382775)[0m                                                'use_torch_compile': True,
[36m(TaskRunner pid=2382775)[0m                                                'wrap_policy': {'min_num_params': 0}},
[36m(TaskRunner pid=2382775)[0m                                'log_prob_max_token_len_per_gpu': 24576,
[36m(TaskRunner pid=2382775)[0m                                'log_prob_micro_batch_size': None,
[36m(TaskRunner pid=2382775)[0m                                'log_prob_micro_batch_size_per_gpu': None,
[36m(TaskRunner pid=2382775)[0m                                'log_prob_use_dynamic_bsz': True,
[36m(TaskRunner pid=2382775)[0m                                'pad_to_length': False,
[36m(TaskRunner pid=2382775)[0m                                'profiler': {'_target_': 'verl.utils.profiler.ProfilerConfig',
[36m(TaskRunner pid=2382775)[0m                                             'all_ranks': False,
[36m(TaskRunner pid=2382775)[0m                                             'enable': False,
[36m(TaskRunner pid=2382775)[0m                                             'ranks': [],
[36m(TaskRunner pid=2382775)[0m                                             'save_path': 'outputs/profile',
[36m(TaskRunner pid=2382775)[0m                                             'tool': None,
[36m(TaskRunner pid=2382775)[0m                                             'tool_config': {'npu': {'_target_': 'verl.utils.profiler.config.NPUToolConfig',
[36m(TaskRunner pid=2382775)[0m                                                                     'analysis': True,
[36m(TaskRunner pid=2382775)[0m                                                                     'contents': [],
[36m(TaskRunner pid=2382775)[0m                                                                     'discrete': False,
[36m(TaskRunner pid=2382775)[0m                                                                     'level': 'level0'},
[36m(TaskRunner pid=2382775)[0m                                                             'nsys': {'_target_': 'verl.utils.profiler.config.NsightToolConfig',
[36m(TaskRunner pid=2382775)[0m                                                                      'discrete': False},
[36m(TaskRunner pid=2382775)[0m                                                             'precision_debugger': {'_target_': 'verl.utils.profiler.config.PrecisionDebuggerToolConfig',
[36m(TaskRunner pid=2382775)[0m                                                                                    'config_path': None,
[36m(TaskRunner pid=2382775)[0m                                                                                    'stages': None,
[36m(TaskRunner pid=2382775)[0m                                                                                    'steps': None,
[36m(TaskRunner pid=2382775)[0m                                                                                    'strict': False},
[36m(TaskRunner pid=2382775)[0m                                                             'torch': {'_target_': 'verl.utils.profiler.config.TorchProfilerToolConfig',
[36m(TaskRunner pid=2382775)[0m                                                                       'contents': [],
[36m(TaskRunner pid=2382775)[0m                                                                       'discrete': False,
[36m(TaskRunner pid=2382775)[0m                                                                       'schedule': {'_target_': 'verl.utils.profiler.config.TorchProfilerScheduleConfig',
[36m(TaskRunner pid=2382775)[0m                                                                                    'active': 0,
[36m(TaskRunner pid=2382775)[0m                                                                                    'repeat': 0,
[36m(TaskRunner pid=2382775)[0m                                                                                    'skip_first': 0,
[36m(TaskRunner pid=2382775)[0m                                                                                    'wait': 0,
[36m(TaskRunner pid=2382775)[0m                                                                                    'warmup': 0}},
[36m(TaskRunner pid=2382775)[0m                                                             'torch_memory': {'_target_': 'verl.utils.profiler.config.TorchMemoryToolConfig',
[36m(TaskRunner pid=2382775)[0m                                                                              'stack_depth': 32,
[36m(TaskRunner pid=2382775)[0m                                                                              'trace_alloc_max_entries': 100000}}},
[36m(TaskRunner pid=2382775)[0m                                'rollout_n': 16,
[36m(TaskRunner pid=2382775)[0m                                'router_replay': {'_target_': 'verl.workers.config.RouterReplayConfig',
[36m(TaskRunner pid=2382775)[0m                                                  'mode': 'disabled',
[36m(TaskRunner pid=2382775)[0m                                                  'record_file': None,
[36m(TaskRunner pid=2382775)[0m                                                  'replay_file': None},
[36m(TaskRunner pid=2382775)[0m                                'strategy': 'fsdp2',
[36m(TaskRunner pid=2382775)[0m                                'ulysses_sequence_parallel_size': 1,
[36m(TaskRunner pid=2382775)[0m                                'use_torch_compile': True},
[36m(TaskRunner pid=2382775)[0m                        'rollout': {'_target_': 'verl.workers.config.RolloutConfig',
[36m(TaskRunner pid=2382775)[0m                                    'agent': {'_target_': 'verl.workers.config.AgentLoopConfig',
[36m(TaskRunner pid=2382775)[0m                                              'agent_loop_config_path': None,
[36m(TaskRunner pid=2382775)[0m                                              'custom_async_server': {'_target_': 'verl.workers.config.CustomAsyncServerConfig',
[36m(TaskRunner pid=2382775)[0m                                                                      'name': None,
[36m(TaskRunner pid=2382775)[0m                                                                      'path': None},
[36m(TaskRunner pid=2382775)[0m                                              'default_agent_loop': 'tool_agent',
[36m(TaskRunner pid=2382775)[0m                                              'num_workers': 8},
[36m(TaskRunner pid=2382775)[0m                                    'calculate_log_probs': True,
[36m(TaskRunner pid=2382775)[0m                                    'checkpoint_engine': {'_target_': 'verl.workers.config.CheckpointEngineConfig',
[36m(TaskRunner pid=2382775)[0m                                                          'backend': 'naive',
[36m(TaskRunner pid=2382775)[0m                                                          'custom_backend_module': None,
[36m(TaskRunner pid=2382775)[0m                                                          'engine_kwargs': {},
[36m(TaskRunner pid=2382775)[0m                                                          'update_weights_bucket_megabytes': 2048},
[36m(TaskRunner pid=2382775)[0m                                    'cudagraph_capture_sizes': None,
[36m(TaskRunner pid=2382775)[0m                                    'data_parallel_size': 1,
[36m(TaskRunner pid=2382775)[0m                                    'disable_log_stats': True,
[36m(TaskRunner pid=2382775)[0m                                    'disaggregation': {'bootstrap_port': None,
[36m(TaskRunner pid=2382775)[0m                                                       'decode_replicas': 1,
[36m(TaskRunner pid=2382775)[0m                                                       'decode_tensor_model_parallel_size': None,
[36m(TaskRunner pid=2382775)[0m                                                       'enabled': False,
[36m(TaskRunner pid=2382775)[0m                                                       'ib_device': None,
[36m(TaskRunner pid=2382775)[0m                                                       'prefill_replicas': 1,
[36m(TaskRunner pid=2382775)[0m                                                       'transfer_backend': 'nixl'},
[36m(TaskRunner pid=2382775)[0m                                    'do_sample': True,
[36m(TaskRunner pid=2382775)[0m                                    'dtype': 'bfloat16',
[36m(TaskRunner pid=2382775)[0m                                    'enable_chunked_prefill': True,
[36m(TaskRunner pid=2382775)[0m                                    'enable_prefix_caching': True,
[36m(TaskRunner pid=2382775)[0m                                    'enable_rollout_routing_replay': False,
[36m(TaskRunner pid=2382775)[0m                                    'enforce_eager': False,
[36m(TaskRunner pid=2382775)[0m                                    'engine_kwargs': {'sglang': {},
[36m(TaskRunner pid=2382775)[0m                                                      'trtllm': {},
[36m(TaskRunner pid=2382775)[0m                                                      'vllm': {'mm_processor_kwargs': {'max_pixels': 150528}}},
[36m(TaskRunner pid=2382775)[0m                                    'expert_parallel_size': 1,
[36m(TaskRunner pid=2382775)[0m                                    'free_cache_engine': True,
[36m(TaskRunner pid=2382775)[0m                                    'full_determinism': False,
[36m(TaskRunner pid=2382775)[0m                                    'gpu_memory_utilization': 0.65,
[36m(TaskRunner pid=2382775)[0m                                    'ignore_eos': False,
[36m(TaskRunner pid=2382775)[0m                                    'layered_summon': True,
[36m(TaskRunner pid=2382775)[0m                                    'limit_images': 112,
[36m(TaskRunner pid=2382775)[0m                                    'load_format': 'safetensors',
[36m(TaskRunner pid=2382775)[0m                                    'log_prob_max_token_len_per_gpu': 24576,
[36m(TaskRunner pid=2382775)[0m                                    'log_prob_micro_batch_size': None,
[36m(TaskRunner pid=2382775)[0m                                    'log_prob_micro_batch_size_per_gpu': None,
[36m(TaskRunner pid=2382775)[0m                                    'log_prob_use_dynamic_bsz': True,
[36m(TaskRunner pid=2382775)[0m                                    'logprobs_mode': 'processed_logprobs',
[36m(TaskRunner pid=2382775)[0m                                    'max_model_len': 20992,
[36m(TaskRunner pid=2382775)[0m                                    'max_num_batched_tokens': 24576,
[36m(TaskRunner pid=2382775)[0m                                    'max_num_seqs': 256,
[36m(TaskRunner pid=2382775)[0m                                    'mode': 'async',
[36m(TaskRunner pid=2382775)[0m                                    'moe_load_balance_metrics_interval': 0,
[36m(TaskRunner pid=2382775)[0m                                    'mtp': {'_target_': 'verl.workers.config.MtpConfig',
[36m(TaskRunner pid=2382775)[0m                                            'detach_encoder': False,
[36m(TaskRunner pid=2382775)[0m                                            'enable': False,
[36m(TaskRunner pid=2382775)[0m                                            'enable_rollout': False,
[36m(TaskRunner pid=2382775)[0m                                            'enable_train': False,
[36m(TaskRunner pid=2382775)[0m                                            'method': 'mtp',
[36m(TaskRunner pid=2382775)[0m                                            'mtp_loss_scaling_factor': 0.1,
[36m(TaskRunner pid=2382775)[0m                                            'num_speculative_tokens': 1,
[36m(TaskRunner pid=2382775)[0m                                            'speculative_algorithm': 'EAGLE',
[36m(TaskRunner pid=2382775)[0m                                            'speculative_eagle_topk': 1,
[36m(TaskRunner pid=2382775)[0m                                            'speculative_num_draft_tokens': 4,
[36m(TaskRunner pid=2382775)[0m                                            'speculative_num_steps': 3},
[36m(TaskRunner pid=2382775)[0m                                    'multi_stage_wake_up': False,
[36m(TaskRunner pid=2382775)[0m                                    'multi_turn': {'_target_': 'verl.workers.config.MultiTurnConfig',
[36m(TaskRunner pid=2382775)[0m                                                   'enable': True,
[36m(TaskRunner pid=2382775)[0m                                                   'format': 'hermes',
[36m(TaskRunner pid=2382775)[0m                                                   'function_tool_path': None,
[36m(TaskRunner pid=2382775)[0m                                                   'max_assistant_turns': 4,
[36m(TaskRunner pid=2382775)[0m                                                   'max_parallel_calls': 1,
[36m(TaskRunner pid=2382775)[0m                                                   'max_tool_response_length': 2048,
[36m(TaskRunner pid=2382775)[0m                                                   'max_user_turns': 3,
[36m(TaskRunner pid=2382775)[0m                                                   'num_repeat_rollouts': None,
[36m(TaskRunner pid=2382775)[0m                                                   'tokenization_sanity_check_mode': 'strict',
[36m(TaskRunner pid=2382775)[0m                                                   'tool_config_path': '/home/yw4636/agentic-tvg/crop_video_tool.yaml',
[36m(TaskRunner pid=2382775)[0m                                                   'tool_response_truncate_side': 'middle',
[36m(TaskRunner pid=2382775)[0m                                                   'use_inference_chat_template': False},
[36m(TaskRunner pid=2382775)[0m                                    'n': 16,
[36m(TaskRunner pid=2382775)[0m                                    'n_gpus_per_node': 1,
[36m(TaskRunner pid=2382775)[0m                                    'name': 'vllm',
[36m(TaskRunner pid=2382775)[0m                                    'nnodes': 0,
[36m(TaskRunner pid=2382775)[0m                                    'over_sample_rate': 0,
[36m(TaskRunner pid=2382775)[0m                                    'pipeline_model_parallel_size': 1,
[36m(TaskRunner pid=2382775)[0m                                    'profiler': {'_target_': 'verl.utils.profiler.ProfilerConfig',
[36m(TaskRunner pid=2382775)[0m                                                 'all_ranks': False,
[36m(TaskRunner pid=2382775)[0m                                                 'enable': False,
[36m(TaskRunner pid=2382775)[0m                                                 'ranks': [],
[36m(TaskRunner pid=2382775)[0m                                                 'save_path': 'outputs/profile',
[36m(TaskRunner pid=2382775)[0m                                                 'tool': None,
[36m(TaskRunner pid=2382775)[0m                                                 'tool_config': {'npu': {'_target_': 'verl.utils.profiler.config.NPUToolConfig',
[36m(TaskRunner pid=2382775)[0m                                                                         'analysis': True,
[36m(TaskRunner pid=2382775)[0m                                                                         'contents': [],
[36m(TaskRunner pid=2382775)[0m                                                                         'discrete': False,
[36m(TaskRunner pid=2382775)[0m                                                                         'level': 'level0',
[36m(TaskRunner pid=2382775)[0m                                                                         'profile_token_end': None,
[36m(TaskRunner pid=2382775)[0m                                                                         'profile_token_start': None},
[36m(TaskRunner pid=2382775)[0m                                                                 'precision_debugger': {'_target_': 'verl.utils.profiler.config.PrecisionDebuggerToolConfig',
[36m(TaskRunner pid=2382775)[0m                                                                                        'config_path': None,
[36m(TaskRunner pid=2382775)[0m                                                                                        'stages': None,
[36m(TaskRunner pid=2382775)[0m                                                                                        'steps': None,
[36m(TaskRunner pid=2382775)[0m                                                                                        'strict': False},
[36m(TaskRunner pid=2382775)[0m                                                                 'torch': {'_target_': 'verl.utils.profiler.config.TorchProfilerToolConfig',
[36m(TaskRunner pid=2382775)[0m                                                                           'contents': [],
[36m(TaskRunner pid=2382775)[0m                                                                           'discrete': False,
[36m(TaskRunner pid=2382775)[0m                                                                           'profile_token_end': None,
[36m(TaskRunner pid=2382775)[0m                                                                           'profile_token_start': None}}},
[36m(TaskRunner pid=2382775)[0m                                    'prometheus': 
[36m(TaskRunner pid=2382775)[0m {'_target_': 'verl.workers.config.PrometheusConfig',
[36m(TaskRunner pid=2382775)[0m                                                   'enable': False,
[36m(TaskRunner pid=2382775)[0m                                                   'file': '/tmp/ray/session_latest/metrics/prometheus/prometheus.yml',
[36m(TaskRunner pid=2382775)[0m                                                   'port': 9090,
[36m(TaskRunner pid=2382775)[0m                                                   'served_model_name': '/home/yw4636/agentic-tvg/results/sft-mix/merged'},
[36m(TaskRunner pid=2382775)[0m                                    'prompt_length': 4608,
[36m(TaskRunner pid=2382775)[0m                                    'qat': {'_target_': 'verl.workers.config.QATEngineConfig',
[36m(TaskRunner pid=2382775)[0m                                            'activation_observer': 'static_minmax',
[36m(TaskRunner pid=2382775)[0m                                            'enable': False,
[36m(TaskRunner pid=2382775)[0m                                            'group_size': 16,
[36m(TaskRunner pid=2382775)[0m                                            'ignore_patterns': ['lm_head',
[36m(TaskRunner pid=2382775)[0m                                                                'embed_tokens',
[36m(TaskRunner pid=2382775)[0m                                                                're:.*mlp.gate$'],
[36m(TaskRunner pid=2382775)[0m                                            'mode': 'w4a16',
[36m(TaskRunner pid=2382775)[0m                                            'quantization_config_path': None},
[36m(TaskRunner pid=2382775)[0m                                    'quantization': None,
[36m(TaskRunner pid=2382775)[0m                                    'quantization_config_file': None,
[36m(TaskRunner pid=2382775)[0m                                    'response_length': 16384,
[36m(TaskRunner pid=2382775)[0m                                    'scheduling_policy': 'fcfs',
[36m(TaskRunner pid=2382775)[0m                                    'seed': 42,
[36m(TaskRunner pid=2382775)[0m                                    'skip_tokenizer_init': True,
[36m(TaskRunner pid=2382775)[0m                                    'temperature': 1.0,
[36m(TaskRunner pid=2382775)[0m                                    'tensor_model_parallel_size': 1,
[36m(TaskRunner pid=2382775)[0m                                    'top_k': -1,
[36m(TaskRunner pid=2382775)[0m                                    'top_p': 1,
[36m(TaskRunner pid=2382775)[0m                                    'trace': {'_target_': 'verl.workers.config.TraceConfig',
[36m(TaskRunner pid=2382775)[0m                                              'backend': None,
[36m(TaskRunner pid=2382775)[0m                                              'experiment_name': 'grpo_v2',
[36m(TaskRunner pid=2382775)[0m                                              'max_samples_per_step_per_worker': None,
[36m(TaskRunner pid=2382775)[0m                                              'project_name': 'agentic-tvg',
[36m(TaskRunner pid=2382775)[0m                                              'token2text': False},
[36m(TaskRunner pid=2382775)[0m                                    'val_kwargs': {'_target_': 'verl.workers.config.SamplingConfig',
[36m(TaskRunner pid=2382775)[0m                                                   'do_sample': False,
[36m(TaskRunner pid=2382775)[0m                                                   'n': 1,
[36m(TaskRunner pid=2382775)[0m                                                   'temperature': 0,
[36m(TaskRunner pid=2382775)[0m                                                   'top_k': -1,
[36m(TaskRunner pid=2382775)[0m                                                   'top_p': 1.0}}},
[36m(TaskRunner pid=2382775)[0m  'algorithm': {'_target_': 'verl.trainer.config.AlgoConfig',
[36m(TaskRunner pid=2382775)[0m                'adv_estimator': 'grpo',
[36m(TaskRunner pid=2382775)[0m                'filter_groups': {'_target_': 'verl.trainer.config.FilterGroupsConfig',
[36m(TaskRunner pid=2382775)[0m                                  'enable': False,
[36m(TaskRunner pid=2382775)[0m                                  'max_inflight_gen_batches': 1,
[36m(TaskRunner pid=2382775)[0m                                  'max_num_gen_batches': 0,
[36m(TaskRunner pid=2382775)[0m                                  'metric': None},
[36m(TaskRunner pid=2382775)[0m                'gamma': 1.0,
[36m(TaskRunner pid=2382775)[0m                'kl_ctrl': {'_target_': 'verl.trainer.config.KLControlConfig',
[36m(TaskRunner pid=2382775)[0m                            'horizon': 10000,
[36m(TaskRunner pid=2382775)[0m                            'kl_coef': 0.001,
[36m(TaskRunner pid=2382775)[0m                            'target_kl': 0.1,
[36m(TaskRunner pid=2382775)[0m                            'type': 'fixed'},
[36m(TaskRunner pid=2382775)[0m                'kl_penalty': 'kl',
[36m(TaskRunner pid=2382775)[0m                'lam': 1.0,
[36m(TaskRunner pid=2382775)[0m                'norm_adv_by_std_in_grpo': True,
[36m(TaskRunner pid=2382775)[0m                'pf_ppo': {'reweight_method': 'pow', 'weight_pow': 2.0},
[36m(TaskRunner pid=2382775)[0m                'rollout_correction': {'bypass_mode': False,
[36m(TaskRunner pid=2382775)[0m                                       'loss_type': 'ppo_clip',
[36m(TaskRunner pid=2382775)[0m                                       'rollout_is': None,
[36m(TaskRunner pid=2382775)[0m                                       'rollout_is_batch_normalize': False,
[36m(TaskRunner pid=2382775)[0m                                       'rollout_is_threshold': 2.0,
[36m(TaskRunner pid=2382775)[0m                                       'rollout_rs': None,
[36m(TaskRunner pid=2382775)[0m                                       'rollout_rs_threshold': None},
[36m(TaskRunner pid=2382775)[0m                'use_kl_in_reward': False,
[36m(TaskRunner pid=2382775)[0m                'use_pf_ppo': False},
[36m(TaskRunner pid=2382775)[0m  'critic': {'_target_': 'verl.workers.config.FSDPCriticConfig',
[36m(TaskRunner pid=2382775)[0m             'checkpoint': {'_target_': 'verl.trainer.config.CheckpointConfig',
[36m(TaskRunner pid=2382775)[0m                            'async_save': False,
[36m(TaskRunner pid=2382775)[0m                            'load_contents': ['model', 'optimizer', 'extra'],
[36m(TaskRunner pid=2382775)[0m                            'save_contents': ['model', 'optimizer', 'extra']},
[36m(TaskRunner pid=2382775)[0m             'cliprange_value': 0.5,
[36m(TaskRunner pid=2382775)[0m             'data_loader_seed': 42,
[36m(TaskRunner pid=2382775)[0m             'enable': None,
[36m(TaskRunner pid=2382775)[0m             'forward_max_token_len_per_gpu': 32768,
[36m(TaskRunner pid=2382775)[0m             'forward_micro_batch_size': None,
[36m(TaskRunner pid=2382775)[0m             'forward_micro_batch_size_per_gpu': None,
[36m(TaskRunner pid=2382775)[0m             'fsdp': {'_target_': 'verl.workers.config.FSDPEngineConfig',
[36m(TaskRunner pid=2382775)[0m                      'dtype': 'bfloat16',
[36m(TaskRunner pid=2382775)[0m                      'entropy_checkpointing': False,
[36m(TaskRunner pid=2382775)[0m                      'entropy_from_logits_chunk_size': 2048,
[36m(TaskRunner pid=2382775)[0m                      'entropy_from_logits_with_chunking': False,
[36m(TaskRunner pid=2382775)[0m                      'forward_only': False,
[36m(TaskRunner pid=2382775)[0m                      'forward_prefetch': False,
[36m(TaskRunner pid=2382775)[0m                      'fsdp_size': -1,
[36m(TaskRunner pid=2382775)[0m                      'full_determinism': False,
[36m(TaskRunner pid=2382775)[0m                      'model_dtype': 'fp32',
[36m(TaskRunner pid=2382775)[0m                      'offload_policy': False,
[36m(TaskRunner pid=2382775)[0m                      'optimizer_offload': False,
[36m(TaskRunner pid=2382775)[0m                      'pad_to_length': False,
[36m(TaskRunner pid=2382775)[0m                      'pad_to_length_bucket': 1024,
[36m(TaskRunner pid=2382775)[0m                      'param_offload': False,
[36m(TaskRunner pid=2382775)[0m                      'qat': {'_target_': 'verl.workers.config.QATEngineConfig',
[36m(TaskRunner pid=2382775)[0m                              'activation_observer': 'static_minmax',
[36m(TaskRunner pid=2382775)[0m                              'enable': False,
[36m(TaskRunner pid=2382775)[0m                              'group_size': 16,
[36m(TaskRunner pid=2382775)[0m                              'ignore_patterns': ['lm_head',
[36m(TaskRunner pid=2382775)[0m                                                  'embed_tokens',
[36m(TaskRunner pid=2382775)[0m                                                  're:.*mlp.gate$'],
[36m(TaskRunner pid=2382775)[0m                              'mode': 'w4a16',
[36m(TaskRunner pid=2382775)[0m                              'quantization_config_path': None},
[36m(TaskRunner pid=2382775)[0m                      'reshard_after_forward': True,
[36m(TaskRunner pid=2382775)[0m                      'seed': 42,
[36m(TaskRunner pid=2382775)[0m                      'strategy': 'fsdp',
[36m(TaskRunner pid=2382775)[0m                      'ulysses_sequence_parallel_size': 1,
[36m(TaskRunner pid=2382775)[0m                      'use_orig_params': False,
[36m(TaskRunner pid=2382775)[0m                      'use_torch_compile': True,
[36m(TaskRunner pid=2382775)[0m                      'wrap_policy': {'min_num_params': 0}},
[36m(TaskRunner pid=2382775)[0m             'grad_clip': 1.0,
[36m(TaskRunner pid=2382775)[0m             'loss_agg_mode': 'token-mean',
[36m(TaskRunner pid=2382775)[0m             'loss_scale_factor': None,
[36m(TaskRunner pid=2382775)[0m             'model': {'_target_': 'verl.workers.config.HFModelConfig',
[36m(TaskRunner pid=2382775)[0m                       'custom_chat_template': None,
[36m(TaskRunner pid=2382775)[0m                       'enable_activation_offload': False,
[36m(TaskRunner pid=2382775)[0m                       'enable_gradient_checkpointing': True,
[36m(TaskRunner pid=2382775)[0m                       'exclude_modules': None,
[36m(TaskRunner pid=2382775)[0m                       'external_lib': None,
[36m(TaskRunner pid=2382775)[0m                       'fused_kernel_options': {'impl_backend': 'torch'},
[36m(TaskRunner pid=2382775)[0m                       'hf_config_path': None,
[36m(TaskRunner pid=2382775)[0m                       'lora': {'a2a_experimental': False,
[36m(TaskRunner pid=2382775)[0m                                'adapter_path': None,
[36m(TaskRunner pid=2382775)[0m                                'alpha': 32,
[36m(TaskRunner pid=2382775)[0m                                'dropout': 0.0,
[36m(TaskRunner pid=2382775)[0m                                'dropout_position': 'pre',
[36m(TaskRunner pid=2382775)[0m                                'dtype': None,
[36m(TaskRunner pid=2382775)[0m                                'exclude_modules': [],
[36m(TaskRunner pid=2382775)[0m                                'freeze_language_model': True,
[36m(TaskRunner pid=2382775)[0m                                'freeze_vision_model': True,
[36m(TaskRunner pid=2382775)[0m                                'freeze_vision_projection': True,
[36m(TaskRunner pid=2382775)[0m                                'lora_A_init_method': 'xavier',
[36m(TaskRunner pid=2382775)[0m                                'lora_B_init_method': 'zero',
[36m(TaskRunner pid=2382775)[0m                                'merge': False,
[36m(TaskRunner pid=2382775)[0m                                'rank': 0,
[36m(TaskRunner pid=2382775)[0m                                'target_modules': ['linear_qkv',
[36m(TaskRunner pid=2382775)[0m                                                   'linear_proj',
[36m(TaskRunner pid=2382775)[0m                                                   'linear_fc1',
[36m(TaskRunner pid=2382775)[0m                                                   'linear_fc2'],
[36m(TaskRunner pid=2382775)[0m                                'type': 'lora'},
[36m(TaskRunner pid=2382775)[0m                       'lora_adapter_path': None,
[36m(TaskRunner pid=2382775)[0m                       'lora_alpha': 16,
[36m(TaskRunner pid=2382775)[0m                       'lora_rank': 0,
[36m(TaskRunner pid=2382775)[0m                       'mtp': {'_target_': 'verl.workers.config.MtpConfig',
[36m(TaskRunner pid=2382775)[0m                               'detach_encoder': False,
[36m(TaskRunner pid=2382775)[0m                               'enable': False,
[36m(TaskRunner pid=2382775)[0m                               'enable_rollout': False,
[36m(TaskRunner pid=2382775)[0m                               'enable_train': False,
[36m(TaskRunner pid=2382775)[0m                               'method': 'mtp',
[36m(TaskRunner pid=2382775)[0m                               'mtp_loss_scaling_factor': 0.1,
[36m(TaskRunner pid=2382775)[0m                               'num_speculative_tokens': 1,
[36m(TaskRunner pid=2382775)[0m                               'speculative_algorithm': 'EAGLE',
[36m(TaskRunner pid=2382775)[0m                               'speculative_eagle_topk': 1,
[36m(TaskRunner pid=2382775)[0m                               'speculative_num_draft_tokens': 4,
[36m(TaskRunner pid=2382775)[0m                               'speculative_num_steps': 3},
[36m(TaskRunner pid=2382775)[0m                       'override_config': {},
[36m(TaskRunner pid=2382775)[0m                       'path': '~/models/deepseek-llm-7b-chat',
[36m(TaskRunner pid=2382775)[0m                       'target_modules': 'all-linear',
[36m(TaskRunner pid=2382775)[0m                       'tiled_mlp': {'enabled': False, 'num_shards': 4},
[36m(TaskRunner pid=2382775)[0m                       'tokenizer_path': None,
[36m(TaskRunner pid=2382775)[0m                       'trust_remote_code': False,
[36m(TaskRunner pid=2382775)[0m                       'use_fused_kernels': False,
[36m(TaskRunner pid=2382775)[0m                       'use_liger': False,
[36m(TaskRunner pid=2382775)[0m                       'use_remove_padding': True,
[36m(TaskRunner pid=2382775)[0m                       'use_shm': False},
[36m(TaskRunner pid=2382775)[0m             'optim': {'_target_': 'verl.workers.config.FSDPOptimizerConfig',
[36m(TaskRunner pid=2382775)[0m                       'betas': [0.9, 0.999],
[36m(TaskRunner pid=2382775)[0m                       'clip_grad': 1.0,
[36m(TaskRunner pid=2382775)[0m                       'lr': 1e-05,
[36m(TaskRunner pid=2382775)[0m                       'lr_scheduler_type': 'constant',
[36m(TaskRunner pid=2382775)[0m                       'lr_warmup_steps': -1,
[36m(TaskRunner pid=2382775)[0m                       'lr_warmup_steps_ratio': 0.0,
[36m(TaskRunner pid=2382775)[0m                       'min_lr_ratio': 0.0,
[36m(TaskRunner pid=2382775)[0m                       'num_cycles': 0.5,
[36m(TaskRunner pid=2382775)[0m                       'optimizer': 'AdamW',
[36m(TaskRunner pid=2382775)[0m                       'optimizer_impl': 'torch.optim',
[36m(TaskRunner pid=2382775)[0m                       'override_optimizer_config': None,
[36m(TaskRunner pid=2382775)[0m                       'total_training_steps': -1,
[36m(TaskRunner pid=2382775)[0m                       'warmup_style': None,
[36m(TaskRunner pid=2382775)[0m                       'weight_decay': 0.01,
[36m(TaskRunner pid=2382775)[0m                       'zero_indexed_step': True},
[36m(TaskRunner pid=2382775)[0m             'ppo_epochs': 1,
[36m(TaskRunner pid=2382775)[0m             'ppo_max_token_len_per_gpu': 32768,
[36m(TaskRunner pid=2382775)[0m             'ppo_micro_batch_size': None,
[36m(TaskRunner pid=2382775)[0m             'ppo_micro_batch_size_per_gpu': None,
[36m(TaskRunner pid=2382775)[0m             'ppo_mini_batch_size': 8,
[36m(TaskRunner pid=2382775)[0m             'profiler': {'_target_': 'verl.utils.profiler.ProfilerConfig',
[36m(TaskRunner pid=2382775)[0m                          'all_ranks': False,
[36m(TaskRunner pid=2382775)[0m                          'enable': False,
[36m(TaskRunner pid=2382775)[0m                          'ranks': [],
[36m(TaskRunner pid=2382775)[0m                          'save_path': 'outputs/profile',
[36m(TaskRunner pid=2382775)[0m                          'tool': None,
[36m(TaskRunner pid=2382775)[0m                          'tool_config': {'npu': {'_target_': 'verl.utils.profiler.config.NPUToolConfig',
[36m(TaskRunner pid=2382775)[0m                                                  'analysis': True,
[36m(TaskRunner pid=2382775)[0m                                                  'contents': [],
[36m(TaskRunner pid=2382775)[0m                                                  'discrete': False,
[36m(TaskRunner pid=2382775)[0m                                                  'level': 'level0'},
[36m(TaskRunner pid=2382775)[0m                                          'nsys': {'_target_': 'verl.utils.profiler.config.NsightToolConfig',
[36m(TaskRunner pid=2382775)[0m                                                   'discrete': False},
[36m(TaskRunner pid=2382775)[0m                                          'precision_debugger': {'_target_': 'verl.utils.profiler.config.PrecisionDebuggerToolConfig',
[36m(TaskRunner pid=2382775)[0m                                                                 'config_path': None,
[36m(TaskRunner pid=2382775)[0m                                                                 'stages': None,
[36m(TaskRunner pid=2382775)[0m                                                                 'steps': None,
[36m(TaskRunner pid=2382775)[0m                                                                 'strict': False},
[36m(TaskRunner pid=2382775)[0m                                          'torch': {'_target_': 'verl.utils.profiler.config.TorchProfilerToolConfig',
[36m(TaskRunner pid=2382775)[0m                                                    'contents': [],
[36m(TaskRunner pid=2382775)[0m                                                    'discrete': False,
[36m(TaskRunner pid=2382775)[0m                                                    'schedule': {'_target_': 'verl.utils.profiler.config.TorchProfilerScheduleConfig',
[36m(TaskRunner pid=2382775)[0m                                                                 'active': 0,
[36m(TaskRunner pid=2382775)[0m                                                                 'repeat': 0,
[36m(TaskRunner pid=2382775)[0m                                                                 'skip_first': 0,
[36m(TaskRunner pid=2382775)[0m                                                                 'wait': 0,
[36m(TaskRunner pid=2382775)[0m                                                                 'warmup': 0}},
[36m(TaskRunner pid=2382775)[0m                                          'torch_memory': {'_target_': 'verl.utils.profiler.config.TorchMemoryToolConfig',
[36m(TaskRunner pid=2382775)[0m                                                           'stack_depth': 32,
[36m(TaskRunner pid=2382775)[0m                                                           'trace_alloc_max_entries': 100000}}},
[36m(TaskRunner pid=2382775)[0m             'rollout_n': 16,
[36m(TaskRunner pid=2382775)[0m             'shuffle': False,
[36m(TaskRunner pid=2382775)[0m             'strategy': 'fsdp',
[36m(TaskRunner pid=2382775)[0m             'ulysses_sequence_parallel_size': 1,
[36m(TaskRunner pid=2382775)[0m             'use_dynamic_bsz': True},
[36m(TaskRunner pid=2382775)[0m  'custom_reward_function': {'name': None, 'path': None},
[36m(TaskRunner pid=2382775)[0m  'data': {'apply_chat_template_kwargs': {},
[36m(TaskRunner pid=2382775)[0m           'audio_key': 'audios',
[36m(TaskRunner pid=2382775)[0m           'continuous_token': {'enable': False, 'model_family': 'auto'},
[36m(TaskRunner pid=2382775)[0m           'custom_cls': {'name': None, 'path': None},
[36m(TaskRunner pid=2382775)[0m           'dataloader_num_workers': 8,
[36m(TaskRunner pid=2382775)[0m           'filter_overlong_prompts': False,
[36m(TaskRunner pid=2382775)[0m           'filter_overlong_prompts_workers': 1,
[36m(TaskRunner pid=2382775)[0m           'function_tool_path': None,
[36m(TaskRunner pid=2382775)[0m           'gen_batch_size': None,
[36m(TaskRunner pid=2382775)[0m           'image_key': 'images',
[36m(TaskRunner pid=2382775)[0m           'image_patch_size': 16,
[36m(TaskRunner pid=2382775)[0m           'max_prompt_length': 4608,
[36m(TaskRunner pid=2382775)[0m           'max_response_length': 16384,
[36m(TaskRunner pid=2382775)[0m           'mm_processor_kwargs': {},
[36m(TaskRunner pid=2382775)[0m           'prompt_key': 'prompt',
[36m(TaskRunner pid=2382775)[0m           'return_full_prompt': False,
[36m(TaskRunner pid=2382775)[0m           'return_multi_modal_inputs': True,
[36m(TaskRunner pid=2382775)[0m           'return_raw_chat': True,
[36m(TaskRunner pid=2382775)[0m           'return_raw_input_ids': False,
[36m(TaskRunner pid=2382775)[0m           'reward_fn_key': 'data_source',
[36m(TaskRunner pid=2382775)[0m           'seed': None,
[36m(TaskRunner pid=2382775)[0m           'shuffle': True,
[36m(TaskRunner pid=2382775)[0m           'tokenizer': None,
[36m(TaskRunner pid=2382775)[0m           'tool_config_path': '/home/yw4636/agentic-tvg/crop_video_tool.yaml',
[36m(TaskRunner pid=2382775)[0m           'train_batch_size': 8,
[36m(TaskRunner pid=2382775)[0m           'train_files': '/home/yw4636/agentic-tvg/data/processed/rl_train_ep2.parquet',
[36m(TaskRunner pid=2382775)[0m           'train_max_samples': -1,
[36m(TaskRunner pid=2382775)[0m           'truncation': 'error',
[36m(TaskRunner pid=2382775)[0m           'trust_remote_code': False,
[36m(TaskRunner pid=2382775)[0m           'use_shm': False,
[36m(TaskRunner pid=2382775)[0m           'val_batch_size': 2,
[36m(TaskRunner pid=2382775)[0m           'val_files': '/home/yw4636/agentic-tvg/data/processed/rl_val.parquet',
[36m(TaskRunner pid=2382775)[0m           'val_max_samples': -1,
[36m(TaskRunner pid=2382775)[0m           'validation_shuffle': False,
[36m(TaskRunner pid=2382775)[0m           'video_key': 'videos'},
[36m(TaskRunner pid=2382775)[0m  'distillation': {'_target_': 'verl.workers.config.DistillationConfig',
[36m(TaskRunner pid=2382775)[0m                   'distillation_loss': {'_target_': 'verl.workers.config.DistillationLossConfig',
[36m(TaskRunner pid=2382775)[0m                                         'clip_ratio': 0.2,
[36m(TaskRunner pid=2382775)[0m                                         'clip_ratio_high': 0.2,
[36m(TaskRunner pid=2382775)[0m                                         'clip_ratio_low': 0.2,
[36m(TaskRunner pid=2382775)[0m                                         'distillation_loss_coef': 1.0,
[36m(TaskRunner pid=2382775)[0m                                         'log_prob_min_clamp': None,
[36m(TaskRunner pid=2382775)[0m                                         'loss_max_clamp': None,
[36m(TaskRunner pid=2382775)[0m                                         'loss_mode': 'k3',
[36m(TaskRunner pid=2382775)[0m                                         'policy_loss_mode': 'vanilla',
[36m(TaskRunner pid=2382775)[0m                                         'topk': 32,
[36m(TaskRunner pid=2382775)[0m                                         'use_policy_gradient': False,
[36m(TaskRunner pid=2382775)[0m                                         'use_task_rewards': True},
[36m(TaskRunner pid=2382775)[0m                   'enabled': False,
[36m(TaskRunner pid=2382775)[0m                   'n_gpus_per_node': 8,
[36m(TaskRunner pid=2382775)[0m                   'nnodes': 0,
[36m(TaskRunner pid=2382775)[0m                   'teacher_key': 'data_source',
[36m(TaskRunner pid=2382775)[0m                   'teacher_models': {'teacher_model': {'_target_': 'verl.workers.config.DistillationTeacherModelConfig',
[36m(TaskRunner pid=2382775)[0m                                                        'inference': {'_target_': 'verl.workers.config.RolloutConfig',
[36m(TaskRunner pid=2382775)[0m                                                                      'cudagraph_capture_sizes': None,
[36m(TaskRunner pid=2382775)[0m                                                                      'data_parallel_size': 1,
[36m(TaskRunner pid=2382775)[0m                                                                      'disable_log_stats': True,
[36m(TaskRunner pid=2382775)[0m                                                                      'dtype': 'bfloat16',
[36m(TaskRunner pid=2382775)[0m                                                                      'enable_chunked_prefill': True,
[36m(TaskRunner pid=2382775)[0m                                                                      'enable_prefix_caching': True,
[36m(TaskRunner pid=2382775)[0m                                                                      'enforce_eager': True,
[36m(TaskRunner pid=2382775)[0m                                                                      'engine_kwargs': {},
[36m(TaskRunner pid=2382775)[0m                                                                      'expert_parallel_size': 1,
[36m(TaskRunner pid=2382775)[0m                                                                      'free_cache_engine': True,
[36m(TaskRunner pid=2382775)[0m                                                                      'gpu_memory_utilization': 0.5,
[36m(TaskRunner pid=2382775)[0m                                                                      'limit_images': None,
[36m(TaskRunner pid=2382775)[0m                                                                      'load_format': 'auto',
[36m(TaskRunner pid=2382775)[0m                                                                      'max_model_len': None,
[36m(TaskRunner pid=2382775)[0m                                                                      'max_num_batched_tokens': 8192,
[36m(TaskRunner pid=2382775)[0m                                                                      'max_num_seqs': 1024,
[36m(TaskRunner pid=2382775)[0m                                                                      'name': 'vllm',
[36m(TaskRunner pid=2382775)[0m                                                                      'prompt_length': 4608,
[36m(TaskRunner pid=2382775)[0m                                                                      'response_length': 16384,
[36m(TaskRunner pid=2382775)[0m                                                                      'skip_tokenizer_init': True,
[36m(TaskRunner pid=2382775)[0m                                                                      'temperature': 1.0,
[36m(TaskRunner pid=2382775)[0m                                                                      'tensor_model_parallel_size': 2},
[36m(TaskRunner pid=2382775)[0m                                                        'key': None,
[36m(TaskRunner pid=2382775)[0m                                                        'model_path': None,
[36m(TaskRunner pid=2382775)[0m                                                        'num_replicas': 0}}},
[36m(TaskRunner pid=2382775)[0m  'global_profiler': {'_target_': 'verl.utils.profiler.ProfilerConfig',
[36m(TaskRunner pid=2382775)[0m                      'global_tool_config': {'nsys': {'_target_': 'verl.utils.profiler.config.NsightToolConfig',
[36m(TaskRunner pid=2382775)[0m                                                      'controller_nsight_options': {'cuda-graph-trace': 'graph',
[36m(TaskRunner pid=2382775)[0m                                                                                    'cuda-memory-usage': 'true',
[36m(TaskRunner pid=2382775)[0m                                                                                    'trace': 'cuda,nvtx,cublas,ucx'},
[36m(TaskRunner pid=2382775)[0m                                                      'discrete': False,
[36m(TaskRunner pid=2382775)[0m                                                      'worker_nsight_options': {'capture-range': 'cudaProfilerApi',
[36m(TaskRunner pid=2382775)[0m                                                                                'capture-range-end': None,
[36m(TaskRunner pid=2382775)[0m                                                                                'cuda-graph-trace': 'graph',
[36m(TaskRunner pid=2382775)[0m                                                                                'cuda-memory-usage': 'true',
[36m(TaskRunner pid=2382775)[0m                                                                                'kill': 'none',
[36m(TaskRunner pid=2382775)[0m                                                                                'trace': 'cuda,nvtx,cublas,ucx'}},
[36m(TaskRunner pid=2382775)[0m                                             'precision_debugger': {'_target_': 'verl.utils.profiler.config.PrecisionDebuggerToolConfig',
[36m(TaskRunner pid=2382775)[0m                                                                    'config_path': None,
[36m(TaskRunner pid=2382775)[0m                                                                    'stages': None,
[36m(TaskRunner pid=2382775)[0m                                                                    'steps': None,
[36m(TaskRunner pid=2382775)[0m                                                                    'strict': False},
[36m(TaskRunner pid=2382775)[0m                                             'torch_memory': {'context': 'all',
[36m(TaskRunner pid=2382775)[0m                                                              'kw_args': {},
[36m(TaskRunner pid=2382775)[0m                                                              'stack_depth': 32,
[36m(TaskRunner pid=2382775)[0m                                                              'stacks': 'all',
[36m(TaskRunner pid=2382775)[0m                                                              'trace_alloc_max_entries': 100000}},
[36m(TaskRunner pid=2382775)[0m                      'profile_continuous_steps': False,
[36m(TaskRunner pid=2382775)[0m                      'save_path': 'outputs/profile',
[36m(TaskRunner pid=2382775)[0m                      'steps': None,
[36m(TaskRunner pid=2382775)[0m                      'tool': None},
[36m(TaskRunner pid=2382775)[0m  'model_engine': 'dp',
[36m(TaskRunner pid=2382775)[0m  'ray_kwargs': {'ray_init': {'num_cpus': None,
[36m(TaskRunner pid=2382775)[0m                              'object_store_memory': 25769803776},
[36m(TaskRunner pid=2382775)[0m                 'timeline_json_file': None},
[36m(TaskRunner pid=2382775)[0m  'reward': {'_target_': 'verl.workers.config.RewardConfig',
[36m(TaskRunner pid=2382775)[0m             'custom_reward_function': {'name': 'compute_score_qa2',
[36m(TaskRunner pid=2382775)[0m                                        'path': '/home/yw4636/agentic-tvg/agentic_tvg/reward.py'},
[36m(TaskRunner pid=2382775)[0m             'num_workers': 8,
[36m(TaskRunner pid=2382775)[0m             'reward_manager': {'_target_': 'verl.workers.config.reward.RewardManagerConfig',
[36m(TaskRunner pid=2382775)[0m                                'module': {'_target_': 'verl.trainer.config.config.ModuleConfig',
[36m(TaskRunner pid=2382775)[0m                                           'name': 'custom_reward_manager',
[36m(TaskRunner pid=2382775)[0m                                           'path': None},
[36m(TaskRunner pid=2382775)[0m                                'name': 'naive',
[36m(TaskRunner pid=2382775)[0m                                'source': 'register'},
[36m(TaskRunner pid=2382775)[0m             'reward_model': {'_target_': 'verl.workers.config.RewardModelConfig',
[36m(TaskRunner pid=2382775)[0m                              'enable': False,
[36m(TaskRunner pid=2382775)[0m                              'enable_resource_pool': False,
[36m(TaskRunner pid=2382775)[0m                              'model_path': None,
[36m(TaskRunner pid=2382775)[0m                              'n_gpus_per_node': 8,
[36m(TaskRunner pid=2382775)[0m                              'nnodes': 0,
[36m(TaskRunner pid=2382775)[0m                              'rollout': {'_target_': 'verl.workers.config.RolloutConfig',
[36m(TaskRunner pid=2382775)[0m                                          'cudagraph_capture_sizes': None,
[36m(TaskRunner pid=2382775)[0m                                          'data_parallel_size': 1,
[36m(TaskRunner pid=2382775)[0m                                          'disable_log_stats': True,
[36m(TaskRunner pid=2382775)[0m                                          'disaggregation': {'bootstrap_port': None,
[36m(TaskRunner pid=2382775)[0m                                                             'decode_replicas': 1,
[36m(TaskRunner pid=2382775)[0m                                                             'decode_tensor_model_parallel_size': None,
[36m(TaskRunner pid=2382775)[0m                                                             'enabled': False,
[36m(TaskRunner pid=2382775)[0m                                                             'ib_device': None,
[36m(TaskRunner pid=2382775)[0m                                                             'prefill_replicas': 1,
[36m(TaskRunner pid=2382775)[0m                                                             'transfer_backend': 'nixl'},
[36m(TaskRunner pid=2382775)[0m                                          'do_sample': True,
[36m(TaskRunner pid=2382775)[0m                                          'dtype': 'bfloat16',
[36m(TaskRunner pid=2382775)[0m                                          'enable_chunked_prefill': True,
[36m(TaskRunner pid=2382775)[0m                                          'enable_prefix_caching': True,
[36m(TaskRunner pid=2382775)[0m                                          'enforce_eager': True,
[36m(TaskRunner pid=2382775)[0m                                          'engine_kwargs': {},
[36m(TaskRunner pid=2382775)[0m                                          'expert_parallel_size': 1,
[36m(TaskRunner pid=2382775)[0m                                          'free_cache_engine': True,
[36m(TaskRunner pid=2382775)[0m                                          'full_determinism': False,
[36m(TaskRunner pid=2382775)[0m                                          'gpu_memory_utilization': 0.5,
[36m(TaskRunner pid=2382775)[0m                                          'ignore_eos': False,
[36m(TaskRunner pid=2382775)[0m                                          'layered_summon': False,
[36m(TaskRunner pid=2382775)[0m                                          'limit_images': None,
[36m(TaskRunner pid=2382775)[0m                                          'load_format': 'auto',
[36m(TaskRunner pid=2382775)[0m                                          'max_model_len': None,
[36m(TaskRunner pid=2382775)[0m                                          'max_num_batched_tokens': 8192,
[36m(TaskRunner pid=2382775)[0m                                          'max_num_seqs': 1024,
[36m(TaskRunner pid=2382775)[0m                                          'mtp': None,
[36m(TaskRunner pid=2382775)[0m                                          'multi_stage_wake_up': False,
[36m(TaskRunner pid=2382775)[0m                                          'n': 1,
[36m(TaskRunner pid=2382775)[0m                                          'name': '???',
[36m(TaskRunner pid=2382775)[0m                                          'pipeline_model_parallel_size': 1,
[36m(TaskRunner pid=2382775)[0m                                          'prompt_length': 2048,
[36m(TaskRunner pid=2382775)[0m                                          'quantization': None,
[36m(TaskRunner pid=2382775)[0m                                          'quantization_config_file': None,
[36m(TaskRunner pid=2382775)[0m                                          'response_length': 2048,
[36m(TaskRunner pid=2382775)[0m                                          'scheduling_policy': 'fcfs',
[36m(TaskRunner pid=2382775)[0m                                          'seed': 42,
[36m(TaskRunner pid=2382775)[0m                                          'skip_tokenizer_init': False,
[36m(TaskRunner pid=2382775)[0m                                          'temperature': 1.0,
[36m(TaskRunner pid=2382775)[0m                                          'tensor_model_parallel_size': 2,
[36m(TaskRunner pid=2382775)[0m                                          'top_k': -1,
[36m(TaskRunner pid=2382775)[0m                                          'top_p': 1}},
[36m(TaskRunner pid=2382775)[0m             'sandbox_fusion': {'_target_': 'verl.workers.config.SandboxFusionConfig',
[36m(TaskRunner pid=2382775)[0m                                'max_concurrent': 64,
[36m(TaskRunner pid=2382775)[0m                                'memory_limit_mb': 1024,
[36m(TaskRunner pid=2382775)[0m                                'url': None}},
[36m(TaskRunner pid=2382775)[0m  'reward_model': {'enable': None,
[36m(TaskRunner pid=2382775)[0m                   'enable_resource_pool': None,
[36m(TaskRunner pid=2382775)[0m                   'model': {'external_lib': None,
[36m(TaskRunner pid=2382775)[0m                             'path': None,
[36m(TaskRunner pid=2382775)[0m                             'trust_remote_code': None},
[36m(TaskRunner pid=2382775)[0m                   'n_gpus_per_node': None,
[36m(TaskRunner pid=2382775)[0m                   'nnodes': None,
[36m(TaskRunner pid=2382775)[0m                   'num_workers': None,
[36m(TaskRunner pid=2382775)[0m                   'reward_loop_class_name': None,
[36m(TaskRunner pid=2382775)[0m                   'reward_loop_module_path': None,
[36m(TaskRunner pid=2382775)[0m                   'reward_loop_source': None,
[36m(TaskRunner pid=2382775)[0m                   'reward_manager': None,
[36m(TaskRunner pid=2382775)[0m                   'rollout': {'cudagraph_capture_sizes': None,
[36m(TaskRunner pid=2382775)[0m                               'data_parallel_size': None,
[36m(TaskRunner pid=2382775)[0m                               'disable_log_stats': None,
[36m(TaskRunner pid=2382775)[0m                               'dtype': None,
[36m(TaskRunner pid=2382775)[0m                               'enable_chunked_prefill': None,
[36m(TaskRunner pid=2382775)[0m                               'enable_prefix_caching': None,[36m(TaskRunner pid=2382775)[0m /home/yw4636/.conda/envs/verl/lib/python3.12/site-packages/verl/trainer/main_ppo_v0.py:182: UserWarning: Disabled critic as algorithm.adv_estimator != gae. If it is not intended, please set critic.enable=True
[36m(TaskRunner pid=2382775)[0m   use_critic=need_critic(config),

[36m(TaskRunner pid=2382775)[0m                               'enforce_eager': None,
[36m(TaskRunner pid=2382775)[0m                               'engine_kwargs': None,
[36m(TaskRunner pid=2382775)[0m                               'expert_parallel_size': None,
[36m(TaskRunner pid=2382775)[0m                               'free_cache_engine': None,
[36m(TaskRunner pid=2382775)[0m                               'gpu_memory_utilization': None,
[36m(TaskRunner pid=2382775)[0m                               'limit_images': None,
[36m(TaskRunner pid=2382775)[0m                               'load_format': None,
[36m(TaskRunner pid=2382775)[0m                               'max_model_len': None,
[36m(TaskRunner pid=2382775)[0m                               'max_num_batched_tokens': None,
[36m(TaskRunner pid=2382775)[0m                               'max_num_seqs': None,
[36m(TaskRunner pid=2382775)[0m                               'name': None,
[36m(TaskRunner pid=2382775)[0m                               'prompt_length': None,
[36m(TaskRunner pid=2382775)[0m                               'response_length': None,
[36m(TaskRunner pid=2382775)[0m                               'skip_tokenizer_init': None,
[36m(TaskRunner pid=2382775)[0m                               'tensor_model_parallel_size': None}},
[36m(TaskRunner pid=2382775)[0m  'sandbox_fusion': {'max_concurrent': None,
[36m(TaskRunner pid=2382775)[0m                     'memory_limit_mb': None,
[36m(TaskRunner pid=2382775)[0m                     'url': None},
[36m(TaskRunner pid=2382775)[0m  'skip': {'_target_': 'verl.utils.skip.SkipManagerConfig',
[36m(TaskRunner pid=2382775)[0m           'async_rollout': {'action': 'cache',
[36m(TaskRunner pid=2382775)[0m                             'dump_dir': '~/.verl/rollout_dump',
[36m(TaskRunner pid=2382775)[0m                             'enable': False,
[36m(TaskRunner pid=2382775)[0m                             'steps': []},
[36m(TaskRunner pid=2382775)[0m           'rollout': {'action': 'cache',
[36m(TaskRunner pid=2382775)[0m                       'dump_dir': '~/.verl/rollout_dump',
[36m(TaskRunner pid=2382775)[0m                       'enable': False,
[36m(TaskRunner pid=2382775)[0m                       'steps': []},
[36m(TaskRunner pid=2382775)[0m           'rollout_tq': {'action': 'cache',
[36m(TaskRunner pid=2382775)[0m                          'dump_dir': '~/.verl/rollout_dump',
[36m(TaskRunner pid=2382775)[0m                          'enable': False,
[36m(TaskRunner pid=2382775)[0m                          'steps': []}},
[36m(TaskRunner pid=2382775)[0m  'trainer': {'balance_batch': True,
[36m(TaskRunner pid=2382775)[0m              'critic_warmup': 0,
[36m(TaskRunner pid=2382775)[0m              'default_hdfs_dir': None,
[36m(TaskRunner pid=2382775)[0m              'default_local_dir': '/home/yw4636/agentic-tvg/results/grpo-v2/ckpt',
[36m(TaskRunner pid=2382775)[0m              'del_local_ckpt_after_load': False,
[36m(TaskRunner pid=2382775)[0m              'device': 'cuda',
[36m(TaskRunner pid=2382775)[0m              'esi_redundant_time': 0,
[36m(TaskRunner pid=2382775)[0m              'experiment_name': 'grpo_v2',
[36m(TaskRunner pid=2382775)[0m              'log_val_generations': 0,
[36m(TaskRunner pid=2382775)[0m              'logger': ['console', 'tensorboard'],
[36m(TaskRunner pid=2382775)[0m              'max_actor_ckpt_to_keep': 1,
[36m(TaskRunner pid=2382775)[0m              'max_critic_ckpt_to_keep': None,
[36m(TaskRunner pid=2382775)[0m              'n_gpus_per_node': 1,
[36m(TaskRunner pid=2382775)[0m              'nnodes': 1,
[36m(TaskRunner pid=2382775)[0m              'project_name': 'agentic-tvg',
[36m(TaskRunner pid=2382775)[0m              'ray_wait_register_center_timeout': 300,
[36m(TaskRunner pid=2382775)[0m              'resume_from_path': None,
[36m(TaskRunner pid=2382775)[0m              'resume_mode': 'auto',
[36m(TaskRunner pid=2382775)[0m              'rollout_data_dir': '/home/yw4636/agentic-tvg/results/grpo-v2/rollouts',
[36m(TaskRunner pid=2382775)[0m              'save_freq': 20,
[36m(TaskRunner pid=2382775)[0m              'test_freq': 20,
[36m(TaskRunner pid=2382775)[0m              'total_epochs': 2,
[36m(TaskRunner pid=2382775)[0m              'total_training_steps': 239,
[36m(TaskRunner pid=2382775)[0m              'use_v1': False,
[36m(TaskRunner pid=2382775)[0m              'v1': {'colocate_async': {'num_warmup_batches': 1},
[36m(TaskRunner pid=2382775)[0m                     'sampler': {'custom_sampler': {'name': None, 'path': None},
[36m(TaskRunner pid=2382775)[0m                                 'max_off_policy_strategy': 'drop',
[36m(TaskRunner pid=2382775)[0m                                 'max_off_policy_threshold': 8,
[36m(TaskRunner pid=2382775)[0m                                 'sampler_kwargs': {},
[36m(TaskRunner pid=2382775)[0m                                 'sync_refill_failed_groups': False},
[36m(TaskRunner pid=2382775)[0m                     'separate_async': {'num_warmup_batches': 1,
[36m(TaskRunner pid=2382775)[0m                                        'parameter_sync_step': 4},
[36m(TaskRunner pid=2382775)[0m                     'sync': {},
[36m(TaskRunner pid=2382775)[0m                     'trainer_mode': 'sync'},
[36m(TaskRunner pid=2382775)[0m              'val_before_train': False,
[36m(TaskRunner pid=2382775)[0m              'val_only': False,
[36m(TaskRunner pid=2382775)[0m              'validation_data_dir': '/home/yw4636/agentic-tvg/results/grpo-v2/val_rollouts'},
[36m(TaskRunner pid=2382775)[0m  'transfer_queue': {'backend': {'MooncakeStore': {'auto_init': False,
[36m(TaskRunner pid=2382775)[0m                                                   'device_name': '',
[36m(TaskRunner pid=2382775)[0m                                                   'global_segment_size': 4294967296,
[36m(TaskRunner pid=2382775)[0m                                                   'local_buffer_size': 1073741824,
[36m(TaskRunner pid=2382775)[0m                                                   'local_hostname': 'localhost',
[36m(TaskRunner pid=2382775)[0m                                                   'master_server_address': 'localhost:50124',
[36m(TaskRunner pid=2382775)[0m                                                   'metadata_server': 'localhost:50123',
[36m(TaskRunner pid=2382775)[0m                                                   'protocol': 'tcp'},
[36m(TaskRunner pid=2382775)[0m                                 'SimpleStorage': {'num_data_storage_units': 8,
[36m(TaskRunner pid=2382775)[0m                                                   'total_storage_size': 100000},
[36m(TaskRunner pid=2382775)[0m                                 'storage_backend': 'SimpleStorage'},
[36m(TaskRunner pid=2382775)[0m                     'enable': False,
[36m(TaskRunner pid=2382775)[0m                     'metrics': {'enabled': False, 'port': 0}}}
[36m(TaskRunner pid=2382775)[0m WARNING: val_batch_size is deprecated. Validation datasets are sent to inference engines as a whole batch, which will schedule the memory themselves.
[36m(TaskRunner pid=2382775)[0m [validate_config] All configuration checks passed successfully!
[36m(TaskRunner pid=2382775)[0m Using dataset class: RLHFDataset
[36m(TaskRunner pid=2382775)[0m {
[36m(TaskRunner pid=2382775)[0m   "type": "function",
[36m(TaskRunner pid=2382775)[0m   "function": {
[36m(TaskRunner pid=2382775)[0m     "name": "crop_video",
[36m(TaskRunner pid=2382775)[0m     "description": "Inspect a time interval of the current video closely: returns 30 higher-resolution frames sampled evenly from [start_time, end_time], each labeled with its timestamp in seconds.",
[36m(TaskRunner pid=2382775)[0m     "parameters": {
[36m(TaskRunner pid=2382775)[0m       "type": "object",
[36m(TaskRunner pid=2382775)[0m       "properties": {
[36m(TaskRunner pid=2382775)[0m         "start_time": {
[36m(TaskRunner pid=2382775)[0m           "type": "number",
[36m(TaskRunner pid=2382775)[0m           "description": "Interval start in seconds, >= 0."[36m(TaskRunner pid=2382775)[0m /home/yw4636/.conda/envs/verl/lib/python3.12/site-packages/verl/trainer/main_ppo_v0.py:218: FutureWarning: Warning: Class 'verl.trainer.ppo.ray_trainer.RayPPOTrainer' is deprecated. Please use 'Legacy trainer is deprecated, and wil be removed in v0.9.0. Please use `trainer.use_v1=True` instead.' instead.
[36m(TaskRunner pid=2382775)[0m   trainer = RayPPOTrainer(
[36m(TaskRunner pid=2382775)[0m /home/yw4636/.conda/envs/verl/lib/python3.12/site-packages/verl/trainer/ppo/ray_trainer.py:348: UserWarning: Disabled critic as algorithm.adv_estimator != gae. If it is not intended, please set critic.enable=True
[36m(TaskRunner pid=2382775)[0m   self.use_critic = need_critic(self.config)
[36m(WorkerDict pid=2383136)[0m /home/yw4636/.conda/envs/verl/lib/python3.12/site-packages/verl/workers/engine/__init__.py:31: UserWarning: torchtitan engine is not available: ModuleNotFoundError("No module named 'torchtitan'")
[36m(WorkerDict pid=2383136)[0m   warnings.warn(f"torchtitan engine is not available: {e!r}", stacklevel=1)
[36m(WorkerDict pid=2383136)[0m /home/yw4636/.conda/envs/verl/lib/python3.12/site-packages/verl/workers/engine/__init__.py:40: UserWarning: veomni engine is not available: ModuleNotFoundError("No module named 'veomni'")
[36m(WorkerDict pid=2383136)[0m   warnings.warn(f"veomni engine is not available: {e!r}", stacklevel=1)
[36m(WorkerDict pid=2383136)[0m /home/yw4636/.conda/envs/verl/lib/python3.12/site-packages/verl/workers/engine/__init__.py:49: UserWarning: automodel engine is not available: ModuleNotFoundError("No module named 'nemo_automodel'")
[36m(WorkerDict pid=2383136)[0m   warnings.warn(f"automodel engine is not available: {e!r}", stacklevel=1)
[36m(WorkerDict pid=2383136)[0m /home/yw4636/.conda/envs/verl/lib/python3.12/site-packages/verl/workers/engine/mindspeed/transformer_impl.py:24: UserWarning: NPU not support router replay for now.
[36m(WorkerDict pid=2383136)[0m   from verl.utils.megatron.router_replay_patch import RouterReplay
[36m(WorkerDict pid=2383136)[0m /home/yw4636/.conda/envs/verl/lib/python3.12/site-packages/verl/workers/engine/__init__.py:59: UserWarning: mindspeed engine is not available: ModuleNotFoundError("No module named 'megatron'")
[36m(WorkerDict pid=2383136)[0m   warnings.warn(f"mindspeed engine is not available: {e!r}", stacklevel=1)
[36m(WorkerDict pid=2383136)[0m /home/yw4636/.conda/envs/verl/lib/python3.12/site-packages/verl/workers/engine/__init__.py:69: UserWarning: megatron engine is not available: ModuleNotFoundError("No module named 'megatron'")
[36m(WorkerDict pid=2383136)[0m   warnings.warn(f"megatron engine is not available: {e!r}", stacklevel=1)
[36m(WorkerDict pid=2383136)[0m [transformers] Flash Attention 2 only supports torch.float16 and torch.bfloat16 dtypes, but the current dype in Qwen3VLForConditionalGeneration is torch.float32. You should run training or inference using Automatic Mixed-Precision via the `with torch.autocast(device_type='torch_device'):` decorator, or load the model with the `dtype` argument. Example: `model = AutoModel.from_pretrained("meta-llama/Llama-3.2-1B", attn_implementation="flash_attention_2", dtype=torch.float16)`
[36m(WorkerDict pid=2383136)[0m [transformers] Flash Attention 2 only supports torch.float16 and torch.bfloat16 dtypes, but the current dype in Qwen3VLModel is torch.float32. You should run training or inference using Automatic Mixed-Precision via the `with torch.autocast(device_type='torch_device'):` decorator, or load the model with the `dtype` argument. Example: `model = AutoModel.from_pretrained("meta-llama/Llama-3.2-1B", attn_implementation="flash_attention_2", dtype=torch.float16)`
[36m(WorkerDict pid=2383136)[0m [transformers] Flash Attention 2 only supports torch.float16 and torch.bfloat16 dtypes, but the current dype in Qwen3VLVisionModel is torch.float32. You should run training or inference using Automatic Mixed-Precision via the `with torch.autocast(device_type='torch_device'):` decorator, or load the model with the `dtype` argument. Example: `model = AutoModel.from_pretrained("meta-llama/Llama-3.2-1B", attn_implementation="flash_attention_2", dtype=torch.float16)`
[36m(WorkerDict pid=2383136)[0m [transformers] Flash Attention 2 only supports torch.float16 and torch.bfloat16 dtypes, but the current dype in Qwen3VLTextModel is torch.float32. You should run training or inference using Automatic Mixed-Precision via the `with torch.autocast(device_type='torch_device'):` decorator, or load the model with the `dtype` argument. Example: `model = AutoModel.from_pretrained("meta-llama/Llama-3.2-1B", attn_implementation="flash_attention_2", dtype=torch.float16)`
[36m(WorkerDict pid=2383136)[0m Loading weights:   0%|          | 0/713 [00:00<?, ?it/s]
[36m(WorkerDict pid=2383136)[0m Loading weights:   0%|          | 1/713 [00:00<06:20,  1.87it/s]
[36m(WorkerDict pid=2383136)[0m Loading weights:  20%|██        | 146/713 [00:00<00:01, 287.58it/s]
[36m(WorkerDict pid=2383136)[0m Loading weights:  30%|██▉       | 211/713 [00:00<00:01, 298.65it/s]
[36m(WorkerDict pid=2383136)[0m Loading weights:  37%|███▋      | 261/713 [00:01<00:01, 284.22it/s]
[36m(WorkerDict pid=2383136)[0m Loading weights:  42%|████▏     | 302/713 [00:01<00:01, 277.85it/s]
[36m(WorkerDict pid=2383136)[0m Loading weights:  47%|████▋     | 338/713 [00:01<00:01, 284.20it/s]
[36m(WorkerDict pid=2383136)[0m Loading weights:  52%|█████▏    | 372/713 [00:01<00:01, 285.25it/s]
[36m(WorkerDict pid=2383136)[0m Loading weights:  62%|██████▏   | 440/713 [00:01<00:00, 375.51it/s]
[36m(WorkerDict pid=2383136)[0m Loading weights:  93%|█████████▎| 666/713 [00:01<00:00, 839.33it/s]
[36m(WorkerDict pid=2383136)[0m Loading weights: 100%|██████████| 713/713 [00:01<00:00, 414.47it/s]
[36m(WorkerDict pid=2383136)[0m WARNING:2026-09-03 08:58:56,408:Setting the sleep level to 1 may cause a memory overflow.
[36m(vLLMHttpServer pid=2383624)[0m [transformers] The `use_fast` parameter is deprecated and will be removed in a future version. Use `backend="torchvision"` instead of `use_fast=True`, or `backend="pil"` instead of `use_fast=False`.
[36m(vLLMHttpServer pid=2383624)[0m (Worker pid=2384574) [transformers] The `use_fast` parameter is deprecated and will be removed in a future version. Use `backend="torchvision"` instead of `use_fast=True`, or `backend="pil"` instead of `use_fast=False`.
[36m(vLLMHttpServer pid=2383624)[0m (Worker pid=2384574) Loading safetensors checkpoint shards:   0% Completed | 0/1 [00:00<?, ?it/s]
[36m(vLLMHttpServer pid=2383624)[0m (Worker pid=2384574) Loading safetensors checkpoint shards: 100% Completed | 1/1 [00:01<00:00,  1.21s/it]
[36m(vLLMHttpServer pid=2383624)[0m (Worker pid=2384574) Loading safetensors checkpoint shards: 100% Completed | 1/1 [00:01<00:00,  1.21s/it]
[36m(vLLMHttpServer pid=2383624)[0m (Worker pid=2384574) 

[36m(TaskRunner pid=2382775)[0m         },
[36m(TaskRunner pid=2382775)[0m         "end_time": {
[36m(TaskRunner pid=2382775)[0m           "type": "number",
[36m(TaskRunner pid=2382775)[0m           "description": "Interval end in seconds, > start_time, <= video duration."
[36m(TaskRunner pid=2382775)[0m         }
[36m(TaskRunner pid=2382775)[0m       },
[36m(TaskRunner pid=2382775)[0m       "required": [
[36m(TaskRunner pid=2382775)[0m         "start_time",
[36m(TaskRunner pid=2382775)[0m         "end_time"
[36m(TaskRunner pid=2382775)[0m       ]
[36m(TaskRunner pid=2382775)[0m     }
[36m(TaskRunner pid=2382775)[0m   }
[36m(TaskRunner pid=2382775)[0m }
[36m(TaskRunner pid=2382775)[0m dataset len: 851
[36m(TaskRunner pid=2382775)[0m Using dataset class: RLHFDataset
[36m(TaskRunner pid=2382775)[0m {
[36m(TaskRunner pid=2382775)[0m   "type": "function",
[36m(TaskRunner pid=2382775)[0m   "function": {
[36m(TaskRunner pid=2382775)[0m     "name": "crop_video",
[36m(TaskRunner pid=2382775)[0m     "description": "Inspect a time interval of the current video closely: returns 30 higher-resolution frames sampled evenly from [start_time, end_time], each labeled with its timestamp in seconds.",
[36m(TaskRunner pid=2382775)[0m     "parameters": {
[36m(TaskRunner pid=2382775)[0m       "type": "object",
[36m(TaskRunner pid=2382775)[0m       "properties": {
[36m(TaskRunner pid=2382775)[0m         "start_time": {
[36m(TaskRunner pid=2382775)[0m           "type": "number",
[36m(TaskRunner pid=2382775)[0m           "description": "Interval start in seconds, >= 0."
[36m(TaskRunner pid=2382775)[0m         },
[36m(TaskRunner pid=2382775)[0m         "end_time": {
[36m(TaskRunner pid=2382775)[0m           "type": "number",
[36m(TaskRunner pid=2382775)[0m           "description": "Interval end in seconds, > start_time, <= video duration."
[36m(TaskRunner pid=2382775)[0m         }
[36m(TaskRunner pid=2382775)[0m       },
[36m(TaskRunner pid=2382775)[0m       "required": [
[36m(TaskRunner pid=2382775)[0m         "start_time",
[36m(TaskRunner pid=2382775)[0m         "end_time"
[36m(TaskRunner pid=2382775)[0m       ]
[36m(TaskRunner pid=2382775)[0m     }
[36m(TaskRunner pid=2382775)[0m   }
[36m(TaskRunner pid=2382775)[0m }
[36m(TaskRunner pid=2382775)[0m dataset len: 114
[36m(TaskRunner pid=2382775)[0m Size of train dataloader: 106, Size of val dataloader: 57
[36m(TaskRunner pid=2382775)[0m Total training steps: 239
[36m(TaskRunner pid=2382775)[0m colocated worker base class <class 'verl.single_controller.base.worker.Worker'>
[36m(WorkerDict pid=2383136)[0m Warning: Failed to set NUMA affinity: libnuma.so: cannot open shared object file: No such file or directory
[36m(WorkerDict pid=2383136)[0m Monkey patch Qwen3VLForConditionalGeneration model forward
[36m(WorkerDict pid=2383136)[0m Monkey patch _flash_attention_forward in transformers.integrations.flash_attention
[36m(WorkerDict pid=2383136)[0m Skipping monkey patch for Qwen3VLForConditionalGeneration as use_fused_kernels is False or fused_kernels_backend is torch
[36m(WorkerDict pid=2383136)[0m PeftModelForCausalLM contains 4.47B parameters
[36m(WorkerDict pid=2383136)[0m Before FSDP, memory allocated (GB): 0.00, memory reserved (GB): 0.00, device memory used/total (GB): 0.41/79.27
[36m(WorkerDict pid=2383136)[0m After FSDP, memory allocated (GB): 16.76, memory reserved (GB): 18.74, device memory used/total (GB): 19.67/79.27
[36m(WorkerDict pid=2383136)[0m Total steps: 239, num_warmup_steps: 0
[36m(vLLMHttpServer pid=2383624)[0m ['serve',
[36m(vLLMHttpServer pid=2383624)[0m  '/home/yw4636/agentic-tvg/results/sft-mix/merged',
[36m(vLLMHttpServer pid=2383624)[0m  '--dtype',
[36m(vLLMHttpServer pid=2383624)[0m  'bfloat16',
[36m(vLLMHttpServer pid=2383624)[0m  '--load_format',
[36m(vLLMHttpServer pid=2383624)[0m  'safetensors',
[36m(vLLMHttpServer pid=2383624)[0m  '--distributed_executor_backend',
[36m(vLLMHttpServer pid=2383624)[0m  'mp',
[36m(vLLMHttpServer pid=2383624)[0m  '--worker_extension_cls',
[36m(vLLMHttpServer pid=2383624)[0m  'verl.workers.rollout.vllm_rollout.utils.vLLMColocateWorkerExtension',
[36m(vLLMHttpServer pid=2383624)[0m  '--max_model_len',
[36m(vLLMHttpServer pid=2383624)[0m  '20992',
[36m(vLLMHttpServer pid=2383624)[0m  '--max_num_seqs',
[36m(vLLMHttpServer pid=2383624)[0m  '256',
[36m(vLLMHttpServer pid=2383624)[0m  '--enable_chunked_prefill',
[36m(vLLMHttpServer pid=2383624)[0m  '--max_num_batched_tokens',
[36m(vLLMHttpServer pid=2383624)[0m  '24576',
[36m(vLLMHttpServer pid=2383624)[0m  '--enable_prefix_caching',
[36m(vLLMHttpServer pid=2383624)[0m  '--enable_sleep_mode',
[36m(vLLMHttpServer pid=2383624)[0m  '--logprobs_mode',
[36m(vLLMHttpServer pid=2383624)[0m  'processed_logprobs',
[36m(vLLMHttpServer pid=2383624)[0m  '--gpu_memory_utilization',
[36m(vLLMHttpServer pid=2383624)[0m  '0.65',
[36m(vLLMHttpServer pid=2383624)[0m  '--disable_log_stats',
[36m(vLLMHttpServer pid=2383624)[0m  '--tensor_parallel_size',
[36m(vLLMHttpServer pid=2383624)[0m  '1',
[36m(vLLMHttpServer pid=2383624)[0m  '--seed',
[36m(vLLMHttpServer pid=2383624)[0m  '42',
[36m(vLLMHttpServer pid=2383624)[0m  '--override_generation_config',
[36m(vLLMHttpServer pid=2383624)[0m  '{"temperature": 1.0, "top_k": -1, "top_p": 1, "repetition_penalty": 1.0, '
[36m(vLLMHttpServer pid=2383624)[0m  '"max_new_tokens": 16384}',
[36m(vLLMHttpServer pid=2383624)[0m  '--hf_overrides',
[36m(vLLMHttpServer pid=2383624)[0m  '{}',
[36m(vLLMHttpServer pid=2383624)[0m  '--scheduling_policy',
[36m(vLLMHttpServer pid=2383624)[0m  'fcfs',
[36m(vLLMHttpServer pid=2383624)[0m  '--compilation_config',
[36m(vLLMHttpServer pid=2383624)[0m  '{"cudagraph_mode": "FULL_AND_PIECEWISE"}',
[36m(vLLMHttpServer pid=2383624)[0m  '--mm_processor_kwargs',
[36m(vLLMHttpServer pid=2383624)[0m  '{"max_pixels": 150528}',
[36m(vLLMHttpServer pid=2383624)[0m  '--limit_mm_per_prompt',
[36m(vLLMHttpServer pid=2383624)[0m  '{"image": 112}',
[36m(vLLMHttpServer pid=2383624)[0m  '--enable_lora',
[36m(vLLMHttpServer pid=2383624)[0m  '--max_loras',
[36m(vLLMHttpServer pid=2383624)[0m  '1',
[36m(vLLMHttpServer pid=2383624)[0m  '--max_lora_rank',
[36m(vLLMHttpServer pid=2383624)[0m  '16']
[36m(vLLMHttpServer pid=2383624)[0m WARNING 09-03 08:59:12 [system_utils.py:157] We must use the `spawn` multiprocessing start method. Overriding VLLM_WORKER_MULTIPROC_METHOD to 'spawn'. See https://docs.vllm.ai/en/latest/usage/troubleshooting.html#python-multiprocessing for more information. Reasons: In a Ray actor and can only be spawned; CUDA is initialized
[36m(vLLMHttpServer pid=2383624)[0m (Worker pid=2384574) WARNING 09-03 08:59:33 [model_manager.py:401] Regarding Qwen3VLForConditionalGeneration, no matching PunicaWrapper is found; visual.patch_embed.proj will be ignored.
[36m(vLLMHttpServer pid=2383624)[0m (Worker pid=2384574) WARNING 09-03 08:59:33 [model_manager.py:401] Regarding Qwen3VLForConditionalGeneration, no matching PunicaWrapper is found; visual.merger.linear_fc1 will be ignored.
[36m(vLLMHttpServer pid=2383624)[0m (Worker pid=2384574) WARNING 09-03 08:59:33 [model_manager.py:401] Regarding Qwen3VLForConditionalGeneration, no matching PunicaWrapper is found; visual.merger.linear_fc2 will be ignored.
[36m(vLLMHttpServer pid=2383624)[0m (Worker pid=2384574) WARNING 09-03 08:59:33 [model_manager.py:401] Regarding Qwen3VLForConditionalGeneration, no matching PunicaWrapper is found; visual.deepstack_merger_list.0.linear_fc1 will be ignored.
[36m(vLLMHttpServer pid=2383624)[0m (Worker pid=2384574) WARNING 09-03 08:59:33 [model_manager.py:401] Regarding Qwen3VLForConditionalGeneration, no matching PunicaWrapper is found; visual.deepstack_merger_list.0.linear_fc2 will be ignored.
[36m(vLLMHttpServer pid=2383624)[0m (Worker pid=2384574) WARNING 09-03 08:59:33 [model_manager.py:401] Regarding Qwen3VLForConditionalGeneration, no matching PunicaWrapper is found; visual.deepstack_merger_list.1.linear_fc1 will be ignored.
[36m(vLLMHttpServer pid=2383624)[0m (Worker pid=2384574) WARNING 09-03 08:59:33 [model_manager.py:401] Regarding Qwen3VLForConditionalGeneration, no matching PunicaWrapper is found; visual.deepstack_merger_list.1.linear_fc2 will be ignored.
[36m(vLLMHttpServer pid=2383624)[0m (Worker pid=2384574) WARNING 09-03 08:59:33 [model_manager.py:401] Regarding Qwen3VLForConditionalGeneration, no matching PunicaWrapper is found; visual.deepstack_merger_list.2.linear_fc1 will be ignored.
[36m(vLLMHttpServer pid=2383624)[0m (Worker pid=2384574) WARNING 09-03 08:59:33 [model_manager.py:401] Regarding Qwen3VLForConditionalGeneration, no matching PunicaWrapper is found; visual.deepstack_merger_list.2.linear_fc2 will be ignored.
[36m(vLLMHttpServer pid=2383624)[0m (Worker pid=2384574) WARNING 09-03 08:59:33 [model_manager.py:401] Regarding Qwen3VLForConditionalGeneration, no matching PunicaWrapper is found; visual.blocks.0.attn.qkv will be ignored.
[36m(vLLMHttpServer pid=2383624)[0m (Worker pid=2384574) WARNING 09-03 08:59:33 [model_manager.py:401] Regarding Qwen3VLForConditionalGeneration, no matching PunicaWrapper is found; visual.blocks.0.attn.proj will be ignored.
[36m(vLLMHttpServer pid=2383624)[0m (Worker pid=2384574) WARNING 09-03 08:59:33 [model_manager.py:401] Regarding Qwen3VLForConditionalGeneration, no matching PunicaWrapper is found; visual.blocks.0.mlp.linear_fc1 will be ignored.
[36m(vLLMHttpServer pid=2383624)[0m (Worker pid=2384574) WARNING 09-03 08:59:33 [model_manager.py:401] Regarding Qwen3VLForConditionalGeneration, no matching PunicaWrapper is found; visual.blocks.0.mlp.linear_fc2 will be ignored.
[36m(vLLMHttpServer pid=2383624)[0m (Worker pid=2384574) WARNING 09-03 08:59:33 [model_manager.py:401] Regarding Qwen3VLForConditionalGeneration, no matching PunicaWrapper is found; visual.blocks.1.attn.qkv will be ignored.
[36m(vLLMHttpServer pid=2383624)[0m (Worker pid=2384574) WARNING 09-03 08:59:33 [model_manager.py:401] Regarding Qwen3VLForConditionalGeneration, no matching PunicaWrapper is found; visual.blocks.1.attn.proj will be ignored.
[36m(vLLMHttpServer pid=2383624)[0m (Worker pid=2384574) WARNING 09-03 08:59:33 [model_manager.py:401] Regarding Qwen3VLForConditionalGeneration, no matching PunicaWrapper is found; visual.blocks.1.mlp.linear_fc1 will be ignored.
[36m(vLLMHttpServer pid=2383624)[0m (Worker pid=2384574) WARNING 09-03 08:59:33 [model_manager.py:401] Regarding Qwen3VLForConditionalGeneration, no matching PunicaWrapper is found; visual.blocks.1.mlp.linear_fc2 will be ignored.
[36m(vLLMHttpServer pid=2383624)[0m (Worker pid=2384574) WARNING 09-03 08:59:33 [model_manager.py:401] Regarding Qwen3VLForConditionalGeneration, no matching PunicaWrapper is found; visual.blocks.2.attn.qkv will be ignored.
[36m(vLLMHttpServer pid=2383624)[0m (Worker pid=2384574) WARNING 09-03 08:59:33 [model_manager.py:401] Regarding Qwen3VLForConditionalGeneration, no matching PunicaWrapper is found; visual.blocks.2.attn.proj will be ignored.
[36m(vLLMHttpServer pid=2383624)[0m (Worker pid=2384574) WARNING 09-03 08:59:33 [model_manager.py:401] Regarding Qwen3VLForConditionalGeneration, no matching PunicaWrapper is found; visual.blocks.2.mlp.linear_fc1 will be ignored.
[36m(vLLMHttpServer pid=2383624)[0m (Worker pid=2384574) WARNING 09-03 08:59:33 [model_manager.py:401] Regarding Qwen3VLForConditionalGeneration, no matching PunicaWrapper is found; visual.blocks.2.mlp.linear_fc2 will be ignored.
[36m(vLLMHttpServer pid=2383624)[0m (Worker pid=2384574) WARNING 09-03 08:59:33 [model_manager.py:401] Regarding Qwen3VLForConditionalGeneration, no matching PunicaWrapper is found; visual.blocks.3.attn.qkv will be ignored.
[36m(vLLMHttpServer pid=2383624)[0m (Worker pid=2384574) WARNING 09-03 08:59:33 [model_manager.py:401] Regarding Qwen3VLForConditionalGeneration, no matching PunicaWrapper is found; visual.blocks.3.attn.proj will be ignored.
[36m(vLLMHttpServer pid=2383624)[0m (Worker pid=2384574) WARNING 09-03 08:59:33 [model_manager.py:401] Regarding Qwen3VLForConditionalGeneration, no matching PunicaWrapper is found; visual.blocks.3.mlp.linear_fc1 will be ignored.
[36m(vLLMHttpServer pid=2383624)[0m (Worker pid=2384574) WARNING 09-03 08:59:33 [model_manager.py:401] Regarding Qwen3VLForConditionalGeneration, no matching PunicaWrapper is found; visual.blocks.3.mlp.linear_fc2 will be ignored.
[36m(vLLMHttpServer pid=2383624)[0m (Worker pid=2384574) WARNING 09-03 08:59:33 [model_manager.py:401] Regarding Qwen3VLForConditionalGeneration, no matching PunicaWrapper is found; visual.blocks.4.attn.qkv will be ignored.
[36m(vLLMHttpServer pid=2383624)[0m (Worker pid=2384574) WARNING 09-03 08:59:33 [model_manager.py:401] Regarding Qwen3VLForConditionalGeneration, no matching PunicaWrapper is found; visual.blocks.4.attn.proj will be ignored.
[36m(vLLMHttpServer pid=2383624)[0m (Worker pid=2384574) WARNING 09-03 08:59:33 [model_manager.py:401] Regarding Qwen3VLForConditionalGeneration, no matching PunicaWrapper is found; visual.blocks.4.mlp.linear_fc1 will be ignored.
[36m(vLLMHttpServer pid=2383624)[0m (Worker pid=2384574) WARNING 09-03 08:59:33 [model_manager.py:401] Regarding Qwen3VLForConditionalGeneration, no matching PunicaWrapper is found; visual.blocks.4.mlp.linear_fc2 will be ignored.
[36m(vLLMHttpServer pid=2383624)[0m (Worker pid=2384574) WARNING 09-03 08:59:33 [model_manager.py:401] Regarding Qwen3VLForConditionalGeneration, no matching PunicaWrapper is found; visual.blocks.5.attn.qkv will be ignored.
[36m(vLLMHttpServer pid=2383624)[0m (Worker pid=2384574) WARNING 09-03 08:59:33 [model_manager.py:401] Regarding Qwen3VLForConditionalGeneration, no matching PunicaWrapper is found; visual.blocks.5.attn.proj will be ignored.
[36m(vLLMHttpServer pid=2383624)[0m (Worker pid=2384574) WARNING 09-03 08:59:33 [model_manager.py:401] Regarding Qwen3VLForConditionalGeneration, no matching PunicaWrapper is found; visual.blocks.5.mlp.linear_fc1 will be ignored.
[36m(vLLMHttpServer pid=2383624)[0m (Worker pid=2384574) WARNING 09-03 08:59:33 [model_manager.py:401] Regarding Qwen3VLForConditionalGeneration, no matching PunicaWrapper is found; visual.blocks.5.mlp.linear_fc2 will be ignored.
[36m(vLLMHttpServer pid=2383624)[0m (Worker pid=2384574) WARNING 09-03 08:59:33 [model_manager.py:401] Regarding Qwen3VLForConditionalGeneration, no matching PunicaWrapper is found; visual.blocks.6.attn.qkv will be ignored.
[36m(vLLMHttpServer pid=2383624)[0m (Worker pid=2384574) WARNING 09-03 08:59:33 [model_manager.py:401] Regarding Qwen3VLForConditionalGeneration, no matching PunicaWrapper is found; visual.blocks.6.attn.proj will be ignored.
[36m(vLLMHttpServer pid=2383624)[0m (Worker pid=2384574) WARNING 09-03 08:59:33 [model_manager.py:401] Regarding Qwen3VLForConditionalGeneration, no matching PunicaWrapper is found; visual.blocks.6.mlp.linear_fc1 will be ignored.
[36m(vLLMHttpServer pid=2383624)[0m (Worker pid=2384574) WARNING 09-03 08:59:33 [model_manager.py:401] Regarding Qwen3VLForConditionalGeneration, no matching PunicaWrapper is found; visual.blocks.6.mlp.linear_fc2 will be ignored.
[36m(vLLMHttpServer pid=2383624)[0m (Worker pid=2384574) WARNING 09-03 08:59:33 [model_manager.py:401] Regarding Qwen3VLForConditionalGeneration, no matching PunicaWrapper is found; visual.blocks.7.attn.qkv will be ignored.
[36m(vLLMHttpServer pid=2383624)[0m (Worker pid=2384574) WARNING 09-03 08:59:33 [model_manager.py:401] Regarding Qwen3VLForConditionalGeneration, no matching PunicaWrapper is found; visual.blocks.7.attn.proj will be ignored.
[36m(vLLMHttpServer pid=2383624)[0m (Worker pid=2384574) WARNING 09-03 08:59:33 [model_manager.py:401] Regarding Qwen3VLForConditionalGeneration, no matching PunicaWrapper is found; visual.blocks.7.mlp.linear_fc1 will be ignored.
[36m(vLLMHttpServer pid=2383624)[0m (Worker pid=2384574) WARNING 09-03 08:59:33 [model_manager.py:401] Regarding Qwen3VLForConditionalGeneration, no matching PunicaWrapper is found; visual.blocks.7.mlp.linear_fc2 will be ignored.
[36m(vLLMHttpServer pid=2383624)[0m (Worker pid=2384574) WARNING 09-03 08:59:33 [model_manager.py:401] Regarding Qwen3VLForConditionalGeneration, no matching PunicaWrapper is found; visual.blocks.8.attn.qkv will be ignored.
[36m(vLLMHttpServer pid=2383624)[0m (Worker pid=2384574) WARNING 09-03 08:59:33 [model_manager.py:401] Regarding Qwen3VLForConditionalGeneration, no matching PunicaWrapper is found; visual.blocks.8.attn.proj will be ignored.
[36m(vLLMHttpServer pid=2383624)[0m (Worker pid=2384574) WARNING 09-03 08:59:33 [model_manager.py:401] Regarding Qwen3VLForConditionalGeneration, no matching PunicaWrapper is found; visual.blocks.8.mlp.linear_fc1 will be ignored.
[36m(vLLMHttpServer pid=2383624)[0m (Worker pid=2384574) WARNING 09-03 08:59:33 [model_manager.py:401] Regarding Qwen3VLForConditionalGeneration, no matching PunicaWrapper is found; visual.blocks.8.mlp.linear_fc2 will be ignored.
[36m(vLLMHttpServer pid=2383624)[0m (Worker pid=2384574) WARNING 09-03 08:59:33 [model_manager.py:401] Regarding Qwen3VLForConditionalGeneration, no matching PunicaWrapper is found; visual.blocks.9.attn.qkv will be ignored.
[36m(vLLMHttpServer pid=2383624)[0m (Worker pid=2384574) WARNING 09-03 08:59:33 [model_manager.py:401] Regarding Qwen3VLForConditionalGeneration, no matching PunicaWrapper is found; visual.blocks.9.attn.proj will be ignored.
[36m(vLLMHttpServer pid=2383624)[0m (Worker pid=2384574) WARNING 09-03 08:59:33 [model_manager.py:401] Regarding Qwen3VLForConditionalGeneration, no matching PunicaWrapper is found; visual.blocks.9.mlp.linear_fc1 will be ignored.
[36m(vLLMHttpServer pid=2383624)[0m (Worker pid=2384574) WARNING 09-03 08:59:33 [model_manager.py:401] Regarding Qwen3VLForConditionalGeneration, no matching PunicaWrapper is found; visual.blocks.9.mlp.linear_fc2 will be ignored.
[36m(vLLMHttpServer pid=2383624)[0m (Worker pid=2384574) WARNING 09-03 08:59:33 [model_manager.py:401] Regarding Qwen3VLForConditionalGeneration, no matching PunicaWrapper is found; visual.blocks.10.attn.qkv will be ignored.
[36m(vLLMHttpServer pid=2383624)[0m (Worker pid=2384574) WARNING 09-03 08:59:33 [model_manager.py:401] Regarding Qwen3VLForConditionalGeneration, no matching PunicaWrapper is found; visual.blocks.10.attn.proj will be ignored.
[36m(vLLMHttpServer pid=2383624)[0m (Worker pid=2384574) WARNING 09-03 08:59:33 [model_manager.py:401] Regarding Qwen3VLForConditionalGeneration, no matching PunicaWrapper is found; visual.blocks.10.mlp.linear_fc1 will be ignored.
[36m(vLLMHttpServer pid=2383624)[0m (Worker pid=2384574) WARNING 09-03 08:59:33 [model_manager.py:401] Regarding Qwen3VLForConditionalGeneration, no matching PunicaWrapper is found; visual.blocks.10.mlp.linear_fc2 will be ignored.
[36m(vLLMHttpServer pid=2383624)[0m (Worker pid=2384574) WARNING 09-03 08:59:33 [model_manager.py:401] Regarding Qwen3VLForConditionalGeneration, no matching PunicaWrapper is found; visual.blocks.11.attn.qkv will be ignored.
[36m(vLLMHttpServer pid=2383624)[0m (Worker pid=2384574) WARNING 09-03 08:59:33 [model_manager.py:401] Regarding Qwen3VLForConditionalGeneration, no matching PunicaWrapper is found; visual.blocks.11.attn.proj will be ignored.
[36m(vLLMHttpServer pid=2383624)[0m (Worker pid=2384574) WARNING 09-03 08:59:33 [model_manager.py:401] Regarding Qwen3VLForConditionalGeneration, no matching PunicaWrapper is found; visual.blocks.11.mlp.linear_fc1 will be ignored.
[36m(vLLMHttpServer pid=2383624)[0m (Worker pid=2384574) WARNING 09-03 08:59:33 [model_manager.py:401] Regarding Qwen3VLForConditionalGeneration, no matching PunicaWrapper is found; visual.blocks.11.mlp.linear_fc2 will be ignored.
[36m(vLLMHttpServer pid=2383624)[0m (Worker pid=2384574) WARNING 09-03 08:59:33 [model_manager.py:401] Regarding Qwen3VLForConditionalGeneration, no matching PunicaWrapper is found; visual.blocks.12.attn.qkv will be ignored.
[36m(vLLMHttpServer pid=2383624)[0m (Worker pid=2384574) WARNING 09-03 08:59:33 [model_manager.py:401] Regarding Qwen3VLForConditionalGeneration, no matching PunicaWrapper is found; visual.blocks.12.attn.proj will be ignored.
[36m(vLLMHttpServer pid=2383624)[0m (Worker pid=2384574) WARNING 09-03 08:59:33 [model_manager.py:401] Regarding Qwen3VLForConditionalGeneration, no matching PunicaWrapper is found; visual.blocks.12.mlp.linear_fc1 will be ignored.
[36m(vLLMHttpServer pid=2383624)[0m (Worker pid=2384574) WARNING 09-03 08:59:33 [model_manager.py:401] Regarding Qwen3VLForConditionalGeneration, no matching PunicaWrapper is found; visual.blocks.12.mlp.linear_fc2 will be ignored.
[36m(vLLMHttpServer pid=2383624)[0m (Worker pid=2384574) WARNING 09-03 08:59:33 [model_manager.py:401] Regarding Qwen3VLForConditionalGeneration, no matching PunicaWrapper is found; visual.blocks.13.attn.qkv will be ignored.
[36m(vLLMHttpServer pid=2383624)[0m (Worker pid=2384574) WARNING 09-03 08:59:33 [model_manager.py:401] Regarding Qwen3VLForConditionalGeneration, no matching PunicaWrapper is found; visual.blocks.13.attn.proj will be ignored.
[36m(vLLMHttpServer pid=2383624)[0m (Worker pid=2384574) WARNING 09-03 08:59:33 [model_manager.py:401] Regarding Qwen3VLForConditionalGeneration, no matching PunicaWrapper is found; visual.blocks.13.mlp.linear_fc1 will be ignored.
[36m(vLLMHttpServer pid=2383624)[0m (Worker pid=2384574) WARNING 09-03 08:59:33 [model_manager.py:401] Regarding Qwen3VLForConditionalGeneration, no matching PunicaWrapper is found; visual.blocks.13.mlp.linear_fc2 will be ignored.
[36m(vLLMHttpServer pid=2383624)[0m (Worker pid=2384574) WARNING 09-03 08:59:33 [model_manager.py:401] Regarding Qwen3VLForConditionalGeneration, no matching PunicaWrapper is found; visual.blocks.14.attn.qkv will be ignored.
[36m(vLLMHttpServer pid=2383624)[0m (Worker pid=2384574) WARNING 09-03 08:59:33 [model_manager.py:401] Regarding Qwen3VLForConditionalGeneration, no matching PunicaWrapper is found; visual.blocks.14.attn.proj will be ignored.
[36m(vLLMHttpServer pid=2383624)[0m (Worker pid=2384574) WARNING 09-03 08:59:33 [model_manager.py:401] Regarding Qwen3VLForConditionalGeneration, no matching PunicaWrapper is found; visual.blocks.14.mlp.linear_fc1 will be ignored.
[36m(vLLMHttpServer pid=2383624)[0m (Worker pid=2384574) WARNING 09-03 08:59:33 [model_manager.py:401] Regarding Qwen3VLForConditionalGeneration, no matching PunicaWrapper is found; visual.blocks.14.mlp.linear_fc2 will be ignored.
[36m(vLLMHttpServer pid=2383624)[0m (Worker pid=2384574) WARNING 09-03 08:59:33 [model_manager.py:401] Regarding Qwen3VLForConditionalGeneration, no matching PunicaWrapper is found; visual.blocks.15.attn.qkv will be ignored.
[36m(vLLMHttpServer pid=2383624)[0m (Worker pid=2384574) WARNING 09-03 08:59:33 [model_manager.py:401] Regarding Qwen3VLForConditionalGeneration, no matching PunicaWrapper is found; visual.blocks.15.attn.proj will be ignored.
[36m(vLLMHttpServer pid=2383624)[0m (Worker pid=2384574) WARNING 09-03 08:59:33 [model_manager.py:401] Regarding Qwen3VLForConditionalGeneration, no matching PunicaWrapper is found; visual.blocks.15.mlp.linear_fc1 will be ignored.
[36m(vLLMHttpServer pid=2383624)[0m (Worker pid=2384574) WARNING 09-03 08:59:33 [model_manager.py:401] Regarding Qwen3VLForConditionalGeneration, no matching PunicaWrapper is found; visual.blocks.15.mlp.linear_fc2 will be ignored.
[36m(vLLMHttpServer pid=2383624)[0m (Worker pid=2384574) WARNING 09-03 08:59:33 [model_manager.py:401] Regarding Qwen3VLForConditionalGeneration, no matching PunicaWrapper is found; visual.blocks.16.attn.qkv will be ignored.
[36m(vLLMHttpServer pid=2383624)[0m (Worker pid=2384574) WARNING 09-03 08:59:33 [model_manager.py:401] Regarding Qwen3VLForConditionalGeneration, no matching PunicaWrapper is found; visual.blocks.16.attn.proj will be ignored.
[36m(vLLMHttpServer pid=2383624)[0m (Worker pid=2384574) WARNING 09-03 08:59:33 [model_manager.py:401] Regarding Qwen3VLForConditionalGeneration, no matching PunicaWrapper is found; visual.blocks.16.mlp.linear_fc1 will be ignored.
[36m(vLLMHttpServer pid=2383624)[0m (Worker pid=2384574) WARNING 09-03 08:59:33 [model_manager.py:401] Regarding Qwen3VLForConditionalGeneration, no matching PunicaWrapper is found; visual.blocks.16.mlp.linear_fc2 will be ignored.
[36m(vLLMHttpServer pid=2383624)[0m (Worker pid=2384574) WARNING 09-03 08:59:33 [model_manager.py:401] Regarding Qwen3VLForConditionalGeneration, no matching PunicaWrapper is found; visual.blocks.17.attn.qkv will be ignored.
[36m(vLLMHttpServer pid=2383624)[0m (Worker pid=2384574) WARNING 09-03 08:59:33 [model_manager.py:401] Regarding Qwen3VLForConditionalGeneration, no matching PunicaWrapper is found; visual.blocks.17.attn.proj will be ignored.[36m(vLLMHttpServer pid=2383624)[0m (Worker pid=2384574) Capturing CUDA graphs (mixed prefill-decode, PIECEWISE):   0%|          | 0/102 [00:00<?, ?it/s]
[36m(vLLMHttpServer pid=2383624)[0m Capturing CUDA graphs (mixed prefill-decode, PIECEWISE):   1%|          | 1/102 [00:00<00:15,  6.39it/s]
[36m(vLLMHttpServer pid=2383624)[0m Capturing CUDA graphs (mixed prefill-decode, PIECEWISE):   3%|▎         | 3/102 [00:00<00:08, 11.13it/s]
[36m(vLLMHttpServer pid=2383624)[0m Capturing CUDA graphs (mixed prefill-decode, PIECEWISE):   5%|▍         | 5/102 [00:00<00:07, 12.79it/s]
[36m(vLLMHttpServer pid=2383624)[0m Capturing CUDA graphs (mixed prefill-decode, PIECEWISE):   7%|▋         | 7/102 [00:00<00:07, 13.49it/s]
[36m(vLLMHttpServer pid=2383624)[0m Capturing CUDA graphs (mixed prefill-decode, PIECEWISE):   9%|▉         | 9/102 [00:00<00:06, 13.93it/s]
[36m(vLLMHttpServer pid=2383624)[0m Capturing CUDA graphs (mixed prefill-decode, PIECEWISE):  11%|█         | 11/102 [00:00<00:06, 14.11it/s]
[36m(vLLMHttpServer pid=2383624)[0m Capturing CUDA graphs (mixed prefill-decode, PIECEWISE):  13%|█▎        | 13/102 [00:00<00:06, 14.22it/s]
[36m(vLLMHttpServer pid=2383624)[0m Capturing CUDA graphs (mixed prefill-decode, PIECEWISE):  15%|█▍        | 15/102 [00:01<00:06, 14.34it/s]
[36m(vLLMHttpServer pid=2383624)[0m Capturing CUDA graphs (mixed prefill-decode, PIECEWISE):  17%|█▋        | 17/102 [00:01<00:05, 14.27it/s]
[36m(vLLMHttpServer pid=2383624)[0m Capturing CUDA graphs (mixed prefill-decode, PIECEWISE):  19%|█▊        | 19/102 [00:01<00:05, 14.38it/s]
[36m(vLLMHttpServer pid=2383624)[0m Capturing CUDA graphs (mixed prefill-decode, PIECEWISE):  21%|██        | 21/102 [00:01<00:05, 14.49it/s]
[36m(vLLMHttpServer pid=2383624)[0m Capturing CUDA graphs (mixed prefill-decode, PIECEWISE):  23%|██▎       | 23/102 [00:01<00:05, 14.57it/s]
[36m(vLLMHttpServer pid=2383624)[0m Capturing CUDA graphs (mixed prefill-decode, PIECEWISE):  25%|██▍       | 25/102 [00:01<00:05, 14.54it/s]
[36m(vLLMHttpServer pid=2383624)[0m Capturing CUDA graphs (mixed prefill-decode, PIECEWISE):  26%|██▋       | 27/102 [00:01<00:05, 14.58it/s]
[36m(vLLMHttpServer pid=2383624)[0m Capturing CUDA graphs (mixed prefill-decode, PIECEWISE):  28%|██▊       | 29/102 [00:02<00:05, 14.20it/s]
[36m(vLLMHttpServer pid=2383624)[0m Capturing CUDA graphs (mixed prefill-decode, PIECEWISE):  30%|███       | 31/102 [00:02<00:04, 14.31it/s]
[36m(vLLMHttpServer pid=2383624)[0m Capturing CUDA graphs (mixed prefill-decode, PIECEWISE):  32%|███▏      | 33/102 [00:02<00:04, 14.44it/s]
[36m(vLLMHttpServer pid=2383624)[0m Capturing CUDA graphs (mixed prefill-decode, PIECEWISE):  34%|███▍      | 35/102 [00:02<00:04, 14.22it/s]
[36m(vLLMHttpServer pid=2383624)[0m Capturing CUDA graphs (mixed prefill-decode, PIECEWISE):  36%|███▋      | 37/102 [00:02<00:04, 14.36it/s]
[36m(vLLMHttpServer pid=2383624)[0m Capturing CUDA graphs (mixed prefill-decode, PIECEWISE):  38%|███▊      | 39/102 [00:02<00:04, 14.38it/s]
[36m(vLLMHttpServer pid=2383624)[0m Capturing CUDA graphs (mixed prefill-decode, PIECEWISE):  40%|████      | 41/102 [00:02<00:04, 14.44it/s]
[36m(vLLMHttpServer pid=2383624)[0m Capturing CUDA graphs (mixed prefill-decode, PIECEWISE):  42%|████▏     | 43/102 [00:03<00:04, 14.35it/s]
[36m(vLLMHttpServer pid=2383624)[0m Capturing CUDA graphs (mixed prefill-decode, PIECEWISE):  44%|████▍     | 45/102 [00:03<00:03, 14.30it/s]
[36m(vLLMHttpServer pid=2383624)[0m Capturing CUDA graphs (mixed prefill-decode, PIECEWISE):  46%|████▌     | 47/102 [00:03<00:03, 14.32it/s]
[36m(vLLMHttpServer pid=2383624)[0m Capturing CUDA graphs (mixed prefill-decode, PIECEWISE):  48%|████▊     | 49/102 [00:03<00:03, 14.33it/s]
[36m(vLLMHttpServer pid=2383624)[0m Capturing CUDA graphs (mixed prefill-decode, PIECEWISE):  50%|█████     | 51/102 [00:03<00:03, 14.28it/s]
[36m(vLLMHttpServer pid=2383624)[0m Capturing CUDA graphs (mixed prefill-decode, PIECEWISE):  52%|█████▏    | 53/102 [00:03<00:03, 14.27it/s]
[36m(vLLMHttpServer pid=2383624)[0m Capturing CUDA graphs (mixed prefill-decode, PIECEWISE):  54%|█████▍    | 55/102 [00:03<00:03, 14.26it/s]
[36m(vLLMHttpServer pid=2383624)[0m Capturing CUDA graphs (mixed prefill-decode, PIECEWISE):  56%|█████▌    | 57/102 [00:04<00:03, 14.21it/s]
[36m(vLLMHttpServer pid=2383624)[0m Capturing CUDA graphs (mixed prefill-decode, PIECEWISE):  58%|█████▊    | 59/102 [00:04<00:03, 14.16it/s]
[36m(vLLMHttpServer pid=2383624)[0m Capturing CUDA graphs (mixed prefill-decode, PIECEWISE):  60%|█████▉    | 61/102 [00:04<00:02, 14.18it/s]
[36m(vLLMHttpServer pid=2383624)[0m Capturing CUDA graphs (mixed prefill-decode, PIECEWISE):  62%|██████▏   | 63/102 [00:04<00:02, 14.17it/s]
[36m(vLLMHttpServer pid=2383624)[0m Capturing CUDA graphs (mixed prefill-decode, PIECEWISE):  64%|██████▎   | 65/102 [00:04<00:02, 14.19it/s]
[36m(vLLMHttpServer pid=2383624)[0m Capturing CUDA graphs (mixed prefill-decode, PIECEWISE):  66%|██████▌   | 67/102 [00:04<00:02, 13.98it/s]
[36m(vLLMHttpServer pid=2383624)[0m Capturing CUDA graphs (mixed prefill-decode, PIECEWISE):  68%|██████▊   | 69/102 [00:04<00:02, 13.89it/s]
[36m(vLLMHttpServer pid=2383624)[0m Capturing CUDA graphs (mixed prefill-decode, PIECEWISE):  70%|██████▉   | 71/102 [00:05<00:02, 13.86it/s]
[36m(vLLMHttpServer pid=2383624)[0m Capturing CUDA graphs (mixed prefill-decode, PIECEWISE):  72%|███████▏  | 73/102 [00:05<00:02, 13.81it/s]
[36m(vLLMHttpServer pid=2383624)[0m Capturing CUDA graphs (mixed prefill-decode, PIECEWISE):  74%|███████▎  | 75/102 [00:05<00:01, 13.85it/s]
[36m(vLLMHttpServer pid=2383624)[0m Capturing CUDA graphs (mixed prefill-decode, PIECEWISE):  75%|███████▌  | 77/102 [00:05<00:01, 13.93it/s]
[36m(vLLMHttpServer pid=2383624)[0m Capturing CUDA graphs (mixed prefill-decode, PIECEWISE):  77%|███████▋  | 79/102 [00:05<00:01, 13.98it/s]
[36m(vLLMHttpServer pid=2383624)[0m Capturing CUDA graphs (mixed prefill-decode, PIECEWISE):  79%|███████▉  | 81/102 [00:05<00:01, 14.03it/s]
[36m(vLLMHttpServer pid=2383624)[0m Capturing CUDA graphs (mixed prefill-decode, PIECEWISE):  81%|████████▏ | 83/102 [00:05<00:01, 14.05it/s]
[36m(vLLMHttpServer pid=2383624)[0m Capturing CUDA graphs (mixed prefill-decode, PIECEWISE):  83%|████████▎ | 85/102 [00:06<00:01, 13.95it/s]
[36m(vLLMHttpServer pid=2383624)[0m Capturing CUDA graphs (mixed prefill-decode, PIECEWISE):  85%|████████▌ | 87/102 [00:06<00:01, 13.88it/s]
[36m(vLLMHttpServer pid=2383624)[0m Capturing CUDA graphs (mixed prefill-decode, PIECEWISE):  87%|████████▋ | 89/102 [00:06<00:00, 13.90it/s]
[36m(vLLMHttpServer pid=2383624)[0m Capturing CUDA graphs (mixed prefill-decode, PIECEWISE):  89%|████████▉ | 91/102 [00:06<00:00, 13.99it/s]
[36m(vLLMHttpServer pid=2383624)[0m Capturing CUDA graphs (mixed prefill-decode, PIECEWISE):  91%|█████████ | 93/102 [00:06<00:00, 14.04it/s]
[36m(vLLMHttpServer pid=2383624)[0m Capturing CUDA graphs (mixed prefill-decode, PIECEWISE):  93%|█████████▎| 95/102 [00:06<00:00, 14.05it/s]
[36m(vLLMHttpServer pid=2383624)[0m Capturing CUDA graphs (mixed prefill-decode, PIECEWISE):  95%|█████████▌| 97/102 [00:06<00:00, 14.02it/s]
[36m(vLLMHttpServer pid=2383624)[0m Capturing CUDA graphs (mixed prefill-decode, PIECEWISE):  97%|█████████▋| 99/102 [00:07<00:00, 13.27it/s]
[36m(vLLMHttpServer pid=2383624)[0m Capturing CUDA graphs (mixed prefill-decode, PIECEWISE):  99%|█████████▉| 101/102 [00:07<00:00, 12.69it/s]Capturing CUDA graphs (mixed prefill-decode, PIECEWISE): 100%|██████████| 102/102 [00:07<00:00, 13.98it/s]
[36m(vLLMHttpServer pid=2383624)[0m (Worker pid=2384574) Capturing CUDA graphs (decode, FULL):   0%|          | 0/70 [00:00<?, ?it/s]
[36m(vLLMHttpServer pid=2383624)[0m Capturing CUDA graphs (decode, FULL):   1%|▏         | 1/70 [00:00<00:10,  6.49it/s]
[36m(vLLMHttpServer pid=2383624)[0m Capturing CUDA graphs (decode, FULL):   4%|▍         | 3/70 [00:00<00:05, 11.22it/s]
[36m(vLLMHttpServer pid=2383624)[0m Capturing CUDA graphs (decode, FULL):   7%|▋         | 5/70 [00:00<00:05, 12.94it/s]
[36m(vLLMHttpServer pid=2383624)[0m Capturing CUDA graphs (decode, FULL):  10%|█         | 7/70 [00:00<00:04, 13.81it/s]
[36m(vLLMHttpServer pid=2383624)[0m Capturing CUDA graphs (decode, FULL):  13%|█▎        | 9/70 [00:00<00:04, 14.21it/s]
[36m(vLLMHttpServer pid=2383624)[0m Capturing CUDA graphs (decode, FULL):  16%|█▌        | 11/70 [00:00<00:04, 14.43it/s]
[36m(vLLMHttpServer pid=2383624)[0m Capturing CUDA graphs (decode, FULL):  19%|█▊        | 13/70 [00:00<00:03, 14.65it/s]
[36m(vLLMHttpServer pid=2383624)[0m Capturing CUDA graphs (decode, FULL):  21%|██▏       | 15/70 [00:01<00:03, 14.82it/s]
[36m(vLLMHttpServer pid=2383624)[0m Capturing CUDA graphs (decode, FULL):  24%|██▍       | 17/70 [00:01<00:03, 14.88it/s]
[36m(vLLMHttpServer pid=2383624)[0m Capturing CUDA graphs (decode, FULL):  27%|██▋       | 19/70 [00:01<00:03, 14.84it/s]
[36m(vLLMHttpServer pid=2383624)[0m Capturing CUDA graphs (decode, FULL):  30%|███       | 21/70 [00:01<00:03, 14.87it/s]
[36m(vLLMHttpServer pid=2383624)[0m Capturing CUDA graphs (decode, FULL):  33%|███▎      | 23/70 [00:01<00:03, 14.90it/s]
[36m(vLLMHttpServer pid=2383624)[0m Capturing CUDA graphs (decode, FULL):  36%|███▌      | 25/70 [00:01<00:03, 14.87it/s]
[36m(vLLMHttpServer pid=2383624)[0m Capturing CUDA graphs (decode, FULL):  39%|███▊      | 27/70 [00:01<00:02, 14.86it/s]
[36m(vLLMHttpServer pid=2383624)[0m Capturing CUDA graphs (decode, FULL):  41%|████▏     | 29/70 [00:02<00:02, 14.84it/s]
[36m(vLLMHttpServer pid=2383624)[0m Capturing CUDA graphs (decode, FULL):  44%|████▍     | 31/70 [00:02<00:02, 14.91it/s]
[36m(vLLMHttpServer pid=2383624)[0m Capturing CUDA graphs (decode, FULL):  47%|████▋     | 33/70 [00:02<00:02, 14.83it/s]
[36m(vLLMHttpServer pid=2383624)[0m Capturing CUDA graphs (decode, FULL):  50%|█████     | 35/70 [00:02<00:02, 14.84it/s]
[36m(vLLMHttpServer pid=2383624)[0m Capturing CUDA graphs (decode, FULL):  53%|█████▎    | 37/70 [00:02<00:02, 14.89it/s]
[36m(vLLMHttpServer pid=2383624)[0m Capturing CUDA graphs (decode, FULL):  56%|█████▌    | 39/70 [00:02<00:02, 14.83it/s]
[36m(vLLMHttpServer pid=2383624)[0m Capturing CUDA graphs (decode, FULL):  59%|█████▊    | 41/70 [00:02<00:01, 14.81it/s]
[36m(vLLMHttpServer pid=2383624)[0m Capturing CUDA graphs (decode, FULL):  61%|██████▏   | 43/70 [00:02<00:01, 14.87it/s]
[36m(vLLMHttpServer pid=2383624)[0m Capturing CUDA graphs (decode, FULL):  64%|██████▍   | 45/70 [00:03<00:01, 14.93it/s]
[36m(vLLMHttpServer pid=2383624)[0m Capturing CUDA graphs (decode, FULL):  67%|██████▋   | 47/70 [00:03<00:01, 14.97it/s]
[36m(vLLMHttpServer pid=2383624)[0m Capturing CUDA graphs (decode, FULL):  70%|███████   | 49/70 [00:03<00:01, 14.95it/s]
[36m(vLLMHttpServer pid=2383624)[0m Capturing CUDA graphs (decode, FULL):  73%|███████▎  | 51/70 [00:03<00:01, 14.97it/s]
[36m(vLLMHttpServer pid=2383624)[0m Capturing CUDA graphs (decode, FULL):  76%|███████▌  | 53/70 [00:03<00:01, 15.00it/s]
[36m(vLLMHttpServer pid=2383624)[0m Capturing CUDA graphs (decode, FULL):  79%|███████▊  | 55/70 [00:03<00:00, 15.03it/s]
[36m(vLLMHttpServer pid=2383624)[0m Capturing CUDA graphs (decode, FULL):  81%|████████▏ | 57/70 [00:03<00:00, 15.05it/s]
[36m(vLLMHttpServer pid=2383624)[0m Capturing CUDA graphs (decode, FULL):  84%|████████▍ | 59/70 [00:04<00:00, 15.03it/s]
[36m(vLLMHttpServer pid=2383624)[0m Capturing CUDA graphs (decode, FULL):  87%|████████▋ | 61/70 [00:04<00:00, 15.01it/s]
[36m(vLLMHttpServer pid=2383624)[0m Capturing CUDA graphs (decode, FULL):  90%|█████████ | 63/70 [00:04<00:00, 15.06it/s]
[36m(vLLMHttpServer pid=2383624)[0m Capturing CUDA graphs (decode, FULL):  93%|█████████▎| 65/70 [00:04<00:00, 15.06it/s]
[36m(vLLMHttpServer pid=2383624)[0m Capturing CUDA graphs (decode, FULL):  96%|█████████▌| 67/70 [00:04<00:00, 15.06it/s]
[36m(vLLMHttpServer pid=2383624)[0m Capturing CUDA graphs (decode, FULL):  99%|█████████▊| 69/70 [00:04<00:00, 14.99it/s]Capturing CUDA graphs (decode, FULL): 100%|██████████| 70/70 [00:04<00:00, 14.76it/s]
[36m(vLLMHttpServer pid=2383624)[0m (EngineCore pid=2384500) [transformers] The `use_fast` parameter is deprecated and will be removed in a future version. Use `backend="torchvision"` instead of `use_fast=True`, or `backend="pil"` instead of `use_fast=False`.

[36m(vLLMHttpServer pid=2383624)[0m (Worker pid=2384574) WARNING 09-03 08:59:33 [model_manager.py:401] Regarding Qwen3VLForConditionalGeneration, no matching PunicaWrapper is found; visual.blocks.17.mlp.linear_fc1 will be ignored.
[36m(vLLMHttpServer pid=2383624)[0m (Worker pid=2384574) WARNING 09-03 08:59:33 [model_manager.py:401] Regarding Qwen3VLForConditionalGeneration, no matching PunicaWrapper is found; visual.blocks.17.mlp.linear_fc2 will be ignored.
[36m(vLLMHttpServer pid=2383624)[0m (Worker pid=2384574) WARNING 09-03 08:59:33 [model_manager.py:401] Regarding Qwen3VLForConditionalGeneration, no matching PunicaWrapper is found; visual.blocks.18.attn.qkv will be ignored.
[36m(vLLMHttpServer pid=2383624)[0m (Worker pid=2384574) WARNING 09-03 08:59:33 [model_manager.py:401] Regarding Qwen3VLForConditionalGeneration, no matching PunicaWrapper is found; visual.blocks.18.attn.proj will be ignored.
[36m(vLLMHttpServer pid=2383624)[0m (Worker pid=2384574) WARNING 09-03 08:59:33 [model_manager.py:401] Regarding Qwen3VLForConditionalGeneration, no matching PunicaWrapper is found; visual.blocks.18.mlp.linear_fc1 will be ignored.
[36m(vLLMHttpServer pid=2383624)[0m (Worker pid=2384574) WARNING 09-03 08:59:33 [model_manager.py:401] Regarding Qwen3VLForConditionalGeneration, no matching PunicaWrapper is found; visual.blocks.18.mlp.linear_fc2 will be ignored.
[36m(vLLMHttpServer pid=2383624)[0m (Worker pid=2384574) WARNING 09-03 08:59:33 [model_manager.py:401] Regarding Qwen3VLForConditionalGeneration, no matching PunicaWrapper is found; visual.blocks.19.attn.qkv will be ignored.
[36m(vLLMHttpServer pid=2383624)[0m (Worker pid=2384574) WARNING 09-03 08:59:33 [model_manager.py:401] Regarding Qwen3VLForConditionalGeneration, no matching PunicaWrapper is found; visual.blocks.19.attn.proj will be ignored.
[36m(vLLMHttpServer pid=2383624)[0m (Worker pid=2384574) WARNING 09-03 08:59:33 [model_manager.py:401] Regarding Qwen3VLForConditionalGeneration, no matching PunicaWrapper is found; visual.blocks.19.mlp.linear_fc1 will be ignored.
[36m(vLLMHttpServer pid=2383624)[0m (Worker pid=2384574) WARNING 09-03 08:59:33 [model_manager.py:401] Regarding Qwen3VLForConditionalGeneration, no matching PunicaWrapper is found; visual.blocks.19.mlp.linear_fc2 will be ignored.
[36m(vLLMHttpServer pid=2383624)[0m (Worker pid=2384574) WARNING 09-03 08:59:33 [model_manager.py:401] Regarding Qwen3VLForConditionalGeneration, no matching PunicaWrapper is found; visual.blocks.20.attn.qkv will be ignored.
[36m(vLLMHttpServer pid=2383624)[0m (Worker pid=2384574) WARNING 09-03 08:59:33 [model_manager.py:401] Regarding Qwen3VLForConditionalGeneration, no matching PunicaWrapper is found; visual.blocks.20.attn.proj will be ignored.
[36m(vLLMHttpServer pid=2383624)[0m (Worker pid=2384574) WARNING 09-03 08:59:33 [model_manager.py:401] Regarding Qwen3VLForConditionalGeneration, no matching PunicaWrapper is found; visual.blocks.20.mlp.linear_fc1 will be ignored.
[36m(vLLMHttpServer pid=2383624)[0m (Worker pid=2384574) WARNING 09-03 08:59:33 [model_manager.py:401] Regarding Qwen3VLForConditionalGeneration, no matching PunicaWrapper is found; visual.blocks.20.mlp.linear_fc2 will be ignored.
[36m(vLLMHttpServer pid=2383624)[0m (Worker pid=2384574) WARNING 09-03 08:59:33 [model_manager.py:401] Regarding Qwen3VLForConditionalGeneration, no matching PunicaWrapper is found; visual.blocks.21.attn.qkv will be ignored.
[36m(vLLMHttpServer pid=2383624)[0m (Worker pid=2384574) WARNING 09-03 08:59:33 [model_manager.py:401] Regarding Qwen3VLForConditionalGeneration, no matching PunicaWrapper is found; visual.blocks.21.attn.proj will be ignored.
[36m(vLLMHttpServer pid=2383624)[0m (Worker pid=2384574) WARNING 09-03 08:59:33 [model_manager.py:401] Regarding Qwen3VLForConditionalGeneration, no matching PunicaWrapper is found; visual.blocks.21.mlp.linear_fc1 will be ignored.
[36m(vLLMHttpServer pid=2383624)[0m (Worker pid=2384574) WARNING 09-03 08:59:33 [model_manager.py:401] Regarding Qwen3VLForConditionalGeneration, no matching PunicaWrapper is found; visual.blocks.21.mlp.linear_fc2 will be ignored.
[36m(vLLMHttpServer pid=2383624)[0m (Worker pid=2384574) WARNING 09-03 08:59:33 [model_manager.py:401] Regarding Qwen3VLForConditionalGeneration, no matching PunicaWrapper is found; visual.blocks.22.attn.qkv will be ignored.
[36m(vLLMHttpServer pid=2383624)[0m (Worker pid=2384574) WARNING 09-03 08:59:33 [model_manager.py:401] Regarding Qwen3VLForConditionalGeneration, no matching PunicaWrapper is found; visual.blocks.22.attn.proj will be ignored.
[36m(vLLMHttpServer pid=2383624)[0m (Worker pid=2384574) WARNING 09-03 08:59:33 [model_manager.py:401] Regarding Qwen3VLForConditionalGeneration, no matching PunicaWrapper is found; visual.blocks.22.mlp.linear_fc1 will be ignored.
[36m(vLLMHttpServer pid=2383624)[0m (Worker pid=2384574) WARNING 09-03 08:59:33 [model_manager.py:401] Regarding Qwen3VLForConditionalGeneration, no matching PunicaWrapper is found; visual.blocks.22.mlp.linear_fc2 will be ignored.
[36m(vLLMHttpServer pid=2383624)[0m (Worker pid=2384574) WARNING 09-03 08:59:33 [model_manager.py:401] Regarding Qwen3VLForConditionalGeneration, no matching PunicaWrapper is found; visual.blocks.23.attn.qkv will be ignored.
[36m(vLLMHttpServer pid=2383624)[0m (Worker pid=2384574) WARNING 09-03 08:59:33 [model_manager.py:401] Regarding Qwen3VLForConditionalGeneration, no matching PunicaWrapper is found; visual.blocks.23.attn.proj will be ignored.
[36m(vLLMHttpServer pid=2383624)[0m (Worker pid=2384574) WARNING 09-03 08:59:33 [model_manager.py:401] Regarding Qwen3VLForConditionalGeneration, no matching PunicaWrapper is found; visual.blocks.23.mlp.linear_fc1 will be ignored.
[36m(vLLMHttpServer pid=2383624)[0m (Worker pid=2384574) WARNING 09-03 08:59:33 [model_manager.py:401] Regarding Qwen3VLForConditionalGeneration, no matching PunicaWrapper is found; visual.blocks.23.mlp.linear_fc2 will be ignored.
[36m(vLLMHttpServer pid=2383624)[0m (Worker pid=2384574) WARNING 09-03 08:59:53 [utils.py:279] Using default LoRA kernel configs
[36m(vLLMHttpServer pid=2383624)[0m WARNING 09-03 09:00:14 [api_router.py:30] LoRA dynamic loading & unloading is enabled in the API server. This should ONLY be used for local development!
[36m(vLLMHttpServer pid=2383624)[0m WARNING 09-03 09:00:14 [model.py:1477] Default vLLM sampling parameters have been overridden by the model's `generation_config.json`: `{'repetition_penalty': 1.0, 'temperature': 1.0, 'top_k': -1, 'top_p': 1, 'max_tokens': 16384}`. If this is not intended, please relaunch vLLM instance with `--generation-config vllm`.
[36m(TaskRunner pid=2382775)[0m LLMServerManager: ['10.110.2.5:39817']
[36m(TaskRunner pid=2382775)[0m Saving tensorboard log to /home/yw4636/agentic-tvg/results/grpo-v2/tb.
[36m(TaskRunner pid=2382775)[0m Found checkpoint: %s /home/yw4636/agentic-tvg/results/grpo-v2/ckpt/global_step_133
[36m(TaskRunner pid=2382775)[0m Load from checkpoint folder: /home/yw4636/agentic-tvg/results/grpo-v2/ckpt/global_step_133
[36m(TaskRunner pid=2382775)[0m Setting global step to 133
[36m(TaskRunner pid=2382775)[0m Resuming from /home/yw4636/agentic-tvg/results/grpo-v2/ckpt/global_step_133
[36m(AgentLoopWorker pid=2385617)[0m Using dataset class: RLHFDataset
[36m(AgentLoopWorker pid=2385617)[0m {
[36m(AgentLoopWorker pid=2385617)[0m   "type": "function",
[36m(AgentLoopWorker pid=2385617)[0m   "function": {
[36m(AgentLoopWorker pid=2385617)[0m     "name": "crop_video",
[36m(AgentLoopWorker pid=2385617)[0m     "description": "Inspect a time interval of the current video closely: returns 30 higher-resolution frames sampled evenly from [start_time, end_time], each labeled with its timestamp in seconds.",
[36m(AgentLoopWorker pid=2385617)[0m     "parameters": {
[36m(AgentLoopWorker pid=2385617)[0m       "type": "object",
[36m(AgentLoopWorker pid=2385617)[0m       "properties": {
[36m(AgentLoopWorker pid=2385617)[0m         "start_time": {
[36m(AgentLoopWorker pid=2385617)[0m           "type": "number",
[36m(AgentLoopWorker pid=2385617)[0m           "description": "Interval start in seconds, >= 0."[36m(WorkerDict pid=2383136)[0m INFO:2026-09-03 09:00:40,472:[Rank 0] Loaded model from /home/yw4636/agentic-tvg/results/grpo-v2/ckpt/global_step_133/actor/model_world_size_1_rank_0.pt
[36m(WorkerDict pid=2383136)[0m INFO:2026-09-03 09:00:40,791:[Rank 0] Loaded optimizer from /home/yw4636/agentic-tvg/results/grpo-v2/ckpt/global_step_133/actor/optim_world_size_1_rank_0.pt
[36m(WorkerDict pid=2383136)[0m INFO:2026-09-03 09:00:40,793:[Rank 0] Loaded rng from /home/yw4636/agentic-tvg/results/grpo-v2/ckpt/global_step_133/actor/extra_state_world_size_1_rank_0.pt
[36m(WorkerDict pid=2383136)[0m INFO:2026-09-03 09:00:40,793:[Rank 0] Loaded lr_scheduler from /home/yw4636/agentic-tvg/results/grpo-v2/ckpt/global_step_133/actor/extra_state_world_size_1_rank_0.pt
[36m(WorkerDict pid=2383136)[0m /home/yw4636/.conda/envs/verl/lib/python3.12/site-packages/verl/plugin/platform/platform_cuda.py:99: FutureWarning: torch.cuda._set_allocator_settings is deprecated. Use torch._C._accelerator_setAllocatorSettings instead.
[36m(WorkerDict pid=2383136)[0m   torch.cuda.memory._set_allocator_settings(settings)
[36m(TaskRunner pid=2382775)[0m Training Progress:  56%|█████▌    | 133/239 [00:00<?, ?it/s]
[36m(WorkerDict pid=2383136)[0m /home/yw4636/.conda/envs/verl/lib/python3.12/site-packages/verl/plugin/platform/platform_cuda.py:99: FutureWarning: torch.cuda._set_allocator_settings is deprecated. Use torch._C._accelerator_setAllocatorSettings instead.
[36m(WorkerDict pid=2383136)[0m   torch.cuda.memory._set_allocator_settings(settings)
[36m(AgentLoopWorker pid=2385621)[0m qwen-vl-utils using torchcodec to read video.
[36m(TaskRunner pid=2382775)[0m W0903 09:03:16.274000 2382775 site-packages/torch/fx/_symbolic_trace.py:53] is_fx_tracing will return true for both fx.symbolic_trace and torch.export. Please use is_fx_tracing_symbolic_tracing() for specifically fx.symbolic_trace or torch.compiler.is_compiling() for specifically torch.export/compile.
[36m(AgentLoopWorker pid=2385622)[0m qwen-vl-utils using torchcodec to read video.[32m [repeated 7x across cluster][0m
[36m(WorkerDict pid=2383136)[0m [rank0]:W0903 09:03:56.245000 2383136 site-packages/torch/fx/_symbolic_trace.py:53] is_fx_tracing will return true for both fx.symbolic_trace and torch.export. Please use is_fx_tracing_symbolic_tracing() for specifically fx.symbolic_trace or torch.compiler.is_compiling() for specifically torch.export/compile.
[36m(WorkerDict pid=2383136)[0m /home/yw4636/.conda/envs/verl/lib/python3.12/site-packages/verl/plugin/platform/platform_cuda.py:99: FutureWarning: torch.cuda._set_allocator_settings is deprecated. Use torch._C._accelerator_setAllocatorSettings instead.
[36m(WorkerDict pid=2383136)[0m   torch.cuda.memory._set_allocator_settings(settings)

[36m(AgentLoopWorker pid=2385617)[0m         },
[36m(AgentLoopWorker pid=2385617)[0m         "end_time": {
[36m(AgentLoopWorker pid=2385617)[0m           "type": "number",
[36m(AgentLoopWorker pid=2385617)[0m           "description": "Interval end in seconds, > start_time, <= video duration."
[36m(AgentLoopWorker pid=2385617)[0m         }
[36m(AgentLoopWorker pid=2385617)[0m       },
[36m(AgentLoopWorker pid=2385617)[0m       "required": [
[36m(AgentLoopWorker pid=2385617)[0m         "start_time",
[36m(AgentLoopWorker pid=2385617)[0m         "end_time"
[36m(AgentLoopWorker pid=2385617)[0m       ]
[36m(AgentLoopWorker pid=2385617)[0m     }
[36m(AgentLoopWorker pid=2385617)[0m   }
[36m(AgentLoopWorker pid=2385617)[0m }
[36m(TaskRunner pid=2382775)[0m Warning: No dataloader state found at /home/yw4636/agentic-tvg/results/grpo-v2/ckpt/global_step_133/data.pt, will start from scratch
[36m(AgentLoopWorker pid=2385619)[0m Using dataset class: RLHFDataset[32m [repeated 7x across cluster] (Ray deduplicates logs by default. Set RAY_DEDUP_LOGS=0 to disable log deduplication, or see https://docs.ray.io/en/master/ray-observability/user-guides/configure-logging.html#log-deduplication for more options.)[0m
[36m(AgentLoopWorker pid=2385625)[0m {[32m [repeated 7x across cluster][0m
[36m(AgentLoopWorker pid=2385625)[0m   "type": "function",[32m [repeated 7x across cluster][0m
[36m(AgentLoopWorker pid=2385625)[0m   "function": {[32m [repeated 7x across cluster][0m
[36m(AgentLoopWorker pid=2385625)[0m     "name": "crop_video",[32m [repeated 7x across cluster][0m
[36m(AgentLoopWorker pid=2385625)[0m     "description": "Inspect a time interval of the current video closely: returns 30 higher-resolution frames sampled evenly from [start_time, end_time], each labeled with its timestamp in seconds.",[32m [repeated 7x across cluster][0m
[36m(AgentLoopWorker pid=2385625)[0m     "parameters": {[32m [repeated 7x across cluster][0m
[36m(AgentLoopWorker pid=2385625)[0m       "type": "object",[32m [repeated 7x across cluster][0m
[36m(AgentLoopWorker pid=2385625)[0m       "properties": {[32m [repeated 7x across cluster][0m
[36m(AgentLoopWorker pid=2385625)[0m         "start_time": {[32m [repeated 7x across cluster][0m
[36m(AgentLoopWorker pid=2385625)[0m           "type": "number",[32m [repeated 14x across cluster][0m
[36m(AgentLoopWorker pid=2385625)[0m           "description": "Interval start in seconds, >= 0."[32m [repeated 7x across cluster][0m
[36m(AgentLoopWorker pid=2385625)[0m       },[32m [repeated 14x across cluster][0m
[36m(AgentLoopWorker pid=2385625)[0m         "end_time": {[32m [repeated 7x across cluster][0m
[36m(AgentLoopWorker pid=2385625)[0m           "description": "Interval end in seconds, > start_time, <= video duration."[32m [repeated 7x across cluster][0m
[36m(AgentLoopWorker pid=2385625)[0m }[32m [repeated 28x across cluster][0m
[36m(AgentLoopWorker pid=2385625)[0m       "required": [[32m [repeated 7x across cluster][0m
[36m(AgentLoopWorker pid=2385625)[0m         "start_time",[32m [repeated 7x across cluster][0m
[36m(AgentLoopWorker pid=2385625)[0m         "end_time"[32m [repeated 7x across cluster][0m
[36m(AgentLoopWorker pid=2385625)[0m       ][32m [repeated 7x across cluster][0m
[36m(vLLMHttpServer pid=2383624)[0m WARNING 09-03 09:01:01 [input_processor.py:157] vLLM has deprecated support for supporting different tokenizers for different LoRAs. By default, vLLM uses base model's tokenizer. If you are using a LoRA with its own tokenizer, consider specifying `--tokenizer [lora_path]` to use the LoRA tokenizer.
[36m(vLLMHttpServer pid=2383624)[0m WARNING 09-03 09:01:01 [input_processor.py:282] Passing raw prompts to InputProcessor is deprecated and will be removed in v0.18. You should instead pass the outputs of Renderer.render_cmpl() or Renderer.render_chat().
[36m(vLLMHttpServer pid=2383624)[0m (Worker pid=2384574) WARNING 09-03 09:01:02 [jit_monitor.py:106] Triton kernel JIT compilation during inference: _compute_slot_mapping_kernel. This causes a latency spike; consider extending warmup to cover this shape/config.
[36m(vLLMHttpServer pid=2383624)[0m (Worker pid=2384574) WARNING 09-03 09:01:02 [jit_monitor.py:106] Triton kernel JIT compilation during inference: _bilinear_pos_embed_kernel. This causes a latency spike; consider extending warmup to cover this shape/config.
[36m(vLLMHttpServer pid=2383624)[0m (Worker pid=2384574) WARNING 09-03 09:01:02 [jit_monitor.py:106] Triton kernel JIT compilation during inference: rotary_kernel. This causes a latency spike; consider extending warmup to cover this shape/config.
[36m(vLLMHttpServer pid=2383624)[0m (Worker pid=2384574) WARNING 09-03 09:01:02 [jit_monitor.py:106] Triton kernel JIT compilation during inference: _lora_expand_kernel. This causes a latency spike; consider extending warmup to cover this shape/config.
[36m(TaskRunner pid=2382775)[0m Dumped generations to /home/yw4636/agentic-tvg/results/grpo-v2/rollouts/134.jsonl
[36m(TaskRunner pid=2382775)[0m step:134 - global_seqlen/min:926428 - global_seqlen/max:926428 - global_seqlen/minmax_diff:0 - global_seqlen/balanced_min:926428 - global_seqlen/balanced_max:926428 - global_seqlen/mean:926428.0 - actor/entropy:0.9891902208328247 - perf/mfu/actor_infer:0.29525366722224494 - training/rollout_probs_diff_valid:1 - training/rollout_probs_diff_max:0.5478421449661255 - training/rollout_probs_diff_mean:0.010422386229038239 - training/rollout_probs_diff_std:0.017162805423140526 - training/rollout_actor_probs_pearson_corr:0.9985162615776062 - rollout_corr/training_ppl:2.707529067993164 - rollout_corr/training_log_ppl:0.9717531204223633 - rollout_corr/kl:0.0039558205753564835 - rollout_corr/k3_kl:0.003939138259738684 - rollout_corr/rollout_ppl:2.696641683578491 - rollout_corr/rollout_log_ppl:0.9679103493690491 - rollout_corr/log_ppl_diff:0.0038428050465881824 - rollout_corr/log_ppl_abs_diff:0.004796519409865141 - rollout_corr/log_ppl_diff_max:0.025295734405517578 - rollout_corr/log_ppl_diff_min:-0.008406639099121094 - rollout_corr/ppl_ratio:1.0038633346557617 - rollout_corr/chi2_token:0.008974790573120117 - rollout_corr/chi2_seq:5.581201076507568 - actor/pg_clipfrac:np.float64(0.0) - actor/ppo_kl:np.float64(0.0) - actor/pg_clipfrac_lower:np.float64(0.0) - actor/pg_loss:np.float64(0.004469966283068061) - actor/kl_loss:np.float64(0.012644837406696752) - actor/kl_coef:np.float64(0.0010000000000000002) - actor/loss:np.float64(0.004482617601752281) - actor/grad_norm:np.float64(0.07415886223316193) - actor/lr:np.float64(1e-05) - actor/perf/max_memory_allocated_gb:np.float64(39.04422855377197) - actor/perf/max_memory_reserved_gb:np.float64(41.806640625) - actor/perf/cpu_memory_used_gb:np.float64(97.74340057373047) - perf/mfu/actor:np.float64(0.3375116240714926) - training/global_step:134 - training/epoch:1 - critic/score/mean:1.2800238132476807 - critic/score/max:2.358750104904175 - critic/score/min:0.5 - critic/rewards/mean:1.2800238132476807 - critic/rewards/max:2.358750104904175 - critic/rewards/min:0.5 - critic/advantages/mean:-0.00446997070685029 - critic/advantages/max:2.9688713550567627 - critic/advantages/min:-3.0076851844787598 - critic/returns/mean:-0.00446997070685029 - critic/returns/max:2.9688713550567627 - critic/returns/min:-3.0076851844787598 - response_length/mean:3247.59375 - response_length/max:3778.0 - response_length/min:2902.0 - response_length/clip_ratio:0.0 - response_length_non_aborted/mean:3247.59375 - response_length_non_aborted/max:3778.0 - response_length_non_aborted/min:2902.0 - response_length_non_aborted/clip_ratio:0.0 - response/aborted_ratio:0.0 - prompt_length/mean:3990.125 - prompt_length/max:4140.0 - prompt_length/min:3934.0 - prompt_length/clip_ratio:0.0 - num_turns/min:np.int32(4) - num_turns/max:np.int32(4) - num_turns/mean:np.float64(4.0) - timing_s/start_profile:0.00021103699691593647 - timing_s/agent_loop/num_preempted/min:np.int64(-1) - timing_s/agent_loop/num_preempted/max:np.int64(-1) - timing_s/agent_loop/num_preempted/mean:np.float64(-1.0) - timing_s/agent_loop/generate_sequences/min:np.float64(63.29972922592424) - timing_s/agent_loop/generate_sequences/max:np.float64(118.32285794091877) - timing_s/agent_loop/generate_sequences/mean:np.float64(102.51405348514072) - timing_s/agent_loop/tool_calls/min:np.float64(0.06436127808410674) - timing_s/agent_loop/tool_calls/max:np.float64(0.8239752049557865) - timing_s/agent_loop/tool_calls/mean:np.float64(0.14138896437816584) - timing_s/agent_loop/compute_score/min:np.float64(0.3217315550427884) - timing_s/agent_loop/compute_score/max:np.float64(7.7422276879660785) - timing_s/agent_loop/compute_score/mean:np.float64(2.5035487031427692) - timing_s/agent_loop/slowest/generate_sequences:np.float64(116.02734344999772) - timing_s/agent_loop/slowest/tool_calls:np.float64(0.10092303203418851) - timing_s/agent_loop/slowest/compute_score:np.float64(6.386975105036981) - timing_s/agent_loop/slowest/num_preempted:np.int64(-1) - timing_s/agent_loop/slowest/prompt_length:4140 - timing_s/agent_loop/slowest/response_length:3334 - timing_s/gen:150.7522708970355 - timing_s/reward:2.6690075173974037e-05 - timing_s/old_log_prob:147.14498454809655 - timing_s/ref:138.10562936996575 - timing_s/adv:0.1841892539523542 - timing_s/update_actor:334.4912940559443 - timing_s/update_weights:4.02055882406421 - timing_s/dump_rollout_generations:0.36444215499795973 - timing_s/step:775.2365336329676 - timing_s/stop_profile:6.425206083804369e-05 - timing_per_token_ms/update_actor:0.36105481921524857 - timing_per_token_ms/ref:0.14907324624252047 - timing_per_token_ms/gen:0.36265376985132136 - timing_per_token_ms/adv:0.00019881658796188606 - perf/total_num_tokens:926428 - perf/time_per_step:775.2365336329676 - perf/throughput:1195.0262401315226[36m(TaskRunner pid=2382775)[0m Training Progress:  56%|█████▌    | 134/239 [12:55<22:37:03, 775.47s/it]
[36m(TaskRunner pid=2382775)[0m Training Progress:  56%|█████▋    | 135/239 [25:40<22:13:22, 769.26s/it]

[36m(TaskRunner pid=2382775)[0m Dumped generations to /home/yw4636/agentic-tvg/results/grpo-v2/rollouts/135.jsonl
[36m(TaskRunner pid=2382775)[0m step:135 - global_seqlen/min:914745 - global_seqlen/max:914745 - global_seqlen/minmax_diff:0 - global_seqlen/balanced_min:914745 - global_seqlen/balanced_max:914745 - global_seqlen/mean:914745.0 - actor/entropy:0.9238423705101013 - perf/mfu/actor_infer:0.2971371989076432 - training/rollout_probs_diff_valid:1 - training/rollout_probs_diff_max:0.29928097128868103 - training/rollout_probs_diff_mean:0.009968984872102737 - training/rollout_probs_diff_std:0.015924623236060143 - training/rollout_actor_probs_pearson_corr:0.9986684918403625 - rollout_corr/training_ppl:2.5293588638305664 - rollout_corr/training_log_ppl:0.910026490688324 - rollout_corr/kl:0.0034925860818475485 - rollout_corr/k3_kl:0.0029008027631789446 - rollout_corr/rollout_ppl:2.52042555809021 - rollout_corr/rollout_log_ppl:0.906419038772583 - rollout_corr/log_ppl_diff:0.003607464488595724 - rollout_corr/log_ppl_abs_diff:0.00449795788154006 - rollout_corr/log_ppl_diff_max:0.021737873554229736 - rollout_corr/log_ppl_diff_min:-0.007644593715667725 - rollout_corr/ppl_ratio:1.0036239624023438 - rollout_corr/chi2_token:0.0047158002853393555 - rollout_corr/chi2_seq:10.599761009216309 - actor/pg_clipfrac:np.float64(0.0) - actor/ppo_kl:np.float64(0.0) - actor/pg_clipfrac_lower:np.float64(0.0) - actor/pg_loss:np.float64(0.018474067602255673) - actor/kl_loss:np.float64(0.011651478605926968) - actor/kl_coef:np.float64(0.0010000000000000002) - actor/loss:np.float64(0.018485717475414276) - actor/grad_norm:np.float64(0.07346192002296448) - actor/lr:np.float64(1e-05) - actor/perf/max_memory_allocated_gb:np.float64(39.04422855377197) - actor/perf/max_memory_reserved_gb:np.float64(41.806640625) - actor/perf/cpu_memory_used_gb:np.float64(97.47565460205078) - perf/mfu/actor:np.float64(0.33489941715247334) - training/global_step:135 - training/epoch:1 - critic/score/mean:1.5467597246170044 - critic/score/max:2.4789061546325684 - critic/score/min:0.5 - critic/rewards/mean:1.5467597246170044 - critic/rewards/max:2.4789061546325684 - critic/rewards/min:0.5 - critic/advantages/mean:-0.018474077805876732 - critic/advantages/max:1.9761722087860107 - critic/advantages/min:-3.215832233428955 - critic/returns/mean:-0.018474077805876732 - critic/returns/max:1.9761722087860107 - critic/returns/min:-3.215832233428955 - response_length/mean:3144.5703125 - response_length/max:3431.0 - response_length/min:2650.0 - response_length/clip_ratio:0.0 - response_length_non_aborted/mean:3144.5703125 - response_length_non_aborted/max:3431.0 - response_length_non_aborted/min:2650.0 - response_length_non_aborted/clip_ratio:0.0 - response/aborted_ratio:0.0 - prompt_length/mean:4001.875 - prompt_length/max:4143.0 - prompt_length/min:3633.0 - prompt_length/clip_ratio:0.0 - num_turns/min:np.int32(4) - num_turns/max:np.int32(4) - num_turns/mean:np.float64(4.0) - timing_s/start_profile:6.616499740630388e-05 - timing_s/agent_loop/num_preempted/min:np.int64(-1) - timing_s/agent_loop/num_preempted/max:np.int64(-1) - timing_s/agent_loop/num_preempted/mean:np.float64(-1.0) - timing_s/agent_loop/generate_sequences/min:np.float64(66.78457041992806) - timing_s/agent_loop/generate_sequences/max:np.float64(116.61508831498213) - timing_s/agent_loop/generate_sequences/mean:np.float64(102.67639798781329) - timing_s/agent_loop/tool_calls/min:np.float64(0.05867628601845354) - timing_s/agent_loop/tool_calls/max:np.float64(0.8564823149936274) - timing_s/agent_loop/tool_calls/mean:np.float64(0.13707754576171283) - timing_s/agent_loop/compute_score/min:np.float64(0.3155772549798712) - timing_s/agent_loop/compute_score/max:np.float64(6.422961676958948) - timing_s/agent_loop/compute_score/mean:np.float64(1.891117980551826) - timing_s/agent_loop/slowest/generate_sequences:np.float64(116.61508831498213) - timing_s/agent_loop/slowest/tool_calls:np.float64(0.09772177995182574) - timing_s/agent_loop/slowest/compute_score:np.float64(4.306912480038591) - timing_s/agent_loop/slowest/num_preempted:np.int64(-1) - timing_s/agent_loop/slowest/prompt_length:4135 - timing_s/agent_loop/slowest/response_length:3313 - timing_s/gen:146.5503792699892 - timing_s/reward:0.0004786100471392274 - timing_s/old_log_prob:143.5382958459668 - timing_s/ref:143.41879614198115 - timing_s/adv:0.16992650495376438 - timing_s/update_actor:326.6856553480029 - timing_s/update_weights:4.0012065570335835 - timing_s/dump_rollout_generations:0.315708233974874 - timing_s/step:764.8318980140612 - timing_s/stop_profile:4.634598735719919e-05 - timing_per_token_ms/update_actor:0.3571330319903393 - timing_per_token_ms/ref:0.15678554804014358 - timing_per_token_ms/gen:0.3640957982385044 - timing_per_token_ms/adv:0.00018576379751052412 - perf/total_num_tokens:914745 - perf/time_per_step:764.8318980140612 - perf/throughput:1196.0079102024883
[36m(TaskRunner pid=2382775)[0m Dumped generations to /home/yw4636/agentic-tvg/results/grpo-v2/rollouts/136.jsonl
[36m(TaskRunner pid=2382775)[0m step:136 - global_seqlen/min:923765 - global_seqlen/max:923765 - global_seqlen/minmax_diff:0 - global_seqlen/balanced_min:923765 - global_seqlen/balanced_max:923765 - global_seqlen/mean:923765.0 - actor/entropy:1.002008318901062 - perf/mfu/actor_infer:0.2975786667965649 - training/rollout_probs_diff_valid:1 - training/rollout_probs_diff_max:0.3165529668331146 - training/rollout_probs_diff_mean:0.01011436153203249 - training/rollout_probs_diff_std:0.015699021518230438 - training/rollout_actor_probs_pearson_corr:0.9987064599990845 - rollout_corr/training_ppl:2.7373907566070557 - rollout_corr/training_log_ppl:0.9890965819358826 - rollout_corr/kl:0.003090487327426672 - rollout_corr/k3_kl:0.003117784857749939 - rollout_corr/rollout_ppl:2.7290618419647217 - rollout_corr/rollout_log_ppl:0.9859976172447205 - rollout_corr/log_ppl_diff:0.0030990000814199448 - rollout_corr/log_ppl_abs_diff:0.004158184863626957 - rollout_corr/log_ppl_diff_max:0.015293478965759277 - rollout_corr/log_ppl_diff_min:-0.006325125694274902 - rollout_corr/ppl_ratio:1.0031124353408813 - rollout_corr/chi2_token:0.006346940994262695 - rollout_corr/chi2_seq:3.6570377349853516 - actor/pg_clipfrac:np.float64(0.0) - actor/ppo_kl:np.float64(0.0) - actor/pg_clipfrac_lower:np.float64(0.0) - actor/pg_loss:np.float64(0.0015211075133265695) - actor/kl_loss:np.float64(0.013005801403778605) - actor/kl_coef:np.float64(0.0010000000000000002) - actor/loss:np.float64(0.0015341155230998993) - actor/grad_norm:np.float64(0.07775529474020004) - actor/lr:np.float64(1e-05) - actor/perf/max_memory_allocated_gb:np.float64(39.04422855377197) - actor/perf/max_memory_reserved_gb:np.float64(41.806640625) - actor/perf/cpu_memory_used_gb:np.float64(115.09423065185547) - perf/mfu/actor:np.float64(0.33496543891198194) - training/global_step:136 - training/epoch:1 - critic/score/mean:1.3060789108276367 - critic/score/max:2.4170985221862793 - critic/score/min:0.5 - critic/rewards/mean:1.3060789108276367 - critic/rewards/max:2.4170985221862793 - critic/rewards/min:0.5 - critic/advantages/mean:-0.0015211133286356926 - critic/advantages/max:3.579906940460205 - critic/advantages/min:-2.88771390914917 - critic/returns/mean:-0.0015211133286356926 - critic/returns/max:3.579906940460205 - critic/returns/min:-2.88771390914917 - response_length/mean:3180.5390625 - response_length/max:3536.0 - response_length/min:2899.0 - response_length/clip_ratio:0.0 - response_length_non_aborted/mean:3180.5390625 - response_length_non_aborted/max:3536.0 - response_length_non_aborted/min:2899.0 - response_length_non_aborted/clip_ratio:0.0 - response/aborted_ratio:0.0 - prompt_length/mean:4036.375 - prompt_length/max:4149.0 - prompt_length/min:3934.0 - prompt_length/clip_ratio:0.0 - num_turns/min:np.int32(4) - num_turns/max:np.int32(4) - num_turns/mean:np.float64(4.0) - timing_s/start_profile:6.200897041708231e-05 - timing_s/agent_loop/num_preempted/min:np.int64(-1) - timing_s/agent_loop/num_preempted/max:np.int64(-1) - timing_s/agent_loop/num_preempted/mean:np.float64(-1.0) - timing_s/agent_loop/generate_sequences/min:np.float64(69.97409945400432) - timing_s/agent_loop/generate_sequences/max:np.float64(110.18641248194035) - timing_s/agent_loop/generate_sequences/mean:np.float64(96.55634047223157) - timing_s/agent_loop/tool_calls/min:np.float64(0.0641046620439738) - timing_s/agent_loop/tool_calls/max:np.float64(2.308049791958183) - timing_s/agent_loop/tool_calls/mean:np.float64(0.23692701347590628) - timing_s/agent_loop/compute_score/min:np.float64(0.3272255619522184) - timing_s/agent_loop/compute_score/max:np.float64(6.729884448926896) - timing_s/agent_loop/compute_score/mean:np.float64(2.117198583240679) - timing_s/agent_loop/slowest/generate_sequences:np.float64(109.90956117899623) - timing_s/agent_loop/slowest/tool_calls:np.float64(1.507562901941128) - timing_s/agent_loop/slowest/compute_score:np.float64(2.522764523047954) - timing_s/agent_loop/slowest/num_preempted:np.int64(-1) - timing_s/agent_loop/slowest/prompt_length:4149 - timing_s/agent_loop/slowest/response_length:3317 - timing_s/gen:138.08847019204404 - timing_s/reward:0.00040585093665868044 - timing_s/old_log_prob:145.90878819103818 - timing_s/ref:135.5901003050385 - timing_s/adv:0.16718647396191955 - timing_s/update_actor:327.0160644730786 - timing_s/update_weights:3.9991423080209643 - timing_s/dump_rollout_generations:0.33246612490620464 - timing_s/step:751.2591573440004 - timing_s/stop_profile:4.483596421778202e-05 - timing_per_token_ms/update_actor:0.354003523053026 - timing_per_token_ms/ref:0.14677986317411734 - timing_per_token_ms/gen:0.339192870194577 - timing_per_token_ms/adv:0.00018098377180551282 - perf/total_num_tokens:923765 - perf/time_per_step:751.2591573440004 - perf/throughput:1229.6222827630831[36m(TaskRunner pid=2382775)[0m Training Progress:  57%|█████▋    | 136/239 [38:11<21:46:30, 761.07s/it]
[36m(TaskRunner pid=2382775)[0m Training Progress:  57%|█████▋    | 137/239 [51:16<21:49:59, 770.58s/it]

[36m(TaskRunner pid=2382775)[0m Dumped generations to /home/yw4636/agentic-tvg/results/grpo-v2/rollouts/137.jsonl
[36m(TaskRunner pid=2382775)[0m step:137 - global_seqlen/min:927684 - global_seqlen/max:927684 - global_seqlen/minmax_diff:0 - global_seqlen/balanced_min:927684 - global_seqlen/balanced_max:927684 - global_seqlen/mean:927684.0 - actor/entropy:0.9674965143203735 - perf/mfu/actor_infer:0.29778122346367886 - training/rollout_probs_diff_valid:1 - training/rollout_probs_diff_max:0.38917770981788635 - training/rollout_probs_diff_mean:0.010469972155988216 - training/rollout_probs_diff_std:0.016458682715892792 - training/rollout_actor_probs_pearson_corr:0.998582661151886 - rollout_corr/training_ppl:2.6171655654907227 - rollout_corr/training_log_ppl:0.9463352560997009 - rollout_corr/kl:0.003370317630469799 - rollout_corr/k3_kl:0.0034931267146021128 - rollout_corr/rollout_ppl:2.608384132385254 - rollout_corr/rollout_log_ppl:0.9429094791412354 - rollout_corr/log_ppl_diff:0.0034258640371263027 - rollout_corr/log_ppl_abs_diff:0.004495267290621996 - rollout_corr/log_ppl_diff_max:0.014048397541046143 - rollout_corr/log_ppl_diff_min:-0.0077141523361206055 - rollout_corr/ppl_ratio:1.003441333770752 - rollout_corr/chi2_token:0.007367253303527832 - rollout_corr/chi2_seq:31.108989715576172 - actor/pg_clipfrac:np.float64(0.0) - actor/ppo_kl:np.float64(0.0) - actor/pg_clipfrac_lower:np.float64(0.0) - actor/pg_loss:np.float64(-0.0013679767289431766) - actor/kl_loss:np.float64(0.014070791512494907) - actor/kl_coef:np.float64(0.0010000000000000002) - actor/loss:np.float64(-0.0013539083302021027) - actor/grad_norm:np.float64(0.07426156848669052) - actor/lr:np.float64(1e-05) - actor/perf/max_memory_allocated_gb:np.float64(39.082311153411865) - actor/perf/max_memory_reserved_gb:np.float64(41.806640625) - actor/perf/cpu_memory_used_gb:np.float64(131.71178817749023) - perf/mfu/actor:np.float64(0.33710994636669794) - training/global_step:137 - training/epoch:1 - critic/score/mean:1.1875543594360352 - critic/score/max:2.3664286136627197 - critic/score/min:0.5 - critic/rewards/mean:1.1875543594360352 - critic/rewards/max:2.3664286136627197 - critic/rewards/min:0.5 - critic/advantages/mean:0.0013679731637239456 - critic/advantages/max:2.3546879291534424 - critic/advantages/min:-2.976698160171509 - critic/returns/mean:0.0013679731637239456 - critic/returns/max:2.3546879291534424 - critic/returns/min:-2.976698160171509 - response_length/mean:3250.90625 - response_length/max:3625.0 - response_length/min:2945.0 - response_length/clip_ratio:0.0 - response_length_non_aborted/mean:3250.90625 - response_length_non_aborted/max:3625.0 - response_length_non_aborted/min:2945.0 - response_length_non_aborted/clip_ratio:0.0 - response/aborted_ratio:0.0 - prompt_length/mean:3996.625 - prompt_length/max:4146.0 - prompt_length/min:3935.0 - prompt_length/clip_ratio:0.0 - num_turns/min:np.int32(4) - num_turns/max:np.int32(4) - num_turns/mean:np.float64(4.0) - timing_s/start_profile:6.045703776180744e-05 - timing_s/agent_loop/num_preempted/min:np.int64(-1) - timing_s/agent_loop/num_preempted/max:np.int64(-1) - timing_s/agent_loop/num_preempted/mean:np.float64(-1.0) - timing_s/agent_loop/generate_sequences/min:np.float64(66.55063829000574) - timing_s/agent_loop/generate_sequences/max:np.float64(120.3149332270259) - timing_s/agent_loop/generate_sequences/mean:np.float64(104.94799729752867) - timing_s/agent_loop/tool_calls/min:np.float64(0.05581344792153686) - timing_s/agent_loop/tool_calls/max:np.float64(0.6956408639671281) - timing_s/agent_loop/tool_calls/mean:np.float64(0.1352874628482823) - timing_s/agent_loop/compute_score/min:np.float64(0.3202297459356487) - timing_s/agent_loop/compute_score/max:np.float64(6.320851724944077) - timing_s/agent_loop/compute_score/mean:np.float64(2.2193339249797646) - timing_s/agent_loop/slowest/generate_sequences:np.float64(120.00676776689943) - timing_s/agent_loop/slowest/tool_calls:np.float64(0.13350069499574602) - timing_s/agent_loop/slowest/compute_score:np.float64(2.627189402934164) - timing_s/agent_loop/slowest/num_preempted:np.int64(-1) - timing_s/agent_loop/slowest/prompt_length:3962 - timing_s/agent_loop/slowest/response_length:3384 - timing_s/gen:148.54868006205652 - timing_s/reward:0.0005242309998720884 - timing_s/old_log_prob:154.301260911976 - timing_s/ref:146.4385908379918 - timing_s/adv:0.1737207469996065 - timing_s/update_actor:331.09533943398856 - timing_s/update_weights:4.025430446024984 - timing_s/dump_rollout_generations:0.352371157030575 - timing_s/step:785.0888441830175 - timing_s/stop_profile:4.526099655777216e-05 - timing_per_token_ms/update_actor:0.3569053033511288 - timing_per_token_ms/ref:0.15785395763858362 - timing_per_token_ms/gen:0.3569886283201235 - timing_per_token_ms/adv:0.00018726284704663064 - perf/total_num_tokens:927684 - perf/time_per_step:785.0888441830175 - perf/throughput:1181.6293237045936
[36m(TaskRunner pid=2382775)[0m Dumped generations to /home/yw4636/agentic-tvg/results/grpo-v2/rollouts/138.jsonl
[36m(TaskRunner pid=2382775)[0m step:138 - global_seqlen/min:920495 - global_seqlen/max:920495 - global_seqlen/minmax_diff:0 - global_seqlen/balanced_min:920495 - global_seqlen/balanced_max:920495 - global_seqlen/mean:920495.0 - actor/entropy:0.9788500666618347 - perf/mfu/actor_infer:0.29779843124355704 - training/rollout_probs_diff_valid:1 - training/rollout_probs_diff_max:0.5081555843353271 - training/rollout_probs_diff_mean:0.010296148248016834 - training/rollout_probs_diff_std:0.01640426367521286 - training/rollout_actor_probs_pearson_corr:0.9986088275909424 - rollout_corr/training_ppl:2.673278331756592 - rollout_corr/training_log_ppl:0.964903712272644 - rollout_corr/kl:0.003322903299704194 - rollout_corr/k3_kl:0.0033311748411506414 - rollout_corr/rollout_ppl:2.664155960083008 - rollout_corr/rollout_log_ppl:0.9614452123641968 - rollout_corr/log_ppl_diff:0.0034585059620440006 - rollout_corr/log_ppl_abs_diff:0.00454064691439271 - rollout_corr/log_ppl_diff_max:0.02123081684112549 - rollout_corr/log_ppl_diff_min:-0.011693596839904785 - rollout_corr/ppl_ratio:1.0034761428833008 - rollout_corr/chi2_token:0.006681323051452637 - rollout_corr/chi2_seq:79.84619140625 - actor/pg_clipfrac:np.float64(0.0) - actor/ppo_kl:np.float64(0.0) - actor/pg_clipfrac_lower:np.float64(0.0) - actor/pg_loss:np.float64(-0.028939899548277026) - actor/kl_loss:np.float64(0.012370060110697523) - actor/kl_coef:np.float64(0.0010000000000000002) - actor/loss:np.float64(-0.028927531093358994) - actor/grad_norm:np.float64(0.07417887449264526) - actor/lr:np.float64(1e-05) - actor/perf/max_memory_allocated_gb:np.float64(39.082311153411865) - actor/perf/max_memory_reserved_gb:np.float64(41.923828125) - actor/perf/cpu_memory_used_gb:np.float64(99.06401062011719) - perf/mfu/actor:np.float64(0.3368248117677743) - training/global_step:138 - training/epoch:1 - critic/score/mean:1.317336082458496 - critic/score/max:2.5 - critic/score/min:0.5 - critic/rewards/mean:1.317336082458496 - critic/rewards/max:2.5 - critic/rewards/min:0.5 - critic/advantages/mean:0.028939897194504738 - critic/advantages/max:3.2402455806732178 - critic/advantages/min:-2.664874792098999 - critic/returns/mean:0.028939897194504738 - critic/returns/max:3.2402455806732178 - critic/returns/min:-2.664874792098999 - response_length/mean:3227.4921875 - response_length/max:3522.0 - response_length/min:2987.0 - response_length/clip_ratio:0.0 - response_length_non_aborted/mean:3227.4921875 - response_length_non_aborted/max:3522.0 - response_length_non_aborted/min:2987.0 - response_length_non_aborted/clip_ratio:0.0 - response/aborted_ratio:0.0 - prompt_length/mean:3963.875 - prompt_length/max:4126.0 - prompt_length/min:3931.0 - prompt_length/clip_ratio:0.0 - num_turns/min:np.int32(4) - num_turns/max:np.int32(4) - num_turns/mean:np.float64(4.0) - timing_s/start_profile:6.588606629520655e-05 - timing_s/agent_loop/num_preempted/min:np.int64(-1) - timing_s/agent_loop/num_preempted/max:np.int64(-1) - timing_s/agent_loop/num_preempted/mean:np.float64(-1.0) - timing_s/agent_loop/generate_sequences/min:np.float64(66.95410578197334) - timing_s/agent_loop/generate_sequences/max:np.float64(111.98030320706312) - timing_s/agent_loop/generate_sequences/mean:np.float64(97.81196200204613) - timing_s/agent_loop/tool_calls/min:np.float64(0.07679142500273883) - timing_s/agent_loop/tool_calls/max:np.float64(0.9662695210427046) - timing_s/agent_loop/tool_calls/mean:np.float64(0.160996594900098) - timing_s/agent_loop/compute_score/min:np.float64(0.319879821036011) - timing_s/agent_loop/compute_score/max:np.float64(5.722285000025295) - timing_s/agent_loop/compute_score/mean:np.float64(1.8216235383906678) - timing_s/agent_loop/slowest/generate_sequences:np.float64(111.98030320706312) - timing_s/agent_loop/slowest/tool_calls:np.float64(0.10593347402755171) - timing_s/agent_loop/slowest/compute_score:np.float64(2.2822133499430493) - timing_s/agent_loop/slowest/num_preempted:np.int64(-1) - timing_s/agent_loop/slowest/prompt_length:3942 - timing_s/agent_loop/slowest/response_length:3392 - timing_s/gen:143.58541779301595 - timing_s/reward:0.00047118798829615116 - timing_s/old_log_prob:148.651604186045 - timing_s/ref:139.39872647693846 - timing_s/adv:0.16755597398150712 - timing_s/update_actor:324.0558975569438 - timing_s/update_weights:3.978765737032518 - timing_s/dump_rollout_generations:0.32706780394073576 - timing_s/step:760.3287170239491 - timing_s/stop_profile:4.4338987208902836e-05 - timing_per_token_ms/update_actor:0.35204525560371736 - timing_per_token_ms/ref:0.1514388741676364 - timing_per_token_ms/gen:0.34756430421504686 - timing_per_token_ms/adv:0.00018202811963292264 - perf/total_num_tokens:920495 - perf/time_per_step:760.3287170239491 - perf/throughput:1210.6539966068465[36m(TaskRunner pid=2382775)[0m Training Progress:  58%|█████▊    | 138/239 [1:03:57<21:30:57, 766.91s/it]
[36m(TaskRunner pid=2382775)[0m Training Progress:  58%|█████▊    | 139/239 [1:16:22<21:06:10, 759.70s/it]
[36m(WorkerDict pid=2383136)[0m /home/yw4636/.conda/envs/verl/lib/python3.12/site-packages/verl/plugin/platform/platform_cuda.py:99: FutureWarning: torch.cuda._set_allocator_settings is deprecated. Use torch._C._accelerator_setAllocatorSettings instead.
[36m(WorkerDict pid=2383136)[0m   torch.cuda.memory._set_allocator_settings(settings)

[36m(TaskRunner pid=2382775)[0m Dumped generations to /home/yw4636/agentic-tvg/results/grpo-v2/rollouts/139.jsonl
[36m(TaskRunner pid=2382775)[0m step:139 - global_seqlen/min:925398 - global_seqlen/max:925398 - global_seqlen/minmax_diff:0 - global_seqlen/balanced_min:925398 - global_seqlen/balanced_max:925398 - global_seqlen/mean:925398.0 - actor/entropy:0.9427989721298218 - perf/mfu/actor_infer:0.29724258299989487 - training/rollout_probs_diff_valid:1 - training/rollout_probs_diff_max:0.43236422538757324 - training/rollout_probs_diff_mean:0.010316199623048306 - training/rollout_probs_diff_std:0.016332104802131653 - training/rollout_actor_probs_pearson_corr:0.9986066222190857 - rollout_corr/training_ppl:2.5976643562316895 - rollout_corr/training_log_ppl:0.9366138577461243 - rollout_corr/kl:0.0031328995246440172 - rollout_corr/k3_kl:0.0034353528171777725 - rollout_corr/rollout_ppl:2.589674472808838 - rollout_corr/rollout_log_ppl:0.933601438999176 - rollout_corr/log_ppl_diff:0.0030123423784971237 - rollout_corr/log_ppl_abs_diff:0.004115636460483074 - rollout_corr/log_ppl_diff_max:0.017936229705810547 - rollout_corr/log_ppl_diff_min:-0.007519423961639404 - rollout_corr/ppl_ratio:1.0030264854431152 - rollout_corr/chi2_token:0.008767127990722656 - rollout_corr/chi2_seq:2.418839931488037 - actor/pg_clipfrac:np.float64(0.0) - actor/ppo_kl:np.float64(0.0) - actor/pg_clipfrac_lower:np.float64(0.0) - actor/pg_loss:np.float64(0.023427710635587573) - actor/kl_loss:np.float64(0.014752196002518758) - actor/kl_coef:np.float64(0.0010000000000000002) - actor/loss:np.float64(0.023442469537258148) - actor/grad_norm:np.float64(0.07705754041671753) - actor/lr:np.float64(1e-05) - actor/perf/max_memory_allocated_gb:np.float64(39.082311153411865) - actor/perf/max_memory_reserved_gb:np.float64(41.923828125) - actor/perf/cpu_memory_used_gb:np.float64(115.44009399414062) - perf/mfu/actor:np.float64(0.3364969766873761) - training/global_step:139 - training/epoch:1 - critic/score/mean:1.4447778463363647 - critic/score/max:2.3937034606933594 - critic/score/min:0.0 - critic/rewards/mean:1.4447778463363647 - critic/rewards/max:2.3937034606933594 - critic/rewards/min:0.0 - critic/advantages/mean:-0.023427722975611687 - critic/advantages/max:2.776474714279175 - critic/advantages/min:-3.332367181777954 - critic/returns/mean:-0.023427722975611687 - critic/returns/max:2.776474714279175 - critic/returns/min:-3.332367181777954 - response_length/mean:3210.796875 - response_length/max:6292.0 - response_length/min:2933.0 - response_length/clip_ratio:0.0 - response_length_non_aborted/mean:3210.796875 - response_length_non_aborted/max:6292.0 - response_length_non_aborted/min:2933.0 - response_length_non_aborted/clip_ratio:0.0 - response/aborted_ratio:0.0 - prompt_length/mean:4018.875 - prompt_length/max:4143.0 - prompt_length/min:3942.0 - prompt_length/clip_ratio:0.0 - num_turns/min:np.int32(4) - num_turns/max:np.int32(6) - num_turns/mean:np.float64(4.015625) - timing_s/start_profile:6.186799146234989e-05 - timing_s/agent_loop/num_preempted/min:np.int64(-1) - timing_s/agent_loop/num_preempted/max:np.int64(-1) - timing_s/agent_loop/num_preempted/mean:np.float64(-1.0) - timing_s/agent_loop/generate_sequences/min:np.float64(69.00454124296084) - timing_s/agent_loop/generate_sequences/max:np.float64(109.84598835802171) - timing_s/agent_loop/generate_sequences/mean:np.float64(93.70935173217458) - timing_s/agent_loop/tool_calls/min:np.float64(0.05478664499241859) - timing_s/agent_loop/tool_calls/max:np.float64(3.9119125679135323) - timing_s/agent_loop/tool_calls/mean:np.float64(0.2207771730791137) - timing_s/agent_loop/compute_score/min:np.float64(0.3227094659814611) - timing_s/agent_loop/compute_score/max:np.float64(6.490031530032866) - timing_s/agent_loop/compute_score/mean:np.float64(2.0291166751067067) - timing_s/agent_loop/slowest/generate_sequences:np.float64(107.40446922986303) - timing_s/agent_loop/slowest/tool_calls:np.float64(3.9119125679135323) - timing_s/agent_loop/slowest/compute_score:np.float64(2.6233431469881907) - timing_s/agent_loop/slowest/num_preempted:np.int64(-1) - timing_s/agent_loop/slowest/prompt_length:3957 - timing_s/agent_loop/slowest/response_length:6292 - timing_s/gen:138.41301077394746 - timing_s/reward:0.00038636603858321905 - timing_s/old_log_prob:144.40877829899546 - timing_s/ref:134.62095223506913 - timing_s/adv:0.16676005092449486 - timing_s/update_actor:323.5850338200107 - timing_s/update_weights:3.974756737006828 - timing_s/dump_rollout_generations:0.3220234139589593 - timing_s/step:745.6481377999298 - timing_s/stop_profile:4.3928041122853756e-05 - timing_per_token_ms/update_actor:0.3496712050598885 - timing_per_token_ms/ref:0.14547357162547264 - timing_per_token_ms/gen:0.3367860655063907 - timing_per_token_ms/adv:0.00018020359988296373 - perf/total_num_tokens:925398 - perf/time_per_step:745.6481377999298 - perf/throughput:1241.065259990363
[36m(TaskRunner pid=2382775)[0m local_global_step_folder: /home/yw4636/agentic-tvg/results/grpo-v2/ckpt/global_step_140
[36m(TaskRunner pid=2382775)[0m Dumped generations to /home/yw4636/agentic-tvg/results/grpo-v2/rollouts/140.jsonl
[36m(TaskRunner pid=2382775)[0m test_gen_batch meta info: {'eos_token_id': 151645, 'pad_token_id': 151643, 'recompute_log_prob': False, 'do_sample': False, 'validate': True, 'global_steps': 140}
[36m(TaskRunner pid=2382775)[0m validation generation end
[36m(TaskRunner pid=2382775)[0m test_gen_batch meta info: {'eos_token_id': 151645, 'pad_token_id': 151643, 'recompute_log_prob': False, 'do_sample': False, 'validate': True, 'global_steps': 140}
[36m(TaskRunner pid=2382775)[0m validation generation end
[36m(TaskRunner pid=2382775)[0m test_gen_batch meta info: {'eos_token_id': 151645, 'pad_token_id': 151643, 'recompute_log_prob': False, 'do_sample': False, 'validate': True, 'global_steps': 140}
[36m(TaskRunner pid=2382775)[0m validation generation end
[36m(TaskRunner pid=2382775)[0m test_gen_batch meta info: {'eos_token_id': 151645, 'pad_token_id': 151643, 'recompute_log_prob': False, 'do_sample': False, 'validate': True, 'global_steps': 140}
[36m(TaskRunner pid=2382775)[0m validation generation end
[36m(TaskRunner pid=2382775)[0m test_gen_batch meta info: {'eos_token_id': 151645, 'pad_token_id': 151643, 'recompute_log_prob': False, 'do_sample': False, 'validate': True, 'global_steps': 140}
[36m(TaskRunner pid=2382775)[0m validation generation end
[36m(TaskRunner pid=2382775)[0m test_gen_batch meta info: {'eos_token_id': 151645, 'pad_token_id': 151643, 'recompute_log_prob': False, 'do_sample': False, 'validate': True, 'global_steps': 140}
[36m(TaskRunner pid=2382775)[0m validation generation end
[36m(TaskRunner pid=2382775)[0m test_gen_batch meta info: {'eos_token_id': 151645, 'pad_token_id': 151643, 'recompute_log_prob': False, 'do_sample': False, 'validate': True, 'global_steps': 140}
[36m(TaskRunner pid=2382775)[0m validation generation end
[36m(TaskRunner pid=2382775)[0m test_gen_batch meta info: {'eos_token_id': 151645, 'pad_token_id': 151643, 'recompute_log_prob': False, 'do_sample': False, 'validate': True, 'global_steps': 140}
[36m(TaskRunner pid=2382775)[0m validation generation end
[36m(TaskRunner pid=2382775)[0m test_gen_batch meta info: {'eos_token_id': 151645, 'pad_token_id': 151643, 'recompute_log_prob': False, 'do_sample': False, 'validate': True, 'global_steps': 140}
[36m(TaskRunner pid=2382775)[0m validation generation end
[36m(TaskRunner pid=2382775)[0m test_gen_batch meta info: {'eos_token_id': 151645, 'pad_token_id': 151643, 'recompute_log_prob': False, 'do_sample': False, 'validate': True, 'global_steps': 140}
[36m(TaskRunner pid=2382775)[0m validation generation end
[36m(TaskRunner pid=2382775)[0m test_gen_batch meta info: {'eos_token_id': 151645, 'pad_token_id': 151643, 'recompute_log_prob': False, 'do_sample': False, 'validate': True, 'global_steps': 140}
[36m(TaskRunner pid=2382775)[0m validation generation end
[36m(TaskRunner pid=2382775)[0m test_gen_batch meta info: {'eos_token_id': 151645, 'pad_token_id': 151643, 'recompute_log_prob': False, 'do_sample': False, 'validate': True, 'global_steps': 140}
[36m(TaskRunner pid=2382775)[0m validation generation end
[36m(TaskRunner pid=2382775)[0m test_gen_batch meta info: {'eos_token_id': 151645, 'pad_token_id': 151643, 'recompute_log_prob': False, 'do_sample': False, 'validate': True, 'global_steps': 140}
[36m(TaskRunner pid=2382775)[0m validation generation end
[36m(TaskRunner pid=2382775)[0m test_gen_batch meta info: {'eos_token_id': 151645, 'pad_token_id': 151643, 'recompute_log_prob': False, 'do_sample': False, 'validate': True, 'global_steps': 140}
[36m(TaskRunner pid=2382775)[0m validation generation end
[36m(TaskRunner pid=2382775)[0m test_gen_batch meta info: {'eos_token_id': 151645, 'pad_token_id': 151643, 'recompute_log_prob': False, 'do_sample': False, 'validate': True, 'global_steps': 140}
[36m(TaskRunner pid=2382775)[0m validation generation end
[36m(TaskRunner pid=2382775)[0m test_gen_batch meta info: {'eos_token_id': 151645, 'pad_token_id': 151643, 'recompute_log_prob': False, 'do_sample': False, 'validate': True, 'global_steps': 140}
[36m(TaskRunner pid=2382775)[0m validation generation end
[36m(TaskRunner pid=2382775)[0m test_gen_batch meta info: {'eos_token_id': 151645, 'pad_token_id': 151643, 'recompute_log_prob': False, 'do_sample': False, 'validate': True, 'global_steps': 140}
[36m(TaskRunner pid=2382775)[0m validation generation end
[36m(TaskRunner pid=2382775)[0m test_gen_batch meta info: {'eos_token_id': 151645, 'pad_token_id': 151643, 'recompute_log_prob': False, 'do_sample': False, 'validate': True, 'global_steps': 140}
[36m(TaskRunner pid=2382775)[0m validation generation end
[36m(TaskRunner pid=2382775)[0m test_gen_batch meta info: {'eos_token_id': 151645, 'pad_token_id': 151643, 'recompute_log_prob': False, 'do_sample': False, 'validate': True, 'global_steps': 140}
[36m(TaskRunner pid=2382775)[0m validation generation end
[36m(TaskRunner pid=2382775)[0m test_gen_batch meta info: {'eos_token_id': 151645, 'pad_token_id': 151643, 'recompute_log_prob': False, 'do_sample': False, 'validate': True, 'global_steps': 140}
[36m(TaskRunner pid=2382775)[0m validation generation end
[36m(TaskRunner pid=2382775)[0m test_gen_batch meta info: {'eos_token_id': 151645, 'pad_token_id': 151643, 'recompute_log_prob': False, 'do_sample': False, 'validate': True, 'global_steps': 140}
[36m(TaskRunner pid=2382775)[0m validation generation end
[36m(TaskRunner pid=2382775)[0m test_gen_batch meta info: {'eos_token_id': 151645, 'pad_token_id': 151643, 'recompute_log_prob': False, 'do_sample': False, 'validate': True, 'global_steps': 140}
[36m(TaskRunner pid=2382775)[0m validation generation end
[36m(TaskRunner pid=2382775)[0m test_gen_batch meta info: {'eos_token_id': 151645, 'pad_token_id': 151643, 'recompute_log_prob': False, 'do_sample': False, 'validate': True, 'global_steps': 140}
[36m(TaskRunner pid=2382775)[0m validation generation end
[36m(TaskRunner pid=2382775)[0m test_gen_batch meta info: {'eos_token_id': 151645, 'pad_token_id': 151643, 'recompute_log_prob': False, 'do_sample': False, 'validate': True, 'global_steps': 140}
[36m(TaskRunner pid=2382775)[0m validation generation end
[36m(TaskRunner pid=2382775)[0m test_gen_batch meta info: {'eos_token_id': 151645, 'pad_token_id': 151643, 'recompute_log_prob': False, 'do_sample': False, 'validate': True, 'global_steps': 140}
[36m(TaskRunner pid=2382775)[0m validation generation end
[36m(TaskRunner pid=2382775)[0m test_gen_batch meta info: {'eos_token_id': 151645, 'pad_token_id': 151643, 'recompute_log_prob': False, 'do_sample': False, 'validate': True, 'global_steps': 140}
[36m(TaskRunner pid=2382775)[0m validation generation end
[36m(TaskRunner pid=2382775)[0m test_gen_batch meta info: {'eos_token_id': 151645, 'pad_token_id': 151643, 'recompute_log_prob': False, 'do_sample': False, 'validate': True, 'global_steps': 140}
[36m(TaskRunner pid=2382775)[0m validation generation end
[36m(TaskRunner pid=2382775)[0m test_gen_batch meta info: {'eos_token_id': 151645, 'pad_token_id': 151643, 'recompute_log_prob': False, 'do_sample': False, 'validate': True, 'global_steps': 140}
[36m(TaskRunner pid=2382775)[0m validation generation end
[36m(TaskRunner pid=2382775)[0m test_gen_batch meta info: {'eos_token_id': 151645, 'pad_token_id': 151643, 'recompute_log_prob': False, 'do_sample': False, 'validate': True, 'global_steps': 140}
[36m(TaskRunner pid=2382775)[0m validation generation end
[36m(TaskRunner pid=2382775)[0m test_gen_batch meta info: {'eos_token_id': 151645, 'pad_token_id': 151643, 'recompute_log_prob': False, 'do_sample': False, 'validate': True, 'global_steps': 140}
[36m(TaskRunner pid=2382775)[0m validation generation end
[36m(TaskRunner pid=2382775)[0m test_gen_batch meta info: {'eos_token_id': 151645, 'pad_token_id': 151643, 'recompute_log_prob': False, 'do_sample': False, 'validate': True, 'global_steps': 140}
[36m(TaskRunner pid=2382775)[0m validation generation end
[36m(TaskRunner pid=2382775)[0m test_gen_batch meta info: {'eos_token_id': 151645, 'pad_token_id': 151643, 'recompute_log_prob': False, 'do_sample': False, 'validate': True, 'global_steps': 140}
[36m(TaskRunner pid=2382775)[0m validation generation end
[36m(TaskRunner pid=2382775)[0m test_gen_batch meta info: {'eos_token_id': 151645, 'pad_token_id': 151643, 'recompute_log_prob': False, 'do_sample': False, 'validate': True, 'global_steps': 140}
[36m(TaskRunner pid=2382775)[0m validation generation end
[36m(TaskRunner pid=2382775)[0m test_gen_batch meta info: {'eos_token_id': 151645, 'pad_token_id': 151643, 'recompute_log_prob': False, 'do_sample': False, 'validate': True, 'global_steps': 140}
[36m(TaskRunner pid=2382775)[0m validation generation end
[36m(TaskRunner pid=2382775)[0m test_gen_batch meta info: {'eos_token_id': 151645, 'pad_token_id': 151643, 'recompute_log_prob': False, 'do_sample': False, 'validate': True, 'global_steps': 140}
[36m(TaskRunner pid=2382775)[0m validation generation end
[36m(TaskRunner pid=2382775)[0m test_gen_batch meta info: {'eos_token_id': 151645, 'pad_token_id': 151643, 'recompute_log_prob': False, 'do_sample': False, 'validate': True, 'global_steps': 140}
[36m(TaskRunner pid=2382775)[0m validation generation end
[36m(TaskRunner pid=2382775)[0m test_gen_batch meta info: {'eos_token_id': 151645, 'pad_token_id': 151643, 'recompute_log_prob': False, 'do_sample': False, 'validate': True, 'global_steps': 140}
[36m(TaskRunner pid=2382775)[0m validation generation end
[36m(TaskRunner pid=2382775)[0m test_gen_batch meta info: {'eos_token_id': 151645, 'pad_token_id': 151643, 'recompute_log_prob': False, 'do_sample': False, 'validate': True, 'global_steps': 140}
[36m(TaskRunner pid=2382775)[0m validation generation end
[36m(TaskRunner pid=2382775)[0m test_gen_batch meta info: {'eos_token_id': 151645, 'pad_token_id': 151643, 'recompute_log_prob': False, 'do_sample': False, 'validate': True, 'global_steps': 140}
[36m(TaskRunner pid=2382775)[0m validation generation end
[36m(TaskRunner pid=2382775)[0m test_gen_batch meta info: {'eos_token_id': 151645, 'pad_token_id': 151643, 'recompute_log_prob': False, 'do_sample': False, 'validate': True, 'global_steps': 140}
[36m(TaskRunner pid=2382775)[0m validation generation end
[36m(TaskRunner pid=2382775)[0m test_gen_batch meta info: {'eos_token_id': 151645, 'pad_token_id': 151643, 'recompute_log_prob': False, 'do_sample': False, 'validate': True, 'global_steps': 140}
[36m(TaskRunner pid=2382775)[0m validation generation end
[36m(TaskRunner pid=2382775)[0m test_gen_batch meta info: {'eos_token_id': 151645, 'pad_token_id': 151643, 'recompute_log_prob': False, 'do_sample': False, 'validate': True, 'global_steps': 140}
[36m(TaskRunner pid=2382775)[0m validation generation end
[36m(TaskRunner pid=2382775)[0m test_gen_batch meta info: {'eos_token_id': 151645, 'pad_token_id': 151643, 'recompute_log_prob': False, 'do_sample': False, 'validate': True, 'global_steps': 140}
[36m(TaskRunner pid=2382775)[0m validation generation end
[36m(TaskRunner pid=2382775)[0m test_gen_batch meta info: {'eos_token_id': 151645, 'pad_token_id': 151643, 'recompute_log_prob': False, 'do_sample': False, 'validate': True, 'global_steps': 140}
[36m(TaskRunner pid=2382775)[0m validation generation end
[36m(TaskRunner pid=2382775)[0m test_gen_batch meta info: {'eos_token_id': 151645, 'pad_token_id': 151643, 'recompute_log_prob': False, 'do_sample': False, 'validate': True, 'global_steps': 140}
[36m(TaskRunner pid=2382775)[0m validation generation end
[36m(TaskRunner pid=2382775)[0m test_gen_batch meta info: {'eos_token_id': 151645, 'pad_token_id': 151643, 'recompute_log_prob': False, 'do_sample': False, 'validate': True, 'global_steps': 140}
[36m(TaskRunner pid=2382775)[0m validation generation end
[36m(TaskRunner pid=2382775)[0m test_gen_batch meta info: {'eos_token_id': 151645, 'pad_token_id': 151643, 'recompute_log_prob': False, 'do_sample': False, 'validate': True, 'global_steps': 140}
[36m(TaskRunner pid=2382775)[0m validation generation end
[36m(TaskRunner pid=2382775)[0m test_gen_batch meta info: {'eos_token_id': 151645, 'pad_token_id': 151643, 'recompute_log_prob': False, 'do_sample': False, 'validate': True, 'global_steps': 140}
[36m(TaskRunner pid=2382775)[0m validation generation end
[36m(TaskRunner pid=2382775)[0m test_gen_batch meta info: {'eos_token_id': 151645, 'pad_token_id': 151643, 'recompute_log_prob': False, 'do_sample': False, 'validate': True, 'global_steps': 140}
[36m(TaskRunner pid=2382775)[0m validation generation end
[36m(TaskRunner pid=2382775)[0m test_gen_batch meta info: {'eos_token_id': 151645, 'pad_token_id': 151643, 'recompute_log_prob': False, 'do_sample': False, 'validate': True, 'global_steps': 140}
[36m(TaskRunner pid=2382775)[0m validation generation end
[36m(TaskRunner pid=2382775)[0m test_gen_batch meta info: {'eos_token_id': 151645, 'pad_token_id': 151643, 'recompute_log_prob': False, 'do_sample': False, 'validate': True, 'global_steps': 140}
[36m(TaskRunner pid=2382775)[0m validation generation end
[36m(TaskRunner pid=2382775)[0m test_gen_batch meta info: {'eos_token_id': 151645, 'pad_token_id': 151643, 'recompute_log_prob': False, 'do_sample': False, 'validate': True, 'global_steps': 140}
[36m(TaskRunner pid=2382775)[0m validation generation end
[36m(TaskRunner pid=2382775)[0m test_gen_batch meta info: {'eos_token_id': 151645, 'pad_token_id': 151643, 'recompute_log_prob': False, 'do_sample': False, 'validate': True, 'global_steps': 140}
[36m(TaskRunner pid=2382775)[0m validation generation end
[36m(TaskRunner pid=2382775)[0m test_gen_batch meta info: {'eos_token_id': 151645, 'pad_token_id': 151643, 'recompute_log_prob': False, 'do_sample': False, 'validate': True, 'global_steps': 140}
[36m(TaskRunner pid=2382775)[0m validation generation end
[36m(TaskRunner pid=2382775)[0m test_gen_batch meta info: {'eos_token_id': 151645, 'pad_token_id': 151643, 'recompute_log_prob': False, 'do_sample': False, 'validate': True, 'global_steps': 140}
[36m(TaskRunner pid=2382775)[0m validation generation end
[36m(TaskRunner pid=2382775)[0m test_gen_batch meta info: {'eos_token_id': 151645, 'pad_token_id': 151643, 'recompute_log_prob': False, 'do_sample': False, 'validate': True, 'global_steps': 140}
[36m(TaskRunner pid=2382775)[0m validation generation end
[36m(TaskRunner pid=2382775)[0m test_gen_batch meta info: {'eos_token_id': 151645, 'pad_token_id': 151643, 'recompute_log_prob': False, 'do_sample': False, 'validate': True, 'global_steps': 140}
[36m(TaskRunner pid=2382775)[0m validation generation end
[36m(TaskRunner pid=2382775)[0m Dumped generations to /home/yw4636/agentic-tvg/results/grpo-v2/val_rollouts/140.jsonl
[36m(TaskRunner pid=2382775)[0m step:140 - global_seqlen/min:920154 - global_seqlen/max:920154 - global_seqlen/minmax_diff:0 - global_seqlen/balanced_min:920154 - global_seqlen/balanced_max:920154 - global_seqlen/mean:920154.0 - actor/entropy:0.955641508102417 - perf/mfu/actor_infer:0.2982349542319394 - training/rollout_probs_diff_valid:1 - training/rollout_probs_diff_max:0.4173000454902649 - training/rollout_probs_diff_mean:0.010370606556534767 - training/rollout_probs_diff_std:0.016229037195444107 - training/rollout_actor_probs_pearson_corr:0.9986099600791931 - rollout_corr/training_ppl:2.602130174636841 - rollout_corr/training_log_ppl:0.9433804154396057 - rollout_corr/kl:0.0033595487475395203 - rollout_corr/k3_kl:0.0033300286158919334 - rollout_corr/rollout_ppl:2.5933756828308105 - rollout_corr/rollout_log_ppl:0.9400535821914673 - rollout_corr/log_ppl_diff:0.0033268784172832966 - rollout_corr/log_ppl_abs_diff:0.004337209742516279 - rollout_corr/log_ppl_diff_max:0.017340540885925293 - rollout_corr/log_ppl_diff_min:-0.008259057998657227 - rollout_corr/ppl_ratio:1.003342628479004 - rollout_corr/chi2_token:0.006817340850830078 - rollout_corr/chi2_seq:2.9073119163513184 - actor/pg_clipfrac:np.float64(0.0) - actor/ppo_kl:np.float64(0.0) - actor/pg_clipfrac_lower:np.float64(0.0) - actor/pg_loss:np.float64(0.021010021038819104) - actor/kl_loss:np.float64(0.014923443173756823) - actor/kl_coef:np.float64(0.0010000000000000002) - actor/loss:np.float64(0.02102493867278099) - actor/grad_norm:np.float64(0.07641991972923279) - actor/lr:np.float64(1e-05) - actor/perf/max_memory_allocated_gb:np.float64(39.082311153411865) - actor/perf/max_memory_reserved_gb:np.float64(41.923828125) - actor/perf/cpu_memory_used_gb:np.float64(99.12311172485352) - perf/mfu/actor:np.float64(0.33618606859088107) - val-aux/longvt_longvt-val/reward/mean@1:np.float64(1.2871224341685312) - val-aux/longvt_longvt-val/score/mean@1:np.float64(1.2871224371835428) - val-core/longvt_longvt-val/acc/mean@1:np.float64(0.5701754385964912) - val-aux/longvt_longvt-val/format_score/mean@1:np.float64(0.5) - val-aux/longvt_longvt-val/evidence_iou/mean@1:np.float64(0.21694699858705152) - val-aux/longvt_longvt-val/answered/mean@1:np.float64(1.0) - val-aux/longvt_longvt-val/num_tool_calls/mean@1:np.float64(1.0) - val-aux/longvt_longvt-val/judge_used/mean@1:np.float64(1.0) - val-aux/num_turns/min:np.int32(4) - val-aux/num_turns/max:np.int32(4) - val-aux/num_turns/mean:np.float64(4.0) - training/global_step:140 - training/epoch:1 - critic/score/mean:1.1917979717254639 - critic/score/max:2.295107126235962 - critic/score/min:0.5 - critic/rewards/mean:1.1917979717254639 - critic/rewards/max:2.295107126235962 - critic/rewards/min:0.5 - critic/advantages/mean:-0.02101004309952259 - critic/advantages/max:2.518789291381836 - critic/advantages/min:-3.2869672775268555 - critic/returns/mean:-0.02101004309952259 - critic/returns/max:2.518789291381836 - critic/returns/min:-3.2869672775268555 - response_length/mean:3197.453125 - response_length/max:3478.0 - response_length/min:2930.0 - response_length/clip_ratio:0.0 - response_length_non_aborted/mean:3197.453125 - response_length_non_aborted/max:3478.0 - response_length_non_aborted/min:2930.0 - response_length_non_aborted/clip_ratio:0.0 - response/aborted_ratio:0.0 - prompt_length/mean:3991.25 - prompt_length/max:4129.0 - prompt_length/min:3942.0 - prompt_length/clip_ratio:0.0 - num_turns/min:np.int32(4) - num_turns/max:np.int32(4) - num_turns/mean:np.float64(4.0) - timing_s/start_profile:6.090907845646143e-05 - timing_s/agent_loop/num_preempted/min:np.int64(-1) - timing_s/agent_loop/num_preempted/max:np.int64(-1) - timing_s/agent_loop/num_preempted/mean:np.float64(-1.0) - timing_s/agent_loop/generate_sequences/min:np.float64(68.1793290701462) - timing_s/agent_loop/generate_sequences/max:np.float64(113.9710472630104) - timing_s/agent_loop/generate_sequences/mean:np.float64(99.60294310741938) - timing_s/agent_loop/tool_calls/min:np.float64(0.06952589098364115) - timing_s/agent_loop/tool_calls/max:np.float64(0.7954023958882317) - timing_s/agent_loop/tool_calls/mean:np.float64(0.14888630089444632) - timing_s/agent_loop/compute_score/min:np.float64(0.32164969597943127) - timing_s/agent_loop/compute_score/max:np.float64(4.513058762066066) - timing_s/agent_loop/compute_score/mean:np.float64(1.876999769613576) - timing_s/agent_loop/slowest/generate_sequences:np.float64(113.9710472630104) - timing_s/agent_loop/slowest/tool_calls:np.float64(0.20528498897328973) - timing_s/agent_loop/slowest/compute_score:np.float64(1.7657332220114768) - timing_s/agent_loop/slowest/num_preempted:np.int64(-1) - timing_s/agent_loop/slowest/prompt_length:3952 - timing_s/agent_loop/slowest/response_length:3297 - timing_s/gen:143.29066866997164 - timing_s/reward:0.0005210059462115169 - timing_s/old_log_prob:145.97763828001916 - timing_s/ref:142.170219931053 - timing_s/adv:0.16528207599185407 - timing_s/update_actor:327.3672363179503 - timing_s/save_checkpoint:25.463832212029956 - timing_s/update_weights:3.9246947090141475 - timing_s/dump_rollout_generations:0.3260973800206557 - timing_s/step:788.8528431729646 - timing_s/testing:881.0127085190034 - timing_s/stop_profile:0.00011282297782599926 - timing_per_token_ms/update_actor:0.3557743989788126 - timing_per_token_ms/ref:0.15450698462545726 - timing_per_token_ms/gen:0.35010938557047755 - timing_per_token_ms/adv:0.00017962436286953496 - perf/total_num_tokens:920154 - perf/time_per_step:788.8528431729646 - perf/throughput:1166.4456913141228[36m(TaskRunner pid=2382775)[0m Training Progress:  59%|█████▊    | 140/239 [1:44:12<29:04:30, 1057.28s/it]
[36m(TaskRunner pid=2382775)[0m Training Progress:  59%|█████▉    | 141/239 [1:56:44<26:07:47, 959.88s/it] 

[36m(TaskRunner pid=2382775)[0m Dumped generations to /home/yw4636/agentic-tvg/results/grpo-v2/rollouts/141.jsonl
[36m(TaskRunner pid=2382775)[0m step:141 - global_seqlen/min:929212 - global_seqlen/max:929212 - global_seqlen/minmax_diff:0 - global_seqlen/balanced_min:929212 - global_seqlen/balanced_max:929212 - global_seqlen/mean:929212.0 - actor/entropy:1.0597195625305176 - perf/mfu/actor_infer:0.30394417823266634 - training/rollout_probs_diff_valid:1 - training/rollout_probs_diff_max:0.5287797451019287 - training/rollout_probs_diff_mean:0.010350456461310387 - training/rollout_probs_diff_std:0.016634179279208183 - training/rollout_actor_probs_pearson_corr:0.998617947101593 - rollout_corr/training_ppl:3.351048469543457 - rollout_corr/training_log_ppl:1.010880470275879 - rollout_corr/kl:0.003110125893726945 - rollout_corr/k3_kl:0.0035510417073965073 - rollout_corr/rollout_ppl:3.336202621459961 - rollout_corr/rollout_log_ppl:1.0077505111694336 - rollout_corr/log_ppl_diff:0.0031300692353397608 - rollout_corr/log_ppl_abs_diff:0.004498216323554516 - rollout_corr/log_ppl_diff_max:0.019295930862426758 - rollout_corr/log_ppl_diff_min:-0.011865675449371338 - rollout_corr/ppl_ratio:1.0031466484069824 - rollout_corr/chi2_token:0.008042454719543457 - rollout_corr/chi2_seq:42.1913948059082 - actor/pg_clipfrac:np.float64(0.0) - actor/ppo_kl:np.float64(0.0) - actor/pg_clipfrac_lower:np.float64(0.0) - actor/pg_loss:np.float64(-0.03453463065670803) - actor/kl_loss:np.float64(0.016075260122306645) - actor/kl_coef:np.float64(0.0010000000000000002) - actor/loss:np.float64(-0.03451855480670929) - actor/grad_norm:np.float64(0.07650033384561539) - actor/lr:np.float64(1e-05) - actor/perf/max_memory_allocated_gb:np.float64(39.09066343307495) - actor/perf/max_memory_reserved_gb:np.float64(41.92578125) - actor/perf/cpu_memory_used_gb:np.float64(99.75610733032227) - perf/mfu/actor:np.float64(0.3362021644850458) - training/global_step:141 - training/epoch:1 - critic/score/mean:1.12940514087677 - critic/score/max:2.253333330154419 - critic/score/min:0.5 - critic/rewards/mean:1.12940514087677 - critic/rewards/max:2.253333330154419 - critic/rewards/min:0.5 - critic/advantages/mean:0.03453463315963745 - critic/advantages/max:3.456127643585205 - critic/advantages/min:-3.560344696044922 - critic/returns/mean:0.03453463315963745 - critic/returns/max:3.456127643585205 - critic/returns/min:-3.560344696044922 - response_length/mean:3214.46875 - response_length/max:4009.0 - response_length/min:2923.0 - response_length/clip_ratio:0.0 - response_length_non_aborted/mean:3214.46875 - response_length_non_aborted/max:4009.0 - response_length_non_aborted/min:2923.0 - response_length_non_aborted/clip_ratio:0.0 - response/aborted_ratio:0.0 - prompt_length/mean:4045.0 - prompt_length/max:4149.0 - prompt_length/min:3935.0 - prompt_length/clip_ratio:0.0 - num_turns/min:np.int32(4) - num_turns/max:np.int32(4) - num_turns/mean:np.float64(4.0) - timing_s/start_profile:6.833102088421583e-05 - timing_s/agent_loop/num_preempted/min:np.int64(-1) - timing_s/agent_loop/num_preempted/max:np.int64(-1) - timing_s/agent_loop/num_preempted/mean:np.float64(-1.0) - timing_s/agent_loop/generate_sequences/min:np.float64(69.00021253607702) - timing_s/agent_loop/generate_sequences/max:np.float64(118.71632163203321) - timing_s/agent_loop/generate_sequences/mean:np.float64(98.41919850788236) - timing_s/agent_loop/tool_calls/min:np.float64(0.06291759805753827) - timing_s/agent_loop/tool_calls/max:np.float64(0.7434547069715336) - timing_s/agent_loop/tool_calls/mean:np.float64(0.15497512183901563) - timing_s/agent_loop/compute_score/min:np.float64(0.3102997000096366) - timing_s/agent_loop/compute_score/max:np.float64(6.070487790973857) - timing_s/agent_loop/compute_score/mean:np.float64(2.261023028042473) - timing_s/agent_loop/slowest/generate_sequences:np.float64(118.71632163203321) - timing_s/agent_loop/slowest/tool_calls:np.float64(0.09360288199968636) - timing_s/agent_loop/slowest/compute_score:np.float64(2.2248567970236763) - timing_s/agent_loop/slowest/num_preempted:np.int64(-1) - timing_s/agent_loop/slowest/prompt_length:3935 - timing_s/agent_loop/slowest/response_length:4009 - timing_s/gen:139.54793283401523 - timing_s/reward:0.0004389550304040313 - timing_s/old_log_prob:143.37878698692657 - timing_s/ref:135.2802715310827 - timing_s/adv:0.1682105929357931 - timing_s/update_actor:327.5165604710346 - timing_s/update_weights:4.011808382929303 - timing_s/dump_rollout_generations:0.32978945900686085 - timing_s/step:750.3987437239848 - timing_s/stop_profile:4.5088003389537334e-05 - timing_per_token_ms/update_actor:0.35246699404552956 - timing_per_token_ms/ref:0.14558601431221582 - timing_per_token_ms/gen:0.3391596901558754 - timing_per_token_ms/adv:0.00018102498992242147 - perf/total_num_tokens:929212 - perf/time_per_step:750.3987437239848 - perf/throughput:1238.290985654671
[36m(TaskRunner pid=2382775)[0m Dumped generations to /home/yw4636/agentic-tvg/results/grpo-v2/rollouts/142.jsonl
[36m(TaskRunner pid=2382775)[0m step:142 - global_seqlen/min:923882 - global_seqlen/max:923882 - global_seqlen/minmax_diff:0 - global_seqlen/balanced_min:923882 - global_seqlen/balanced_max:923882 - global_seqlen/mean:923882.0 - actor/entropy:0.964184582233429 - perf/mfu/actor_infer:0.2982593843341386 - training/rollout_probs_diff_valid:1 - training/rollout_probs_diff_max:0.46067461371421814 - training/rollout_probs_diff_mean:0.010473599657416344 - training/rollout_probs_diff_std:0.01675618439912796 - training/rollout_actor_probs_pearson_corr:0.9985461831092834 - rollout_corr/training_ppl:2.675342321395874 - rollout_corr/training_log_ppl:0.9655077457427979 - rollout_corr/kl:0.004323471803218126 - rollout_corr/k3_kl:0.0034251189790666103 - rollout_corr/rollout_ppl:2.6634955406188965 - rollout_corr/rollout_log_ppl:0.961040735244751 - rollout_corr/log_ppl_diff:0.0044668931514024734 - rollout_corr/log_ppl_abs_diff:0.005359005182981491 - rollout_corr/log_ppl_diff_max:0.01778244972229004 - rollout_corr/log_ppl_diff_min:-0.005212068557739258 - rollout_corr/ppl_ratio:1.0044891834259033 - rollout_corr/chi2_token:0.005036830902099609 - rollout_corr/chi2_seq:2.3704135417938232 - actor/pg_clipfrac:np.float64(0.0) - actor/ppo_kl:np.float64(0.0) - actor/pg_clipfrac_lower:np.float64(0.0) - actor/pg_loss:np.float64(0.015293593758542556) - actor/kl_loss:np.float64(0.01628534062183462) - actor/kl_coef:np.float64(0.0010000000000000002) - actor/loss:np.float64(0.015309877693653107) - actor/grad_norm:np.float64(0.075575090944767) - actor/lr:np.float64(1e-05) - actor/perf/max_memory_allocated_gb:np.float64(39.09066343307495) - actor/perf/max_memory_reserved_gb:np.float64(41.962890625) - actor/perf/cpu_memory_used_gb:np.float64(100.12276840209961) - perf/mfu/actor:np.float64(0.3356308147549618) - training/global_step:142 - training/epoch:1 - critic/score/mean:1.0696008205413818 - critic/score/max:2.5 - critic/score/min:0.5 - critic/rewards/mean:1.0696008205413818 - critic/rewards/max:2.5 - critic/rewards/min:0.5 - critic/advantages/mean:-0.015293589793145657 - critic/advantages/max:3.7499871253967285 - critic/advantages/min:-1.9712284803390503 - critic/returns/mean:-0.015293589793145657 - critic/returns/max:3.7499871253967285 - critic/returns/min:-1.9712284803390503 - response_length/mean:3219.953125 - response_length/max:3610.0 - response_length/min:2944.0 - response_length/clip_ratio:0.0 - response_length_non_aborted/mean:3219.953125 - response_length_non_aborted/max:3610.0 - response_length_non_aborted/min:2944.0 - response_length_non_aborted/clip_ratio:0.0 - response/aborted_ratio:0.0 - prompt_length/mean:3997.875 - prompt_length/max:4139.0 - prompt_length/min:3943.0 - prompt_length/clip_ratio:0.0 - num_turns/min:np.int32(4) - num_turns/max:np.int32(4) - num_turns/mean:np.float64(4.0) - timing_s/start_profile:6.890599615871906e-05 - timing_s/agent_loop/num_preempted/min:np.int64(-1) - timing_s/agent_loop/num_preempted/max:np.int64(-1) - timing_s/agent_loop/num_preempted/mean:np.float64(-1.0) - timing_s/agent_loop/generate_sequences/min:np.float64(70.7440022919327) - timing_s/agent_loop/generate_sequences/max:np.float64(115.45995806111023) - timing_s/agent_loop/generate_sequences/mean:np.float64(102.2025426373666) - timing_s/agent_loop/tool_calls/min:np.float64(0.07443193800281733) - timing_s/agent_loop/tool_calls/max:np.float64(0.7752283309819177) - timing_s/agent_loop/tool_calls/mean:np.float64(0.15180719581348967) - timing_s/agent_loop/compute_score/min:np.float64(0.32296816690359265) - timing_s/agent_loop/compute_score/max:np.float64(4.691126037971117) - timing_s/agent_loop/compute_score/mean:np.float64(2.0095462015533485) - timing_s/agent_loop/slowest/generate_sequences:np.float64(115.45995806111023) - timing_s/agent_loop/slowest/tool_calls:np.float64(0.1934755820548162) - timing_s/agent_loop/slowest/compute_score:np.float64(1.7752883310895413) - timing_s/agent_loop/slowest/num_preempted:np.int64(-1) - timing_s/agent_loop/slowest/prompt_length:3956 - timing_s/agent_loop/slowest/response_length:3411 - timing_s/gen:148.59817392390687 - timing_s/reward:0.000511975958943367 - timing_s/old_log_prob:144.56964001606684 - timing_s/ref:137.07476161792874 - timing_s/adv:0.17380427208263427 - timing_s/update_actor:327.35918010096066 - timing_s/update_weights:4.01309617003426 - timing_s/dump_rollout_generations:0.3285839860327542 - timing_s/step:762.3027442939347 - timing_s/stop_profile:4.7702924348413944e-05 - timing_per_token_ms/update_actor:0.35433007689397633 - timing_per_token_ms/ref:0.14836825657164956 - timing_per_token_ms/gen:0.3605404143206347 - timing_per_token_ms/adv:0.0001881238860402457 - perf/total_num_tokens:923882 - perf/time_per_step:762.3027442939347 - perf/throughput:1211.9620543354129[36m(TaskRunner pid=2382775)[0m Training Progress:  59%|█████▉    | 142/239 [2:09:27<24:12:25, 898.40s/it]
[36m(TaskRunner pid=2382775)[0m Training Progress:  60%|█████▉    | 143/239 [2:22:05<22:48:13, 855.14s/it]

[36m(TaskRunner pid=2382775)[0m Dumped generations to /home/yw4636/agentic-tvg/results/grpo-v2/rollouts/143.jsonl
[36m(TaskRunner pid=2382775)[0m step:143 - global_seqlen/min:911741 - global_seqlen/max:911741 - global_seqlen/minmax_diff:0 - global_seqlen/balanced_min:911741 - global_seqlen/balanced_max:911741 - global_seqlen/mean:911741.0 - actor/entropy:0.9619278311729431 - perf/mfu/actor_infer:0.29739620496238034 - training/rollout_probs_diff_valid:1 - training/rollout_probs_diff_max:0.31353896856307983 - training/rollout_probs_diff_mean:0.010211225599050522 - training/rollout_probs_diff_std:0.01585090532898903 - training/rollout_actor_probs_pearson_corr:0.9986653327941895 - rollout_corr/training_ppl:2.638096332550049 - rollout_corr/training_log_ppl:0.9512889981269836 - rollout_corr/kl:0.0030191573314368725 - rollout_corr/k3_kl:0.003080407390370965 - rollout_corr/rollout_ppl:2.6299171447753906 - rollout_corr/rollout_log_ppl:0.9482758045196533 - rollout_corr/log_ppl_diff:0.003013176843523979 - rollout_corr/log_ppl_abs_diff:0.004028939642012119 - rollout_corr/log_ppl_diff_max:0.0115203857421875 - rollout_corr/log_ppl_diff_min:-0.007322430610656738 - rollout_corr/ppl_ratio:1.0030254125595093 - rollout_corr/chi2_token:0.0064612627029418945 - rollout_corr/chi2_seq:8.2014741897583 - actor/pg_clipfrac:np.float64(0.0) - actor/ppo_kl:np.float64(0.0) - actor/pg_clipfrac_lower:np.float64(0.0) - actor/pg_loss:np.float64(0.013803132631892367) - actor/kl_loss:np.float64(0.015740073737106286) - actor/kl_coef:np.float64(0.0010000000000000002) - actor/loss:np.float64(0.01381886750459671) - actor/grad_norm:np.float64(0.08358224481344223) - actor/lr:np.float64(1e-05) - actor/perf/max_memory_allocated_gb:np.float64(39.09066343307495) - actor/perf/max_memory_reserved_gb:np.float64(41.962890625) - actor/perf/cpu_memory_used_gb:np.float64(99.34976196289062) - perf/mfu/actor:np.float64(0.3357426747388884) - training/global_step:143 - training/epoch:1 - critic/score/mean:1.3537285327911377 - critic/score/max:2.4133334159851074 - critic/score/min:0.5 - critic/rewards/mean:1.3537285327911377 - critic/rewards/max:2.4133334159851074 - critic/rewards/min:0.5 - critic/advantages/mean:-0.013803116045892239 - critic/advantages/max:2.2506473064422607 - critic/advantages/min:-3.009967803955078 - critic/returns/mean:-0.013803116045892239 - critic/returns/max:2.2506473064422607 - critic/returns/min:-3.009967803955078 - response_length/mean:3126.3515625 - response_length/max:3571.0 - response_length/min:2728.0 - response_length/clip_ratio:0.0 - response_length_non_aborted/mean:3126.3515625 - response_length_non_aborted/max:3571.0 - response_length_non_aborted/min:2728.0 - response_length_non_aborted/clip_ratio:0.0 - response/aborted_ratio:0.0 - prompt_length/mean:3996.625 - prompt_length/max:4134.0 - prompt_length/min:3635.0 - prompt_length/clip_ratio:0.0 - num_turns/min:np.int32(4) - num_turns/max:np.int32(4) - num_turns/mean:np.float64(4.0) - timing_s/start_profile:6.533192936331034e-05 - timing_s/agent_loop/num_preempted/min:np.int64(-1) - timing_s/agent_loop/num_preempted/max:np.int64(-1) - timing_s/agent_loop/num_preempted/mean:np.float64(-1.0) - timing_s/agent_loop/generate_sequences/min:np.float64(68.07350472605322) - timing_s/agent_loop/generate_sequences/max:np.float64(114.70084806310479) - timing_s/agent_loop/generate_sequences/mean:np.float64(100.69763245327158) - timing_s/agent_loop/tool_calls/min:np.float64(0.06399587006308138) - timing_s/agent_loop/tool_calls/max:np.float64(0.35464946599677205) - timing_s/agent_loop/tool_calls/mean:np.float64(0.1255290265653457) - timing_s/agent_loop/compute_score/min:np.float64(0.2870257470058277) - timing_s/agent_loop/compute_score/max:np.float64(7.601181294070557) - timing_s/agent_loop/compute_score/mean:np.float64(2.325734813235613) - timing_s/agent_loop/slowest/generate_sequences:np.float64(114.70084806310479) - timing_s/agent_loop/slowest/tool_calls:np.float64(0.23156659700907767) - timing_s/agent_loop/slowest/compute_score:np.float64(3.0346945030614734) - timing_s/agent_loop/slowest/num_preempted:np.int64(-1) - timing_s/agent_loop/slowest/prompt_length:4134 - timing_s/agent_loop/slowest/response_length:3571 - timing_s/gen:143.27140103292186 - timing_s/reward:0.0004837790038436651 - timing_s/old_log_prob:145.02562375401612 - timing_s/ref:137.17533757700585 - timing_s/adv:0.16423402598593384 - timing_s/update_actor:327.61505710706115 - timing_s/update_weights:4.442106312024407 - timing_s/dump_rollout_generations:0.329733754042536 - timing_s/step:758.190468926914 - timing_s/stop_profile:4.591501783579588e-05 - timing_per_token_ms/update_actor:0.3593290826090536 - timing_per_token_ms/ref:0.15045428205708183 - timing_per_token_ms/gen:0.35802365735050057 - timing_per_token_ms/adv:0.00018013232484437338 - perf/total_num_tokens:911741 - perf/time_per_step:758.190468926914 - perf/throughput:1202.5223705204444
[36m(TaskRunner pid=2382775)[0m Dumped generations to /home/yw4636/agentic-tvg/results/grpo-v2/rollouts/144.jsonl
[36m(TaskRunner pid=2382775)[0m step:144 - global_seqlen/min:912981 - global_seqlen/max:912981 - global_seqlen/minmax_diff:0 - global_seqlen/balanced_min:912981 - global_seqlen/balanced_max:912981 - global_seqlen/mean:912981.0 - actor/entropy:0.9500521421432495 - perf/mfu/actor_infer:0.3011019664568166 - training/rollout_probs_diff_valid:1 - training/rollout_probs_diff_max:0.2724763751029968 - training/rollout_probs_diff_mean:0.010231589898467064 - training/rollout_probs_diff_std:0.01610817201435566 - training/rollout_actor_probs_pearson_corr:0.998635470867157 - rollout_corr/training_ppl:2.5807478427886963 - rollout_corr/training_log_ppl:0.9309340715408325 - rollout_corr/kl:0.0032532343175262213 - rollout_corr/k3_kl:0.0032279391307383776 - rollout_corr/rollout_ppl:2.5724120140075684 - rollout_corr/rollout_log_ppl:0.9275976419448853 - rollout_corr/log_ppl_diff:0.0033363401889801025 - rollout_corr/log_ppl_abs_diff:0.004449277184903622 - rollout_corr/log_ppl_diff_max:0.019125699996948242 - rollout_corr/log_ppl_diff_min:-0.0065468549728393555 - rollout_corr/ppl_ratio:1.003352403640747 - rollout_corr/chi2_token:0.006345987319946289 - rollout_corr/chi2_seq:2.664905071258545 - actor/pg_clipfrac:np.float64(0.0) - actor/ppo_kl:np.float64(0.0) - actor/pg_clipfrac_lower:np.float64(0.0) - actor/pg_loss:np.float64(-0.00796299965804792) - actor/kl_loss:np.float64(0.016611908795312047) - actor/kl_coef:np.float64(0.0010000000000000002) - actor/loss:np.float64(-0.007946394383907318) - actor/grad_norm:np.float64(0.0774296298623085) - actor/lr:np.float64(1e-05) - actor/perf/max_memory_allocated_gb:np.float64(39.09066343307495) - actor/perf/max_memory_reserved_gb:np.float64(41.962890625) - actor/perf/cpu_memory_used_gb:np.float64(99.60530853271484) - perf/mfu/actor:np.float64(0.33847287842978163) - training/global_step:144 - training/epoch:1 - critic/score/mean:1.0882748365402222 - critic/score/max:2.1723549365997314 - critic/score/min:0.5 - critic/rewards/mean:1.0882748365402222 - critic/rewards/max:2.1723549365997314 - critic/rewards/min:0.5 - critic/advantages/mean:0.007963030599057674 - critic/advantages/max:2.3345675468444824 - critic/advantages/min:-1.8488737344741821 - critic/returns/mean:0.007963030599057674 - critic/returns/max:2.3345675468444824 - critic/returns/min:-1.8488737344741821 - response_length/mean:3181.2890625 - response_length/max:3488.0 - response_length/min:2692.0 - response_length/clip_ratio:0.0 - response_length_non_aborted/mean:3181.2890625 - response_length_non_aborted/max:3488.0 - response_length_non_aborted/min:2692.0 - response_length_non_aborted/clip_ratio:0.0 - response/aborted_ratio:0.0 - prompt_length/mean:3951.375 - prompt_length/max:4139.0 - prompt_length/min:3618.0 - prompt_length/clip_ratio:0.0 - num_turns/min:np.int32(4) - num_turns/max:np.int32(4) - num_turns/mean:np.float64(4.0) - timing_s/start_profile:6.31050206720829e-05 - timing_s/agent_loop/num_preempted/min:np.int64(-1) - timing_s/agent_loop/num_preempted/max:np.int64(-1) - timing_s/agent_loop/num_preempted/mean:np.float64(-1.0) - timing_s/agent_loop/generate_sequences/min:np.float64(62.92615886393469) - timing_s/agent_loop/generate_sequences/max:np.float64(113.01930139702745) - timing_s/agent_loop/generate_sequences/mean:np.float64(98.7158267847044) - timing_s/agent_loop/tool_calls/min:np.float64(0.06905631895642728) - timing_s/agent_loop/tool_calls/max:np.float64(2.1491526110330597) - timing_s/agent_loop/tool_calls/mean:np.float64(0.2277488967665704) - timing_s/agent_loop/compute_score/min:np.float64(0.29764642904046923) - timing_s/agent_loop/compute_score/max:np.float64(5.544750286033377) - timing_s/agent_loop/compute_score/mean:np.float64(2.0450476508976863) - timing_s/agent_loop/slowest/generate_sequences:np.float64(113.01930139702745) - timing_s/agent_loop/slowest/tool_calls:np.float64(0.09934848896227777) - timing_s/agent_loop/slowest/compute_score:np.float64(3.7185110370628536) - timing_s/agent_loop/slowest/num_preempted:np.int64(-1) - timing_s/agent_loop/slowest/prompt_length:4137 - timing_s/agent_loop/slowest/response_length:3223 - timing_s/gen:144.54581138899084 - timing_s/reward:0.0003885379992425442 - timing_s/old_log_prob:141.26890961104073 - timing_s/ref:129.9485424400773 - timing_s/adv:0.15537723491434008 - timing_s/update_actor:319.66316402191296 - timing_s/update_weights:3.97574172494933 - timing_s/dump_rollout_generations:0.2792434470029548 - timing_s/step:739.9938125699991 - timing_s/stop_profile:4.7527020797133446e-05 - timing_per_token_ms/update_actor:0.3501312338612884 - timing_per_token_ms/ref:0.14233433383616667 - timing_per_token_ms/gen:0.35497062017654707 - timing_per_token_ms/adv:0.0001701867124445526 - perf/total_num_tokens:912981 - perf/time_per_step:739.9938125699991 - perf/throughput:1233.7684241294075[36m(TaskRunner pid=2382775)[0m Training Progress:  60%|██████    | 144/239 [2:34:26<21:38:35, 820.16s/it]
[36m(TaskRunner pid=2382775)[0m Training Progress:  61%|██████    | 145/239 [2:47:13<20:59:36, 804.01s/it]

[36m(TaskRunner pid=2382775)[0m Dumped generations to /home/yw4636/agentic-tvg/results/grpo-v2/rollouts/145.jsonl
[36m(TaskRunner pid=2382775)[0m step:145 - global_seqlen/min:923584 - global_seqlen/max:923584 - global_seqlen/minmax_diff:0 - global_seqlen/balanced_min:923584 - global_seqlen/balanced_max:923584 - global_seqlen/mean:923584.0 - actor/entropy:0.9118486642837524 - perf/mfu/actor_infer:0.3020276331614637 - training/rollout_probs_diff_valid:1 - training/rollout_probs_diff_max:0.4082129895687103 - training/rollout_probs_diff_mean:0.010444778949022293 - training/rollout_probs_diff_std:0.016665956005454063 - training/rollout_actor_probs_pearson_corr:0.9985260367393494 - rollout_corr/training_ppl:2.5043156147003174 - rollout_corr/training_log_ppl:0.9076154828071594 - rollout_corr/kl:0.0030290393624454737 - rollout_corr/k3_kl:0.0031592505984008312 - rollout_corr/rollout_ppl:2.496605396270752 - rollout_corr/rollout_log_ppl:0.9044799208641052 - rollout_corr/log_ppl_diff:0.00313557218760252 - rollout_corr/log_ppl_abs_diff:0.004005050286650658 - rollout_corr/log_ppl_diff_max:0.013151764869689941 - rollout_corr/log_ppl_diff_min:-0.0073931217193603516 - rollout_corr/ppl_ratio:1.0031486749649048 - rollout_corr/chi2_token:0.0067403316497802734 - rollout_corr/chi2_seq:2.7890474796295166 - actor/pg_clipfrac:np.float64(0.0) - actor/ppo_kl:np.float64(0.0) - actor/pg_clipfrac_lower:np.float64(0.0) - actor/pg_loss:np.float64(-0.020008256658911705) - actor/kl_loss:np.float64(0.016060576264862902) - actor/kl_coef:np.float64(0.0010000000000000002) - actor/loss:np.float64(-0.019992195069789886) - actor/grad_norm:np.float64(0.0795837864279747) - actor/lr:np.float64(1e-05) - actor/perf/max_memory_allocated_gb:np.float64(39.09066343307495) - actor/perf/max_memory_reserved_gb:np.float64(41.962890625) - actor/perf/cpu_memory_used_gb:np.float64(116.3636589050293) - perf/mfu/actor:np.float64(0.3354086739346484) - training/global_step:145 - training/epoch:1 - critic/score/mean:1.3727962970733643 - critic/score/max:2.359999895095825 - critic/score/min:0.5 - critic/rewards/mean:1.3727962970733643 - critic/rewards/max:2.359999895095825 - critic/rewards/min:0.5 - critic/advantages/mean:0.020008249208331108 - critic/advantages/max:2.461448907852173 - critic/advantages/min:-3.1960294246673584 - critic/returns/mean:0.020008249208331108 - critic/returns/max:2.461448907852173 - critic/returns/min:-3.1960294246673584 - response_length/mean:3199.375 - response_length/max:3475.0 - response_length/min:2983.0 - response_length/clip_ratio:0.0 - response_length_non_aborted/mean:3199.375 - response_length_non_aborted/max:3475.0 - response_length_non_aborted/min:2983.0 - response_length_non_aborted/clip_ratio:0.0 - response/aborted_ratio:0.0 - prompt_length/mean:4016.125 - prompt_length/max:4127.0 - prompt_length/min:3942.0 - prompt_length/clip_ratio:0.0 - num_turns/min:np.int32(4) - num_turns/max:np.int32(4) - num_turns/mean:np.float64(4.0) - timing_s/start_profile:6.792694330215454e-05 - timing_s/agent_loop/num_preempted/min:np.int64(-1) - timing_s/agent_loop/num_preempted/max:np.int64(-1) - timing_s/agent_loop/num_preempted/mean:np.float64(-1.0) - timing_s/agent_loop/generate_sequences/min:np.float64(72.27414169802796) - timing_s/agent_loop/generate_sequences/max:np.float64(111.63826725492254) - timing_s/agent_loop/generate_sequences/mean:np.float64(98.47329776186598) - timing_s/agent_loop/tool_calls/min:np.float64(0.06461309001315385) - timing_s/agent_loop/tool_calls/max:np.float64(0.8035343099618331) - timing_s/agent_loop/tool_calls/mean:np.float64(0.15404423996915284) - timing_s/agent_loop/compute_score/min:np.float64(0.3193819879088551) - timing_s/agent_loop/compute_score/max:np.float64(6.143755801953375) - timing_s/agent_loop/compute_score/mean:np.float64(1.9741043153235296) - timing_s/agent_loop/slowest/generate_sequences:np.float64(111.63826725492254) - timing_s/agent_loop/slowest/tool_calls:np.float64(0.09569770900998265) - timing_s/agent_loop/slowest/compute_score:np.float64(2.9746139000635594) - timing_s/agent_loop/slowest/num_preempted:np.int64(-1) - timing_s/agent_loop/slowest/prompt_length:3954 - timing_s/agent_loop/slowest/response_length:3384 - timing_s/gen:142.2177811729489 - timing_s/reward:0.0004684439627453685 - timing_s/old_log_prob:142.65298601298127 - timing_s/ref:138.59429066895973 - timing_s/adv:0.16364767693448812 - timing_s/update_actor:338.97231902508065 - timing_s/update_weights:3.921040075016208 - timing_s/dump_rollout_generations:0.3261086749844253 - timing_s/step:767.0005075299414 - timing_s/stop_profile:4.713796079158783e-05 - timing_per_token_ms/update_actor:0.3670183968378411 - timing_per_token_ms/ref:0.15006138117264886 - timing_per_token_ms/gen:0.34727920778704063 - timing_per_token_ms/adv:0.00017718764826424896 - perf/total_num_tokens:923584 - perf/time_per_step:767.0005075299414 - perf/throughput:1204.1504417960846
[36m(TaskRunner pid=2382775)[0m Dumped generations to /home/yw4636/agentic-tvg/results/grpo-v2/rollouts/146.jsonl
[36m(TaskRunner pid=2382775)[0m step:146 - global_seqlen/min:922005 - global_seqlen/max:922005 - global_seqlen/minmax_diff:0 - global_seqlen/balanced_min:922005 - global_seqlen/balanced_max:922005 - global_seqlen/mean:922005.0 - actor/entropy:0.9241602420806885 - perf/mfu/actor_infer:0.29289132106022325 - training/rollout_probs_diff_valid:1 - training/rollout_probs_diff_max:0.3525829017162323 - training/rollout_probs_diff_mean:0.010505002923309803 - training/rollout_probs_diff_std:0.017114052549004555 - training/rollout_actor_probs_pearson_corr:0.9984807968139648 - rollout_corr/training_ppl:2.5457165241241455 - rollout_corr/training_log_ppl:0.9239417314529419 - rollout_corr/kl:0.003148402087390423 - rollout_corr/k3_kl:0.003446892835199833 - rollout_corr/rollout_ppl:2.538024425506592 - rollout_corr/rollout_log_ppl:0.9208940267562866 - rollout_corr/log_ppl_diff:0.003047793172299862 - rollout_corr/log_ppl_abs_diff:0.004502288997173309 - rollout_corr/log_ppl_diff_max:0.015554547309875488 - rollout_corr/log_ppl_diff_min:-0.007798135280609131 - rollout_corr/ppl_ratio:1.0030630826950073 - rollout_corr/chi2_token:0.007640957832336426 - rollout_corr/chi2_seq:12.31994915008545 - actor/pg_clipfrac:np.float64(0.0) - actor/ppo_kl:np.float64(0.0) - actor/pg_clipfrac_lower:np.float64(0.0) - actor/pg_loss:np.float64(0.058256077056284994) - actor/kl_loss:np.float64(0.017701556760584936) - actor/kl_coef:np.float64(0.0010000000000000002) - actor/loss:np.float64(0.05827377736568451) - actor/grad_norm:np.float64(0.07660873234272003) - actor/lr:np.float64(1e-05) - actor/perf/max_memory_allocated_gb:np.float64(39.09066343307495) - actor/perf/max_memory_reserved_gb:np.float64(41.962890625) - actor/perf/cpu_memory_used_gb:np.float64(100.27469253540039) - perf/mfu/actor:np.float64(0.33768330547575004) - training/global_step:146 - training/epoch:1 - critic/score/mean:1.3678497076034546 - critic/score/max:2.406956434249878 - critic/score/min:0.5 - critic/rewards/mean:1.3678497076034546 - critic/rewards/max:2.406956434249878 - critic/rewards/min:0.5 - critic/advantages/mean:-0.05825607851147652 - critic/advantages/max:2.573723793029785 - critic/advantages/min:-3.637312889099121 - critic/returns/mean:-0.05825607851147652 - critic/returns/max:2.573723793029785 - critic/returns/min:-3.637312889099121 - response_length/mean:3210.9140625 - response_length/max:3512.0 - response_length/min:2998.0 - response_length/clip_ratio:0.0 - response_length_non_aborted/mean:3210.9140625 - response_length_non_aborted/max:3512.0 - response_length_non_aborted/min:2998.0 - response_length_non_aborted/clip_ratio:0.0 - response/aborted_ratio:0.0 - prompt_length/mean:3992.25 - prompt_length/max:4136.0 - prompt_length/min:3937.0 - prompt_length/clip_ratio:0.0 - num_turns/min:np.int32(4) - num_turns/max:np.int32(4) - num_turns/mean:np.float64(4.0) - timing_s/start_profile:5.893304478377104e-05 - timing_s/agent_loop/num_preempted/min:np.int64(-1) - timing_s/agent_loop/num_preempted/max:np.int64(-1) - timing_s/agent_loop/num_preempted/mean:np.float64(-1.0) - timing_s/agent_loop/generate_sequences/min:np.float64(72.15220391901676) - timing_s/agent_loop/generate_sequences/max:np.float64(115.35673434904311) - timing_s/agent_loop/generate_sequences/mean:np.float64(99.53547848604103) - timing_s/agent_loop/tool_calls/min:np.float64(0.061355118989013135) - timing_s/agent_loop/tool_calls/max:np.float64(2.1579192590434104) - timing_s/agent_loop/tool_calls/mean:np.float64(0.2777620165152257) - timing_s/agent_loop/compute_score/min:np.float64(0.3156289589824155) - timing_s/agent_loop/compute_score/max:np.float64(6.631405419902876) - timing_s/agent_loop/compute_score/mean:np.float64(1.7376756814446708) - timing_s/agent_loop/slowest/generate_sequences:np.float64(115.35673434904311) - timing_s/agent_loop/slowest/tool_calls:np.float64(0.10906894796062261) - timing_s/agent_loop/slowest/compute_score:np.float64(2.5556699850130826) - timing_s/agent_loop/slowest/num_preempted:np.int64(-1) - timing_s/agent_loop/slowest/prompt_length:3937 - timing_s/agent_loop/slowest/response_length:3446 - timing_s/gen:142.90576627699193 - timing_s/reward:0.00040301994886249304 - timing_s/old_log_prob:153.12739514489658 - timing_s/ref:151.66549689299427 - timing_s/adv:0.17047517700120807 - timing_s/update_actor:326.75439377408475 - timing_s/update_weights:3.9487828169949353 - timing_s/dump_rollout_generations:0.33062967099249363 - timing_s/step:779.0542416450335 - timing_s/stop_profile:3.5896082408726215e-05 - timing_per_token_ms/update_actor:0.35439546832618557 - timing_per_token_ms/ref:0.16449530847771354 - timing_per_token_ms/gen:0.34770513234157896 - timing_per_token_ms/adv:0.00018489615240829287 - perf/total_num_tokens:922005 - perf/time_per_step:779.0542416450335 - perf/throughput:1183.4926898711378[36m(TaskRunner pid=2382775)[0m Training Progress:  61%|██████    | 146/239 [3:00:12<20:34:31, 796.47s/it]
[36m(TaskRunner pid=2382775)[0m Training Progress:  62%|██████▏   | 147/239 [3:12:44<20:00:26, 782.90s/it]

[36m(TaskRunner pid=2382775)[0m Dumped generations to /home/yw4636/agentic-tvg/results/grpo-v2/rollouts/147.jsonl
[36m(TaskRunner pid=2382775)[0m step:147 - global_seqlen/min:920067 - global_seqlen/max:920067 - global_seqlen/minmax_diff:0 - global_seqlen/balanced_min:920067 - global_seqlen/balanced_max:920067 - global_seqlen/mean:920067.0 - actor/entropy:0.960307776927948 - perf/mfu/actor_infer:0.30446289060165593 - training/rollout_probs_diff_valid:1 - training/rollout_probs_diff_max:0.40071800351142883 - training/rollout_probs_diff_mean:0.010897411033511162 - training/rollout_probs_diff_std:0.017641793936491013 - training/rollout_actor_probs_pearson_corr:0.9983918070793152 - rollout_corr/training_ppl:2.6431756019592285 - rollout_corr/training_log_ppl:0.9565795063972473 - rollout_corr/kl:0.0035784421488642693 - rollout_corr/k3_kl:0.003750149393454194 - rollout_corr/rollout_ppl:2.633450746536255 - rollout_corr/rollout_log_ppl:0.9528682827949524 - rollout_corr/log_ppl_diff:0.003711179830133915 - rollout_corr/log_ppl_abs_diff:0.00447490718215704 - rollout_corr/log_ppl_diff_max:0.035424888134002686 - rollout_corr/log_ppl_diff_min:-0.007446646690368652 - rollout_corr/ppl_ratio:1.0037312507629395 - rollout_corr/chi2_token:0.008737921714782715 - rollout_corr/chi2_seq:3.812869071960449 - actor/pg_clipfrac:np.float64(0.0) - actor/ppo_kl:np.float64(0.0) - actor/pg_clipfrac_lower:np.float64(0.0) - actor/pg_loss:np.float64(0.02087503846269101) - actor/kl_loss:np.float64(0.01738720398861915) - actor/kl_coef:np.float64(0.0010000000000000002) - actor/loss:np.float64(0.020892422646284103) - actor/grad_norm:np.float64(0.07601561397314072) - actor/lr:np.float64(1e-05) - actor/perf/max_memory_allocated_gb:np.float64(39.09066343307495) - actor/perf/max_memory_reserved_gb:np.float64(41.962890625) - actor/perf/cpu_memory_used_gb:np.float64(100.33798217773438) - perf/mfu/actor:np.float64(0.3400264363279621) - training/global_step:147 - training/epoch:1 - critic/score/mean:1.3074032068252563 - critic/score/max:2.5 - critic/score/min:0.5 - critic/rewards/mean:1.3074032068252563 - critic/rewards/max:2.5 - critic/rewards/min:0.5 - critic/advantages/mean:-0.020875047892332077 - critic/advantages/max:2.8239312171936035 - critic/advantages/min:-3.356297492980957 - critic/returns/mean:-0.020875047892332077 - critic/returns/max:2.8239312171936035 - critic/returns/min:-3.356297492980957 - response_length/mean:3246.2734375 - response_length/max:3501.0 - response_length/min:3056.0 - response_length/clip_ratio:0.0 - response_length_non_aborted/mean:3246.2734375 - response_length_non_aborted/max:3501.0 - response_length_non_aborted/min:3056.0 - response_length_non_aborted/clip_ratio:0.0 - response/aborted_ratio:0.0 - prompt_length/mean:3941.75 - prompt_length/max:3958.0 - prompt_length/min:3931.0 - prompt_length/clip_ratio:0.0 - num_turns/min:np.int32(4) - num_turns/max:np.int32(4) - num_turns/mean:np.float64(4.0) - timing_s/start_profile:7.219193503260612e-05 - timing_s/agent_loop/num_preempted/min:np.int64(-1) - timing_s/agent_loop/num_preempted/max:np.int64(-1) - timing_s/agent_loop/num_preempted/mean:np.float64(-1.0) - timing_s/agent_loop/generate_sequences/min:np.float64(69.08574183494784) - timing_s/agent_loop/generate_sequences/max:np.float64(115.09722904500086) - timing_s/agent_loop/generate_sequences/mean:np.float64(98.5341462295437) - timing_s/agent_loop/tool_calls/min:np.float64(0.08175013295840472) - timing_s/agent_loop/tool_calls/max:np.float64(0.8034118229988962) - timing_s/agent_loop/tool_calls/mean:np.float64(0.19125450680166978) - timing_s/agent_loop/compute_score/min:np.float64(0.3131479629082605) - timing_s/agent_loop/compute_score/max:np.float64(6.89685543300584) - timing_s/agent_loop/compute_score/mean:np.float64(2.375069553470894) - timing_s/agent_loop/slowest/generate_sequences:np.float64(115.09722904500086) - timing_s/agent_loop/slowest/tool_calls:np.float64(0.12170358700677752) - timing_s/agent_loop/slowest/compute_score:np.float64(3.434602141031064) - timing_s/agent_loop/slowest/num_preempted:np.int64(-1) - timing_s/agent_loop/slowest/prompt_length:3940 - timing_s/agent_loop/slowest/response_length:3432 - timing_s/gen:144.9778311579721 - timing_s/reward:0.00039910105988383293 - timing_s/old_log_prob:140.94233726896346 - timing_s/ref:136.86195515398867 - timing_s/adv:0.16218034701887518 - timing_s/update_actor:323.2693068489898 - timing_s/update_weights:3.968618221930228 - timing_s/dump_rollout_generations:0.32969849393703043 - timing_s/step:750.6854330169735 - timing_s/stop_profile:4.382000770419836e-05 - timing_per_token_ms/update_actor:0.3513540936138236 - timing_per_token_ms/ref:0.14875216169473385 - timing_per_token_ms/gen:0.3489044677622469 - timing_per_token_ms/adv:0.00017627014882489557 - perf/total_num_tokens:920067 - perf/time_per_step:750.6854330169735 - perf/throughput:1225.635878269662
[36m(TaskRunner pid=2382775)[0m Dumped generations to /home/yw4636/agentic-tvg/results/grpo-v2/rollouts/148.jsonl
[36m(TaskRunner pid=2382775)[0m step:148 - global_seqlen/min:915642 - global_seqlen/max:915642 - global_seqlen/minmax_diff:0 - global_seqlen/balanced_min:915642 - global_seqlen/balanced_max:915642 - global_seqlen/mean:915642.0 - actor/entropy:0.9869615435600281 - perf/mfu/actor_infer:0.3047388628537494 - training/rollout_probs_diff_valid:1 - training/rollout_probs_diff_max:0.3713133931159973 - training/rollout_probs_diff_mean:0.010556742548942566 - training/rollout_probs_diff_std:0.01668006181716919 - training/rollout_actor_probs_pearson_corr:0.9985609650611877 - rollout_corr/training_ppl:2.687171697616577 - rollout_corr/training_log_ppl:0.9736036658287048 - rollout_corr/kl:0.0032332823611795902 - rollout_corr/k3_kl:0.003404012182727456 - rollout_corr/rollout_ppl:2.6789581775665283 - rollout_corr/rollout_log_ppl:0.9704080820083618 - rollout_corr/log_ppl_diff:0.003195596393197775 - rollout_corr/log_ppl_abs_diff:0.004157497081905603 - rollout_corr/log_ppl_diff_max:0.014062464237213135 - rollout_corr/log_ppl_diff_min:-0.015540242195129395 - rollout_corr/ppl_ratio:1.0032087564468384 - rollout_corr/chi2_token:0.007247447967529297 - rollout_corr/chi2_seq:4.138594627380371 - actor/pg_clipfrac:np.float64(0.0) - actor/ppo_kl:np.float64(0.0) - actor/pg_clipfrac_lower:np.float64(0.0) - actor/pg_loss:np.float64(-0.01851939974585548) - actor/kl_loss:np.float64(0.020150274271145463) - actor/kl_coef:np.float64(0.0010000000000000002) - actor/loss:np.float64(-0.01849924772977829) - actor/grad_norm:np.float64(0.07922779023647308) - actor/lr:np.float64(1e-05) - actor/perf/max_memory_allocated_gb:np.float64(39.09066343307495) - actor/perf/max_memory_reserved_gb:np.float64(41.962890625) - actor/perf/cpu_memory_used_gb:np.float64(100.36739349365234) - perf/mfu/actor:np.float64(0.3429145552708943) - training/global_step:148 - training/epoch:1 - critic/score/mean:1.1601592302322388 - critic/score/max:2.4012131690979004 - critic/score/min:0.0 - critic/rewards/mean:1.1601592302322388 - critic/rewards/max:2.4012131690979004 - critic/rewards/min:0.0 - critic/advantages/mean:0.018519405275583267 - critic/advantages/max:3.3458852767944336 - critic/advantages/min:-3.1667799949645996 - critic/returns/mean:0.018519405275583267 - critic/returns/max:3.3458852767944336 - critic/returns/min:-3.1667799949645996 - response_length/mean:3159.453125 - response_length/max:3537.0 - response_length/min:169.0 - response_length/clip_ratio:0.0 - response_length_non_aborted/mean:3159.453125 - response_length_non_aborted/max:3537.0 - response_length_non_aborted/min:169.0 - response_length_non_aborted/clip_ratio:0.0 - response/aborted_ratio:0.0 - prompt_length/mean:3994.0 - prompt_length/max:4138.0 - prompt_length/min:3755.0 - prompt_length/clip_ratio:0.0 - num_turns/min:np.int32(2) - num_turns/max:np.int32(4) - num_turns/mean:np.float64(3.984375) - timing_s/start_profile:6.364507135003805e-05 - timing_s/agent_loop/num_preempted/min:np.int64(-1) - timing_s/agent_loop/num_preempted/max:np.int64(-1) - timing_s/agent_loop/num_preempted/mean:np.float64(-1.0) - timing_s/agent_loop/generate_sequences/min:np.float64(47.45422099798452) - timing_s/agent_loop/generate_sequences/max:np.float64(115.77663479396142) - timing_s/agent_loop/generate_sequences/mean:np.float64(101.17606255503597) - timing_s/agent_loop/tool_calls/min:np.float64(0.0) - timing_s/agent_loop/tool_calls/max:np.float64(0.8133609479991719) - timing_s/agent_loop/tool_calls/mean:np.float64(0.14662246165062243) - timing_s/agent_loop/compute_score/min:np.float64(0.23017410992179066) - timing_s/agent_loop/compute_score/max:np.float64(6.084598807035945) - timing_s/agent_loop/compute_score/mean:np.float64(2.646002962936109) - timing_s/agent_loop/slowest/generate_sequences:np.float64(115.77663479396142) - timing_s/agent_loop/slowest/tool_calls:np.float64(0.20932843396440148) - timing_s/agent_loop/slowest/compute_score:np.float64(4.046375092002563) - timing_s/agent_loop/slowest/num_preempted:np.int64(-1) - timing_s/agent_loop/slowest/prompt_length:3957 - timing_s/agent_loop/slowest/response_length:3352 - timing_s/gen:144.92415395390708 - timing_s/reward:0.0004441940691322088 - timing_s/old_log_prob:142.19884204899427 - timing_s/ref:132.6347289539408 - timing_s/adv:0.17074630595743656 - timing_s/update_actor:318.3045770060271 - timing_s/update_weights:3.962572323041968 - timing_s/dump_rollout_generations:0.32792426901869476 - timing_s/step:742.6968949729344 - timing_s/stop_profile:4.679698031395674e-05 - timing_per_token_ms/update_actor:0.34762994380557805 - timing_per_token_ms/ref:0.14485435241496217 - timing_per_token_ms/gen:0.35835947170917404 - timing_per_token_ms/adv:0.00018647714495123265 - perf/total_num_tokens:915642 - perf/time_per_step:742.6968949729344 - perf/throughput:1232.8609506754005[36m(TaskRunner pid=2382775)[0m Training Progress:  62%|██████▏   | 148/239 [3:25:07<19:29:26, 771.06s/it]
[36m(TaskRunner pid=2382775)[0m Training Progress:  62%|██████▏   | 149/239 [3:37:41<19:08:28, 765.65s/it]

[36m(TaskRunner pid=2382775)[0m Dumped generations to /home/yw4636/agentic-tvg/results/grpo-v2/rollouts/149.jsonl
[36m(TaskRunner pid=2382775)[0m step:149 - global_seqlen/min:924181 - global_seqlen/max:924181 - global_seqlen/minmax_diff:0 - global_seqlen/balanced_min:924181 - global_seqlen/balanced_max:924181 - global_seqlen/mean:924181.0 - actor/entropy:0.881898820400238 - perf/mfu/actor_infer:0.3033574979511952 - training/rollout_probs_diff_valid:1 - training/rollout_probs_diff_max:0.30767855048179626 - training/rollout_probs_diff_mean:0.010280356742441654 - training/rollout_probs_diff_std:0.016546692699193954 - training/rollout_actor_probs_pearson_corr:0.9985414147377014 - rollout_corr/training_ppl:2.424687623977661 - rollout_corr/training_log_ppl:0.872778594493866 - rollout_corr/kl:0.002326041692867875 - rollout_corr/k3_kl:0.003201124258339405 - rollout_corr/rollout_ppl:2.418828010559082 - rollout_corr/rollout_log_ppl:0.8704251646995544 - rollout_corr/log_ppl_diff:0.002353376243263483 - rollout_corr/log_ppl_abs_diff:0.003780598286539316 - rollout_corr/log_ppl_diff_max:0.01368039846420288 - rollout_corr/log_ppl_diff_min:-0.006475210189819336 - rollout_corr/ppl_ratio:1.0023640394210815 - rollout_corr/chi2_token:0.008625626564025879 - rollout_corr/chi2_seq:3.3825597763061523 - actor/pg_clipfrac:np.float64(0.0) - actor/ppo_kl:np.float64(0.0) - actor/pg_clipfrac_lower:np.float64(0.0) - actor/pg_loss:np.float64(0.007918027575215092) - actor/kl_loss:np.float64(0.017949651344679296) - actor/kl_coef:np.float64(0.0010000000000000002) - actor/loss:np.float64(0.007935978472232819) - actor/grad_norm:np.float64(0.08056363463401794) - actor/lr:np.float64(1e-05) - actor/perf/max_memory_allocated_gb:np.float64(39.09066343307495) - actor/perf/max_memory_reserved_gb:np.float64(41.962890625) - actor/perf/cpu_memory_used_gb:np.float64(100.82250595092773) - perf/mfu/actor:np.float64(0.34417331671365875) - training/global_step:149 - training/epoch:1 - critic/score/mean:1.4082887172698975 - critic/score/max:2.3726003170013428 - critic/score/min:0.5 - critic/rewards/mean:1.4082887172698975 - critic/rewards/max:2.3726003170013428 - critic/rewards/min:0.5 - critic/advantages/mean:-0.007918031886219978 - critic/advantages/max:2.151224136352539 - critic/advantages/min:-3.590719223022461 - critic/returns/mean:-0.007918031886219978 - critic/returns/max:2.151224136352539 - critic/returns/min:-3.590719223022461 - response_length/mean:3226.2890625 - response_length/max:3518.0 - response_length/min:2963.0 - response_length/clip_ratio:0.0 - response_length_non_aborted/mean:3226.2890625 - response_length_non_aborted/max:3518.0 - response_length_non_aborted/min:2963.0 - response_length_non_aborted/clip_ratio:0.0 - response/aborted_ratio:0.0 - prompt_length/mean:3993.875 - prompt_length/max:4137.0 - prompt_length/min:3930.0 - prompt_length/clip_ratio:0.0 - num_turns/min:np.int32(4) - num_turns/max:np.int32(4) - num_turns/mean:np.float64(4.0) - timing_s/start_profile:6.57899072393775e-05 - timing_s/agent_loop/num_preempted/min:np.int64(-1) - timing_s/agent_loop/num_preempted/max:np.int64(-1) - timing_s/agent_loop/num_preempted/mean:np.float64(-1.0) - timing_s/agent_loop/generate_sequences/min:np.float64(58.39738482993562) - timing_s/agent_loop/generate_sequences/max:np.float64(115.7073526440654) - timing_s/agent_loop/generate_sequences/mean:np.float64(100.7983797041934) - timing_s/agent_loop/tool_calls/min:np.float64(0.0745786790503189) - timing_s/agent_loop/tool_calls/max:np.float64(1.8896425309358165) - timing_s/agent_loop/tool_calls/mean:np.float64(0.26014174223291775) - timing_s/agent_loop/compute_score/min:np.float64(0.3158014150103554) - timing_s/agent_loop/compute_score/max:np.float64(6.032513263984583) - timing_s/agent_loop/compute_score/mean:np.float64(2.321234492585063) - timing_s/agent_loop/slowest/generate_sequences:np.float64(115.3931048270315) - timing_s/agent_loop/slowest/tool_calls:np.float64(0.10025219200178981) - timing_s/agent_loop/slowest/compute_score:np.float64(3.027019227971323) - timing_s/agent_loop/slowest/num_preempted:np.int64(-1) - timing_s/agent_loop/slowest/prompt_length:3957 - timing_s/agent_loop/slowest/response_length:3340 - timing_s/gen:146.7961282710312 - timing_s/reward:0.00045455293729901314 - timing_s/old_log_prob:142.71559321100358 - timing_s/ref:135.4318881939398 - timing_s/adv:0.16561966494191438 - timing_s/update_actor:323.44163219304755 - timing_s/update_weights:3.9600452600279823 - timing_s/dump_rollout_generations:0.32842999906279147 - timing_s/step:752.9931890099542 - timing_s/stop_profile:4.5949011109769344e-05 - timing_per_token_ms/update_actor:0.3499765004831819 - timing_per_token_ms/ref:0.14654260171323563 - timing_per_token_ms/gen:0.35546869170760526 - timing_per_token_ms/adv:0.00017920695723231097 - perf/total_num_tokens:924181 - perf/time_per_step:752.9931890099542 - perf/throughput:1227.3431068017042
Error executing job with overrides: ['algorithm.adv_estimator=grpo', '+ray_kwargs.ray_init.object_store_memory=25769803776', 'algorithm.use_kl_in_reward=False', 'data.train_files=/home/yw4636/agentic-tvg/data/processed/rl_train_ep2.parquet', 'data.val_files=/home/yw4636/agentic-tvg/data/processed/rl_val.parquet', 'data.return_raw_chat=True', 'data.train_batch_size=8', 'data.max_prompt_length=4608', 'data.max_response_length=16384', 'data.filter_overlong_prompts=False', 'data.truncation=error', 'data.image_patch_size=16', 'actor_rollout_ref.model.path=/home/yw4636/agentic-tvg/results/sft-mix/merged', 'actor_rollout_ref.model.use_remove_padding=True', 'actor_rollout_ref.model.enable_gradient_checkpointing=True', 'actor_rollout_ref.model.lora_rank=16', 'actor_rollout_ref.model.lora_alpha=32', 'actor_rollout_ref.model.target_modules=all-linear', 'actor_rollout_ref.model.exclude_modules=.*visual.*', 'actor_rollout_ref.actor.strategy=fsdp2', 'actor_rollout_ref.actor.optim.lr=1e-5', 'actor_rollout_ref.actor.optim.lr_scheduler_type=constant', 'actor_rollout_ref.actor.optim.min_lr_ratio=0.1', 'actor_rollout_ref.actor.ppo_mini_batch_size=8', 'actor_rollout_ref.actor.use_dynamic_bsz=True', 'actor_rollout_ref.actor.ppo_max_token_len_per_gpu=24576', 'actor_rollout_ref.actor.use_kl_loss=True', 'actor_rollout_ref.actor.kl_loss_coef=0.001', 'actor_rollout_ref.actor.kl_loss_type=low_var_kl', 'actor_rollout_ref.actor.entropy_coeff=0', 'actor_rollout_ref.actor.fsdp_config.param_offload=False', 'actor_rollout_ref.actor.fsdp_config.optimizer_offload=False', 'actor_rollout_ref.rollout.name=vllm', 'actor_rollout_ref.rollout.mode=async', 'actor_rollout_ref.rollout.max_model_len=20992', 'actor_rollout_ref.rollout.tensor_model_parallel_size=1', 'actor_rollout_ref.rollout.gpu_memory_utilization=0.65', 'actor_rollout_ref.rollout.n=16', 'actor_rollout_ref.rollout.load_format=safetensors', 'actor_rollout_ref.rollout.layered_summon=True', '+actor_rollout_ref.rollout.limit_images=112', '+actor_rollout_ref.rollout.engine_kwargs.vllm.mm_processor_kwargs={max_pixels:150528}', 'actor_rollout_ref.rollout.enable_chunked_prefill=True', 'actor_rollout_ref.rollout.max_num_batched_tokens=24576', 'actor_rollout_ref.rollout.free_cache_engine=True', 'actor_rollout_ref.rollout.log_prob_use_dynamic_bsz=True', 'actor_rollout_ref.rollout.log_prob_max_token_len_per_gpu=24576', 'actor_rollout_ref.rollout.val_kwargs.do_sample=False', 'actor_rollout_ref.rollout.val_kwargs.temperature=0', 'actor_rollout_ref.rollout.multi_turn.enable=True', 'actor_rollout_ref.rollout.multi_turn.format=hermes', 'actor_rollout_ref.rollout.multi_turn.max_user_turns=3', 'actor_rollout_ref.rollout.multi_turn.max_assistant_turns=4', 'actor_rollout_ref.rollout.multi_turn.max_parallel_calls=1', 'actor_rollout_ref.rollout.multi_turn.max_tool_response_length=2048', 'actor_rollout_ref.rollout.multi_turn.tool_config_path=/home/yw4636/agentic-tvg/crop_video_tool.yaml', 'actor_rollout_ref.rollout.agent.default_agent_loop=tool_agent', 'reward.custom_reward_function.path=/home/yw4636/agentic-tvg/agentic_tvg/reward.py', 'reward.custom_reward_function.name=compute_score_qa2', 'trainer.use_v1=False', 'trainer.n_gpus_per_node=1', 'trainer.nnodes=1', 'trainer.logger=["console","tensorboard"]', 'trainer.project_name=agentic-tvg', 'trainer.experiment_name=grpo_v2', 'trainer.default_local_dir=/home/yw4636/agentic-tvg/results/grpo-v2/ckpt', 'trainer.rollout_data_dir=/home/yw4636/agentic-tvg/results/grpo-v2/rollouts', 'trainer.validation_data_dir=/home/yw4636/agentic-tvg/results/grpo-v2/val_rollouts', 'data.val_batch_size=2', 'trainer.val_before_train=True', '+trainer.max_actor_ckpt_to_keep=1', 'trainer.save_freq=20', 'trainer.test_freq=20', 'trainer.total_epochs=2', 'trainer.total_training_steps=239', 'trainer.val_before_train=False']
Traceback (most recent call last):
  File "/home/yw4636/.conda/envs/verl/lib/python3.12/site-packages/verl/trainer/main_ppo.py", line 193, in main
    run_ppo(config, task_runner_class=TaskRunner)
  File "/home/yw4636/.conda/envs/verl/lib/python3.12/site-packages/verl/trainer/main_ppo.py", line 94, in run_ppo
    ray.get(runner.run.remote(config))
  File "/home/yw4636/.conda/envs/verl/lib/python3.12/site-packages/ray/_private/auto_init_hook.py", line 22, in auto_init_wrapper
    return fn(*args, **kwargs)
           ^^^^^^^^^^^^^^^^^^^
  File "/home/yw4636/.conda/envs/verl/lib/python3.12/site-packages/ray/_private/client_mode_hook.py", line 134, in wrapper
    return func(*args, **kwargs)
           ^^^^^^^^^^^^^^^^^^^^^
  File "/home/yw4636/.conda/envs/verl/lib/python3.12/site-packages/ray/_private/worker.py", line 2986, in get
    values, debugger_breakpoint = worker.get_objects(
                                  ^^^^^^^^^^^^^^^^^^^
  File "/home/yw4636/.conda/envs/verl/lib/python3.12/site-packages/ray/_private/worker.py", line 1050, in get_objects
    raise value.as_instanceof_cause()
ray.exceptions.RayTaskError(JudgeUnavailable): [36mray::TaskRunner.run()[39m (pid=2382775, ip=10.110.2.5, actor_id=f22c32d5311c5187ba674aa701000000, repr=<verl.trainer.main_ppo_v0.TaskRunner object at 0x7efd78210f80>)
           ^^^^^^^^^^^^^^^^^^^^^^^^^^^^^^^^^^^^
           ^^^^^^^^^^^^^^^^^^^^^^^^^^^^^^^
  File "/home/yw4636/.conda/envs/verl/lib/python3.12/site-packages/verl/trainer/main_ppo_v0.py", line 234, in run
    trainer.fit()
  File "/home/yw4636/.conda/envs/verl/lib/python3.12/site-packages/verl/trainer/ppo/ray_trainer.py", line 1488, in fit
    combined_gen_output = self.async_rollout_manager.generate_sequences(combined_gen_batch)
                          ^^^^^^^^^^^^^^^^^^^^^^^^^^^^^^^^^^^^^^^^^^^^^^^^^^^^^^^^^^^^^^^^^
  File "/home/yw4636/.conda/envs/verl/lib/python3.12/site-packages/verl/utils/ray_utils.py", line 123, in wrapper
    return asyncio.run(coro)
           ^^^^^^^^^^^^^^^^^
  File "/home/yw4636/.conda/envs/verl/lib/python3.12/asyncio/runners.py", line 195, in run
    return runner.run(main)
           ^^^^^^^^^^^^^^^^
  File "/home/yw4636/.conda/envs/verl/lib/python3.12/asyncio/runners.py", line 118, in run
    return self._loop.run_until_complete(task)
           ^^^^^^^^^^^^^^^^^^^^^^^^^^^^^^^^^^^
  File "uvloop/loop.pyx", line 1518, in uvloop.loop.Loop.run_until_complete
  File "/home/yw4636/.conda/envs/verl/lib/python3.12/site-packages/verl/utils/skip/skip_manager.py", line 89, in async_wrapper
    return await func(*args, **kwargs_inner)
           ^^^^^^^^^^^^^^^^^^^^^^^^^^^^^^^^^
  File "/home/yw4636/.conda/envs/verl/lib/python3.12/site-packages/verl/experimental/agent_loop/agent_loop.py", line 1241, in generate_sequences
    outputs = await asyncio.gather(
              ^^^^^^^^^^^^^^^^^^^^^
  File "/home/yw4636/.conda/envs/verl/lib/python3.12/asyncio/tasks.py", line 684, in _wrap_awaitable
    return await awaitable
           ^^^^^^^^^^^^^^^
ray.exceptions.RayTaskError(JudgeUnavailable): [36mray::AgentLoopWorker.generate_sequences()[39m (pid=2385616, ip=10.110.2.5, actor_id=9b918619c56e61da4cbb4b2d01000000, repr=<verl.experimental.agent_loop.agent_loop.AgentLoopWorker object at 0x7f8f05fa6120>)
  File "/home/yw4636/.conda/envs/verl/lib/python3.12/concurrent/futures/_base.py", line 449, in result
    return self.__get_result()
           ^^^^^^^^^^^^^^^^^^^
  File "/home/yw4636/.conda/envs/verl/lib/python3.12/concurrent/futures/_base.py", line 401, in __get_result
    raise self._exception
           ^^^^^^^^^^^^^^^^^^^^^^^^^^^^^^^^^^^^^
  File "/home/yw4636/.conda/envs/verl/lib/python3.12/site-packages/verl/experimental/agent_loop/agent_loop.py", line 668, in generate_sequences
    outputs = await asyncio.gather(*tasks)
              ^^^^^^^^^^^^^^^^^^^^^^^^^^^^
           ^^^^^^^^^^^^^^^^^^^^^^^^^^^^^^^^^^^^^
  File "/home/yw4636/.conda/envs/verl/lib/python3.12/site-packages/verl/experimental/agent_loop/agent_loop.py", line 708, in _run_agent_loop
    return await self._agent_loop_postprocess(output, trajectory["validate"], **kwargs)
           ^^^^^^^^^^^^^^^^^^^^^^^^^^^^^^^^^^^^^^^^^^^^^^^^^^^^^^^^^^^^^^^^^^^^^^^^^^^^
           ^^^^^^^^^^^^^^^^^^^^^^^^^^^^^^^^^^^^^
  File "/home/yw4636/.conda/envs/verl/lib/python3.12/site-packages/verl/experimental/agent_loop/agent_loop.py", line 834, in _agent_loop_postprocess
    await self._compute_score([output], kwargs=kwargs)
           ^^^^^^^^^^^^^^^^^^^^^^^^^^^^^^^^^^^^^
  File "/home/yw4636/.conda/envs/verl/lib/python3.12/site-packages/verl/experimental/agent_loop/agent_loop.py", line 1020, in _compute_score
    result = await selected_reward_loop_worker_handle.compute_score.remote(data)
             ^^^^^^^^^^^^^^^^^^^^^^^^^^^^^^^^^^^^^^^^^^^^^^^^^^^^^^^^^^^^^^^^^^^
ray.exceptions.RayTaskError(JudgeUnavailable): [36mray::RewardLoopWorker.compute_score()[39m (pid=2383611, ip=10.110.2.5, actor_id=f8a98895cc2626115da1b6ee01000000, repr=<verl.experimental.reward_loop.reward_loop.RewardLoopWorker object at 0x7f9af1b298e0>)
           ^^^^^^^^^^^^^^^^^^^^^^^^
  File "/home/yw4636/.conda/envs/verl/lib/python3.12/site-packages/anthropic/_utils/_utils.py", line 294, in wrapper
    return func(*args, **kwargs)
           ^^^^^^^^^^^^^^^^^^^^^
  File "/home/yw4636/.conda/envs/verl/lib/python3.12/site-packages/anthropic/resources/messages/messages.py", line 968, in create
    return self._post(
           ^^^^^^^^^^^
  File "/home/yw4636/.conda/envs/verl/lib/python3.12/site-packages/anthropic/_base_client.py", line 1490, in post
    return cast(ResponseT, self.request(cast_to, opts, stream=stream, stream_cls=stream_cls))
                           ^^^^^^^^^^^^^^^^^^^^^^^^^^^^^^^^^^^^^^^^^^^^^^^^^^^^^^^^^^^^^^^^^
  File "/home/yw4636/.conda/envs/verl/lib/python3.12/site-packages/anthropic/_base_client.py", line 1174, in request
    raise self._make_status_error_from_response(response) from None
anthropic.OverloadedError: Error code: 529 - {'type': 'error', 'error': {'type': 'overloaded_error', 'message': 'Overloaded'}, 'request_id': 'req_011CegXCVmy8RE8Yc591dUbW'}

The above exception was the direct cause of the following exception:

[36mray::RewardLoopWorker.compute_score()[39m (pid=2383611, ip=10.110.2.5, actor_id=f8a98895cc2626115da1b6ee01000000, repr=<verl.experimental.reward_loop.reward_loop.RewardLoopWorker object at 0x7f9af1b298e0>)
  File "/home/yw4636/.conda/envs/verl/lib/python3.12/concurrent/futures/_base.py", line 456, in result
    return self.__get_result()
           ^^^^^^^^^^^^^^^^^^^
  File "/home/yw4636/.conda/envs/verl/lib/python3.12/concurrent/futures/_base.py", line 401, in __get_result
    raise self._exception
           ^^^^^^^^^^^^^^^^^^^^^^^^^^^^^^^^^^^^^
  File "/home/yw4636/.conda/envs/verl/lib/python3.12/site-packages/verl/experimental/reward_loop/reward_loop.py", line 148, in compute_score
    return await self.reward_manager.run_single(data)
           ^^^^^^^^^^^^^^^^^^^^^^^^^^^^^^^^^^^^^^^^^^
  File "/home/yw4636/.conda/envs/verl/lib/python3.12/site-packages/verl/experimental/reward_loop/reward_manager/naive.py", line 75, in run_single
    result = await self.loop.run_in_executor(
             ^^^^^^^^^^^^^^^^^^^^^^^^^^^^^^^^
  File "/home/yw4636/.conda/envs/verl/lib/python3.12/concurrent/futures/thread.py", line 59, in run
    result = self.fn(*self.args, **self.kwargs)
             ^^^^^^^^^^^^^^^^^^^^^^^^^^^^^^^^^^
  File "/home/yw4636/.conda/envs/verl/lib/python3.12/site-packages/verl/experimental/reward_loop/reward_manager/naive.py", line 77, in <lambda>
    lambda: self.compute_score(
            ^^^^^^^^^^^^^^^^^^^
  File "/home/yw4636/.conda/envs/verl/lib/python3.12/site-packages/verl/trainer/ppo/reward.py", line 38, in _call_with_kwargs
    return raw_fn(*args, **merged_kwargs)
           ^^^^^^^^^^^^^^^^^^^^^^^^^^^^^^
  File "/home/yw4636/agentic-tvg/agentic_tvg/reward.py", line 278, in compute_score_qa2
    return _qa_score(solution_str, ground_truth, extra_info, TIME_WEIGHT_V2)
           ^^^^^^^^^^^^^^^^^^^^^^^^^^^^^^^^^^^^^^^^^^^^^^^^^^^^^^^^^^^^^^^^^
  File "/home/yw4636/agentic-tvg/agentic_tvg/reward.py", line 203, in _qa_score
    verdict = judge_answer(str(ei.get("question", "")), gt_text, parsed.answer)
              ^^^^^^^^^^^^^^^^^^^^^^^^^^^^^^^^^^^^^^^^^^^^^^^^^^^^^^^^^^^^^^^^^
  File "/home/yw4636/agentic-tvg/agentic_tvg/judge_v2.py", line 262, in judge_answer
    raise JudgeUnavailable(
agentic_tvg.judge_v2.JudgeUnavailable: claude-sonnet-5 failed 3x (OverloadedError: Error code: 529 - {'type': 'error', 'error': {'type': 'overloaded_error', 'message': 'Overloaded'}, 'request_id': 'req_011CegXCVmy8RE8Yc591dUbW'})

Set the environment variable HYDRA_FULL_ERROR=1 for a complete stack trace.
