/home/yw4636/.conda/envs/verl/lib/python3.12/site-packages/verl/trainer/main_ppo.py:181: UserWarning: Disabled critic as algorithm.adv_estimator != gae. If it is not intended, please set critic.enable=True
  use_critic=need_critic(config),
WARNING: val_batch_size is deprecated. Validation datasets are sent to inference engines as a whole batch, which will schedule the memory themselves.
/home/yw4636/.conda/envs/verl/lib/python3.12/site-packages/verl/workers/engine/__init__.py:31: UserWarning: torchtitan engine is not available: ModuleNotFoundError("No module named 'torchtitan'")
  warnings.warn(f"torchtitan engine is not available: {e!r}", stacklevel=1)
/home/yw4636/.conda/envs/verl/lib/python3.12/site-packages/verl/workers/engine/__init__.py:40: UserWarning: veomni engine is not available: ModuleNotFoundError("No module named 'veomni'")
  warnings.warn(f"veomni engine is not available: {e!r}", stacklevel=1)
/home/yw4636/.conda/envs/verl/lib/python3.12/site-packages/verl/workers/engine/__init__.py:49: UserWarning: automodel engine is not available: ModuleNotFoundError("No module named 'nemo_automodel'")
  warnings.warn(f"automodel engine is not available: {e!r}", stacklevel=1)
/home/yw4636/.conda/envs/verl/lib/python3.12/site-packages/verl/workers/engine/mindspeed/transformer_impl.py:24: UserWarning: NPU not support router replay for now.
  from verl.utils.megatron.router_replay_patch import RouterReplay
/home/yw4636/.conda/envs/verl/lib/python3.12/site-packages/verl/workers/engine/__init__.py:59: UserWarning: mindspeed engine is not available: ModuleNotFoundError("No module named 'megatron'")
  warnings.warn(f"mindspeed engine is not available: {e!r}", stacklevel=1)
/home/yw4636/.conda/envs/verl/lib/python3.12/site-packages/verl/workers/engine/__init__.py:69: UserWarning: megatron engine is not available: ModuleNotFoundError("No module named 'megatron'")
  warnings.warn(f"megatron engine is not available: {e!r}", stacklevel=1)
[validate_config] All configuration checks passed successfully!
[2026-09-04 09:43:18,941][__main__][WARNING] - Legacy trainer `main_ppo_v0.py` is deprecated, and wil be removed in v0.9.0.Please set `trainer.use_v1=True` in config to use V1 trainer.
2026-09-04 09:43:21,837	INFO worker.py:2015 -- Started a local Ray instance. View the dashboard at [1m[32mhttp://127.0.0.1:8265 [39m[22m
[36m(pid=3167514)[0m /home/yw4636/.conda/envs/verl/lib/python3.12/site-packages/verl/workers/engine/__init__.py:31: UserWarning: torchtitan engine is not available: ModuleNotFoundError("No module named 'torchtitan'")
[36m(pid=3167514)[0m   warnings.warn(f"torchtitan engine is not available: {e!r}", stacklevel=1)
[36m(pid=3167514)[0m /home/yw4636/.conda/envs/verl/lib/python3.12/site-packages/verl/workers/engine/__init__.py:40: UserWarning: veomni engine is not available: ModuleNotFoundError("No module named 'veomni'")
[36m(pid=3167514)[0m   warnings.warn(f"veomni engine is not available: {e!r}", stacklevel=1)
[36m(pid=3167514)[0m /home/yw4636/.conda/envs/verl/lib/python3.12/site-packages/verl/workers/engine/__init__.py:49: UserWarning: automodel engine is not available: ModuleNotFoundError("No module named 'nemo_automodel'")
[36m(pid=3167514)[0m   warnings.warn(f"automodel engine is not available: {e!r}", stacklevel=1)
[36m(pid=3167514)[0m /home/yw4636/.conda/envs/verl/lib/python3.12/site-packages/verl/workers/engine/mindspeed/transformer_impl.py:24: UserWarning: NPU not support router replay for now.
[36m(pid=3167514)[0m   from verl.utils.megatron.router_replay_patch import RouterReplay
[36m(pid=3167514)[0m /home/yw4636/.conda/envs/verl/lib/python3.12/site-packages/verl/workers/engine/__init__.py:59: UserWarning: mindspeed engine is not available: ModuleNotFoundError("No module named 'megatron'")
[36m(pid=3167514)[0m   warnings.warn(f"mindspeed engine is not available: {e!r}", stacklevel=1)
[36m(pid=3167514)[0m /home/yw4636/.conda/envs/verl/lib/python3.12/site-packages/verl/workers/engine/__init__.py:69: UserWarning: megatron engine is not available: ModuleNotFoundError("No module named 'megatron'")
[36m(pid=3167514)[0m   warnings.warn(f"megatron engine is not available: {e!r}", stacklevel=1)
ray init kwargs: {'num_cpus': None, 'object_store_memory': 25769803776, 'runtime_env': {'env_vars': {'TOKENIZERS_PARALLELISM': 'true', 'NCCL_DEBUG': 'WARN', 'VLLM_LOGGING_LEVEL': 'WARN', 'VLLM_ALLOW_RUNTIME_LORA_UPDATING': 'true', 'VLLM_DISABLE_COMPILE_CACHE': '1', 'HCCL_HOST_SOCKET_PORT_RANGE': 'auto', 'HCCL_NPU_SOCKET_PORT_RANGE': 'auto', 'HSA_NO_SCRATCH_RECLAIM': '1', 'VERL_FULL_DETERMINISM': '0', 'VLLM_BATCH_INVARIANT': '0', 'VERL_RL_INSIGHT_ENABLE': '0'}, 'working_dir': None}}
[36m(TaskRunner pid=3167514)[0m TaskRunner hostname: srv1-lg2.bed.cosmos-lab.org, PID: 3167514
[36m(TaskRunner pid=3167514)[0m {'actor_rollout_ref': {'actor': {'_target_': 'verl.workers.config.FSDPActorConfig',
[36m(TaskRunner pid=3167514)[0m                                  'calculate_entropy': False,
[36m(TaskRunner pid=3167514)[0m                                  'calculate_sum_pi_squared': False,
[36m(TaskRunner pid=3167514)[0m                                  'checkpoint': {'_target_': 'verl.trainer.config.CheckpointConfig',
[36m(TaskRunner pid=3167514)[0m                                                 'async_save': False,
[36m(TaskRunner pid=3167514)[0m                                                 'load_contents': ['model',
[36m(TaskRunner pid=3167514)[0m                                                                   'optimizer',
[36m(TaskRunner pid=3167514)[0m                                                                   'extra'],
[36m(TaskRunner pid=3167514)[0m                                                 'save_contents': ['model',
[36m(TaskRunner pid=3167514)[0m                                                                   'optimizer',
[36m(TaskRunner pid=3167514)[0m                                                                   'extra'],
[36m(TaskRunner pid=3167514)[0m                                                 'strict': True},
[36m(TaskRunner pid=3167514)[0m                                  'clip_ratio': 0.2,
[36m(TaskRunner pid=3167514)[0m                                  'clip_ratio_c': 3.0,
[36m(TaskRunner pid=3167514)[0m                                  'clip_ratio_high': 0.2,
[36m(TaskRunner pid=3167514)[0m                                  'clip_ratio_low': 0.2,
[36m(TaskRunner pid=3167514)[0m                                  'data_loader_seed': 42,
[36m(TaskRunner pid=3167514)[0m                                  'entropy_checkpointing': False,
[36m(TaskRunner pid=3167514)[0m                                  'entropy_coeff': 0,
[36m(TaskRunner pid=3167514)[0m                                  'entropy_from_logits_chunk_size': 2048,
[36m(TaskRunner pid=3167514)[0m                                  'entropy_from_logits_with_chunking': False,
[36m(TaskRunner pid=3167514)[0m                                  'freeze_vision_tower': False,
[36m(TaskRunner pid=3167514)[0m                                  'fsdp_config': {'_target_': 'verl.workers.config.FSDPEngineConfig',
[36m(TaskRunner pid=3167514)[0m                                                  'dtype': 'bfloat16',
[36m(TaskRunner pid=3167514)[0m                                                  'entropy_checkpointing': False,
[36m(TaskRunner pid=3167514)[0m                                                  'entropy_from_logits_chunk_size': 2048,
[36m(TaskRunner pid=3167514)[0m                                                  'entropy_from_logits_with_chunking': False,
[36m(TaskRunner pid=3167514)[0m                                                  'forward_only': False,
[36m(TaskRunner pid=3167514)[0m                                                  'forward_prefetch': False,
[36m(TaskRunner pid=3167514)[0m                                                  'fsdp_size': -1,
[36m(TaskRunner pid=3167514)[0m                                                  'full_determinism': False,
[36m(TaskRunner pid=3167514)[0m                                                  'model_dtype': 'fp32',
[36m(TaskRunner pid=3167514)[0m                                                  'offload_policy': False,
[36m(TaskRunner pid=3167514)[0m                                                  'optimizer_offload': False,
[36m(TaskRunner pid=3167514)[0m                                                  'pad_to_length': False,
[36m(TaskRunner pid=3167514)[0m                                                  'pad_to_length_bucket': 1024,
[36m(TaskRunner pid=3167514)[0m                                                  'param_offload': False,
[36m(TaskRunner pid=3167514)[0m                                                  'qat': {'_target_': 'verl.workers.config.QATEngineConfig',
[36m(TaskRunner pid=3167514)[0m                                                          'activation_observer': 'static_minmax',
[36m(TaskRunner pid=3167514)[0m                                                          'enable': False,
[36m(TaskRunner pid=3167514)[0m                                                          'group_size': 16,
[36m(TaskRunner pid=3167514)[0m                                                          'ignore_patterns': ['lm_head',
[36m(TaskRunner pid=3167514)[0m                                                                              'embed_tokens',
[36m(TaskRunner pid=3167514)[0m                                                                              're:.*mlp.gate$'],
[36m(TaskRunner pid=3167514)[0m                                                          'mode': 'w4a16',
[36m(TaskRunner pid=3167514)[0m                                                          'quantization_config_path': None},
[36m(TaskRunner pid=3167514)[0m                                                  'reshard_after_forward': True,
[36m(TaskRunner pid=3167514)[0m                                                  'seed': 42,
[36m(TaskRunner pid=3167514)[0m                                                  'strategy': 'fsdp',
[36m(TaskRunner pid=3167514)[0m                                                  'ulysses_sequence_parallel_size': 1,
[36m(TaskRunner pid=3167514)[0m                                                  'use_orig_params': False,
[36m(TaskRunner pid=3167514)[0m                                                  'use_torch_compile': True,
[36m(TaskRunner pid=3167514)[0m                                                  'wrap_policy': {'min_num_params': 0}},
[36m(TaskRunner pid=3167514)[0m                                  'grad_clip': 1.0,
[36m(TaskRunner pid=3167514)[0m                                  'kl_loss_coef': 0.001,
[36m(TaskRunner pid=3167514)[0m                                  'kl_loss_type': 'low_var_kl',
[36m(TaskRunner pid=3167514)[0m                                  'loss_agg_mode': 'token-mean',
[36m(TaskRunner pid=3167514)[0m                                  'loss_scale_factor': None,
[36m(TaskRunner pid=3167514)[0m                                  'optim': {'_target_': 'verl.workers.config.FSDPOptimizerConfig',
[36m(TaskRunner pid=3167514)[0m                                            'betas': [0.9, 0.999],
[36m(TaskRunner pid=3167514)[0m                                            'clip_grad': 1.0,
[36m(TaskRunner pid=3167514)[0m                                            'lr': 1e-05,
[36m(TaskRunner pid=3167514)[0m                                            'lr_scheduler_type': 'constant',
[36m(TaskRunner pid=3167514)[0m                                            'lr_warmup_steps': -1,
[36m(TaskRunner pid=3167514)[0m                                            'lr_warmup_steps_ratio': 0.0,
[36m(TaskRunner pid=3167514)[0m                                            'min_lr_ratio': 0.1,
[36m(TaskRunner pid=3167514)[0m                                            'num_cycles': 0.5,
[36m(TaskRunner pid=3167514)[0m                                            'optimizer': 'AdamW',
[36m(TaskRunner pid=3167514)[0m                                            'optimizer_impl': 'torch.optim',
[36m(TaskRunner pid=3167514)[0m                                            'override_optimizer_config': None,
[36m(TaskRunner pid=3167514)[0m                                            'total_training_steps': -1,
[36m(TaskRunner pid=3167514)[0m                                            'warmup_style': None,
[36m(TaskRunner pid=3167514)[0m                                            'weight_decay': 0.01,
[36m(TaskRunner pid=3167514)[0m                                            'zero_indexed_step': True},
[36m(TaskRunner pid=3167514)[0m                                  'pad_to_length': False,
[36m(TaskRunner pid=3167514)[0m                                  'policy_loss': {'_target_': 'verl.workers.config.PolicyLossConfig',
[36m(TaskRunner pid=3167514)[0m                                                  'clip_cov_lb': 1.0,
[36m(TaskRunner pid=3167514)[0m                                                  'clip_cov_ratio': 0.0002,
[36m(TaskRunner pid=3167514)[0m                                                  'clip_cov_ub': 5.0,
[36m(TaskRunner pid=3167514)[0m                                                  'dro_beta': None,
[36m(TaskRunner pid=3167514)[0m                                                  'kl_cov_ratio': 0.0002,
[36m(TaskRunner pid=3167514)[0m                                                  'loss_mode': 'vanilla',
[36m(TaskRunner pid=3167514)[0m                                                  'ppo_kl_coef': 0.1},
[36m(TaskRunner pid=3167514)[0m                                  'ppo_epochs': 1,
[36m(TaskRunner pid=3167514)[0m                                  'ppo_max_token_len_per_gpu': 24576,
[36m(TaskRunner pid=3167514)[0m                                  'ppo_micro_batch_size': None,
[36m(TaskRunner pid=3167514)[0m                                  'ppo_micro_batch_size_per_gpu': None,
[36m(TaskRunner pid=3167514)[0m                                  'ppo_mini_batch_size': 8,
[36m(TaskRunner pid=3167514)[0m                                  'profiler': {'_target_': 'verl.utils.profiler.ProfilerConfig',
[36m(TaskRunner pid=3167514)[0m                                               'all_ranks': False,
[36m(TaskRunner pid=3167514)[0m                                               'enable': False,
[36m(TaskRunner pid=3167514)[0m                                               'ranks': [],
[36m(TaskRunner pid=3167514)[0m                                               'save_path': 'outputs/profile',
[36m(TaskRunner pid=3167514)[0m                                               'tool': None,
[36m(TaskRunner pid=3167514)[0m                                               'tool_config': {'npu': {'_target_': 'verl.utils.profiler.config.NPUToolConfig',
[36m(TaskRunner pid=3167514)[0m                                                                       'analysis': True,
[36m(TaskRunner pid=3167514)[0m                                                                       'contents': [],
[36m(TaskRunner pid=3167514)[0m                                                                       'discrete': False,
[36m(TaskRunner pid=3167514)[0m                                                                       'level': 'level0'},
[36m(TaskRunner pid=3167514)[0m                                                               'nsys': {'_target_': 'verl.utils.profiler.config.NsightToolConfig',
[36m(TaskRunner pid=3167514)[0m                                                                        'discrete': False},
[36m(TaskRunner pid=3167514)[0m                                                               'precision_debugger': {'_target_': 'verl.utils.profiler.config.PrecisionDebuggerToolConfig',
[36m(TaskRunner pid=3167514)[0m                                                                                      'config_path': None,
[36m(TaskRunner pid=3167514)[0m                                                                                      'stages': None,
[36m(TaskRunner pid=3167514)[0m                                                                                      'steps': None,
[36m(TaskRunner pid=3167514)[0m                                                                                      'strict': False},
[36m(TaskRunner pid=3167514)[0m                                                               'torch': {'_target_': 'verl.utils.profiler.config.TorchProfilerToolConfig',
[36m(TaskRunner pid=3167514)[0m                                                                         'contents': [],
[36m(TaskRunner pid=3167514)[0m                                                                         'discrete': False,
[36m(TaskRunner pid=3167514)[0m                                                                         'schedule': {'_target_': 'verl.utils.profiler.config.TorchProfilerScheduleConfig',
[36m(TaskRunner pid=3167514)[0m                                                                                      'active': 0,
[36m(TaskRunner pid=3167514)[0m                                                                                      'repeat': 0,
[36m(TaskRunner pid=3167514)[0m                                                                                      'skip_first': 0,
[36m(TaskRunner pid=3167514)[0m                                                                                      'wait': 0,
[36m(TaskRunner pid=3167514)[0m                                                                                      'warmup': 0}},
[36m(TaskRunner pid=3167514)[0m                                                               'torch_memory': {'_target_': 'verl.utils.profiler.config.TorchMemoryToolConfig',
[36m(TaskRunner pid=3167514)[0m                                                                                'stack_depth': 32,
[36m(TaskRunner pid=3167514)[0m                                                                                'trace_alloc_max_entries': 100000}}},
[36m(TaskRunner pid=3167514)[0m                                  'qat': {'activation_observer': 'static_minmax',
[36m(TaskRunner pid=3167514)[0m                                          'enable': False,
[36m(TaskRunner pid=3167514)[0m                                          'group_size': 16,
[36m(TaskRunner pid=3167514)[0m                                          'ignore_patterns': ['lm_head',
[36m(TaskRunner pid=3167514)[0m                                                              'embed_tokens',
[36m(TaskRunner pid=3167514)[0m                                                              're:.*mlp.gate$'],
[36m(TaskRunner pid=3167514)[0m                                          'mode': 'w4a16',
[36m(TaskRunner pid=3167514)[0m                                          'quantization_config_path': None},
[36m(TaskRunner pid=3167514)[0m                                  'rollout_n': 16,
[36m(TaskRunner pid=3167514)[0m                                  'router_replay': {'_target_': 'verl.workers.config.RouterReplayConfig',
[36m(TaskRunner pid=3167514)[0m                                                    'mode': 'disabled',
[36m(TaskRunner pid=3167514)[0m                                                    'record_file': None,
[36m(TaskRunner pid=3167514)[0m                                                    'replay_file': None},
[36m(TaskRunner pid=3167514)[0m                                  'shuffle': False,
[36m(TaskRunner pid=3167514)[0m                                  'strategy': 'fsdp2',
[36m(TaskRunner pid=3167514)[0m                                  'tau_neg': 1.05,
[36m(TaskRunner pid=3167514)[0m                                  'tau_pos': 1.0,
[36m(TaskRunner pid=3167514)[0m                                  'ulysses_sequence_parallel_size': 1,
[36m(TaskRunner pid=3167514)[0m                                  'use_dynamic_bsz': True,
[36m(TaskRunner pid=3167514)[0m                                  'use_fused_kernels': False,
[36m(TaskRunner pid=3167514)[0m                                  'use_kl_loss': True,
[36m(TaskRunner pid=3167514)[0m                                  'use_prefix_grouper': False,
[36m(TaskRunner pid=3167514)[0m                                  'use_remove_padding': True,
[36m(TaskRunner pid=3167514)[0m                                  'use_torch_compile': True},
[36m(TaskRunner pid=3167514)[0m                        'hybrid_engine': True,
[36m(TaskRunner pid=3167514)[0m                        'model': {'_target_': 'verl.workers.config.HFModelConfig',
[36m(TaskRunner pid=3167514)[0m                                  'custom_chat_template': None,
[36m(TaskRunner pid=3167514)[0m                                  'enable_activation_offload': False,
[36m(TaskRunner pid=3167514)[0m                                  'enable_gradient_checkpointing': True,
[36m(TaskRunner pid=3167514)[0m                                  'exclude_modules': '.*visual.*',
[36m(TaskRunner pid=3167514)[0m                                  'external_lib': None,
[36m(TaskRunner pid=3167514)[0m                                  'fused_kernel_options': {'impl_backend': 'torch'},
[36m(TaskRunner pid=3167514)[0m                                  'hf_config_path': None,
[36m(TaskRunner pid=3167514)[0m                                  'lora': {'a2a_experimental': False,
[36m(TaskRunner pid=3167514)[0m                                           'adapter_path': None,
[36m(TaskRunner pid=3167514)[0m                                           'alpha': 32,
[36m(TaskRunner pid=3167514)[0m                                           'dropout': 0.0,
[36m(TaskRunner pid=3167514)[0m                                           'dropout_position': 'pre',
[36m(TaskRunner pid=3167514)[0m                                           'dtype': None,
[36m(TaskRunner pid=3167514)[0m                                           'exclude_modules': [],
[36m(TaskRunner pid=3167514)[0m                                           'freeze_language_model': True,
[36m(TaskRunner pid=3167514)[0m                                           'freeze_vision_model': True,
[36m(TaskRunner pid=3167514)[0m                                           'freeze_vision_projection': True,
[36m(TaskRunner pid=3167514)[0m                                           'lora_A_init_method': 'xavier',
[36m(TaskRunner pid=3167514)[0m                                           'lora_B_init_method': 'zero',
[36m(TaskRunner pid=3167514)[0m                                           'merge': False,
[36m(TaskRunner pid=3167514)[0m                                           'rank': 0,
[36m(TaskRunner pid=3167514)[0m                                           'target_modules': ['linear_qkv',
[36m(TaskRunner pid=3167514)[0m                                                              'linear_proj',
[36m(TaskRunner pid=3167514)[0m                                                              'linear_fc1',
[36m(TaskRunner pid=3167514)[0m                                                              'linear_fc2'],
[36m(TaskRunner pid=3167514)[0m                                           'type': 'lora'},
[36m(TaskRunner pid=3167514)[0m                                  'lora_adapter_path': None,
[36m(TaskRunner pid=3167514)[0m                                  'lora_alpha': 32,
[36m(TaskRunner pid=3167514)[0m                                  'lora_rank': 16,
[36m(TaskRunner pid=3167514)[0m                                  'mtp': {'_target_': 'verl.workers.config.MtpConfig',
[36m(TaskRunner pid=3167514)[0m                                          'detach_encoder': False,
[36m(TaskRunner pid=3167514)[0m                                          'enable': False,
[36m(TaskRunner pid=3167514)[0m                                          'enable_rollout': False,
[36m(TaskRunner pid=3167514)[0m                                          'enable_train': False,
[36m(TaskRunner pid=3167514)[0m                                          'method': 'mtp',
[36m(TaskRunner pid=3167514)[0m                                          'mtp_loss_scaling_factor': 0.1,
[36m(TaskRunner pid=3167514)[0m                                          'num_speculative_tokens': 1,
[36m(TaskRunner pid=3167514)[0m                                          'speculative_algorithm': 'EAGLE',
[36m(TaskRunner pid=3167514)[0m                                          'speculative_eagle_topk': 1,
[36m(TaskRunner pid=3167514)[0m                                          'speculative_num_draft_tokens': 4,
[36m(TaskRunner pid=3167514)[0m                                          'speculative_num_steps': 3},
[36m(TaskRunner pid=3167514)[0m                                  'override_config': {},
[36m(TaskRunner pid=3167514)[0m                                  'path': '/home/yw4636/agentic-tvg/results/sft-mix/merged',
[36m(TaskRunner pid=3167514)[0m                                  'target_modules': 'all-linear',
[36m(TaskRunner pid=3167514)[0m                                  'tiled_mlp': {'enabled': False,
[36m(TaskRunner pid=3167514)[0m                                                'num_shards': 4},
[36m(TaskRunner pid=3167514)[0m                                  'tokenizer_path': None,
[36m(TaskRunner pid=3167514)[0m                                  'trust_remote_code': False,
[36m(TaskRunner pid=3167514)[0m                                  'use_fused_kernels': False,
[36m(TaskRunner pid=3167514)[0m                                  'use_liger': False,
[36m(TaskRunner pid=3167514)[0m                                  'use_remove_padding': True,
[36m(TaskRunner pid=3167514)[0m                                  'use_shm': False},
[36m(TaskRunner pid=3167514)[0m                        'nccl_timeout': 600,
[36m(TaskRunner pid=3167514)[0m                        'ref': {'_target_': 'verl.workers.config.FSDPActorConfig',
[36m(TaskRunner pid=3167514)[0m                                'entropy_checkpointing': False,
[36m(TaskRunner pid=3167514)[0m                                'entropy_from_logits_chunk_size': 2048,
[36m(TaskRunner pid=3167514)[0m                                'entropy_from_logits_with_chunking': False,
[36m(TaskRunner pid=3167514)[0m                                'fsdp_config': {'_target_': 'verl.workers.config.FSDPEngineConfig',
[36m(TaskRunner pid=3167514)[0m                                                'dtype': 'bfloat16',
[36m(TaskRunner pid=3167514)[0m                                                'entropy_checkpointing': False,
[36m(TaskRunner pid=3167514)[0m                                                'entropy_from_logits_chunk_size': 2048,
[36m(TaskRunner pid=3167514)[0m                                                'entropy_from_logits_with_chunking': False,
[36m(TaskRunner pid=3167514)[0m                                                'forward_only': True,
[36m(TaskRunner pid=3167514)[0m                                                'forward_prefetch': False,
[36m(TaskRunner pid=3167514)[0m                                                'fsdp_size': -1,
[36m(TaskRunner pid=3167514)[0m                                                'full_determinism': False,
[36m(TaskRunner pid=3167514)[0m                                                'model_dtype': 'fp32',
[36m(TaskRunner pid=3167514)[0m                                                'offload_policy': False,
[36m(TaskRunner pid=3167514)[0m                                                'optimizer_offload': False,
[36m(TaskRunner pid=3167514)[0m                                                'pad_to_length': False,
[36m(TaskRunner pid=3167514)[0m                                                'pad_to_length_bucket': 1024,
[36m(TaskRunner pid=3167514)[0m                                                'param_offload': False,
[36m(TaskRunner pid=3167514)[0m                                                'qat': {'_target_': 'verl.workers.config.QATEngineConfig',
[36m(TaskRunner pid=3167514)[0m                                                        'activation_observer': 'static_minmax',
[36m(TaskRunner pid=3167514)[0m                                                        'enable': False,
[36m(TaskRunner pid=3167514)[0m                                                        'group_size': 16,
[36m(TaskRunner pid=3167514)[0m                                                        'ignore_patterns': ['lm_head',
[36m(TaskRunner pid=3167514)[0m                                                                            'embed_tokens',
[36m(TaskRunner pid=3167514)[0m                                                                            're:.*mlp.gate$'],
[36m(TaskRunner pid=3167514)[0m                                                        'mode': 'w4a16',
[36m(TaskRunner pid=3167514)[0m                                                        'quantization_config_path': None},
[36m(TaskRunner pid=3167514)[0m                                                'reshard_after_forward': True,
[36m(TaskRunner pid=3167514)[0m                                                'seed': 42,
[36m(TaskRunner pid=3167514)[0m                                                'strategy': 'fsdp',
[36m(TaskRunner pid=3167514)[0m                                                'ulysses_sequence_parallel_size': 1,
[36m(TaskRunner pid=3167514)[0m                                                'use_orig_params': False,
[36m(TaskRunner pid=3167514)[0m                                                'use_torch_compile': True,
[36m(TaskRunner pid=3167514)[0m                                                'wrap_policy': {'min_num_params': 0}},
[36m(TaskRunner pid=3167514)[0m                                'log_prob_max_token_len_per_gpu': 24576,
[36m(TaskRunner pid=3167514)[0m                                'log_prob_micro_batch_size': None,
[36m(TaskRunner pid=3167514)[0m                                'log_prob_micro_batch_size_per_gpu': None,
[36m(TaskRunner pid=3167514)[0m                                'log_prob_use_dynamic_bsz': True,
[36m(TaskRunner pid=3167514)[0m                                'pad_to_length': False,
[36m(TaskRunner pid=3167514)[0m                                'profiler': {'_target_': 'verl.utils.profiler.ProfilerConfig',
[36m(TaskRunner pid=3167514)[0m                                             'all_ranks': False,
[36m(TaskRunner pid=3167514)[0m                                             'enable': False,
[36m(TaskRunner pid=3167514)[0m                                             'ranks': [],
[36m(TaskRunner pid=3167514)[0m                                             'save_path': 'outputs/profile',
[36m(TaskRunner pid=3167514)[0m                                             'tool': None,
[36m(TaskRunner pid=3167514)[0m                                             'tool_config': {'npu': {'_target_': 'verl.utils.profiler.config.NPUToolConfig',
[36m(TaskRunner pid=3167514)[0m                                                                     'analysis': True,
[36m(TaskRunner pid=3167514)[0m                                                                     'contents': [],
[36m(TaskRunner pid=3167514)[0m                                                                     'discrete': False,
[36m(TaskRunner pid=3167514)[0m                                                                     'level': 'level0'},
[36m(TaskRunner pid=3167514)[0m                                                             'nsys': {'_target_': 'verl.utils.profiler.config.NsightToolConfig',
[36m(TaskRunner pid=3167514)[0m                                                                      'discrete': False},
[36m(TaskRunner pid=3167514)[0m                                                             'precision_debugger': {'_target_': 'verl.utils.profiler.config.PrecisionDebuggerToolConfig',
[36m(TaskRunner pid=3167514)[0m                                                                                    'config_path': None,
[36m(TaskRunner pid=3167514)[0m                                                                                    'stages': None,
[36m(TaskRunner pid=3167514)[0m                                                                                    'steps': None,
[36m(TaskRunner pid=3167514)[0m                                                                                    'strict': False},
[36m(TaskRunner pid=3167514)[0m                                                             'torch': {'_target_': 'verl.utils.profiler.config.TorchProfilerToolConfig',
[36m(TaskRunner pid=3167514)[0m                                                                       'contents': [],
[36m(TaskRunner pid=3167514)[0m                                                                       'discrete': False,
[36m(TaskRunner pid=3167514)[0m                                                                       'schedule': {'_target_': 'verl.utils.profiler.config.TorchProfilerScheduleConfig',
[36m(TaskRunner pid=3167514)[0m                                                                                    'active': 0,
[36m(TaskRunner pid=3167514)[0m                                                                                    'repeat': 0,
[36m(TaskRunner pid=3167514)[0m                                                                                    'skip_first': 0,
[36m(TaskRunner pid=3167514)[0m                                                                                    'wait': 0,
[36m(TaskRunner pid=3167514)[0m                                                                                    'warmup': 0}},
[36m(TaskRunner pid=3167514)[0m                                                             'torch_memory': {'_target_': 'verl.utils.profiler.config.TorchMemoryToolConfig',
[36m(TaskRunner pid=3167514)[0m                                                                              'stack_depth': 32,
[36m(TaskRunner pid=3167514)[0m                                                                              'trace_alloc_max_entries': 100000}}},
[36m(TaskRunner pid=3167514)[0m                                'rollout_n': 16,
[36m(TaskRunner pid=3167514)[0m                                'router_replay': {'_target_': 'verl.workers.config.RouterReplayConfig',
[36m(TaskRunner pid=3167514)[0m                                                  'mode': 'disabled',
[36m(TaskRunner pid=3167514)[0m                                                  'record_file': None,
[36m(TaskRunner pid=3167514)[0m                                                  'replay_file': None},
[36m(TaskRunner pid=3167514)[0m                                'strategy': 'fsdp2',
[36m(TaskRunner pid=3167514)[0m                                'ulysses_sequence_parallel_size': 1,
[36m(TaskRunner pid=3167514)[0m                                'use_torch_compile': True},
[36m(TaskRunner pid=3167514)[0m                        'rollout': {'_target_': 'verl.workers.config.RolloutConfig',
[36m(TaskRunner pid=3167514)[0m                                    'agent': {'_target_': 'verl.workers.config.AgentLoopConfig',
[36m(TaskRunner pid=3167514)[0m                                              'agent_loop_config_path': None,
[36m(TaskRunner pid=3167514)[0m                                              'custom_async_server': {'_target_': 'verl.workers.config.CustomAsyncServerConfig',
[36m(TaskRunner pid=3167514)[0m                                                                      'name': None,
[36m(TaskRunner pid=3167514)[0m                                                                      'path': None},
[36m(TaskRunner pid=3167514)[0m                                              'default_agent_loop': 'tool_agent',
[36m(TaskRunner pid=3167514)[0m                                              'num_workers': 8},
[36m(TaskRunner pid=3167514)[0m                                    'calculate_log_probs': True,
[36m(TaskRunner pid=3167514)[0m                                    'checkpoint_engine': {'_target_': 'verl.workers.config.CheckpointEngineConfig',
[36m(TaskRunner pid=3167514)[0m                                                          'backend': 'naive',
[36m(TaskRunner pid=3167514)[0m                                                          'custom_backend_module': None,
[36m(TaskRunner pid=3167514)[0m                                                          'engine_kwargs': {},
[36m(TaskRunner pid=3167514)[0m                                                          'update_weights_bucket_megabytes': 2048},
[36m(TaskRunner pid=3167514)[0m                                    'cudagraph_capture_sizes': None,
[36m(TaskRunner pid=3167514)[0m                                    'data_parallel_size': 1,
[36m(TaskRunner pid=3167514)[0m                                    'disable_log_stats': True,
[36m(TaskRunner pid=3167514)[0m                                    'disaggregation': {'bootstrap_port': None,
[36m(TaskRunner pid=3167514)[0m                                                       'decode_replicas': 1,
[36m(TaskRunner pid=3167514)[0m                                                       'decode_tensor_model_parallel_size': None,
[36m(TaskRunner pid=3167514)[0m                                                       'enabled': False,
[36m(TaskRunner pid=3167514)[0m                                                       'ib_device': None,
[36m(TaskRunner pid=3167514)[0m                                                       'prefill_replicas': 1,
[36m(TaskRunner pid=3167514)[0m                                                       'transfer_backend': 'nixl'},
[36m(TaskRunner pid=3167514)[0m                                    'do_sample': True,
[36m(TaskRunner pid=3167514)[0m                                    'dtype': 'bfloat16',
[36m(TaskRunner pid=3167514)[0m                                    'enable_chunked_prefill': True,
[36m(TaskRunner pid=3167514)[0m                                    'enable_prefix_caching': True,
[36m(TaskRunner pid=3167514)[0m                                    'enable_rollout_routing_replay': False,
[36m(TaskRunner pid=3167514)[0m                                    'enforce_eager': False,
[36m(TaskRunner pid=3167514)[0m                                    'engine_kwargs': {'sglang': {},
[36m(TaskRunner pid=3167514)[0m                                                      'trtllm': {},
[36m(TaskRunner pid=3167514)[0m                                                      'vllm': {'mm_processor_kwargs': {'max_pixels': 150528}}},
[36m(TaskRunner pid=3167514)[0m                                    'expert_parallel_size': 1,
[36m(TaskRunner pid=3167514)[0m                                    'free_cache_engine': True,
[36m(TaskRunner pid=3167514)[0m                                    'full_determinism': False,
[36m(TaskRunner pid=3167514)[0m                                    'gpu_memory_utilization': 0.65,
[36m(TaskRunner pid=3167514)[0m                                    'ignore_eos': False,
[36m(TaskRunner pid=3167514)[0m                                    'layered_summon': True,
[36m(TaskRunner pid=3167514)[0m                                    'limit_images': 112,
[36m(TaskRunner pid=3167514)[0m                                    'load_format': 'safetensors',
[36m(TaskRunner pid=3167514)[0m                                    'log_prob_max_token_len_per_gpu': 24576,
[36m(TaskRunner pid=3167514)[0m                                    'log_prob_micro_batch_size': None,
[36m(TaskRunner pid=3167514)[0m                                    'log_prob_micro_batch_size_per_gpu': None,
[36m(TaskRunner pid=3167514)[0m                                    'log_prob_use_dynamic_bsz': True,
[36m(TaskRunner pid=3167514)[0m                                    'logprobs_mode': 'processed_logprobs',
[36m(TaskRunner pid=3167514)[0m                                    'max_model_len': 20992,
[36m(TaskRunner pid=3167514)[0m                                    'max_num_batched_tokens': 24576,
[36m(TaskRunner pid=3167514)[0m                                    'max_num_seqs': 256,
[36m(TaskRunner pid=3167514)[0m                                    'mode': 'async',
[36m(TaskRunner pid=3167514)[0m                                    'moe_load_balance_metrics_interval': 0,
[36m(TaskRunner pid=3167514)[0m                                    'mtp': {'_target_': 'verl.workers.config.MtpConfig',
[36m(TaskRunner pid=3167514)[0m                                            'detach_encoder': False,
[36m(TaskRunner pid=3167514)[0m                                            'enable': False,
[36m(TaskRunner pid=3167514)[0m                                            'enable_rollout': False,
[36m(TaskRunner pid=3167514)[0m                                            'enable_train': False,
[36m(TaskRunner pid=3167514)[0m                                            'method': 'mtp',
[36m(TaskRunner pid=3167514)[0m                                            'mtp_loss_scaling_factor': 0.1,
[36m(TaskRunner pid=3167514)[0m                                            'num_speculative_tokens': 1,
[36m(TaskRunner pid=3167514)[0m                                            'speculative_algorithm': 'EAGLE',
[36m(TaskRunner pid=3167514)[0m                                            'speculative_eagle_topk': 1,
[36m(TaskRunner pid=3167514)[0m                                            'speculative_num_draft_tokens': 4,
[36m(TaskRunner pid=3167514)[0m                                            'speculative_num_steps': 3},
[36m(TaskRunner pid=3167514)[0m                                    'multi_stage_wake_up': False,
[36m(TaskRunner pid=3167514)[0m                                    'multi_turn': {'_target_': 'verl.workers.config.MultiTurnConfig',
[36m(TaskRunner pid=3167514)[0m                                                   'enable': True,
[36m(TaskRunner pid=3167514)[0m                                                   'format': 'hermes',
[36m(TaskRunner pid=3167514)[0m                                                   'function_tool_path': None,
[36m(TaskRunner pid=3167514)[0m                                                   'max_assistant_turns': 4,
[36m(TaskRunner pid=3167514)[0m                                                   'max_parallel_calls': 1,
[36m(TaskRunner pid=3167514)[0m                                                   'max_tool_response_length': 2048,
[36m(TaskRunner pid=3167514)[0m                                                   'max_user_turns': 3,
[36m(TaskRunner pid=3167514)[0m                                                   'num_repeat_rollouts': None,
[36m(TaskRunner pid=3167514)[0m                                                   'tokenization_sanity_check_mode': 'strict',
[36m(TaskRunner pid=3167514)[0m                                                   'tool_config_path': '/home/yw4636/agentic-tvg/crop_video_tool.yaml',
[36m(TaskRunner pid=3167514)[0m                                                   'tool_response_truncate_side': 'middle',
[36m(TaskRunner pid=3167514)[0m                                                   'use_inference_chat_template': False},
[36m(TaskRunner pid=3167514)[0m                                    'n': 16,
[36m(TaskRunner pid=3167514)[0m                                    'n_gpus_per_node': 1,
[36m(TaskRunner pid=3167514)[0m                                    'name': 'vllm',
[36m(TaskRunner pid=3167514)[0m                                    'nnodes': 0,
[36m(TaskRunner pid=3167514)[0m                                    'over_sample_rate': 0,
[36m(TaskRunner pid=3167514)[0m                                    'pipeline_model_parallel_size': 1,
[36m(TaskRunner pid=3167514)[0m                                    'profiler': {'_target_': 'verl.utils.profiler.ProfilerConfig',
[36m(TaskRunner pid=3167514)[0m                                                 'all_ranks': False,
[36m(TaskRunner pid=3167514)[0m                                                 'enable': False,
[36m(TaskRunner pid=3167514)[0m                                                 'ranks': [],
[36m(TaskRunner pid=3167514)[0m                                                 'save_path': 'outputs/profile',
[36m(TaskRunner pid=3167514)[0m                                                 'tool': None,
[36m(TaskRunner pid=3167514)[0m                                                 'tool_config': {'npu': {'_target_': 'verl.utils.profiler.config.NPUToolConfig',
[36m(TaskRunner pid=3167514)[0m                                                                         'analysis': True,
[36m(TaskRunner pid=3167514)[0m                                                                         'contents': [],
[36m(TaskRunner pid=3167514)[0m                                                                         'discrete': False,
[36m(TaskRunner pid=3167514)[0m                                                                         'level': 'level0',
[36m(TaskRunner pid=3167514)[0m                                                                         'profile_token_end': None,
[36m(TaskRunner pid=3167514)[0m                                                                         'profile_token_start': None},
[36m(TaskRunner pid=3167514)[0m                                                                 'precision_debugger': {'_target_': 'verl.utils.profiler.config.PrecisionDebuggerToolConfig',
[36m(TaskRunner pid=3167514)[0m                                                                                        'config_path': None,
[36m(TaskRunner pid=3167514)[0m                                                                                        'stages': None,
[36m(TaskRunner pid=3167514)[0m                                                                                        'steps': None,
[36m(TaskRunner pid=3167514)[0m                                                                                        'strict': False},
[36m(TaskRunner pid=3167514)[0m                                                                 'torch': {'_target_': 'verl.utils.profiler.config.TorchProfilerToolConfig',
[36m(TaskRunner pid=3167514)[0m                                                                           'contents': [],
[36m(TaskRunner pid=3167514)[0m                                                                           'discrete': False,
[36m(TaskRunner pid=3167514)[0m                                                                           'profile_token_end': None,
[36m(TaskRunner pid=3167514)[0m                                                                           'profile_token_start': None}}},
[36m(TaskRunner pid=3167514)[0m                                    'prometheus': {'_target_': 'verl.workers.config.PrometheusConfig',
[36m(TaskRunner pid=3167514)[0m                                                   'enable': False,
[36m(TaskRunner pid=3167514)[0m                                                   'file': '/tmp/ray/session_latest/metrics/prometheus/prometheus.yml',
[36m(TaskRunner pid=3167514)[0m                                                   'port': 9090,
[36m(TaskRunner pid=3167514)[0m                                                   'served_model_name': '/home/yw4636/agentic-tvg/results/sft-mix/merged'},
[36m(TaskRunner pid=3167514)[0m                                    'prompt_length': 4608,
[36m(TaskRunner pid=3167514)[0m                                    'qat': {'_target_': 'verl.workers.config.QATEngineConfig',
[36m(TaskRunner pid=3167514)[0m                                            'activation_observer': 'static_minmax',
[36m(TaskRunner pid=3167514)[0m                                            'enable': False,
[36m(TaskRunner pid=3167514)[0m                                            'group_size': 16,
[36m(TaskRunner pid=3167514)[0m                                            'ignore_patterns': ['lm_head',
[36m(TaskRunner pid=3167514)[0m                                                                'embed_tokens',
[36m(TaskRunner pid=3167514)[0m                                                                're:.*mlp.gate$'],
[36m(TaskRunner pid=3167514)[0m                                            'mode': 'w4a16',
[36m(TaskRunner pid=3167514)[0m                                            'quantization_config_path': None},
[36m(TaskRunner pid=3167514)[0m                                    'quantization': None,
[36m(TaskRunner pid=3167514)[0m                                    'quantization_config_file': None,
[36m(TaskRunner pid=3167514)[0m                                    'response_length': 16384,
[36m(TaskRunner pid=3167514)[0m                                    'scheduling_policy': 'fcfs',
[36m(TaskRunner pid=3167514)[0m                                    'seed': 42,
[36m(TaskRunner pid=3167514)[0m                                    'skip_tokenizer_init': True,
[36m(TaskRunner pid=3167514)[0m                                    'temperature': 1.0,
[36m(TaskRunner pid=3167514)[0m                                    'tensor_model_parallel_size': 1,
[36m(TaskRunner pid=3167514)[0m                                    'top_k': -1,
[36m(TaskRunner pid=3167514)[0m                                    'top_p': 1,
[36m(TaskRunner pid=3167514)[0m                                    'trace': {'_target_': 'verl.workers.config.TraceConfig',
[36m(TaskRunner pid=3167514)[0m                                              'backend': None,
[36m(TaskRunner pid=3167514)[0m                                              'experiment_name': 'grpo_v2',
[36m(TaskRunner pid=3167514)[0m                                              'max_samples_per_step_per_worker': None,
[36m(TaskRunner pid=3167514)[0m                                              'project_name': 'agentic-tvg',
[36m(TaskRunner pid=3167514)[0m                                              'token2text': False},
[36m(TaskRunner pid=3167514)[0m                                    'val_kwargs': {'_target_': 'verl.workers.config.SamplingConfig',
[36m(TaskRunner pid=3167514)[0m                                                   'do_sample': False,
[36m(TaskRunner pid=3167514)[0m                                                   'n': 1,
[36m(TaskRunner pid=3167514)[0m                                                   'temperature': 0,
[36m(TaskRunner pid=3167514)[0m                                                   'top_k': -1,
[36m(TaskRunner pid=3167514)[0m                                                   'top_p': 1.0}}},
[36m(TaskRunner pid=3167514)[0m  'algorithm': {'_target_': 'verl.trainer.config.AlgoConfig',
[36m(TaskRunner pid=3167514)[0m                'adv_estimator': 'grpo',
[36m(TaskRunner pid=3167514)[0m                'filter_groups': {'_target_': 'verl.trainer.config.FilterGroupsConfig',
[36m(TaskRunner pid=3167514)[0m                                  'enable': False,
[36m(TaskRunner pid=3167514)[0m                                  'max_inflight_gen_batches': 1,
[36m(TaskRunner pid=3167514)[0m                                  'max_num_gen_batches': 0,
[36m(TaskRunner pid=3167514)[0m                                  'metric': None},
[36m(TaskRunner pid=3167514)[0m                'gamma': 1.0,
[36m(TaskRunner pid=3167514)[0m                'kl_ctrl': {'_target_': 'verl.trainer.config.KLControlConfig',
[36m(TaskRunner pid=3167514)[0m                            'horizon': 10000,
[36m(TaskRunner pid=3167514)[0m                            'kl_coef': 0.001,
[36m(TaskRunner pid=3167514)[0m                            'target_kl': 0.1,
[36m(TaskRunner pid=3167514)[0m                            'type': 'fixed'},
[36m(TaskRunner pid=3167514)[0m                'kl_penalty': 'kl',
[36m(TaskRunner pid=3167514)[0m                'lam': 1.0,
[36m(TaskRunner pid=3167514)[0m                'norm_adv_by_std_in_grpo': True,
[36m(TaskRunner pid=3167514)[0m                'pf_ppo': {'reweight_method': 'pow', 'weight_pow': 2.0},
[36m(TaskRunner pid=3167514)[0m                'rollout_correction': {'bypass_mode': False,
[36m(TaskRunner pid=3167514)[0m                                       'loss_type': 'ppo_clip',
[36m(TaskRunner pid=3167514)[0m                                       'rollout_is': None,
[36m(TaskRunner pid=3167514)[0m                                       'rollout_is_batch_normalize': False,
[36m(TaskRunner pid=3167514)[0m                                       'rollout_is_threshold': 2.0,
[36m(TaskRunner pid=3167514)[0m                                       'rollout_rs': None,
[36m(TaskRunner pid=3167514)[0m                                       'rollout_rs_threshold': None},
[36m(TaskRunner pid=3167514)[0m                'use_kl_in_reward': False,
[36m(TaskRunner pid=3167514)[0m                'use_pf_ppo': False},
[36m(TaskRunner pid=3167514)[0m  'critic': {'_target_': 'verl.workers.config.FSDPCriticConfig',
[36m(TaskRunner pid=3167514)[0m             'checkpoint': {'_target_': 'verl.trainer.config.CheckpointConfig',
[36m(TaskRunner pid=3167514)[0m                            'async_save': False,
[36m(TaskRunner pid=3167514)[0m                            'load_contents': ['model', 'optimizer', 'extra'],
[36m(TaskRunner pid=3167514)[0m                            'save_contents': ['model', 'optimizer', 'extra']},
[36m(TaskRunner pid=3167514)[0m             'cliprange_value': 0.5,
[36m(TaskRunner pid=3167514)[0m             'data_loader_seed': 42,
[36m(TaskRunner pid=3167514)[0m             'enable': None,
[36m(TaskRunner pid=3167514)[0m             'forward_max_token_len_per_gpu': 32768,
[36m(TaskRunner pid=3167514)[0m             'forward_micro_batch_size': None,
[36m(TaskRunner pid=3167514)[0m             'forward_micro_batch_size_per_gpu': None,
[36m(TaskRunner pid=3167514)[0m             'fsdp': {'_target_': 'verl.workers.config.FSDPEngineConfig',
[36m(TaskRunner pid=3167514)[0m                      'dtype': 'bfloat16',
[36m(TaskRunner pid=3167514)[0m                      'entropy_checkpointing': False,
[36m(TaskRunner pid=3167514)[0m                      'entropy_from_logits_chunk_size': 2048,
[36m(TaskRunner pid=3167514)[0m                      'entropy_from_logits_with_chunking': False,
[36m(TaskRunner pid=3167514)[0m                      'forward_only': False,
[36m(TaskRunner pid=3167514)[0m                      'forward_prefetch': False,
[36m(TaskRunner pid=3167514)[0m                      'fsdp_size': -1,
[36m(TaskRunner pid=3167514)[0m                      'full_determinism': False,
[36m(TaskRunner pid=3167514)[0m                      'model_dtype': 'fp32',
[36m(TaskRunner pid=3167514)[0m                      'offload_policy': False,
[36m(TaskRunner pid=3167514)[0m                      'optimizer_offload': False,
[36m(TaskRunner pid=3167514)[0m                      'pad_to_length': False,
[36m(TaskRunner pid=3167514)[0m                      'pad_to_length_bucket': 1024,
[36m(TaskRunner pid=3167514)[0m                      'param_offload': False,
[36m(TaskRunner pid=3167514)[0m                      'qat': {'_target_': 'verl.workers.config.QATEngineConfig',
[36m(TaskRunner pid=3167514)[0m                              'activation_observer': 'static_minmax',
[36m(TaskRunner pid=3167514)[0m                              'enable': False,
[36m(TaskRunner pid=3167514)[0m                              'group_size': 16,
[36m(TaskRunner pid=3167514)[0m                              'ignore_patterns': ['lm_head',
[36m(TaskRunner pid=3167514)[0m                                                  'embed_tokens',
[36m(TaskRunner pid=3167514)[0m                                                  're:.*mlp.gate$'],
[36m(TaskRunner pid=3167514)[0m                              'mode': 'w4a16',
[36m(TaskRunner pid=3167514)[0m                              'quantization_config_path': None},
[36m(TaskRunner pid=3167514)[0m                      'reshard_after_forward': True,
[36m(TaskRunner pid=3167514)[0m                      'seed': 42,
[36m(TaskRunner pid=3167514)[0m                      'strategy': 'fsdp',
[36m(TaskRunner pid=3167514)[0m                      'ulysses_sequence_parallel_size': 1,
[36m(TaskRunner pid=3167514)[0m                      'use_orig_params': False,
[36m(TaskRunner pid=3167514)[0m                      'use_torch_compile': True,
[36m(TaskRunner pid=3167514)[0m                      'wrap_policy': {'min_num_params': 0}},
[36m(TaskRunner pid=3167514)[0m             'grad_clip': 1.0,
[36m(TaskRunner pid=3167514)[0m             'loss_agg_mode': 'token-mean',
[36m(TaskRunner pid=3167514)[0m             'loss_scale_factor': None,
[36m(TaskRunner pid=3167514)[0m             'model': {'_target_': 'verl.workers.config.HFModelConfig',
[36m(TaskRunner pid=3167514)[0m                       'custom_chat_template': None,
[36m(TaskRunner pid=3167514)[0m                       'enable_activation_offload': False,
[36m(TaskRunner pid=3167514)[0m                       'enable_gradient_checkpointing': True,
[36m(TaskRunner pid=3167514)[0m                       'exclude_modules': None,
[36m(TaskRunner pid=3167514)[0m                       'external_lib': None,
[36m(TaskRunner pid=3167514)[0m                       'fused_kernel_options': {'impl_backend': 'torch'},
[36m(TaskRunner pid=3167514)[0m                       'hf_config_path': None,
[36m(TaskRunner pid=3167514)[0m                       'lora': {'a2a_experimental': False,
[36m(TaskRunner pid=3167514)[0m                                'adapter_path': None,
[36m(TaskRunner pid=3167514)[0m                                'alpha': 32,
[36m(TaskRunner pid=3167514)[0m                                'dropout': 0.0,
[36m(TaskRunner pid=3167514)[0m                                'dropout_position': 'pre',
[36m(TaskRunner pid=3167514)[0m                                'dtype': None,
[36m(TaskRunner pid=3167514)[0m                                'exclude_modules': [],
[36m(TaskRunner pid=3167514)[0m                                'freeze_language_model': True,
[36m(TaskRunner pid=3167514)[0m                                'freeze_vision_model': True,
[36m(TaskRunner pid=3167514)[0m                                'freeze_vision_projection': True,
[36m(TaskRunner pid=3167514)[0m                                'lora_A_init_method': 'xavier',
[36m(TaskRunner pid=3167514)[0m                                'lora_B_init_method': 'zero',
[36m(TaskRunner pid=3167514)[0m                                'merge': False,
[36m(TaskRunner pid=3167514)[0m                                'rank': 0,
[36m(TaskRunner pid=3167514)[0m                                'target_modules': ['linear_qkv',
[36m(TaskRunner pid=3167514)[0m                                                   'linear_proj',
[36m(TaskRunner pid=3167514)[0m                                                   'linear_fc1',
[36m(TaskRunner pid=3167514)[0m                                                   'linear_fc2'],
[36m(TaskRunner pid=3167514)[0m                                'type': 'lora'},
[36m(TaskRunner pid=3167514)[0m                       'lora_adapter_path': None,
[36m(TaskRunner pid=3167514)[0m                       'lora_alpha': 16,
[36m(TaskRunner pid=3167514)[0m                       'lora_rank': 0,
[36m(TaskRunner pid=3167514)[0m                       'mtp': {'_target_': 'verl.workers.config.MtpConfig',
[36m(TaskRunner pid=3167514)[0m                               'detach_encoder': False,
[36m(TaskRunner pid=3167514)[0m                               'enable': False,
[36m(TaskRunner pid=3167514)[0m                               'enable_rollout': False,
[36m(TaskRunner pid=3167514)[0m                               'enable_train': False,
[36m(TaskRunner pid=3167514)[0m                               'method': 'mtp',
[36m(TaskRunner pid=3167514)[0m                               'mtp_loss_scaling_factor': 0.1,
[36m(TaskRunner pid=3167514)[0m                               'num_speculative_tokens': 1,
[36m(TaskRunner pid=3167514)[0m                               'speculative_algorithm': 'EAGLE',
[36m(TaskRunner pid=3167514)[0m                               'speculative_eagle_topk': 1,
[36m(TaskRunner pid=3167514)[0m                               'speculative_num_draft_tokens': 4,
[36m(TaskRunner pid=3167514)[0m                               'speculative_num_steps': 3},
[36m(TaskRunner pid=3167514)[0m                       'override_config': {},
[36m(TaskRunner pid=3167514)[0m                       'path': '~/models/deepseek-llm-7b-chat',
[36m(TaskRunner pid=3167514)[0m                       'target_modules': 'all-linear',
[36m(TaskRunner pid=3167514)[0m                       'tiled_mlp': {'enabled': False, 'num_shards': 4},
[36m(TaskRunner pid=3167514)[0m                       'tokenizer_path': None,
[36m(TaskRunner pid=3167514)[0m                       'trust_remote_code': False,
[36m(TaskRunner pid=3167514)[0m                       'use_fused_kernels': False,
[36m(TaskRunner pid=3167514)[0m                       'use_liger': False,
[36m(TaskRunner pid=3167514)[0m                       'use_remove_padding': True,
[36m(TaskRunner pid=3167514)[0m                       'use_shm': False},
[36m(TaskRunner pid=3167514)[0m             'optim': {'_target_': 'verl.workers.config.FSDPOptimizerConfig',
[36m(TaskRunner pid=3167514)[0m                       'betas': [0.9, 0.999],
[36m(TaskRunner pid=3167514)[0m                       'clip_grad': 1.0,
[36m(TaskRunner pid=3167514)[0m                       'lr': 1e-05,
[36m(TaskRunner pid=3167514)[0m                       'lr_scheduler_type': 'constant',
[36m(TaskRunner pid=3167514)[0m                       'lr_warmup_steps': -1,
[36m(TaskRunner pid=3167514)[0m                       'lr_warmup_steps_ratio': 0.0,
[36m(TaskRunner pid=3167514)[0m                       'min_lr_ratio': 0.0,
[36m(TaskRunner pid=3167514)[0m                       'num_cycles': 0.5,
[36m(TaskRunner pid=3167514)[0m                       'optimizer': 'AdamW',
[36m(TaskRunner pid=3167514)[0m                       'optimizer_impl': 'torch.optim',
[36m(TaskRunner pid=3167514)[0m                       'override_optimizer_config': None,
[36m(TaskRunner pid=3167514)[0m                       'total_training_steps': -1,
[36m(TaskRunner pid=3167514)[0m                       'warmup_style': None,
[36m(TaskRunner pid=3167514)[0m                       'weight_decay': 0.01,
[36m(TaskRunner pid=3167514)[0m                       'zero_indexed_step': True},
[36m(TaskRunner pid=3167514)[0m             'ppo_epochs': 1,
[36m(TaskRunner pid=3167514)[0m             'ppo_max_token_len_per_gpu': 32768,
[36m(TaskRunner pid=3167514)[0m             'ppo_micro_batch_size': None,
[36m(TaskRunner pid=3167514)[0m             'ppo_micro_batch_size_per_gpu': None,
[36m(TaskRunner pid=3167514)[0m             'ppo_mini_batch_size': 8,
[36m(TaskRunner pid=3167514)[0m             'profiler': {'_target_': 'verl.utils.profiler.ProfilerConfig',
[36m(TaskRunner pid=3167514)[0m                          'all_ranks': False,
[36m(TaskRunner pid=3167514)[0m                          'enable': False,
[36m(TaskRunner pid=3167514)[0m                          'ranks': [],
[36m(TaskRunner pid=3167514)[0m                          'save_path': 'outputs/profile',
[36m(TaskRunner pid=3167514)[0m                          'tool': None,
[36m(TaskRunner pid=3167514)[0m                          'tool_config': {'npu': {'_target_': 'verl.utils.profiler.config.NPUToolConfig',
[36m(TaskRunner pid=3167514)[0m                                                  'analysis': True,
[36m(TaskRunner pid=3167514)[0m                                                  'contents': [],
[36m(TaskRunner pid=3167514)[0m                                                  'discrete': False,
[36m(TaskRunner pid=3167514)[0m                                                  'level': 'level0'},
[36m(TaskRunner pid=3167514)[0m                                          'nsys': {'_target_': 'verl.utils.profiler.config.NsightToolConfig',
[36m(TaskRunner pid=3167514)[0m                                                   'discrete': False},
[36m(TaskRunner pid=3167514)[0m                                          'precision_debugger': {'_target_': 'verl.utils.profiler.config.PrecisionDebuggerToolConfig',
[36m(TaskRunner pid=3167514)[0m                                                                 'config_path': None,
[36m(TaskRunner pid=3167514)[0m                                                                 'stages': None,
[36m(TaskRunner pid=3167514)[0m                                                                 'steps': None,
[36m(TaskRunner pid=3167514)[0m                                                                 'strict': False},
[36m(TaskRunner pid=3167514)[0m                                          'torch': {'_target_': 'verl.utils.profiler.config.TorchProfilerToolConfig',
[36m(TaskRunner pid=3167514)[0m                                                    'contents': [],
[36m(TaskRunner pid=3167514)[0m                                                    'discrete': False,
[36m(TaskRunner pid=3167514)[0m                                                    'schedule': {'_target_': 'verl.utils.profiler.config.TorchProfilerScheduleConfig',
[36m(TaskRunner pid=3167514)[0m                                                                 'active': 0,
[36m(TaskRunner pid=3167514)[0m                                                                 'repeat': 0,
[36m(TaskRunner pid=3167514)[0m                                                                 'skip_first': 0,
[36m(TaskRunner pid=3167514)[0m                                                                 'wait': 0,
[36m(TaskRunner pid=3167514)[0m                                                                 'warmup': 0}},
[36m(TaskRunner pid=3167514)[0m                                          'torch_memory': {'_target_': 'verl.utils.profiler.config.TorchMemoryToolConfig',
[36m(TaskRunner pid=3167514)[0m                                                           'stack_depth': 32,
[36m(TaskRunner pid=3167514)[0m                                                           'trace_alloc_max_entries': 100000}}},
[36m(TaskRunner pid=3167514)[0m             'rollout_n': 16,
[36m(TaskRunner pid=3167514)[0m             'shuffle': False,
[36m(TaskRunner pid=3167514)[0m             'strategy': 'fsdp',
[36m(TaskRunner pid=3167514)[0m             'ulysses_sequence_parallel_size': 1,
[36m(TaskRunner pid=3167514)[0m             'use_dynamic_bsz': True},
[36m(TaskRunner pid=3167514)[0m  'custom_reward_function': {'name': None, 'path': None},
[36m(TaskRunner pid=3167514)[0m  'data': {'apply_chat_template_kwargs': {},
[36m(TaskRunner pid=3167514)[0m           'audio_key': 'audios',
[36m(TaskRunner pid=3167514)[0m           'continuous_token': {'enable': False, 'model_family': 'auto'},
[36m(TaskRunner pid=3167514)[0m           'custom_cls': {'name': None, 'path': None},
[36m(TaskRunner pid=3167514)[0m           'dataloader_num_workers': 8,
[36m(TaskRunner pid=3167514)[0m           'filter_overlong_prompts': False,
[36m(TaskRunner pid=3167514)[0m           'filter_overlong_prompts_workers': 1,
[36m(TaskRunner pid=3167514)[0m           'function_tool_path': None,
[36m(TaskRunner pid=3167514)[0m           'gen_batch_size': None,
[36m(TaskRunner pid=3167514)[0m           'image_key': 'images',
[36m(TaskRunner pid=3167514)[0m           'image_patch_size': 16,
[36m(TaskRunner pid=3167514)[0m           'max_prompt_length': 4608,
[36m(TaskRunner pid=3167514)[0m           'max_response_length': 16384,
[36m(TaskRunner pid=3167514)[0m           'mm_processor_kwargs': {},
[36m(TaskRunner pid=3167514)[0m           'prompt_key': 'prompt',
[36m(TaskRunner pid=3167514)[0m           'return_full_prompt': False,
[36m(TaskRunner pid=3167514)[0m           'return_multi_modal_inputs': True,
[36m(TaskRunner pid=3167514)[0m           'return_raw_chat': True,
[36m(TaskRunner pid=3167514)[0m           'return_raw_input_ids': False,
[36m(TaskRunner pid=3167514)[0m           'reward_fn_key': 'data_source',
[36m(TaskRunner pid=3167514)[0m           'seed': None,
[36m(TaskRunner pid=3167514)[0m           'shuffle': True,
[36m(TaskRunner pid=3167514)[0m           'tokenizer': None,
[36m(TaskRunner pid=3167514)[0m           'tool_config_path': '/home/yw4636/agentic-tvg/crop_video_tool.yaml',
[36m(TaskRunner pid=3167514)[0m           'train_batch_size': 8,
[36m(TaskRunner pid=3167514)[0m           'train_files': '/home/yw4636/agentic-tvg/data/processed/rl_train_ep2.parquet',
[36m(TaskRunner pid=3167514)[0m           'train_max_samples': -1,
[36m(TaskRunner pid=3167514)[0m           'truncation': 'error',
[36m(TaskRunner pid=3167514)[0m           'trust_remote_code': False,
[36m(TaskRunner pid=3167514)[0m           'use_shm': False,
[36m(TaskRunner pid=3167514)[0m           'val_batch_size': 2,
[36m(TaskRunner pid=3167514)[0m           'val_files': '/home/yw4636/agentic-tvg/data/processed/rl_val.parquet',
[36m(TaskRunner pid=3167514)[0m           'val_max_samples': -1,
[36m(TaskRunner pid=3167514)[0m           'validation_shuffle': False,
[36m(TaskRunner pid=3167514)[0m           'video_key': 'videos'},
[36m(TaskRunner pid=3167514)[0m  'distillation': {'_target_': 'verl.workers.config.DistillationConfig',
[36m(TaskRunner pid=3167514)[0m                   'distillation_loss': {'_target_': 'verl.workers.config.DistillationLossConfig',
[36m(TaskRunner pid=3167514)[0m                                         'clip_ratio': 0.2,
[36m(TaskRunner pid=3167514)[0m                                         'clip_ratio_high': 0.2,
[36m(TaskRunner pid=3167514)[0m                                         'clip_ratio_low': 0.2,
[36m(TaskRunner pid=3167514)[0m                                         'distillation_loss_coef': 1.0,
[36m(TaskRunner pid=3167514)[0m                                         'log_prob_min_clamp': None,
[36m(TaskRunner pid=3167514)[0m                                         'loss_max_clamp': None,
[36m(TaskRunner pid=3167514)[0m                                         'loss_mode': 'k3',
[36m(TaskRunner pid=3167514)[0m                                         'policy_loss_mode': 'vanilla',
[36m(TaskRunner pid=3167514)[0m                                         'topk': 32,
[36m(TaskRunner pid=3167514)[0m                                         'use_policy_gradient': False,
[36m(TaskRunner pid=3167514)[0m                                         'use_task_rewards': True},
[36m(TaskRunner pid=3167514)[0m                   'enabled': False,
[36m(TaskRunner pid=3167514)[0m                   'n_gpus_per_node': 8,
[36m(TaskRunner pid=3167514)[0m                   'nnodes': 0,
[36m(TaskRunner pid=3167514)[0m                   'teacher_key': 'data_source',
[36m(TaskRunner pid=3167514)[0m                   'teacher_models': {'teacher_model': {'_target_': 'verl.workers.config.DistillationTeacherModelConfig',
[36m(TaskRunner pid=3167514)[0m                                                        'inference': {'_target_': 'verl.workers.config.RolloutConfig',
[36m(TaskRunner pid=3167514)[0m                                                                      'cudagraph_capture_sizes': None,
[36m(TaskRunner pid=3167514)[0m                                                                      'data_parallel_size': 1,
[36m(TaskRunner pid=3167514)[0m                                                                      'disable_log_stats': True,
[36m(TaskRunner pid=3167514)[0m                                                                      'dtype': 'bfloat16',
[36m(TaskRunner pid=3167514)[0m                                                                      'enable_chunked_prefill': True,
[36m(TaskRunner pid=3167514)[0m                                                                      'enable_prefix_caching': True,
[36m(TaskRunner pid=3167514)[0m                                                                      'enforce_eager': True,
[36m(TaskRunner pid=3167514)[0m                                                                      'engine_kwargs': {},
[36m(TaskRunner pid=3167514)[0m                                                                      'expert_parallel_size': 1,
[36m(TaskRunner pid=3167514)[0m                                                                      'free_cache_engine': True,
[36m(TaskRunner pid=3167514)[0m                                                                      'gpu_memory_utilization': 0.5,
[36m(TaskRunner pid=3167514)[0m                                                                      'limit_images': None,
[36m(TaskRunner pid=3167514)[0m                                                                      'load_format': 'auto',
[36m(TaskRunner pid=3167514)[0m                                                                      'max_model_len': None,
[36m(TaskRunner pid=3167514)[0m                                                                      'max_num_batched_tokens': 8192,
[36m(TaskRunner pid=3167514)[0m                                                                      'max_num_seqs': 1024,
[36m(TaskRunner pid=3167514)[0m                                                                      'name': 'vllm',
[36m(TaskRunner pid=3167514)[0m                                                                      'prompt_length': 4608,
[36m(TaskRunner pid=3167514)[0m                                                                      'response_length': 16384,
[36m(TaskRunner pid=3167514)[0m                                                                      'skip_tokenizer_init': True,
[36m(TaskRunner pid=3167514)[0m                                                                      'temperature': 1.0,
[36m(TaskRunner pid=3167514)[0m                                                                      'tensor_model_parallel_size': 2},
[36m(TaskRunner pid=3167514)[0m                                                        'key': None,
[36m(TaskRunner pid=3167514)[0m                                                        'model_path': None,
[36m(TaskRunner pid=3167514)[0m                                                        'num_replicas': 0}}},
[36m(TaskRunner pid=3167514)[0m  'global_profiler': {'_target_': 'verl.utils.profiler.ProfilerConfig',
[36m(TaskRunner pid=3167514)[0m                      'global_tool_config': {'nsys': {'_target_': 'verl.utils.profiler.config.NsightToolConfig',
[36m(TaskRunner pid=3167514)[0m                                                      'controller_nsight_options': {'cuda-graph-trace': 'graph',
[36m(TaskRunner pid=3167514)[0m                                                                                    'cuda-memory-usage': 'true',
[36m(TaskRunner pid=3167514)[0m                                                                                    'trace': 'cuda,nvtx,cublas,ucx'},
[36m(TaskRunner pid=3167514)[0m                                                      'discrete': False,
[36m(TaskRunner pid=3167514)[0m                                                      'worker_nsight_options': {'capture-range': 'cudaProfilerApi',
[36m(TaskRunner pid=3167514)[0m                                                                                'capture-range-end': None,
[36m(TaskRunner pid=3167514)[0m                                                                                'cuda-graph-trace': 'graph',
[36m(TaskRunner pid=3167514)[0m                                                                                'cuda-memory-usage': 'true',
[36m(TaskRunner pid=3167514)[0m                                                                                'kill': 'none',
[36m(TaskRunner pid=3167514)[0m                                                                                'trace': 'cuda,nvtx,cublas,ucx'}},
[36m(TaskRunner pid=3167514)[0m                                             'precision_debugger': {'_target_': 'verl.utils.profiler.config.PrecisionDebuggerToolConfig',
[36m(TaskRunner pid=3167514)[0m                                                                    'config_path': None,
[36m(TaskRunner pid=3167514)[0m                                                                    'stages': None,
[36m(TaskRunner pid=3167514)[0m                                                                    'steps': None,
[36m(TaskRunner pid=3167514)[0m                                                                    'strict': False},
[36m(TaskRunner pid=3167514)[0m                                             'torch_memory': {'context': 'all',
[36m(TaskRunner pid=3167514)[0m                                                              'kw_args': {},
[36m(TaskRunner pid=3167514)[0m                                                              'stack_depth': 32,
[36m(TaskRunner pid=3167514)[0m                                                              'stacks': 'all',
[36m(TaskRunner pid=3167514)[0m                                                              'trace_alloc_max_entries': 100000}},
[36m(TaskRunner pid=3167514)[0m                      'profile_continuous_steps': False,
[36m(TaskRunner pid=3167514)[0m                      'save_path': 'outputs/profile',
[36m(TaskRunner pid=3167514)[0m                      'steps': None,
[36m(TaskRunner pid=3167514)[0m                      'tool': None},
[36m(TaskRunner pid=3167514)[0m  'model_engine': 'dp',
[36m(TaskRunner pid=3167514)[0m  'ray_kwargs': {'ray_init': {'num_cpus': None,
[36m(TaskRunner pid=3167514)[0m                              'object_store_memory': 25769803776},
[36m(TaskRunner pid=3167514)[0m                 'timeline_json_file': None},
[36m(TaskRunner pid=3167514)[0m  'reward': {'_target_': 'verl.workers.config.RewardConfig',
[36m(TaskRunner pid=3167514)[0m             'custom_reward_function': {'name': 'compute_score_qa2',
[36m(TaskRunner pid=3167514)[0m                                        'path': '/home/yw4636/agentic-tvg/agentic_tvg/reward.py'},
[36m(TaskRunner pid=3167514)[0m             'num_workers': 8,
[36m(TaskRunner pid=3167514)[0m             'reward_manager': {'_target_': 'verl.workers.config.reward.RewardManagerConfig',
[36m(TaskRunner pid=3167514)[0m                                'module': {'_target_': 'verl.trainer.config.config.ModuleConfig',
[36m(TaskRunner pid=3167514)[0m                                           'name': 'custom_reward_manager',
[36m(TaskRunner pid=3167514)[0m                                           'path': None},
[36m(TaskRunner pid=3167514)[0m                                'name': 'naive',
[36m(TaskRunner pid=3167514)[0m                                'source': 'register'},
[36m(TaskRunner pid=3167514)[0m             'reward_model': {'_target_': 'verl.workers.config.RewardModelConfig',
[36m(TaskRunner pid=3167514)[0m                              'enable': False,
[36m(TaskRunner pid=3167514)[0m                              'enable_resource_pool': False,
[36m(TaskRunner pid=3167514)[0m                              'model_path': None,
[36m(TaskRunner pid=3167514)[0m                              'n_gpus_per_node': 8,
[36m(TaskRunner pid=3167514)[0m                              'nnodes': 0,
[36m(TaskRunner pid=3167514)[0m                              'rollout': {'_target_': 'verl.workers.config.RolloutConfig',
[36m(TaskRunner pid=3167514)[0m                                          'cudagraph_capture_sizes': None,
[36m(TaskRunner pid=3167514)[0m                                          'data_parallel_size': 1,
[36m(TaskRunner pid=3167514)[0m                                          'disable_log_stats': True,
[36m(TaskRunner pid=3167514)[0m                                          'disaggregation': {'bootstrap_port': None,
[36m(TaskRunner pid=3167514)[0m                                                             'decode_replicas': 1,
[36m(TaskRunner pid=3167514)[0m                                                             'decode_tensor_model_parallel_size': None,
[36m(TaskRunner pid=3167514)[0m                                                             'enabled': False,
[36m(TaskRunner pid=3167514)[0m                                                             'ib_device': None,
[36m(TaskRunner pid=3167514)[0m                                                             'prefill_replicas': 1,
[36m(TaskRunner pid=3167514)[0m                                                             'transfer_backend': 'nixl'},
[36m(TaskRunner pid=3167514)[0m                                          'do_sample': True,
[36m(TaskRunner pid=3167514)[0m                                          'dtype': 'bfloat16',
[36m(TaskRunner pid=3167514)[0m                                          'enable_chunked_prefill': True,
[36m(TaskRunner pid=3167514)[0m                                          'enable_prefix_caching': True,
[36m(TaskRunner pid=3167514)[0m                                          'enforce_eager': True,
[36m(TaskRunner pid=3167514)[0m                                          'engine_kwargs': {},
[36m(TaskRunner pid=3167514)[0m                                          'expert_parallel_size': 1,
[36m(TaskRunner pid=3167514)[0m                                          'free_cache_engine': True,
[36m(TaskRunner pid=3167514)[0m                                          'full_determinism': False,
[36m(TaskRunner pid=3167514)[0m                                          'gpu_memory_utilization': 0.5,
[36m(TaskRunner pid=3167514)[0m                                          'ignore_eos': False,
[36m(TaskRunner pid=3167514)[0m                                          'layered_summon': False,
[36m(TaskRunner pid=3167514)[0m                                          'limit_images': None,
[36m(TaskRunner pid=3167514)[0m                                          'load_format': 'auto',
[36m(TaskRunner pid=3167514)[0m                                          'max_model_len': None,
[36m(TaskRunner pid=3167514)[0m                                          'max_num_batched_tokens': 8192,
[36m(TaskRunner pid=3167514)[0m                                          'max_num_seqs': 1024,
[36m(TaskRunner pid=3167514)[0m                                          'mtp': None,
[36m(TaskRunner pid=3167514)[0m                                          'multi_stage_wake_up': False,
[36m(TaskRunner pid=3167514)[0m                                          'n': 1,
[36m(TaskRunner pid=3167514)[0m                                          'name': '???',
[36m(TaskRunner pid=3167514)[0m                                          'pipeline_model_parallel_size': 1,
[36m(TaskRunner pid=3167514)[0m                                          'prompt_length': 2048,
[36m(TaskRunner pid=3167514)[0m                                          'quantization': None,
[36m(TaskRunner pid=3167514)[0m                                          'quantization_config_file': None,
[36m(TaskRunner pid=3167514)[0m                                          'response_length': 2048,
[36m(TaskRunner pid=3167514)[0m                                          'scheduling_policy': 'fcfs',
[36m(TaskRunner pid=3167514)[0m                                          'seed': 42,
[36m(TaskRunner pid=3167514)[0m                                          'skip_tokenizer_init': False,
[36m(TaskRunner pid=3167514)[0m                                          'temperature': 1.0,
[36m(TaskRunner pid=3167514)[0m                                          'tensor_model_parallel_size': 2,
[36m(TaskRunner pid=3167514)[0m                                          'top_k': -1,
[36m(TaskRunner pid=3167514)[0m                                          'top_p': 1}},
[36m(TaskRunner pid=3167514)[0m             'sandbox_fusion': {'_target_': 'verl.workers.config.SandboxFusionConfig',
[36m(TaskRunner pid=3167514)[0m                                'max_concurrent': 64,
[36m(TaskRunner pid=3167514)[0m                                'memory_limit_mb': 1024,
[36m(TaskRunner pid=3167514)[0m                                'url': None}},
[36m(TaskRunner pid=3167514)[0m  'reward_model': {'enable': None,
[36m(TaskRunner pid=3167514)[0m                   'enable_resource_pool': None,
[36m(TaskRunner pid=3167514)[0m                   'model': {'external_lib': None,
[36m(TaskRunner pid=3167514)[0m                             'path': None,
[36m(TaskRunner pid=3167514)[0m                             'trust_remote_code': None},
[36m(TaskRunner pid=3167514)[0m                   'n_gpus_per_node': None,
[36m(TaskRunner pid=3167514)[0m                   'nnodes': None,
[36m(TaskRunner pid=3167514)[0m                   'num_workers': None,
[36m(TaskRunner pid=3167514)[0m                   'reward_loop_class_name': None,
[36m(TaskRunner pid=3167514)[0m                   'reward_loop_module_path': None,
[36m(TaskRunner pid=3167514)[0m                   'reward_loop_source': None,
[36m(TaskRunner pid=3167514)[0m                   'reward_manager': None,
[36m(TaskRunner pid=3167514)[0m                   'rollout': {'cudagraph_capture_sizes': None,
[36m(TaskRunner pid=3167514)[0m                               'data_parallel_size': None,
[36m(TaskRunner pid=3167514)[0m                               'disable_log_stats': None,
[36m(TaskRunner pid=3167514)[0m                               'dtype': None,
[36m(TaskRunner pid=3167514)[0m                               'enable_chunked_prefill': None,
[36m(TaskRunner pid=3167514)[0m                               'enable_prefix_caching': None,[36m(TaskRunner pid=3167514)[0m /home/yw4636/.conda/envs/verl/lib/python3.12/site-packages/verl/trainer/main_ppo_v0.py:182: UserWarning: Disabled critic as algorithm.adv_estimator != gae. If it is not intended, please set critic.enable=True
[36m(TaskRunner pid=3167514)[0m   use_critic=need_critic(config),

[36m(TaskRunner pid=3167514)[0m                               'enforce_eager': None,
[36m(TaskRunner pid=3167514)[0m                               'engine_kwargs': None,
[36m(TaskRunner pid=3167514)[0m                               'expert_parallel_size': None,
[36m(TaskRunner pid=3167514)[0m                               'free_cache_engine': None,
[36m(TaskRunner pid=3167514)[0m                               'gpu_memory_utilization': None,
[36m(TaskRunner pid=3167514)[0m                               'limit_images': None,
[36m(TaskRunner pid=3167514)[0m                               'load_format': None,
[36m(TaskRunner pid=3167514)[0m                               'max_model_len': None,
[36m(TaskRunner pid=3167514)[0m                               'max_num_batched_tokens': None,
[36m(TaskRunner pid=3167514)[0m                               'max_num_seqs': None,
[36m(TaskRunner pid=3167514)[0m                               'name': None,
[36m(TaskRunner pid=3167514)[0m                               'prompt_length': None,
[36m(TaskRunner pid=3167514)[0m                               'response_length': None,
[36m(TaskRunner pid=3167514)[0m                               'skip_tokenizer_init': None,
[36m(TaskRunner pid=3167514)[0m                               'tensor_model_parallel_size': None}},
[36m(TaskRunner pid=3167514)[0m  'sandbox_fusion': {'max_concurrent': None,
[36m(TaskRunner pid=3167514)[0m                     'memory_limit_mb': None,
[36m(TaskRunner pid=3167514)[0m                     'url': None},
[36m(TaskRunner pid=3167514)[0m  'skip': {'_target_': 'verl.utils.skip.SkipManagerConfig',
[36m(TaskRunner pid=3167514)[0m           'async_rollout': {'action': 'cache',
[36m(TaskRunner pid=3167514)[0m                             'dump_dir': '~/.verl/rollout_dump',
[36m(TaskRunner pid=3167514)[0m                             'enable': False,
[36m(TaskRunner pid=3167514)[0m                             'steps': []},
[36m(TaskRunner pid=3167514)[0m           'rollout': {'action': 'cache',
[36m(TaskRunner pid=3167514)[0m                       'dump_dir': '~/.verl/rollout_dump',
[36m(TaskRunner pid=3167514)[0m                       'enable': False,
[36m(TaskRunner pid=3167514)[0m                       'steps': []},
[36m(TaskRunner pid=3167514)[0m           'rollout_tq': {'action': 'cache',
[36m(TaskRunner pid=3167514)[0m                          'dump_dir': '~/.verl/rollout_dump',
[36m(TaskRunner pid=3167514)[0m                          'enable': False,
[36m(TaskRunner pid=3167514)[0m                          'steps': []}},
[36m(TaskRunner pid=3167514)[0m  'trainer': {'balance_batch': True,
[36m(TaskRunner pid=3167514)[0m              'critic_warmup': 0,
[36m(TaskRunner pid=3167514)[0m              'default_hdfs_dir': None,
[36m(TaskRunner pid=3167514)[0m              'default_local_dir': '/home/yw4636/agentic-tvg/results/grpo-v2/ckpt',
[36m(TaskRunner pid=3167514)[0m              'del_local_ckpt_after_load': False,
[36m(TaskRunner pid=3167514)[0m              'device': 'cuda',
[36m(TaskRunner pid=3167514)[0m              'esi_redundant_time': 0,
[36m(TaskRunner pid=3167514)[0m              'experiment_name': 'grpo_v2',
[36m(TaskRunner pid=3167514)[0m              'log_val_generations': 0,
[36m(TaskRunner pid=3167514)[0m              'logger': ['console', 'tensorboard'],
[36m(TaskRunner pid=3167514)[0m              'max_actor_ckpt_to_keep': 1,
[36m(TaskRunner pid=3167514)[0m              'max_critic_ckpt_to_keep': None,
[36m(TaskRunner pid=3167514)[0m              'n_gpus_per_node': 1,
[36m(TaskRunner pid=3167514)[0m              'nnodes': 1,
[36m(TaskRunner pid=3167514)[0m              'project_name': 'agentic-tvg',
[36m(TaskRunner pid=3167514)[0m              'ray_wait_register_center_timeout': 300,
[36m(TaskRunner pid=3167514)[0m              'resume_from_path': None,
[36m(TaskRunner pid=3167514)[0m              'resume_mode': 'auto',
[36m(TaskRunner pid=3167514)[0m              'rollout_data_dir': '/home/yw4636/agentic-tvg/results/grpo-v2/rollouts',
[36m(TaskRunner pid=3167514)[0m              'save_freq': 20,
[36m(TaskRunner pid=3167514)[0m              'test_freq': 20,
[36m(TaskRunner pid=3167514)[0m              'total_epochs': 3,
[36m(TaskRunner pid=3167514)[0m              'total_training_steps': 239,
[36m(TaskRunner pid=3167514)[0m              'use_v1': False,
[36m(TaskRunner pid=3167514)[0m              'v1': {'colocate_async': {'num_warmup_batches': 1},
[36m(TaskRunner pid=3167514)[0m                     'sampler': {'custom_sampler': {'name': None, 'path': None},
[36m(TaskRunner pid=3167514)[0m                                 'max_off_policy_strategy': 'drop',
[36m(TaskRunner pid=3167514)[0m                                 'max_off_policy_threshold': 8,
[36m(TaskRunner pid=3167514)[0m                                 'sampler_kwargs': {},
[36m(TaskRunner pid=3167514)[0m                                 'sync_refill_failed_groups': False},
[36m(TaskRunner pid=3167514)[0m                     'separate_async': {'num_warmup_batches': 1,
[36m(TaskRunner pid=3167514)[0m                                        'parameter_sync_step': 4},
[36m(TaskRunner pid=3167514)[0m                     'sync': {},
[36m(TaskRunner pid=3167514)[0m                     'trainer_mode': 'sync'},
[36m(TaskRunner pid=3167514)[0m              'val_before_train': False,
[36m(TaskRunner pid=3167514)[0m              'val_only': False,
[36m(TaskRunner pid=3167514)[0m              'validation_data_dir': '/home/yw4636/agentic-tvg/results/grpo-v2/val_rollouts'},
[36m(TaskRunner pid=3167514)[0m  'transfer_queue': {'backend': {'MooncakeStore': {'auto_init': False,
[36m(TaskRunner pid=3167514)[0m                                                   'device_name': '',
[36m(TaskRunner pid=3167514)[0m                                                   'global_segment_size': 4294967296,
[36m(TaskRunner pid=3167514)[0m                                                   'local_buffer_size': 1073741824,
[36m(TaskRunner pid=3167514)[0m                                                   'local_hostname': 'localhost',
[36m(TaskRunner pid=3167514)[0m                                                   'master_server_address': 'localhost:50124',
[36m(TaskRunner pid=3167514)[0m                                                   'metadata_server': 'localhost:50123',
[36m(TaskRunner pid=3167514)[0m                                                   'protocol': 'tcp'},
[36m(TaskRunner pid=3167514)[0m                                 'SimpleStorage': {'num_data_storage_units': 8,
[36m(TaskRunner pid=3167514)[0m                                                   'total_storage_size': 100000},
[36m(TaskRunner pid=3167514)[0m                                 'storage_backend': 'SimpleStorage'},
[36m(TaskRunner pid=3167514)[0m                     'enable': False,
[36m(TaskRunner pid=3167514)[0m                     'metrics': {'enabled': False, 'port': 0}}}
[36m(TaskRunner pid=3167514)[0m WARNING: val_batch_size is deprecated. Validation datasets are sent to inference engines as a whole batch, which will schedule the memory themselves.
[36m(TaskRunner pid=3167514)[0m [validate_config] All configuration checks passed successfully!
[36m(TaskRunner pid=3167514)[0m Using dataset class: RLHFDataset
[36m(TaskRunner pid=3167514)[0m {
[36m(TaskRunner pid=3167514)[0m   "type": "function",
[36m(TaskRunner pid=3167514)[0m   "function": {
[36m(TaskRunner pid=3167514)[0m     "name": "crop_video",
[36m(TaskRunner pid=3167514)[0m     "description": "Inspect a time interval of the current video closely: returns 30 higher-resolution frames sampled evenly from [start_time, end_time], each labeled with its timestamp in seconds.",
[36m(TaskRunner pid=3167514)[0m     "parameters": {
[36m(TaskRunner pid=3167514)[0m       "type": "object",
[36m(TaskRunner pid=3167514)[0m       "properties": {
[36m(TaskRunner pid=3167514)[0m         "start_time": {
[36m(TaskRunner pid=3167514)[0m           "type": "number",
[36m(TaskRunner pid=3167514)[0m           "description": "Interval start in seconds, >= 0."[36m(TaskRunner pid=3167514)[0m /home/yw4636/.conda/envs/verl/lib/python3.12/site-packages/verl/trainer/main_ppo_v0.py:218: FutureWarning: Warning: Class 'verl.trainer.ppo.ray_trainer.RayPPOTrainer' is deprecated. Please use 'Legacy trainer is deprecated, and wil be removed in v0.9.0. Please use `trainer.use_v1=True` instead.' instead.
[36m(TaskRunner pid=3167514)[0m   trainer = RayPPOTrainer(
[36m(TaskRunner pid=3167514)[0m /home/yw4636/.conda/envs/verl/lib/python3.12/site-packages/verl/trainer/ppo/ray_trainer.py:348: UserWarning: Disabled critic as algorithm.adv_estimator != gae. If it is not intended, please set critic.enable=True
[36m(TaskRunner pid=3167514)[0m   self.use_critic = need_critic(self.config)
[36m(WorkerDict pid=3167860)[0m /home/yw4636/.conda/envs/verl/lib/python3.12/site-packages/verl/workers/engine/__init__.py:31: UserWarning: torchtitan engine is not available: ModuleNotFoundError("No module named 'torchtitan'")
[36m(WorkerDict pid=3167860)[0m   warnings.warn(f"torchtitan engine is not available: {e!r}", stacklevel=1)
[36m(WorkerDict pid=3167860)[0m /home/yw4636/.conda/envs/verl/lib/python3.12/site-packages/verl/workers/engine/__init__.py:40: UserWarning: veomni engine is not available: ModuleNotFoundError("No module named 'veomni'")
[36m(WorkerDict pid=3167860)[0m   warnings.warn(f"veomni engine is not available: {e!r}", stacklevel=1)
[36m(WorkerDict pid=3167860)[0m /home/yw4636/.conda/envs/verl/lib/python3.12/site-packages/verl/workers/engine/__init__.py:49: UserWarning: automodel engine is not available: ModuleNotFoundError("No module named 'nemo_automodel'")
[36m(WorkerDict pid=3167860)[0m   warnings.warn(f"automodel engine is not available: {e!r}", stacklevel=1)
[36m(WorkerDict pid=3167860)[0m /home/yw4636/.conda/envs/verl/lib/python3.12/site-packages/verl/workers/engine/mindspeed/transformer_impl.py:24: UserWarning: NPU not support router replay for now.
[36m(WorkerDict pid=3167860)[0m   from verl.utils.megatron.router_replay_patch import RouterReplay
[36m(WorkerDict pid=3167860)[0m /home/yw4636/.conda/envs/verl/lib/python3.12/site-packages/verl/workers/engine/__init__.py:59: UserWarning: mindspeed engine is not available: ModuleNotFoundError("No module named 'megatron'")
[36m(WorkerDict pid=3167860)[0m   warnings.warn(f"mindspeed engine is not available: {e!r}", stacklevel=1)
[36m(WorkerDict pid=3167860)[0m /home/yw4636/.conda/envs/verl/lib/python3.12/site-packages/verl/workers/engine/__init__.py:69: UserWarning: megatron engine is not available: ModuleNotFoundError("No module named 'megatron'")
[36m(WorkerDict pid=3167860)[0m   warnings.warn(f"megatron engine is not available: {e!r}", stacklevel=1)
[36m(WorkerDict pid=3167860)[0m [transformers] Flash Attention 2 only supports torch.float16 and torch.bfloat16 dtypes, but the current dype in Qwen3VLForConditionalGeneration is torch.float32. You should run training or inference using Automatic Mixed-Precision via the `with torch.autocast(device_type='torch_device'):` decorator, or load the model with the `dtype` argument. Example: `model = AutoModel.from_pretrained("meta-llama/Llama-3.2-1B", attn_implementation="flash_attention_2", dtype=torch.float16)`
[36m(WorkerDict pid=3167860)[0m [transformers] Flash Attention 2 only supports torch.float16 and torch.bfloat16 dtypes, but the current dype in Qwen3VLModel is torch.float32. You should run training or inference using Automatic Mixed-Precision via the `with torch.autocast(device_type='torch_device'):` decorator, or load the model with the `dtype` argument. Example: `model = AutoModel.from_pretrained("meta-llama/Llama-3.2-1B", attn_implementation="flash_attention_2", dtype=torch.float16)`
[36m(WorkerDict pid=3167860)[0m [transformers] Flash Attention 2 only supports torch.float16 and torch.bfloat16 dtypes, but the current dype in Qwen3VLVisionModel is torch.float32. You should run training or inference using Automatic Mixed-Precision via the `with torch.autocast(device_type='torch_device'):` decorator, or load the model with the `dtype` argument. Example: `model = AutoModel.from_pretrained("meta-llama/Llama-3.2-1B", attn_implementation="flash_attention_2", dtype=torch.float16)`
[36m(WorkerDict pid=3167860)[0m [transformers] Flash Attention 2 only supports torch.float16 and torch.bfloat16 dtypes, but the current dype in Qwen3VLTextModel is torch.float32. You should run training or inference using Automatic Mixed-Precision via the `with torch.autocast(device_type='torch_device'):` decorator, or load the model with the `dtype` argument. Example: `model = AutoModel.from_pretrained("meta-llama/Llama-3.2-1B", attn_implementation="flash_attention_2", dtype=torch.float16)`
[36m(WorkerDict pid=3167860)[0m Loading weights:   0%|          | 0/713 [00:00<?, ?it/s]
[36m(WorkerDict pid=3167860)[0m Loading weights:   0%|          | 1/713 [00:02<33:18,  2.81s/it]
[36m(WorkerDict pid=3167860)[0m Loading weights:  17%|█▋        | 124/713 [00:02<00:10, 58.52it/s]
[36m(WorkerDict pid=3167860)[0m Loading weights:  24%|██▍       | 173/713 [00:03<00:09, 59.21it/s]
[36m(WorkerDict pid=3167860)[0m Loading weights:  28%|██▊       | 203/713 [00:04<00:08, 57.06it/s]
[36m(WorkerDict pid=3167860)[0m Loading weights:  31%|███▏      | 223/713 [00:04<00:08, 56.31it/s]
[36m(WorkerDict pid=3167860)[0m Loading weights:  33%|███▎      | 238/713 [00:04<00:08, 58.19it/s]
[36m(WorkerDict pid=3167860)[0m Loading weights:  35%|███▌      | 250/713 [00:05<00:07, 58.71it/s]
[36m(WorkerDict pid=3167860)[0m Loading weights:  37%|███▋      | 261/713 [00:05<00:07, 57.96it/s]
[36m(WorkerDict pid=3167860)[0m Loading weights:  38%|███▊      | 270/713 [00:05<00:07, 55.38it/s]
[36m(WorkerDict pid=3167860)[0m Loading weights:  39%|███▉      | 278/713 [00:05<00:08, 52.89it/s]
[36m(WorkerDict pid=3167860)[0m Loading weights:  41%|████      | 289/713 [00:05<00:07, 53.62it/s]
[36m(WorkerDict pid=3167860)[0m Loading weights:  42%|████▏     | 300/713 [00:06<00:07, 54.39it/s]
[36m(WorkerDict pid=3167860)[0m Loading weights:  44%|████▎     | 311/713 [00:06<00:07, 54.42it/s]
[36m(WorkerDict pid=3167860)[0m Loading weights:  45%|████▌     | 322/713 [00:06<00:07, 54.96it/s]
[36m(WorkerDict pid=3167860)[0m Loading weights:  47%|████▋     | 333/713 [00:06<00:06, 55.21it/s]
[36m(WorkerDict pid=3167860)[0m Loading weights:  48%|████▊     | 344/713 [00:06<00:06, 55.27it/s]
[36m(WorkerDict pid=3167860)[0m Loading weights:  50%|████▉     | 355/713 [00:07<00:06, 55.76it/s]
[36m(WorkerDict pid=3167860)[0m Loading weights:  51%|█████▏    | 366/713 [00:07<00:06, 55.20it/s]
[36m(WorkerDict pid=3167860)[0m Loading weights:  53%|█████▎    | 377/713 [00:07<00:06, 55.59it/s]
[36m(WorkerDict pid=3167860)[0m Loading weights:  54%|█████▍    | 388/713 [00:07<00:05, 56.05it/s]
[36m(WorkerDict pid=3167860)[0m Loading weights:  61%|██████▏   | 438/713 [00:07<00:02, 133.81it/s]
[36m(WorkerDict pid=3167860)[0m Loading weights:  68%|██████▊   | 488/713 [00:07<00:01, 202.91it/s]
[36m(WorkerDict pid=3167860)[0m Loading weights:  75%|███████▌  | 536/713 [00:08<00:00, 259.57it/s]
[36m(WorkerDict pid=3167860)[0m Loading weights:  82%|████████▏ | 584/713 [00:08<00:00, 311.54it/s]
[36m(WorkerDict pid=3167860)[0m Loading weights:  89%|████████▊ | 632/713 [00:08<00:00, 340.30it/s]
[36m(WorkerDict pid=3167860)[0m Loading weights:  96%|█████████▌| 682/713 [00:08<00:00, 378.18it/s]
[36m(WorkerDict pid=3167860)[0m Loading weights: 100%|██████████| 713/713 [00:08<00:00, 83.48it/s] 
[36m(WorkerDict pid=3167860)[0m WARNING:2026-09-04 09:43:57,709:Setting the sleep level to 1 may cause a memory overflow.
[36m(vLLMHttpServer pid=3168345)[0m [transformers] The `use_fast` parameter is deprecated and will be removed in a future version. Use `backend="torchvision"` instead of `use_fast=True`, or `backend="pil"` instead of `use_fast=False`.
[36m(vLLMHttpServer pid=3168345)[0m (Worker pid=3169168) [transformers] The `use_fast` parameter is deprecated and will be removed in a future version. Use `backend="torchvision"` instead of `use_fast=True`, or `backend="pil"` instead of `use_fast=False`.
[36m(vLLMHttpServer pid=3168345)[0m (Worker pid=3169168) Loading safetensors checkpoint shards:   0% Completed | 0/1 [00:00<?, ?it/s]
[36m(vLLMHttpServer pid=3168345)[0m (Worker pid=3169168) Loading safetensors checkpoint shards: 100% Completed | 1/1 [00:01<00:00,  1.14s/it]
[36m(vLLMHttpServer pid=3168345)[0m (Worker pid=3169168) Loading safetensors checkpoint shards: 100% Completed | 1/1 [00:01<00:00,  1.14s/it]
[36m(vLLMHttpServer pid=3168345)[0m (Worker pid=3169168) 

[36m(TaskRunner pid=3167514)[0m         },
[36m(TaskRunner pid=3167514)[0m         "end_time": {
[36m(TaskRunner pid=3167514)[0m           "type": "number",
[36m(TaskRunner pid=3167514)[0m           "description": "Interval end in seconds, > start_time, <= video duration."
[36m(TaskRunner pid=3167514)[0m         }
[36m(TaskRunner pid=3167514)[0m       },
[36m(TaskRunner pid=3167514)[0m       "required": [
[36m(TaskRunner pid=3167514)[0m         "start_time",
[36m(TaskRunner pid=3167514)[0m         "end_time"
[36m(TaskRunner pid=3167514)[0m       ]
[36m(TaskRunner pid=3167514)[0m     }
[36m(TaskRunner pid=3167514)[0m   }
[36m(TaskRunner pid=3167514)[0m }
[36m(TaskRunner pid=3167514)[0m dataset len: 851
[36m(TaskRunner pid=3167514)[0m Using dataset class: RLHFDataset
[36m(TaskRunner pid=3167514)[0m {
[36m(TaskRunner pid=3167514)[0m   "type": "function",
[36m(TaskRunner pid=3167514)[0m   "function": {
[36m(TaskRunner pid=3167514)[0m     "name": "crop_video",
[36m(TaskRunner pid=3167514)[0m     "description": "Inspect a time interval of the current video closely: returns 30 higher-resolution frames sampled evenly from [start_time, end_time], each labeled with its timestamp in seconds.",
[36m(TaskRunner pid=3167514)[0m     "parameters": {
[36m(TaskRunner pid=3167514)[0m       "type": "object",
[36m(TaskRunner pid=3167514)[0m       "properties": {
[36m(TaskRunner pid=3167514)[0m         "start_time": {
[36m(TaskRunner pid=3167514)[0m           "type": "number",
[36m(TaskRunner pid=3167514)[0m           "description": "Interval start in seconds, >= 0."
[36m(TaskRunner pid=3167514)[0m         },
[36m(TaskRunner pid=3167514)[0m         "end_time": {
[36m(TaskRunner pid=3167514)[0m           "type": "number",
[36m(TaskRunner pid=3167514)[0m           "description": "Interval end in seconds, > start_time, <= video duration."
[36m(TaskRunner pid=3167514)[0m         }
[36m(TaskRunner pid=3167514)[0m       },
[36m(TaskRunner pid=3167514)[0m       "required": [
[36m(TaskRunner pid=3167514)[0m         "start_time",
[36m(TaskRunner pid=3167514)[0m         "end_time"
[36m(TaskRunner pid=3167514)[0m       ]
[36m(TaskRunner pid=3167514)[0m     }
[36m(TaskRunner pid=3167514)[0m   }
[36m(TaskRunner pid=3167514)[0m }
[36m(TaskRunner pid=3167514)[0m dataset len: 114
[36m(TaskRunner pid=3167514)[0m Size of train dataloader: 106, Size of val dataloader: 57
[36m(TaskRunner pid=3167514)[0m Total training steps: 239
[36m(TaskRunner pid=3167514)[0m colocated worker base class <class 'verl.single_controller.base.worker.Worker'>
[36m(WorkerDict pid=3167860)[0m Warning: Failed to set NUMA affinity: libnuma.so: cannot open shared object file: No such file or directory
[36m(WorkerDict pid=3167860)[0m Monkey patch Qwen3VLForConditionalGeneration model forward
[36m(WorkerDict pid=3167860)[0m Monkey patch _flash_attention_forward in transformers.integrations.flash_attention
[36m(WorkerDict pid=3167860)[0m Skipping monkey patch for Qwen3VLForConditionalGeneration as use_fused_kernels is False or fused_kernels_backend is torch
[36m(WorkerDict pid=3167860)[0m PeftModelForCausalLM contains 4.47B parameters
[36m(WorkerDict pid=3167860)[0m Before FSDP, memory allocated (GB): 0.00, memory reserved (GB): 0.00, device memory used/total (GB): 0.41/79.27
[36m(WorkerDict pid=3167860)[0m After FSDP, memory allocated (GB): 16.76, memory reserved (GB): 18.74, device memory used/total (GB): 19.67/79.27
[36m(WorkerDict pid=3167860)[0m Total steps: 239, num_warmup_steps: 0
[36m(vLLMHttpServer pid=3168345)[0m ['serve',
[36m(vLLMHttpServer pid=3168345)[0m  '/home/yw4636/agentic-tvg/results/sft-mix/merged',
[36m(vLLMHttpServer pid=3168345)[0m  '--dtype',
[36m(vLLMHttpServer pid=3168345)[0m  'bfloat16',
[36m(vLLMHttpServer pid=3168345)[0m  '--load_format',
[36m(vLLMHttpServer pid=3168345)[0m  'safetensors',
[36m(vLLMHttpServer pid=3168345)[0m  '--distributed_executor_backend',
[36m(vLLMHttpServer pid=3168345)[0m  'mp',
[36m(vLLMHttpServer pid=3168345)[0m  '--worker_extension_cls',
[36m(vLLMHttpServer pid=3168345)[0m  'verl.workers.rollout.vllm_rollout.utils.vLLMColocateWorkerExtension',
[36m(vLLMHttpServer pid=3168345)[0m  '--max_model_len',
[36m(vLLMHttpServer pid=3168345)[0m  '20992',
[36m(vLLMHttpServer pid=3168345)[0m  '--max_num_seqs',
[36m(vLLMHttpServer pid=3168345)[0m  '256',
[36m(vLLMHttpServer pid=3168345)[0m  '--enable_chunked_prefill',
[36m(vLLMHttpServer pid=3168345)[0m  '--max_num_batched_tokens',
[36m(vLLMHttpServer pid=3168345)[0m  '24576',
[36m(vLLMHttpServer pid=3168345)[0m  '--enable_prefix_caching',
[36m(vLLMHttpServer pid=3168345)[0m  '--enable_sleep_mode',
[36m(vLLMHttpServer pid=3168345)[0m  '--logprobs_mode',
[36m(vLLMHttpServer pid=3168345)[0m  'processed_logprobs',
[36m(vLLMHttpServer pid=3168345)[0m  '--gpu_memory_utilization',
[36m(vLLMHttpServer pid=3168345)[0m  '0.65',
[36m(vLLMHttpServer pid=3168345)[0m  '--disable_log_stats',
[36m(vLLMHttpServer pid=3168345)[0m  '--tensor_parallel_size',
[36m(vLLMHttpServer pid=3168345)[0m  '1',
[36m(vLLMHttpServer pid=3168345)[0m  '--seed',
[36m(vLLMHttpServer pid=3168345)[0m  '42',
[36m(vLLMHttpServer pid=3168345)[0m  '--override_generation_config',
[36m(vLLMHttpServer pid=3168345)[0m  '{"temperature": 1.0, "top_k": -1, "top_p": 1, "repetition_penalty": 1.0, '
[36m(vLLMHttpServer pid=3168345)[0m  '"max_new_tokens": 16384}',
[36m(vLLMHttpServer pid=3168345)[0m  '--hf_overrides',
[36m(vLLMHttpServer pid=3168345)[0m  '{}',
[36m(vLLMHttpServer pid=3168345)[0m  '--scheduling_policy',
[36m(vLLMHttpServer pid=3168345)[0m  'fcfs',
[36m(vLLMHttpServer pid=3168345)[0m  '--compilation_config',
[36m(vLLMHttpServer pid=3168345)[0m  '{"cudagraph_mode": "FULL_AND_PIECEWISE"}',
[36m(vLLMHttpServer pid=3168345)[0m  '--mm_processor_kwargs',
[36m(vLLMHttpServer pid=3168345)[0m  '{"max_pixels": 150528}',
[36m(vLLMHttpServer pid=3168345)[0m  '--limit_mm_per_prompt',
[36m(vLLMHttpServer pid=3168345)[0m  '{"image": 112}',
[36m(vLLMHttpServer pid=3168345)[0m  '--enable_lora',
[36m(vLLMHttpServer pid=3168345)[0m  '--max_loras',
[36m(vLLMHttpServer pid=3168345)[0m  '1',
[36m(vLLMHttpServer pid=3168345)[0m  '--max_lora_rank',
[36m(vLLMHttpServer pid=3168345)[0m  '16']
[36m(vLLMHttpServer pid=3168345)[0m WARNING 09-04 09:44:13 [system_utils.py:157] We must use the `spawn` multiprocessing start method. Overriding VLLM_WORKER_MULTIPROC_METHOD to 'spawn'. See https://docs.vllm.ai/en/latest/usage/troubleshooting.html#python-multiprocessing for more information. Reasons: In a Ray actor and can only be spawned; CUDA is initialized
[36m(vLLMHttpServer pid=3168345)[0m (Worker pid=3169168) WARNING 09-04 09:44:35 [model_manager.py:401] Regarding Qwen3VLForConditionalGeneration, no matching PunicaWrapper is found; visual.patch_embed.proj will be ignored.
[36m(vLLMHttpServer pid=3168345)[0m (Worker pid=3169168) WARNING 09-04 09:44:35 [model_manager.py:401] Regarding Qwen3VLForConditionalGeneration, no matching PunicaWrapper is found; visual.merger.linear_fc1 will be ignored.
[36m(vLLMHttpServer pid=3168345)[0m (Worker pid=3169168) WARNING 09-04 09:44:35 [model_manager.py:401] Regarding Qwen3VLForConditionalGeneration, no matching PunicaWrapper is found; visual.merger.linear_fc2 will be ignored.
[36m(vLLMHttpServer pid=3168345)[0m (Worker pid=3169168) WARNING 09-04 09:44:35 [model_manager.py:401] Regarding Qwen3VLForConditionalGeneration, no matching PunicaWrapper is found; visual.deepstack_merger_list.0.linear_fc1 will be ignored.
[36m(vLLMHttpServer pid=3168345)[0m (Worker pid=3169168) WARNING 09-04 09:44:35 [model_manager.py:401] Regarding Qwen3VLForConditionalGeneration, no matching PunicaWrapper is found; visual.deepstack_merger_list.0.linear_fc2 will be ignored.
[36m(vLLMHttpServer pid=3168345)[0m (Worker pid=3169168) WARNING 09-04 09:44:35 [model_manager.py:401] Regarding Qwen3VLForConditionalGeneration, no matching PunicaWrapper is found; visual.deepstack_merger_list.1.linear_fc1 will be ignored.
[36m(vLLMHttpServer pid=3168345)[0m (Worker pid=3169168) WARNING 09-04 09:44:35 [model_manager.py:401] Regarding Qwen3VLForConditionalGeneration, no matching PunicaWrapper is found; visual.deepstack_merger_list.1.linear_fc2 will be ignored.
[36m(vLLMHttpServer pid=3168345)[0m (Worker pid=3169168) WARNING 09-04 09:44:35 [model_manager.py:401] Regarding Qwen3VLForConditionalGeneration, no matching PunicaWrapper is found; visual.deepstack_merger_list.2.linear_fc1 will be ignored.
[36m(vLLMHttpServer pid=3168345)[0m (Worker pid=3169168) WARNING 09-04 09:44:35 [model_manager.py:401] Regarding Qwen3VLForConditionalGeneration, no matching PunicaWrapper is found; visual.deepstack_merger_list.2.linear_fc2 will be ignored.
[36m(vLLMHttpServer pid=3168345)[0m (Worker pid=3169168) WARNING 09-04 09:44:35 [model_manager.py:401] Regarding Qwen3VLForConditionalGeneration, no matching PunicaWrapper is found; visual.blocks.0.attn.qkv will be ignored.
[36m(vLLMHttpServer pid=3168345)[0m (Worker pid=3169168) WARNING 09-04 09:44:35 [model_manager.py:401] Regarding Qwen3VLForConditionalGeneration, no matching PunicaWrapper is found; visual.blocks.0.attn.proj will be ignored.
[36m(vLLMHttpServer pid=3168345)[0m (Worker pid=3169168) WARNING 09-04 09:44:35 [model_manager.py:401] Regarding Qwen3VLForConditionalGeneration, no matching PunicaWrapper is found; visual.blocks.0.mlp.linear_fc1 will be ignored.
[36m(vLLMHttpServer pid=3168345)[0m (Worker pid=3169168) WARNING 09-04 09:44:35 [model_manager.py:401] Regarding Qwen3VLForConditionalGeneration, no matching PunicaWrapper is found; visual.blocks.0.mlp.linear_fc2 will be ignored.
[36m(vLLMHttpServer pid=3168345)[0m (Worker pid=3169168) WARNING 09-04 09:44:35 [model_manager.py:401] Regarding Qwen3VLForConditionalGeneration, no matching PunicaWrapper is found; visual.blocks.1.attn.qkv will be ignored.
[36m(vLLMHttpServer pid=3168345)[0m (Worker pid=3169168) WARNING 09-04 09:44:35 [model_manager.py:401] Regarding Qwen3VLForConditionalGeneration, no matching PunicaWrapper is found; visual.blocks.1.attn.proj will be ignored.
[36m(vLLMHttpServer pid=3168345)[0m (Worker pid=3169168) WARNING 09-04 09:44:35 [model_manager.py:401] Regarding Qwen3VLForConditionalGeneration, no matching PunicaWrapper is found; visual.blocks.1.mlp.linear_fc1 will be ignored.
[36m(vLLMHttpServer pid=3168345)[0m (Worker pid=3169168) WARNING 09-04 09:44:35 [model_manager.py:401] Regarding Qwen3VLForConditionalGeneration, no matching PunicaWrapper is found; visual.blocks.1.mlp.linear_fc2 will be ignored.
[36m(vLLMHttpServer pid=3168345)[0m (Worker pid=3169168) WARNING 09-04 09:44:35 [model_manager.py:401] Regarding Qwen3VLForConditionalGeneration, no matching PunicaWrapper is found; visual.blocks.2.attn.qkv will be ignored.
[36m(vLLMHttpServer pid=3168345)[0m (Worker pid=3169168) WARNING 09-04 09:44:35 [model_manager.py:401] Regarding Qwen3VLForConditionalGeneration, no matching PunicaWrapper is found; visual.blocks.2.attn.proj will be ignored.
[36m(vLLMHttpServer pid=3168345)[0m (Worker pid=3169168) WARNING 09-04 09:44:35 [model_manager.py:401] Regarding Qwen3VLForConditionalGeneration, no matching PunicaWrapper is found; visual.blocks.2.mlp.linear_fc1 will be ignored.
[36m(vLLMHttpServer pid=3168345)[0m (Worker pid=3169168) WARNING 09-04 09:44:35 [model_manager.py:401] Regarding Qwen3VLForConditionalGeneration, no matching PunicaWrapper is found; visual.blocks.2.mlp.linear_fc2 will be ignored.
[36m(vLLMHttpServer pid=3168345)[0m (Worker pid=3169168) WARNING 09-04 09:44:35 [model_manager.py:401] Regarding Qwen3VLForConditionalGeneration, no matching PunicaWrapper is found; visual.blocks.3.attn.qkv will be ignored.
[36m(vLLMHttpServer pid=3168345)[0m (Worker pid=3169168) WARNING 09-04 09:44:35 [model_manager.py:401] Regarding Qwen3VLForConditionalGeneration, no matching PunicaWrapper is found; visual.blocks.3.attn.proj will be ignored.
[36m(vLLMHttpServer pid=3168345)[0m (Worker pid=3169168) WARNING 09-04 09:44:35 [model_manager.py:401] Regarding Qwen3VLForConditionalGeneration, no matching PunicaWrapper is found; visual.blocks.3.mlp.linear_fc1 will be ignored.
[36m(vLLMHttpServer pid=3168345)[0m (Worker pid=3169168) WARNING 09-04 09:44:35 [model_manager.py:401] Regarding Qwen3VLForConditionalGeneration, no matching PunicaWrapper is found; visual.blocks.3.mlp.linear_fc2 will be ignored.
[36m(vLLMHttpServer pid=3168345)[0m (Worker pid=3169168) WARNING 09-04 09:44:35 [model_manager.py:401] Regarding Qwen3VLForConditionalGeneration, no matching PunicaWrapper is found; visual.blocks.4.attn.qkv will be ignored.
[36m(vLLMHttpServer pid=3168345)[0m (Worker pid=3169168) WARNING 09-04 09:44:35 [model_manager.py:401] Regarding Qwen3VLForConditionalGeneration, no matching PunicaWrapper is found; visual.blocks.4.attn.proj will be ignored.
[36m(vLLMHttpServer pid=3168345)[0m (Worker pid=3169168) WARNING 09-04 09:44:35 [model_manager.py:401] Regarding Qwen3VLForConditionalGeneration, no matching PunicaWrapper is found; visual.blocks.4.mlp.linear_fc1 will be ignored.
[36m(vLLMHttpServer pid=3168345)[0m (Worker pid=3169168) WARNING 09-04 09:44:35 [model_manager.py:401] Regarding Qwen3VLForConditionalGeneration, no matching PunicaWrapper is found; visual.blocks.4.mlp.linear_fc2 will be ignored.
[36m(vLLMHttpServer pid=3168345)[0m (Worker pid=3169168) WARNING 09-04 09:44:35 [model_manager.py:401] Regarding Qwen3VLForConditionalGeneration, no matching PunicaWrapper is found; visual.blocks.5.attn.qkv will be ignored.
[36m(vLLMHttpServer pid=3168345)[0m (Worker pid=3169168) WARNING 09-04 09:44:35 [model_manager.py:401] Regarding Qwen3VLForConditionalGeneration, no matching PunicaWrapper is found; visual.blocks.5.attn.proj will be ignored.
[36m(vLLMHttpServer pid=3168345)[0m (Worker pid=3169168) WARNING 09-04 09:44:35 [model_manager.py:401] Regarding Qwen3VLForConditionalGeneration, no matching PunicaWrapper is found; visual.blocks.5.mlp.linear_fc1 will be ignored.
[36m(vLLMHttpServer pid=3168345)[0m (Worker pid=3169168) WARNING 09-04 09:44:35 [model_manager.py:401] Regarding Qwen3VLForConditionalGeneration, no matching PunicaWrapper is found; visual.blocks.5.mlp.linear_fc2 will be ignored.
[36m(vLLMHttpServer pid=3168345)[0m (Worker pid=3169168) WARNING 09-04 09:44:35 [model_manager.py:401] Regarding Qwen3VLForConditionalGeneration, no matching PunicaWrapper is found; visual.blocks.6.attn.qkv will be ignored.
[36m(vLLMHttpServer pid=3168345)[0m (Worker pid=3169168) WARNING 09-04 09:44:35 [model_manager.py:401] Regarding Qwen3VLForConditionalGeneration, no matching PunicaWrapper is found; visual.blocks.6.attn.proj will be ignored.
[36m(vLLMHttpServer pid=3168345)[0m (Worker pid=3169168) WARNING 09-04 09:44:35 [model_manager.py:401] Regarding Qwen3VLForConditionalGeneration, no matching PunicaWrapper is found; visual.blocks.6.mlp.linear_fc1 will be ignored.
[36m(vLLMHttpServer pid=3168345)[0m (Worker pid=3169168) WARNING 09-04 09:44:35 [model_manager.py:401] Regarding Qwen3VLForConditionalGeneration, no matching PunicaWrapper is found; visual.blocks.6.mlp.linear_fc2 will be ignored.
[36m(vLLMHttpServer pid=3168345)[0m (Worker pid=3169168) WARNING 09-04 09:44:35 [model_manager.py:401] Regarding Qwen3VLForConditionalGeneration, no matching PunicaWrapper is found; visual.blocks.7.attn.qkv will be ignored.
[36m(vLLMHttpServer pid=3168345)[0m (Worker pid=3169168) WARNING 09-04 09:44:35 [model_manager.py:401] Regarding Qwen3VLForConditionalGeneration, no matching PunicaWrapper is found; visual.blocks.7.attn.proj will be ignored.
[36m(vLLMHttpServer pid=3168345)[0m (Worker pid=3169168) WARNING 09-04 09:44:35 [model_manager.py:401] Regarding Qwen3VLForConditionalGeneration, no matching PunicaWrapper is found; visual.blocks.7.mlp.linear_fc1 will be ignored.
[36m(vLLMHttpServer pid=3168345)[0m (Worker pid=3169168) WARNING 09-04 09:44:35 [model_manager.py:401] Regarding Qwen3VLForConditionalGeneration, no matching PunicaWrapper is found; visual.blocks.7.mlp.linear_fc2 will be ignored.
[36m(vLLMHttpServer pid=3168345)[0m (Worker pid=3169168) WARNING 09-04 09:44:35 [model_manager.py:401] Regarding Qwen3VLForConditionalGeneration, no matching PunicaWrapper is found; visual.blocks.8.attn.qkv will be ignored.
[36m(vLLMHttpServer pid=3168345)[0m (Worker pid=3169168) WARNING 09-04 09:44:35 [model_manager.py:401] Regarding Qwen3VLForConditionalGeneration, no matching PunicaWrapper is found; visual.blocks.8.attn.proj will be ignored.
[36m(vLLMHttpServer pid=3168345)[0m (Worker pid=3169168) WARNING 09-04 09:44:35 [model_manager.py:401] Regarding Qwen3VLForConditionalGeneration, no matching PunicaWrapper is found; visual.blocks.8.mlp.linear_fc1 will be ignored.
[36m(vLLMHttpServer pid=3168345)[0m (Worker pid=3169168) WARNING 09-04 09:44:35 [model_manager.py:401] Regarding Qwen3VLForConditionalGeneration, no matching PunicaWrapper is found; visual.blocks.8.mlp.linear_fc2 will be ignored.
[36m(vLLMHttpServer pid=3168345)[0m (Worker pid=3169168) WARNING 09-04 09:44:35 [model_manager.py:401] Regarding Qwen3VLForConditionalGeneration, no matching PunicaWrapper is found; visual.blocks.9.attn.qkv will be ignored.
[36m(vLLMHttpServer pid=3168345)[0m (Worker pid=3169168) WARNING 09-04 09:44:35 [model_manager.py:401] Regarding Qwen3VLForConditionalGeneration, no matching PunicaWrapper is found; visual.blocks.9.attn.proj will be ignored.
[36m(vLLMHttpServer pid=3168345)[0m (Worker pid=3169168) WARNING 09-04 09:44:35 [model_manager.py:401] Regarding Qwen3VLForConditionalGeneration, no matching PunicaWrapper is found; visual.blocks.9.mlp.linear_fc1 will be ignored.
[36m(vLLMHttpServer pid=3168345)[0m (Worker pid=3169168) WARNING 09-04 09:44:35 [model_manager.py:401] Regarding Qwen3VLForConditionalGeneration, no matching PunicaWrapper is found; visual.blocks.9.mlp.linear_fc2 will be ignored.
[36m(vLLMHttpServer pid=3168345)[0m (Worker pid=3169168) WARNING 09-04 09:44:35 [model_manager.py:401] Regarding Qwen3VLForConditionalGeneration, no matching PunicaWrapper is found; visual.blocks.10.attn.qkv will be ignored.
[36m(vLLMHttpServer pid=3168345)[0m (Worker pid=3169168) WARNING 09-04 09:44:35 [model_manager.py:401] Regarding Qwen3VLForConditionalGeneration, no matching PunicaWrapper is found; visual.blocks.10.attn.proj will be ignored.
[36m(vLLMHttpServer pid=3168345)[0m (Worker pid=3169168) WARNING 09-04 09:44:35 [model_manager.py:401] Regarding Qwen3VLForConditionalGeneration, no matching PunicaWrapper is found; visual.blocks.10.mlp.linear_fc1 will be ignored.
[36m(vLLMHttpServer pid=3168345)[0m (Worker pid=3169168) WARNING 09-04 09:44:35 [model_manager.py:401] Regarding Qwen3VLForConditionalGeneration, no matching PunicaWrapper is found; visual.blocks.10.mlp.linear_fc2 will be ignored.
[36m(vLLMHttpServer pid=3168345)[0m (Worker pid=3169168) WARNING 09-04 09:44:35 [model_manager.py:401] Regarding Qwen3VLForConditionalGeneration, no matching PunicaWrapper is found; visual.blocks.11.attn.qkv will be ignored.
[36m(vLLMHttpServer pid=3168345)[0m (Worker pid=3169168) WARNING 09-04 09:44:35 [model_manager.py:401] Regarding Qwen3VLForConditionalGeneration, no matching PunicaWrapper is found; visual.blocks.11.attn.proj will be ignored.
[36m(vLLMHttpServer pid=3168345)[0m (Worker pid=3169168) WARNING 09-04 09:44:35 [model_manager.py:401] Regarding Qwen3VLForConditionalGeneration, no matching PunicaWrapper is found; visual.blocks.11.mlp.linear_fc1 will be ignored.
[36m(vLLMHttpServer pid=3168345)[0m (Worker pid=3169168) WARNING 09-04 09:44:35 [model_manager.py:401] Regarding Qwen3VLForConditionalGeneration, no matching PunicaWrapper is found; visual.blocks.11.mlp.linear_fc2 will be ignored.
[36m(vLLMHttpServer pid=3168345)[0m (Worker pid=3169168) WARNING 09-04 09:44:35 [model_manager.py:401] Regarding Qwen3VLForConditionalGeneration, no matching PunicaWrapper is found; visual.blocks.12.attn.qkv will be ignored.
[36m(vLLMHttpServer pid=3168345)[0m (Worker pid=3169168) WARNING 09-04 09:44:35 [model_manager.py:401] Regarding Qwen3VLForConditionalGeneration, no matching PunicaWrapper is found; visual.blocks.12.attn.proj will be ignored.
[36m(vLLMHttpServer pid=3168345)[0m (Worker pid=3169168) WARNING 09-04 09:44:35 [model_manager.py:401] Regarding Qwen3VLForConditionalGeneration, no matching PunicaWrapper is found; visual.blocks.12.mlp.linear_fc1 will be ignored.
[36m(vLLMHttpServer pid=3168345)[0m (Worker pid=3169168) WARNING 09-04 09:44:35 [model_manager.py:401] Regarding Qwen3VLForConditionalGeneration, no matching PunicaWrapper is found; visual.blocks.12.mlp.linear_fc2 will be ignored.
[36m(vLLMHttpServer pid=3168345)[0m (Worker pid=3169168) WARNING 09-04 09:44:35 [model_manager.py:401] Regarding Qwen3VLForConditionalGeneration, no matching PunicaWrapper is found; visual.blocks.13.attn.qkv will be ignored.
[36m(vLLMHttpServer pid=3168345)[0m (Worker pid=3169168) WARNING 09-04 09:44:35 [model_manager.py:401] Regarding Qwen3VLForConditionalGeneration, no matching PunicaWrapper is found; visual.blocks.13.attn.proj will be ignored.
[36m(vLLMHttpServer pid=3168345)[0m (Worker pid=3169168) WARNING 09-04 09:44:35 [model_manager.py:401] Regarding Qwen3VLForConditionalGeneration, no matching PunicaWrapper is found; visual.blocks.13.mlp.linear_fc1 will be ignored.
[36m(vLLMHttpServer pid=3168345)[0m (Worker pid=3169168) WARNING 09-04 09:44:35 [model_manager.py:401] Regarding Qwen3VLForConditionalGeneration, no matching PunicaWrapper is found; visual.blocks.13.mlp.linear_fc2 will be ignored.
[36m(vLLMHttpServer pid=3168345)[0m (Worker pid=3169168) WARNING 09-04 09:44:35 [model_manager.py:401] Regarding Qwen3VLForConditionalGeneration, no matching PunicaWrapper is found; visual.blocks.14.attn.qkv will be ignored.
[36m(vLLMHttpServer pid=3168345)[0m (Worker pid=3169168) WARNING 09-04 09:44:35 [model_manager.py:401] Regarding Qwen3VLForConditionalGeneration, no matching PunicaWrapper is found; visual.blocks.14.attn.proj will be ignored.
[36m(vLLMHttpServer pid=3168345)[0m (Worker pid=3169168) WARNING 09-04 09:44:35 [model_manager.py:401] Regarding Qwen3VLForConditionalGeneration, no matching PunicaWrapper is found; visual.blocks.14.mlp.linear_fc1 will be ignored.
[36m(vLLMHttpServer pid=3168345)[0m (Worker pid=3169168) WARNING 09-04 09:44:35 [model_manager.py:401] Regarding Qwen3VLForConditionalGeneration, no matching PunicaWrapper is found; visual.blocks.14.mlp.linear_fc2 will be ignored.
[36m(vLLMHttpServer pid=3168345)[0m (Worker pid=3169168) WARNING 09-04 09:44:35 [model_manager.py:401] Regarding Qwen3VLForConditionalGeneration, no matching PunicaWrapper is found; visual.blocks.15.attn.qkv will be ignored.
[36m(vLLMHttpServer pid=3168345)[0m (Worker pid=3169168) WARNING 09-04 09:44:35 [model_manager.py:401] Regarding Qwen3VLForConditionalGeneration, no matching PunicaWrapper is found; visual.blocks.15.attn.proj will be ignored.
[36m(vLLMHttpServer pid=3168345)[0m (Worker pid=3169168) WARNING 09-04 09:44:35 [model_manager.py:401] Regarding Qwen3VLForConditionalGeneration, no matching PunicaWrapper is found; visual.blocks.15.mlp.linear_fc1 will be ignored.
[36m(vLLMHttpServer pid=3168345)[0m (Worker pid=3169168) WARNING 09-04 09:44:35 [model_manager.py:401] Regarding Qwen3VLForConditionalGeneration, no matching PunicaWrapper is found; visual.blocks.15.mlp.linear_fc2 will be ignored.
[36m(vLLMHttpServer pid=3168345)[0m (Worker pid=3169168) WARNING 09-04 09:44:35 [model_manager.py:401] Regarding Qwen3VLForConditionalGeneration, no matching PunicaWrapper is found; visual.blocks.16.attn.qkv will be ignored.
[36m(vLLMHttpServer pid=3168345)[0m (Worker pid=3169168) WARNING 09-04 09:44:35 [model_manager.py:401] Regarding Qwen3VLForConditionalGeneration, no matching PunicaWrapper is found; visual.blocks.16.attn.proj will be ignored.
[36m(vLLMHttpServer pid=3168345)[0m (Worker pid=3169168) WARNING 09-04 09:44:35 [model_manager.py:401] Regarding Qwen3VLForConditionalGeneration, no matching PunicaWrapper is found; visual.blocks.16.mlp.linear_fc1 will be ignored.
[36m(vLLMHttpServer pid=3168345)[0m (Worker pid=3169168) WARNING 09-04 09:44:35 [model_manager.py:401] Regarding Qwen3VLForConditionalGeneration, no matching PunicaWrapper is found; visual.blocks.16.mlp.linear_fc2 will be ignored.
[36m(vLLMHttpServer pid=3168345)[0m (Worker pid=3169168) WARNING 09-04 09:44:35 [model_manager.py:401] Regarding Qwen3VLForConditionalGeneration, no matching PunicaWrapper is found; visual.blocks.17.attn.qkv will be ignored.
[36m(vLLMHttpServer pid=3168345)[0m (Worker pid=3169168) WARNING 09-04 09:44:35 [model_manager.py:401] Regarding Qwen3VLForConditionalGeneration, no matching PunicaWrapper is found; visual.blocks.17.attn.proj will be ignored.[36m(vLLMHttpServer pid=3168345)[0m (Worker pid=3169168) Capturing CUDA graphs (mixed prefill-decode, PIECEWISE):   0%|          | 0/102 [00:00<?, ?it/s]
[36m(vLLMHttpServer pid=3168345)[0m Capturing CUDA graphs (mixed prefill-decode, PIECEWISE):   1%|          | 1/102 [00:00<00:15,  6.48it/s]
[36m(vLLMHttpServer pid=3168345)[0m Capturing CUDA graphs (mixed prefill-decode, PIECEWISE):   3%|▎         | 3/102 [00:00<00:08, 11.28it/s]
[36m(vLLMHttpServer pid=3168345)[0m Capturing CUDA graphs (mixed prefill-decode, PIECEWISE):   5%|▍         | 5/102 [00:00<00:07, 12.94it/s]
[36m(vLLMHttpServer pid=3168345)[0m Capturing CUDA graphs (mixed prefill-decode, PIECEWISE):   7%|▋         | 7/102 [00:00<00:06, 13.63it/s]
[36m(vLLMHttpServer pid=3168345)[0m Capturing CUDA graphs (mixed prefill-decode, PIECEWISE):   9%|▉         | 9/102 [00:00<00:06, 14.10it/s]
[36m(vLLMHttpServer pid=3168345)[0m Capturing CUDA graphs (mixed prefill-decode, PIECEWISE):  11%|█         | 11/102 [00:00<00:06, 14.32it/s]
[36m(vLLMHttpServer pid=3168345)[0m Capturing CUDA graphs (mixed prefill-decode, PIECEWISE):  13%|█▎        | 13/102 [00:00<00:06, 14.43it/s]
[36m(vLLMHttpServer pid=3168345)[0m Capturing CUDA graphs (mixed prefill-decode, PIECEWISE):  15%|█▍        | 15/102 [00:01<00:05, 14.58it/s]
[36m(vLLMHttpServer pid=3168345)[0m Capturing CUDA graphs (mixed prefill-decode, PIECEWISE):  17%|█▋        | 17/102 [00:01<00:05, 14.65it/s]
[36m(vLLMHttpServer pid=3168345)[0m Capturing CUDA graphs (mixed prefill-decode, PIECEWISE):  19%|█▊        | 19/102 [00:01<00:05, 14.72it/s]
[36m(vLLMHttpServer pid=3168345)[0m Capturing CUDA graphs (mixed prefill-decode, PIECEWISE):  21%|██        | 21/102 [00:01<00:05, 14.68it/s]
[36m(vLLMHttpServer pid=3168345)[0m Capturing CUDA graphs (mixed prefill-decode, PIECEWISE):  23%|██▎       | 23/102 [00:01<00:05, 14.75it/s]
[36m(vLLMHttpServer pid=3168345)[0m Capturing CUDA graphs (mixed prefill-decode, PIECEWISE):  25%|██▍       | 25/102 [00:01<00:05, 14.74it/s]
[36m(vLLMHttpServer pid=3168345)[0m Capturing CUDA graphs (mixed prefill-decode, PIECEWISE):  26%|██▋       | 27/102 [00:01<00:05, 14.82it/s]
[36m(vLLMHttpServer pid=3168345)[0m Capturing CUDA graphs (mixed prefill-decode, PIECEWISE):  28%|██▊       | 29/102 [00:02<00:05, 14.34it/s]
[36m(vLLMHttpServer pid=3168345)[0m Capturing CUDA graphs (mixed prefill-decode, PIECEWISE):  30%|███       | 31/102 [00:02<00:04, 14.51it/s]
[36m(vLLMHttpServer pid=3168345)[0m Capturing CUDA graphs (mixed prefill-decode, PIECEWISE):  32%|███▏      | 33/102 [00:02<00:04, 14.65it/s]
[36m(vLLMHttpServer pid=3168345)[0m Capturing CUDA graphs (mixed prefill-decode, PIECEWISE):  34%|███▍      | 35/102 [00:02<00:04, 14.28it/s]
[36m(vLLMHttpServer pid=3168345)[0m Capturing CUDA graphs (mixed prefill-decode, PIECEWISE):  36%|███▋      | 37/102 [00:02<00:04, 14.31it/s]
[36m(vLLMHttpServer pid=3168345)[0m Capturing CUDA graphs (mixed prefill-decode, PIECEWISE):  38%|███▊      | 39/102 [00:02<00:04, 14.39it/s]
[36m(vLLMHttpServer pid=3168345)[0m Capturing CUDA graphs (mixed prefill-decode, PIECEWISE):  40%|████      | 41/102 [00:02<00:04, 14.52it/s]
[36m(vLLMHttpServer pid=3168345)[0m Capturing CUDA graphs (mixed prefill-decode, PIECEWISE):  42%|████▏     | 43/102 [00:03<00:04, 14.60it/s]
[36m(vLLMHttpServer pid=3168345)[0m Capturing CUDA graphs (mixed prefill-decode, PIECEWISE):  44%|████▍     | 45/102 [00:03<00:03, 14.61it/s]
[36m(vLLMHttpServer pid=3168345)[0m Capturing CUDA graphs (mixed prefill-decode, PIECEWISE):  46%|████▌     | 47/102 [00:03<00:03, 14.61it/s]
[36m(vLLMHttpServer pid=3168345)[0m Capturing CUDA graphs (mixed prefill-decode, PIECEWISE):  48%|████▊     | 49/102 [00:03<00:03, 14.61it/s]
[36m(vLLMHttpServer pid=3168345)[0m Capturing CUDA graphs (mixed prefill-decode, PIECEWISE):  50%|█████     | 51/102 [00:03<00:03, 14.56it/s]
[36m(vLLMHttpServer pid=3168345)[0m Capturing CUDA graphs (mixed prefill-decode, PIECEWISE):  52%|█████▏    | 53/102 [00:03<00:03, 14.51it/s]
[36m(vLLMHttpServer pid=3168345)[0m Capturing CUDA graphs (mixed prefill-decode, PIECEWISE):  54%|█████▍    | 55/102 [00:03<00:03, 14.53it/s]
[36m(vLLMHttpServer pid=3168345)[0m Capturing CUDA graphs (mixed prefill-decode, PIECEWISE):  56%|█████▌    | 57/102 [00:03<00:03, 14.53it/s]
[36m(vLLMHttpServer pid=3168345)[0m Capturing CUDA graphs (mixed prefill-decode, PIECEWISE):  58%|█████▊    | 59/102 [00:04<00:02, 14.57it/s]
[36m(vLLMHttpServer pid=3168345)[0m Capturing CUDA graphs (mixed prefill-decode, PIECEWISE):  60%|█████▉    | 61/102 [00:04<00:02, 14.59it/s]
[36m(vLLMHttpServer pid=3168345)[0m Capturing CUDA graphs (mixed prefill-decode, PIECEWISE):  62%|██████▏   | 63/102 [00:04<00:02, 14.57it/s]
[36m(vLLMHttpServer pid=3168345)[0m Capturing CUDA graphs (mixed prefill-decode, PIECEWISE):  64%|██████▎   | 65/102 [00:04<00:02, 14.54it/s]
[36m(vLLMHttpServer pid=3168345)[0m Capturing CUDA graphs (mixed prefill-decode, PIECEWISE):  66%|██████▌   | 67/102 [00:04<00:02, 14.22it/s]
[36m(vLLMHttpServer pid=3168345)[0m Capturing CUDA graphs (mixed prefill-decode, PIECEWISE):  68%|██████▊   | 69/102 [00:04<00:02, 13.87it/s]
[36m(vLLMHttpServer pid=3168345)[0m Capturing CUDA graphs (mixed prefill-decode, PIECEWISE):  70%|██████▉   | 71/102 [00:04<00:02, 13.95it/s]
[36m(vLLMHttpServer pid=3168345)[0m Capturing CUDA graphs (mixed prefill-decode, PIECEWISE):  72%|███████▏  | 73/102 [00:05<00:02, 14.07it/s]
[36m(vLLMHttpServer pid=3168345)[0m Capturing CUDA graphs (mixed prefill-decode, PIECEWISE):  74%|███████▎  | 75/102 [00:05<00:01, 14.05it/s]
[36m(vLLMHttpServer pid=3168345)[0m Capturing CUDA graphs (mixed prefill-decode, PIECEWISE):  75%|███████▌  | 77/102 [00:05<00:01, 14.16it/s]
[36m(vLLMHttpServer pid=3168345)[0m Capturing CUDA graphs (mixed prefill-decode, PIECEWISE):  77%|███████▋  | 79/102 [00:05<00:01, 14.17it/s]
[36m(vLLMHttpServer pid=3168345)[0m Capturing CUDA graphs (mixed prefill-decode, PIECEWISE):  79%|███████▉  | 81/102 [00:05<00:01, 14.23it/s]
[36m(vLLMHttpServer pid=3168345)[0m Capturing CUDA graphs (mixed prefill-decode, PIECEWISE):  81%|████████▏ | 83/102 [00:05<00:01, 14.28it/s]
[36m(vLLMHttpServer pid=3168345)[0m Capturing CUDA graphs (mixed prefill-decode, PIECEWISE):  83%|████████▎ | 85/102 [00:05<00:01, 14.30it/s]
[36m(vLLMHttpServer pid=3168345)[0m Capturing CUDA graphs (mixed prefill-decode, PIECEWISE):  85%|████████▌ | 87/102 [00:06<00:01, 14.27it/s]
[36m(vLLMHttpServer pid=3168345)[0m Capturing CUDA graphs (mixed prefill-decode, PIECEWISE):  87%|████████▋ | 89/102 [00:06<00:00, 14.29it/s]
[36m(vLLMHttpServer pid=3168345)[0m Capturing CUDA graphs (mixed prefill-decode, PIECEWISE):  89%|████████▉ | 91/102 [00:06<00:00, 14.33it/s]
[36m(vLLMHttpServer pid=3168345)[0m Capturing CUDA graphs (mixed prefill-decode, PIECEWISE):  91%|█████████ | 93/102 [00:06<00:00, 14.34it/s]
[36m(vLLMHttpServer pid=3168345)[0m Capturing CUDA graphs (mixed prefill-decode, PIECEWISE):  93%|█████████▎| 95/102 [00:06<00:00, 14.35it/s]
[36m(vLLMHttpServer pid=3168345)[0m Capturing CUDA graphs (mixed prefill-decode, PIECEWISE):  95%|█████████▌| 97/102 [00:06<00:00, 14.33it/s]
[36m(vLLMHttpServer pid=3168345)[0m Capturing CUDA graphs (mixed prefill-decode, PIECEWISE):  97%|█████████▋| 99/102 [00:06<00:00, 13.66it/s]
[36m(vLLMHttpServer pid=3168345)[0m Capturing CUDA graphs (mixed prefill-decode, PIECEWISE):  99%|█████████▉| 101/102 [00:07<00:00, 12.83it/s]
[36m(vLLMHttpServer pid=3168345)[0m Capturing CUDA graphs (mixed prefill-decode, PIECEWISE): 100%|██████████| 102/102 [00:07<00:00, 14.21it/s]
[36m(vLLMHttpServer pid=3168345)[0m (Worker pid=3169168) Capturing CUDA graphs (decode, FULL):   0%|          | 0/70 [00:00<?, ?it/s]
[36m(vLLMHttpServer pid=3168345)[0m Capturing CUDA graphs (decode, FULL):   1%|▏         | 1/70 [00:00<00:10,  6.57it/s]
[36m(vLLMHttpServer pid=3168345)[0m Capturing CUDA graphs (decode, FULL):   4%|▍         | 3/70 [00:00<00:05, 11.36it/s]
[36m(vLLMHttpServer pid=3168345)[0m Capturing CUDA graphs (decode, FULL):   7%|▋         | 5/70 [00:00<00:04, 13.01it/s]
[36m(vLLMHttpServer pid=3168345)[0m Capturing CUDA graphs (decode, FULL):  10%|█         | 7/70 [00:00<00:04, 13.97it/s]
[36m(vLLMHttpServer pid=3168345)[0m Capturing CUDA graphs (decode, FULL):  13%|█▎        | 9/70 [00:00<00:04, 14.46it/s]
[36m(vLLMHttpServer pid=3168345)[0m Capturing CUDA graphs (decode, FULL):  16%|█▌        | 11/70 [00:00<00:03, 14.83it/s]
[36m(vLLMHttpServer pid=3168345)[0m Capturing CUDA graphs (decode, FULL):  19%|█▊        | 13/70 [00:00<00:03, 15.04it/s]
[36m(vLLMHttpServer pid=3168345)[0m Capturing CUDA graphs (decode, FULL):  21%|██▏       | 15/70 [00:01<00:03, 15.17it/s]
[36m(vLLMHttpServer pid=3168345)[0m Capturing CUDA graphs (decode, FULL):  24%|██▍       | 17/70 [00:01<00:03, 15.22it/s]
[36m(vLLMHttpServer pid=3168345)[0m Capturing CUDA graphs (decode, FULL):  27%|██▋       | 19/70 [00:01<00:03, 15.17it/s]
[36m(vLLMHttpServer pid=3168345)[0m Capturing CUDA graphs (decode, FULL):  30%|███       | 21/70 [00:01<00:03, 15.22it/s]
[36m(vLLMHttpServer pid=3168345)[0m Capturing CUDA graphs (decode, FULL):  33%|███▎      | 23/70 [00:01<00:03, 15.28it/s]
[36m(vLLMHttpServer pid=3168345)[0m Capturing CUDA graphs (decode, FULL):  36%|███▌      | 25/70 [00:01<00:02, 15.31it/s]
[36m(vLLMHttpServer pid=3168345)[0m Capturing CUDA graphs (decode, FULL):  39%|███▊      | 27/70 [00:01<00:02, 15.34it/s]
[36m(vLLMHttpServer pid=3168345)[0m Capturing CUDA graphs (decode, FULL):  41%|████▏     | 29/70 [00:01<00:02, 15.32it/s]
[36m(vLLMHttpServer pid=3168345)[0m Capturing CUDA graphs (decode, FULL):  44%|████▍     | 31/70 [00:02<00:02, 15.24it/s]
[36m(vLLMHttpServer pid=3168345)[0m Capturing CUDA graphs (decode, FULL):  47%|████▋     | 33/70 [00:02<00:02, 15.25it/s]
[36m(vLLMHttpServer pid=3168345)[0m Capturing CUDA graphs (decode, FULL):  50%|█████     | 35/70 [00:02<00:02, 15.21it/s]
[36m(vLLMHttpServer pid=3168345)[0m Capturing CUDA graphs (decode, FULL):  53%|█████▎    | 37/70 [00:02<00:02, 15.23it/s]
[36m(vLLMHttpServer pid=3168345)[0m Capturing CUDA graphs (decode, FULL):  56%|█████▌    | 39/70 [00:02<00:02, 15.22it/s]
[36m(vLLMHttpServer pid=3168345)[0m Capturing CUDA graphs (decode, FULL):  59%|█████▊    | 41/70 [00:02<00:01, 15.27it/s]
[36m(vLLMHttpServer pid=3168345)[0m Capturing CUDA graphs (decode, FULL):  61%|██████▏   | 43/70 [00:02<00:01, 15.32it/s]
[36m(vLLMHttpServer pid=3168345)[0m Capturing CUDA graphs (decode, FULL):  64%|██████▍   | 45/70 [00:03<00:01, 15.32it/s]
[36m(vLLMHttpServer pid=3168345)[0m Capturing CUDA graphs (decode, FULL):  67%|██████▋   | 47/70 [00:03<00:01, 15.31it/s]
[36m(vLLMHttpServer pid=3168345)[0m Capturing CUDA graphs (decode, FULL):  70%|███████   | 49/70 [00:03<00:01, 15.25it/s]
[36m(vLLMHttpServer pid=3168345)[0m Capturing CUDA graphs (decode, FULL):  73%|███████▎  | 51/70 [00:03<00:01, 15.28it/s]
[36m(vLLMHttpServer pid=3168345)[0m Capturing CUDA graphs (decode, FULL):  76%|███████▌  | 53/70 [00:03<00:01, 15.35it/s]
[36m(vLLMHttpServer pid=3168345)[0m Capturing CUDA graphs (decode, FULL):  79%|███████▊  | 55/70 [00:03<00:00, 15.45it/s]
[36m(vLLMHttpServer pid=3168345)[0m Capturing CUDA graphs (decode, FULL):  81%|████████▏ | 57/70 [00:03<00:00, 15.47it/s]
[36m(vLLMHttpServer pid=3168345)[0m Capturing CUDA graphs (decode, FULL):  84%|████████▍ | 59/70 [00:03<00:00, 15.46it/s]
[36m(vLLMHttpServer pid=3168345)[0m Capturing CUDA graphs (decode, FULL):  87%|████████▋ | 61/70 [00:04<00:00, 15.47it/s]
[36m(vLLMHttpServer pid=3168345)[0m Capturing CUDA graphs (decode, FULL):  90%|█████████ | 63/70 [00:04<00:00, 15.52it/s]
[36m(vLLMHttpServer pid=3168345)[0m Capturing CUDA graphs (decode, FULL):  93%|█████████▎| 65/70 [00:04<00:00, 15.38it/s]
[36m(vLLMHttpServer pid=3168345)[0m Capturing CUDA graphs (decode, FULL):  96%|█████████▌| 67/70 [00:04<00:00, 15.39it/s]
[36m(vLLMHttpServer pid=3168345)[0m Capturing CUDA graphs (decode, FULL):  99%|█████████▊| 69/70 [00:04<00:00, 15.36it/s]
[36m(vLLMHttpServer pid=3168345)[0m Capturing CUDA graphs (decode, FULL): 100%|██████████| 70/70 [00:04<00:00, 15.13it/s]
[36m(vLLMHttpServer pid=3168345)[0m (EngineCore pid=3169131) [transformers] The `use_fast` parameter is deprecated and will be removed in a future version. Use `backend="torchvision"` instead of `use_fast=True`, or `backend="pil"` instead of `use_fast=False`.

[36m(vLLMHttpServer pid=3168345)[0m (Worker pid=3169168) WARNING 09-04 09:44:35 [model_manager.py:401] Regarding Qwen3VLForConditionalGeneration, no matching PunicaWrapper is found; visual.blocks.17.mlp.linear_fc1 will be ignored.
[36m(vLLMHttpServer pid=3168345)[0m (Worker pid=3169168) WARNING 09-04 09:44:35 [model_manager.py:401] Regarding Qwen3VLForConditionalGeneration, no matching PunicaWrapper is found; visual.blocks.17.mlp.linear_fc2 will be ignored.
[36m(vLLMHttpServer pid=3168345)[0m (Worker pid=3169168) WARNING 09-04 09:44:35 [model_manager.py:401] Regarding Qwen3VLForConditionalGeneration, no matching PunicaWrapper is found; visual.blocks.18.attn.qkv will be ignored.
[36m(vLLMHttpServer pid=3168345)[0m (Worker pid=3169168) WARNING 09-04 09:44:35 [model_manager.py:401] Regarding Qwen3VLForConditionalGeneration, no matching PunicaWrapper is found; visual.blocks.18.attn.proj will be ignored.
[36m(vLLMHttpServer pid=3168345)[0m (Worker pid=3169168) WARNING 09-04 09:44:35 [model_manager.py:401] Regarding Qwen3VLForConditionalGeneration, no matching PunicaWrapper is found; visual.blocks.18.mlp.linear_fc1 will be ignored.
[36m(vLLMHttpServer pid=3168345)[0m (Worker pid=3169168) WARNING 09-04 09:44:35 [model_manager.py:401] Regarding Qwen3VLForConditionalGeneration, no matching PunicaWrapper is found; visual.blocks.18.mlp.linear_fc2 will be ignored.
[36m(vLLMHttpServer pid=3168345)[0m (Worker pid=3169168) WARNING 09-04 09:44:35 [model_manager.py:401] Regarding Qwen3VLForConditionalGeneration, no matching PunicaWrapper is found; visual.blocks.19.attn.qkv will be ignored.
[36m(vLLMHttpServer pid=3168345)[0m (Worker pid=3169168) WARNING 09-04 09:44:35 [model_manager.py:401] Regarding Qwen3VLForConditionalGeneration, no matching PunicaWrapper is found; visual.blocks.19.attn.proj will be ignored.
[36m(vLLMHttpServer pid=3168345)[0m (Worker pid=3169168) WARNING 09-04 09:44:35 [model_manager.py:401] Regarding Qwen3VLForConditionalGeneration, no matching PunicaWrapper is found; visual.blocks.19.mlp.linear_fc1 will be ignored.
[36m(vLLMHttpServer pid=3168345)[0m (Worker pid=3169168) WARNING 09-04 09:44:35 [model_manager.py:401] Regarding Qwen3VLForConditionalGeneration, no matching PunicaWrapper is found; visual.blocks.19.mlp.linear_fc2 will be ignored.
[36m(vLLMHttpServer pid=3168345)[0m (Worker pid=3169168) WARNING 09-04 09:44:35 [model_manager.py:401] Regarding Qwen3VLForConditionalGeneration, no matching PunicaWrapper is found; visual.blocks.20.attn.qkv will be ignored.
[36m(vLLMHttpServer pid=3168345)[0m (Worker pid=3169168) WARNING 09-04 09:44:35 [model_manager.py:401] Regarding Qwen3VLForConditionalGeneration, no matching PunicaWrapper is found; visual.blocks.20.attn.proj will be ignored.
[36m(vLLMHttpServer pid=3168345)[0m (Worker pid=3169168) WARNING 09-04 09:44:35 [model_manager.py:401] Regarding Qwen3VLForConditionalGeneration, no matching PunicaWrapper is found; visual.blocks.20.mlp.linear_fc1 will be ignored.
[36m(vLLMHttpServer pid=3168345)[0m (Worker pid=3169168) WARNING 09-04 09:44:35 [model_manager.py:401] Regarding Qwen3VLForConditionalGeneration, no matching PunicaWrapper is found; visual.blocks.20.mlp.linear_fc2 will be ignored.
[36m(vLLMHttpServer pid=3168345)[0m (Worker pid=3169168) WARNING 09-04 09:44:35 [model_manager.py:401] Regarding Qwen3VLForConditionalGeneration, no matching PunicaWrapper is found; visual.blocks.21.attn.qkv will be ignored.
[36m(vLLMHttpServer pid=3168345)[0m (Worker pid=3169168) WARNING 09-04 09:44:35 [model_manager.py:401] Regarding Qwen3VLForConditionalGeneration, no matching PunicaWrapper is found; visual.blocks.21.attn.proj will be ignored.
[36m(vLLMHttpServer pid=3168345)[0m (Worker pid=3169168) WARNING 09-04 09:44:35 [model_manager.py:401] Regarding Qwen3VLForConditionalGeneration, no matching PunicaWrapper is found; visual.blocks.21.mlp.linear_fc1 will be ignored.
[36m(vLLMHttpServer pid=3168345)[0m (Worker pid=3169168) WARNING 09-04 09:44:35 [model_manager.py:401] Regarding Qwen3VLForConditionalGeneration, no matching PunicaWrapper is found; visual.blocks.21.mlp.linear_fc2 will be ignored.
[36m(vLLMHttpServer pid=3168345)[0m (Worker pid=3169168) WARNING 09-04 09:44:35 [model_manager.py:401] Regarding Qwen3VLForConditionalGeneration, no matching PunicaWrapper is found; visual.blocks.22.attn.qkv will be ignored.
[36m(vLLMHttpServer pid=3168345)[0m (Worker pid=3169168) WARNING 09-04 09:44:35 [model_manager.py:401] Regarding Qwen3VLForConditionalGeneration, no matching PunicaWrapper is found; visual.blocks.22.attn.proj will be ignored.
[36m(vLLMHttpServer pid=3168345)[0m (Worker pid=3169168) WARNING 09-04 09:44:35 [model_manager.py:401] Regarding Qwen3VLForConditionalGeneration, no matching PunicaWrapper is found; visual.blocks.22.mlp.linear_fc1 will be ignored.
[36m(vLLMHttpServer pid=3168345)[0m (Worker pid=3169168) WARNING 09-04 09:44:35 [model_manager.py:401] Regarding Qwen3VLForConditionalGeneration, no matching PunicaWrapper is found; visual.blocks.22.mlp.linear_fc2 will be ignored.
[36m(vLLMHttpServer pid=3168345)[0m (Worker pid=3169168) WARNING 09-04 09:44:35 [model_manager.py:401] Regarding Qwen3VLForConditionalGeneration, no matching PunicaWrapper is found; visual.blocks.23.attn.qkv will be ignored.
[36m(vLLMHttpServer pid=3168345)[0m (Worker pid=3169168) WARNING 09-04 09:44:35 [model_manager.py:401] Regarding Qwen3VLForConditionalGeneration, no matching PunicaWrapper is found; visual.blocks.23.attn.proj will be ignored.
[36m(vLLMHttpServer pid=3168345)[0m (Worker pid=3169168) WARNING 09-04 09:44:35 [model_manager.py:401] Regarding Qwen3VLForConditionalGeneration, no matching PunicaWrapper is found; visual.blocks.23.mlp.linear_fc1 will be ignored.
[36m(vLLMHttpServer pid=3168345)[0m (Worker pid=3169168) WARNING 09-04 09:44:35 [model_manager.py:401] Regarding Qwen3VLForConditionalGeneration, no matching PunicaWrapper is found; visual.blocks.23.mlp.linear_fc2 will be ignored.
[36m(vLLMHttpServer pid=3168345)[0m (Worker pid=3169168) WARNING 09-04 09:44:56 [utils.py:279] Using default LoRA kernel configs
[36m(vLLMHttpServer pid=3168345)[0m WARNING 09-04 09:45:16 [api_router.py:30] LoRA dynamic loading & unloading is enabled in the API server. This should ONLY be used for local development!
[36m(vLLMHttpServer pid=3168345)[0m WARNING 09-04 09:45:16 [model.py:1477] Default vLLM sampling parameters have been overridden by the model's `generation_config.json`: `{'repetition_penalty': 1.0, 'temperature': 1.0, 'top_k': -1, 'top_p': 1, 'max_tokens': 16384}`. If this is not intended, please relaunch vLLM instance with `--generation-config vllm`.
[36m(TaskRunner pid=3167514)[0m LLMServerManager: ['10.110.2.5:44613']
[36m(TaskRunner pid=3167514)[0m Saving tensorboard log to /home/yw4636/agentic-tvg/results/grpo-v2/tb.
[36m(TaskRunner pid=3167514)[0m Found checkpoint: %s /home/yw4636/agentic-tvg/results/grpo-v2/ckpt/global_step_220
[36m(TaskRunner pid=3167514)[0m Load from checkpoint folder: /home/yw4636/agentic-tvg/results/grpo-v2/ckpt/global_step_220
[36m(TaskRunner pid=3167514)[0m Setting global step to 220
[36m(TaskRunner pid=3167514)[0m Resuming from /home/yw4636/agentic-tvg/results/grpo-v2/ckpt/global_step_220
[36m(AgentLoopWorker pid=3170206)[0m Using dataset class: RLHFDataset
[36m(AgentLoopWorker pid=3170206)[0m {
[36m(AgentLoopWorker pid=3170206)[0m   "type": "function",
[36m(AgentLoopWorker pid=3170206)[0m   "function": {
[36m(AgentLoopWorker pid=3170206)[0m     "name": "crop_video",
[36m(AgentLoopWorker pid=3170206)[0m     "description": "Inspect a time interval of the current video closely: returns 30 higher-resolution frames sampled evenly from [start_time, end_time], each labeled with its timestamp in seconds.",
[36m(AgentLoopWorker pid=3170206)[0m     "parameters": {
[36m(AgentLoopWorker pid=3170206)[0m       "type": "object",
[36m(AgentLoopWorker pid=3170206)[0m       "properties": {
[36m(AgentLoopWorker pid=3170206)[0m         "start_time": {
[36m(AgentLoopWorker pid=3170206)[0m           "type": "number",
[36m(AgentLoopWorker pid=3170206)[0m           "description": "Interval start in seconds, >= 0."[36m(WorkerDict pid=3167860)[0m INFO:2026-09-04 09:46:01,939:[Rank 0] Loaded model from /home/yw4636/agentic-tvg/results/grpo-v2/ckpt/global_step_220/actor/model_world_size_1_rank_0.pt
[36m(WorkerDict pid=3167860)[0m INFO:2026-09-04 09:46:02,477:[Rank 0] Loaded optimizer from /home/yw4636/agentic-tvg/results/grpo-v2/ckpt/global_step_220/actor/optim_world_size_1_rank_0.pt
[36m(WorkerDict pid=3167860)[0m INFO:2026-09-04 09:46:02,479:[Rank 0] Loaded rng from /home/yw4636/agentic-tvg/results/grpo-v2/ckpt/global_step_220/actor/extra_state_world_size_1_rank_0.pt
[36m(WorkerDict pid=3167860)[0m INFO:2026-09-04 09:46:02,479:[Rank 0] Loaded lr_scheduler from /home/yw4636/agentic-tvg/results/grpo-v2/ckpt/global_step_220/actor/extra_state_world_size_1_rank_0.pt
[36m(WorkerDict pid=3167860)[0m /home/yw4636/.conda/envs/verl/lib/python3.12/site-packages/verl/plugin/platform/platform_cuda.py:99: FutureWarning: torch.cuda._set_allocator_settings is deprecated. Use torch._C._accelerator_setAllocatorSettings instead.
[36m(WorkerDict pid=3167860)[0m   torch.cuda.memory._set_allocator_settings(settings)
[36m(TaskRunner pid=3167514)[0m Training Progress:  92%|█████████▏| 220/239 [00:00<?, ?it/s]
[36m(WorkerDict pid=3167860)[0m /home/yw4636/.conda/envs/verl/lib/python3.12/site-packages/verl/plugin/platform/platform_cuda.py:99: FutureWarning: torch.cuda._set_allocator_settings is deprecated. Use torch._C._accelerator_setAllocatorSettings instead.
[36m(WorkerDict pid=3167860)[0m   torch.cuda.memory._set_allocator_settings(settings)
[36m(AgentLoopWorker pid=3170206)[0m qwen-vl-utils using torchcodec to read video.
[36m(TaskRunner pid=3167514)[0m W0904 09:48:31.229000 3167514 site-packages/torch/fx/_symbolic_trace.py:53] is_fx_tracing will return true for both fx.symbolic_trace and torch.export. Please use is_fx_tracing_symbolic_tracing() for specifically fx.symbolic_trace or torch.compiler.is_compiling() for specifically torch.export/compile.
[36m(AgentLoopWorker pid=3170214)[0m qwen-vl-utils using torchcodec to read video.[32m [repeated 7x across cluster][0m
[36m(WorkerDict pid=3167860)[0m [rank0]:W0904 09:49:19.079000 3167860 site-packages/torch/fx/_symbolic_trace.py:53] is_fx_tracing will return true for both fx.symbolic_trace and torch.export. Please use is_fx_tracing_symbolic_tracing() for specifically fx.symbolic_trace or torch.compiler.is_compiling() for specifically torch.export/compile.
[36m(WorkerDict pid=3167860)[0m /home/yw4636/.conda/envs/verl/lib/python3.12/site-packages/verl/plugin/platform/platform_cuda.py:99: FutureWarning: torch.cuda._set_allocator_settings is deprecated. Use torch._C._accelerator_setAllocatorSettings instead.
[36m(WorkerDict pid=3167860)[0m   torch.cuda.memory._set_allocator_settings(settings)
[36m(TaskRunner pid=3167514)[0m Training Progress:  92%|█████████▏| 221/239 [12:55<3:52:42, 775.69s/it]

[36m(AgentLoopWorker pid=3170206)[0m         },
[36m(AgentLoopWorker pid=3170206)[0m         "end_time": {
[36m(AgentLoopWorker pid=3170206)[0m           "type": "number",
[36m(AgentLoopWorker pid=3170206)[0m           "description": "Interval end in seconds, > start_time, <= video duration."
[36m(AgentLoopWorker pid=3170206)[0m         }
[36m(AgentLoopWorker pid=3170206)[0m       },
[36m(AgentLoopWorker pid=3170206)[0m       "required": [
[36m(AgentLoopWorker pid=3170206)[0m         "start_time",
[36m(AgentLoopWorker pid=3170206)[0m         "end_time"
[36m(AgentLoopWorker pid=3170206)[0m       ]
[36m(AgentLoopWorker pid=3170206)[0m     }
[36m(AgentLoopWorker pid=3170206)[0m   }
[36m(AgentLoopWorker pid=3170206)[0m }
[36m(vLLMHttpServer pid=3168345)[0m WARNING 09-04 09:46:24 [input_processor.py:157] vLLM has deprecated support for supporting different tokenizers for different LoRAs. By default, vLLM uses base model's tokenizer. If you are using a LoRA with its own tokenizer, consider specifying `--tokenizer [lora_path]` to use the LoRA tokenizer.
[36m(vLLMHttpServer pid=3168345)[0m WARNING 09-04 09:46:24 [input_processor.py:282] Passing raw prompts to InputProcessor is deprecated and will be removed in v0.18. You should instead pass the outputs of Renderer.render_cmpl() or Renderer.render_chat().
[36m(AgentLoopWorker pid=3170212)[0m Using dataset class: RLHFDataset[32m [repeated 7x across cluster] (Ray deduplicates logs by default. Set RAY_DEDUP_LOGS=0 to disable log deduplication, or see https://docs.ray.io/en/master/ray-observability/user-guides/configure-logging.html#log-deduplication for more options.)[0m
[36m(AgentLoopWorker pid=3170212)[0m {[32m [repeated 7x across cluster][0m
[36m(AgentLoopWorker pid=3170212)[0m   "type": "function",[32m [repeated 7x across cluster][0m
[36m(AgentLoopWorker pid=3170212)[0m   "function": {[32m [repeated 7x across cluster][0m
[36m(AgentLoopWorker pid=3170212)[0m     "name": "crop_video",[32m [repeated 7x across cluster][0m
[36m(AgentLoopWorker pid=3170212)[0m     "description": "Inspect a time interval of the current video closely: returns 30 higher-resolution frames sampled evenly from [start_time, end_time], each labeled with its timestamp in seconds.",[32m [repeated 7x across cluster][0m
[36m(AgentLoopWorker pid=3170212)[0m     "parameters": {[32m [repeated 7x across cluster][0m
[36m(AgentLoopWorker pid=3170212)[0m       "type": "object",[32m [repeated 7x across cluster][0m
[36m(AgentLoopWorker pid=3170212)[0m       "properties": {[32m [repeated 7x across cluster][0m
[36m(AgentLoopWorker pid=3170212)[0m         "start_time": {[32m [repeated 7x across cluster][0m
[36m(AgentLoopWorker pid=3170212)[0m           "type": "number",[32m [repeated 14x across cluster][0m
[36m(AgentLoopWorker pid=3170212)[0m           "description": "Interval start in seconds, >= 0."[32m [repeated 7x across cluster][0m
[36m(AgentLoopWorker pid=3170212)[0m       },[32m [repeated 14x across cluster][0m
[36m(AgentLoopWorker pid=3170212)[0m         "end_time": {[32m [repeated 7x across cluster][0m
[36m(AgentLoopWorker pid=3170212)[0m           "description": "Interval end in seconds, > start_time, <= video duration."[32m [repeated 7x across cluster][0m
[36m(AgentLoopWorker pid=3170212)[0m }[32m [repeated 28x across cluster][0m
[36m(AgentLoopWorker pid=3170212)[0m       "required": [[32m [repeated 7x across cluster][0m
[36m(AgentLoopWorker pid=3170212)[0m         "start_time",[32m [repeated 7x across cluster][0m
[36m(AgentLoopWorker pid=3170212)[0m         "end_time"[32m [repeated 7x across cluster][0m
[36m(AgentLoopWorker pid=3170212)[0m       ][32m [repeated 7x across cluster][0m
[36m(vLLMHttpServer pid=3168345)[0m (Worker pid=3169168) WARNING 09-04 09:46:24 [jit_monitor.py:106] Triton kernel JIT compilation during inference: _compute_slot_mapping_kernel. This causes a latency spike; consider extending warmup to cover this shape/config.
[36m(vLLMHttpServer pid=3168345)[0m (Worker pid=3169168) WARNING 09-04 09:46:24 [jit_monitor.py:106] Triton kernel JIT compilation during inference: _bilinear_pos_embed_kernel. This causes a latency spike; consider extending warmup to cover this shape/config.
[36m(vLLMHttpServer pid=3168345)[0m (Worker pid=3169168) WARNING 09-04 09:46:24 [jit_monitor.py:106] Triton kernel JIT compilation during inference: rotary_kernel. This causes a latency spike; consider extending warmup to cover this shape/config.
[36m(vLLMHttpServer pid=3168345)[0m (Worker pid=3169168) WARNING 09-04 09:46:24 [jit_monitor.py:106] Triton kernel JIT compilation during inference: _lora_expand_kernel. This causes a latency spike; consider extending warmup to cover this shape/config.
[36m(TaskRunner pid=3167514)[0m Dumped generations to /home/yw4636/agentic-tvg/results/grpo-v2/rollouts/221.jsonl
[36m(TaskRunner pid=3167514)[0m step:221 - global_seqlen/min:915665 - global_seqlen/max:915665 - global_seqlen/minmax_diff:0 - global_seqlen/balanced_min:915665 - global_seqlen/balanced_max:915665 - global_seqlen/mean:915665.0 - actor/entropy:0.7845389246940613 - perf/mfu/actor_infer:0.28479276363721784 - training/rollout_probs_diff_valid:1 - training/rollout_probs_diff_max:0.45252513885498047 - training/rollout_probs_diff_mean:0.012168810702860355 - training/rollout_probs_diff_std:0.02074781246483326 - training/rollout_actor_probs_pearson_corr:0.9976726770401001 - rollout_corr/training_ppl:2.1883065700531006 - rollout_corr/training_log_ppl:0.7751399278640747 - rollout_corr/kl:0.004691830836236477 - rollout_corr/k3_kl:0.004439203534275293 - rollout_corr/rollout_ppl:2.1782407760620117 - rollout_corr/rollout_log_ppl:0.7705398797988892 - rollout_corr/log_ppl_diff:0.004600089509040117 - rollout_corr/log_ppl_abs_diff:0.005445888731628656 - rollout_corr/log_ppl_diff_max:0.018941640853881836 - rollout_corr/log_ppl_diff_min:-0.009254276752471924 - rollout_corr/ppl_ratio:1.0046228170394897 - rollout_corr/chi2_token:0.009111762046813965 - rollout_corr/chi2_seq:1.5092747211456299 - actor/pg_clipfrac:np.float64(0.0) - actor/ppo_kl:np.float64(0.0) - actor/pg_clipfrac_lower:np.float64(0.0) - actor/pg_loss:np.float64(-0.0029738777466263855) - actor/kl_loss:np.float64(0.046408595342654735) - actor/kl_coef:np.float64(0.0010000000000000002) - actor/loss:np.float64(-0.0029274746775627136) - actor/grad_norm:np.float64(0.10640156269073486) - actor/lr:np.float64(1e-05) - actor/perf/max_memory_allocated_gb:np.float64(38.81636571884155) - actor/perf/max_memory_reserved_gb:np.float64(41.806640625) - actor/perf/cpu_memory_used_gb:np.float64(95.33918380737305) - perf/mfu/actor:np.float64(0.3396489377470007) - training/global_step:221 - training/epoch:2 - critic/score/mean:1.7261288166046143 - critic/score/max:2.4669229984283447 - critic/score/min:0.5 - critic/rewards/mean:1.7261288166046143 - critic/rewards/max:2.4669229984283447 - critic/rewards/min:0.5 - critic/advantages/mean:0.002973897149786353 - critic/advantages/max:2.015554428100586 - critic/advantages/min:-2.460249423980713 - critic/returns/mean:0.002973897149786353 - critic/returns/max:2.015554428100586 - critic/returns/min:-2.460249423980713 - response_length/mean:3137.2578125 - response_length/max:3381.0 - response_length/min:2922.0 - response_length/clip_ratio:0.0 - response_length_non_aborted/mean:3137.2578125 - response_length_non_aborted/max:3381.0 - response_length_non_aborted/min:2922.0 - response_length_non_aborted/clip_ratio:0.0 - response/aborted_ratio:0.0 - prompt_length/mean:4016.375 - prompt_length/max:4139.0 - prompt_length/min:3942.0 - prompt_length/clip_ratio:0.0 - num_turns/min:np.int32(4) - num_turns/max:np.int32(4) - num_turns/mean:np.float64(4.0) - timing_s/start_profile:0.00029872299637645483 - timing_s/agent_loop/num_preempted/min:np.int64(-1) - timing_s/agent_loop/num_preempted/max:np.int64(-1) - timing_s/agent_loop/num_preempted/mean:np.float64(-1.0) - timing_s/agent_loop/generate_sequences/min:np.float64(70.9722469940316) - timing_s/agent_loop/generate_sequences/max:np.float64(110.62647206697147) - timing_s/agent_loop/generate_sequences/mean:np.float64(97.2949379124093) - timing_s/agent_loop/tool_calls/min:np.float64(0.0680787960300222) - timing_s/agent_loop/tool_calls/max:np.float64(2.1160440099192783) - timing_s/agent_loop/tool_calls/mean:np.float64(0.14983212098559306) - timing_s/agent_loop/compute_score/min:np.float64(0.30993088404648006) - timing_s/agent_loop/compute_score/max:np.float64(4.242200100095943) - timing_s/agent_loop/compute_score/mean:np.float64(1.5775149567052722) - timing_s/agent_loop/slowest/generate_sequences:np.float64(110.62647206697147) - timing_s/agent_loop/slowest/tool_calls:np.float64(0.09506391000468284) - timing_s/agent_loop/slowest/compute_score:np.float64(2.7679271220695227) - timing_s/agent_loop/slowest/num_preempted:np.int64(-1) - timing_s/agent_loop/slowest/prompt_length:4138 - timing_s/agent_loop/slowest/response_length:3275 - timing_s/gen:144.04818701697513 - timing_s/reward:2.596306148916483e-05 - timing_s/old_log_prob:157.57571707095485 - timing_s/ref:148.73784434597474 - timing_s/adv:0.1891890459228307 - timing_s/update_actor:320.5070931300288 - timing_s/update_weights:4.001569292042404 - timing_s/dump_rollout_generations:0.2629928339738399 - timing_s/step:775.5036430041073 - timing_s/stop_profile:4.099193029105663e-05 - timing_per_token_ms/ref:0.1624369658619416 - timing_per_token_ms/gen:0.3587134141753351 - timing_per_token_ms/adv:0.00020661382265657277 - timing_per_token_ms/update_actor:0.3500265851922142 - perf/total_num_tokens:915665 - perf/time_per_step:775.5036430041073 - perf/throughput:1180.7359104761167[36m(TaskRunner pid=3167514)[0m Training Progress:  93%|█████████▎| 222/239 [25:28<3:35:56, 762.14s/it]
[36m(TaskRunner pid=3167514)[0m Training Progress:  93%|█████████▎| 223/239 [38:07<3:22:52, 760.76s/it]

[36m(TaskRunner pid=3167514)[0m Dumped generations to /home/yw4636/agentic-tvg/results/grpo-v2/rollouts/222.jsonl
[36m(TaskRunner pid=3167514)[0m step:222 - global_seqlen/min:915287 - global_seqlen/max:915287 - global_seqlen/minmax_diff:0 - global_seqlen/balanced_min:915287 - global_seqlen/balanced_max:915287 - global_seqlen/mean:915287.0 - actor/entropy:0.7407569885253906 - perf/mfu/actor_infer:0.2983056854979833 - training/rollout_probs_diff_valid:1 - training/rollout_probs_diff_max:0.42558741569519043 - training/rollout_probs_diff_mean:0.012128474190831184 - training/rollout_probs_diff_std:0.02142461948096752 - training/rollout_actor_probs_pearson_corr:0.9974898099899292 - rollout_corr/training_ppl:2.0884785652160645 - rollout_corr/training_log_ppl:0.7268805503845215 - rollout_corr/kl:0.004993622191250324 - rollout_corr/k3_kl:0.0043183849193155766 - rollout_corr/rollout_ppl:2.077972650527954 - rollout_corr/rollout_log_ppl:0.7218205332756042 - rollout_corr/log_ppl_diff:0.005060057621449232 - rollout_corr/log_ppl_abs_diff:0.00599739421159029 - rollout_corr/log_ppl_diff_max:0.02092874050140381 - rollout_corr/log_ppl_diff_min:-0.008801758289337158 - rollout_corr/ppl_ratio:1.005089282989502 - rollout_corr/chi2_token:0.00843799114227295 - rollout_corr/chi2_seq:8.497464179992676 - actor/pg_clipfrac:np.float64(0.0) - actor/ppo_kl:np.float64(0.0) - actor/pg_clipfrac_lower:np.float64(0.0) - actor/pg_loss:np.float64(0.04236141791079717) - actor/kl_loss:np.float64(0.04125536547508091) - actor/kl_coef:np.float64(0.0010000000000000002) - actor/loss:np.float64(0.04240267351269722) - actor/grad_norm:np.float64(0.10298331826925278) - actor/lr:np.float64(1e-05) - actor/perf/max_memory_allocated_gb:np.float64(38.817880153656006) - actor/perf/max_memory_reserved_gb:np.float64(41.806640625) - actor/perf/cpu_memory_used_gb:np.float64(96.20325469970703) - perf/mfu/actor:np.float64(0.34296834787559743) - training/global_step:222 - training/epoch:2 - critic/score/mean:1.6715153455734253 - critic/score/max:2.4237287044525146 - critic/score/min:0.5 - critic/rewards/mean:1.6715153455734253 - critic/rewards/max:2.4237287044525146 - critic/rewards/min:0.5 - critic/advantages/mean:-0.042361412197351456 - critic/advantages/max:3.7499847412109375 - critic/advantages/min:-3.3795166015625 - critic/returns/mean:-0.042361412197351456 - critic/returns/max:3.7499847412109375 - critic/returns/min:-3.3795166015625 - response_length/mean:3126.5546875 - response_length/max:3360.0 - response_length/min:2921.0 - response_length/clip_ratio:0.0 - response_length_non_aborted/mean:3126.5546875 - response_length_non_aborted/max:3360.0 - response_length_non_aborted/min:2921.0 - response_length_non_aborted/clip_ratio:0.0 - response/aborted_ratio:0.0 - prompt_length/mean:4024.125 - prompt_length/max:4150.0 - prompt_length/min:3938.0 - prompt_length/clip_ratio:0.0 - num_turns/min:np.int32(4) - num_turns/max:np.int32(4) - num_turns/mean:np.float64(4.0) - timing_s/start_profile:5.8882986195385456e-05 - timing_s/agent_loop/num_preempted/min:np.int64(-1) - timing_s/agent_loop/num_preempted/max:np.int64(-1) - timing_s/agent_loop/num_preempted/mean:np.float64(-1.0) - timing_s/agent_loop/generate_sequences/min:np.float64(69.9068703178782) - timing_s/agent_loop/generate_sequences/max:np.float64(109.95047304499894) - timing_s/agent_loop/generate_sequences/mean:np.float64(96.77507430000514) - timing_s/agent_loop/tool_calls/min:np.float64(0.07293640600983053) - timing_s/agent_loop/tool_calls/max:np.float64(1.1456925650127232) - timing_s/agent_loop/tool_calls/mean:np.float64(0.1389036040427527) - timing_s/agent_loop/compute_score/min:np.float64(0.31357450294308364) - timing_s/agent_loop/compute_score/max:np.float64(4.871696681017056) - timing_s/agent_loop/compute_score/mean:np.float64(1.348678817952532) - timing_s/agent_loop/slowest/generate_sequences:np.float64(109.95047304499894) - timing_s/agent_loop/slowest/tool_calls:np.float64(0.10675746202468872) - timing_s/agent_loop/slowest/compute_score:np.float64(1.837750782025978) - timing_s/agent_loop/slowest/num_preempted:np.int64(-1) - timing_s/agent_loop/slowest/prompt_length:3957 - timing_s/agent_loop/slowest/response_length:3257 - timing_s/gen:139.39503184100613 - timing_s/reward:0.000495977932587266 - timing_s/old_log_prob:149.81129281094763 - timing_s/ref:138.09210838610306 - timing_s/adv:0.17310532904230058 - timing_s/update_actor:320.6362597850384 - timing_s/update_weights:3.976428176043555 - timing_s/dump_rollout_generations:0.32701409107539803 - timing_s/step:752.5872068570461 - timing_s/stop_profile:4.578498192131519e-05 - timing_per_token_ms/ref:0.15087301402303657 - timing_per_token_ms/gen:0.3483142932416276 - timing_per_token_ms/adv:0.00018912683020986924 - timing_per_token_ms/update_actor:0.35031226247618336 - perf/total_num_tokens:915287 - perf/time_per_step:752.5872068570461 - perf/throughput:1216.1872958516271
[36m(TaskRunner pid=3167514)[0m Dumped generations to /home/yw4636/agentic-tvg/results/grpo-v2/rollouts/223.jsonl
[36m(TaskRunner pid=3167514)[0m step:223 - global_seqlen/min:917888 - global_seqlen/max:917888 - global_seqlen/minmax_diff:0 - global_seqlen/balanced_min:917888 - global_seqlen/balanced_max:917888 - global_seqlen/mean:917888.0 - actor/entropy:0.7430446147918701 - perf/mfu/actor_infer:0.29528844144047306 - training/rollout_probs_diff_valid:1 - training/rollout_probs_diff_max:0.535157322883606 - training/rollout_probs_diff_mean:0.01175848301500082 - training/rollout_probs_diff_std:0.020321352407336235 - training/rollout_actor_probs_pearson_corr:0.9977290034294128 - rollout_corr/training_ppl:2.111130475997925 - rollout_corr/training_log_ppl:0.7377145886421204 - rollout_corr/kl:0.003336296183988452 - rollout_corr/k3_kl:0.004049545153975487 - rollout_corr/rollout_ppl:2.103997230529785 - rollout_corr/rollout_log_ppl:0.7344018816947937 - rollout_corr/log_ppl_diff:0.003312700893729925 - rollout_corr/log_ppl_abs_diff:0.005069388076663017 - rollout_corr/log_ppl_diff_max:0.025663256645202637 - rollout_corr/log_ppl_diff_min:-0.007781922817230225 - rollout_corr/ppl_ratio:1.0033347606658936 - rollout_corr/chi2_token:0.00968635082244873 - rollout_corr/chi2_seq:9.887572288513184 - actor/pg_clipfrac:np.float64(0.0) - actor/ppo_kl:np.float64(0.0) - actor/pg_clipfrac_lower:np.float64(0.0) - actor/pg_loss:np.float64(0.03190705255838111) - actor/kl_loss:np.float64(0.044716404110658914) - actor/kl_coef:np.float64(0.0010000000000000002) - actor/loss:np.float64(0.031951770186424255) - actor/grad_norm:np.float64(0.10370945930480957) - actor/lr:np.float64(1e-05) - actor/perf/max_memory_allocated_gb:np.float64(38.89945602416992) - actor/perf/max_memory_reserved_gb:np.float64(41.806640625) - actor/perf/cpu_memory_used_gb:np.float64(112.6117172241211) - perf/mfu/actor:np.float64(0.3397752734395789) - training/global_step:223 - training/epoch:2 - critic/score/mean:1.4221543073654175 - critic/score/max:2.4778356552124023 - critic/score/min:0.5 - critic/rewards/mean:1.4221543073654175 - critic/rewards/max:2.4778356552124023 - critic/rewards/min:0.5 - critic/advantages/mean:-0.03190704062581062 - critic/advantages/max:3.1019692420959473 - critic/advantages/min:-3.428699493408203 - critic/returns/mean:-0.03190704062581062 - critic/returns/max:3.1019692420959473 - critic/returns/min:-3.428699493408203 - response_length/mean:3104.125 - response_length/max:3309.0 - response_length/min:2926.0 - response_length/clip_ratio:0.0 - response_length_non_aborted/mean:3104.125 - response_length_non_aborted/max:3309.0 - response_length_non_aborted/min:2926.0 - response_length_non_aborted/clip_ratio:0.0 - response/aborted_ratio:0.0 - prompt_length/mean:4066.875 - prompt_length/max:4145.0 - prompt_length/min:3946.0 - prompt_length/clip_ratio:0.0 - num_turns/min:np.int32(4) - num_turns/max:np.int32(4) - num_turns/mean:np.float64(4.0) - timing_s/start_profile:5.482800770550966e-05 - timing_s/agent_loop/num_preempted/min:np.int64(-1) - timing_s/agent_loop/num_preempted/max:np.int64(-1) - timing_s/agent_loop/num_preempted/mean:np.float64(-1.0) - timing_s/agent_loop/generate_sequences/min:np.float64(67.91675685683731) - timing_s/agent_loop/generate_sequences/max:np.float64(106.40674143098295) - timing_s/agent_loop/generate_sequences/mean:np.float64(95.18489652008793) - timing_s/agent_loop/tool_calls/min:np.float64(0.07207060104701668) - timing_s/agent_loop/tool_calls/max:np.float64(0.7562149809673429) - timing_s/agent_loop/tool_calls/mean:np.float64(0.13941209680797328) - timing_s/agent_loop/compute_score/min:np.float64(0.3178295410471037) - timing_s/agent_loop/compute_score/max:np.float64(4.854501751018688) - timing_s/agent_loop/compute_score/mean:np.float64(1.8404900850437116) - timing_s/agent_loop/slowest/generate_sequences:np.float64(105.63490423408803) - timing_s/agent_loop/slowest/tool_calls:np.float64(0.24873027706053108) - timing_s/agent_loop/slowest/compute_score:np.float64(2.758912912104279) - timing_s/agent_loop/slowest/num_preempted:np.int64(-1) - timing_s/agent_loop/slowest/prompt_length:4143 - timing_s/agent_loop/slowest/response_length:3160 - timing_s/gen:137.5923559119692 - timing_s/reward:0.0005450000753626227 - timing_s/old_log_prob:150.814411459025 - timing_s/ref:144.1585177979432 - timing_s/adv:0.16717163601424545 - timing_s/update_actor:321.912401795038 - timing_s/update_weights:3.9337010720046237 - timing_s/dump_rollout_generations:0.3269163239747286 - timing_s/step:759.046156044933 - timing_s/stop_profile:4.317599814385176e-05 - timing_per_token_ms/ref:0.15705458378140166 - timing_per_token_ms/gen:0.3462941345990446 - timing_per_token_ms/adv:0.00018212639887899771 - timing_per_token_ms/update_actor:0.35070989248692436 - perf/total_num_tokens:917888 - perf/time_per_step:759.046156044933 - perf/throughput:1209.2650660174927[36m(TaskRunner pid=3167514)[0m Training Progress:  94%|█████████▎| 224/239 [50:52<3:10:38, 762.54s/it]
[36m(TaskRunner pid=3167514)[0m Training Progress:  94%|█████████▍| 225/239 [1:03:32<2:57:40, 761.45s/it]

[36m(TaskRunner pid=3167514)[0m Dumped generations to /home/yw4636/agentic-tvg/results/grpo-v2/rollouts/224.jsonl
[36m(TaskRunner pid=3167514)[0m step:224 - global_seqlen/min:916245 - global_seqlen/max:916245 - global_seqlen/minmax_diff:0 - global_seqlen/balanced_min:916245 - global_seqlen/balanced_max:916245 - global_seqlen/mean:916245.0 - actor/entropy:0.8129298686981201 - perf/mfu/actor_infer:0.29795948471287137 - training/rollout_probs_diff_valid:1 - training/rollout_probs_diff_max:0.5285615921020508 - training/rollout_probs_diff_mean:0.011642334051430225 - training/rollout_probs_diff_std:0.019601980224251747 - training/rollout_actor_probs_pearson_corr:0.9979512095451355 - rollout_corr/training_ppl:2.260383367538452 - rollout_corr/training_log_ppl:0.8042503595352173 - rollout_corr/kl:0.0038058552891016006 - rollout_corr/k3_kl:0.003976376727223396 - rollout_corr/rollout_ppl:2.251650810241699 - rollout_corr/rollout_log_ppl:0.8003473281860352 - rollout_corr/log_ppl_diff:0.0039030942134559155 - rollout_corr/log_ppl_abs_diff:0.004892611410468817 - rollout_corr/log_ppl_diff_max:0.018878638744354248 - rollout_corr/log_ppl_diff_min:-0.00771486759185791 - rollout_corr/ppl_ratio:1.0039225816726685 - rollout_corr/chi2_token:0.008329153060913086 - rollout_corr/chi2_seq:0.7826555967330933 - actor/pg_clipfrac:np.float64(0.0) - actor/ppo_kl:np.float64(0.0) - actor/pg_clipfrac_lower:np.float64(0.0) - actor/pg_loss:np.float64(-0.01961695880163461) - actor/kl_loss:np.float64(0.05022404226474464) - actor/kl_coef:np.float64(0.0010000000000000002) - actor/loss:np.float64(-0.019566737115383148) - actor/grad_norm:np.float64(0.10757981985807419) - actor/lr:np.float64(1e-05) - actor/perf/max_memory_allocated_gb:np.float64(38.89945602416992) - actor/perf/max_memory_reserved_gb:np.float64(41.806640625) - actor/perf/cpu_memory_used_gb:np.float64(129.38624954223633) - perf/mfu/actor:np.float64(0.33927149402448475) - training/global_step:224 - training/epoch:2 - critic/score/mean:1.3500123023986816 - critic/score/max:2.3333332538604736 - critic/score/min:0.5 - critic/rewards/mean:1.3500123023986816 - critic/rewards/max:2.3333332538604736 - critic/rewards/min:0.5 - critic/advantages/mean:0.019616948440670967 - critic/advantages/max:2.24467396736145 - critic/advantages/min:-2.692781686782837 - critic/returns/mean:0.019616948440670967 - critic/returns/max:2.24467396736145 - critic/returns/min:-2.692781686782837 - response_length/mean:3114.1640625 - response_length/max:3297.0 - response_length/min:2873.0 - response_length/clip_ratio:0.0 - response_length_non_aborted/mean:3114.1640625 - response_length_non_aborted/max:3297.0 - response_length_non_aborted/min:2873.0 - response_length_non_aborted/clip_ratio:0.0 - response/aborted_ratio:0.0 - prompt_length/mean:4044.0 - prompt_length/max:4146.0 - prompt_length/min:3932.0 - prompt_length/clip_ratio:0.0 - num_turns/min:np.int32(4) - num_turns/max:np.int32(4) - num_turns/mean:np.float64(4.0) - timing_s/start_profile:5.794898606836796e-05 - timing_s/agent_loop/num_preempted/min:np.int64(-1) - timing_s/agent_loop/num_preempted/max:np.int64(-1) - timing_s/agent_loop/num_preempted/mean:np.float64(-1.0) - timing_s/agent_loop/generate_sequences/min:np.float64(57.92824114288669) - timing_s/agent_loop/generate_sequences/max:np.float64(108.72540804499295) - timing_s/agent_loop/generate_sequences/mean:np.float64(96.48044344694245) - timing_s/agent_loop/tool_calls/min:np.float64(0.07136844797059894) - timing_s/agent_loop/tool_calls/max:np.float64(0.7308408858953044) - timing_s/agent_loop/tool_calls/mean:np.float64(0.23507617648101586) - timing_s/agent_loop/compute_score/min:np.float64(0.317512808018364) - timing_s/agent_loop/compute_score/max:np.float64(4.652746475068852) - timing_s/agent_loop/compute_score/mean:np.float64(2.162969880269884) - timing_s/agent_loop/slowest/generate_sequences:np.float64(106.84540316998027) - timing_s/agent_loop/slowest/tool_calls:np.float64(0.5789362989598885) - timing_s/agent_loop/slowest/compute_score:np.float64(2.779356507002376) - timing_s/agent_loop/slowest/num_preempted:np.int64(-1) - timing_s/agent_loop/slowest/prompt_length:4124 - timing_s/agent_loop/slowest/response_length:3286 - timing_s/gen:141.31632226600777 - timing_s/reward:0.0005198499420657754 - timing_s/old_log_prob:153.01593159895856 - timing_s/ref:142.3973034719238 - timing_s/adv:0.17002909793518484 - timing_s/update_actor:323.8269093760755 - timing_s/update_weights:3.9888308179797605 - timing_s/dump_rollout_generations:0.32609957398381084 - timing_s/step:765.1986030990956 - timing_s/stop_profile:4.208995960652828e-05 - timing_per_token_ms/ref:0.15541400331998953 - timing_per_token_ms/gen:0.3545201041260766 - timing_per_token_ms/adv:0.00018557165161630878 - timing_per_token_ms/update_actor:0.35342829633566947 - perf/total_num_tokens:916245 - perf/time_per_step:765.1986030990956 - perf/throughput:1197.3950243625097
[36m(TaskRunner pid=3167514)[0m Dumped generations to /home/yw4636/agentic-tvg/results/grpo-v2/rollouts/225.jsonl
[36m(TaskRunner pid=3167514)[0m step:225 - global_seqlen/min:914021 - global_seqlen/max:914021 - global_seqlen/minmax_diff:0 - global_seqlen/balanced_min:914021 - global_seqlen/balanced_max:914021 - global_seqlen/mean:914021.0 - actor/entropy:0.7410845756530762 - perf/mfu/actor_infer:0.2998085583524226 - training/rollout_probs_diff_valid:1 - training/rollout_probs_diff_max:0.5292763710021973 - training/rollout_probs_diff_mean:0.011753357015550137 - training/rollout_probs_diff_std:0.021264061331748962 - training/rollout_actor_probs_pearson_corr:0.9976152777671814 - rollout_corr/training_ppl:2.1325607299804688 - rollout_corr/training_log_ppl:0.7448451519012451 - rollout_corr/kl:0.005417936947196722 - rollout_corr/k3_kl:0.005075803957879543 - rollout_corr/rollout_ppl:2.120117664337158 - rollout_corr/rollout_log_ppl:0.7390523552894592 - rollout_corr/log_ppl_diff:0.005792777985334396 - rollout_corr/log_ppl_abs_diff:0.006946545094251633 - rollout_corr/log_ppl_diff_max:0.05470699071884155 - rollout_corr/log_ppl_diff_min:-0.006796419620513916 - rollout_corr/ppl_ratio:1.005840539932251 - rollout_corr/chi2_token:0.009060144424438477 - rollout_corr/chi2_seq:6.20154333114624 - actor/pg_clipfrac:np.float64(0.0) - actor/ppo_kl:np.float64(0.0) - actor/pg_clipfrac_lower:np.float64(0.0) - actor/pg_loss:np.float64(-0.015971928427461535) - actor/kl_loss:np.float64(0.04565229843137786) - actor/kl_coef:np.float64(0.0010000000000000002) - actor/loss:np.float64(-0.015926271677017212) - actor/grad_norm:np.float64(0.10885855555534363) - actor/lr:np.float64(1e-05) - actor/perf/max_memory_allocated_gb:np.float64(38.89945602416992) - actor/perf/max_memory_reserved_gb:np.float64(41.806640625) - actor/perf/cpu_memory_used_gb:np.float64(97.01594161987305) - perf/mfu/actor:np.float64(0.3414502311805494) - training/global_step:225 - training/epoch:2 - critic/score/mean:1.1411700248718262 - critic/score/max:2.5 - critic/score/min:0.5 - critic/rewards/mean:1.1411700248718262 - critic/rewards/max:2.5 - critic/rewards/min:0.5 - critic/advantages/mean:0.015971915796399117 - critic/advantages/max:3.7490897178649902 - critic/advantages/min:-1.691596508026123 - critic/returns/mean:0.015971915796399117 - critic/returns/max:3.7490897178649902 - critic/returns/min:-1.691596508026123 - response_length/mean:3196.0390625 - response_length/max:3396.0 - response_length/min:3011.0 - response_length/clip_ratio:0.0 - response_length_non_aborted/mean:3196.0390625 - response_length_non_aborted/max:3396.0 - response_length_non_aborted/min:3011.0 - response_length_non_aborted/clip_ratio:0.0 - response/aborted_ratio:0.0 - prompt_length/mean:3944.75 - prompt_length/max:3953.0 - prompt_length/min:3933.0 - prompt_length/clip_ratio:0.0 - num_turns/min:np.int32(4) - num_turns/max:np.int32(4) - num_turns/mean:np.float64(4.0) - timing_s/start_profile:5.8048986829817295e-05 - timing_s/agent_loop/num_preempted/min:np.int64(-1) - timing_s/agent_loop/num_preempted/max:np.int64(-1) - timing_s/agent_loop/num_preempted/mean:np.float64(-1.0) - timing_s/agent_loop/generate_sequences/min:np.float64(67.11280069313943) - timing_s/agent_loop/generate_sequences/max:np.float64(106.13311569299549) - timing_s/agent_loop/generate_sequences/mean:np.float64(93.12676857899169) - timing_s/agent_loop/tool_calls/min:np.float64(0.06545541097875684) - timing_s/agent_loop/tool_calls/max:np.float64(0.7968364619882777) - timing_s/agent_loop/tool_calls/mean:np.float64(0.1758832600698952) - timing_s/agent_loop/compute_score/min:np.float64(0.3178514828905463) - timing_s/agent_loop/compute_score/max:np.float64(6.11258648103103) - timing_s/agent_loop/compute_score/mean:np.float64(2.0899887223904443) - timing_s/agent_loop/slowest/generate_sequences:np.float64(106.13311569299549) - timing_s/agent_loop/slowest/tool_calls:np.float64(0.09121000999584794) - timing_s/agent_loop/slowest/compute_score:np.float64(3.2708460310241207) - timing_s/agent_loop/slowest/num_preempted:np.int64(-1) - timing_s/agent_loop/slowest/prompt_length:3953 - timing_s/agent_loop/slowest/response_length:3264 - timing_s/gen:139.17783110798337 - timing_s/reward:0.0004937950288876891 - timing_s/old_log_prob:150.4766561660217 - timing_s/ref:145.85320158000104 - timing_s/adv:0.1773303459631279 - timing_s/update_actor:319.29749029909726 - timing_s/update_weights:3.997102356981486 - timing_s/dump_rollout_generations:0.3273933029267937 - timing_s/step:759.4530770439887 - timing_s/stop_profile:4.695402458310127e-05 - timing_per_token_ms/ref:0.15957314063900177 - timing_per_token_ms/gen:0.3402107371868582 - timing_per_token_ms/adv:0.00019401123821348516 - timing_per_token_ms/update_actor:0.34933277276900343 - perf/total_num_tokens:914021 - perf/time_per_step:759.4530770439887 - perf/throughput:1203.525310026571[36m(TaskRunner pid=3167514)[0m Training Progress:  95%|█████████▍| 226/239 [1:15:46<2:42:57, 752.10s/it]
[36m(TaskRunner pid=3167514)[0m Training Progress:  95%|█████████▍| 227/239 [1:28:03<2:29:28, 747.35s/it]

[36m(TaskRunner pid=3167514)[0m Dumped generations to /home/yw4636/agentic-tvg/results/grpo-v2/rollouts/226.jsonl
[36m(TaskRunner pid=3167514)[0m step:226 - global_seqlen/min:915924 - global_seqlen/max:915924 - global_seqlen/minmax_diff:0 - global_seqlen/balanced_min:915924 - global_seqlen/balanced_max:915924 - global_seqlen/mean:915924.0 - actor/entropy:0.7641745805740356 - perf/mfu/actor_infer:0.2968081636867551 - training/rollout_probs_diff_valid:1 - training/rollout_probs_diff_max:0.5303846597671509 - training/rollout_probs_diff_mean:0.012353777885437012 - training/rollout_probs_diff_std:0.021061323583126068 - training/rollout_actor_probs_pearson_corr:0.997557520866394 - rollout_corr/training_ppl:2.1522371768951416 - rollout_corr/training_log_ppl:0.7587535381317139 - rollout_corr/kl:0.004261059686541557 - rollout_corr/k3_kl:0.004299326799809933 - rollout_corr/rollout_ppl:2.142794370651245 - rollout_corr/rollout_log_ppl:0.7543703317642212 - rollout_corr/log_ppl_diff:0.004383166786283255 - rollout_corr/log_ppl_abs_diff:0.005467643961310387 - rollout_corr/log_ppl_diff_max:0.020529866218566895 - rollout_corr/log_ppl_diff_min:-0.009715795516967773 - rollout_corr/ppl_ratio:1.0044068098068237 - rollout_corr/chi2_token:0.009121537208557129 - rollout_corr/chi2_seq:18.672609329223633 - actor/pg_clipfrac:np.float64(0.0) - actor/ppo_kl:np.float64(0.0) - actor/pg_clipfrac_lower:np.float64(0.0) - actor/pg_loss:np.float64(0.004791830011527054) - actor/kl_loss:np.float64(0.0497651826008223) - actor/kl_coef:np.float64(0.0010000000000000002) - actor/loss:np.float64(0.004841591231524944) - actor/grad_norm:np.float64(0.10714063048362732) - actor/lr:np.float64(1e-05) - actor/perf/max_memory_allocated_gb:np.float64(38.89945602416992) - actor/perf/max_memory_reserved_gb:np.float64(41.806640625) - actor/perf/cpu_memory_used_gb:np.float64(97.65195083618164) - perf/mfu/actor:np.float64(0.34214966163272065) - training/global_step:226 - training/epoch:2 - critic/score/mean:1.8915538787841797 - critic/score/max:2.5 - critic/score/min:0.5 - critic/rewards/mean:1.8915538787841797 - critic/rewards/max:2.5 - critic/rewards/min:0.5 - critic/advantages/mean:-0.004791851155459881 - critic/advantages/max:2.942718744277954 - critic/advantages/min:-3.5284173488616943 - critic/returns/mean:-0.004791851155459881 - critic/returns/max:2.942718744277954 - critic/returns/min:-3.5284173488616943 - response_length/mean:3139.28125 - response_length/max:3425.0 - response_length/min:2904.0 - response_length/clip_ratio:0.0 - response_length_non_aborted/mean:3139.28125 - response_length_non_aborted/max:3425.0 - response_length_non_aborted/min:2904.0 - response_length_non_aborted/clip_ratio:0.0 - response/aborted_ratio:0.0 - prompt_length/mean:4016.375 - prompt_length/max:4139.0 - prompt_length/min:3936.0 - prompt_length/clip_ratio:0.0 - num_turns/min:np.int32(4) - num_turns/max:np.int32(4) - num_turns/mean:np.float64(4.0) - timing_s/start_profile:5.7694967836141586e-05 - timing_s/agent_loop/num_preempted/min:np.int64(-1) - timing_s/agent_loop/num_preempted/max:np.int64(-1) - timing_s/agent_loop/num_preempted/mean:np.float64(-1.0) - timing_s/agent_loop/generate_sequences/min:np.float64(71.28566648100968) - timing_s/agent_loop/generate_sequences/max:np.float64(111.36898035486229) - timing_s/agent_loop/generate_sequences/mean:np.float64(97.52413802958381) - timing_s/agent_loop/tool_calls/min:np.float64(0.06830919906497002) - timing_s/agent_loop/tool_calls/max:np.float64(1.6048675610218197) - timing_s/agent_loop/tool_calls/mean:np.float64(0.17921466538427921) - timing_s/agent_loop/compute_score/min:np.float64(0.3184543940005824) - timing_s/agent_loop/compute_score/max:np.float64(3.835901033016853) - timing_s/agent_loop/compute_score/mean:np.float64(1.2310021116663847) - timing_s/agent_loop/slowest/generate_sequences:np.float64(111.36898035486229) - timing_s/agent_loop/slowest/tool_calls:np.float64(0.13922938704490662) - timing_s/agent_loop/slowest/compute_score:np.float64(2.4404868789715692) - timing_s/agent_loop/slowest/num_preempted:np.int64(-1) - timing_s/agent_loop/slowest/prompt_length:3964 - timing_s/agent_loop/slowest/response_length:3303 - timing_s/gen:140.21513142099138 - timing_s/reward:0.0005722680361941457 - timing_s/old_log_prob:142.5880441039335 - timing_s/ref:133.77291191800032 - timing_s/adv:0.17422296002041548 - timing_s/update_actor:311.69587772595696 - timing_s/update_weights:3.9862900129519403 - timing_s/dump_rollout_generations:0.3308303110534325 - timing_s/step:732.9163101359736 - timing_s/stop_profile:5.099701229482889e-05 - timing_per_token_ms/ref:0.14605241473965125 - timing_per_token_ms/gen:0.34894315831896083 - timing_per_token_ms/adv:0.00019021552008727306 - timing_per_token_ms/update_actor:0.3403075776221138 - perf/total_num_tokens:915924 - perf/time_per_step:732.9163101359736 - perf/throughput:1249.6979359486133
[36m(TaskRunner pid=3167514)[0m Dumped generations to /home/yw4636/agentic-tvg/results/grpo-v2/rollouts/227.jsonl
[36m(TaskRunner pid=3167514)[0m step:227 - global_seqlen/min:906836 - global_seqlen/max:906836 - global_seqlen/minmax_diff:0 - global_seqlen/balanced_min:906836 - global_seqlen/balanced_max:906836 - global_seqlen/mean:906836.0 - actor/entropy:0.7903473377227783 - perf/mfu/actor_infer:0.29627722685121793 - training/rollout_probs_diff_valid:1 - training/rollout_probs_diff_max:0.7068608999252319 - training/rollout_probs_diff_mean:0.012662610970437527 - training/rollout_probs_diff_std:0.02240421064198017 - training/rollout_actor_probs_pearson_corr:0.9973673224449158 - rollout_corr/training_ppl:2.22109317779541 - rollout_corr/training_log_ppl:0.7858008146286011 - rollout_corr/kl:0.004774033557623625 - rollout_corr/k3_kl:0.005036778748035431 - rollout_corr/rollout_ppl:2.210238456726074 - rollout_corr/rollout_log_ppl:0.7810583710670471 - rollout_corr/log_ppl_diff:0.004742433317005634 - rollout_corr/log_ppl_abs_diff:0.00576269906014204 - rollout_corr/log_ppl_diff_max:0.01981210708618164 - rollout_corr/log_ppl_diff_min:-0.008489549160003662 - rollout_corr/ppl_ratio:1.0047671794891357 - rollout_corr/chi2_token:0.011399030685424805 - rollout_corr/chi2_seq:2.7892303466796875 - actor/pg_clipfrac:np.float64(0.0) - actor/ppo_kl:np.float64(0.0) - actor/pg_clipfrac_lower:np.float64(0.0) - actor/pg_loss:np.float64(-0.01160298241302371) - actor/kl_loss:np.float64(0.05038889066781849) - actor/kl_coef:np.float64(0.0010000000000000002) - actor/loss:np.float64(-0.011552587151527405) - actor/grad_norm:np.float64(0.10798918455839157) - actor/lr:np.float64(1e-05) - actor/perf/max_memory_allocated_gb:np.float64(38.89945602416992) - actor/perf/max_memory_reserved_gb:np.float64(41.806640625) - actor/perf/cpu_memory_used_gb:np.float64(97.17764282226562) - perf/mfu/actor:np.float64(0.34173868962194315) - training/global_step:227 - training/epoch:2 - critic/score/mean:1.3525704145431519 - critic/score/max:2.481250047683716 - critic/score/min:0.5 - critic/rewards/mean:1.3525704145431519 - critic/rewards/max:2.481250047683716 - critic/rewards/min:0.5 - critic/advantages/mean:0.011602968908846378 - critic/advantages/max:3.2098641395568848 - critic/advantages/min:-3.746786594390869 - critic/returns/mean:0.011602968908846378 - critic/returns/max:3.2098641395568848 - critic/returns/min:-3.746786594390869 - response_length/mean:3118.03125 - response_length/max:3339.0 - response_length/min:2763.0 - response_length/clip_ratio:0.0 - response_length_non_aborted/mean:3118.03125 - response_length_non_aborted/max:3339.0 - response_length_non_aborted/min:2763.0 - response_length_non_aborted/clip_ratio:0.0 - response/aborted_ratio:0.0 - prompt_length/mean:3966.625 - prompt_length/max:4129.0 - prompt_length/min:3755.0 - prompt_length/clip_ratio:0.0 - num_turns/min:np.int32(4) - num_turns/max:np.int32(4) - num_turns/mean:np.float64(4.0) - timing_s/start_profile:7.096701301634312e-05 - timing_s/agent_loop/num_preempted/min:np.int64(-1) - timing_s/agent_loop/num_preempted/max:np.int64(-1) - timing_s/agent_loop/num_preempted/mean:np.float64(-1.0) - timing_s/agent_loop/generate_sequences/min:np.float64(68.64098741300404) - timing_s/agent_loop/generate_sequences/max:np.float64(105.650465438026) - timing_s/agent_loop/generate_sequences/mean:np.float64(94.07261736805594) - timing_s/agent_loop/tool_calls/min:np.float64(0.0640786710428074) - timing_s/agent_loop/tool_calls/max:np.float64(0.40253930003382266) - timing_s/agent_loop/tool_calls/mean:np.float64(0.13222606644831103) - timing_s/agent_loop/compute_score/min:np.float64(0.3122550080297515) - timing_s/agent_loop/compute_score/max:np.float64(6.371290890034288) - timing_s/agent_loop/compute_score/mean:np.float64(2.299177314332155) - timing_s/agent_loop/slowest/generate_sequences:np.float64(105.650465438026) - timing_s/agent_loop/slowest/tool_calls:np.float64(0.10175052308477461) - timing_s/agent_loop/slowest/compute_score:np.float64(3.3804332420695573) - timing_s/agent_loop/slowest/num_preempted:np.int64(-1) - timing_s/agent_loop/slowest/prompt_length:3928 - timing_s/agent_loop/slowest/response_length:3295 - timing_s/gen:134.86580501205754 - timing_s/reward:0.0005209619412198663 - timing_s/old_log_prob:143.69384628999978 - timing_s/ref:140.95213519700337 - timing_s/adv:0.17678452900145203 - timing_s/update_actor:313.3462857060367 - timing_s/update_weights:4.000706898979843 - timing_s/dump_rollout_generations:0.3227009529946372 - timing_s/step:737.5137027730234 - timing_s/stop_profile:3.5351025871932507e-05 - timing_per_token_ms/ref:0.15543288444327683 - timing_per_token_ms/gen:0.3379180698258555 - timing_per_token_ms/adv:0.00019494652726783235 - timing_per_token_ms/update_actor:0.3455379866988482 - perf/total_num_tokens:906836 - perf/time_per_step:737.5137027730234 - perf/throughput:1229.5852898601493[36m(TaskRunner pid=3167514)[0m Training Progress:  95%|█████████▌| 228/239 [1:40:10<2:15:49, 740.86s/it]
[36m(TaskRunner pid=3167514)[0m Training Progress:  96%|█████████▌| 229/239 [1:52:18<2:02:46, 736.64s/it]

[36m(TaskRunner pid=3167514)[0m Dumped generations to /home/yw4636/agentic-tvg/results/grpo-v2/rollouts/228.jsonl
[36m(TaskRunner pid=3167514)[0m step:228 - global_seqlen/min:918541 - global_seqlen/max:918541 - global_seqlen/minmax_diff:0 - global_seqlen/balanced_min:918541 - global_seqlen/balanced_max:918541 - global_seqlen/mean:918541.0 - actor/entropy:0.763756513595581 - perf/mfu/actor_infer:0.30042866781936034 - training/rollout_probs_diff_valid:1 - training/rollout_probs_diff_max:0.8941963911056519 - training/rollout_probs_diff_mean:0.01254686713218689 - training/rollout_probs_diff_std:0.02511352114379406 - training/rollout_actor_probs_pearson_corr:0.9967976212501526 - rollout_corr/training_ppl:2.1535542011260986 - rollout_corr/training_log_ppl:0.7533647418022156 - rollout_corr/kl:0.004904872737824917 - rollout_corr/k3_kl:0.0052235801704227924 - rollout_corr/rollout_ppl:2.142798662185669 - rollout_corr/rollout_log_ppl:0.7484540939331055 - rollout_corr/log_ppl_diff:0.004910645075142384 - rollout_corr/log_ppl_abs_diff:0.006206783000379801 - rollout_corr/log_ppl_diff_max:0.023716211318969727 - rollout_corr/log_ppl_diff_min:-0.009941518306732178 - rollout_corr/ppl_ratio:1.0049408674240112 - rollout_corr/chi2_token:0.01305234432220459 - rollout_corr/chi2_seq:12.89136791229248 - actor/pg_clipfrac:np.float64(0.0) - actor/ppo_kl:np.float64(0.0) - actor/pg_clipfrac_lower:np.float64(0.0) - actor/pg_loss:np.float64(-0.003785729961236939) - actor/kl_loss:np.float64(0.04678035975666717) - actor/kl_coef:np.float64(0.0010000000000000002) - actor/loss:np.float64(-0.0037389546632766724) - actor/grad_norm:np.float64(0.10891306400299072) - actor/lr:np.float64(1e-05) - actor/perf/max_memory_allocated_gb:np.float64(38.92611885070801) - actor/perf/max_memory_reserved_gb:np.float64(41.806640625) - actor/perf/cpu_memory_used_gb:np.float64(97.85049438476562) - perf/mfu/actor:np.float64(0.3425577416862591) - training/global_step:228 - training/epoch:2 - critic/score/mean:1.2972736358642578 - critic/score/max:2.4999983310699463 - critic/score/min:0.5 - critic/rewards/mean:1.2972736358642578 - critic/rewards/max:2.4999983310699463 - critic/rewards/min:0.5 - critic/advantages/mean:0.003785746870562434 - critic/advantages/max:3.654041290283203 - critic/advantages/min:-1.82119882106781 - critic/returns/mean:0.003785746870562434 - critic/returns/max:3.654041290283203 - critic/returns/min:-1.82119882106781 - response_length/mean:3109.1015625 - response_length/max:3495.0 - response_length/min:2916.0 - response_length/clip_ratio:0.0 - response_length_non_aborted/mean:3109.1015625 - response_length_non_aborted/max:3495.0 - response_length_non_aborted/min:2916.0 - response_length_non_aborted/clip_ratio:0.0 - response/aborted_ratio:0.0 - prompt_length/mean:4067.0 - prompt_length/max:4142.0 - prompt_length/min:3940.0 - prompt_length/clip_ratio:0.0 - num_turns/min:np.int32(4) - num_turns/max:np.int32(4) - num_turns/mean:np.float64(4.0) - timing_s/start_profile:5.7609984651207924e-05 - timing_s/agent_loop/num_preempted/min:np.int64(-1) - timing_s/agent_loop/num_preempted/max:np.int64(-1) - timing_s/agent_loop/num_preempted/mean:np.float64(-1.0) - timing_s/agent_loop/generate_sequences/min:np.float64(68.13639005506411) - timing_s/agent_loop/generate_sequences/max:np.float64(112.96676028787624) - timing_s/agent_loop/generate_sequences/mean:np.float64(95.92091297558454) - timing_s/agent_loop/tool_calls/min:np.float64(0.07134255103301257) - timing_s/agent_loop/tool_calls/max:np.float64(0.9991350590717047) - timing_s/agent_loop/tool_calls/mean:np.float64(0.15916455378646788) - timing_s/agent_loop/compute_score/min:np.float64(0.3259552479721606) - timing_s/agent_loop/compute_score/max:np.float64(8.337486174074002) - timing_s/agent_loop/compute_score/mean:np.float64(1.6865065908768884) - timing_s/agent_loop/slowest/generate_sequences:np.float64(112.96676028787624) - timing_s/agent_loop/slowest/tool_calls:np.float64(0.21089891996234655) - timing_s/agent_loop/slowest/compute_score:np.float64(3.221048348932527) - timing_s/agent_loop/slowest/num_preempted:np.int64(-1) - timing_s/agent_loop/slowest/prompt_length:3950 - timing_s/agent_loop/slowest/response_length:3357 - timing_s/gen:136.8539949330734 - timing_s/reward:0.0005408810684457421 - timing_s/old_log_prob:141.6733010399621 - timing_s/ref:129.4992352690315 - timing_s/adv:0.1675213109701872 - timing_s/update_actor:313.67387910501566 - timing_s/update_weights:3.9322891109623015 - timing_s/dump_rollout_generations:0.32259281794540584 - timing_s/step:726.301216453081 - timing_s/stop_profile:4.476506728678942e-05 - timing_per_token_ms/ref:0.14098361996800524 - timing_per_token_ms/gen:0.34388449972503465 - timing_per_token_ms/adv:0.00018237760858817102 - timing_per_token_ms/update_actor:0.34149142945716704 - perf/total_num_tokens:918541 - perf/time_per_step:726.301216453081 - perf/throughput:1264.683273540046
[36m(TaskRunner pid=3167514)[0m Dumped generations to /home/yw4636/agentic-tvg/results/grpo-v2/rollouts/229.jsonl
[36m(TaskRunner pid=3167514)[0m step:229 - global_seqlen/min:923642 - global_seqlen/max:923642 - global_seqlen/minmax_diff:0 - global_seqlen/balanced_min:923642 - global_seqlen/balanced_max:923642 - global_seqlen/mean:923642.0 - actor/entropy:0.7423498630523682 - perf/mfu/actor_infer:0.29800587071173557 - training/rollout_probs_diff_valid:1 - training/rollout_probs_diff_max:0.5074384212493896 - training/rollout_probs_diff_mean:0.012164481915533543 - training/rollout_probs_diff_std:0.021597858518362045 - training/rollout_actor_probs_pearson_corr:0.9974817633628845 - rollout_corr/training_ppl:2.1145241260528564 - rollout_corr/training_log_ppl:0.7403601408004761 - rollout_corr/kl:0.0043783364817500114 - rollout_corr/k3_kl:0.004729319363832474 - rollout_corr/rollout_ppl:2.105095148086548 - rollout_corr/rollout_log_ppl:0.7358505725860596 - rollout_corr/log_ppl_diff:0.004509523510932922 - rollout_corr/log_ppl_abs_diff:0.005299313925206661 - rollout_corr/log_ppl_diff_max:0.01980149745941162 - rollout_corr/log_ppl_diff_min:-0.006950736045837402 - rollout_corr/ppl_ratio:1.0045320987701416 - rollout_corr/chi2_token:0.013452768325805664 - rollout_corr/chi2_seq:0.8165738582611084 - actor/pg_clipfrac:np.float64(0.0) - actor/ppo_kl:np.float64(0.0) - actor/pg_clipfrac_lower:np.float64(0.0) - actor/pg_loss:np.float64(0.04233584477333352) - actor/kl_loss:np.float64(0.04419879615306854) - actor/kl_coef:np.float64(0.0010000000000000002) - actor/loss:np.float64(0.042380042374134064) - actor/grad_norm:np.float64(0.11374714225530624) - actor/lr:np.float64(1e-05) - actor/perf/max_memory_allocated_gb:np.float64(38.943655490875244) - actor/perf/max_memory_reserved_gb:np.float64(41.806640625) - actor/perf/cpu_memory_used_gb:np.float64(98.40620803833008) - perf/mfu/actor:np.float64(0.3416223463324267) - training/global_step:229 - training/epoch:2 - critic/score/mean:1.5053741931915283 - critic/score/max:2.485111713409424 - critic/score/min:0.5 - critic/rewards/mean:1.5053741931915283 - critic/rewards/max:2.485111713409424 - critic/rewards/min:0.5 - critic/advantages/mean:-0.04233585670590401 - critic/advantages/max:2.4112930297851562 - critic/advantages/min:-3.072078227996826 - critic/returns/mean:-0.04233585670590401 - critic/returns/max:2.4112930297851562 - critic/returns/min:-3.072078227996826 - response_length/mean:3153.203125 - response_length/max:6267.0 - response_length/min:2915.0 - response_length/clip_ratio:0.0 - response_length_non_aborted/mean:3153.203125 - response_length_non_aborted/max:6267.0 - response_length_non_aborted/min:2915.0 - response_length_non_aborted/clip_ratio:0.0 - response/aborted_ratio:0.0 - prompt_length/mean:4062.75 - prompt_length/max:4147.0 - prompt_length/min:3935.0 - prompt_length/clip_ratio:0.0 - num_turns/min:np.int32(4) - num_turns/max:np.int32(6) - num_turns/mean:np.float64(4.015625) - timing_s/start_profile:5.9860991314053535e-05 - timing_s/agent_loop/num_preempted/min:np.int64(-1) - timing_s/agent_loop/num_preempted/max:np.int64(-1) - timing_s/agent_loop/num_preempted/mean:np.float64(-1.0) - timing_s/agent_loop/generate_sequences/min:np.float64(67.79949257499538) - timing_s/agent_loop/generate_sequences/max:np.float64(106.61643679800909) - timing_s/agent_loop/generate_sequences/mean:np.float64(90.92195513021124) - timing_s/agent_loop/tool_calls/min:np.float64(0.05944256007205695) - timing_s/agent_loop/tool_calls/max:np.float64(2.7465196821140125) - timing_s/agent_loop/tool_calls/mean:np.float64(0.19385970314397127) - timing_s/agent_loop/compute_score/min:np.float64(0.32751286891289055) - timing_s/agent_loop/compute_score/max:np.float64(6.110051655094139) - timing_s/agent_loop/compute_score/mean:np.float64(1.9436744529602947) - timing_s/agent_loop/slowest/generate_sequences:np.float64(106.61643679800909) - timing_s/agent_loop/slowest/tool_calls:np.float64(2.7465196821140125) - timing_s/agent_loop/slowest/compute_score:np.float64(0.46581636695191264) - timing_s/agent_loop/slowest/num_preempted:np.int64(-1) - timing_s/agent_loop/slowest/prompt_length:4147 - timing_s/agent_loop/slowest/response_length:6267 - timing_s/gen:132.34531232400332 - timing_s/reward:0.00047983997501432896 - timing_s/old_log_prob:142.03401395503897 - timing_s/ref:130.91021918307524 - timing_s/adv:0.17191967996768653 - timing_s/update_actor:316.58209976705257 - timing_s/update_weights:4.008241662988439 - timing_s/dump_rollout_generations:0.33706821501255035 - timing_s/step:726.5507140449481 - timing_s/stop_profile:4.260195419192314e-05 - timing_per_token_ms/ref:0.1417326401171398 - timing_per_token_ms/gen:0.3279039476821766 - timing_per_token_ms/adv:0.00018613237592886262 - timing_per_token_ms/update_actor:0.3427541187679345 - perf/total_num_tokens:923642 - perf/time_per_step:726.5507140449481 - perf/throughput:1271.269826242107[36m(TaskRunner pid=3167514)[0m Training Progress:  96%|█████████▌| 230/239 [2:04:23<1:49:57, 733.10s/it]
[36m(TaskRunner pid=3167514)[0m Training Progress:  97%|█████████▋| 231/239 [2:16:26<1:37:21, 730.22s/it]

[36m(TaskRunner pid=3167514)[0m Dumped generations to /home/yw4636/agentic-tvg/results/grpo-v2/rollouts/230.jsonl
[36m(TaskRunner pid=3167514)[0m step:230 - global_seqlen/min:904335 - global_seqlen/max:904335 - global_seqlen/minmax_diff:0 - global_seqlen/balanced_min:904335 - global_seqlen/balanced_max:904335 - global_seqlen/mean:904335.0 - actor/entropy:0.7888204455375671 - perf/mfu/actor_infer:0.2989149391165439 - training/rollout_probs_diff_valid:1 - training/rollout_probs_diff_max:0.753749430179596 - training/rollout_probs_diff_mean:0.011947544291615486 - training/rollout_probs_diff_std:0.020611265674233437 - training/rollout_actor_probs_pearson_corr:0.9977127313613892 - rollout_corr/training_ppl:2.2118356227874756 - rollout_corr/training_log_ppl:0.7809703350067139 - rollout_corr/kl:0.004289716482162476 - rollout_corr/k3_kl:0.004571155179291964 - rollout_corr/rollout_ppl:2.2024848461151123 - rollout_corr/rollout_log_ppl:0.7768456935882568 - rollout_corr/log_ppl_diff:0.00412468146532774 - rollout_corr/log_ppl_abs_diff:0.005867248401045799 - rollout_corr/log_ppl_diff_max:0.03175795078277588 - rollout_corr/log_ppl_diff_min:-0.015258967876434326 - rollout_corr/ppl_ratio:1.0041534900665283 - rollout_corr/chi2_token:0.010382533073425293 - rollout_corr/chi2_seq:20.587488174438477 - actor/pg_clipfrac:np.float64(0.0) - actor/ppo_kl:np.float64(0.0) - actor/pg_clipfrac_lower:np.float64(0.0) - actor/pg_loss:np.float64(0.023509043574449606) - actor/kl_loss:np.float64(0.04752094915602356) - actor/kl_coef:np.float64(0.0010000000000000002) - actor/loss:np.float64(0.02355656772851944) - actor/grad_norm:np.float64(0.11332368850708008) - actor/lr:np.float64(1e-05) - actor/perf/max_memory_allocated_gb:np.float64(38.943655490875244) - actor/perf/max_memory_reserved_gb:np.float64(41.806640625) - actor/perf/cpu_memory_used_gb:np.float64(98.65058898925781) - perf/mfu/actor:np.float64(0.3425662515215704) - training/global_step:230 - training/epoch:2 - critic/score/mean:1.397218942642212 - critic/score/max:2.5 - critic/score/min:0.5 - critic/rewards/mean:1.397218942642212 - critic/rewards/max:2.5 - critic/rewards/min:0.5 - critic/advantages/mean:-0.023509042337536812 - critic/advantages/max:3.749969959259033 - critic/advantages/min:-1.997754454612732 - critic/returns/mean:-0.023509042337536812 - critic/returns/max:3.749969959259033 - critic/returns/min:-1.997754454612732 - response_length/mean:3060.2421875 - response_length/max:3374.0 - response_length/min:2633.0 - response_length/clip_ratio:0.0 - response_length_non_aborted/mean:3060.2421875 - response_length_non_aborted/max:3374.0 - response_length_non_aborted/min:2633.0 - response_length_non_aborted/clip_ratio:0.0 - response/aborted_ratio:0.0 - prompt_length/mean:4004.875 - prompt_length/max:4147.0 - prompt_length/min:3626.0 - prompt_length/clip_ratio:0.0 - num_turns/min:np.int32(4) - num_turns/max:np.int32(4) - num_turns/mean:np.float64(4.0) - timing_s/start_profile:5.9264013543725014e-05 - timing_s/agent_loop/num_preempted/min:np.int64(-1) - timing_s/agent_loop/num_preempted/max:np.int64(-1) - timing_s/agent_loop/num_preempted/mean:np.float64(-1.0) - timing_s/agent_loop/generate_sequences/min:np.float64(59.89976084209047) - timing_s/agent_loop/generate_sequences/max:np.float64(101.3525843139505) - timing_s/agent_loop/generate_sequences/mean:np.float64(89.4625480554023) - timing_s/agent_loop/tool_calls/min:np.float64(0.06905778998043388) - timing_s/agent_loop/tool_calls/max:np.float64(1.587800309062004) - timing_s/agent_loop/tool_calls/mean:np.float64(0.23389620242323872) - timing_s/agent_loop/compute_score/min:np.float64(0.2862968590343371) - timing_s/agent_loop/compute_score/max:np.float64(5.375631175003946) - timing_s/agent_loop/compute_score/mean:np.float64(2.0039084228765205) - timing_s/agent_loop/slowest/generate_sequences:np.float64(100.98193959193304) - timing_s/agent_loop/slowest/tool_calls:np.float64(0.12192163697909564) - timing_s/agent_loop/slowest/compute_score:np.float64(3.173215038026683) - timing_s/agent_loop/slowest/num_preempted:np.int64(-1) - timing_s/agent_loop/slowest/prompt_length:3944 - timing_s/agent_loop/slowest/response_length:3350 - timing_s/gen:129.83531384496018 - timing_s/reward:0.0005199559964239597 - timing_s/old_log_prob:149.78795861895196 - timing_s/ref:133.6800375089515 - timing_s/adv:0.16991015092935413 - timing_s/update_actor:307.14107194799 - timing_s/update_weights:3.992196476086974 - timing_s/dump_rollout_generations:0.3409891310147941 - timing_s/step:725.1066044759937 - timing_s/stop_profile:3.60109843313694e-05 - timing_per_token_ms/ref:0.1478213687504647 - timing_per_token_ms/gen:0.33145690022736196 - timing_per_token_ms/adv:0.0001878840815951546 - timing_per_token_ms/update_actor:0.33963196376120575 - perf/total_num_tokens:904335 - perf/time_per_step:725.1066044759937 - perf/throughput:1247.1752352242436
[36m(TaskRunner pid=3167514)[0m Dumped generations to /home/yw4636/agentic-tvg/results/grpo-v2/rollouts/231.jsonl
[36m(TaskRunner pid=3167514)[0m step:231 - global_seqlen/min:909905 - global_seqlen/max:909905 - global_seqlen/minmax_diff:0 - global_seqlen/balanced_min:909905 - global_seqlen/balanced_max:909905 - global_seqlen/mean:909905.0 - actor/entropy:0.788364589214325 - perf/mfu/actor_infer:0.2965833100180175 - training/rollout_probs_diff_valid:1 - training/rollout_probs_diff_max:0.7679176330566406 - training/rollout_probs_diff_mean:0.012460912577807903 - training/rollout_probs_diff_std:0.022133082151412964 - training/rollout_actor_probs_pearson_corr:0.9974142909049988 - rollout_corr/training_ppl:2.214134931564331 - rollout_corr/training_log_ppl:0.7816586494445801 - rollout_corr/kl:0.004717147443443537 - rollout_corr/k3_kl:0.004850335884839296 - rollout_corr/rollout_ppl:2.203782558441162 - rollout_corr/rollout_log_ppl:0.7771139740943909 - rollout_corr/log_ppl_diff:0.004544570576399565 - rollout_corr/log_ppl_abs_diff:0.005590879824012518 - rollout_corr/log_ppl_diff_max:0.019077777862548828 - rollout_corr/log_ppl_diff_min:-0.009291112422943115 - rollout_corr/ppl_ratio:1.0045689344406128 - rollout_corr/chi2_token:0.010529160499572754 - rollout_corr/chi2_seq:1.2352955341339111 - actor/pg_clipfrac:np.float64(0.0) - actor/ppo_kl:np.float64(0.0) - actor/pg_clipfrac_lower:np.float64(0.0) - actor/pg_loss:np.float64(0.04498788612545468) - actor/kl_loss:np.float64(0.051896022574510425) - actor/kl_coef:np.float64(0.0010000000000000002) - actor/loss:np.float64(0.04503978043794632) - actor/grad_norm:np.float64(0.10862403362989426) - actor/lr:np.float64(1e-05) - actor/perf/max_memory_allocated_gb:np.float64(38.943655490875244) - actor/perf/max_memory_reserved_gb:np.float64(41.806640625) - actor/perf/cpu_memory_used_gb:np.float64(99.10279083251953) - perf/mfu/actor:np.float64(0.3419920540963713) - training/global_step:231 - training/epoch:2 - critic/score/mean:1.2129186391830444 - critic/score/max:2.477060317993164 - critic/score/min:0.5 - critic/rewards/mean:1.2129186391830444 - critic/rewards/max:2.477060317993164 - critic/rewards/min:0.5 - critic/advantages/mean:-0.04498788341879845 - critic/advantages/max:2.260720729827881 - critic/advantages/min:-2.8171939849853516 - critic/returns/mean:-0.04498788341879845 - critic/returns/max:2.260720729827881 - critic/returns/min:-2.8171939849853516 - response_length/mean:3082.2578125 - response_length/max:3357.0 - response_length/min:2560.0 - response_length/clip_ratio:0.0 - response_length_non_aborted/mean:3082.2578125 - response_length_non_aborted/max:3357.0 - response_length_non_aborted/min:2560.0 - response_length_non_aborted/clip_ratio:0.0 - response/aborted_ratio:0.0 - prompt_length/mean:4026.375 - prompt_length/max:4215.0 - prompt_length/min:3936.0 - prompt_length/clip_ratio:0.0 - num_turns/min:np.int32(4) - num_turns/max:np.int32(4) - num_turns/mean:np.float64(4.0) - timing_s/start_profile:6.091408431529999e-05 - timing_s/agent_loop/num_preempted/min:np.int64(-1) - timing_s/agent_loop/num_preempted/max:np.int64(-1) - timing_s/agent_loop/num_preempted/mean:np.float64(-1.0) - timing_s/agent_loop/generate_sequences/min:np.float64(21.57446865795646) - timing_s/agent_loop/generate_sequences/max:np.float64(107.53025769698434) - timing_s/agent_loop/generate_sequences/mean:np.float64(93.26404377739436) - timing_s/agent_loop/tool_calls/min:np.float64(0.051761054899543524) - timing_s/agent_loop/tool_calls/max:np.float64(1.3753996780142188) - timing_s/agent_loop/tool_calls/mean:np.float64(0.19253085830314376) - timing_s/agent_loop/compute_score/min:np.float64(0.31766665901523083) - timing_s/agent_loop/compute_score/max:np.float64(4.67580879398156) - timing_s/agent_loop/compute_score/mean:np.float64(1.9546836832887493) - timing_s/agent_loop/slowest/generate_sequences:np.float64(106.79799327510409) - timing_s/agent_loop/slowest/tool_calls:np.float64(0.14436284499242902) - timing_s/agent_loop/slowest/compute_score:np.float64(3.1544274360639974) - timing_s/agent_loop/slowest/num_preempted:np.int64(-1) - timing_s/agent_loop/slowest/prompt_length:4135 - timing_s/agent_loop/slowest/response_length:3241 - timing_s/gen:135.4654315849766 - timing_s/reward:0.0005049140891060233 - timing_s/old_log_prob:140.54642992804293 - timing_s/ref:132.92612923006527 - timing_s/adv:0.17378115793690085 - timing_s/update_actor:309.45480214909185 - timing_s/update_weights:3.984728430979885 - timing_s/dump_rollout_generations:0.3199500129558146 - timing_s/step:723.0173050179146 - timing_s/stop_profile:4.3014995753765106e-05 - timing_per_token_ms/ref:0.1460879204203354 - timing_per_token_ms/gen:0.34335988377274324 - timing_per_token_ms/adv:0.00019098824375830538 - timing_per_token_ms/update_actor:0.3400957266407942 - perf/total_num_tokens:909905 - perf/time_per_step:723.0173050179146 - perf/throughput:1258.4830178821996[36m(TaskRunner pid=3167514)[0m Training Progress:  97%|█████████▋| 232/239 [2:28:50<1:25:40, 734.42s/it]
[36m(TaskRunner pid=3167514)[0m Training Progress:  97%|█████████▋| 233/239 [2:41:19<1:13:52, 738.71s/it]

[36m(TaskRunner pid=3167514)[0m Dumped generations to /home/yw4636/agentic-tvg/results/grpo-v2/rollouts/232.jsonl
[36m(TaskRunner pid=3167514)[0m step:232 - global_seqlen/min:915801 - global_seqlen/max:915801 - global_seqlen/minmax_diff:0 - global_seqlen/balanced_min:915801 - global_seqlen/balanced_max:915801 - global_seqlen/mean:915801.0 - actor/entropy:0.752302885055542 - perf/mfu/actor_infer:0.3005783852567317 - training/rollout_probs_diff_valid:1 - training/rollout_probs_diff_max:0.6985401511192322 - training/rollout_probs_diff_mean:0.012806173413991928 - training/rollout_probs_diff_std:0.023624321445822716 - training/rollout_actor_probs_pearson_corr:0.9970587491989136 - rollout_corr/training_ppl:2.135291576385498 - rollout_corr/training_log_ppl:0.7477996945381165 - rollout_corr/kl:0.005017893388867378 - rollout_corr/k3_kl:0.0051307459361851215 - rollout_corr/rollout_ppl:2.124370574951172 - rollout_corr/rollout_log_ppl:0.7427017092704773 - rollout_corr/log_ppl_diff:0.005097906105220318 - rollout_corr/log_ppl_abs_diff:0.006357240490615368 - rollout_corr/log_ppl_diff_max:0.03075540065765381 - rollout_corr/log_ppl_diff_min:-0.009081065654754639 - rollout_corr/ppl_ratio:1.0051323175430298 - rollout_corr/chi2_token:0.01028740406036377 - rollout_corr/chi2_seq:7.627802848815918 - actor/pg_clipfrac:np.float64(0.0) - actor/ppo_kl:np.float64(0.0) - actor/pg_clipfrac_lower:np.float64(0.0) - actor/pg_loss:np.float64(0.01747877431625966) - actor/kl_loss:np.float64(0.05136332235997543) - actor/kl_coef:np.float64(0.0010000000000000002) - actor/loss:np.float64(0.017530154436826706) - actor/grad_norm:np.float64(0.11615145206451416) - actor/lr:np.float64(1e-05) - actor/perf/max_memory_allocated_gb:np.float64(38.943655490875244) - actor/perf/max_memory_reserved_gb:np.float64(41.806640625) - actor/perf/cpu_memory_used_gb:np.float64(115.74393081665039) - perf/mfu/actor:np.float64(0.3427571069177068) - training/global_step:232 - training/epoch:2 - critic/score/mean:1.4445472955703735 - critic/score/max:2.409090995788574 - critic/score/min:0.5 - critic/rewards/mean:1.4445472955703735 - critic/rewards/max:2.409090995788574 - critic/rewards/min:0.5 - critic/advantages/mean:-0.01747876964509487 - critic/advantages/max:2.384552001953125 - critic/advantages/min:-3.002094030380249 - critic/returns/mean:-0.01747876964509487 - critic/returns/max:2.384552001953125 - critic/returns/min:-3.002094030380249 - response_length/mean:3139.5703125 - response_length/max:3389.0 - response_length/min:2943.0 - response_length/clip_ratio:0.0 - response_length_non_aborted/mean:3139.5703125 - response_length_non_aborted/max:3389.0 - response_length_non_aborted/min:2943.0 - response_length_non_aborted/clip_ratio:0.0 - response/aborted_ratio:0.0 - prompt_length/mean:4015.125 - prompt_length/max:4146.0 - prompt_length/min:3930.0 - prompt_length/clip_ratio:0.0 - num_turns/min:np.int32(4) - num_turns/max:np.int32(4) - num_turns/mean:np.float64(4.0) - timing_s/start_profile:6.855698302388191e-05 - timing_s/agent_loop/num_preempted/min:np.int64(-1) - timing_s/agent_loop/num_preempted/max:np.int64(-1) - timing_s/agent_loop/num_preempted/mean:np.float64(-1.0) - timing_s/agent_loop/generate_sequences/min:np.float64(69.20368728600442) - timing_s/agent_loop/generate_sequences/max:np.float64(112.18594336789101) - timing_s/agent_loop/generate_sequences/mean:np.float64(95.33230445326717) - timing_s/agent_loop/tool_calls/min:np.float64(0.05972762394230813) - timing_s/agent_loop/tool_calls/max:np.float64(0.8143058809218928) - timing_s/agent_loop/tool_calls/mean:np.float64(0.1414404975821526) - timing_s/agent_loop/compute_score/min:np.float64(0.3158682039938867) - timing_s/agent_loop/compute_score/max:np.float64(8.393493322073482) - timing_s/agent_loop/compute_score/mean:np.float64(1.8756881725585117) - timing_s/agent_loop/slowest/generate_sequences:np.float64(112.18594336789101) - timing_s/agent_loop/slowest/tool_calls:np.float64(0.0970702130580321) - timing_s/agent_loop/slowest/compute_score:np.float64(2.9971751229604706) - timing_s/agent_loop/slowest/num_preempted:np.int64(-1) - timing_s/agent_loop/slowest/prompt_length:3950 - timing_s/agent_loop/slowest/response_length:3325 - timing_s/gen:136.1230685430346 - timing_s/reward:0.0005263709463179111 - timing_s/old_log_prob:145.17380523495376 - timing_s/ref:135.2175395740196 - timing_s/adv:0.16791534097865224 - timing_s/update_actor:322.7523887840798 - timing_s/update_weights:4.012626570998691 - timing_s/dump_rollout_generations:0.32452071201987565 - timing_s/step:743.9429321710486 - timing_s/stop_profile:4.384992644190788e-05 - timing_per_token_ms/ref:0.1476494779695803 - timing_per_token_ms/gen:0.33872835042373584 - timing_per_token_ms/adv:0.00018335352437773297 - timing_per_token_ms/update_actor:0.3524263336511751 - perf/total_num_tokens:915801 - perf/time_per_step:743.9429321710486 - perf/throughput:1231.0097460398179
[36m(TaskRunner pid=3167514)[0m Dumped generations to /home/yw4636/agentic-tvg/results/grpo-v2/rollouts/233.jsonl
[36m(TaskRunner pid=3167514)[0m step:233 - global_seqlen/min:912681 - global_seqlen/max:912681 - global_seqlen/minmax_diff:0 - global_seqlen/balanced_min:912681 - global_seqlen/balanced_max:912681 - global_seqlen/mean:912681.0 - actor/entropy:0.786146342754364 - perf/mfu/actor_infer:0.30259198199212867 - training/rollout_probs_diff_valid:1 - training/rollout_probs_diff_max:0.6889691948890686 - training/rollout_probs_diff_mean:0.012211586348712444 - training/rollout_probs_diff_std:0.021826263517141342 - training/rollout_actor_probs_pearson_corr:0.9975056052207947 - rollout_corr/training_ppl:2.214521646499634 - rollout_corr/training_log_ppl:0.7803540229797363 - rollout_corr/kl:0.005374231841415167 - rollout_corr/k3_kl:0.005014440976083279 - rollout_corr/rollout_ppl:2.2024314403533936 - rollout_corr/rollout_log_ppl:0.7750042676925659 - rollout_corr/log_ppl_diff:0.0053496817126870155 - rollout_corr/log_ppl_abs_diff:0.006292872130870819 - rollout_corr/log_ppl_diff_max:0.028876543045043945 - rollout_corr/log_ppl_diff_min:-0.010617434978485107 - rollout_corr/ppl_ratio:1.0053831338882446 - rollout_corr/chi2_token:0.009821891784667969 - rollout_corr/chi2_seq:8.734590530395508 - actor/pg_clipfrac:np.float64(0.0) - actor/ppo_kl:np.float64(0.0) - actor/pg_clipfrac_lower:np.float64(0.0) - actor/pg_loss:np.float64(-0.02466896630357951) - actor/kl_loss:np.float64(0.05273896886501461) - actor/kl_coef:np.float64(0.0010000000000000002) - actor/loss:np.float64(-0.024616219103336334) - actor/grad_norm:np.float64(0.12602896988391876) - actor/lr:np.float64(1e-05) - actor/perf/max_memory_allocated_gb:np.float64(38.943655490875244) - actor/perf/max_memory_reserved_gb:np.float64(41.806640625) - actor/perf/cpu_memory_used_gb:np.float64(99.44306564331055) - perf/mfu/actor:np.float64(0.3430211939612922) - training/global_step:233 - training/epoch:2 - critic/score/mean:1.4656400680541992 - critic/score/max:2.5 - critic/score/min:0.5 - critic/rewards/mean:1.4656400680541992 - critic/rewards/max:2.5 - critic/rewards/min:0.5 - critic/advantages/mean:0.02466895990073681 - critic/advantages/max:3.1390504837036133 - critic/advantages/min:-2.4534618854522705 - critic/returns/mean:0.02466895990073681 - critic/returns/max:3.1390504837036133 - critic/returns/min:-2.4534618854522705 - response_length/mean:3157.1953125 - response_length/max:3348.0 - response_length/min:2898.0 - response_length/clip_ratio:0.0 - response_length_non_aborted/mean:3157.1953125 - response_length_non_aborted/max:3348.0 - response_length_non_aborted/min:2898.0 - response_length_non_aborted/clip_ratio:0.0 - response/aborted_ratio:0.0 - prompt_length/mean:3973.125 - prompt_length/max:4142.0 - prompt_length/min:3943.0 - prompt_length/clip_ratio:0.0 - num_turns/min:np.int32(4) - num_turns/max:np.int32(4) - num_turns/mean:np.float64(4.0) - timing_s/start_profile:7.034000009298325e-05 - timing_s/agent_loop/num_preempted/min:np.int64(-1) - timing_s/agent_loop/num_preempted/max:np.int64(-1) - timing_s/agent_loop/num_preempted/mean:np.float64(-1.0) - timing_s/agent_loop/generate_sequences/min:np.float64(64.50321150803939) - timing_s/agent_loop/generate_sequences/max:np.float64(102.51051858102437) - timing_s/agent_loop/generate_sequences/mean:np.float64(90.10568002247055) - timing_s/agent_loop/tool_calls/min:np.float64(0.06830317701678723) - timing_s/agent_loop/tool_calls/max:np.float64(0.45778644795063883) - timing_s/agent_loop/tool_calls/mean:np.float64(0.15439320020414016) - timing_s/agent_loop/compute_score/min:np.float64(0.3194651659578085) - timing_s/agent_loop/compute_score/max:np.float64(6.170372375054285) - timing_s/agent_loop/compute_score/mean:np.float64(2.077664608859777) - timing_s/agent_loop/slowest/generate_sequences:np.float64(102.51051858102437) - timing_s/agent_loop/slowest/tool_calls:np.float64(0.27185309201013297) - timing_s/agent_loop/slowest/compute_score:np.float64(3.2237578890053555) - timing_s/agent_loop/slowest/num_preempted:np.int64(-1) - timing_s/agent_loop/slowest/prompt_length:3944 - timing_s/agent_loop/slowest/response_length:3320 - timing_s/gen:134.2762392789591 - timing_s/reward:0.0004993000766262412 - timing_s/old_log_prob:149.1199214149965 - timing_s/ref:135.71621612994932 - timing_s/adv:0.167166157043539 - timing_s/update_actor:324.74301327602006 - timing_s/update_weights:3.984867256018333 - timing_s/dump_rollout_generations:0.33980991994030774 - timing_s/step:748.5142140630633 - timing_s/stop_profile:4.590896423906088e-05 - timing_per_token_ms/ref:0.14870060418694955 - timing_per_token_ms/gen:0.3322674131731811 - timing_per_token_ms/adv:0.0001831594577333581 - timing_per_token_ms/update_actor:0.3558121767364721 - perf/total_num_tokens:912681 - perf/time_per_step:748.5142140630633 - perf/throughput:1219.323538354484[36m(TaskRunner pid=3167514)[0m Training Progress:  98%|█████████▊| 234/239 [2:53:20<1:01:05, 733.20s/it]
[36m(TaskRunner pid=3167514)[0m Training Progress:  98%|█████████▊| 235/239 [3:05:22<48:39, 729.94s/it]  

[36m(TaskRunner pid=3167514)[0m Dumped generations to /home/yw4636/agentic-tvg/results/grpo-v2/rollouts/234.jsonl
[36m(TaskRunner pid=3167514)[0m step:234 - global_seqlen/min:912488 - global_seqlen/max:912488 - global_seqlen/minmax_diff:0 - global_seqlen/balanced_min:912488 - global_seqlen/balanced_max:912488 - global_seqlen/mean:912488.0 - actor/entropy:0.7857217788696289 - perf/mfu/actor_infer:0.3015935742409283 - training/rollout_probs_diff_valid:1 - training/rollout_probs_diff_max:0.6134149432182312 - training/rollout_probs_diff_mean:0.012734425254166126 - training/rollout_probs_diff_std:0.02312052622437477 - training/rollout_actor_probs_pearson_corr:0.9971927404403687 - rollout_corr/training_ppl:2.1940882205963135 - rollout_corr/training_log_ppl:0.7738526463508606 - rollout_corr/kl:0.004105480387806892 - rollout_corr/k3_kl:0.005368146579712629 - rollout_corr/rollout_ppl:2.184648036956787 - rollout_corr/rollout_log_ppl:0.7695711851119995 - rollout_corr/log_ppl_diff:0.004281444940716028 - rollout_corr/log_ppl_abs_diff:0.005832008086144924 - rollout_corr/log_ppl_diff_max:0.022381722927093506 - rollout_corr/log_ppl_diff_min:-0.007401525974273682 - rollout_corr/ppl_ratio:1.0043079853057861 - rollout_corr/chi2_token:0.015624523162841797 - rollout_corr/chi2_seq:8.361734390258789 - actor/pg_clipfrac:np.float64(0.0) - actor/ppo_kl:np.float64(0.0) - actor/pg_clipfrac_lower:np.float64(0.0) - actor/pg_loss:np.float64(0.028933814843185246) - actor/kl_loss:np.float64(0.054928885598201305) - actor/kl_coef:np.float64(0.0010000000000000002) - actor/loss:np.float64(0.02898874133825302) - actor/grad_norm:np.float64(0.121351458132267) - actor/lr:np.float64(1e-05) - actor/perf/max_memory_allocated_gb:np.float64(38.943655490875244) - actor/perf/max_memory_reserved_gb:np.float64(41.806640625) - actor/perf/cpu_memory_used_gb:np.float64(99.66858291625977) - perf/mfu/actor:np.float64(0.34328298442692906) - training/global_step:234 - training/epoch:2 - critic/score/mean:1.2676711082458496 - critic/score/max:2.2491748332977295 - critic/score/min:0.5 - critic/rewards/mean:1.2676711082458496 - critic/rewards/max:2.2491748332977295 - critic/rewards/min:0.5 - critic/advantages/mean:-0.028933841735124588 - critic/advantages/max:3.739349126815796 - critic/advantages/min:-1.8188509941101074 - critic/returns/mean:-0.028933841735124588 - critic/returns/max:3.739349126815796 - critic/returns/min:-1.8188509941101074 - response_length/mean:3181.4375 - response_length/max:5964.0 - response_length/min:2944.0 - response_length/clip_ratio:0.0 - response_length_non_aborted/mean:3181.4375 - response_length_non_aborted/max:5964.0 - response_length_non_aborted/min:2944.0 - response_length_non_aborted/clip_ratio:0.0 - response/aborted_ratio:0.0 - prompt_length/mean:3947.375 - prompt_length/max:4138.0 - prompt_length/min:3757.0 - prompt_length/clip_ratio:0.0 - num_turns/min:np.int32(4) - num_turns/max:np.int32(6) - num_turns/mean:np.float64(4.015625) - timing_s/start_profile:5.959393456578255e-05 - timing_s/agent_loop/num_preempted/min:np.int64(-1) - timing_s/agent_loop/num_preempted/max:np.int64(-1) - timing_s/agent_loop/num_preempted/mean:np.float64(-1.0) - timing_s/agent_loop/generate_sequences/min:np.float64(63.6957603279734) - timing_s/agent_loop/generate_sequences/max:np.float64(104.12112013797741) - timing_s/agent_loop/generate_sequences/mean:np.float64(88.66327240823375) - timing_s/agent_loop/tool_calls/min:np.float64(0.0636450870661065) - timing_s/agent_loop/tool_calls/max:np.float64(0.921582178096287) - timing_s/agent_loop/tool_calls/mean:np.float64(0.2141324710491972) - timing_s/agent_loop/compute_score/min:np.float64(0.31761116499546915) - timing_s/agent_loop/compute_score/max:np.float64(7.7930003489600495) - timing_s/agent_loop/compute_score/mean:np.float64(1.5376337140205578) - timing_s/agent_loop/slowest/generate_sequences:np.float64(99.6037430379074) - timing_s/agent_loop/slowest/tool_calls:np.float64(0.8466448599938303) - timing_s/agent_loop/slowest/compute_score:np.float64(7.7930003489600495) - timing_s/agent_loop/slowest/num_preempted:np.int64(-1) - timing_s/agent_loop/slowest/prompt_length:3757 - timing_s/agent_loop/slowest/response_length:3198 - timing_s/gen:131.24816506705247 - timing_s/reward:0.0005842479877173901 - timing_s/old_log_prob:139.00221377890557 - timing_s/ref:130.48431016900577 - timing_s/adv:0.16694073798134923 - timing_s/update_actor:314.1923945819726 - timing_s/update_weights:4.0056486800313 - timing_s/dump_rollout_generations:0.325111270067282 - timing_s/step:719.5973568140762 - timing_s/stop_profile:4.673202056437731e-05 - timing_per_token_ms/ref:0.14299838482150534 - timing_per_token_ms/gen:0.32229968043890456 - timing_per_token_ms/adv:0.00018295115988522503 - timing_per_token_ms/update_actor:0.3443249605276701 - perf/total_num_tokens:912488 - perf/time_per_step:719.5973568140762 - perf/throughput:1268.0535737928806
[36m(TaskRunner pid=3167514)[0m Dumped generations to /home/yw4636/agentic-tvg/results/grpo-v2/rollouts/235.jsonl
[36m(TaskRunner pid=3167514)[0m step:235 - global_seqlen/min:913292 - global_seqlen/max:913292 - global_seqlen/minmax_diff:0 - global_seqlen/balanced_min:913292 - global_seqlen/balanced_max:913292 - global_seqlen/mean:913292.0 - actor/entropy:0.7729729413986206 - perf/mfu/actor_infer:0.2998488756394875 - training/rollout_probs_diff_valid:1 - training/rollout_probs_diff_max:0.5488613843917847 - training/rollout_probs_diff_mean:0.012590493075549603 - training/rollout_probs_diff_std:0.021977949887514114 - training/rollout_actor_probs_pearson_corr:0.9973918795585632 - rollout_corr/training_ppl:2.1642115116119385 - rollout_corr/training_log_ppl:0.762982964515686 - rollout_corr/kl:0.005217440892010927 - rollout_corr/k3_kl:0.004333713091909885 - rollout_corr/rollout_ppl:2.153123378753662 - rollout_corr/rollout_log_ppl:0.7578696012496948 - rollout_corr/log_ppl_diff:0.005113338120281696 - rollout_corr/log_ppl_abs_diff:0.006267904303967953 - rollout_corr/log_ppl_diff_max:0.019357264041900635 - rollout_corr/log_ppl_diff_min:-0.010314524173736572 - rollout_corr/ppl_ratio:1.0051424503326416 - rollout_corr/chi2_token:0.006991982460021973 - rollout_corr/chi2_seq:5.754331588745117 - actor/pg_clipfrac:np.float64(0.0) - actor/ppo_kl:np.float64(0.0) - actor/pg_clipfrac_lower:np.float64(0.0) - actor/pg_loss:np.float64(0.0035585123632699833) - actor/kl_loss:np.float64(0.053794511244632304) - actor/kl_coef:np.float64(0.0010000000000000002) - actor/loss:np.float64(0.0036123041063547134) - actor/grad_norm:np.float64(0.11325855553150177) - actor/lr:np.float64(1e-05) - actor/perf/max_memory_allocated_gb:np.float64(38.943655490875244) - actor/perf/max_memory_reserved_gb:np.float64(41.806640625) - actor/perf/cpu_memory_used_gb:np.float64(100.00253295898438) - perf/mfu/actor:np.float64(0.344512851560693) - training/global_step:235 - training/epoch:2 - critic/score/mean:1.9523817300796509 - critic/score/max:2.4734513759613037 - critic/score/min:0.9044665098190308 - critic/rewards/mean:1.9523817300796509 - critic/rewards/max:2.4734513759613037 - critic/rewards/min:0.9044665098190308 - critic/advantages/mean:-0.00355851324275136 - critic/advantages/max:3.047621965408325 - critic/advantages/min:-2.8356988430023193 - critic/returns/mean:-0.00355851324275136 - critic/returns/max:3.047621965408325 - critic/returns/min:-2.8356988430023193 - response_length/mean:3191.09375 - response_length/max:3482.0 - response_length/min:3001.0 - response_length/clip_ratio:0.0 - response_length_non_aborted/mean:3191.09375 - response_length_non_aborted/max:3482.0 - response_length_non_aborted/min:3001.0 - response_length_non_aborted/clip_ratio:0.0 - response/aborted_ratio:0.0 - prompt_length/mean:3944.0 - prompt_length/max:3957.0 - prompt_length/min:3931.0 - prompt_length/clip_ratio:0.0 - num_turns/min:np.int32(4) - num_turns/max:np.int32(4) - num_turns/mean:np.float64(4.0) - timing_s/start_profile:5.821697413921356e-05 - timing_s/agent_loop/num_preempted/min:np.int64(-1) - timing_s/agent_loop/num_preempted/max:np.int64(-1) - timing_s/agent_loop/num_preempted/mean:np.float64(-1.0) - timing_s/agent_loop/generate_sequences/min:np.float64(61.91290904500056) - timing_s/agent_loop/generate_sequences/max:np.float64(100.55106891691685) - timing_s/agent_loop/generate_sequences/mean:np.float64(87.14384464145496) - timing_s/agent_loop/tool_calls/min:np.float64(0.08131600602064282) - timing_s/agent_loop/tool_calls/max:np.float64(0.750123183010146) - timing_s/agent_loop/tool_calls/mean:np.float64(0.18228333932893293) - timing_s/agent_loop/compute_score/min:np.float64(0.3083776190178469) - timing_s/agent_loop/compute_score/max:np.float64(5.32862666703295) - timing_s/agent_loop/compute_score/mean:np.float64(1.9537379200637588) - timing_s/agent_loop/slowest/generate_sequences:np.float64(98.4308234830387) - timing_s/agent_loop/slowest/tool_calls:np.float64(0.2199180390452966) - timing_s/agent_loop/slowest/compute_score:np.float64(3.9146700310520828) - timing_s/agent_loop/slowest/num_preempted:np.int64(-1) - timing_s/agent_loop/slowest/prompt_length:3957 - timing_s/agent_loop/slowest/response_length:3203 - timing_s/gen:127.49626033694949 - timing_s/reward:0.0005197740392759442 - timing_s/old_log_prob:148.3763589139562 - timing_s/ref:132.12011619808618 - timing_s/adv:0.1679363630246371 - timing_s/update_actor:309.7016688019503 - timing_s/update_weights:3.9798007399076596 - timing_s/dump_rollout_generations:0.32187545602209866 - timing_s/step:722.3243345690425 - timing_s/stop_profile:4.289299249649048e-05 - timing_per_token_ms/ref:0.14466360835098324 - timing_per_token_ms/gen:0.31213891283589457 - timing_per_token_ms/adv:0.00018388025190698825 - timing_per_token_ms/update_actor:0.3391047647433135 - perf/total_num_tokens:913292 - perf/time_per_step:722.3243345690425 - perf/throughput:1264.3793878893664[36m(TaskRunner pid=3167514)[0m Training Progress:  99%|█████████▊| 236/239 [3:17:41<36:38, 732.76s/it]
[36m(TaskRunner pid=3167514)[0m Training Progress:  99%|█████████▉| 237/239 [3:30:09<24:34, 737.25s/it]

[36m(TaskRunner pid=3167514)[0m Dumped generations to /home/yw4636/agentic-tvg/results/grpo-v2/rollouts/236.jsonl
[36m(TaskRunner pid=3167514)[0m step:236 - global_seqlen/min:909439 - global_seqlen/max:909439 - global_seqlen/minmax_diff:0 - global_seqlen/balanced_min:909439 - global_seqlen/balanced_max:909439 - global_seqlen/mean:909439.0 - actor/entropy:0.7349317669868469 - perf/mfu/actor_infer:0.3005646532853664 - training/rollout_probs_diff_valid:1 - training/rollout_probs_diff_max:0.736695408821106 - training/rollout_probs_diff_mean:0.01246242132037878 - training/rollout_probs_diff_std:0.022906390950083733 - training/rollout_actor_probs_pearson_corr:0.9971921443939209 - rollout_corr/training_ppl:2.1065726280212402 - rollout_corr/training_log_ppl:0.7313933372497559 - rollout_corr/kl:0.005436284001916647 - rollout_corr/k3_kl:0.005546944681555033 - rollout_corr/rollout_ppl:2.0955851078033447 - rollout_corr/rollout_log_ppl:0.7263211011886597 - rollout_corr/log_ppl_diff:0.005072280764579773 - rollout_corr/log_ppl_abs_diff:0.006094545125961304 - rollout_corr/log_ppl_diff_max:0.03922766447067261 - rollout_corr/log_ppl_diff_min:-0.006704211235046387 - rollout_corr/ppl_ratio:1.0051065683364868 - rollout_corr/chi2_token:0.022266507148742676 - rollout_corr/chi2_seq:1.924560546875 - actor/pg_clipfrac:np.float64(0.0) - actor/ppo_kl:np.float64(0.0) - actor/pg_clipfrac_lower:np.float64(0.0) - actor/pg_loss:np.float64(-0.019301994587294757) - actor/kl_loss:np.float64(0.05540101992664859) - actor/kl_coef:np.float64(0.0010000000000000002) - actor/loss:np.float64(-0.01924658752977848) - actor/grad_norm:np.float64(0.11066850274801254) - actor/lr:np.float64(1e-05) - actor/perf/max_memory_allocated_gb:np.float64(38.943655490875244) - actor/perf/max_memory_reserved_gb:np.float64(41.806640625) - actor/perf/cpu_memory_used_gb:np.float64(116.30688858032227) - perf/mfu/actor:np.float64(0.3419917453920676) - training/global_step:236 - training/epoch:2 - critic/score/mean:1.5711153745651245 - critic/score/max:2.4375 - critic/score/min:0.5 - critic/rewards/mean:1.5711153745651245 - critic/rewards/max:2.4375 - critic/rewards/min:0.5 - critic/advantages/mean:0.0193020086735487 - critic/advantages/max:2.7383861541748047 - critic/advantages/min:-3.548403263092041 - critic/returns/mean:0.0193020086735487 - critic/returns/max:2.7383861541748047 - critic/returns/min:-3.548403263092041 - response_length/mean:3115.1171875 - response_length/max:3365.0 - response_length/min:2908.0 - response_length/clip_ratio:0.0 - response_length_non_aborted/mean:3115.1171875 - response_length_non_aborted/max:3365.0 - response_length_non_aborted/min:2908.0 - response_length_non_aborted/clip_ratio:0.0 - response/aborted_ratio:0.0 - prompt_length/mean:3989.875 - prompt_length/max:4144.0 - prompt_length/min:3923.0 - prompt_length/clip_ratio:0.0 - num_turns/min:np.int32(4) - num_turns/max:np.int32(4) - num_turns/mean:np.float64(4.0) - timing_s/start_profile:5.958997644484043e-05 - timing_s/agent_loop/num_preempted/min:np.int64(-1) - timing_s/agent_loop/num_preempted/max:np.int64(-1) - timing_s/agent_loop/num_preempted/mean:np.float64(-1.0) - timing_s/agent_loop/generate_sequences/min:np.float64(66.63328571408056) - timing_s/agent_loop/generate_sequences/max:np.float64(99.34989172394853) - timing_s/agent_loop/generate_sequences/mean:np.float64(88.78117511056007) - timing_s/agent_loop/tool_calls/min:np.float64(0.06834067194722593) - timing_s/agent_loop/tool_calls/max:np.float64(0.5010146939894184) - timing_s/agent_loop/tool_calls/mean:np.float64(0.1492223359791751) - timing_s/agent_loop/compute_score/min:np.float64(0.32735089596826583) - timing_s/agent_loop/compute_score/max:np.float64(6.323810053989291) - timing_s/agent_loop/compute_score/mean:np.float64(1.800996109510379) - timing_s/agent_loop/slowest/generate_sequences:np.float64(99.34989172394853) - timing_s/agent_loop/slowest/tool_calls:np.float64(0.2832735269330442) - timing_s/agent_loop/slowest/compute_score:np.float64(2.892798517947085) - timing_s/agent_loop/slowest/num_preempted:np.int64(-1) - timing_s/agent_loop/slowest/prompt_length:3949 - timing_s/agent_loop/slowest/response_length:3365 - timing_s/gen:130.24704311403912 - timing_s/reward:0.0005036030197516084 - timing_s/old_log_prob:149.49157564295456 - timing_s/ref:133.75105971691664 - timing_s/adv:0.16707025305368006 - timing_s/update_actor:321.0780106000602 - timing_s/update_weights:4.025419526034966 - timing_s/dump_rollout_generations:0.31730094994418323 - timing_s/step:739.2409140840173 - timing_s/stop_profile:4.438601899892092e-05 - timing_per_token_ms/ref:0.14706985264203168 - timing_per_token_ms/gen:0.326650640435475 - timing_per_token_ms/adv:0.00018370693697288115 - timing_per_token_ms/update_actor:0.35305062857438513 - perf/total_num_tokens:909439 - perf/time_per_step:739.2409140840173 - perf/throughput:1230.2335851186926
[36m(TaskRunner pid=3167514)[0m Dumped generations to /home/yw4636/agentic-tvg/results/grpo-v2/rollouts/237.jsonl
[36m(TaskRunner pid=3167514)[0m step:237 - global_seqlen/min:912469 - global_seqlen/max:912469 - global_seqlen/minmax_diff:0 - global_seqlen/balanced_min:912469 - global_seqlen/balanced_max:912469 - global_seqlen/mean:912469.0 - actor/entropy:0.7497320771217346 - perf/mfu/actor_infer:0.30051375134066544 - training/rollout_probs_diff_valid:1 - training/rollout_probs_diff_max:0.7410966157913208 - training/rollout_probs_diff_mean:0.012499578297138214 - training/rollout_probs_diff_std:0.02140822261571884 - training/rollout_actor_probs_pearson_corr:0.997474193572998 - rollout_corr/training_ppl:2.098748207092285 - rollout_corr/training_log_ppl:0.7296783328056335 - rollout_corr/kl:0.003965282812714577 - rollout_corr/k3_kl:0.004526891745626926 - rollout_corr/rollout_ppl:2.0907349586486816 - rollout_corr/rollout_log_ppl:0.7258968949317932 - rollout_corr/log_ppl_diff:0.003781438572332263 - rollout_corr/log_ppl_abs_diff:0.005156883969902992 - rollout_corr/log_ppl_diff_max:0.018928110599517822 - rollout_corr/log_ppl_diff_min:-0.008958220481872559 - rollout_corr/ppl_ratio:1.0038014650344849 - rollout_corr/chi2_token:0.010570645332336426 - rollout_corr/chi2_seq:3.4778952598571777 - actor/pg_clipfrac:np.float64(0.0) - actor/ppo_kl:np.float64(0.0) - actor/pg_clipfrac_lower:np.float64(0.0) - actor/pg_loss:np.float64(0.0011714982683770359) - actor/kl_loss:np.float64(0.05758067115675658) - actor/kl_coef:np.float64(0.0010000000000000002) - actor/loss:np.float64(0.001229066401720047) - actor/grad_norm:np.float64(0.1099197193980217) - actor/lr:np.float64(1e-05) - actor/perf/max_memory_allocated_gb:np.float64(38.943655490875244) - actor/perf/max_memory_reserved_gb:np.float64(41.806640625) - actor/perf/cpu_memory_used_gb:np.float64(132.66229248046875) - perf/mfu/actor:np.float64(0.34268150864362146) - training/global_step:237 - training/epoch:2 - critic/score/mean:1.4755194187164307 - critic/score/max:2.5 - critic/score/min:0.5 - critic/rewards/mean:1.4755194187164307 - critic/rewards/max:2.5 - critic/rewards/min:0.5 - critic/advantages/mean:-0.00117149215657264 - critic/advantages/max:3.2622249126434326 - critic/advantages/min:-3.749969959259033 - critic/returns/mean:-0.00117149215657264 - critic/returns/max:3.2622249126434326 - critic/returns/min:-3.749969959259033 - response_length/mean:3178.9140625 - response_length/max:3366.0 - response_length/min:3032.0 - response_length/clip_ratio:0.0 - response_length_non_aborted/mean:3178.9140625 - response_length_non_aborted/max:3366.0 - response_length_non_aborted/min:3032.0 - response_length_non_aborted/clip_ratio:0.0 - response/aborted_ratio:0.0 - prompt_length/mean:3949.75 - prompt_length/max:3965.0 - prompt_length/min:3940.0 - prompt_length/clip_ratio:0.0 - num_turns/min:np.int32(4) - num_turns/max:np.int32(4) - num_turns/mean:np.float64(4.0) - timing_s/start_profile:5.885399878025055e-05 - timing_s/agent_loop/num_preempted/min:np.int64(-1) - timing_s/agent_loop/num_preempted/max:np.int64(-1) - timing_s/agent_loop/num_preempted/mean:np.float64(-1.0) - timing_s/agent_loop/generate_sequences/min:np.float64(65.76713862607721) - timing_s/agent_loop/generate_sequences/max:np.float64(106.09599150298163) - timing_s/agent_loop/generate_sequences/mean:np.float64(91.58882632808945) - timing_s/agent_loop/tool_calls/min:np.float64(0.07442346692550927) - timing_s/agent_loop/tool_calls/max:np.float64(0.6986450629774481) - timing_s/agent_loop/tool_calls/mean:np.float64(0.1783998435275862) - timing_s/agent_loop/compute_score/min:np.float64(0.3114240679424256) - timing_s/agent_loop/compute_score/max:np.float64(5.998800738016143) - timing_s/agent_loop/compute_score/mean:np.float64(1.975134138321664) - timing_s/agent_loop/slowest/generate_sequences:np.float64(106.09599150298163) - timing_s/agent_loop/slowest/tool_calls:np.float64(0.13771236909087747) - timing_s/agent_loop/slowest/compute_score:np.float64(2.5348788229748607) - timing_s/agent_loop/slowest/num_preempted:np.int64(-1) - timing_s/agent_loop/slowest/prompt_length:3965 - timing_s/agent_loop/slowest/response_length:3300 - timing_s/gen:133.41388944198843 - timing_s/reward:0.0005206119967624545 - timing_s/old_log_prob:147.4812593139941 - timing_s/ref:139.61447342706379 - timing_s/adv:0.16854886000510305 - timing_s/update_actor:322.49339301500004 - timing_s/update_weights:3.978709495975636 - timing_s/dump_rollout_generations:0.32535425503738225 - timing_s/step:747.6138188580517 - timing_s/stop_profile:4.244397860020399e-05 - timing_per_token_ms/ref:0.15300736071807786 - timing_per_token_ms/gen:0.3278780082673388 - timing_per_token_ms/adv:0.00018471735478696048 - timing_per_token_ms/update_actor:0.35342942392015514 - perf/total_num_tokens:912469 - perf/time_per_step:747.6138188580517 - perf/throughput:1220.508472400574[36m(TaskRunner pid=3167514)[0m Training Progress: 100%|█████████▉| 238/239 [3:42:38<12:20, 740.80s/it]
[36m(WorkerDict pid=3167860)[0m /home/yw4636/.conda/envs/verl/lib/python3.12/site-packages/verl/plugin/platform/platform_cuda.py:99: FutureWarning: torch.cuda._set_allocator_settings is deprecated. Use torch._C._accelerator_setAllocatorSettings instead.
[36m(WorkerDict pid=3167860)[0m   torch.cuda.memory._set_allocator_settings(settings)

[36m(TaskRunner pid=3167514)[0m Dumped generations to /home/yw4636/agentic-tvg/results/grpo-v2/rollouts/238.jsonl
[36m(TaskRunner pid=3167514)[0m step:238 - global_seqlen/min:917737 - global_seqlen/max:917737 - global_seqlen/minmax_diff:0 - global_seqlen/balanced_min:917737 - global_seqlen/balanced_max:917737 - global_seqlen/mean:917737.0 - actor/entropy:0.756732165813446 - perf/mfu/actor_infer:0.2989752833860659 - training/rollout_probs_diff_valid:1 - training/rollout_probs_diff_max:0.5810785889625549 - training/rollout_probs_diff_mean:0.013248011469841003 - training/rollout_probs_diff_std:0.02285674773156643 - training/rollout_actor_probs_pearson_corr:0.997124195098877 - rollout_corr/training_ppl:2.129368543624878 - rollout_corr/training_log_ppl:0.745239794254303 - rollout_corr/kl:0.00537678599357605 - rollout_corr/k3_kl:0.005036123562604189 - rollout_corr/rollout_ppl:2.1178207397460938 - rollout_corr/rollout_log_ppl:0.7398852109909058 - rollout_corr/log_ppl_diff:0.005354547873139381 - rollout_corr/log_ppl_abs_diff:0.006166109815239906 - rollout_corr/log_ppl_diff_max:0.025518476963043213 - rollout_corr/log_ppl_diff_min:-0.009342789649963379 - rollout_corr/ppl_ratio:1.0053859949111938 - rollout_corr/chi2_token:0.009630441665649414 - rollout_corr/chi2_seq:25.712247848510742 - actor/pg_clipfrac:np.float64(0.0) - actor/ppo_kl:np.float64(0.0) - actor/pg_clipfrac_lower:np.float64(0.0) - actor/pg_loss:np.float64(0.0070255537575576454) - actor/kl_loss:np.float64(0.05915348150301725) - actor/kl_coef:np.float64(0.0010000000000000002) - actor/loss:np.float64(0.00708470493555069) - actor/grad_norm:np.float64(0.1135811135172844) - actor/lr:np.float64(1e-05) - actor/perf/max_memory_allocated_gb:np.float64(38.943655490875244) - actor/perf/max_memory_reserved_gb:np.float64(41.806640625) - actor/perf/cpu_memory_used_gb:np.float64(100.19930648803711) - perf/mfu/actor:np.float64(0.3398058227162789) - training/global_step:238 - training/epoch:2 - critic/score/mean:1.8236156702041626 - critic/score/max:2.459523916244507 - critic/score/min:0.5 - critic/rewards/mean:1.8236156702041626 - critic/rewards/max:2.459523916244507 - critic/rewards/min:0.5 - critic/advantages/mean:-0.007025555707514286 - critic/advantages/max:3.280122995376587 - critic/advantages/min:-3.445631504058838 - critic/returns/mean:-0.007025555707514286 - critic/returns/max:3.280122995376587 - critic/returns/min:-3.445631504058838 - response_length/mean:3127.8203125 - response_length/max:3394.0 - response_length/min:2950.0 - response_length/clip_ratio:0.0 - response_length_non_aborted/mean:3127.8203125 - response_length_non_aborted/max:3394.0 - response_length_non_aborted/min:2950.0 - response_length_non_aborted/clip_ratio:0.0 - response/aborted_ratio:0.0 - prompt_length/mean:4042.0 - prompt_length/max:4154.0 - prompt_length/min:3937.0 - prompt_length/clip_ratio:0.0 - num_turns/min:np.int32(4) - num_turns/max:np.int32(4) - num_turns/mean:np.float64(4.0) - timing_s/start_profile:5.947193130850792e-05 - timing_s/agent_loop/num_preempted/min:np.int64(-1) - timing_s/agent_loop/num_preempted/max:np.int64(-1) - timing_s/agent_loop/num_preempted/mean:np.float64(-1.0) - timing_s/agent_loop/generate_sequences/min:np.float64(68.81110937311314) - timing_s/agent_loop/generate_sequences/max:np.float64(105.5642156759277) - timing_s/agent_loop/generate_sequences/mean:np.float64(93.29023907610008) - timing_s/agent_loop/tool_calls/min:np.float64(0.06972230703104287) - timing_s/agent_loop/tool_calls/max:np.float64(0.34960792190395296) - timing_s/agent_loop/tool_calls/mean:np.float64(0.1463830196598792) - timing_s/agent_loop/compute_score/min:np.float64(0.3157119279494509) - timing_s/agent_loop/compute_score/max:np.float64(7.921330237062648) - timing_s/agent_loop/compute_score/mean:np.float64(1.9438895745188347) - timing_s/agent_loop/slowest/generate_sequences:np.float64(104.59607839304954) - timing_s/agent_loop/slowest/tool_calls:np.float64(0.12537854094989598) - timing_s/agent_loop/slowest/compute_score:np.float64(5.746910426998511) - timing_s/agent_loop/slowest/num_preempted:np.int64(-1) - timing_s/agent_loop/slowest/prompt_length:3951 - timing_s/agent_loop/slowest/response_length:3245 - timing_s/gen:138.61156117194332 - timing_s/reward:0.0005173099925741553 - timing_s/old_log_prob:149.4463861209806 - timing_s/ref:135.08119968301617 - timing_s/adv:0.17156964901369065 - timing_s/update_actor:321.1961664990522 - timing_s/update_weights:4.019761839997955 - timing_s/dump_rollout_generations:0.3257412009406835 - timing_s/step:749.0086116419407 - timing_s/stop_profile:4.1826977394521236e-05 - timing_per_token_ms/ref:0.14718944499678685 - timing_per_token_ms/gen:0.34621644259042045 - timing_per_token_ms/adv:0.00018694860184746898 - timing_per_token_ms/update_actor:0.34998716026383614 - perf/total_num_tokens:917737 - perf/time_per_step:749.0086116419407 - perf/throughput:1225.2689565052945
[36m(TaskRunner pid=3167514)[0m local_global_step_folder: /home/yw4636/agentic-tvg/results/grpo-v2/ckpt/global_step_239
[36m(TaskRunner pid=3167514)[0m Dumped generations to /home/yw4636/agentic-tvg/results/grpo-v2/rollouts/239.jsonl
[36m(TaskRunner pid=3167514)[0m test_gen_batch meta info: {'eos_token_id': 151645, 'pad_token_id': 151643, 'recompute_log_prob': False, 'do_sample': False, 'validate': True, 'global_steps': 239}
[36m(TaskRunner pid=3167514)[0m validation generation end
[36m(TaskRunner pid=3167514)[0m test_gen_batch meta info: {'eos_token_id': 151645, 'pad_token_id': 151643, 'recompute_log_prob': False, 'do_sample': False, 'validate': True, 'global_steps': 239}
[36m(TaskRunner pid=3167514)[0m validation generation end
[36m(TaskRunner pid=3167514)[0m test_gen_batch meta info: {'eos_token_id': 151645, 'pad_token_id': 151643, 'recompute_log_prob': False, 'do_sample': False, 'validate': True, 'global_steps': 239}
[36m(TaskRunner pid=3167514)[0m validation generation end
[36m(TaskRunner pid=3167514)[0m test_gen_batch meta info: {'eos_token_id': 151645, 'pad_token_id': 151643, 'recompute_log_prob': False, 'do_sample': False, 'validate': True, 'global_steps': 239}
[36m(TaskRunner pid=3167514)[0m validation generation end
[36m(TaskRunner pid=3167514)[0m test_gen_batch meta info: {'eos_token_id': 151645, 'pad_token_id': 151643, 'recompute_log_prob': False, 'do_sample': False, 'validate': True, 'global_steps': 239}
[36m(TaskRunner pid=3167514)[0m validation generation end
[36m(TaskRunner pid=3167514)[0m test_gen_batch meta info: {'eos_token_id': 151645, 'pad_token_id': 151643, 'recompute_log_prob': False, 'do_sample': False, 'validate': True, 'global_steps': 239}
[36m(TaskRunner pid=3167514)[0m validation generation end
[36m(TaskRunner pid=3167514)[0m test_gen_batch meta info: {'eos_token_id': 151645, 'pad_token_id': 151643, 'recompute_log_prob': False, 'do_sample': False, 'validate': True, 'global_steps': 239}
[36m(TaskRunner pid=3167514)[0m validation generation end
[36m(TaskRunner pid=3167514)[0m test_gen_batch meta info: {'eos_token_id': 151645, 'pad_token_id': 151643, 'recompute_log_prob': False, 'do_sample': False, 'validate': True, 'global_steps': 239}
[36m(TaskRunner pid=3167514)[0m validation generation end
[36m(TaskRunner pid=3167514)[0m test_gen_batch meta info: {'eos_token_id': 151645, 'pad_token_id': 151643, 'recompute_log_prob': False, 'do_sample': False, 'validate': True, 'global_steps': 239}
[36m(TaskRunner pid=3167514)[0m validation generation end
[36m(TaskRunner pid=3167514)[0m test_gen_batch meta info: {'eos_token_id': 151645, 'pad_token_id': 151643, 'recompute_log_prob': False, 'do_sample': False, 'validate': True, 'global_steps': 239}
[36m(TaskRunner pid=3167514)[0m validation generation end
[36m(TaskRunner pid=3167514)[0m test_gen_batch meta info: {'eos_token_id': 151645, 'pad_token_id': 151643, 'recompute_log_prob': False, 'do_sample': False, 'validate': True, 'global_steps': 239}
[36m(TaskRunner pid=3167514)[0m validation generation end
[36m(TaskRunner pid=3167514)[0m test_gen_batch meta info: {'eos_token_id': 151645, 'pad_token_id': 151643, 'recompute_log_prob': False, 'do_sample': False, 'validate': True, 'global_steps': 239}
[36m(TaskRunner pid=3167514)[0m validation generation end
[36m(TaskRunner pid=3167514)[0m test_gen_batch meta info: {'eos_token_id': 151645, 'pad_token_id': 151643, 'recompute_log_prob': False, 'do_sample': False, 'validate': True, 'global_steps': 239}
[36m(TaskRunner pid=3167514)[0m validation generation end
[36m(TaskRunner pid=3167514)[0m test_gen_batch meta info: {'eos_token_id': 151645, 'pad_token_id': 151643, 'recompute_log_prob': False, 'do_sample': False, 'validate': True, 'global_steps': 239}
[36m(TaskRunner pid=3167514)[0m validation generation end
[36m(TaskRunner pid=3167514)[0m test_gen_batch meta info: {'eos_token_id': 151645, 'pad_token_id': 151643, 'recompute_log_prob': False, 'do_sample': False, 'validate': True, 'global_steps': 239}
[36m(TaskRunner pid=3167514)[0m validation generation end
[36m(TaskRunner pid=3167514)[0m test_gen_batch meta info: {'eos_token_id': 151645, 'pad_token_id': 151643, 'recompute_log_prob': False, 'do_sample': False, 'validate': True, 'global_steps': 239}
[36m(TaskRunner pid=3167514)[0m validation generation end
[36m(TaskRunner pid=3167514)[0m test_gen_batch meta info: {'eos_token_id': 151645, 'pad_token_id': 151643, 'recompute_log_prob': False, 'do_sample': False, 'validate': True, 'global_steps': 239}
[36m(TaskRunner pid=3167514)[0m validation generation end
[36m(TaskRunner pid=3167514)[0m test_gen_batch meta info: {'eos_token_id': 151645, 'pad_token_id': 151643, 'recompute_log_prob': False, 'do_sample': False, 'validate': True, 'global_steps': 239}
[36m(TaskRunner pid=3167514)[0m validation generation end
[36m(TaskRunner pid=3167514)[0m test_gen_batch meta info: {'eos_token_id': 151645, 'pad_token_id': 151643, 'recompute_log_prob': False, 'do_sample': False, 'validate': True, 'global_steps': 239}
[36m(TaskRunner pid=3167514)[0m validation generation end
[36m(TaskRunner pid=3167514)[0m test_gen_batch meta info: {'eos_token_id': 151645, 'pad_token_id': 151643, 'recompute_log_prob': False, 'do_sample': False, 'validate': True, 'global_steps': 239}
[36m(TaskRunner pid=3167514)[0m validation generation end
[36m(TaskRunner pid=3167514)[0m test_gen_batch meta info: {'eos_token_id': 151645, 'pad_token_id': 151643, 'recompute_log_prob': False, 'do_sample': False, 'validate': True, 'global_steps': 239}
[36m(TaskRunner pid=3167514)[0m validation generation end
[36m(TaskRunner pid=3167514)[0m test_gen_batch meta info: {'eos_token_id': 151645, 'pad_token_id': 151643, 'recompute_log_prob': False, 'do_sample': False, 'validate': True, 'global_steps': 239}
[36m(TaskRunner pid=3167514)[0m validation generation end
[36m(TaskRunner pid=3167514)[0m test_gen_batch meta info: {'eos_token_id': 151645, 'pad_token_id': 151643, 'recompute_log_prob': False, 'do_sample': False, 'validate': True, 'global_steps': 239}
[36m(TaskRunner pid=3167514)[0m validation generation end
[36m(TaskRunner pid=3167514)[0m test_gen_batch meta info: {'eos_token_id': 151645, 'pad_token_id': 151643, 'recompute_log_prob': False, 'do_sample': False, 'validate': True, 'global_steps': 239}
[36m(TaskRunner pid=3167514)[0m validation generation end
[36m(TaskRunner pid=3167514)[0m test_gen_batch meta info: {'eos_token_id': 151645, 'pad_token_id': 151643, 'recompute_log_prob': False, 'do_sample': False, 'validate': True, 'global_steps': 239}
[36m(TaskRunner pid=3167514)[0m validation generation end
[36m(TaskRunner pid=3167514)[0m test_gen_batch meta info: {'eos_token_id': 151645, 'pad_token_id': 151643, 'recompute_log_prob': False, 'do_sample': False, 'validate': True, 'global_steps': 239}
[36m(TaskRunner pid=3167514)[0m validation generation end
[36m(TaskRunner pid=3167514)[0m test_gen_batch meta info: {'eos_token_id': 151645, 'pad_token_id': 151643, 'recompute_log_prob': False, 'do_sample': False, 'validate': True, 'global_steps': 239}
[36m(TaskRunner pid=3167514)[0m validation generation end
[36m(TaskRunner pid=3167514)[0m test_gen_batch meta info: {'eos_token_id': 151645, 'pad_token_id': 151643, 'recompute_log_prob': False, 'do_sample': False, 'validate': True, 'global_steps': 239}
[36m(TaskRunner pid=3167514)[0m validation generation end
[36m(TaskRunner pid=3167514)[0m test_gen_batch meta info: {'eos_token_id': 151645, 'pad_token_id': 151643, 'recompute_log_prob': False, 'do_sample': False, 'validate': True, 'global_steps': 239}
[36m(TaskRunner pid=3167514)[0m validation generation end
[36m(TaskRunner pid=3167514)[0m test_gen_batch meta info: {'eos_token_id': 151645, 'pad_token_id': 151643, 'recompute_log_prob': False, 'do_sample': False, 'validate': True, 'global_steps': 239}
[36m(TaskRunner pid=3167514)[0m validation generation end
[36m(TaskRunner pid=3167514)[0m test_gen_batch meta info: {'eos_token_id': 151645, 'pad_token_id': 151643, 'recompute_log_prob': False, 'do_sample': False, 'validate': True, 'global_steps': 239}
[36m(TaskRunner pid=3167514)[0m validation generation end
[36m(TaskRunner pid=3167514)[0m test_gen_batch meta info: {'eos_token_id': 151645, 'pad_token_id': 151643, 'recompute_log_prob': False, 'do_sample': False, 'validate': True, 'global_steps': 239}
[36m(TaskRunner pid=3167514)[0m validation generation end
[36m(TaskRunner pid=3167514)[0m test_gen_batch meta info: {'eos_token_id': 151645, 'pad_token_id': 151643, 'recompute_log_prob': False, 'do_sample': False, 'validate': True, 'global_steps': 239}
[36m(TaskRunner pid=3167514)[0m validation generation end
[36m(TaskRunner pid=3167514)[0m test_gen_batch meta info: {'eos_token_id': 151645, 'pad_token_id': 151643, 'recompute_log_prob': False, 'do_sample': False, 'validate': True, 'global_steps': 239}
[36m(TaskRunner pid=3167514)[0m validation generation end
[36m(TaskRunner pid=3167514)[0m test_gen_batch meta info: {'eos_token_id': 151645, 'pad_token_id': 151643, 'recompute_log_prob': False, 'do_sample': False, 'validate': True, 'global_steps': 239}
[36m(TaskRunner pid=3167514)[0m validation generation end
[36m(TaskRunner pid=3167514)[0m test_gen_batch meta info: {'eos_token_id': 151645, 'pad_token_id': 151643, 'recompute_log_prob': False, 'do_sample': False, 'validate': True, 'global_steps': 239}
[36m(TaskRunner pid=3167514)[0m validation generation end
[36m(TaskRunner pid=3167514)[0m test_gen_batch meta info: {'eos_token_id': 151645, 'pad_token_id': 151643, 'recompute_log_prob': False, 'do_sample': False, 'validate': True, 'global_steps': 239}
[36m(TaskRunner pid=3167514)[0m validation generation end
[36m(TaskRunner pid=3167514)[0m test_gen_batch meta info: {'eos_token_id': 151645, 'pad_token_id': 151643, 'recompute_log_prob': False, 'do_sample': False, 'validate': True, 'global_steps': 239}
[36m(TaskRunner pid=3167514)[0m validation generation end
[36m(TaskRunner pid=3167514)[0m test_gen_batch meta info: {'eos_token_id': 151645, 'pad_token_id': 151643, 'recompute_log_prob': False, 'do_sample': False, 'validate': True, 'global_steps': 239}
[36m(TaskRunner pid=3167514)[0m validation generation end
[36m(TaskRunner pid=3167514)[0m test_gen_batch meta info: {'eos_token_id': 151645, 'pad_token_id': 151643, 'recompute_log_prob': False, 'do_sample': False, 'validate': True, 'global_steps': 239}
[36m(TaskRunner pid=3167514)[0m validation generation end
[36m(TaskRunner pid=3167514)[0m test_gen_batch meta info: {'eos_token_id': 151645, 'pad_token_id': 151643, 'recompute_log_prob': False, 'do_sample': False, 'validate': True, 'global_steps': 239}
[36m(TaskRunner pid=3167514)[0m validation generation end
[36m(TaskRunner pid=3167514)[0m test_gen_batch meta info: {'eos_token_id': 151645, 'pad_token_id': 151643, 'recompute_log_prob': False, 'do_sample': False, 'validate': True, 'global_steps': 239}
[36m(TaskRunner pid=3167514)[0m validation generation end
[36m(TaskRunner pid=3167514)[0m test_gen_batch meta info: {'eos_token_id': 151645, 'pad_token_id': 151643, 'recompute_log_prob': False, 'do_sample': False, 'validate': True, 'global_steps': 239}
[36m(TaskRunner pid=3167514)[0m validation generation end
[36m(TaskRunner pid=3167514)[0m test_gen_batch meta info: {'eos_token_id': 151645, 'pad_token_id': 151643, 'recompute_log_prob': False, 'do_sample': False, 'validate': True, 'global_steps': 239}
[36m(TaskRunner pid=3167514)[0m validation generation end
[36m(TaskRunner pid=3167514)[0m test_gen_batch meta info: {'eos_token_id': 151645, 'pad_token_id': 151643, 'recompute_log_prob': False, 'do_sample': False, 'validate': True, 'global_steps': 239}
[36m(TaskRunner pid=3167514)[0m validation generation end
[36m(TaskRunner pid=3167514)[0m test_gen_batch meta info: {'eos_token_id': 151645, 'pad_token_id': 151643, 'recompute_log_prob': False, 'do_sample': False, 'validate': True, 'global_steps': 239}
[36m(TaskRunner pid=3167514)[0m validation generation end
[36m(TaskRunner pid=3167514)[0m test_gen_batch meta info: {'eos_token_id': 151645, 'pad_token_id': 151643, 'recompute_log_prob': False, 'do_sample': False, 'validate': True, 'global_steps': 239}
[36m(TaskRunner pid=3167514)[0m validation generation end
[36m(TaskRunner pid=3167514)[0m test_gen_batch meta info: {'eos_token_id': 151645, 'pad_token_id': 151643, 'recompute_log_prob': False, 'do_sample': False, 'validate': True, 'global_steps': 239}
[36m(TaskRunner pid=3167514)[0m validation generation end
[36m(TaskRunner pid=3167514)[0m test_gen_batch meta info: {'eos_token_id': 151645, 'pad_token_id': 151643, 'recompute_log_prob': False, 'do_sample': False, 'validate': True, 'global_steps': 239}
[36m(TaskRunner pid=3167514)[0m validation generation end
[36m(TaskRunner pid=3167514)[0m test_gen_batch meta info: {'eos_token_id': 151645, 'pad_token_id': 151643, 'recompute_log_prob': False, 'do_sample': False, 'validate': True, 'global_steps': 239}
[36m(TaskRunner pid=3167514)[0m validation generation end
[36m(TaskRunner pid=3167514)[0m test_gen_batch meta info: {'eos_token_id': 151645, 'pad_token_id': 151643, 'recompute_log_prob': False, 'do_sample': False, 'validate': True, 'global_steps': 239}
[36m(TaskRunner pid=3167514)[0m validation generation end
[36m(TaskRunner pid=3167514)[0m test_gen_batch meta info: {'eos_token_id': 151645, 'pad_token_id': 151643, 'recompute_log_prob': False, 'do_sample': False, 'validate': True, 'global_steps': 239}
[36m(TaskRunner pid=3167514)[0m validation generation end
[36m(TaskRunner pid=3167514)[0m test_gen_batch meta info: {'eos_token_id': 151645, 'pad_token_id': 151643, 'recompute_log_prob': False, 'do_sample': False, 'validate': True, 'global_steps': 239}
[36m(TaskRunner pid=3167514)[0m validation generation end
[36m(TaskRunner pid=3167514)[0m test_gen_batch meta info: {'eos_token_id': 151645, 'pad_token_id': 151643, 'recompute_log_prob': False, 'do_sample': False, 'validate': True, 'global_steps': 239}
[36m(TaskRunner pid=3167514)[0m validation generation end
[36m(TaskRunner pid=3167514)[0m test_gen_batch meta info: {'eos_token_id': 151645, 'pad_token_id': 151643, 'recompute_log_prob': False, 'do_sample': False, 'validate': True, 'global_steps': 239}
[36m(TaskRunner pid=3167514)[0m validation generation end
[36m(TaskRunner pid=3167514)[0m test_gen_batch meta info: {'eos_token_id': 151645, 'pad_token_id': 151643, 'recompute_log_prob': False, 'do_sample': False, 'validate': True, 'global_steps': 239}
[36m(TaskRunner pid=3167514)[0m validation generation end
[36m(TaskRunner pid=3167514)[0m test_gen_batch meta info: {'eos_token_id': 151645, 'pad_token_id': 151643, 'recompute_log_prob': False, 'do_sample': False, 'validate': True, 'global_steps': 239}
[36m(TaskRunner pid=3167514)[0m validation generation end
[36m(TaskRunner pid=3167514)[0m Training Progress: 100%|██████████| 239/239 [4:08:41<00:00, 987.83s/it]Training Progress: 100%|██████████| 239/239 [4:08:41<00:00, 785.36s/it]
[36m(TaskRunner pid=3167514)[0m Dumped generations to /home/yw4636/agentic-tvg/results/grpo-v2/val_rollouts/239.jsonl
[36m(TaskRunner pid=3167514)[0m step:239 - global_seqlen/min:916216 - global_seqlen/max:916216 - global_seqlen/minmax_diff:0 - global_seqlen/balanced_min:916216 - global_seqlen/balanced_max:916216 - global_seqlen/mean:916216.0 - actor/entropy:0.7289426326751709 - perf/mfu/actor_infer:0.30031832483920523 - training/rollout_probs_diff_valid:1 - training/rollout_probs_diff_max:0.42196497321128845 - training/rollout_probs_diff_mean:0.01256939023733139 - training/rollout_probs_diff_std:0.021733898669481277 - training/rollout_actor_probs_pearson_corr:0.9973993897438049 - rollout_corr/training_ppl:2.0822336673736572 - rollout_corr/training_log_ppl:0.7248114943504333 - rollout_corr/kl:0.004695670213550329 - rollout_corr/k3_kl:0.004751887172460556 - rollout_corr/rollout_ppl:2.0721240043640137 - rollout_corr/rollout_log_ppl:0.7199303507804871 - rollout_corr/log_ppl_diff:0.004881192464381456 - rollout_corr/log_ppl_abs_diff:0.00595551822334528 - rollout_corr/log_ppl_diff_max:0.02349710464477539 - rollout_corr/log_ppl_diff_min:-0.009890317916870117 - rollout_corr/ppl_ratio:1.0049107074737549 - rollout_corr/chi2_token:0.012467026710510254 - rollout_corr/chi2_seq:3.887089729309082 - actor/pg_clipfrac:np.float64(0.0) - actor/ppo_kl:np.float64(0.0) - actor/pg_clipfrac_lower:np.float64(0.0) - actor/pg_loss:np.float64(-0.004471924272365868) - actor/kl_loss:np.float64(0.06137511198176071) - actor/kl_coef:np.float64(0.0010000000000000002) - actor/loss:np.float64(-0.004410546272993088) - actor/grad_norm:np.float64(0.12032919377088547) - actor/lr:np.float64(1e-05) - actor/perf/max_memory_allocated_gb:np.float64(38.943655490875244) - actor/perf/max_memory_reserved_gb:np.float64(41.806640625) - actor/perf/cpu_memory_used_gb:np.float64(100.748779296875) - perf/mfu/actor:np.float64(0.34314625580141905) - val-aux/longvt_longvt-val/reward/mean@1:np.float64(1.3744691960644304) - val-aux/longvt_longvt-val/score/mean@1:np.float64(1.374469194506763) - val-core/longvt_longvt-val/acc/mean@1:np.float64(0.6052631578947368) - val-aux/longvt_longvt-val/format_score/mean@1:np.float64(0.5) - val-aux/longvt_longvt-val/evidence_iou/mean@1:np.float64(0.26920603661202624) - val-aux/longvt_longvt-val/answered/mean@1:np.float64(1.0) - val-aux/longvt_longvt-val/num_tool_calls/mean@1:np.float64(1.0) - val-aux/longvt_longvt-val/judge_used/mean@1:np.float64(1.0) - val-aux/num_turns/min:np.int32(4) - val-aux/num_turns/max:np.int32(4) - val-aux/num_turns/mean:np.float64(4.0) - training/global_step:239 - training/epoch:2 - critic/score/mean:1.6558315753936768 - critic/score/max:2.3810572624206543 - critic/score/min:0.6428571343421936 - critic/rewards/mean:1.6558315753936768 - critic/rewards/max:2.3810572624206543 - critic/rewards/min:0.6428571343421936 - critic/advantages/mean:0.00447193393483758 - critic/advantages/max:3.689180850982666 - critic/advantages/min:-1.8611704111099243 - critic/returns/mean:0.00447193393483758 - critic/returns/max:3.689180850982666 - critic/returns/min:-1.8611704111099243 - response_length/mean:3163.6875 - response_length/max:3568.0 - response_length/min:2921.0 - response_length/clip_ratio:0.0 - response_length_non_aborted/mean:3163.6875 - response_length_non_aborted/max:3568.0 - response_length_non_aborted/min:2921.0 - response_length_non_aborted/clip_ratio:0.0 - response/aborted_ratio:0.0 - prompt_length/mean:3994.25 - prompt_length/max:4143.0 - prompt_length/min:3938.0 - prompt_length/clip_ratio:0.0 - num_turns/min:np.int32(4) - num_turns/max:np.int32(4) - num_turns/mean:np.float64(4.0) - timing_s/start_profile:6.620201747864485e-05 - timing_s/agent_loop/num_preempted/min:np.int64(-1) - timing_s/agent_loop/num_preempted/max:np.int64(-1) - timing_s/agent_loop/num_preempted/mean:np.float64(-1.0) - timing_s/agent_loop/generate_sequences/min:np.float64(67.87347809795756) - timing_s/agent_loop/generate_sequences/max:np.float64(106.95911408413667) - timing_s/agent_loop/generate_sequences/mean:np.float64(94.69515114723072) - timing_s/agent_loop/tool_calls/min:np.float64(0.06780050997622311) - timing_s/agent_loop/tool_calls/max:np.float64(0.8263128669932485) - timing_s/agent_loop/tool_calls/mean:np.float64(0.15370388778501365) - timing_s/agent_loop/compute_score/min:np.float64(0.32268147298600525) - timing_s/agent_loop/compute_score/max:np.float64(9.606650759000331) - timing_s/agent_loop/compute_score/mean:np.float64(2.583875457715294) - timing_s/agent_loop/slowest/generate_sequences:np.float64(106.95911408413667) - timing_s/agent_loop/slowest/tool_calls:np.float64(0.10547551803756505) - timing_s/agent_loop/slowest/compute_score:np.float64(3.833780294051394) - timing_s/agent_loop/slowest/num_preempted:np.int64(-1) - timing_s/agent_loop/slowest/prompt_length:3961 - timing_s/agent_loop/slowest/response_length:3305 - timing_s/gen:138.05801683093887 - timing_s/reward:0.0004992920439690351 - timing_s/old_log_prob:141.5911815270083 - timing_s/ref:133.2702745780116 - timing_s/adv:0.17758810007944703 - timing_s/update_actor:309.6903601670638 - timing_s/save_checkpoint:24.771000017994083 - timing_s/update_weights:4.011831291951239 - timing_s/dump_rollout_generations:0.33694271300919354 - timing_s/step:752.0642419409705 - timing_s/testing:810.1800541270059 - timing_s/stop_profile:0.0001327419886365533 - timing_per_token_ms/ref:0.14545726616650614 - timing_per_token_ms/gen:0.340924398029739 - timing_per_token_ms/adv:0.00019382776559178952 - timing_per_token_ms/update_actor:0.3380102073823899 - perf/total_num_tokens:916216 - perf/time_per_step:752.0642419409705 - perf/throughput:1218.268266066443
[36m(TaskRunner pid=3167514)[0m ("Final validation metrics: {'val-aux/longvt_longvt-val/reward/mean@1': "
[36m(TaskRunner pid=3167514)[0m  "np.float64(1.3744691960644304), 'val-aux/longvt_longvt-val/score/mean@1': "
[36m(TaskRunner pid=3167514)[0m  "np.float64(1.374469194506763), 'val-core/longvt_longvt-val/acc/mean@1': "
[36m(TaskRunner pid=3167514)[0m  'np.float64(0.6052631578947368), '
[36m(TaskRunner pid=3167514)[0m  "'val-aux/longvt_longvt-val/format_score/mean@1': np.float64(0.5), "
[36m(TaskRunner pid=3167514)[0m  "'val-aux/longvt_longvt-val/evidence_iou/mean@1': "
[36m(TaskRunner pid=3167514)[0m  'np.float64(0.26920603661202624), '
[36m(TaskRunner pid=3167514)[0m  "'val-aux/longvt_longvt-val/answered/mean@1': np.float64(1.0), "
[36m(TaskRunner pid=3167514)[0m  "'val-aux/longvt_longvt-val/num_tool_calls/mean@1': np.float64(1.0), "
[36m(TaskRunner pid=3167514)[0m  "'val-aux/longvt_longvt-val/judge_used/mean@1': np.float64(1.0), "
[36m(TaskRunner pid=3167514)[0m  "'val-aux/num_turns/min': np.int32(4), 'val-aux/num_turns/max': np.int32(4), "
[36m(TaskRunner pid=3167514)[0m  "'val-aux/num_turns/mean': np.float64(4.0)}")
