/home/yw4636/.conda/envs/verl/lib/python3.12/site-packages/verl/trainer/main_ppo.py:181: UserWarning: Disabled critic as algorithm.adv_estimator != gae. If it is not intended, please set critic.enable=True
  use_critic=need_critic(config),
WARNING: val_batch_size is deprecated. Validation datasets are sent to inference engines as a whole batch, which will schedule the memory themselves.
/home/yw4636/.conda/envs/verl/lib/python3.12/site-packages/verl/workers/engine/__init__.py:31: UserWarning: torchtitan engine is not available: ModuleNotFoundError("No module named 'torchtitan'")
  warnings.warn(f"torchtitan engine is not available: {e!r}", stacklevel=1)
/home/yw4636/.conda/envs/verl/lib/python3.12/site-packages/verl/workers/engine/__init__.py:40: UserWarning: veomni engine is not available: ModuleNotFoundError("No module named 'veomni'")
  warnings.warn(f"veomni engine is not available: {e!r}", stacklevel=1)
/home/yw4636/.conda/envs/verl/lib/python3.12/site-packages/verl/workers/engine/__init__.py:49: UserWarning: automodel engine is not available: ModuleNotFoundError("No module named 'nemo_automodel'")
  warnings.warn(f"automodel engine is not available: {e!r}", stacklevel=1)
/home/yw4636/.conda/envs/verl/lib/python3.12/site-packages/verl/workers/engine/mindspeed/transformer_impl.py:24: UserWarning: NPU not support router replay for now.
  from verl.utils.megatron.router_replay_patch import RouterReplay
/home/yw4636/.conda/envs/verl/lib/python3.12/site-packages/verl/workers/engine/__init__.py:59: UserWarning: mindspeed engine is not available: ModuleNotFoundError("No module named 'megatron'")
  warnings.warn(f"mindspeed engine is not available: {e!r}", stacklevel=1)
/home/yw4636/.conda/envs/verl/lib/python3.12/site-packages/verl/workers/engine/__init__.py:69: UserWarning: megatron engine is not available: ModuleNotFoundError("No module named 'megatron'")
  warnings.warn(f"megatron engine is not available: {e!r}", stacklevel=1)
[validate_config] All configuration checks passed successfully!
[2026-09-01 22:37:38,015][__main__][WARNING] - Legacy trainer `main_ppo_v0.py` is deprecated, and wil be removed in v0.9.0.Please set `trainer.use_v1=True` in config to use V1 trainer.
2026-09-01 22:37:40,954	INFO worker.py:2015 -- Started a local Ray instance. View the dashboard at [1m[32mhttp://127.0.0.1:8265 [39m[22m
[36m(pid=3515518)[0m /home/yw4636/.conda/envs/verl/lib/python3.12/site-packages/verl/workers/engine/__init__.py:31: UserWarning: torchtitan engine is not available: ModuleNotFoundError("No module named 'torchtitan'")
[36m(pid=3515518)[0m   warnings.warn(f"torchtitan engine is not available: {e!r}", stacklevel=1)
[36m(pid=3515518)[0m /home/yw4636/.conda/envs/verl/lib/python3.12/site-packages/verl/workers/engine/__init__.py:40: UserWarning: veomni engine is not available: ModuleNotFoundError("No module named 'veomni'")
[36m(pid=3515518)[0m   warnings.warn(f"veomni engine is not available: {e!r}", stacklevel=1)
[36m(pid=3515518)[0m /home/yw4636/.conda/envs/verl/lib/python3.12/site-packages/verl/workers/engine/__init__.py:49: UserWarning: automodel engine is not available: ModuleNotFoundError("No module named 'nemo_automodel'")
[36m(pid=3515518)[0m   warnings.warn(f"automodel engine is not available: {e!r}", stacklevel=1)
[36m(pid=3515518)[0m /home/yw4636/.conda/envs/verl/lib/python3.12/site-packages/verl/workers/engine/mindspeed/transformer_impl.py:24: UserWarning: NPU not support router replay for now.
[36m(pid=3515518)[0m   from verl.utils.megatron.router_replay_patch import RouterReplay
[36m(pid=3515518)[0m /home/yw4636/.conda/envs/verl/lib/python3.12/site-packages/verl/workers/engine/__init__.py:59: UserWarning: mindspeed engine is not available: ModuleNotFoundError("No module named 'megatron'")
[36m(pid=3515518)[0m   warnings.warn(f"mindspeed engine is not available: {e!r}", stacklevel=1)
[36m(pid=3515518)[0m /home/yw4636/.conda/envs/verl/lib/python3.12/site-packages/verl/workers/engine/__init__.py:69: UserWarning: megatron engine is not available: ModuleNotFoundError("No module named 'megatron'")
[36m(pid=3515518)[0m   warnings.warn(f"megatron engine is not available: {e!r}", stacklevel=1)
ray init kwargs: {'num_cpus': None, 'object_store_memory': 25769803776, 'runtime_env': {'env_vars': {'TOKENIZERS_PARALLELISM': 'true', 'NCCL_DEBUG': 'WARN', 'VLLM_LOGGING_LEVEL': 'WARN', 'VLLM_ALLOW_RUNTIME_LORA_UPDATING': 'true', 'VLLM_DISABLE_COMPILE_CACHE': '1', 'HCCL_HOST_SOCKET_PORT_RANGE': 'auto', 'HCCL_NPU_SOCKET_PORT_RANGE': 'auto', 'HSA_NO_SCRATCH_RECLAIM': '1', 'VERL_FULL_DETERMINISM': '0', 'VLLM_BATCH_INVARIANT': '0', 'VERL_RL_INSIGHT_ENABLE': '0'}, 'working_dir': None}}
[36m(TaskRunner pid=3515518)[0m TaskRunner hostname: srv1-lg2.bed.cosmos-lab.org, PID: 3515518
[36m(TaskRunner pid=3515518)[0m {'actor_rollout_ref': {'actor': {'_target_': 'verl.workers.config.FSDPActorConfig',
[36m(TaskRunner pid=3515518)[0m                                  'calculate_entropy': False,
[36m(TaskRunner pid=3515518)[0m                                  'calculate_sum_pi_squared': False,
[36m(TaskRunner pid=3515518)[0m                                  'checkpoint': {'_target_': 'verl.trainer.config.CheckpointConfig',
[36m(TaskRunner pid=3515518)[0m                                                 'async_save': False,
[36m(TaskRunner pid=3515518)[0m                                                 'load_contents': ['model',
[36m(TaskRunner pid=3515518)[0m                                                                   'optimizer',
[36m(TaskRunner pid=3515518)[0m                                                                   'extra'],
[36m(TaskRunner pid=3515518)[0m                                                 'save_contents': ['model',
[36m(TaskRunner pid=3515518)[0m                                                                   'optimizer',
[36m(TaskRunner pid=3515518)[0m                                                                   'extra'],
[36m(TaskRunner pid=3515518)[0m                                                 'strict': True},
[36m(TaskRunner pid=3515518)[0m                                  'clip_ratio': 0.2,
[36m(TaskRunner pid=3515518)[0m                                  'clip_ratio_c': 3.0,
[36m(TaskRunner pid=3515518)[0m                                  'clip_ratio_high': 0.2,
[36m(TaskRunner pid=3515518)[0m                                  'clip_ratio_low': 0.2,
[36m(TaskRunner pid=3515518)[0m                                  'data_loader_seed': 42,
[36m(TaskRunner pid=3515518)[0m                                  'entropy_checkpointing': False,
[36m(TaskRunner pid=3515518)[0m                                  'entropy_coeff': 0,
[36m(TaskRunner pid=3515518)[0m                                  'entropy_from_logits_chunk_size': 2048,
[36m(TaskRunner pid=3515518)[0m                                  'entropy_from_logits_with_chunking': False,
[36m(TaskRunner pid=3515518)[0m                                  'freeze_vision_tower': False,
[36m(TaskRunner pid=3515518)[0m                                  'fsdp_config': {'_target_': 'verl.workers.config.FSDPEngineConfig',
[36m(TaskRunner pid=3515518)[0m                                                  'dtype': 'bfloat16',
[36m(TaskRunner pid=3515518)[0m                                                  'entropy_checkpointing': False,
[36m(TaskRunner pid=3515518)[0m                                                  'entropy_from_logits_chunk_size': 2048,
[36m(TaskRunner pid=3515518)[0m                                                  'entropy_from_logits_with_chunking': False,
[36m(TaskRunner pid=3515518)[0m                                                  'forward_only': False,
[36m(TaskRunner pid=3515518)[0m                                                  'forward_prefetch': False,
[36m(TaskRunner pid=3515518)[0m                                                  'fsdp_size': -1,
[36m(TaskRunner pid=3515518)[0m                                                  'full_determinism': False,
[36m(TaskRunner pid=3515518)[0m                                                  'model_dtype': 'fp32',
[36m(TaskRunner pid=3515518)[0m                                                  'offload_policy': False,
[36m(TaskRunner pid=3515518)[0m                                                  'optimizer_offload': False,
[36m(TaskRunner pid=3515518)[0m                                                  'pad_to_length': False,
[36m(TaskRunner pid=3515518)[0m                                                  'pad_to_length_bucket': 1024,
[36m(TaskRunner pid=3515518)[0m                                                  'param_offload': False,
[36m(TaskRunner pid=3515518)[0m                                                  'qat': {'_target_': 'verl.workers.config.QATEngineConfig',
[36m(TaskRunner pid=3515518)[0m                                                          'activation_observer': 'static_minmax',
[36m(TaskRunner pid=3515518)[0m                                                          'enable': False,
[36m(TaskRunner pid=3515518)[0m                                                          'group_size': 16,
[36m(TaskRunner pid=3515518)[0m                                                          'ignore_patterns': ['lm_head',
[36m(TaskRunner pid=3515518)[0m                                                                              'embed_tokens',
[36m(TaskRunner pid=3515518)[0m                                                                              're:.*mlp.gate$'],
[36m(TaskRunner pid=3515518)[0m                                                          'mode': 'w4a16',
[36m(TaskRunner pid=3515518)[0m                                                          'quantization_config_path': None},
[36m(TaskRunner pid=3515518)[0m                                                  'reshard_after_forward': True,
[36m(TaskRunner pid=3515518)[0m                                                  'seed': 42,
[36m(TaskRunner pid=3515518)[0m                                                  'strategy': 'fsdp',
[36m(TaskRunner pid=3515518)[0m                                                  'ulysses_sequence_parallel_size': 1,
[36m(TaskRunner pid=3515518)[0m                                                  'use_orig_params': False,
[36m(TaskRunner pid=3515518)[0m                                                  'use_torch_compile': True,
[36m(TaskRunner pid=3515518)[0m                                                  'wrap_policy': {'min_num_params': 0}},
[36m(TaskRunner pid=3515518)[0m                                  'grad_clip': 1.0,
[36m(TaskRunner pid=3515518)[0m                                  'kl_loss_coef': 0.001,
[36m(TaskRunner pid=3515518)[0m                                  'kl_loss_type': 'low_var_kl',
[36m(TaskRunner pid=3515518)[0m                                  'loss_agg_mode': 'token-mean',
[36m(TaskRunner pid=3515518)[0m                                  'loss_scale_factor': None,
[36m(TaskRunner pid=3515518)[0m                                  'optim': {'_target_': 'verl.workers.config.FSDPOptimizerConfig',
[36m(TaskRunner pid=3515518)[0m                                            'betas': [0.9, 0.999],
[36m(TaskRunner pid=3515518)[0m                                            'clip_grad': 1.0,
[36m(TaskRunner pid=3515518)[0m                                            'lr': 1e-05,
[36m(TaskRunner pid=3515518)[0m                                            'lr_scheduler_type': 'constant',
[36m(TaskRunner pid=3515518)[0m                                            'lr_warmup_steps': -1,
[36m(TaskRunner pid=3515518)[0m                                            'lr_warmup_steps_ratio': 0.0,
[36m(TaskRunner pid=3515518)[0m                                            'min_lr_ratio': 0.1,
[36m(TaskRunner pid=3515518)[0m                                            'num_cycles': 0.5,
[36m(TaskRunner pid=3515518)[0m                                            'optimizer': 'AdamW',
[36m(TaskRunner pid=3515518)[0m                                            'optimizer_impl': 'torch.optim',
[36m(TaskRunner pid=3515518)[0m                                            'override_optimizer_config': None,
[36m(TaskRunner pid=3515518)[0m                                            'total_training_steps': -1,
[36m(TaskRunner pid=3515518)[0m                                            'warmup_style': None,
[36m(TaskRunner pid=3515518)[0m                                            'weight_decay': 0.01,
[36m(TaskRunner pid=3515518)[0m                                            'zero_indexed_step': True},
[36m(TaskRunner pid=3515518)[0m                                  'pad_to_length': False,
[36m(TaskRunner pid=3515518)[0m                                  'policy_loss': {'_target_': 'verl.workers.config.PolicyLossConfig',
[36m(TaskRunner pid=3515518)[0m                                                  'clip_cov_lb': 1.0,
[36m(TaskRunner pid=3515518)[0m                                                  'clip_cov_ratio': 0.0002,
[36m(TaskRunner pid=3515518)[0m                                                  'clip_cov_ub': 5.0,
[36m(TaskRunner pid=3515518)[0m                                                  'dro_beta': None,
[36m(TaskRunner pid=3515518)[0m                                                  'kl_cov_ratio': 0.0002,
[36m(TaskRunner pid=3515518)[0m                                                  'loss_mode': 'vanilla',
[36m(TaskRunner pid=3515518)[0m                                                  'ppo_kl_coef': 0.1},
[36m(TaskRunner pid=3515518)[0m                                  'ppo_epochs': 1,
[36m(TaskRunner pid=3515518)[0m                                  'ppo_max_token_len_per_gpu': 24576,
[36m(TaskRunner pid=3515518)[0m                                  'ppo_micro_batch_size': None,
[36m(TaskRunner pid=3515518)[0m                                  'ppo_micro_batch_size_per_gpu': None,
[36m(TaskRunner pid=3515518)[0m                                  'ppo_mini_batch_size': 8,
[36m(TaskRunner pid=3515518)[0m                                  'profiler': {'_target_': 'verl.utils.profiler.ProfilerConfig',
[36m(TaskRunner pid=3515518)[0m                                               'all_ranks': False,
[36m(TaskRunner pid=3515518)[0m                                               'enable': False,
[36m(TaskRunner pid=3515518)[0m                                               'ranks': [],
[36m(TaskRunner pid=3515518)[0m                                               'save_path': 'outputs/profile',
[36m(TaskRunner pid=3515518)[0m                                               'tool': None,
[36m(TaskRunner pid=3515518)[0m                                               'tool_config': {'npu': {'_target_': 'verl.utils.profiler.config.NPUToolConfig',
[36m(TaskRunner pid=3515518)[0m                                                                       'analysis': True,
[36m(TaskRunner pid=3515518)[0m                                                                       'contents': [],
[36m(TaskRunner pid=3515518)[0m                                                                       'discrete': False,
[36m(TaskRunner pid=3515518)[0m                                                                       'level': 'level0'},
[36m(TaskRunner pid=3515518)[0m                                                               'nsys': {'_target_': 'verl.utils.profiler.config.NsightToolConfig',
[36m(TaskRunner pid=3515518)[0m                                                                        'discrete': False},
[36m(TaskRunner pid=3515518)[0m                                                               'precision_debugger': {'_target_': 'verl.utils.profiler.config.PrecisionDebuggerToolConfig',
[36m(TaskRunner pid=3515518)[0m                                                                                      'config_path': None,
[36m(TaskRunner pid=3515518)[0m                                                                                      'stages': None,
[36m(TaskRunner pid=3515518)[0m                                                                                      'steps': None,
[36m(TaskRunner pid=3515518)[0m                                                                                      'strict': False},
[36m(TaskRunner pid=3515518)[0m                                                               'torch': {'_target_': 'verl.utils.profiler.config.TorchProfilerToolConfig',
[36m(TaskRunner pid=3515518)[0m                                                                         'contents': [],
[36m(TaskRunner pid=3515518)[0m                                                                         'discrete': False,
[36m(TaskRunner pid=3515518)[0m                                                                         'schedule': {'_target_': 'verl.utils.profiler.config.TorchProfilerScheduleConfig',
[36m(TaskRunner pid=3515518)[0m                                                                                      'active': 0,
[36m(TaskRunner pid=3515518)[0m                                                                                      'repeat': 0,
[36m(TaskRunner pid=3515518)[0m                                                                                      'skip_first': 0,
[36m(TaskRunner pid=3515518)[0m                                                                                      'wait': 0,
[36m(TaskRunner pid=3515518)[0m                                                                                      'warmup': 0}},
[36m(TaskRunner pid=3515518)[0m                                                               'torch_memory': {'_target_': 'verl.utils.profiler.config.TorchMemoryToolConfig',
[36m(TaskRunner pid=3515518)[0m                                                                                'stack_depth': 32,
[36m(TaskRunner pid=3515518)[0m                                                                                'trace_alloc_max_entries': 100000}}},
[36m(TaskRunner pid=3515518)[0m                                  'qat': {'activation_observer': 'static_minmax',
[36m(TaskRunner pid=3515518)[0m                                          'enable': False,
[36m(TaskRunner pid=3515518)[0m                                          'group_size': 16,
[36m(TaskRunner pid=3515518)[0m                                          'ignore_patterns': ['lm_head',
[36m(TaskRunner pid=3515518)[0m                                                              'embed_tokens',
[36m(TaskRunner pid=3515518)[0m                                                              're:.*mlp.gate$'],
[36m(TaskRunner pid=3515518)[0m                                          'mode': 'w4a16',
[36m(TaskRunner pid=3515518)[0m                                          'quantization_config_path': None},
[36m(TaskRunner pid=3515518)[0m                                  'rollout_n': 16,
[36m(TaskRunner pid=3515518)[0m                                  'router_replay': {'_target_': 'verl.workers.config.RouterReplayConfig',
[36m(TaskRunner pid=3515518)[0m                                                    'mode': 'disabled',
[36m(TaskRunner pid=3515518)[0m                                                    'record_file': None,
[36m(TaskRunner pid=3515518)[0m                                                    'replay_file': None},
[36m(TaskRunner pid=3515518)[0m                                  'shuffle': False,
[36m(TaskRunner pid=3515518)[0m                                  'strategy': 'fsdp2',
[36m(TaskRunner pid=3515518)[0m                                  'tau_neg': 1.05,
[36m(TaskRunner pid=3515518)[0m                                  'tau_pos': 1.0,
[36m(TaskRunner pid=3515518)[0m                                  'ulysses_sequence_parallel_size': 1,
[36m(TaskRunner pid=3515518)[0m                                  'use_dynamic_bsz': True,
[36m(TaskRunner pid=3515518)[0m                                  'use_fused_kernels': False,
[36m(TaskRunner pid=3515518)[0m                                  'use_kl_loss': True,
[36m(TaskRunner pid=3515518)[0m                                  'use_prefix_grouper': False,
[36m(TaskRunner pid=3515518)[0m                                  'use_remove_padding': True,
[36m(TaskRunner pid=3515518)[0m                                  'use_torch_compile': True},
[36m(TaskRunner pid=3515518)[0m                        'hybrid_engine': True,
[36m(TaskRunner pid=3515518)[0m                        'model': {'_target_': 'verl.workers.config.HFModelConfig',
[36m(TaskRunner pid=3515518)[0m                                  'custom_chat_template': None,
[36m(TaskRunner pid=3515518)[0m                                  'enable_activation_offload': False,
[36m(TaskRunner pid=3515518)[0m                                  'enable_gradient_checkpointing': True,
[36m(TaskRunner pid=3515518)[0m                                  'exclude_modules': '.*visual.*',
[36m(TaskRunner pid=3515518)[0m                                  'external_lib': None,
[36m(TaskRunner pid=3515518)[0m                                  'fused_kernel_options': {'impl_backend': 'torch'},
[36m(TaskRunner pid=3515518)[0m                                  'hf_config_path': None,
[36m(TaskRunner pid=3515518)[0m                                  'lora': {'a2a_experimental': False,
[36m(TaskRunner pid=3515518)[0m                                           'adapter_path': None,
[36m(TaskRunner pid=3515518)[0m                                           'alpha': 32,
[36m(TaskRunner pid=3515518)[0m                                           'dropout': 0.0,
[36m(TaskRunner pid=3515518)[0m                                           'dropout_position': 'pre',
[36m(TaskRunner pid=3515518)[0m                                           'dtype': None,
[36m(TaskRunner pid=3515518)[0m                                           'exclude_modules': [],
[36m(TaskRunner pid=3515518)[0m                                           'freeze_language_model': True,
[36m(TaskRunner pid=3515518)[0m                                           'freeze_vision_model': True,
[36m(TaskRunner pid=3515518)[0m                                           'freeze_vision_projection': True,
[36m(TaskRunner pid=3515518)[0m                                           'lora_A_init_method': 'xavier',
[36m(TaskRunner pid=3515518)[0m                                           'lora_B_init_method': 'zero',
[36m(TaskRunner pid=3515518)[0m                                           'merge': False,
[36m(TaskRunner pid=3515518)[0m                                           'rank': 0,
[36m(TaskRunner pid=3515518)[0m                                           'target_modules': ['linear_qkv',
[36m(TaskRunner pid=3515518)[0m                                                              'linear_proj',
[36m(TaskRunner pid=3515518)[0m                                                              'linear_fc1',
[36m(TaskRunner pid=3515518)[0m                                                              'linear_fc2'],
[36m(TaskRunner pid=3515518)[0m                                           'type': 'lora'},
[36m(TaskRunner pid=3515518)[0m                                  'lora_adapter_path': None,
[36m(TaskRunner pid=3515518)[0m                                  'lora_alpha': 32,
[36m(TaskRunner pid=3515518)[0m                                  'lora_rank': 16,
[36m(TaskRunner pid=3515518)[0m                                  'mtp': {'_target_': 'verl.workers.config.MtpConfig',
[36m(TaskRunner pid=3515518)[0m                                          'detach_encoder': False,
[36m(TaskRunner pid=3515518)[0m                                          'enable': False,
[36m(TaskRunner pid=3515518)[0m                                          'enable_rollout': False,
[36m(TaskRunner pid=3515518)[0m                                          'enable_train': False,
[36m(TaskRunner pid=3515518)[0m                                          'method': 'mtp',
[36m(TaskRunner pid=3515518)[0m                                          'mtp_loss_scaling_factor': 0.1,
[36m(TaskRunner pid=3515518)[0m                                          'num_speculative_tokens': 1,
[36m(TaskRunner pid=3515518)[0m                                          'speculative_algorithm': 'EAGLE',
[36m(TaskRunner pid=3515518)[0m                                          'speculative_eagle_topk': 1,
[36m(TaskRunner pid=3515518)[0m                                          'speculative_num_draft_tokens': 4,
[36m(TaskRunner pid=3515518)[0m                                          'speculative_num_steps': 3},
[36m(TaskRunner pid=3515518)[0m                                  'override_config': {},
[36m(TaskRunner pid=3515518)[0m                                  'path': '/home/yw4636/agentic-tvg/results/sft-mix/merged',
[36m(TaskRunner pid=3515518)[0m                                  'target_modules': 'all-linear',
[36m(TaskRunner pid=3515518)[0m                                  'tiled_mlp': {'enabled': False,
[36m(TaskRunner pid=3515518)[0m                                                'num_shards': 4},
[36m(TaskRunner pid=3515518)[0m                                  'tokenizer_path': None,
[36m(TaskRunner pid=3515518)[0m                                  'trust_remote_code': False,
[36m(TaskRunner pid=3515518)[0m                                  'use_fused_kernels': False,
[36m(TaskRunner pid=3515518)[0m                                  'use_liger': False,
[36m(TaskRunner pid=3515518)[0m                                  'use_remove_padding': True,
[36m(TaskRunner pid=3515518)[0m                                  'use_shm': False},
[36m(TaskRunner pid=3515518)[0m                        'nccl_timeout': 600,
[36m(TaskRunner pid=3515518)[0m                        'ref': {'_target_': 'verl.workers.config.FSDPActorConfig',
[36m(TaskRunner pid=3515518)[0m                                'entropy_checkpointing': False,
[36m(TaskRunner pid=3515518)[0m                                'entropy_from_logits_chunk_size': 2048,
[36m(TaskRunner pid=3515518)[0m                                'entropy_from_logits_with_chunking': False,
[36m(TaskRunner pid=3515518)[0m                                'fsdp_config': {'_target_': 'verl.workers.config.FSDPEngineConfig',
[36m(TaskRunner pid=3515518)[0m                                                'dtype': 'bfloat16',
[36m(TaskRunner pid=3515518)[0m                                                'entropy_checkpointing': False,
[36m(TaskRunner pid=3515518)[0m                                                'entropy_from_logits_chunk_size': 2048,
[36m(TaskRunner pid=3515518)[0m                                                'entropy_from_logits_with_chunking': False,
[36m(TaskRunner pid=3515518)[0m                                                'forward_only': True,
[36m(TaskRunner pid=3515518)[0m                                                'forward_prefetch': False,
[36m(TaskRunner pid=3515518)[0m                                                'fsdp_size': -1,
[36m(TaskRunner pid=3515518)[0m                                                'full_determinism': False,
[36m(TaskRunner pid=3515518)[0m                                                'model_dtype': 'fp32',
[36m(TaskRunner pid=3515518)[0m                                                'offload_policy': False,
[36m(TaskRunner pid=3515518)[0m                                                'optimizer_offload': False,
[36m(TaskRunner pid=3515518)[0m                                                'pad_to_length': False,
[36m(TaskRunner pid=3515518)[0m                                                'pad_to_length_bucket': 1024,
[36m(TaskRunner pid=3515518)[0m                                                'param_offload': False,
[36m(TaskRunner pid=3515518)[0m                                                'qat': {'_target_': 'verl.workers.config.QATEngineConfig',
[36m(TaskRunner pid=3515518)[0m                                                        'activation_observer': 'static_minmax',
[36m(TaskRunner pid=3515518)[0m                                                        'enable': False,
[36m(TaskRunner pid=3515518)[0m                                                        'group_size': 16,
[36m(TaskRunner pid=3515518)[0m                                                        'ignore_patterns': ['lm_head',
[36m(TaskRunner pid=3515518)[0m                                                                            'embed_tokens',
[36m(TaskRunner pid=3515518)[0m                                                                            're:.*mlp.gate$'],
[36m(TaskRunner pid=3515518)[0m                                                        'mode': 'w4a16',
[36m(TaskRunner pid=3515518)[0m                                                        'quantization_config_path': None},
[36m(TaskRunner pid=3515518)[0m                                                'reshard_after_forward': True,
[36m(TaskRunner pid=3515518)[0m                                                'seed': 42,
[36m(TaskRunner pid=3515518)[0m                                                'strategy': 'fsdp',
[36m(TaskRunner pid=3515518)[0m                                                'ulysses_sequence_parallel_size': 1,
[36m(TaskRunner pid=3515518)[0m                                                'use_orig_params': False,
[36m(TaskRunner pid=3515518)[0m                                                'use_torch_compile': True,
[36m(TaskRunner pid=3515518)[0m                                                'wrap_policy': {'min_num_params': 0}},
[36m(TaskRunner pid=3515518)[0m                                'log_prob_max_token_len_per_gpu': 24576,
[36m(TaskRunner pid=3515518)[0m                                'log_prob_micro_batch_size': None,
[36m(TaskRunner pid=3515518)[0m                                'log_prob_micro_batch_size_per_gpu': None,
[36m(TaskRunner pid=3515518)[0m                                'log_prob_use_dynamic_bsz': True,
[36m(TaskRunner pid=3515518)[0m                                'pad_to_length': False,
[36m(TaskRunner pid=3515518)[0m                                'profiler': {'_target_': 'verl.utils.profiler.ProfilerConfig',
[36m(TaskRunner pid=3515518)[0m                                             'all_ranks': False,
[36m(TaskRunner pid=3515518)[0m                                             'enable': False,
[36m(TaskRunner pid=3515518)[0m                                             'ranks': [],
[36m(TaskRunner pid=3515518)[0m                                             'save_path': 'outputs/profile',
[36m(TaskRunner pid=3515518)[0m                                             'tool': None,
[36m(TaskRunner pid=3515518)[0m                                             'tool_config': {'npu': {'_target_': 'verl.utils.profiler.config.NPUToolConfig',
[36m(TaskRunner pid=3515518)[0m                                                                     'analysis': True,
[36m(TaskRunner pid=3515518)[0m                                                                     'contents': [],
[36m(TaskRunner pid=3515518)[0m                                                                     'discrete': False,
[36m(TaskRunner pid=3515518)[0m                                                                     'level': 'level0'},
[36m(TaskRunner pid=3515518)[0m                                                             'nsys': {'_target_': 'verl.utils.profiler.config.NsightToolConfig',
[36m(TaskRunner pid=3515518)[0m                                                                      'discrete': False},
[36m(TaskRunner pid=3515518)[0m                                                             'precision_debugger': {'_target_': 'verl.utils.profiler.config.PrecisionDebuggerToolConfig',
[36m(TaskRunner pid=3515518)[0m                                                                                    'config_path': None,
[36m(TaskRunner pid=3515518)[0m                                                                                    'stages': None,
[36m(TaskRunner pid=3515518)[0m                                                                                    'steps': None,
[36m(TaskRunner pid=3515518)[0m                                                                                    'strict': False},
[36m(TaskRunner pid=3515518)[0m                                                             'torch': {'_target_': 'verl.utils.profiler.config.TorchProfilerToolConfig',
[36m(TaskRunner pid=3515518)[0m                                                                       'contents': [],
[36m(TaskRunner pid=3515518)[0m                                                                       'discrete': False,
[36m(TaskRunner pid=3515518)[0m                                                                       'schedule': {'_target_': 'verl.utils.profiler.config.TorchProfilerScheduleConfig',
[36m(TaskRunner pid=3515518)[0m                                                                                    'active': 0,
[36m(TaskRunner pid=3515518)[0m                                                                                    'repeat': 0,
[36m(TaskRunner pid=3515518)[0m                                                                                    'skip_first': 0,
[36m(TaskRunner pid=3515518)[0m                                                                                    'wait': 0,
[36m(TaskRunner pid=3515518)[0m                                                                                    'warmup': 0}},
[36m(TaskRunner pid=3515518)[0m                                                             'torch_memory': {'_target_': 'verl.utils.profiler.config.TorchMemoryToolConfig',
[36m(TaskRunner pid=3515518)[0m                                                                              'stack_depth': 32,
[36m(TaskRunner pid=3515518)[0m                                                                              'trace_alloc_max_entries': 100000}}},
[36m(TaskRunner pid=3515518)[0m                                'rollout_n': 16,
[36m(TaskRunner pid=3515518)[0m                                'router_replay': {'_target_': 'verl.workers.config.RouterReplayConfig',
[36m(TaskRunner pid=3515518)[0m                                                  'mode': 'disabled',
[36m(TaskRunner pid=3515518)[0m                                                  'record_file': None,
[36m(TaskRunner pid=3515518)[0m                                                  'replay_file': None},
[36m(TaskRunner pid=3515518)[0m                                'strategy': 'fsdp2',
[36m(TaskRunner pid=3515518)[0m                                'ulysses_sequence_parallel_size': 1,
[36m(TaskRunner pid=3515518)[0m                                'use_torch_compile': True},
[36m(TaskRunner pid=3515518)[0m                        'rollout': {'_target_': 'verl.workers.config.RolloutConfig',
[36m(TaskRunner pid=3515518)[0m                                    'agent': {'_target_': 'verl.workers.config.AgentLoopConfig',
[36m(TaskRunner pid=3515518)[0m                                              'agent_loop_config_path': None,
[36m(TaskRunner pid=3515518)[0m                                              'custom_async_server': {'_target_': 'verl.workers.config.CustomAsyncServerConfig',
[36m(TaskRunner pid=3515518)[0m                                                                      'name': None,
[36m(TaskRunner pid=3515518)[0m                                                                      'path': None},
[36m(TaskRunner pid=3515518)[0m                                              'default_agent_loop': 'tool_agent',
[36m(TaskRunner pid=3515518)[0m                                              'num_workers': 8},
[36m(TaskRunner pid=3515518)[0m                                    'calculate_log_probs': True,
[36m(TaskRunner pid=3515518)[0m                                    'checkpoint_engine': {'_target_': 'verl.workers.config.CheckpointEngineConfig',
[36m(TaskRunner pid=3515518)[0m                                                          'backend': 'naive',
[36m(TaskRunner pid=3515518)[0m                                                          'custom_backend_module': None,
[36m(TaskRunner pid=3515518)[0m                                                          'engine_kwargs': {},
[36m(TaskRunner pid=3515518)[0m                                                          'update_weights_bucket_megabytes': 2048},
[36m(TaskRunner pid=3515518)[0m                                    'cudagraph_capture_sizes': None,
[36m(TaskRunner pid=3515518)[0m                                    'data_parallel_size': 1,
[36m(TaskRunner pid=3515518)[0m                                    'disable_log_stats': True,
[36m(TaskRunner pid=3515518)[0m                                    'disaggregation': {'bootstrap_port': None,
[36m(TaskRunner pid=3515518)[0m                                                       'decode_replicas': 1,
[36m(TaskRunner pid=3515518)[0m                                                       'decode_tensor_model_parallel_size': None,
[36m(TaskRunner pid=3515518)[0m                                                       'enabled': False,
[36m(TaskRunner pid=3515518)[0m                                                       'ib_device': None,
[36m(TaskRunner pid=3515518)[0m                                                       'prefill_replicas': 1,
[36m(TaskRunner pid=3515518)[0m                                                       'transfer_backend': 'nixl'},
[36m(TaskRunner pid=3515518)[0m                                    'do_sample': True,
[36m(TaskRunner pid=3515518)[0m                                    'dtype': 'bfloat16',
[36m(TaskRunner pid=3515518)[0m                                    'enable_chunked_prefill': True,
[36m(TaskRunner pid=3515518)[0m                                    'enable_prefix_caching': True,
[36m(TaskRunner pid=3515518)[0m                                    'enable_rollout_routing_replay': False,
[36m(TaskRunner pid=3515518)[0m                                    'enforce_eager': False,
[36m(TaskRunner pid=3515518)[0m                                    'engine_kwargs': {'sglang': {},
[36m(TaskRunner pid=3515518)[0m                                                      'trtllm': {},
[36m(TaskRunner pid=3515518)[0m                                                      'vllm': {'mm_processor_kwargs': {'max_pixels': 150528}}},
[36m(TaskRunner pid=3515518)[0m                                    'expert_parallel_size': 1,
[36m(TaskRunner pid=3515518)[0m                                    'free_cache_engine': True,
[36m(TaskRunner pid=3515518)[0m                                    'full_determinism': False,
[36m(TaskRunner pid=3515518)[0m                                    'gpu_memory_utilization': 0.65,
[36m(TaskRunner pid=3515518)[0m                                    'ignore_eos': False,
[36m(TaskRunner pid=3515518)[0m                                    'layered_summon': True,
[36m(TaskRunner pid=3515518)[0m                                    'limit_images': 112,
[36m(TaskRunner pid=3515518)[0m                                    'load_format': 'safetensors',
[36m(TaskRunner pid=3515518)[0m                                    'log_prob_max_token_len_per_gpu': 24576,
[36m(TaskRunner pid=3515518)[0m                                    'log_prob_micro_batch_size': None,
[36m(TaskRunner pid=3515518)[0m                                    'log_prob_micro_batch_size_per_gpu': None,
[36m(TaskRunner pid=3515518)[0m                                    'log_prob_use_dynamic_bsz': True,
[36m(TaskRunner pid=3515518)[0m                                    'logprobs_mode': 'processed_logprobs',
[36m(TaskRunner pid=3515518)[0m                                    'max_model_len': 20992,
[36m(TaskRunner pid=3515518)[0m                                    'max_num_batched_tokens': 24576,
[36m(TaskRunner pid=3515518)[0m                                    'max_num_seqs': 256,
[36m(TaskRunner pid=3515518)[0m                                    'mode': 'async',
[36m(TaskRunner pid=3515518)[0m                                    'moe_load_balance_metrics_interval': 0,
[36m(TaskRunner pid=3515518)[0m                                    'mtp': {'_target_': 'verl.workers.config.MtpConfig',
[36m(TaskRunner pid=3515518)[0m                                            'detach_encoder': False,
[36m(TaskRunner pid=3515518)[0m                                            'enable': False,
[36m(TaskRunner pid=3515518)[0m                                            'enable_rollout': False,
[36m(TaskRunner pid=3515518)[0m                                            'enable_train': False,
[36m(TaskRunner pid=3515518)[0m                                            'method': 'mtp',
[36m(TaskRunner pid=3515518)[0m                                            'mtp_loss_scaling_factor': 0.1,
[36m(TaskRunner pid=3515518)[0m                                            'num_speculative_tokens': 1,
[36m(TaskRunner pid=3515518)[0m                                            'speculative_algorithm': 'EAGLE',
[36m(TaskRunner pid=3515518)[0m                                            'speculative_eagle_topk': 1,
[36m(TaskRunner pid=3515518)[0m                                            'speculative_num_draft_tokens': 4,
[36m(TaskRunner pid=3515518)[0m                                            'speculative_num_steps': 3},
[36m(TaskRunner pid=3515518)[0m                                    'multi_stage_wake_up': False,
[36m(TaskRunner pid=3515518)[0m                                    'multi_turn': {'_target_': 'verl.workers.config.MultiTurnConfig',
[36m(TaskRunner pid=3515518)[0m                                                   'enable': True,
[36m(TaskRunner pid=3515518)[0m                                                   'format': 'hermes',
[36m(TaskRunner pid=3515518)[0m                                                   'function_tool_path': None,
[36m(TaskRunner pid=3515518)[0m                                                   'max_assistant_turns': 4,
[36m(TaskRunner pid=3515518)[0m                                                   'max_parallel_calls': 1,
[36m(TaskRunner pid=3515518)[0m                                                   'max_tool_response_length': 2048,
[36m(TaskRunner pid=3515518)[0m                                                   'max_user_turns': 3,
[36m(TaskRunner pid=3515518)[0m                                                   'num_repeat_rollouts': None,
[36m(TaskRunner pid=3515518)[0m                                                   'tokenization_sanity_check_mode': 'strict',
[36m(TaskRunner pid=3515518)[0m                                                   'tool_config_path': '/home/yw4636/agentic-tvg/crop_video_tool.yaml',
[36m(TaskRunner pid=3515518)[0m                                                   'tool_response_truncate_side': 'middle',
[36m(TaskRunner pid=3515518)[0m                                                   'use_inference_chat_template': False},
[36m(TaskRunner pid=3515518)[0m                                    'n': 16,
[36m(TaskRunner pid=3515518)[0m                                    'n_gpus_per_node': 1,
[36m(TaskRunner pid=3515518)[0m                                    'name': 'vllm',
[36m(TaskRunner pid=3515518)[0m                                    'nnodes': 0,
[36m(TaskRunner pid=3515518)[0m                                    'over_sample_rate': 0,
[36m(TaskRunner pid=3515518)[0m                                    'pipeline_model_parallel_size': 1,
[36m(TaskRunner pid=3515518)[0m                                    'profiler': {'_target_': 'verl.utils.profiler.ProfilerConfig',
[36m(TaskRunner pid=3515518)[0m                                                 'all_ranks': False,
[36m(TaskRunner pid=3515518)[0m                                                 'enable': False,
[36m(TaskRunner pid=3515518)[0m                                                 'ranks': [],
[36m(TaskRunner pid=3515518)[0m                                                 'save_path': 'outputs/profile',
[36m(TaskRunner pid=3515518)[0m                                                 'tool': None,
[36m(TaskRunner pid=3515518)[0m                                                 'tool_config': {'npu': {'_target_': 'verl.utils.profiler.config.NPUToolConfig',
[36m(TaskRunner pid=3515518)[0m                                                                         'analysis': True,
[36m(TaskRunner pid=3515518)[0m                                                                         'contents': [],
[36m(TaskRunner pid=3515518)[0m                                                                         'discrete': False,
[36m(TaskRunner pid=3515518)[0m                                                                         'level': 'level0',
[36m(TaskRunner pid=3515518)[0m                                                                         'profile_token_end': None,
[36m(TaskRunner pid=3515518)[0m                                                                         'profile_token_start': None},
[36m(TaskRunner pid=3515518)[0m                                                                 'precision_debugger': {'_target_': 'verl.utils.profiler.config.PrecisionDebuggerToolConfig',
[36m(TaskRunner pid=3515518)[0m                                                                                        'config_path': None,
[36m(TaskRunner pid=3515518)[0m                                                                                        'stages': None,
[36m(TaskRunner pid=3515518)[0m                                                                                        'steps': None,
[36m(TaskRunner pid=3515518)[0m                                                                                        'strict': False},
[36m(TaskRunner pid=3515518)[0m                                                                 'torch': {'_target_': 'verl.utils.profiler.config.TorchProfilerToolConfig',
[36m(TaskRunner pid=3515518)[0m                                                                           'contents': [],
[36m(TaskRunner pid=3515518)[0m                                                                           'discrete': False,
[36m(TaskRunner pid=3515518)[0m                                                                           'profile_token_end': None,
[36m(TaskRunner pid=3515518)[0m                                                                           'profile_token_start': None}}},
[36m(TaskRunner pid=3515518)[0m                                    'prometheus': {'_target_': 'verl.workers.config.PrometheusConfig',
[36m(TaskRunner pid=3515518)[0m                                                   'enable': False,
[36m(TaskRunner pid=3515518)[0m                                                   'file': '/tmp/ray/session_latest/metrics/prometheus/prometheus.yml',
[36m(TaskRunner pid=3515518)[0m                                                   'port': 9090,
[36m(TaskRunner pid=3515518)[0m                                                   'served_model_name': '/home/yw4636/agentic-tvg/results/sft-mix/merged'},
[36m(TaskRunner pid=3515518)[0m                                    'prompt_length': 4608,
[36m(TaskRunner pid=3515518)[0m                                    'qat': {'_target_': 'verl.workers.config.QATEngineConfig',
[36m(TaskRunner pid=3515518)[0m                                            'activation_observer': 'static_minmax',
[36m(TaskRunner pid=3515518)[0m                                            'enable': False,
[36m(TaskRunner pid=3515518)[0m                                            'group_size': 16,
[36m(TaskRunner pid=3515518)[0m                                            'ignore_patterns': ['lm_head',
[36m(TaskRunner pid=3515518)[0m                                                                'embed_tokens',
[36m(TaskRunner pid=3515518)[0m                                                                're:.*mlp.gate$'],
[36m(TaskRunner pid=3515518)[0m                                            'mode': 'w4a16',
[36m(TaskRunner pid=3515518)[0m                                            'quantization_config_path': None},
[36m(TaskRunner pid=3515518)[0m                                    'quantization': None,
[36m(TaskRunner pid=3515518)[0m                                    'quantization_config_file': None,
[36m(TaskRunner pid=3515518)[0m                                    'response_length': 16384,
[36m(TaskRunner pid=3515518)[0m                                    'scheduling_policy': 'fcfs',
[36m(TaskRunner pid=3515518)[0m                                    'seed': 42,
[36m(TaskRunner pid=3515518)[0m                                    'skip_tokenizer_init': True,
[36m(TaskRunner pid=3515518)[0m                                    'temperature': 1.0,
[36m(TaskRunner pid=3515518)[0m                                    'tensor_model_parallel_size': 1,
[36m(TaskRunner pid=3515518)[0m                                    'top_k': -1,
[36m(TaskRunner pid=3515518)[0m                                    'top_p': 1,
[36m(TaskRunner pid=3515518)[0m                                    'trace': {'_target_': 'verl.workers.config.TraceConfig',
[36m(TaskRunner pid=3515518)[0m                                              'backend': None,
[36m(TaskRunner pid=3515518)[0m                                              'experiment_name': 'grpo_v2',
[36m(TaskRunner pid=3515518)[0m                                              'max_samples_per_step_per_worker': None,
[36m(TaskRunner pid=3515518)[0m                                              'project_name': 'agentic-tvg',
[36m(TaskRunner pid=3515518)[0m                                              'token2text': False},
[36m(TaskRunner pid=3515518)[0m                                    'val_kwargs': {'_target_': 'verl.workers.config.SamplingConfig',
[36m(TaskRunner pid=3515518)[0m                                                   'do_sample': False,
[36m(TaskRunner pid=3515518)[0m                                                   'n': 1,
[36m(TaskRunner pid=3515518)[0m                                                   'temperature': 0,
[36m(TaskRunner pid=3515518)[0m                                                   'top_k': -1,
[36m(TaskRunner pid=3515518)[0m                                                   'top_p': 1.0}}},
[36m(TaskRunner pid=3515518)[0m  'algorithm': {'_target_': 'verl.trainer.config.AlgoConfig',
[36m(TaskRunner pid=3515518)[0m                'adv_estimator': 'grpo',
[36m(TaskRunner pid=3515518)[0m                'filter_groups': {'_target_': 'verl.trainer.config.FilterGroupsConfig',
[36m(TaskRunner pid=3515518)[0m                                  'enable': False,
[36m(TaskRunner pid=3515518)[0m                                  'max_inflight_gen_batches': 1,
[36m(TaskRunner pid=3515518)[0m                                  'max_num_gen_batches': 0,
[36m(TaskRunner pid=3515518)[0m                                  'metric': None},
[36m(TaskRunner pid=3515518)[0m                'gamma': 1.0,
[36m(TaskRunner pid=3515518)[0m                'kl_ctrl': {'_target_': 'verl.trainer.config.KLControlConfig',
[36m(TaskRunner pid=3515518)[0m                            'horizon': 10000,
[36m(TaskRunner pid=3515518)[0m                            'kl_coef': 0.001,
[36m(TaskRunner pid=3515518)[0m                            'target_kl': 0.1,
[36m(TaskRunner pid=3515518)[0m                            'type': 'fixed'},
[36m(TaskRunner pid=3515518)[0m                'kl_penalty': 'kl',
[36m(TaskRunner pid=3515518)[0m                'lam': 1.0,
[36m(TaskRunner pid=3515518)[0m                'norm_adv_by_std_in_grpo': True,
[36m(TaskRunner pid=3515518)[0m                'pf_ppo': {'reweight_method': 'pow', 'weight_pow': 2.0},
[36m(TaskRunner pid=3515518)[0m                'rollout_correction': {'bypass_mode': False,
[36m(TaskRunner pid=3515518)[0m                                       'loss_type': 'ppo_clip',
[36m(TaskRunner pid=3515518)[0m                                       'rollout_is': None,
[36m(TaskRunner pid=3515518)[0m                                       'rollout_is_batch_normalize': False,
[36m(TaskRunner pid=3515518)[0m                                       'rollout_is_threshold': 2.0,
[36m(TaskRunner pid=3515518)[0m                                       'rollout_rs': None,
[36m(TaskRunner pid=3515518)[0m                                       'rollout_rs_threshold': None},
[36m(TaskRunner pid=3515518)[0m                'use_kl_in_reward': False,
[36m(TaskRunner pid=3515518)[0m                'use_pf_ppo': False},
[36m(TaskRunner pid=3515518)[0m  'critic': {'_target_': 'verl.workers.config.FSDPCriticConfig',
[36m(TaskRunner pid=3515518)[0m             'checkpoint': {'_target_': 'verl.trainer.config.CheckpointConfig',
[36m(TaskRunner pid=3515518)[0m                            'async_save': False,
[36m(TaskRunner pid=3515518)[0m                            'load_contents': ['model', 'optimizer', 'extra'],
[36m(TaskRunner pid=3515518)[0m                            'save_contents': ['model', 'optimizer', 'extra']},
[36m(TaskRunner pid=3515518)[0m             'cliprange_value': 0.5,
[36m(TaskRunner pid=3515518)[0m             'data_loader_seed': 42,
[36m(TaskRunner pid=3515518)[0m             'enable': None,
[36m(TaskRunner pid=3515518)[0m             'forward_max_token_len_per_gpu': 32768,
[36m(TaskRunner pid=3515518)[0m             'forward_micro_batch_size': None,
[36m(TaskRunner pid=3515518)[0m             'forward_micro_batch_size_per_gpu': None,
[36m(TaskRunner pid=3515518)[0m             'fsdp': {'_target_': 'verl.workers.config.FSDPEngineConfig',
[36m(TaskRunner pid=3515518)[0m                      'dtype': 'bfloat16',
[36m(TaskRunner pid=3515518)[0m                      'entropy_checkpointing': False,
[36m(TaskRunner pid=3515518)[0m                      'entropy_from_logits_chunk_size': 2048,
[36m(TaskRunner pid=3515518)[0m                      'entropy_from_logits_with_chunking': False,
[36m(TaskRunner pid=3515518)[0m                      'forward_only': False,
[36m(TaskRunner pid=3515518)[0m                      'forward_prefetch': False,
[36m(TaskRunner pid=3515518)[0m                      'fsdp_size': -1,
[36m(TaskRunner pid=3515518)[0m                      'full_determinism': False,
[36m(TaskRunner pid=3515518)[0m                      'model_dtype': 'fp32',
[36m(TaskRunner pid=3515518)[0m                      'offload_policy': False,
[36m(TaskRunner pid=3515518)[0m                      'optimizer_offload': False,
[36m(TaskRunner pid=3515518)[0m                      'pad_to_length': False,
[36m(TaskRunner pid=3515518)[0m                      'pad_to_length_bucket': 1024,
[36m(TaskRunner pid=3515518)[0m                      'param_offload': False,
[36m(TaskRunner pid=3515518)[0m                      'qat': {'_target_': 'verl.workers.config.QATEngineConfig',
[36m(TaskRunner pid=3515518)[0m                              'activation_observer': 'static_minmax',
[36m(TaskRunner pid=3515518)[0m                              'enable': False,
[36m(TaskRunner pid=3515518)[0m                              'group_size': 16,
[36m(TaskRunner pid=3515518)[0m                              'ignore_patterns': ['lm_head',
[36m(TaskRunner pid=3515518)[0m                                                  'embed_tokens',
[36m(TaskRunner pid=3515518)[0m                                                  're:.*mlp.gate$'],
[36m(TaskRunner pid=3515518)[0m                              'mode': 'w4a16',
[36m(TaskRunner pid=3515518)[0m                              'quantization_config_path': None},
[36m(TaskRunner pid=3515518)[0m                      'reshard_after_forward': True,
[36m(TaskRunner pid=3515518)[0m                      'seed': 42,
[36m(TaskRunner pid=3515518)[0m                      'strategy': 'fsdp',
[36m(TaskRunner pid=3515518)[0m                      'ulysses_sequence_parallel_size': 1,
[36m(TaskRunner pid=3515518)[0m                      'use_orig_params': False,
[36m(TaskRunner pid=3515518)[0m                      'use_torch_compile': True,
[36m(TaskRunner pid=3515518)[0m                      'wrap_policy': {'min_num_params': 0}},
[36m(TaskRunner pid=3515518)[0m             'grad_clip': 1.0,
[36m(TaskRunner pid=3515518)[0m             'loss_agg_mode': 'token-mean',
[36m(TaskRunner pid=3515518)[0m             'loss_scale_factor': None,
[36m(TaskRunner pid=3515518)[0m             'model': {'_target_': 'verl.workers.config.HFModelConfig',
[36m(TaskRunner pid=3515518)[0m                       'custom_chat_template': None,
[36m(TaskRunner pid=3515518)[0m                       'enable_activation_offload': False,
[36m(TaskRunner pid=3515518)[0m                       'enable_gradient_checkpointing': True,
[36m(TaskRunner pid=3515518)[0m                       'exclude_modules': None,
[36m(TaskRunner pid=3515518)[0m                       'external_lib': None,
[36m(TaskRunner pid=3515518)[0m                       'fused_kernel_options': {'impl_backend': 'torch'},
[36m(TaskRunner pid=3515518)[0m                       'hf_config_path': None,
[36m(TaskRunner pid=3515518)[0m                       'lora': {'a2a_experimental': False,
[36m(TaskRunner pid=3515518)[0m                                'adapter_path': None,
[36m(TaskRunner pid=3515518)[0m                                'alpha': 32,
[36m(TaskRunner pid=3515518)[0m                                'dropout': 0.0,
[36m(TaskRunner pid=3515518)[0m                                'dropout_position': 'pre',
[36m(TaskRunner pid=3515518)[0m                                'dtype': None,
[36m(TaskRunner pid=3515518)[0m                                'exclude_modules': [],
[36m(TaskRunner pid=3515518)[0m                                'freeze_language_model': True,
[36m(TaskRunner pid=3515518)[0m                                'freeze_vision_model': True,
[36m(TaskRunner pid=3515518)[0m                                'freeze_vision_projection': True,
[36m(TaskRunner pid=3515518)[0m                                'lora_A_init_method': 'xavier',
[36m(TaskRunner pid=3515518)[0m                                'lora_B_init_method': 'zero',
[36m(TaskRunner pid=3515518)[0m                                'merge': False,
[36m(TaskRunner pid=3515518)[0m                                'rank': 0,
[36m(TaskRunner pid=3515518)[0m                                'target_modules': ['linear_qkv',
[36m(TaskRunner pid=3515518)[0m                                                   'linear_proj',
[36m(TaskRunner pid=3515518)[0m                                                   'linear_fc1',
[36m(TaskRunner pid=3515518)[0m                                                   'linear_fc2'],
[36m(TaskRunner pid=3515518)[0m                                'type': 'lora'},
[36m(TaskRunner pid=3515518)[0m                       'lora_adapter_path': None,
[36m(TaskRunner pid=3515518)[0m                       'lora_alpha': 16,
[36m(TaskRunner pid=3515518)[0m                       'lora_rank': 0,
[36m(TaskRunner pid=3515518)[0m                       'mtp': {'_target_': 'verl.workers.config.MtpConfig',
[36m(TaskRunner pid=3515518)[0m                               'detach_encoder': False,
[36m(TaskRunner pid=3515518)[0m                               'enable': False,
[36m(TaskRunner pid=3515518)[0m                               'enable_rollout': False,
[36m(TaskRunner pid=3515518)[0m                               'enable_train': False,
[36m(TaskRunner pid=3515518)[0m                               'method': 'mtp',
[36m(TaskRunner pid=3515518)[0m                               'mtp_loss_scaling_factor': 0.1,
[36m(TaskRunner pid=3515518)[0m                               'num_speculative_tokens': 1,
[36m(TaskRunner pid=3515518)[0m                               'speculative_algorithm': 'EAGLE',
[36m(TaskRunner pid=3515518)[0m                               'speculative_eagle_topk': 1,
[36m(TaskRunner pid=3515518)[0m                               'speculative_num_draft_tokens': 4,
[36m(TaskRunner pid=3515518)[0m                               'speculative_num_steps': 3},
[36m(TaskRunner pid=3515518)[0m                       'override_config': {},
[36m(TaskRunner pid=3515518)[0m                       'path': '~/models/deepseek-llm-7b-chat',
[36m(TaskRunner pid=3515518)[0m                       'target_modules': 'all-linear',
[36m(TaskRunner pid=3515518)[0m                       'tiled_mlp': {'enabled': False, 'num_shards': 4},
[36m(TaskRunner pid=3515518)[0m                       'tokenizer_path': None,
[36m(TaskRunner pid=3515518)[0m                       'trust_remote_code': False,
[36m(TaskRunner pid=3515518)[0m                       'use_fused_kernels': False,
[36m(TaskRunner pid=3515518)[0m                       'use_liger': False,
[36m(TaskRunner pid=3515518)[0m                       'use_remove_padding': True,
[36m(TaskRunner pid=3515518)[0m                       'use_shm': False},
[36m(TaskRunner pid=3515518)[0m             'optim': {'_target_': 'verl.workers.config.FSDPOptimizerConfig',
[36m(TaskRunner pid=3515518)[0m                       'betas': [0.9, 0.999],
[36m(TaskRunner pid=3515518)[0m                       'clip_grad': 1.0,
[36m(TaskRunner pid=3515518)[0m                       'lr': 1e-05,
[36m(TaskRunner pid=3515518)[0m                       'lr_scheduler_type': 'constant',
[36m(TaskRunner pid=3515518)[0m                       'lr_warmup_steps': -1,
[36m(TaskRunner pid=3515518)[0m                       'lr_warmup_steps_ratio': 0.0,
[36m(TaskRunner pid=3515518)[0m                       'min_lr_ratio': 0.0,
[36m(TaskRunner pid=3515518)[0m                       'num_cycles': 0.5,
[36m(TaskRunner pid=3515518)[0m                       'optimizer': 'AdamW',
[36m(TaskRunner pid=3515518)[0m                       'optimizer_impl': 'torch.optim',
[36m(TaskRunner pid=3515518)[0m                       'override_optimizer_config': None,
[36m(TaskRunner pid=3515518)[0m                       'total_training_steps': -1,
[36m(TaskRunner pid=3515518)[0m                       'warmup_style': None,
[36m(TaskRunner pid=3515518)[0m                       'weight_decay': 0.01,
[36m(TaskRunner pid=3515518)[0m                       'zero_indexed_step': True},
[36m(TaskRunner pid=3515518)[0m             'ppo_epochs': 1,
[36m(TaskRunner pid=3515518)[0m             'ppo_max_token_len_per_gpu': 32768,
[36m(TaskRunner pid=3515518)[0m             'ppo_micro_batch_size': None,
[36m(TaskRunner pid=3515518)[0m             'ppo_micro_batch_size_per_gpu': None,
[36m(TaskRunner pid=3515518)[0m             'ppo_mini_batch_size': 8,
[36m(TaskRunner pid=3515518)[0m             'profiler': {'_target_': 'verl.utils.profiler.ProfilerConfig',
[36m(TaskRunner pid=3515518)[0m                          'all_ranks': False,
[36m(TaskRunner pid=3515518)[0m                          'enable': False,
[36m(TaskRunner pid=3515518)[0m                          'ranks': [],
[36m(TaskRunner pid=3515518)[0m                          'save_path': 'outputs/profile',
[36m(TaskRunner pid=3515518)[0m                          'tool': None,
[36m(TaskRunner pid=3515518)[0m                          'tool_config': {'npu': {'_target_': 'verl.utils.profiler.config.NPUToolConfig',
[36m(TaskRunner pid=3515518)[0m                                                  'analysis': True,
[36m(TaskRunner pid=3515518)[0m                                                  'contents': [],
[36m(TaskRunner pid=3515518)[0m                                                  'discrete': False,
[36m(TaskRunner pid=3515518)[0m                                                  'level': 'level0'},
[36m(TaskRunner pid=3515518)[0m                                          'nsys': {'_target_': 'verl.utils.profiler.config.NsightToolConfig',
[36m(TaskRunner pid=3515518)[0m                                                   'discrete': False},
[36m(TaskRunner pid=3515518)[0m                                          'precision_debugger': {'_target_': 'verl.utils.profiler.config.PrecisionDebuggerToolConfig',
[36m(TaskRunner pid=3515518)[0m                                                                 'config_path': None,
[36m(TaskRunner pid=3515518)[0m                                                                 'stages': None,
[36m(TaskRunner pid=3515518)[0m                                                                 'steps': None,
[36m(TaskRunner pid=3515518)[0m                                                                 'strict': False},
[36m(TaskRunner pid=3515518)[0m                                          'torch': {'_target_': 'verl.utils.profiler.config.TorchProfilerToolConfig',
[36m(TaskRunner pid=3515518)[0m                                                    'contents': [],
[36m(TaskRunner pid=3515518)[0m                                                    'discrete': False,
[36m(TaskRunner pid=3515518)[0m                                                    'schedule': {'_target_': 'verl.utils.profiler.config.TorchProfilerScheduleConfig',
[36m(TaskRunner pid=3515518)[0m                                                                 'active': 0,
[36m(TaskRunner pid=3515518)[0m                                                                 'repeat': 0,
[36m(TaskRunner pid=3515518)[0m                                                                 'skip_first': 0,
[36m(TaskRunner pid=3515518)[0m                                                                 'wait': 0,
[36m(TaskRunner pid=3515518)[0m                                                                 'warmup': 0}},
[36m(TaskRunner pid=3515518)[0m                                          'torch_memory': {'_target_': 'verl.utils.profiler.config.TorchMemoryToolConfig',
[36m(TaskRunner pid=3515518)[0m                                                           'stack_depth': 32,
[36m(TaskRunner pid=3515518)[0m                                                           'trace_alloc_max_entries': 100000}}},
[36m(TaskRunner pid=3515518)[0m             'rollout_n': 16,
[36m(TaskRunner pid=3515518)[0m             'shuffle': False,
[36m(TaskRunner pid=3515518)[0m             'strategy': 'fsdp',
[36m(TaskRunner pid=3515518)[0m             'ulysses_sequence_parallel_size': 1,
[36m(TaskRunner pid=3515518)[0m             'use_dynamic_bsz': True},
[36m(TaskRunner pid=3515518)[0m  'custom_reward_function': {'name': None, 'path': None},
[36m(TaskRunner pid=3515518)[0m  'data': {'apply_chat_template_kwargs': {},
[36m(TaskRunner pid=3515518)[0m           'audio_key': 'audios',
[36m(TaskRunner pid=3515518)[0m           'continuous_token': {'enable': False, 'model_family': 'auto'},
[36m(TaskRunner pid=3515518)[0m           'custom_cls': {'name': None, 'path': None},
[36m(TaskRunner pid=3515518)[0m           'dataloader_num_workers': 8,
[36m(TaskRunner pid=3515518)[0m           'filter_overlong_prompts': False,
[36m(TaskRunner pid=3515518)[0m           'filter_overlong_prompts_workers': 1,
[36m(TaskRunner pid=3515518)[0m           'function_tool_path': None,
[36m(TaskRunner pid=3515518)[0m           'gen_batch_size': None,
[36m(TaskRunner pid=3515518)[0m           'image_key': 'images',
[36m(TaskRunner pid=3515518)[0m           'image_patch_size': 16,
[36m(TaskRunner pid=3515518)[0m           'max_prompt_length': 4608,
[36m(TaskRunner pid=3515518)[0m           'max_response_length': 16384,
[36m(TaskRunner pid=3515518)[0m           'mm_processor_kwargs': {},
[36m(TaskRunner pid=3515518)[0m           'prompt_key': 'prompt',
[36m(TaskRunner pid=3515518)[0m           'return_full_prompt': False,
[36m(TaskRunner pid=3515518)[0m           'return_multi_modal_inputs': True,
[36m(TaskRunner pid=3515518)[0m           'return_raw_chat': True,
[36m(TaskRunner pid=3515518)[0m           'return_raw_input_ids': False,
[36m(TaskRunner pid=3515518)[0m           'reward_fn_key': 'data_source',
[36m(TaskRunner pid=3515518)[0m           'seed': None,
[36m(TaskRunner pid=3515518)[0m           'shuffle': True,
[36m(TaskRunner pid=3515518)[0m           'tokenizer': None,
[36m(TaskRunner pid=3515518)[0m           'tool_config_path': '/home/yw4636/agentic-tvg/crop_video_tool.yaml',
[36m(TaskRunner pid=3515518)[0m           'train_batch_size': 8,
[36m(TaskRunner pid=3515518)[0m           'train_files': '/home/yw4636/agentic-tvg/data/processed/rl_train.parquet',
[36m(TaskRunner pid=3515518)[0m           'train_max_samples': -1,
[36m(TaskRunner pid=3515518)[0m           'truncation': 'error',
[36m(TaskRunner pid=3515518)[0m           'trust_remote_code': False,
[36m(TaskRunner pid=3515518)[0m           'use_shm': False,
[36m(TaskRunner pid=3515518)[0m           'val_batch_size': 2,
[36m(TaskRunner pid=3515518)[0m           'val_files': '/home/yw4636/agentic-tvg/data/processed/rl_val.parquet',
[36m(TaskRunner pid=3515518)[0m           'val_max_samples': -1,
[36m(TaskRunner pid=3515518)[0m           'validation_shuffle': False,
[36m(TaskRunner pid=3515518)[0m           'video_key': 'videos'},
[36m(TaskRunner pid=3515518)[0m  'distillation': {'_target_': 'verl.workers.config.DistillationConfig',
[36m(TaskRunner pid=3515518)[0m                   'distillation_loss': {'_target_': 'verl.workers.config.DistillationLossConfig',
[36m(TaskRunner pid=3515518)[0m                                         'clip_ratio': 0.2,
[36m(TaskRunner pid=3515518)[0m                                         'clip_ratio_high': 0.2,
[36m(TaskRunner pid=3515518)[0m                                         'clip_ratio_low': 0.2,
[36m(TaskRunner pid=3515518)[0m                                         'distillation_loss_coef': 1.0,
[36m(TaskRunner pid=3515518)[0m                                         'log_prob_min_clamp': None,
[36m(TaskRunner pid=3515518)[0m                                         'loss_max_clamp': None,
[36m(TaskRunner pid=3515518)[0m                                         'loss_mode': 'k3',
[36m(TaskRunner pid=3515518)[0m                                         'policy_loss_mode': 'vanilla',
[36m(TaskRunner pid=3515518)[0m                                         'topk': 32,
[36m(TaskRunner pid=3515518)[0m                                         'use_policy_gradient': False,
[36m(TaskRunner pid=3515518)[0m                                         'use_task_rewards': True},
[36m(TaskRunner pid=3515518)[0m                   'enabled': False,
[36m(TaskRunner pid=3515518)[0m                   'n_gpus_per_node': 8,
[36m(TaskRunner pid=3515518)[0m                   'nnodes': 0,
[36m(TaskRunner pid=3515518)[0m                   'teacher_key': 'data_source',
[36m(TaskRunner pid=3515518)[0m                   'teacher_models': {'teacher_model': {'_target_': 'verl.workers.config.DistillationTeacherModelConfig',
[36m(TaskRunner pid=3515518)[0m                                                        'inference': {'_target_': 'verl.workers.config.RolloutConfig',
[36m(TaskRunner pid=3515518)[0m                                                                      'cudagraph_capture_sizes': None,
[36m(TaskRunner pid=3515518)[0m                                                                      'data_parallel_size': 1,
[36m(TaskRunner pid=3515518)[0m                                                                      'disable_log_stats': True,
[36m(TaskRunner pid=3515518)[0m                                                                      'dtype': 'bfloat16',
[36m(TaskRunner pid=3515518)[0m                                                                      'enable_chunked_prefill': True,
[36m(TaskRunner pid=3515518)[0m                                                                      'enable_prefix_caching': True,
[36m(TaskRunner pid=3515518)[0m                                                                      'enforce_eager': True,
[36m(TaskRunner pid=3515518)[0m                                                                      'engine_kwargs': {},
[36m(TaskRunner pid=3515518)[0m                                                                      'expert_parallel_size': 1,
[36m(TaskRunner pid=3515518)[0m                                                                      'free_cache_engine': True,
[36m(TaskRunner pid=3515518)[0m                                                                      'gpu_memory_utilization': 0.5,
[36m(TaskRunner pid=3515518)[0m                                                                      'limit_images': None,
[36m(TaskRunner pid=3515518)[0m                                                                      'load_format': 'auto',
[36m(TaskRunner pid=3515518)[0m                                                                      'max_model_len': None,
[36m(TaskRunner pid=3515518)[0m                                                                      'max_num_batched_tokens': 8192,
[36m(TaskRunner pid=3515518)[0m                                                                      'max_num_seqs': 1024,
[36m(TaskRunner pid=3515518)[0m                                                                      'name': 'vllm',
[36m(TaskRunner pid=3515518)[0m                                                                      'prompt_length': 4608,
[36m(TaskRunner pid=3515518)[0m                                                                      'response_length': 16384,
[36m(TaskRunner pid=3515518)[0m                                                                      'skip_tokenizer_init': True,
[36m(TaskRunner pid=3515518)[0m                                                                      'temperature': 1.0,
[36m(TaskRunner pid=3515518)[0m                                                                      'tensor_model_parallel_size': 2},
[36m(TaskRunner pid=3515518)[0m                                                        'key': None,
[36m(TaskRunner pid=3515518)[0m                                                        'model_path': None,
[36m(TaskRunner pid=3515518)[0m                                                        'num_replicas': 0}}},
[36m(TaskRunner pid=3515518)[0m  'global_profiler': {'_target_': 'verl.utils.profiler.ProfilerConfig',
[36m(TaskRunner pid=3515518)[0m                      'global_tool_config': {'nsys': {'_target_': 'verl.utils.profiler.config.NsightToolConfig',
[36m(TaskRunner pid=3515518)[0m                                                      'controller_nsight_options': {'cuda-graph-trace': 'graph',
[36m(TaskRunner pid=3515518)[0m                                                                                    'cuda-memory-usage': 'true',
[36m(TaskRunner pid=3515518)[0m                                                                                    'trace': 'cuda,nvtx,cublas,ucx'},
[36m(TaskRunner pid=3515518)[0m                                                      'discrete': False,
[36m(TaskRunner pid=3515518)[0m                                                      'worker_nsight_options': {'capture-range': 'cudaProfilerApi',
[36m(TaskRunner pid=3515518)[0m                                                                                'capture-range-end': None,
[36m(TaskRunner pid=3515518)[0m                                                                                'cuda-graph-trace': 'graph',
[36m(TaskRunner pid=3515518)[0m                                                                                'cuda-memory-usage': 'true',
[36m(TaskRunner pid=3515518)[0m                                                                                'kill': 'none',
[36m(TaskRunner pid=3515518)[0m                                                                                'trace': 'cuda,nvtx,cublas,ucx'}},
[36m(TaskRunner pid=3515518)[0m                                             'precision_debugger': {'_target_': 'verl.utils.profiler.config.PrecisionDebuggerToolConfig',
[36m(TaskRunner pid=3515518)[0m                                                                    'config_path': None,
[36m(TaskRunner pid=3515518)[0m                                                                    'stages': None,
[36m(TaskRunner pid=3515518)[0m                                                                    'steps': None,
[36m(TaskRunner pid=3515518)[0m                                                                    'strict': False},
[36m(TaskRunner pid=3515518)[0m                                             'torch_memory': {'context': 'all',
[36m(TaskRunner pid=3515518)[0m                                                              'kw_args': {},
[36m(TaskRunner pid=3515518)[0m                                                              'stack_depth': 32,
[36m(TaskRunner pid=3515518)[0m                                                              'stacks': 'all',
[36m(TaskRunner pid=3515518)[0m                                                              'trace_alloc_max_entries': 100000}},
[36m(TaskRunner pid=3515518)[0m                      'profile_continuous_steps': False,
[36m(TaskRunner pid=3515518)[0m                      'save_path': 'outputs/profile',
[36m(TaskRunner pid=3515518)[0m                      'steps': None,
[36m(TaskRunner pid=3515518)[0m                      'tool': None},
[36m(TaskRunner pid=3515518)[0m  'model_engine': 'dp',
[36m(TaskRunner pid=3515518)[0m  'ray_kwargs': {'ray_init': {'num_cpus': None,
[36m(TaskRunner pid=3515518)[0m                              'object_store_memory': 25769803776},
[36m(TaskRunner pid=3515518)[0m                 'timeline_json_file': None},
[36m(TaskRunner pid=3515518)[0m  'reward': {'_target_': 'verl.workers.config.RewardConfig',
[36m(TaskRunner pid=3515518)[0m             'custom_reward_function': {'name': 'compute_score_qa2',
[36m(TaskRunner pid=3515518)[0m                                        'path': '/home/yw4636/agentic-tvg/agentic_tvg/reward.py'},
[36m(TaskRunner pid=3515518)[0m             'num_workers': 8,
[36m(TaskRunner pid=3515518)[0m             'reward_manager': {'_target_': 'verl.workers.config.reward.RewardManagerConfig',
[36m(TaskRunner pid=3515518)[0m                                'module': {'_target_': 'verl.trainer.config.config.ModuleConfig',
[36m(TaskRunner pid=3515518)[0m                                           'name': 'custom_reward_manager',
[36m(TaskRunner pid=3515518)[0m                                           'path': None},
[36m(TaskRunner pid=3515518)[0m                                'name': 'naive',
[36m(TaskRunner pid=3515518)[0m                                'source': 'register'},
[36m(TaskRunner pid=3515518)[0m             'reward_model': {'_target_': 'verl.workers.config.RewardModelConfig',
[36m(TaskRunner pid=3515518)[0m                              'enable': False,
[36m(TaskRunner pid=3515518)[0m                              'enable_resource_pool': False,
[36m(TaskRunner pid=3515518)[0m                              'model_path': None,
[36m(TaskRunner pid=3515518)[0m                              'n_gpus_per_node': 8,
[36m(TaskRunner pid=3515518)[0m                              'nnodes': 0,
[36m(TaskRunner pid=3515518)[0m                              'rollout': {'_target_': 'verl.workers.config.RolloutConfig',
[36m(TaskRunner pid=3515518)[0m                                          'cudagraph_capture_sizes': None,
[36m(TaskRunner pid=3515518)[0m                                          'data_parallel_size': 1,
[36m(TaskRunner pid=3515518)[0m                                          'disable_log_stats': True,
[36m(TaskRunner pid=3515518)[0m                                          'disaggregation': {'bootstrap_port': None,
[36m(TaskRunner pid=3515518)[0m                                                             'decode_replicas': 1,
[36m(TaskRunner pid=3515518)[0m                                                             'decode_tensor_model_parallel_size': None,
[36m(TaskRunner pid=3515518)[0m                                                             'enabled': False,
[36m(TaskRunner pid=3515518)[0m                                                             'ib_device': None,
[36m(TaskRunner pid=3515518)[0m                                                             'prefill_replicas': 1,
[36m(TaskRunner pid=3515518)[0m                                                             'transfer_backend': 'nixl'},
[36m(TaskRunner pid=3515518)[0m                                          'do_sample': True,
[36m(TaskRunner pid=3515518)[0m                                          'dtype': 'bfloat16',
[36m(TaskRunner pid=3515518)[0m                                          'enable_chunked_prefill': True,
[36m(TaskRunner pid=3515518)[0m                                          'enable_prefix_caching': True,
[36m(TaskRunner pid=3515518)[0m                                          'enforce_eager': True,
[36m(TaskRunner pid=3515518)[0m                                          'engine_kwargs': {},
[36m(TaskRunner pid=3515518)[0m                                          'expert_parallel_size': 1,
[36m(TaskRunner pid=3515518)[0m                                          'free_cache_engine': True,
[36m(TaskRunner pid=3515518)[0m                                          'full_determinism': False,
[36m(TaskRunner pid=3515518)[0m                                          'gpu_memory_utilization': 0.5,
[36m(TaskRunner pid=3515518)[0m                                          'ignore_eos': False,
[36m(TaskRunner pid=3515518)[0m                                          'layered_summon': False,
[36m(TaskRunner pid=3515518)[0m                                          'limit_images': None,
[36m(TaskRunner pid=3515518)[0m                                          'load_format': 'auto',
[36m(TaskRunner pid=3515518)[0m                                          'max_model_len': None,
[36m(TaskRunner pid=3515518)[0m                                          'max_num_batched_tokens': 8192,
[36m(TaskRunner pid=3515518)[0m                                          'max_num_seqs': 1024,
[36m(TaskRunner pid=3515518)[0m                                          'mtp': None,
[36m(TaskRunner pid=3515518)[0m                                          'multi_stage_wake_up': False,
[36m(TaskRunner pid=3515518)[0m                                          'n': 1,
[36m(TaskRunner pid=3515518)[0m                                          'name': '???',
[36m(TaskRunner pid=3515518)[0m                                          'pipeline_model_parallel_size': 1,
[36m(TaskRunner pid=3515518)[0m                                          'prompt_length': 2048,
[36m(TaskRunner pid=3515518)[0m                                          'quantization': None,
[36m(TaskRunner pid=3515518)[0m                                          'quantization_config_file': None,
[36m(TaskRunner pid=3515518)[0m                                          'response_length': 2048,
[36m(TaskRunner pid=3515518)[0m                                          'scheduling_policy': 'fcfs',
[36m(TaskRunner pid=3515518)[0m                                          'seed': 42,
[36m(TaskRunner pid=3515518)[0m                                          'skip_tokenizer_init': False,
[36m(TaskRunner pid=3515518)[0m                                          'temperature': 1.0,
[36m(TaskRunner pid=3515518)[0m                                          'tensor_model_parallel_size': 2,
[36m(TaskRunner pid=3515518)[0m                                          'top_k': -1,
[36m(TaskRunner pid=3515518)[0m                                          'top_p': 1}},
[36m(TaskRunner pid=3515518)[0m             'sandbox_fusion': {'_target_': 'verl.workers.config.SandboxFusionConfig',
[36m(TaskRunner pid=3515518)[0m                                'max_concurrent': 64,
[36m(TaskRunner pid=3515518)[0m                                'memory_limit_mb': 1024,
[36m(TaskRunner pid=3515518)[0m                                'url': None}},
[36m(TaskRunner pid=3515518)[0m  'reward_model': {'enable': None,
[36m(TaskRunner pid=3515518)[0m                   'enable_resource_pool': None,
[36m(TaskRunner pid=3515518)[0m                   'model': {'external_lib': None,
[36m(TaskRunner pid=3515518)[0m                             'path': None,
[36m(TaskRunner pid=3515518)[0m                             'trust_remote_code': None},
[36m(TaskRunner pid=3515518)[0m                   'n_gpus_per_node': None,
[36m(TaskRunner pid=3515518)[0m                   'nnodes': None,
[36m(TaskRunner pid=3515518)[0m                   'num_workers': None,
[36m(TaskRunner pid=3515518)[0m                   'reward_loop_class_name': None,
[36m(TaskRunner pid=3515518)[0m                   'reward_loop_module_path': None,
[36m(TaskRunner pid=3515518)[0m                   'reward_loop_source': None,
[36m(TaskRunner pid=3515518)[0m                   'reward_manager': None,
[36m(TaskRunner pid=3515518)[0m                   'rollout': {'cudagraph_capture_sizes': None,
[36m(TaskRunner pid=3515518)[0m                               'data_parallel_size': None,
[36m(TaskRunner pid=3515518)[0m                               'disable_log_stats': None,
[36m(TaskRunner pid=3515518)[0m                               'dtype': None,
[36m(TaskRunner pid=3515518)[0m                               'enable_chunked_prefill': None,
[36m(TaskRunner pid=3515518)[0m                               'enable_prefix_caching': None,[36m(TaskRunner pid=3515518)[0m /home/yw4636/.conda/envs/verl/lib/python3.12/site-packages/verl/trainer/main_ppo_v0.py:182: UserWarning: Disabled critic as algorithm.adv_estimator != gae. If it is not intended, please set critic.enable=True
[36m(TaskRunner pid=3515518)[0m   use_critic=need_critic(config),

[36m(TaskRunner pid=3515518)[0m                               'enforce_eager': None,
[36m(TaskRunner pid=3515518)[0m                               'engine_kwargs': None,
[36m(TaskRunner pid=3515518)[0m                               'expert_parallel_size': None,
[36m(TaskRunner pid=3515518)[0m                               'free_cache_engine': None,
[36m(TaskRunner pid=3515518)[0m                               'gpu_memory_utilization': None,
[36m(TaskRunner pid=3515518)[0m                               'limit_images': None,
[36m(TaskRunner pid=3515518)[0m                               'load_format': None,
[36m(TaskRunner pid=3515518)[0m                               'max_model_len': None,
[36m(TaskRunner pid=3515518)[0m                               'max_num_batched_tokens': None,
[36m(TaskRunner pid=3515518)[0m                               'max_num_seqs': None,
[36m(TaskRunner pid=3515518)[0m                               'name': None,
[36m(TaskRunner pid=3515518)[0m                               'prompt_length': None,
[36m(TaskRunner pid=3515518)[0m                               'response_length': None,
[36m(TaskRunner pid=3515518)[0m                               'skip_tokenizer_init': None,
[36m(TaskRunner pid=3515518)[0m                               'tensor_model_parallel_size': None}},
[36m(TaskRunner pid=3515518)[0m  'sandbox_fusion': {'max_concurrent': None,
[36m(TaskRunner pid=3515518)[0m                     'memory_limit_mb': None,
[36m(TaskRunner pid=3515518)[0m                     'url': None},
[36m(TaskRunner pid=3515518)[0m  'skip': {'_target_': 'verl.utils.skip.SkipManagerConfig',
[36m(TaskRunner pid=3515518)[0m           'async_rollout': {'action': 'cache',
[36m(TaskRunner pid=3515518)[0m                             'dump_dir': '~/.verl/rollout_dump',
[36m(TaskRunner pid=3515518)[0m                             'enable': False,
[36m(TaskRunner pid=3515518)[0m                             'steps': []},
[36m(TaskRunner pid=3515518)[0m           'rollout': {'action': 'cache',
[36m(TaskRunner pid=3515518)[0m                       'dump_dir': '~/.verl/rollout_dump',
[36m(TaskRunner pid=3515518)[0m                       'enable': False,
[36m(TaskRunner pid=3515518)[0m                       'steps': []},
[36m(TaskRunner pid=3515518)[0m           'rollout_tq': {'action': 'cache',
[36m(TaskRunner pid=3515518)[0m                          'dump_dir': '~/.verl/rollout_dump',
[36m(TaskRunner pid=3515518)[0m                          'enable': False,
[36m(TaskRunner pid=3515518)[0m                          'steps': []}},
[36m(TaskRunner pid=3515518)[0m  'trainer': {'balance_batch': True,
[36m(TaskRunner pid=3515518)[0m              'critic_warmup': 0,
[36m(TaskRunner pid=3515518)[0m              'default_hdfs_dir': None,
[36m(TaskRunner pid=3515518)[0m              'default_local_dir': '/home/yw4636/agentic-tvg/results/grpo-v2/ckpt',
[36m(TaskRunner pid=3515518)[0m              'del_local_ckpt_after_load': False,
[36m(TaskRunner pid=3515518)[0m              'device': 'cuda',
[36m(TaskRunner pid=3515518)[0m              'esi_redundant_time': 0,
[36m(TaskRunner pid=3515518)[0m              'experiment_name': 'grpo_v2',
[36m(TaskRunner pid=3515518)[0m              'log_val_generations': 0,
[36m(TaskRunner pid=3515518)[0m              'logger': ['console', 'tensorboard'],
[36m(TaskRunner pid=3515518)[0m              'max_actor_ckpt_to_keep': 1,
[36m(TaskRunner pid=3515518)[0m              'max_critic_ckpt_to_keep': None,
[36m(TaskRunner pid=3515518)[0m              'n_gpus_per_node': 1,
[36m(TaskRunner pid=3515518)[0m              'nnodes': 1,
[36m(TaskRunner pid=3515518)[0m              'project_name': 'agentic-tvg',
[36m(TaskRunner pid=3515518)[0m              'ray_wait_register_center_timeout': 300,
[36m(TaskRunner pid=3515518)[0m              'resume_from_path': None,
[36m(TaskRunner pid=3515518)[0m              'resume_mode': 'auto',
[36m(TaskRunner pid=3515518)[0m              'rollout_data_dir': '/home/yw4636/agentic-tvg/results/grpo-v2/rollouts',
[36m(TaskRunner pid=3515518)[0m              'save_freq': 20,
[36m(TaskRunner pid=3515518)[0m              'test_freq': 20,
[36m(TaskRunner pid=3515518)[0m              'total_epochs': 1,
[36m(TaskRunner pid=3515518)[0m              'total_training_steps': None,
[36m(TaskRunner pid=3515518)[0m              'use_v1': False,
[36m(TaskRunner pid=3515518)[0m              'v1': {'colocate_async': {'num_warmup_batches': 1},
[36m(TaskRunner pid=3515518)[0m                     'sampler': {'custom_sampler': {'name': None, 'path': None},
[36m(TaskRunner pid=3515518)[0m                                 'max_off_policy_strategy': 'drop',
[36m(TaskRunner pid=3515518)[0m                                 'max_off_policy_threshold': 8,
[36m(TaskRunner pid=3515518)[0m                                 'sampler_kwargs': {},
[36m(TaskRunner pid=3515518)[0m                                 'sync_refill_failed_groups': False},
[36m(TaskRunner pid=3515518)[0m                     'separate_async': {'num_warmup_batches': 1,
[36m(TaskRunner pid=3515518)[0m                                        'parameter_sync_step': 4},
[36m(TaskRunner pid=3515518)[0m                     'sync': {},
[36m(TaskRunner pid=3515518)[0m                     'trainer_mode': 'sync'},
[36m(TaskRunner pid=3515518)[0m              'val_before_train': True,
[36m(TaskRunner pid=3515518)[0m              'val_only': False,
[36m(TaskRunner pid=3515518)[0m              'validation_data_dir': '/home/yw4636/agentic-tvg/results/grpo-v2/val_rollouts'},
[36m(TaskRunner pid=3515518)[0m  'transfer_queue': {'backend': {'MooncakeStore': {'auto_init': False,
[36m(TaskRunner pid=3515518)[0m                                                   'device_name': '',
[36m(TaskRunner pid=3515518)[0m                                                   'global_segment_size': 4294967296,
[36m(TaskRunner pid=3515518)[0m                                                   'local_buffer_size': 1073741824,
[36m(TaskRunner pid=3515518)[0m                                                   'local_hostname': 'localhost',
[36m(TaskRunner pid=3515518)[0m                                                   'master_server_address': 'localhost:50124',
[36m(TaskRunner pid=3515518)[0m                                                   'metadata_server': 'localhost:50123',
[36m(TaskRunner pid=3515518)[0m                                                   'protocol': 'tcp'},
[36m(TaskRunner pid=3515518)[0m                                 'SimpleStorage': {'num_data_storage_units': 8,
[36m(TaskRunner pid=3515518)[0m                                                   'total_storage_size': 100000},
[36m(TaskRunner pid=3515518)[0m                                 'storage_backend': 'SimpleStorage'},
[36m(TaskRunner pid=3515518)[0m                     'enable': False,
[36m(TaskRunner pid=3515518)[0m                     'metrics': {'enabled': False, 'port': 0}}}
[36m(TaskRunner pid=3515518)[0m WARNING: val_batch_size is deprecated. Validation datasets are sent to inference engines as a whole batch, which will schedule the memory themselves.
[36m(TaskRunner pid=3515518)[0m [validate_config] All configuration checks passed successfully!
[36m(TaskRunner pid=3515518)[0m Using dataset class: RLHFDataset
[36m(TaskRunner pid=3515518)[0m {
[36m(TaskRunner pid=3515518)[0m   "type": "function",
[36m(TaskRunner pid=3515518)[0m   "function": {
[36m(TaskRunner pid=3515518)[0m     "name": "crop_video",
[36m(TaskRunner pid=3515518)[0m     "description": "Inspect a time interval of the current video closely: returns 30 higher-resolution frames sampled evenly from [start_time, end_time], each labeled with its timestamp in seconds.",
[36m(TaskRunner pid=3515518)[0m     "parameters": {
[36m(TaskRunner pid=3515518)[0m       "type": "object",
[36m(TaskRunner pid=3515518)[0m       "properties": {
[36m(TaskRunner pid=3515518)[0m         "start_time": {
[36m(TaskRunner pid=3515518)[0m           "type": "number",
[36m(TaskRunner pid=3515518)[0m           "description": "Interval start in seconds, >= 0."[36m(TaskRunner pid=3515518)[0m /home/yw4636/.conda/envs/verl/lib/python3.12/site-packages/verl/trainer/main_ppo_v0.py:218: FutureWarning: Warning: Class 'verl.trainer.ppo.ray_trainer.RayPPOTrainer' is deprecated. Please use 'Legacy trainer is deprecated, and wil be removed in v0.9.0. Please use `trainer.use_v1=True` instead.' instead.
[36m(TaskRunner pid=3515518)[0m   trainer = RayPPOTrainer(
[36m(TaskRunner pid=3515518)[0m /home/yw4636/.conda/envs/verl/lib/python3.12/site-packages/verl/trainer/ppo/ray_trainer.py:348: UserWarning: Disabled critic as algorithm.adv_estimator != gae. If it is not intended, please set critic.enable=True
[36m(TaskRunner pid=3515518)[0m   self.use_critic = need_critic(self.config)
[36m(WorkerDict pid=3515879)[0m /home/yw4636/.conda/envs/verl/lib/python3.12/site-packages/verl/workers/engine/__init__.py:31: UserWarning: torchtitan engine is not available: ModuleNotFoundError("No module named 'torchtitan'")
[36m(WorkerDict pid=3515879)[0m   warnings.warn(f"torchtitan engine is not available: {e!r}", stacklevel=1)
[36m(WorkerDict pid=3515879)[0m /home/yw4636/.conda/envs/verl/lib/python3.12/site-packages/verl/workers/engine/__init__.py:40: UserWarning: veomni engine is not available: ModuleNotFoundError("No module named 'veomni'")
[36m(WorkerDict pid=3515879)[0m   warnings.warn(f"veomni engine is not available: {e!r}", stacklevel=1)
[36m(WorkerDict pid=3515879)[0m /home/yw4636/.conda/envs/verl/lib/python3.12/site-packages/verl/workers/engine/__init__.py:49: UserWarning: automodel engine is not available: ModuleNotFoundError("No module named 'nemo_automodel'")
[36m(WorkerDict pid=3515879)[0m   warnings.warn(f"automodel engine is not available: {e!r}", stacklevel=1)
[36m(WorkerDict pid=3515879)[0m /home/yw4636/.conda/envs/verl/lib/python3.12/site-packages/verl/workers/engine/mindspeed/transformer_impl.py:24: UserWarning: NPU not support router replay for now.
[36m(WorkerDict pid=3515879)[0m   from verl.utils.megatron.router_replay_patch import RouterReplay
[36m(WorkerDict pid=3515879)[0m /home/yw4636/.conda/envs/verl/lib/python3.12/site-packages/verl/workers/engine/__init__.py:59: UserWarning: mindspeed engine is not available: ModuleNotFoundError("No module named 'megatron'")
[36m(WorkerDict pid=3515879)[0m   warnings.warn(f"mindspeed engine is not available: {e!r}", stacklevel=1)
[36m(WorkerDict pid=3515879)[0m /home/yw4636/.conda/envs/verl/lib/python3.12/site-packages/verl/workers/engine/__init__.py:69: UserWarning: megatron engine is not available: ModuleNotFoundError("No module named 'megatron'")
[36m(WorkerDict pid=3515879)[0m   warnings.warn(f"megatron engine is not available: {e!r}", stacklevel=1)
[36m(WorkerDict pid=3515879)[0m [transformers] Flash Attention 2 only supports torch.float16 and torch.bfloat16 dtypes, but the current dype in Qwen3VLForConditionalGeneration is torch.float32. You should run training or inference using Automatic Mixed-Precision via the `with torch.autocast(device_type='torch_device'):` decorator, or load the model with the `dtype` argument. Example: `model = AutoModel.from_pretrained("meta-llama/Llama-3.2-1B", attn_implementation="flash_attention_2", dtype=torch.float16)`
[36m(WorkerDict pid=3515879)[0m [transformers] Flash Attention 2 only supports torch.float16 and torch.bfloat16 dtypes, but the current dype in Qwen3VLModel is torch.float32. You should run training or inference using Automatic Mixed-Precision via the `with torch.autocast(device_type='torch_device'):` decorator, or load the model with the `dtype` argument. Example: `model = AutoModel.from_pretrained("meta-llama/Llama-3.2-1B", attn_implementation="flash_attention_2", dtype=torch.float16)`
[36m(WorkerDict pid=3515879)[0m [transformers] Flash Attention 2 only supports torch.float16 and torch.bfloat16 dtypes, but the current dype in Qwen3VLVisionModel is torch.float32. You should run training or inference using Automatic Mixed-Precision via the `with torch.autocast(device_type='torch_device'):` decorator, or load the model with the `dtype` argument. Example: `model = AutoModel.from_pretrained("meta-llama/Llama-3.2-1B", attn_implementation="flash_attention_2", dtype=torch.float16)`
[36m(WorkerDict pid=3515879)[0m [transformers] Flash Attention 2 only supports torch.float16 and torch.bfloat16 dtypes, but the current dype in Qwen3VLTextModel is torch.float32. You should run training or inference using Automatic Mixed-Precision via the `with torch.autocast(device_type='torch_device'):` decorator, or load the model with the `dtype` argument. Example: `model = AutoModel.from_pretrained("meta-llama/Llama-3.2-1B", attn_implementation="flash_attention_2", dtype=torch.float16)`
[36m(WorkerDict pid=3515879)[0m Loading weights:   0%|          | 0/713 [00:00<?, ?it/s]
[36m(WorkerDict pid=3515879)[0m Loading weights:   0%|          | 1/713 [00:00<06:58,  1.70it/s]
[36m(WorkerDict pid=3515879)[0m Loading weights:  20%|██        | 146/713 [00:00<00:02, 266.14it/s]
[36m(WorkerDict pid=3515879)[0m Loading weights:  29%|██▉       | 209/713 [00:00<00:01, 272.64it/s]
[36m(WorkerDict pid=3515879)[0m Loading weights:  36%|███▌      | 257/713 [00:01<00:01, 256.34it/s]
[36m(WorkerDict pid=3515879)[0m Loading weights:  41%|████▏     | 295/713 [00:01<00:01, 261.79it/s]
[36m(WorkerDict pid=3515879)[0m Loading weights:  46%|████▌     | 329/713 [00:01<00:01, 261.93it/s]
[36m(WorkerDict pid=3515879)[0m Loading weights:  51%|█████     | 361/713 [00:01<00:01, 257.42it/s]
[36m(WorkerDict pid=3515879)[0m Loading weights:  55%|█████▍    | 391/713 [00:01<00:01, 249.70it/s]
[36m(WorkerDict pid=3515879)[0m Loading weights:  82%|████████▏ | 586/713 [00:01<00:00, 633.35it/s]
[36m(WorkerDict pid=3515879)[0m Loading weights:  98%|█████████▊| 700/713 [00:01<00:00, 754.75it/s]Loading weights: 100%|██████████| 713/713 [00:01<00:00, 374.71it/s]
[36m(WorkerDict pid=3515879)[0m WARNING:2026-09-01 22:38:11,655:Setting the sleep level to 1 may cause a memory overflow.
[36m(vLLMHttpServer pid=3516349)[0m [transformers] The `use_fast` parameter is deprecated and will be removed in a future version. Use `backend="torchvision"` instead of `use_fast=True`, or `backend="pil"` instead of `use_fast=False`.
[36m(vLLMHttpServer pid=3516349)[0m (Worker pid=3517250) [transformers] The `use_fast` parameter is deprecated and will be removed in a future version. Use `backend="torchvision"` instead of `use_fast=True`, or `backend="pil"` instead of `use_fast=False`.
[36m(vLLMHttpServer pid=3516349)[0m (Worker pid=3517250) Loading safetensors checkpoint shards:   0% Completed | 0/1 [00:00<?, ?it/s]
[36m(vLLMHttpServer pid=3516349)[0m (Worker pid=3517250) Loading safetensors checkpoint shards: 100% Completed | 1/1 [00:01<00:00,  1.46s/it]
[36m(vLLMHttpServer pid=3516349)[0m (Worker pid=3517250) Loading safetensors checkpoint shards: 100% Completed | 1/1 [00:01<00:00,  1.46s/it]
[36m(vLLMHttpServer pid=3516349)[0m (Worker pid=3517250) 

[36m(TaskRunner pid=3515518)[0m         },
[36m(TaskRunner pid=3515518)[0m         "end_time": {
[36m(TaskRunner pid=3515518)[0m           "type": "number",
[36m(TaskRunner pid=3515518)[0m           "description": "Interval end in seconds, > start_time, <= video duration."
[36m(TaskRunner pid=3515518)[0m         }
[36m(TaskRunner pid=3515518)[0m       },
[36m(TaskRunner pid=3515518)[0m       "required": [
[36m(TaskRunner pid=3515518)[0m         "start_time",
[36m(TaskRunner pid=3515518)[0m         "end_time"
[36m(TaskRunner pid=3515518)[0m       ]
[36m(TaskRunner pid=3515518)[0m     }
[36m(TaskRunner pid=3515518)[0m   }
[36m(TaskRunner pid=3515518)[0m }
[36m(TaskRunner pid=3515518)[0m dataset len: 1068
[36m(TaskRunner pid=3515518)[0m Using dataset class: RLHFDataset
[36m(TaskRunner pid=3515518)[0m {
[36m(TaskRunner pid=3515518)[0m   "type": "function",
[36m(TaskRunner pid=3515518)[0m   "function": {
[36m(TaskRunner pid=3515518)[0m     "name": "crop_video",
[36m(TaskRunner pid=3515518)[0m     "description": "Inspect a time interval of the current video closely: returns 30 higher-resolution frames sampled evenly from [start_time, end_time], each labeled with its timestamp in seconds.",
[36m(TaskRunner pid=3515518)[0m     "parameters": {
[36m(TaskRunner pid=3515518)[0m       "type": "object",
[36m(TaskRunner pid=3515518)[0m       "properties": {
[36m(TaskRunner pid=3515518)[0m         "start_time": {
[36m(TaskRunner pid=3515518)[0m           "type": "number",
[36m(TaskRunner pid=3515518)[0m           "description": "Interval start in seconds, >= 0."
[36m(TaskRunner pid=3515518)[0m         },
[36m(TaskRunner pid=3515518)[0m         "end_time": {
[36m(TaskRunner pid=3515518)[0m           "type": "number",
[36m(TaskRunner pid=3515518)[0m           "description": "Interval end in seconds, > start_time, <= video duration."
[36m(TaskRunner pid=3515518)[0m         }
[36m(TaskRunner pid=3515518)[0m       },
[36m(TaskRunner pid=3515518)[0m       "required": [
[36m(TaskRunner pid=3515518)[0m         "start_time",
[36m(TaskRunner pid=3515518)[0m         "end_time"
[36m(TaskRunner pid=3515518)[0m       ]
[36m(TaskRunner pid=3515518)[0m     }
[36m(TaskRunner pid=3515518)[0m   }
[36m(TaskRunner pid=3515518)[0m }
[36m(TaskRunner pid=3515518)[0m dataset len: 114
[36m(TaskRunner pid=3515518)[0m Size of train dataloader: 133, Size of val dataloader: 57
[36m(TaskRunner pid=3515518)[0m Total training steps: 133
[36m(TaskRunner pid=3515518)[0m colocated worker base class <class 'verl.single_controller.base.worker.Worker'>
[36m(WorkerDict pid=3515879)[0m Warning: Failed to set NUMA affinity: libnuma.so: cannot open shared object file: No such file or directory
[36m(WorkerDict pid=3515879)[0m Monkey patch Qwen3VLForConditionalGeneration model forward
[36m(WorkerDict pid=3515879)[0m Monkey patch _flash_attention_forward in transformers.integrations.flash_attention
[36m(WorkerDict pid=3515879)[0m Skipping monkey patch for Qwen3VLForConditionalGeneration as use_fused_kernels is False or fused_kernels_backend is torch
[36m(WorkerDict pid=3515879)[0m PeftModelForCausalLM contains 4.47B parameters
[36m(WorkerDict pid=3515879)[0m Before FSDP, memory allocated (GB): 0.00, memory reserved (GB): 0.00, device memory used/total (GB): 0.41/79.27
[36m(WorkerDict pid=3515879)[0m After FSDP, memory allocated (GB): 16.76, memory reserved (GB): 18.74, device memory used/total (GB): 19.67/79.27
[36m(WorkerDict pid=3515879)[0m Total steps: 133, num_warmup_steps: 0
[36m(vLLMHttpServer pid=3516349)[0m ['serve',
[36m(vLLMHttpServer pid=3516349)[0m  '/home/yw4636/agentic-tvg/results/sft-mix/merged',
[36m(vLLMHttpServer pid=3516349)[0m  '--dtype',
[36m(vLLMHttpServer pid=3516349)[0m  'bfloat16',
[36m(vLLMHttpServer pid=3516349)[0m  '--load_format',
[36m(vLLMHttpServer pid=3516349)[0m  'safetensors',
[36m(vLLMHttpServer pid=3516349)[0m  '--distributed_executor_backend',
[36m(vLLMHttpServer pid=3516349)[0m  'mp',
[36m(vLLMHttpServer pid=3516349)[0m  '--worker_extension_cls',
[36m(vLLMHttpServer pid=3516349)[0m  'verl.workers.rollout.vllm_rollout.utils.vLLMColocateWorkerExtension',
[36m(vLLMHttpServer pid=3516349)[0m  '--max_model_len',
[36m(vLLMHttpServer pid=3516349)[0m  '20992',
[36m(vLLMHttpServer pid=3516349)[0m  '--max_num_seqs',
[36m(vLLMHttpServer pid=3516349)[0m  '256',
[36m(vLLMHttpServer pid=3516349)[0m  '--enable_chunked_prefill',
[36m(vLLMHttpServer pid=3516349)[0m  '--max_num_batched_tokens',
[36m(vLLMHttpServer pid=3516349)[0m  '24576',
[36m(vLLMHttpServer pid=3516349)[0m  '--enable_prefix_caching',
[36m(vLLMHttpServer pid=3516349)[0m  '--enable_sleep_mode',
[36m(vLLMHttpServer pid=3516349)[0m  '--logprobs_mode',
[36m(vLLMHttpServer pid=3516349)[0m  'processed_logprobs',
[36m(vLLMHttpServer pid=3516349)[0m  '--gpu_memory_utilization',
[36m(vLLMHttpServer pid=3516349)[0m  '0.65',
[36m(vLLMHttpServer pid=3516349)[0m  '--disable_log_stats',
[36m(vLLMHttpServer pid=3516349)[0m  '--tensor_parallel_size',
[36m(vLLMHttpServer pid=3516349)[0m  '1',
[36m(vLLMHttpServer pid=3516349)[0m  '--seed',
[36m(vLLMHttpServer pid=3516349)[0m  '42',
[36m(vLLMHttpServer pid=3516349)[0m  '--override_generation_config',
[36m(vLLMHttpServer pid=3516349)[0m  '{"temperature": 1.0, "top_k": -1, "top_p": 1, "repetition_penalty": 1.0, '
[36m(vLLMHttpServer pid=3516349)[0m  '"max_new_tokens": 16384}',
[36m(vLLMHttpServer pid=3516349)[0m  '--hf_overrides',
[36m(vLLMHttpServer pid=3516349)[0m  '{}',
[36m(vLLMHttpServer pid=3516349)[0m  '--scheduling_policy',
[36m(vLLMHttpServer pid=3516349)[0m  'fcfs',
[36m(vLLMHttpServer pid=3516349)[0m  '--compilation_config',
[36m(vLLMHttpServer pid=3516349)[0m  '{"cudagraph_mode": "FULL_AND_PIECEWISE"}',
[36m(vLLMHttpServer pid=3516349)[0m  '--mm_processor_kwargs',
[36m(vLLMHttpServer pid=3516349)[0m  '{"max_pixels": 150528}',
[36m(vLLMHttpServer pid=3516349)[0m  '--limit_mm_per_prompt',
[36m(vLLMHttpServer pid=3516349)[0m  '{"image": 112}',
[36m(vLLMHttpServer pid=3516349)[0m  '--enable_lora',
[36m(vLLMHttpServer pid=3516349)[0m  '--max_loras',
[36m(vLLMHttpServer pid=3516349)[0m  '1',
[36m(vLLMHttpServer pid=3516349)[0m  '--max_lora_rank',
[36m(vLLMHttpServer pid=3516349)[0m  '16']
[36m(vLLMHttpServer pid=3516349)[0m WARNING 09-01 22:38:28 [system_utils.py:157] We must use the `spawn` multiprocessing start method. Overriding VLLM_WORKER_MULTIPROC_METHOD to 'spawn'. See https://docs.vllm.ai/en/latest/usage/troubleshooting.html#python-multiprocessing for more information. Reasons: In a Ray actor and can only be spawned; CUDA is initialized
[36m(vLLMHttpServer pid=3516349)[0m (Worker pid=3517250) WARNING 09-01 22:38:49 [model_manager.py:401] Regarding Qwen3VLForConditionalGeneration, no matching PunicaWrapper is found; visual.patch_embed.proj will be ignored.
[36m(vLLMHttpServer pid=3516349)[0m (Worker pid=3517250) WARNING 09-01 22:38:49 [model_manager.py:401] Regarding Qwen3VLForConditionalGeneration, no matching PunicaWrapper is found; visual.merger.linear_fc1 will be ignored.
[36m(vLLMHttpServer pid=3516349)[0m (Worker pid=3517250) WARNING 09-01 22:38:49 [model_manager.py:401] Regarding Qwen3VLForConditionalGeneration, no matching PunicaWrapper is found; visual.merger.linear_fc2 will be ignored.
[36m(vLLMHttpServer pid=3516349)[0m (Worker pid=3517250) WARNING 09-01 22:38:49 [model_manager.py:401] Regarding Qwen3VLForConditionalGeneration, no matching PunicaWrapper is found; visual.deepstack_merger_list.0.linear_fc1 will be ignored.
[36m(vLLMHttpServer pid=3516349)[0m (Worker pid=3517250) WARNING 09-01 22:38:49 [model_manager.py:401] Regarding Qwen3VLForConditionalGeneration, no matching PunicaWrapper is found; visual.deepstack_merger_list.0.linear_fc2 will be ignored.
[36m(vLLMHttpServer pid=3516349)[0m (Worker pid=3517250) WARNING 09-01 22:38:49 [model_manager.py:401] Regarding Qwen3VLForConditionalGeneration, no matching PunicaWrapper is found; visual.deepstack_merger_list.1.linear_fc1 will be ignored.
[36m(vLLMHttpServer pid=3516349)[0m (Worker pid=3517250) WARNING 09-01 22:38:49 [model_manager.py:401] Regarding Qwen3VLForConditionalGeneration, no matching PunicaWrapper is found; visual.deepstack_merger_list.1.linear_fc2 will be ignored.
[36m(vLLMHttpServer pid=3516349)[0m (Worker pid=3517250) WARNING 09-01 22:38:49 [model_manager.py:401] Regarding Qwen3VLForConditionalGeneration, no matching PunicaWrapper is found; visual.deepstack_merger_list.2.linear_fc1 will be ignored.
[36m(vLLMHttpServer pid=3516349)[0m (Worker pid=3517250) WARNING 09-01 22:38:49 [model_manager.py:401] Regarding Qwen3VLForConditionalGeneration, no matching PunicaWrapper is found; visual.deepstack_merger_list.2.linear_fc2 will be ignored.
[36m(vLLMHttpServer pid=3516349)[0m (Worker pid=3517250) WARNING 09-01 22:38:49 [model_manager.py:401] Regarding Qwen3VLForConditionalGeneration, no matching PunicaWrapper is found; visual.blocks.0.attn.qkv will be ignored.
[36m(vLLMHttpServer pid=3516349)[0m (Worker pid=3517250) WARNING 09-01 22:38:49 [model_manager.py:401] Regarding Qwen3VLForConditionalGeneration, no matching PunicaWrapper is found; visual.blocks.0.attn.proj will be ignored.
[36m(vLLMHttpServer pid=3516349)[0m (Worker pid=3517250) WARNING 09-01 22:38:49 [model_manager.py:401] Regarding Qwen3VLForConditionalGeneration, no matching PunicaWrapper is found; visual.blocks.0.mlp.linear_fc1 will be ignored.
[36m(vLLMHttpServer pid=3516349)[0m (Worker pid=3517250) WARNING 09-01 22:38:49 [model_manager.py:401] Regarding Qwen3VLForConditionalGeneration, no matching PunicaWrapper is found; visual.blocks.0.mlp.linear_fc2 will be ignored.
[36m(vLLMHttpServer pid=3516349)[0m (Worker pid=3517250) WARNING 09-01 22:38:49 [model_manager.py:401] Regarding Qwen3VLForConditionalGeneration, no matching PunicaWrapper is found; visual.blocks.1.attn.qkv will be ignored.
[36m(vLLMHttpServer pid=3516349)[0m (Worker pid=3517250) WARNING 09-01 22:38:49 [model_manager.py:401] Regarding Qwen3VLForConditionalGeneration, no matching PunicaWrapper is found; visual.blocks.1.attn.proj will be ignored.
[36m(vLLMHttpServer pid=3516349)[0m (Worker pid=3517250) WARNING 09-01 22:38:49 [model_manager.py:401] Regarding Qwen3VLForConditionalGeneration, no matching PunicaWrapper is found; visual.blocks.1.mlp.linear_fc1 will be ignored.
[36m(vLLMHttpServer pid=3516349)[0m (Worker pid=3517250) WARNING 09-01 22:38:49 [model_manager.py:401] Regarding Qwen3VLForConditionalGeneration, no matching PunicaWrapper is found; visual.blocks.1.mlp.linear_fc2 will be ignored.
[36m(vLLMHttpServer pid=3516349)[0m (Worker pid=3517250) WARNING 09-01 22:38:49 [model_manager.py:401] Regarding Qwen3VLForConditionalGeneration, no matching PunicaWrapper is found; visual.blocks.2.attn.qkv will be ignored.
[36m(vLLMHttpServer pid=3516349)[0m (Worker pid=3517250) WARNING 09-01 22:38:49 [model_manager.py:401] Regarding Qwen3VLForConditionalGeneration, no matching PunicaWrapper is found; visual.blocks.2.attn.proj will be ignored.
[36m(vLLMHttpServer pid=3516349)[0m (Worker pid=3517250) WARNING 09-01 22:38:49 [model_manager.py:401] Regarding Qwen3VLForConditionalGeneration, no matching PunicaWrapper is found; visual.blocks.2.mlp.linear_fc1 will be ignored.
[36m(vLLMHttpServer pid=3516349)[0m (Worker pid=3517250) WARNING 09-01 22:38:49 [model_manager.py:401] Regarding Qwen3VLForConditionalGeneration, no matching PunicaWrapper is found; visual.blocks.2.mlp.linear_fc2 will be ignored.
[36m(vLLMHttpServer pid=3516349)[0m (Worker pid=3517250) WARNING 09-01 22:38:49 [model_manager.py:401] Regarding Qwen3VLForConditionalGeneration, no matching PunicaWrapper is found; visual.blocks.3.attn.qkv will be ignored.
[36m(vLLMHttpServer pid=3516349)[0m (Worker pid=3517250) WARNING 09-01 22:38:49 [model_manager.py:401] Regarding Qwen3VLForConditionalGeneration, no matching PunicaWrapper is found; visual.blocks.3.attn.proj will be ignored.
[36m(vLLMHttpServer pid=3516349)[0m (Worker pid=3517250) WARNING 09-01 22:38:49 [model_manager.py:401] Regarding Qwen3VLForConditionalGeneration, no matching PunicaWrapper is found; visual.blocks.3.mlp.linear_fc1 will be ignored.
[36m(vLLMHttpServer pid=3516349)[0m (Worker pid=3517250) WARNING 09-01 22:38:49 [model_manager.py:401] Regarding Qwen3VLForConditionalGeneration, no matching PunicaWrapper is found; visual.blocks.3.mlp.linear_fc2 will be ignored.
[36m(vLLMHttpServer pid=3516349)[0m (Worker pid=3517250) WARNING 09-01 22:38:49 [model_manager.py:401] Regarding Qwen3VLForConditionalGeneration, no matching PunicaWrapper is found; visual.blocks.4.attn.qkv will be ignored.
[36m(vLLMHttpServer pid=3516349)[0m (Worker pid=3517250) WARNING 09-01 22:38:49 [model_manager.py:401] Regarding Qwen3VLForConditionalGeneration, no matching PunicaWrapper is found; visual.blocks.4.attn.proj will be ignored.
[36m(vLLMHttpServer pid=3516349)[0m (Worker pid=3517250) WARNING 09-01 22:38:49 [model_manager.py:401] Regarding Qwen3VLForConditionalGeneration, no matching PunicaWrapper is found; visual.blocks.4.mlp.linear_fc1 will be ignored.
[36m(vLLMHttpServer pid=3516349)[0m (Worker pid=3517250) WARNING 09-01 22:38:49 [model_manager.py:401] Regarding Qwen3VLForConditionalGeneration, no matching PunicaWrapper is found; visual.blocks.4.mlp.linear_fc2 will be ignored.
[36m(vLLMHttpServer pid=3516349)[0m (Worker pid=3517250) WARNING 09-01 22:38:49 [model_manager.py:401] Regarding Qwen3VLForConditionalGeneration, no matching PunicaWrapper is found; visual.blocks.5.attn.qkv will be ignored.
[36m(vLLMHttpServer pid=3516349)[0m (Worker pid=3517250) WARNING 09-01 22:38:49 [model_manager.py:401] Regarding Qwen3VLForConditionalGeneration, no matching PunicaWrapper is found; visual.blocks.5.attn.proj will be ignored.
[36m(vLLMHttpServer pid=3516349)[0m (Worker pid=3517250) WARNING 09-01 22:38:49 [model_manager.py:401] Regarding Qwen3VLForConditionalGeneration, no matching PunicaWrapper is found; visual.blocks.5.mlp.linear_fc1 will be ignored.
[36m(vLLMHttpServer pid=3516349)[0m (Worker pid=3517250) WARNING 09-01 22:38:49 [model_manager.py:401] Regarding Qwen3VLForConditionalGeneration, no matching PunicaWrapper is found; visual.blocks.5.mlp.linear_fc2 will be ignored.
[36m(vLLMHttpServer pid=3516349)[0m (Worker pid=3517250) WARNING 09-01 22:38:49 [model_manager.py:401] Regarding Qwen3VLForConditionalGeneration, no matching PunicaWrapper is found; visual.blocks.6.attn.qkv will be ignored.
[36m(vLLMHttpServer pid=3516349)[0m (Worker pid=3517250) WARNING 09-01 22:38:49 [model_manager.py:401] Regarding Qwen3VLForConditionalGeneration, no matching PunicaWrapper is found; visual.blocks.6.attn.proj will be ignored.
[36m(vLLMHttpServer pid=3516349)[0m (Worker pid=3517250) WARNING 09-01 22:38:49 [model_manager.py:401] Regarding Qwen3VLForConditionalGeneration, no matching PunicaWrapper is found; visual.blocks.6.mlp.linear_fc1 will be ignored.
[36m(vLLMHttpServer pid=3516349)[0m (Worker pid=3517250) WARNING 09-01 22:38:49 [model_manager.py:401] Regarding Qwen3VLForConditionalGeneration, no matching PunicaWrapper is found; visual.blocks.6.mlp.linear_fc2 will be ignored.
[36m(vLLMHttpServer pid=3516349)[0m (Worker pid=3517250) WARNING 09-01 22:38:49 [model_manager.py:401] Regarding Qwen3VLForConditionalGeneration, no matching PunicaWrapper is found; visual.blocks.7.attn.qkv will be ignored.
[36m(vLLMHttpServer pid=3516349)[0m (Worker pid=3517250) WARNING 09-01 22:38:49 [model_manager.py:401] Regarding Qwen3VLForConditionalGeneration, no matching PunicaWrapper is found; visual.blocks.7.attn.proj will be ignored.
[36m(vLLMHttpServer pid=3516349)[0m (Worker pid=3517250) WARNING 09-01 22:38:49 [model_manager.py:401] Regarding Qwen3VLForConditionalGeneration, no matching PunicaWrapper is found; visual.blocks.7.mlp.linear_fc1 will be ignored.
[36m(vLLMHttpServer pid=3516349)[0m (Worker pid=3517250) WARNING 09-01 22:38:49 [model_manager.py:401] Regarding Qwen3VLForConditionalGeneration, no matching PunicaWrapper is found; visual.blocks.7.mlp.linear_fc2 will be ignored.
[36m(vLLMHttpServer pid=3516349)[0m (Worker pid=3517250) WARNING 09-01 22:38:49 [model_manager.py:401] Regarding Qwen3VLForConditionalGeneration, no matching PunicaWrapper is found; visual.blocks.8.attn.qkv will be ignored.
[36m(vLLMHttpServer pid=3516349)[0m (Worker pid=3517250) WARNING 09-01 22:38:49 [model_manager.py:401] Regarding Qwen3VLForConditionalGeneration, no matching PunicaWrapper is found; visual.blocks.8.attn.proj will be ignored.
[36m(vLLMHttpServer pid=3516349)[0m (Worker pid=3517250) WARNING 09-01 22:38:49 [model_manager.py:401] Regarding Qwen3VLForConditionalGeneration, no matching PunicaWrapper is found; visual.blocks.8.mlp.linear_fc1 will be ignored.
[36m(vLLMHttpServer pid=3516349)[0m (Worker pid=3517250) WARNING 09-01 22:38:49 [model_manager.py:401] Regarding Qwen3VLForConditionalGeneration, no matching PunicaWrapper is found; visual.blocks.8.mlp.linear_fc2 will be ignored.
[36m(vLLMHttpServer pid=3516349)[0m (Worker pid=3517250) WARNING 09-01 22:38:49 [model_manager.py:401] Regarding Qwen3VLForConditionalGeneration, no matching PunicaWrapper is found; visual.blocks.9.attn.qkv will be ignored.
[36m(vLLMHttpServer pid=3516349)[0m (Worker pid=3517250) WARNING 09-01 22:38:49 [model_manager.py:401] Regarding Qwen3VLForConditionalGeneration, no matching PunicaWrapper is found; visual.blocks.9.attn.proj will be ignored.
[36m(vLLMHttpServer pid=3516349)[0m (Worker pid=3517250) WARNING 09-01 22:38:49 [model_manager.py:401] Regarding Qwen3VLForConditionalGeneration, no matching PunicaWrapper is found; visual.blocks.9.mlp.linear_fc1 will be ignored.
[36m(vLLMHttpServer pid=3516349)[0m (Worker pid=3517250) WARNING 09-01 22:38:49 [model_manager.py:401] Regarding Qwen3VLForConditionalGeneration, no matching PunicaWrapper is found; visual.blocks.9.mlp.linear_fc2 will be ignored.
[36m(vLLMHttpServer pid=3516349)[0m (Worker pid=3517250) WARNING 09-01 22:38:49 [model_manager.py:401] Regarding Qwen3VLForConditionalGeneration, no matching PunicaWrapper is found; visual.blocks.10.attn.qkv will be ignored.
[36m(vLLMHttpServer pid=3516349)[0m (Worker pid=3517250) WARNING 09-01 22:38:49 [model_manager.py:401] Regarding Qwen3VLForConditionalGeneration, no matching PunicaWrapper is found; visual.blocks.10.attn.proj will be ignored.
[36m(vLLMHttpServer pid=3516349)[0m (Worker pid=3517250) WARNING 09-01 22:38:49 [model_manager.py:401] Regarding Qwen3VLForConditionalGeneration, no matching PunicaWrapper is found; visual.blocks.10.mlp.linear_fc1 will be ignored.
[36m(vLLMHttpServer pid=3516349)[0m (Worker pid=3517250) WARNING 09-01 22:38:49 [model_manager.py:401] Regarding Qwen3VLForConditionalGeneration, no matching PunicaWrapper is found; visual.blocks.10.mlp.linear_fc2 will be ignored.
[36m(vLLMHttpServer pid=3516349)[0m (Worker pid=3517250) WARNING 09-01 22:38:49 [model_manager.py:401] Regarding Qwen3VLForConditionalGeneration, no matching PunicaWrapper is found; visual.blocks.11.attn.qkv will be ignored.
[36m(vLLMHttpServer pid=3516349)[0m (Worker pid=3517250) WARNING 09-01 22:38:49 [model_manager.py:401] Regarding Qwen3VLForConditionalGeneration, no matching PunicaWrapper is found; visual.blocks.11.attn.proj will be ignored.
[36m(vLLMHttpServer pid=3516349)[0m (Worker pid=3517250) WARNING 09-01 22:38:49 [model_manager.py:401] Regarding Qwen3VLForConditionalGeneration, no matching PunicaWrapper is found; visual.blocks.11.mlp.linear_fc1 will be ignored.
[36m(vLLMHttpServer pid=3516349)[0m (Worker pid=3517250) WARNING 09-01 22:38:49 [model_manager.py:401] Regarding Qwen3VLForConditionalGeneration, no matching PunicaWrapper is found; visual.blocks.11.mlp.linear_fc2 will be ignored.
[36m(vLLMHttpServer pid=3516349)[0m (Worker pid=3517250) WARNING 09-01 22:38:49 [model_manager.py:401] Regarding Qwen3VLForConditionalGeneration, no matching PunicaWrapper is found; visual.blocks.12.attn.qkv will be ignored.
[36m(vLLMHttpServer pid=3516349)[0m (Worker pid=3517250) WARNING 09-01 22:38:49 [model_manager.py:401] Regarding Qwen3VLForConditionalGeneration, no matching PunicaWrapper is found; visual.blocks.12.attn.proj will be ignored.
[36m(vLLMHttpServer pid=3516349)[0m (Worker pid=3517250) WARNING 09-01 22:38:49 [model_manager.py:401] Regarding Qwen3VLForConditionalGeneration, no matching PunicaWrapper is found; visual.blocks.12.mlp.linear_fc1 will be ignored.
[36m(vLLMHttpServer pid=3516349)[0m (Worker pid=3517250) WARNING 09-01 22:38:49 [model_manager.py:401] Regarding Qwen3VLForConditionalGeneration, no matching PunicaWrapper is found; visual.blocks.12.mlp.linear_fc2 will be ignored.
[36m(vLLMHttpServer pid=3516349)[0m (Worker pid=3517250) WARNING 09-01 22:38:49 [model_manager.py:401] Regarding Qwen3VLForConditionalGeneration, no matching PunicaWrapper is found; visual.blocks.13.attn.qkv will be ignored.
[36m(vLLMHttpServer pid=3516349)[0m (Worker pid=3517250) WARNING 09-01 22:38:49 [model_manager.py:401] Regarding Qwen3VLForConditionalGeneration, no matching PunicaWrapper is found; visual.blocks.13.attn.proj will be ignored.
[36m(vLLMHttpServer pid=3516349)[0m (Worker pid=3517250) WARNING 09-01 22:38:49 [model_manager.py:401] Regarding Qwen3VLForConditionalGeneration, no matching PunicaWrapper is found; visual.blocks.13.mlp.linear_fc1 will be ignored.
[36m(vLLMHttpServer pid=3516349)[0m (Worker pid=3517250) WARNING 09-01 22:38:49 [model_manager.py:401] Regarding Qwen3VLForConditionalGeneration, no matching PunicaWrapper is found; visual.blocks.13.mlp.linear_fc2 will be ignored.
[36m(vLLMHttpServer pid=3516349)[0m (Worker pid=3517250) WARNING 09-01 22:38:49 [model_manager.py:401] Regarding Qwen3VLForConditionalGeneration, no matching PunicaWrapper is found; visual.blocks.14.attn.qkv will be ignored.
[36m(vLLMHttpServer pid=3516349)[0m (Worker pid=3517250) WARNING 09-01 22:38:49 [model_manager.py:401] Regarding Qwen3VLForConditionalGeneration, no matching PunicaWrapper is found; visual.blocks.14.attn.proj will be ignored.
[36m(vLLMHttpServer pid=3516349)[0m (Worker pid=3517250) WARNING 09-01 22:38:49 [model_manager.py:401] Regarding Qwen3VLForConditionalGeneration, no matching PunicaWrapper is found; visual.blocks.14.mlp.linear_fc1 will be ignored.
[36m(vLLMHttpServer pid=3516349)[0m (Worker pid=3517250) WARNING 09-01 22:38:49 [model_manager.py:401] Regarding Qwen3VLForConditionalGeneration, no matching PunicaWrapper is found; visual.blocks.14.mlp.linear_fc2 will be ignored.
[36m(vLLMHttpServer pid=3516349)[0m (Worker pid=3517250) WARNING 09-01 22:38:49 [model_manager.py:401] Regarding Qwen3VLForConditionalGeneration, no matching PunicaWrapper is found; visual.blocks.15.attn.qkv will be ignored.
[36m(vLLMHttpServer pid=3516349)[0m (Worker pid=3517250) WARNING 09-01 22:38:49 [model_manager.py:401] Regarding Qwen3VLForConditionalGeneration, no matching PunicaWrapper is found; visual.blocks.15.attn.proj will be ignored.
[36m(vLLMHttpServer pid=3516349)[0m (Worker pid=3517250) WARNING 09-01 22:38:49 [model_manager.py:401] Regarding Qwen3VLForConditionalGeneration, no matching PunicaWrapper is found; visual.blocks.15.mlp.linear_fc1 will be ignored.
[36m(vLLMHttpServer pid=3516349)[0m (Worker pid=3517250) WARNING 09-01 22:38:49 [model_manager.py:401] Regarding Qwen3VLForConditionalGeneration, no matching PunicaWrapper is found; visual.blocks.15.mlp.linear_fc2 will be ignored.
[36m(vLLMHttpServer pid=3516349)[0m (Worker pid=3517250) WARNING 09-01 22:38:49 [model_manager.py:401] Regarding Qwen3VLForConditionalGeneration, no matching PunicaWrapper is found; visual.blocks.16.attn.qkv will be ignored.
[36m(vLLMHttpServer pid=3516349)[0m (Worker pid=3517250) WARNING 09-01 22:38:49 [model_manager.py:401] Regarding Qwen3VLForConditionalGeneration, no matching PunicaWrapper is found; visual.blocks.16.attn.proj will be ignored.
[36m(vLLMHttpServer pid=3516349)[0m (Worker pid=3517250) WARNING 09-01 22:38:49 [model_manager.py:401] Regarding Qwen3VLForConditionalGeneration, no matching PunicaWrapper is found; visual.blocks.16.mlp.linear_fc1 will be ignored.
[36m(vLLMHttpServer pid=3516349)[0m (Worker pid=3517250) WARNING 09-01 22:38:49 [model_manager.py:401] Regarding Qwen3VLForConditionalGeneration, no matching PunicaWrapper is found; visual.blocks.16.mlp.linear_fc2 will be ignored.
[36m(vLLMHttpServer pid=3516349)[0m (Worker pid=3517250) WARNING 09-01 22:38:49 [model_manager.py:401] Regarding Qwen3VLForConditionalGeneration, no matching PunicaWrapper is found; visual.blocks.17.attn.qkv will be ignored.
[36m(vLLMHttpServer pid=3516349)[0m (Worker pid=3517250) WARNING 09-01 22:38:49 [model_manager.py:401] Regarding Qwen3VLForConditionalGeneration, no matching PunicaWrapper is found; visual.blocks.17.attn.proj will be ignored.[36m(vLLMHttpServer pid=3516349)[0m (Worker pid=3517250) Capturing CUDA graphs (mixed prefill-decode, PIECEWISE):   0%|          | 0/102 [00:00<?, ?it/s]
[36m(vLLMHttpServer pid=3516349)[0m Capturing CUDA graphs (mixed prefill-decode, PIECEWISE):   1%|          | 1/102 [00:00<00:15,  6.33it/s]
[36m(vLLMHttpServer pid=3516349)[0m Capturing CUDA graphs (mixed prefill-decode, PIECEWISE):   3%|▎         | 3/102 [00:00<00:09, 10.99it/s]
[36m(vLLMHttpServer pid=3516349)[0m Capturing CUDA graphs (mixed prefill-decode, PIECEWISE):   5%|▍         | 5/102 [00:00<00:07, 12.62it/s]
[36m(vLLMHttpServer pid=3516349)[0m Capturing CUDA graphs (mixed prefill-decode, PIECEWISE):   7%|▋         | 7/102 [00:00<00:07, 13.32it/s]
[36m(vLLMHttpServer pid=3516349)[0m Capturing CUDA graphs (mixed prefill-decode, PIECEWISE):   9%|▉         | 9/102 [00:00<00:06, 13.77it/s]
[36m(vLLMHttpServer pid=3516349)[0m Capturing CUDA graphs (mixed prefill-decode, PIECEWISE):  11%|█         | 11/102 [00:00<00:06, 13.95it/s]
[36m(vLLMHttpServer pid=3516349)[0m Capturing CUDA graphs (mixed prefill-decode, PIECEWISE):  13%|█▎        | 13/102 [00:00<00:06, 14.09it/s]
[36m(vLLMHttpServer pid=3516349)[0m Capturing CUDA graphs (mixed prefill-decode, PIECEWISE):  15%|█▍        | 15/102 [00:01<00:06, 14.22it/s]
[36m(vLLMHttpServer pid=3516349)[0m Capturing CUDA graphs (mixed prefill-decode, PIECEWISE):  17%|█▋        | 17/102 [00:01<00:05, 14.28it/s]
[36m(vLLMHttpServer pid=3516349)[0m Capturing CUDA graphs (mixed prefill-decode, PIECEWISE):  19%|█▊        | 19/102 [00:01<00:05, 14.36it/s]
[36m(vLLMHttpServer pid=3516349)[0m Capturing CUDA graphs (mixed prefill-decode, PIECEWISE):  21%|██        | 21/102 [00:01<00:05, 14.41it/s]
[36m(vLLMHttpServer pid=3516349)[0m Capturing CUDA graphs (mixed prefill-decode, PIECEWISE):  23%|██▎       | 23/102 [00:01<00:05, 14.48it/s]
[36m(vLLMHttpServer pid=3516349)[0m Capturing CUDA graphs (mixed prefill-decode, PIECEWISE):  25%|██▍       | 25/102 [00:01<00:05, 14.45it/s]
[36m(vLLMHttpServer pid=3516349)[0m Capturing CUDA graphs (mixed prefill-decode, PIECEWISE):  26%|██▋       | 27/102 [00:01<00:05, 14.48it/s]
[36m(vLLMHttpServer pid=3516349)[0m Capturing CUDA graphs (mixed prefill-decode, PIECEWISE):  28%|██▊       | 29/102 [00:02<00:05, 14.17it/s]
[36m(vLLMHttpServer pid=3516349)[0m Capturing CUDA graphs (mixed prefill-decode, PIECEWISE):  30%|███       | 31/102 [00:02<00:04, 14.27it/s]
[36m(vLLMHttpServer pid=3516349)[0m Capturing CUDA graphs (mixed prefill-decode, PIECEWISE):  32%|███▏      | 33/102 [00:02<00:04, 14.39it/s]
[36m(vLLMHttpServer pid=3516349)[0m Capturing CUDA graphs (mixed prefill-decode, PIECEWISE):  34%|███▍      | 35/102 [00:02<00:04, 14.16it/s]
[36m(vLLMHttpServer pid=3516349)[0m Capturing CUDA graphs (mixed prefill-decode, PIECEWISE):  36%|███▋      | 37/102 [00:02<00:04, 14.25it/s]
[36m(vLLMHttpServer pid=3516349)[0m Capturing CUDA graphs (mixed prefill-decode, PIECEWISE):  38%|███▊      | 39/102 [00:02<00:04, 14.22it/s]
[36m(vLLMHttpServer pid=3516349)[0m Capturing CUDA graphs (mixed prefill-decode, PIECEWISE):  40%|████      | 41/102 [00:02<00:04, 14.29it/s]
[36m(vLLMHttpServer pid=3516349)[0m Capturing CUDA graphs (mixed prefill-decode, PIECEWISE):  42%|████▏     | 43/102 [00:03<00:04, 14.32it/s]
[36m(vLLMHttpServer pid=3516349)[0m Capturing CUDA graphs (mixed prefill-decode, PIECEWISE):  44%|████▍     | 45/102 [00:03<00:03, 14.28it/s]
[36m(vLLMHttpServer pid=3516349)[0m Capturing CUDA graphs (mixed prefill-decode, PIECEWISE):  46%|████▌     | 47/102 [00:03<00:03, 14.27it/s]
[36m(vLLMHttpServer pid=3516349)[0m Capturing CUDA graphs (mixed prefill-decode, PIECEWISE):  48%|████▊     | 49/102 [00:03<00:03, 14.26it/s]
[36m(vLLMHttpServer pid=3516349)[0m Capturing CUDA graphs (mixed prefill-decode, PIECEWISE):  50%|█████     | 51/102 [00:03<00:03, 14.23it/s]
[36m(vLLMHttpServer pid=3516349)[0m Capturing CUDA graphs (mixed prefill-decode, PIECEWISE):  52%|█████▏    | 53/102 [00:03<00:03, 14.22it/s]
[36m(vLLMHttpServer pid=3516349)[0m Capturing CUDA graphs (mixed prefill-decode, PIECEWISE):  54%|█████▍    | 55/102 [00:03<00:03, 14.22it/s]
[36m(vLLMHttpServer pid=3516349)[0m Capturing CUDA graphs (mixed prefill-decode, PIECEWISE):  56%|█████▌    | 57/102 [00:04<00:03, 14.19it/s]
[36m(vLLMHttpServer pid=3516349)[0m Capturing CUDA graphs (mixed prefill-decode, PIECEWISE):  58%|█████▊    | 59/102 [00:04<00:03, 14.21it/s]
[36m(vLLMHttpServer pid=3516349)[0m Capturing CUDA graphs (mixed prefill-decode, PIECEWISE):  60%|█████▉    | 61/102 [00:04<00:02, 14.22it/s]
[36m(vLLMHttpServer pid=3516349)[0m Capturing CUDA graphs (mixed prefill-decode, PIECEWISE):  62%|██████▏   | 63/102 [00:04<00:02, 14.17it/s]
[36m(vLLMHttpServer pid=3516349)[0m Capturing CUDA graphs (mixed prefill-decode, PIECEWISE):  64%|██████▎   | 65/102 [00:04<00:02, 14.15it/s]
[36m(vLLMHttpServer pid=3516349)[0m Capturing CUDA graphs (mixed prefill-decode, PIECEWISE):  66%|██████▌   | 67/102 [00:04<00:02, 13.92it/s]
[36m(vLLMHttpServer pid=3516349)[0m Capturing CUDA graphs (mixed prefill-decode, PIECEWISE):  68%|██████▊   | 69/102 [00:04<00:02, 13.79it/s]
[36m(vLLMHttpServer pid=3516349)[0m Capturing CUDA graphs (mixed prefill-decode, PIECEWISE):  70%|██████▉   | 71/102 [00:05<00:02, 13.85it/s]
[36m(vLLMHttpServer pid=3516349)[0m Capturing CUDA graphs (mixed prefill-decode, PIECEWISE):  72%|███████▏  | 73/102 [00:05<00:02, 13.93it/s]
[36m(vLLMHttpServer pid=3516349)[0m Capturing CUDA graphs (mixed prefill-decode, PIECEWISE):  74%|███████▎  | 75/102 [00:05<00:01, 13.90it/s]
[36m(vLLMHttpServer pid=3516349)[0m Capturing CUDA graphs (mixed prefill-decode, PIECEWISE):  75%|███████▌  | 77/102 [00:05<00:01, 13.93it/s]
[36m(vLLMHttpServer pid=3516349)[0m Capturing CUDA graphs (mixed prefill-decode, PIECEWISE):  77%|███████▋  | 79/102 [00:05<00:01, 13.94it/s]
[36m(vLLMHttpServer pid=3516349)[0m Capturing CUDA graphs (mixed prefill-decode, PIECEWISE):  79%|███████▉  | 81/102 [00:05<00:01, 13.96it/s]
[36m(vLLMHttpServer pid=3516349)[0m Capturing CUDA graphs (mixed prefill-decode, PIECEWISE):  81%|████████▏ | 83/102 [00:05<00:01, 13.94it/s]
[36m(vLLMHttpServer pid=3516349)[0m Capturing CUDA graphs (mixed prefill-decode, PIECEWISE):  83%|████████▎ | 85/102 [00:06<00:01, 13.98it/s]
[36m(vLLMHttpServer pid=3516349)[0m Capturing CUDA graphs (mixed prefill-decode, PIECEWISE):  85%|████████▌ | 87/102 [00:06<00:01, 13.87it/s]
[36m(vLLMHttpServer pid=3516349)[0m Capturing CUDA graphs (mixed prefill-decode, PIECEWISE):  87%|████████▋ | 89/102 [00:06<00:00, 13.91it/s]
[36m(vLLMHttpServer pid=3516349)[0m Capturing CUDA graphs (mixed prefill-decode, PIECEWISE):  89%|████████▉ | 91/102 [00:06<00:00, 13.94it/s]
[36m(vLLMHttpServer pid=3516349)[0m Capturing CUDA graphs (mixed prefill-decode, PIECEWISE):  91%|█████████ | 93/102 [00:06<00:00, 13.98it/s]
[36m(vLLMHttpServer pid=3516349)[0m Capturing CUDA graphs (mixed prefill-decode, PIECEWISE):  93%|█████████▎| 95/102 [00:06<00:00, 13.98it/s]
[36m(vLLMHttpServer pid=3516349)[0m Capturing CUDA graphs (mixed prefill-decode, PIECEWISE):  95%|█████████▌| 97/102 [00:06<00:00, 13.94it/s]
[36m(vLLMHttpServer pid=3516349)[0m Capturing CUDA graphs (mixed prefill-decode, PIECEWISE):  97%|█████████▋| 99/102 [00:07<00:00, 13.35it/s]
[36m(vLLMHttpServer pid=3516349)[0m Capturing CUDA graphs (mixed prefill-decode, PIECEWISE):  99%|█████████▉| 101/102 [00:07<00:00, 12.76it/s]Capturing CUDA graphs (mixed prefill-decode, PIECEWISE): 100%|██████████| 102/102 [00:07<00:00, 13.93it/s]
[36m(vLLMHttpServer pid=3516349)[0m (Worker pid=3517250) Capturing CUDA graphs (decode, FULL):   0%|          | 0/70 [00:00<?, ?it/s]
[36m(vLLMHttpServer pid=3516349)[0m Capturing CUDA graphs (decode, FULL):   1%|▏         | 1/70 [00:00<00:10,  6.41it/s]
[36m(vLLMHttpServer pid=3516349)[0m Capturing CUDA graphs (decode, FULL):   4%|▍         | 3/70 [00:00<00:06, 11.09it/s]
[36m(vLLMHttpServer pid=3516349)[0m Capturing CUDA graphs (decode, FULL):   7%|▋         | 5/70 [00:00<00:05, 12.83it/s]
[36m(vLLMHttpServer pid=3516349)[0m Capturing CUDA graphs (decode, FULL):  10%|█         | 7/70 [00:00<00:04, 13.69it/s]
[36m(vLLMHttpServer pid=3516349)[0m Capturing CUDA graphs (decode, FULL):  13%|█▎        | 9/70 [00:00<00:04, 14.12it/s]
[36m(vLLMHttpServer pid=3516349)[0m Capturing CUDA graphs (decode, FULL):  16%|█▌        | 11/70 [00:00<00:04, 14.45it/s]
[36m(vLLMHttpServer pid=3516349)[0m Capturing CUDA graphs (decode, FULL):  19%|█▊        | 13/70 [00:00<00:03, 14.66it/s]
[36m(vLLMHttpServer pid=3516349)[0m Capturing CUDA graphs (decode, FULL):  21%|██▏       | 15/70 [00:01<00:03, 14.79it/s]
[36m(vLLMHttpServer pid=3516349)[0m Capturing CUDA graphs (decode, FULL):  24%|██▍       | 17/70 [00:01<00:03, 14.73it/s]
[36m(vLLMHttpServer pid=3516349)[0m Capturing CUDA graphs (decode, FULL):  27%|██▋       | 19/70 [00:01<00:03, 14.72it/s]
[36m(vLLMHttpServer pid=3516349)[0m Capturing CUDA graphs (decode, FULL):  30%|███       | 21/70 [00:01<00:03, 14.75it/s]
[36m(vLLMHttpServer pid=3516349)[0m Capturing CUDA graphs (decode, FULL):  33%|███▎      | 23/70 [00:01<00:03, 14.78it/s]
[36m(vLLMHttpServer pid=3516349)[0m Capturing CUDA graphs (decode, FULL):  36%|███▌      | 25/70 [00:01<00:03, 14.81it/s]
[36m(vLLMHttpServer pid=3516349)[0m Capturing CUDA graphs (decode, FULL):  39%|███▊      | 27/70 [00:01<00:02, 14.84it/s]
[36m(vLLMHttpServer pid=3516349)[0m Capturing CUDA graphs (decode, FULL):  41%|████▏     | 29/70 [00:02<00:02, 14.84it/s]
[36m(vLLMHttpServer pid=3516349)[0m Capturing CUDA graphs (decode, FULL):  44%|████▍     | 31/70 [00:02<00:02, 14.74it/s]
[36m(vLLMHttpServer pid=3516349)[0m Capturing CUDA graphs (decode, FULL):  47%|████▋     | 33/70 [00:02<00:02, 14.70it/s]
[36m(vLLMHttpServer pid=3516349)[0m Capturing CUDA graphs (decode, FULL):  50%|█████     | 35/70 [00:02<00:02, 14.69it/s]
[36m(vLLMHttpServer pid=3516349)[0m Capturing CUDA graphs (decode, FULL):  53%|█████▎    | 37/70 [00:02<00:02, 14.71it/s]
[36m(vLLMHttpServer pid=3516349)[0m Capturing CUDA graphs (decode, FULL):  56%|█████▌    | 39/70 [00:02<00:02, 14.69it/s]
[36m(vLLMHttpServer pid=3516349)[0m Capturing CUDA graphs (decode, FULL):  59%|█████▊    | 41/70 [00:02<00:01, 14.74it/s]
[36m(vLLMHttpServer pid=3516349)[0m Capturing CUDA graphs (decode, FULL):  61%|██████▏   | 43/70 [00:02<00:01, 14.81it/s]
[36m(vLLMHttpServer pid=3516349)[0m Capturing CUDA graphs (decode, FULL):  64%|██████▍   | 45/70 [00:03<00:01, 14.84it/s]
[36m(vLLMHttpServer pid=3516349)[0m Capturing CUDA graphs (decode, FULL):  67%|██████▋   | 47/70 [00:03<00:01, 14.87it/s]
[36m(vLLMHttpServer pid=3516349)[0m Capturing CUDA graphs (decode, FULL):  70%|███████   | 49/70 [00:03<00:01, 14.71it/s]
[36m(vLLMHttpServer pid=3516349)[0m Capturing CUDA graphs (decode, FULL):  73%|███████▎  | 51/70 [00:03<00:01, 14.76it/s]
[36m(vLLMHttpServer pid=3516349)[0m Capturing CUDA graphs (decode, FULL):  76%|███████▌  | 53/70 [00:03<00:01, 14.84it/s]
[36m(vLLMHttpServer pid=3516349)[0m Capturing CUDA graphs (decode, FULL):  79%|███████▊  | 55/70 [00:03<00:01, 14.91it/s]
[36m(vLLMHttpServer pid=3516349)[0m Capturing CUDA graphs (decode, FULL):  81%|████████▏ | 57/70 [00:03<00:00, 14.95it/s]
[36m(vLLMHttpServer pid=3516349)[0m Capturing CUDA graphs (decode, FULL):  84%|████████▍ | 59/70 [00:04<00:00, 14.95it/s]
[36m(vLLMHttpServer pid=3516349)[0m Capturing CUDA graphs (decode, FULL):  87%|████████▋ | 61/70 [00:04<00:00, 14.92it/s]
[36m(vLLMHttpServer pid=3516349)[0m Capturing CUDA graphs (decode, FULL):  90%|█████████ | 63/70 [00:04<00:00, 15.00it/s]
[36m(vLLMHttpServer pid=3516349)[0m Capturing CUDA graphs (decode, FULL):  93%|█████████▎| 65/70 [00:04<00:00, 15.00it/s]
[36m(vLLMHttpServer pid=3516349)[0m Capturing CUDA graphs (decode, FULL):  96%|█████████▌| 67/70 [00:04<00:00, 14.96it/s]
[36m(vLLMHttpServer pid=3516349)[0m Capturing CUDA graphs (decode, FULL):  99%|█████████▊| 69/70 [00:04<00:00, 14.91it/s]Capturing CUDA graphs (decode, FULL): 100%|██████████| 70/70 [00:04<00:00, 14.66it/s]
[36m(vLLMHttpServer pid=3516349)[0m (EngineCore pid=3517123) [transformers] The `use_fast` parameter is deprecated and will be removed in a future version. Use `backend="torchvision"` instead of `use_fast=True`, or `backend="pil"` instead of `use_fast=False`.
[36m(WorkerDict pid=3515879)[0m /home/yw4636/.conda/envs/verl/lib/python3.12/site-packages/verl/plugin/platform/platform_cuda.py:99: FutureWarning: torch.cuda._set_allocator_settings is deprecated. Use torch._C._accelerator_setAllocatorSettings instead.
[36m(WorkerDict pid=3515879)[0m   torch.cuda.memory._set_allocator_settings(settings)

[36m(vLLMHttpServer pid=3516349)[0m (Worker pid=3517250) WARNING 09-01 22:38:49 [model_manager.py:401] Regarding Qwen3VLForConditionalGeneration, no matching PunicaWrapper is found; visual.blocks.17.mlp.linear_fc1 will be ignored.
[36m(vLLMHttpServer pid=3516349)[0m (Worker pid=3517250) WARNING 09-01 22:38:49 [model_manager.py:401] Regarding Qwen3VLForConditionalGeneration, no matching PunicaWrapper is found; visual.blocks.17.mlp.linear_fc2 will be ignored.
[36m(vLLMHttpServer pid=3516349)[0m (Worker pid=3517250) WARNING 09-01 22:38:49 [model_manager.py:401] Regarding Qwen3VLForConditionalGeneration, no matching PunicaWrapper is found; visual.blocks.18.attn.qkv will be ignored.
[36m(vLLMHttpServer pid=3516349)[0m (Worker pid=3517250) WARNING 09-01 22:38:49 [model_manager.py:401] Regarding Qwen3VLForConditionalGeneration, no matching PunicaWrapper is found; visual.blocks.18.attn.proj will be ignored.
[36m(vLLMHttpServer pid=3516349)[0m (Worker pid=3517250) WARNING 09-01 22:38:49 [model_manager.py:401] Regarding Qwen3VLForConditionalGeneration, no matching PunicaWrapper is found; visual.blocks.18.mlp.linear_fc1 will be ignored.
[36m(vLLMHttpServer pid=3516349)[0m (Worker pid=3517250) WARNING 09-01 22:38:49 [model_manager.py:401] Regarding Qwen3VLForConditionalGeneration, no matching PunicaWrapper is found; visual.blocks.18.mlp.linear_fc2 will be ignored.
[36m(vLLMHttpServer pid=3516349)[0m (Worker pid=3517250) WARNING 09-01 22:38:49 [model_manager.py:401] Regarding Qwen3VLForConditionalGeneration, no matching PunicaWrapper is found; visual.blocks.19.attn.qkv will be ignored.
[36m(vLLMHttpServer pid=3516349)[0m (Worker pid=3517250) WARNING 09-01 22:38:49 [model_manager.py:401] Regarding Qwen3VLForConditionalGeneration, no matching PunicaWrapper is found; visual.blocks.19.attn.proj will be ignored.
[36m(vLLMHttpServer pid=3516349)[0m (Worker pid=3517250) WARNING 09-01 22:38:49 [model_manager.py:401] Regarding Qwen3VLForConditionalGeneration, no matching PunicaWrapper is found; visual.blocks.19.mlp.linear_fc1 will be ignored.
[36m(vLLMHttpServer pid=3516349)[0m (Worker pid=3517250) WARNING 09-01 22:38:49 [model_manager.py:401] Regarding Qwen3VLForConditionalGeneration, no matching PunicaWrapper is found; visual.blocks.19.mlp.linear_fc2 will be ignored.
[36m(vLLMHttpServer pid=3516349)[0m (Worker pid=3517250) WARNING 09-01 22:38:49 [model_manager.py:401] Regarding Qwen3VLForConditionalGeneration, no matching PunicaWrapper is found; visual.blocks.20.attn.qkv will be ignored.
[36m(vLLMHttpServer pid=3516349)[0m (Worker pid=3517250) WARNING 09-01 22:38:49 [model_manager.py:401] Regarding Qwen3VLForConditionalGeneration, no matching PunicaWrapper is found; visual.blocks.20.attn.proj will be ignored.
[36m(vLLMHttpServer pid=3516349)[0m (Worker pid=3517250) WARNING 09-01 22:38:49 [model_manager.py:401] Regarding Qwen3VLForConditionalGeneration, no matching PunicaWrapper is found; visual.blocks.20.mlp.linear_fc1 will be ignored.
[36m(vLLMHttpServer pid=3516349)[0m (Worker pid=3517250) WARNING 09-01 22:38:49 [model_manager.py:401] Regarding Qwen3VLForConditionalGeneration, no matching PunicaWrapper is found; visual.blocks.20.mlp.linear_fc2 will be ignored.
[36m(vLLMHttpServer pid=3516349)[0m (Worker pid=3517250) WARNING 09-01 22:38:49 [model_manager.py:401] Regarding Qwen3VLForConditionalGeneration, no matching PunicaWrapper is found; visual.blocks.21.attn.qkv will be ignored.
[36m(vLLMHttpServer pid=3516349)[0m (Worker pid=3517250) WARNING 09-01 22:38:49 [model_manager.py:401] Regarding Qwen3VLForConditionalGeneration, no matching PunicaWrapper is found; visual.blocks.21.attn.proj will be ignored.
[36m(vLLMHttpServer pid=3516349)[0m (Worker pid=3517250) WARNING 09-01 22:38:49 [model_manager.py:401] Regarding Qwen3VLForConditionalGeneration, no matching PunicaWrapper is found; visual.blocks.21.mlp.linear_fc1 will be ignored.
[36m(vLLMHttpServer pid=3516349)[0m (Worker pid=3517250) WARNING 09-01 22:38:49 [model_manager.py:401] Regarding Qwen3VLForConditionalGeneration, no matching PunicaWrapper is found; visual.blocks.21.mlp.linear_fc2 will be ignored.
[36m(vLLMHttpServer pid=3516349)[0m (Worker pid=3517250) WARNING 09-01 22:38:49 [model_manager.py:401] Regarding Qwen3VLForConditionalGeneration, no matching PunicaWrapper is found; visual.blocks.22.attn.qkv will be ignored.
[36m(vLLMHttpServer pid=3516349)[0m (Worker pid=3517250) WARNING 09-01 22:38:49 [model_manager.py:401] Regarding Qwen3VLForConditionalGeneration, no matching PunicaWrapper is found; visual.blocks.22.attn.proj will be ignored.
[36m(vLLMHttpServer pid=3516349)[0m (Worker pid=3517250) WARNING 09-01 22:38:49 [model_manager.py:401] Regarding Qwen3VLForConditionalGeneration, no matching PunicaWrapper is found; visual.blocks.22.mlp.linear_fc1 will be ignored.
[36m(vLLMHttpServer pid=3516349)[0m (Worker pid=3517250) WARNING 09-01 22:38:49 [model_manager.py:401] Regarding Qwen3VLForConditionalGeneration, no matching PunicaWrapper is found; visual.blocks.22.mlp.linear_fc2 will be ignored.
[36m(vLLMHttpServer pid=3516349)[0m (Worker pid=3517250) WARNING 09-01 22:38:49 [model_manager.py:401] Regarding Qwen3VLForConditionalGeneration, no matching PunicaWrapper is found; visual.blocks.23.attn.qkv will be ignored.
[36m(vLLMHttpServer pid=3516349)[0m (Worker pid=3517250) WARNING 09-01 22:38:49 [model_manager.py:401] Regarding Qwen3VLForConditionalGeneration, no matching PunicaWrapper is found; visual.blocks.23.attn.proj will be ignored.
[36m(vLLMHttpServer pid=3516349)[0m (Worker pid=3517250) WARNING 09-01 22:38:49 [model_manager.py:401] Regarding Qwen3VLForConditionalGeneration, no matching PunicaWrapper is found; visual.blocks.23.mlp.linear_fc1 will be ignored.
[36m(vLLMHttpServer pid=3516349)[0m (Worker pid=3517250) WARNING 09-01 22:38:49 [model_manager.py:401] Regarding Qwen3VLForConditionalGeneration, no matching PunicaWrapper is found; visual.blocks.23.mlp.linear_fc2 will be ignored.
[36m(vLLMHttpServer pid=3516349)[0m (Worker pid=3517250) WARNING 09-01 22:39:09 [utils.py:279] Using default LoRA kernel configs
[36m(vLLMHttpServer pid=3516349)[0m WARNING 09-01 22:39:30 [api_router.py:30] LoRA dynamic loading & unloading is enabled in the API server. This should ONLY be used for local development!
[36m(vLLMHttpServer pid=3516349)[0m WARNING 09-01 22:39:30 [model.py:1477] Default vLLM sampling parameters have been overridden by the model's `generation_config.json`: `{'repetition_penalty': 1.0, 'temperature': 1.0, 'top_k': -1, 'top_p': 1, 'max_tokens': 16384}`. If this is not intended, please relaunch vLLM instance with `--generation-config vllm`.
[36m(TaskRunner pid=3515518)[0m LLMServerManager: ['10.110.2.5:34519']
[36m(TaskRunner pid=3515518)[0m Saving tensorboard log to /home/yw4636/agentic-tvg/results/grpo-v2/tb.
[36m(TaskRunner pid=3515518)[0m Checkpoint tracker file does not exist: /home/yw4636/agentic-tvg/results/grpo-v2/ckpt/latest_checkpointed_iteration.txt
[36m(TaskRunner pid=3515518)[0m Training from scratch
[36m(AgentLoopWorker pid=3518508)[0m Using dataset class: RLHFDataset
[36m(AgentLoopWorker pid=3518506)[0m {
[36m(AgentLoopWorker pid=3518506)[0m   "type": "function",
[36m(AgentLoopWorker pid=3518506)[0m   "function": {
[36m(AgentLoopWorker pid=3518506)[0m     "name": "crop_video",
[36m(AgentLoopWorker pid=3518506)[0m     "description": "Inspect a time interval of the current video closely: returns 30 higher-resolution frames sampled evenly from [start_time, end_time], each labeled with its timestamp in seconds.",
[36m(AgentLoopWorker pid=3518506)[0m     "parameters": {
[36m(AgentLoopWorker pid=3518506)[0m       "type": "object",
[36m(AgentLoopWorker pid=3518506)[0m       "properties": {
[36m(AgentLoopWorker pid=3518506)[0m         "start_time": {
[36m(AgentLoopWorker pid=3518506)[0m           "type": "number",
[36m(AgentLoopWorker pid=3518506)[0m           "description": "Interval start in seconds, >= 0."
[36m(AgentLoopWorker pid=3518506)[0m         },
[36m(AgentLoopWorker pid=3518506)[0m         "end_time": {
[36m(AgentLoopWorker pid=3518506)[0m           "type": "number",
[36m(AgentLoopWorker pid=3518506)[0m           "description": "Interval end in seconds, > start_time, <= video duration."[36m(WorkerDict pid=3515879)[0m /home/yw4636/.conda/envs/verl/lib/python3.12/site-packages/verl/plugin/platform/platform_cuda.py:99: FutureWarning: torch.cuda._set_allocator_settings is deprecated. Use torch._C._accelerator_setAllocatorSettings instead.
[36m(WorkerDict pid=3515879)[0m   torch.cuda.memory._set_allocator_settings(settings)
[36m(AgentLoopWorker pid=3518514)[0m qwen-vl-utils using torchcodec to read video.

[36m(AgentLoopWorker pid=3518506)[0m         }
[36m(AgentLoopWorker pid=3518506)[0m       },
[36m(AgentLoopWorker pid=3518506)[0m       "required": [
[36m(AgentLoopWorker pid=3518506)[0m         "start_time",
[36m(AgentLoopWorker pid=3518506)[0m         "end_time"
[36m(AgentLoopWorker pid=3518506)[0m       ]
[36m(AgentLoopWorker pid=3518506)[0m     }
[36m(AgentLoopWorker pid=3518506)[0m   }
[36m(AgentLoopWorker pid=3518506)[0m }
[36m(TaskRunner pid=3515518)[0m test_gen_batch meta info: {'eos_token_id': 151645, 'pad_token_id': 151643, 'recompute_log_prob': False, 'do_sample': False, 'validate': True, 'global_steps': 0}
[36m(vLLMHttpServer pid=3516349)[0m WARNING 09-01 22:39:54 [input_processor.py:157] vLLM has deprecated support for supporting different tokenizers for different LoRAs. By default, vLLM uses base model's tokenizer. If you are using a LoRA with its own tokenizer, consider specifying `--tokenizer [lora_path]` to use the LoRA tokenizer.
[36m(vLLMHttpServer pid=3516349)[0m WARNING 09-01 22:39:54 [input_processor.py:282] Passing raw prompts to InputProcessor is deprecated and will be removed in v0.18. You should instead pass the outputs of Renderer.render_cmpl() or Renderer.render_chat().
[36m(AgentLoopWorker pid=3518510)[0m Using dataset class: RLHFDataset[32m [repeated 7x across cluster] (Ray deduplicates logs by default. Set RAY_DEDUP_LOGS=0 to disable log deduplication, or see https://docs.ray.io/en/master/ray-observability/user-guides/configure-logging.html#log-deduplication for more options.)[0m
[36m(AgentLoopWorker pid=3518510)[0m {[32m [repeated 7x across cluster][0m
[36m(AgentLoopWorker pid=3518510)[0m   "type": "function",[32m [repeated 7x across cluster][0m
[36m(AgentLoopWorker pid=3518510)[0m   "function": {[32m [repeated 7x across cluster][0m
[36m(AgentLoopWorker pid=3518510)[0m     "name": "crop_video",[32m [repeated 7x across cluster][0m
[36m(AgentLoopWorker pid=3518510)[0m     "description": "Inspect a time interval of the current video closely: returns 30 higher-resolution frames sampled evenly from [start_time, end_time], each labeled with its timestamp in seconds.",[32m [repeated 7x across cluster][0m
[36m(AgentLoopWorker pid=3518510)[0m     "parameters": {[32m [repeated 7x across cluster][0m
[36m(AgentLoopWorker pid=3518510)[0m       "type": "object",[32m [repeated 7x across cluster][0m
[36m(AgentLoopWorker pid=3518510)[0m       "properties": {[32m [repeated 7x across cluster][0m
[36m(AgentLoopWorker pid=3518510)[0m         "start_time": {[32m [repeated 7x across cluster][0m
[36m(AgentLoopWorker pid=3518510)[0m           "type": "number",[32m [repeated 14x across cluster][0m
[36m(AgentLoopWorker pid=3518510)[0m           "description": "Interval start in seconds, >= 0."[32m [repeated 7x across cluster][0m
[36m(AgentLoopWorker pid=3518510)[0m       },[32m [repeated 14x across cluster][0m
[36m(AgentLoopWorker pid=3518510)[0m         "end_time": {[32m [repeated 7x across cluster][0m
[36m(AgentLoopWorker pid=3518510)[0m           "description": "Interval end in seconds, > start_time, <= video duration."[32m [repeated 7x across cluster][0m
[36m(AgentLoopWorker pid=3518510)[0m }[32m [repeated 28x across cluster][0m
[36m(AgentLoopWorker pid=3518510)[0m       "required": [[32m [repeated 7x across cluster][0m
[36m(AgentLoopWorker pid=3518510)[0m         "start_time",[32m [repeated 7x across cluster][0m
[36m(AgentLoopWorker pid=3518510)[0m         "end_time"[32m [repeated 7x across cluster][0m
[36m(AgentLoopWorker pid=3518510)[0m       ][32m [repeated 7x across cluster][0m
[36m(vLLMHttpServer pid=3516349)[0m (Worker pid=3517250) WARNING 09-01 22:39:54 [jit_monitor.py:106] Triton kernel JIT compilation during inference: _compute_slot_mapping_kernel. This causes a latency spike; consider extending warmup to cover this shape/config.
[36m(vLLMHttpServer pid=3516349)[0m (Worker pid=3517250) WARNING 09-01 22:39:54 [jit_monitor.py:106] Triton kernel JIT compilation during inference: _bilinear_pos_embed_kernel. This causes a latency spike; consider extending warmup to cover this shape/config.
[36m(vLLMHttpServer pid=3516349)[0m (Worker pid=3517250) WARNING 09-01 22:39:54 [jit_monitor.py:106] Triton kernel JIT compilation during inference: rotary_kernel. This causes a latency spike; consider extending warmup to cover this shape/config.
[36m(vLLMHttpServer pid=3516349)[0m (Worker pid=3517250) WARNING 09-01 22:39:55 [jit_monitor.py:106] Triton kernel JIT compilation during inference: _lora_expand_kernel. This causes a latency spike; consider extending warmup to cover this shape/config.
[36m(TaskRunner pid=3515518)[0m validation generation end
[36m(TaskRunner pid=3515518)[0m test_gen_batch meta info: {'eos_token_id': 151645, 'pad_token_id': 151643, 'recompute_log_prob': False, 'do_sample': False, 'validate': True, 'global_steps': 0}
[36m(TaskRunner pid=3515518)[0m validation generation end
[36m(TaskRunner pid=3515518)[0m test_gen_batch meta info: {'eos_token_id': 151645, 'pad_token_id': 151643, 'recompute_log_prob': False, 'do_sample': False, 'validate': True, 'global_steps': 0}
[36m(TaskRunner pid=3515518)[0m validation generation end
[36m(TaskRunner pid=3515518)[0m test_gen_batch meta info: {'eos_token_id': 151645, 'pad_token_id': 151643, 'recompute_log_prob': False, 'do_sample': False, 'validate': True, 'global_steps': 0}
[36m(TaskRunner pid=3515518)[0m validation generation end
[36m(TaskRunner pid=3515518)[0m test_gen_batch meta info: {'eos_token_id': 151645, 'pad_token_id': 151643, 'recompute_log_prob': False, 'do_sample': False, 'validate': True, 'global_steps': 0}
[36m(TaskRunner pid=3515518)[0m validation generation end
[36m(TaskRunner pid=3515518)[0m test_gen_batch meta info: {'eos_token_id': 151645, 'pad_token_id': 151643, 'recompute_log_prob': False, 'do_sample': False, 'validate': True, 'global_steps': 0}
[36m(TaskRunner pid=3515518)[0m validation generation end
[36m(TaskRunner pid=3515518)[0m test_gen_batch meta info: {'eos_token_id': 151645, 'pad_token_id': 151643, 'recompute_log_prob': False, 'do_sample': False, 'validate': True, 'global_steps': 0}
[36m(TaskRunner pid=3515518)[0m validation generation end
[36m(TaskRunner pid=3515518)[0m test_gen_batch meta info: {'eos_token_id': 151645, 'pad_token_id': 151643, 'recompute_log_prob': False, 'do_sample': False, 'validate': True, 'global_steps': 0}
[36m(TaskRunner pid=3515518)[0m validation generation end
[36m(TaskRunner pid=3515518)[0m test_gen_batch meta info: {'eos_token_id': 151645, 'pad_token_id': 151643, 'recompute_log_prob': False, 'do_sample': False, 'validate': True, 'global_steps': 0}
[36m(TaskRunner pid=3515518)[0m validation generation end
[36m(TaskRunner pid=3515518)[0m test_gen_batch meta info: {'eos_token_id': 151645, 'pad_token_id': 151643, 'recompute_log_prob': False, 'do_sample': False, 'validate': True, 'global_steps': 0}
[36m(TaskRunner pid=3515518)[0m validation generation end
[36m(TaskRunner pid=3515518)[0m test_gen_batch meta info: {'eos_token_id': 151645, 'pad_token_id': 151643, 'recompute_log_prob': False, 'do_sample': False, 'validate': True, 'global_steps': 0}
[36m(TaskRunner pid=3515518)[0m validation generation end
[36m(TaskRunner pid=3515518)[0m test_gen_batch meta info: {'eos_token_id': 151645, 'pad_token_id': 151643, 'recompute_log_prob': False, 'do_sample': False, 'validate': True, 'global_steps': 0}
[36m(TaskRunner pid=3515518)[0m validation generation end
[36m(TaskRunner pid=3515518)[0m test_gen_batch meta info: {'eos_token_id': 151645, 'pad_token_id': 151643, 'recompute_log_prob': False, 'do_sample': False, 'validate': True, 'global_steps': 0}
[36m(TaskRunner pid=3515518)[0m validation generation end
[36m(TaskRunner pid=3515518)[0m test_gen_batch meta info: {'eos_token_id': 151645, 'pad_token_id': 151643, 'recompute_log_prob': False, 'do_sample': False, 'validate': True, 'global_steps': 0}
[36m(TaskRunner pid=3515518)[0m validation generation end
[36m(TaskRunner pid=3515518)[0m test_gen_batch meta info: {'eos_token_id': 151645, 'pad_token_id': 151643, 'recompute_log_prob': False, 'do_sample': False, 'validate': True, 'global_steps': 0}
[36m(TaskRunner pid=3515518)[0m validation generation end
[36m(TaskRunner pid=3515518)[0m test_gen_batch meta info: {'eos_token_id': 151645, 'pad_token_id': 151643, 'recompute_log_prob': False, 'do_sample': False, 'validate': True, 'global_steps': 0}
[36m(TaskRunner pid=3515518)[0m validation generation end
[36m(TaskRunner pid=3515518)[0m test_gen_batch meta info: {'eos_token_id': 151645, 'pad_token_id': 151643, 'recompute_log_prob': False, 'do_sample': False, 'validate': True, 'global_steps': 0}
[36m(TaskRunner pid=3515518)[0m validation generation end
[36m(TaskRunner pid=3515518)[0m test_gen_batch meta info: {'eos_token_id': 151645, 'pad_token_id': 151643, 'recompute_log_prob': False, 'do_sample': False, 'validate': True, 'global_steps': 0}
[36m(TaskRunner pid=3515518)[0m validation generation end
[36m(TaskRunner pid=3515518)[0m test_gen_batch meta info: {'eos_token_id': 151645, 'pad_token_id': 151643, 'recompute_log_prob': False, 'do_sample': False, 'validate': True, 'global_steps': 0}
[36m(TaskRunner pid=3515518)[0m validation generation end
[36m(TaskRunner pid=3515518)[0m test_gen_batch meta info: {'eos_token_id': 151645, 'pad_token_id': 151643, 'recompute_log_prob': False, 'do_sample': False, 'validate': True, 'global_steps': 0}
[36m(TaskRunner pid=3515518)[0m validation generation end
[36m(TaskRunner pid=3515518)[0m test_gen_batch meta info: {'eos_token_id': 151645, 'pad_token_id': 151643, 'recompute_log_prob': False, 'do_sample': False, 'validate': True, 'global_steps': 0}
[36m(TaskRunner pid=3515518)[0m validation generation end
[36m(TaskRunner pid=3515518)[0m test_gen_batch meta info: {'eos_token_id': 151645, 'pad_token_id': 151643, 'recompute_log_prob': False, 'do_sample': False, 'validate': True, 'global_steps': 0}
[36m(TaskRunner pid=3515518)[0m validation generation end
[36m(TaskRunner pid=3515518)[0m test_gen_batch meta info: {'eos_token_id': 151645, 'pad_token_id': 151643, 'recompute_log_prob': False, 'do_sample': False, 'validate': True, 'global_steps': 0}
[36m(TaskRunner pid=3515518)[0m validation generation end
[36m(TaskRunner pid=3515518)[0m test_gen_batch meta info: {'eos_token_id': 151645, 'pad_token_id': 151643, 'recompute_log_prob': False, 'do_sample': False, 'validate': True, 'global_steps': 0}
[36m(TaskRunner pid=3515518)[0m validation generation end
[36m(TaskRunner pid=3515518)[0m test_gen_batch meta info: {'eos_token_id': 151645, 'pad_token_id': 151643, 'recompute_log_prob': False, 'do_sample': False, 'validate': True, 'global_steps': 0}
[36m(TaskRunner pid=3515518)[0m validation generation end
[36m(TaskRunner pid=3515518)[0m test_gen_batch meta info: {'eos_token_id': 151645, 'pad_token_id': 151643, 'recompute_log_prob': False, 'do_sample': False, 'validate': True, 'global_steps': 0}
[36m(TaskRunner pid=3515518)[0m validation generation end
[36m(TaskRunner pid=3515518)[0m test_gen_batch meta info: {'eos_token_id': 151645, 'pad_token_id': 151643, 'recompute_log_prob': False, 'do_sample': False, 'validate': True, 'global_steps': 0}
[36m(TaskRunner pid=3515518)[0m validation generation end
[36m(TaskRunner pid=3515518)[0m test_gen_batch meta info: {'eos_token_id': 151645, 'pad_token_id': 151643, 'recompute_log_prob': False, 'do_sample': False, 'validate': True, 'global_steps': 0}
[36m(TaskRunner pid=3515518)[0m validation generation end
[36m(TaskRunner pid=3515518)[0m test_gen_batch meta info: {'eos_token_id': 151645, 'pad_token_id': 151643, 'recompute_log_prob': False, 'do_sample': False, 'validate': True, 'global_steps': 0}
[36m(TaskRunner pid=3515518)[0m validation generation end
[36m(TaskRunner pid=3515518)[0m test_gen_batch meta info: {'eos_token_id': 151645, 'pad_token_id': 151643, 'recompute_log_prob': False, 'do_sample': False, 'validate': True, 'global_steps': 0}
[36m(TaskRunner pid=3515518)[0m validation generation end
[36m(TaskRunner pid=3515518)[0m test_gen_batch meta info: {'eos_token_id': 151645, 'pad_token_id': 151643, 'recompute_log_prob': False, 'do_sample': False, 'validate': True, 'global_steps': 0}
[36m(TaskRunner pid=3515518)[0m validation generation end
[36m(TaskRunner pid=3515518)[0m test_gen_batch meta info: {'eos_token_id': 151645, 'pad_token_id': 151643, 'recompute_log_prob': False, 'do_sample': False, 'validate': True, 'global_steps': 0}
[36m(TaskRunner pid=3515518)[0m validation generation end
[36m(TaskRunner pid=3515518)[0m test_gen_batch meta info: {'eos_token_id': 151645, 'pad_token_id': 151643, 'recompute_log_prob': False, 'do_sample': False, 'validate': True, 'global_steps': 0}
[36m(TaskRunner pid=3515518)[0m validation generation end
[36m(TaskRunner pid=3515518)[0m test_gen_batch meta info: {'eos_token_id': 151645, 'pad_token_id': 151643, 'recompute_log_prob': False, 'do_sample': False, 'validate': True, 'global_steps': 0}
[36m(TaskRunner pid=3515518)[0m validation generation end
[36m(TaskRunner pid=3515518)[0m test_gen_batch meta info: {'eos_token_id': 151645, 'pad_token_id': 151643, 'recompute_log_prob': False, 'do_sample': False, 'validate': True, 'global_steps': 0}
[36m(TaskRunner pid=3515518)[0m validation generation end
[36m(TaskRunner pid=3515518)[0m test_gen_batch meta info: {'eos_token_id': 151645, 'pad_token_id': 151643, 'recompute_log_prob': False, 'do_sample': False, 'validate': True, 'global_steps': 0}
[36m(TaskRunner pid=3515518)[0m validation generation end
[36m(TaskRunner pid=3515518)[0m test_gen_batch meta info: {'eos_token_id': 151645, 'pad_token_id': 151643, 'recompute_log_prob': False, 'do_sample': False, 'validate': True, 'global_steps': 0}
[36m(TaskRunner pid=3515518)[0m validation generation end
[36m(TaskRunner pid=3515518)[0m test_gen_batch meta info: {'eos_token_id': 151645, 'pad_token_id': 151643, 'recompute_log_prob': False, 'do_sample': False, 'validate': True, 'global_steps': 0}
[36m(TaskRunner pid=3515518)[0m validation generation end
[36m(TaskRunner pid=3515518)[0m test_gen_batch meta info: {'eos_token_id': 151645, 'pad_token_id': 151643, 'recompute_log_prob': False, 'do_sample': False, 'validate': True, 'global_steps': 0}
[36m(TaskRunner pid=3515518)[0m validation generation end
[36m(TaskRunner pid=3515518)[0m test_gen_batch meta info: {'eos_token_id': 151645, 'pad_token_id': 151643, 'recompute_log_prob': False, 'do_sample': False, 'validate': True, 'global_steps': 0}
[36m(TaskRunner pid=3515518)[0m validation generation end
[36m(TaskRunner pid=3515518)[0m test_gen_batch meta info: {'eos_token_id': 151645, 'pad_token_id': 151643, 'recompute_log_prob': False, 'do_sample': False, 'validate': True, 'global_steps': 0}
[36m(TaskRunner pid=3515518)[0m validation generation end
[36m(TaskRunner pid=3515518)[0m test_gen_batch meta info: {'eos_token_id': 151645, 'pad_token_id': 151643, 'recompute_log_prob': False, 'do_sample': False, 'validate': True, 'global_steps': 0}
[36m(TaskRunner pid=3515518)[0m validation generation end
[36m(TaskRunner pid=3515518)[0m test_gen_batch meta info: {'eos_token_id': 151645, 'pad_token_id': 151643, 'recompute_log_prob': False, 'do_sample': False, 'validate': True, 'global_steps': 0}
[36m(TaskRunner pid=3515518)[0m validation generation end
[36m(TaskRunner pid=3515518)[0m test_gen_batch meta info: {'eos_token_id': 151645, 'pad_token_id': 151643, 'recompute_log_prob': False, 'do_sample': False, 'validate': True, 'global_steps': 0}
[36m(TaskRunner pid=3515518)[0m validation generation end
[36m(TaskRunner pid=3515518)[0m test_gen_batch meta info: {'eos_token_id': 151645, 'pad_token_id': 151643, 'recompute_log_prob': False, 'do_sample': False, 'validate': True, 'global_steps': 0}
[36m(TaskRunner pid=3515518)[0m validation generation end
[36m(TaskRunner pid=3515518)[0m test_gen_batch meta info: {'eos_token_id': 151645, 'pad_token_id': 151643, 'recompute_log_prob': False, 'do_sample': False, 'validate': True, 'global_steps': 0}
[36m(TaskRunner pid=3515518)[0m validation generation end
[36m(TaskRunner pid=3515518)[0m test_gen_batch meta info: {'eos_token_id': 151645, 'pad_token_id': 151643, 'recompute_log_prob': False, 'do_sample': False, 'validate': True, 'global_steps': 0}
[36m(TaskRunner pid=3515518)[0m validation generation end[36m(TaskRunner pid=3515518)[0m Training Progress:   0%|          | 0/133 [00:00<?, ?it/s]
[36m(AgentLoopWorker pid=3518508)[0m qwen-vl-utils using torchcodec to read video.[32m [repeated 7x across cluster][0m
[36m(TaskRunner pid=3515518)[0m W0901 23:16:45.093000 3515518 site-packages/torch/fx/_symbolic_trace.py:53] is_fx_tracing will return true for both fx.symbolic_trace and torch.export. Please use is_fx_tracing_symbolic_tracing() for specifically fx.symbolic_trace or torch.compiler.is_compiling() for specifically torch.export/compile.
[36m(WorkerDict pid=3515879)[0m [rank0]:W0901 23:17:25.541000 3515879 site-packages/torch/fx/_symbolic_trace.py:53] is_fx_tracing will return true for both fx.symbolic_trace and torch.export. Please use is_fx_tracing_symbolic_tracing() for specifically fx.symbolic_trace or torch.compiler.is_compiling() for specifically torch.export/compile.
[36m(WorkerDict pid=3515879)[0m /home/yw4636/.conda/envs/verl/lib/python3.12/site-packages/verl/plugin/platform/platform_cuda.py:99: FutureWarning: torch.cuda._set_allocator_settings is deprecated. Use torch._C._accelerator_setAllocatorSettings instead.
[36m(WorkerDict pid=3515879)[0m   torch.cuda.memory._set_allocator_settings(settings)

[36m(TaskRunner pid=3515518)[0m test_gen_batch meta info: {'eos_token_id': 151645, 'pad_token_id': 151643, 'recompute_log_prob': False, 'do_sample': False, 'validate': True, 'global_steps': 0}
[36m(TaskRunner pid=3515518)[0m validation generation end
[36m(TaskRunner pid=3515518)[0m test_gen_batch meta info: {'eos_token_id': 151645, 'pad_token_id': 151643, 'recompute_log_prob': False, 'do_sample': False, 'validate': True, 'global_steps': 0}
[36m(TaskRunner pid=3515518)[0m validation generation end
[36m(TaskRunner pid=3515518)[0m test_gen_batch meta info: {'eos_token_id': 151645, 'pad_token_id': 151643, 'recompute_log_prob': False, 'do_sample': False, 'validate': True, 'global_steps': 0}
[36m(TaskRunner pid=3515518)[0m validation generation end
[36m(TaskRunner pid=3515518)[0m test_gen_batch meta info: {'eos_token_id': 151645, 'pad_token_id': 151643, 'recompute_log_prob': False, 'do_sample': False, 'validate': True, 'global_steps': 0}
[36m(TaskRunner pid=3515518)[0m validation generation end
[36m(TaskRunner pid=3515518)[0m test_gen_batch meta info: {'eos_token_id': 151645, 'pad_token_id': 151643, 'recompute_log_prob': False, 'do_sample': False, 'validate': True, 'global_steps': 0}
[36m(TaskRunner pid=3515518)[0m validation generation end
[36m(TaskRunner pid=3515518)[0m test_gen_batch meta info: {'eos_token_id': 151645, 'pad_token_id': 151643, 'recompute_log_prob': False, 'do_sample': False, 'validate': True, 'global_steps': 0}
[36m(TaskRunner pid=3515518)[0m validation generation end
[36m(TaskRunner pid=3515518)[0m test_gen_batch meta info: {'eos_token_id': 151645, 'pad_token_id': 151643, 'recompute_log_prob': False, 'do_sample': False, 'validate': True, 'global_steps': 0}
[36m(TaskRunner pid=3515518)[0m validation generation end
[36m(TaskRunner pid=3515518)[0m test_gen_batch meta info: {'eos_token_id': 151645, 'pad_token_id': 151643, 'recompute_log_prob': False, 'do_sample': False, 'validate': True, 'global_steps': 0}
[36m(TaskRunner pid=3515518)[0m validation generation end
[36m(TaskRunner pid=3515518)[0m test_gen_batch meta info: {'eos_token_id': 151645, 'pad_token_id': 151643, 'recompute_log_prob': False, 'do_sample': False, 'validate': True, 'global_steps': 0}
[36m(TaskRunner pid=3515518)[0m validation generation end
[36m(TaskRunner pid=3515518)[0m test_gen_batch meta info: {'eos_token_id': 151645, 'pad_token_id': 151643, 'recompute_log_prob': False, 'do_sample': False, 'validate': True, 'global_steps': 0}
[36m(TaskRunner pid=3515518)[0m validation generation end
[36m(TaskRunner pid=3515518)[0m ("Initial validation metrics: {'val-aux/longvt_longvt-val/reward/mean@1': "
[36m(TaskRunner pid=3515518)[0m  "np.float64(1.1488618505628485), 'val-aux/longvt_longvt-val/score/mean@1': "
[36m(TaskRunner pid=3515518)[0m  "np.float64(1.1488618507050643), 'val-core/longvt_longvt-val/acc/mean@1': "
[36m(TaskRunner pid=3515518)[0m  'np.float64(0.5087719298245614), '
[36m(TaskRunner pid=3515518)[0m  "'val-aux/longvt_longvt-val/format_score/mean@1': "
[36m(TaskRunner pid=3515518)[0m  'np.float64(0.4824561403508772), '
[36m(TaskRunner pid=3515518)[0m  "'val-aux/longvt_longvt-val/evidence_iou/mean@1': "
[36m(TaskRunner pid=3515518)[0m  'np.float64(0.15763378052962576), '
[36m(TaskRunner pid=3515518)[0m  "'val-aux/longvt_longvt-val/answered/mean@1': np.float64(0.9649122807017544), "
[36m(TaskRunner pid=3515518)[0m  "'val-aux/longvt_longvt-val/num_tool_calls/mean@1': "
[36m(TaskRunner pid=3515518)[0m  'np.float64(0.9824561403508771), '
[36m(TaskRunner pid=3515518)[0m  "'val-aux/longvt_longvt-val/judge_used/mean@1': "
[36m(TaskRunner pid=3515518)[0m  "np.float64(0.9649122807017544), 'val-aux/num_turns/min': np.int32(2), "
[36m(TaskRunner pid=3515518)[0m  "'val-aux/num_turns/max': np.int32(4), 'val-aux/num_turns/mean': "
[36m(TaskRunner pid=3515518)[0m  'np.float64(3.9649122807017543)}')
[36m(TaskRunner pid=3515518)[0m step:0 - val-aux/longvt_longvt-val/reward/mean@1:np.float64(1.1488618505628485) - val-aux/longvt_longvt-val/score/mean@1:np.float64(1.1488618507050643) - val-core/longvt_longvt-val/acc/mean@1:np.float64(0.5087719298245614) - val-aux/longvt_longvt-val/format_score/mean@1:np.float64(0.4824561403508772) - val-aux/longvt_longvt-val/evidence_iou/mean@1:np.float64(0.15763378052962576) - val-aux/longvt_longvt-val/answered/mean@1:np.float64(0.9649122807017544) - val-aux/longvt_longvt-val/num_tool_calls/mean@1:np.float64(0.9824561403508771) - val-aux/longvt_longvt-val/judge_used/mean@1:np.float64(0.9649122807017544) - val-aux/num_turns/min:np.int32(2) - val-aux/num_turns/max:np.int32(4) - val-aux/num_turns/mean:np.float64(3.9649122807017543)
[36m(TaskRunner pid=3515518)[0m Dumped generations to /home/yw4636/agentic-tvg/results/grpo-v2/val_rollouts/0.jsonl
[36m(TaskRunner pid=3515518)[0m Dumped generations to /home/yw4636/agentic-tvg/results/grpo-v2/rollouts/1.jsonl
[36m(TaskRunner pid=3515518)[0m step:1 - global_seqlen/min:926381 - global_seqlen/max:926381 - global_seqlen/minmax_diff:0 - global_seqlen/balanced_min:926381 - global_seqlen/balanced_max:926381 - global_seqlen/mean:926381.0 - actor/entropy:1.1133043766021729 - perf/mfu/actor_infer:0.2956883020097452 - training/rollout_probs_diff_valid:1 - training/rollout_probs_diff_max:0.30088135600090027 - training/rollout_probs_diff_mean:0.008818800561130047 - training/rollout_probs_diff_std:0.013377530500292778 - training/rollout_actor_probs_pearson_corr:0.9990849494934082 - rollout_corr/training_ppl:3.0402371883392334 - rollout_corr/training_log_ppl:1.0876336097717285 - rollout_corr/kl:0.0023889653384685516 - rollout_corr/k3_kl:0.0023992564529180527 - rollout_corr/rollout_ppl:3.033073902130127 - rollout_corr/rollout_log_ppl:1.0852553844451904 - rollout_corr/log_ppl_diff:0.002378331031650305 - rollout_corr/log_ppl_abs_diff:0.0031672068871557713 - rollout_corr/log_ppl_diff_max:0.010970115661621094 - rollout_corr/log_ppl_diff_min:-0.0055811405181884766 - rollout_corr/ppl_ratio:1.0023860931396484 - rollout_corr/chi2_token:0.004903554916381836 - rollout_corr/chi2_seq:1.6159892082214355 - actor/pg_clipfrac:np.float64(0.0) - actor/ppo_kl:np.float64(0.0) - actor/pg_clipfrac_lower:np.float64(0.0) - actor/pg_loss:np.float64(0.022380043508746894) - actor/kl_loss:np.float64(0.0) - actor/kl_coef:np.float64(0.0010000000000000002) - actor/loss:np.float64(0.022380037233233452) - actor/grad_norm:np.float64(0.05382270738482475) - actor/lr:np.float64(1e-05) - actor/perf/max_memory_allocated_gb:np.float64(38.797362327575684) - actor/perf/max_memory_reserved_gb:np.float64(41.849609375) - actor/perf/cpu_memory_used_gb:np.float64(98.70663070678711) - perf/mfu/actor:np.float64(0.3332768060738977) - training/global_step:1 - training/epoch:0 - critic/score/mean:1.1939882040023804 - critic/score/max:2.2909605503082275 - critic/score/min:0.5 - critic/rewards/mean:1.1939882040023804 - critic/rewards/max:2.2909605503082275 - critic/rewards/min:0.5 - critic/advantages/mean:-0.022380048409104347 - critic/advantages/max:2.703693389892578 - critic/advantages/min:-2.725558042526245 - critic/returns/mean:-0.022380048409104347 - critic/returns/max:2.703693389892578 - critic/returns/min:-2.725558042526245 - response_length/mean:3243.1015625 - response_length/max:3682.0 - response_length/min:2958.0 - response_length/clip_ratio:0.0 - response_length_non_aborted/mean:3243.1015625 - response_length_non_aborted/max:3682.0 - response_length_non_aborted/min:2958.0 - response_length_non_aborted/clip_ratio:0.0 - response/aborted_ratio:0.0 - prompt_length/mean:3994.25 - prompt_length/max:4145.0 - prompt_length/min:3940.0 - prompt_length/clip_ratio:0.0 - num_turns/min:np.int32(4) - num_turns/max:np.int32(4) - num_turns/mean:np.float64(4.0) - timing_s/start_profile:0.0002188009675592184 - timing_s/agent_loop/num_preempted/min:np.int64(-1) - timing_s/agent_loop/num_preempted/max:np.int64(-1) - timing_s/agent_loop/num_preempted/mean:np.float64(-1.0) - timing_s/agent_loop/generate_sequences/min:np.float64(65.54794100404251) - timing_s/agent_loop/generate_sequences/max:np.float64(118.16087027802132) - timing_s/agent_loop/generate_sequences/mean:np.float64(100.78098271465205) - timing_s/agent_loop/tool_calls/min:np.float64(0.06640028895344585) - timing_s/agent_loop/tool_calls/max:np.float64(0.7710219490109012) - timing_s/agent_loop/tool_calls/mean:np.float64(0.12937582968788774) - timing_s/agent_loop/compute_score/min:np.float64(0.3175974260084331) - timing_s/agent_loop/compute_score/max:np.float64(27.755439923959784) - timing_s/agent_loop/compute_score/mean:np.float64(2.617838807935186) - timing_s/agent_loop/slowest/generate_sequences:np.float64(112.54181037505623) - timing_s/agent_loop/slowest/tool_calls:np.float64(0.12375429400708526) - timing_s/agent_loop/slowest/compute_score:np.float64(10.756517553003505) - timing_s/agent_loop/slowest/num_preempted:np.int64(-1) - timing_s/agent_loop/slowest/prompt_length:3950 - timing_s/agent_loop/slowest/response_length:3408 - timing_s/gen:147.60019170097075 - timing_s/reward:2.58350046351552e-05 - timing_s/old_log_prob:147.46966725797392 - timing_s/ref:150.6369053069502 - timing_s/adv:0.18200925295241177 - timing_s/update_actor:337.89461156900506 - timing_s/update_weights:3.9129117110278457 - timing_s/dump_rollout_generations:0.3183860989520326 - timing_s/step:788.1773354220204 - timing_s/stop_profile:6.628199480473995e-05 - timing_per_token_ms/adv:0.00019647343042701845 - timing_per_token_ms/update_actor:0.3647469146808981 - timing_per_token_ms/gen:0.35556286950659877 - timing_per_token_ms/ref:0.16260793918155728 - perf/total_num_tokens:926381 - perf/time_per_step:788.1773354220204 - perf/throughput:1175.345900429857[36m(TaskRunner pid=3515518)[0m Training Progress:   1%|          | 1/133 [13:08<28:54:28, 788.40s/it]
[36m(TaskRunner pid=3515518)[0m Training Progress:   2%|▏         | 2/133 [26:20<28:45:44, 790.41s/it]

[36m(TaskRunner pid=3515518)[0m Dumped generations to /home/yw4636/agentic-tvg/results/grpo-v2/rollouts/2.jsonl
[36m(TaskRunner pid=3515518)[0m step:2 - global_seqlen/min:931665 - global_seqlen/max:931665 - global_seqlen/minmax_diff:0 - global_seqlen/balanced_min:931665 - global_seqlen/balanced_max:931665 - global_seqlen/mean:931665.0 - actor/entropy:1.1676511764526367 - perf/mfu/actor_infer:0.2906747994864493 - training/rollout_probs_diff_valid:1 - training/rollout_probs_diff_max:0.294529527425766 - training/rollout_probs_diff_mean:0.008853227831423283 - training/rollout_probs_diff_std:0.013164987787604332 - training/rollout_actor_probs_pearson_corr:0.9990972876548767 - rollout_corr/training_ppl:3.22057843208313 - rollout_corr/training_log_ppl:1.1423373222351074 - rollout_corr/kl:0.001999347237870097 - rollout_corr/k3_kl:0.002419400494545698 - rollout_corr/rollout_ppl:3.213338613510132 - rollout_corr/rollout_log_ppl:1.140141248703003 - rollout_corr/log_ppl_diff:0.0021959785372018814 - rollout_corr/log_ppl_abs_diff:0.00329770240932703 - rollout_corr/log_ppl_diff_max:0.018768906593322754 - rollout_corr/log_ppl_diff_min:-0.007728517055511475 - rollout_corr/ppl_ratio:1.0022053718566895 - rollout_corr/chi2_token:0.0055925846099853516 - rollout_corr/chi2_seq:21.96133804321289 - actor/pg_clipfrac:np.float64(0.0) - actor/ppo_kl:np.float64(0.0) - actor/pg_clipfrac_lower:np.float64(0.0) - actor/pg_loss:np.float64(0.01867747333017178) - actor/kl_loss:np.float64(0.0007490137595596025) - actor/kl_coef:np.float64(0.0010000000000000002) - actor/loss:np.float64(0.0186782106757164) - actor/grad_norm:np.float64(0.05026499927043915) - actor/lr:np.float64(1e-05) - actor/perf/max_memory_allocated_gb:np.float64(39.1478853225708) - actor/perf/max_memory_reserved_gb:np.float64(42.060546875) - actor/perf/cpu_memory_used_gb:np.float64(99.05481338500977) - perf/mfu/actor:np.float64(0.3407620002673735) - training/global_step:2 - training/epoch:0 - critic/score/mean:1.2901902198791504 - critic/score/max:2.4221127033233643 - critic/score/min:0.5 - critic/rewards/mean:1.2901902198791504 - critic/rewards/max:2.4221127033233643 - critic/rewards/min:0.5 - critic/advantages/mean:-0.01867746375501156 - critic/advantages/max:3.7499141693115234 - critic/advantages/min:-2.2272865772247314 - critic/returns/mean:-0.01867746375501156 - critic/returns/max:3.7499141693115234 - critic/returns/min:-2.2272865772247314 - response_length/mean:3259.6328125 - response_length/max:3590.0 - response_length/min:2963.0 - response_length/clip_ratio:0.0 - response_length_non_aborted/mean:3259.6328125 - response_length_non_aborted/max:3590.0 - response_length_non_aborted/min:2963.0 - response_length_non_aborted/clip_ratio:0.0 - response/aborted_ratio:0.0 - prompt_length/mean:4019.0 - prompt_length/max:4151.0 - prompt_length/min:3934.0 - prompt_length/clip_ratio:0.0 - num_turns/min:np.int32(4) - num_turns/max:np.int32(4) - num_turns/mean:np.float64(4.0) - timing_s/start_profile:7.749302312731743e-05 - timing_s/agent_loop/num_preempted/min:np.int64(-1) - timing_s/agent_loop/num_preempted/max:np.int64(-1) - timing_s/agent_loop/num_preempted/mean:np.float64(-1.0) - timing_s/agent_loop/generate_sequences/min:np.float64(70.94838040100876) - timing_s/agent_loop/generate_sequences/max:np.float64(119.22089094494004) - timing_s/agent_loop/generate_sequences/mean:np.float64(103.51991400671523) - timing_s/agent_loop/tool_calls/min:np.float64(0.05741794791538268) - timing_s/agent_loop/tool_calls/max:np.float64(0.8690342309419066) - timing_s/agent_loop/tool_calls/mean:np.float64(0.14697399826854962) - timing_s/agent_loop/compute_score/min:np.float64(0.3153549620183185) - timing_s/agent_loop/compute_score/max:np.float64(7.180336024961434) - timing_s/agent_loop/compute_score/mean:np.float64(2.204318422740471) - timing_s/agent_loop/slowest/generate_sequences:np.float64(119.22089094494004) - timing_s/agent_loop/slowest/tool_calls:np.float64(0.08447154599707574) - timing_s/agent_loop/slowest/compute_score:np.float64(1.8627919990103692) - timing_s/agent_loop/slowest/num_preempted:np.int64(-1) - timing_s/agent_loop/slowest/prompt_length:3943 - timing_s/agent_loop/slowest/response_length:3590 - timing_s/gen:150.87628088507336 - timing_s/reward:0.0005262669874355197 - timing_s/old_log_prob:152.7505705660442 - timing_s/ref:152.39262532698922 - timing_s/adv:0.1679911109386012 - timing_s/update_actor:330.8712187909987 - timing_s/update_weights:4.210519394953735 - timing_s/dump_rollout_generations:0.3178057170007378 - timing_s/step:791.7444451929769 - timing_s/stop_profile:4.6258093789219856e-05 - timing_per_token_ms/adv:0.00018031278510902653 - timing_per_token_ms/update_actor:0.35513968947099944 - timing_per_token_ms/gen:0.3616115716759541 - timing_per_token_ms/ref:0.1635701945731451 - perf/total_num_tokens:931665 - perf/time_per_step:791.7444451929769 - perf/throughput:1176.724390877058
[36m(TaskRunner pid=3515518)[0m Dumped generations to /home/yw4636/agentic-tvg/results/grpo-v2/rollouts/3.jsonl
[36m(TaskRunner pid=3515518)[0m step:3 - global_seqlen/min:924370 - global_seqlen/max:924370 - global_seqlen/minmax_diff:0 - global_seqlen/balanced_min:924370 - global_seqlen/balanced_max:924370 - global_seqlen/mean:924370.0 - actor/entropy:1.0642411708831787 - perf/mfu/actor_infer:0.2972651497164087 - training/rollout_probs_diff_valid:1 - training/rollout_probs_diff_max:0.2946411073207855 - training/rollout_probs_diff_mean:0.009127876721322536 - training/rollout_probs_diff_std:0.013867905363440514 - training/rollout_actor_probs_pearson_corr:0.9989901781082153 - rollout_corr/training_ppl:2.8992931842803955 - rollout_corr/training_log_ppl:1.041162371635437 - rollout_corr/kl:0.0021146745420992374 - rollout_corr/k3_kl:0.0025810636579990387 - rollout_corr/rollout_ppl:2.8930835723876953 - rollout_corr/rollout_log_ppl:1.0390621423721313 - rollout_corr/log_ppl_diff:0.0021002194844186306 - rollout_corr/log_ppl_abs_diff:0.003273520153015852 - rollout_corr/log_ppl_diff_max:0.012239933013916016 - rollout_corr/log_ppl_diff_min:-0.007068216800689697 - rollout_corr/ppl_ratio:1.0021086931228638 - rollout_corr/chi2_token:0.006223320960998535 - rollout_corr/chi2_seq:3.0333008766174316 - actor/pg_clipfrac:np.float64(0.0) - actor/ppo_kl:np.float64(0.0) - actor/pg_clipfrac_lower:np.float64(0.0) - actor/pg_loss:np.float64(-0.014641344314441085) - actor/kl_loss:np.float64(0.0006910006895850529) - actor/kl_coef:np.float64(0.0010000000000000002) - actor/loss:np.float64(-0.014640651643276215) - actor/grad_norm:np.float64(0.05174340680241585) - actor/lr:np.float64(1e-05) - actor/perf/max_memory_allocated_gb:np.float64(39.1478853225708) - actor/perf/max_memory_reserved_gb:np.float64(42.060546875) - actor/perf/cpu_memory_used_gb:np.float64(115.48295974731445) - perf/mfu/actor:np.float64(0.33948655793154625) - training/global_step:3 - training/epoch:0 - critic/score/mean:1.345921516418457 - critic/score/max:2.493333339691162 - critic/score/min:0.5 - critic/rewards/mean:1.345921516418457 - critic/rewards/max:2.493333339691162 - critic/rewards/min:0.5 - critic/advantages/mean:0.01464131847023964 - critic/advantages/max:2.2714757919311523 - critic/advantages/min:-3.315495252609253 - critic/returns/mean:0.01464131847023964 - critic/returns/max:2.2714757919311523 - critic/returns/min:-3.315495252609253 - response_length/mean:3228.140625 - response_length/max:3537.0 - response_length/min:2988.0 - response_length/clip_ratio:0.0 - response_length_non_aborted/mean:3228.140625 - response_length_non_aborted/max:3537.0 - response_length_non_aborted/min:2988.0 - response_length_non_aborted/clip_ratio:0.0 - response/aborted_ratio:0.0 - prompt_length/mean:3993.5 - prompt_length/max:4147.0 - prompt_length/min:3936.0 - prompt_length/clip_ratio:0.0 - num_turns/min:np.int32(4) - num_turns/max:np.int32(4) - num_turns/mean:np.float64(4.0) - timing_s/start_profile:5.683803465217352e-05 - timing_s/agent_loop/num_preempted/min:np.int64(-1) - timing_s/agent_loop/num_preempted/max:np.int64(-1) - timing_s/agent_loop/num_preempted/mean:np.float64(-1.0) - timing_s/agent_loop/generate_sequences/min:np.float64(68.94439777499065) - timing_s/agent_loop/generate_sequences/max:np.float64(116.79564773803577) - timing_s/agent_loop/generate_sequences/mean:np.float64(100.96468211461433) - timing_s/agent_loop/tool_calls/min:np.float64(0.06247922999318689) - timing_s/agent_loop/tool_calls/max:np.float64(0.855317282024771) - timing_s/agent_loop/tool_calls/mean:np.float64(0.15363489306582778) - timing_s/agent_loop/compute_score/min:np.float64(0.3286134450463578) - timing_s/agent_loop/compute_score/max:np.float64(5.237209440092556) - timing_s/agent_loop/compute_score/mean:np.float64(2.0099941607895744) - timing_s/agent_loop/slowest/generate_sequences:np.float64(116.79564773803577) - timing_s/agent_loop/slowest/tool_calls:np.float64(0.08601544704288244) - timing_s/agent_loop/slowest/compute_score:np.float64(3.13506296207197) - timing_s/agent_loop/slowest/num_preempted:np.int64(-1) - timing_s/agent_loop/slowest/prompt_length:4147 - timing_s/agent_loop/slowest/response_length:3398 - timing_s/gen:146.0591319159139 - timing_s/reward:0.000529355020262301 - timing_s/old_log_prob:148.30735326197464 - timing_s/ref:136.802598006092 - timing_s/adv:0.1620710639981553 - timing_s/update_actor:328.5499853270594 - timing_s/update_weights:3.9725906890816987 - timing_s/dump_rollout_generations:0.32268295902758837 - timing_s/step:764.3328689049231 - timing_s/stop_profile:4.809501115232706e-05 - timing_per_token_ms/adv:0.00017533137596217457 - timing_per_token_ms/update_actor:0.355431250827114 - timing_per_token_ms/gen:0.353481183333851 - timing_per_token_ms/ref:0.1479954974805457 - perf/total_num_tokens:924370 - perf/time_per_step:764.3328689049231 - perf/throughput:1209.3814587934255[36m(TaskRunner pid=3515518)[0m Training Progress:   2%|▏         | 3/133 [39:04<28:06:49, 778.53s/it]
[36m(TaskRunner pid=3515518)[0m Training Progress:   3%|▎         | 4/133 [51:56<27:48:06, 775.87s/it]

[36m(TaskRunner pid=3515518)[0m Dumped generations to /home/yw4636/agentic-tvg/results/grpo-v2/rollouts/4.jsonl
[36m(TaskRunner pid=3515518)[0m step:4 - global_seqlen/min:930560 - global_seqlen/max:930560 - global_seqlen/minmax_diff:0 - global_seqlen/balanced_min:930560 - global_seqlen/balanced_max:930560 - global_seqlen/mean:930560.0 - actor/entropy:1.1427385807037354 - perf/mfu/actor_infer:0.29966093533193866 - training/rollout_probs_diff_valid:1 - training/rollout_probs_diff_max:0.29949715733528137 - training/rollout_probs_diff_mean:0.008750093169510365 - training/rollout_probs_diff_std:0.013270972296595573 - training/rollout_actor_probs_pearson_corr:0.9991089701652527 - rollout_corr/training_ppl:3.177581548690796 - rollout_corr/training_log_ppl:1.1245242357254028 - rollout_corr/kl:0.002397311618551612 - rollout_corr/k3_kl:0.0025077303871512413 - rollout_corr/rollout_ppl:3.17014217376709 - rollout_corr/rollout_log_ppl:1.1221632957458496 - rollout_corr/log_ppl_diff:0.0023609232157468796 - rollout_corr/log_ppl_abs_diff:0.0032551689073443413 - rollout_corr/log_ppl_diff_max:0.014229774475097656 - rollout_corr/log_ppl_diff_min:-0.005401968955993652 - rollout_corr/ppl_ratio:1.0023698806762695 - rollout_corr/chi2_token:0.005388379096984863 - rollout_corr/chi2_seq:1.2469089031219482 - actor/pg_clipfrac:np.float64(0.0) - actor/ppo_kl:np.float64(0.0) - actor/pg_clipfrac_lower:np.float64(0.0) - actor/pg_loss:np.float64(0.012694929173449054) - actor/kl_loss:np.float64(0.0007201319867817801) - actor/kl_coef:np.float64(0.0010000000000000002) - actor/loss:np.float64(0.01269564963877201) - actor/grad_norm:np.float64(0.05180380865931511) - actor/lr:np.float64(1e-05) - actor/perf/max_memory_allocated_gb:np.float64(39.1478853225708) - actor/perf/max_memory_reserved_gb:np.float64(42.099609375) - actor/perf/cpu_memory_used_gb:np.float64(132.08062744140625) - perf/mfu/actor:np.float64(0.34263673961090074) - training/global_step:4 - training/epoch:0 - critic/score/mean:1.307851791381836 - critic/score/max:2.401984453201294 - critic/score/min:0.0 - critic/rewards/mean:1.307851791381836 - critic/rewards/max:2.401984453201294 - critic/rewards/min:0.0 - critic/advantages/mean:-0.012694921344518661 - critic/advantages/max:2.745884418487549 - critic/advantages/min:-2.3491005897521973 - critic/returns/mean:-0.012694921344518661 - critic/returns/max:2.745884418487549 - critic/returns/min:-2.3491005897521973 - response_length/mean:3256.5 - response_length/max:3673.0 - response_length/min:2959.0 - response_length/clip_ratio:0.0 - response_length_non_aborted/mean:3256.5 - response_length_non_aborted/max:3673.0 - response_length_non_aborted/min:2959.0 - response_length_non_aborted/clip_ratio:0.0 - response/aborted_ratio:0.0 - prompt_length/mean:4013.5 - prompt_length/max:4142.0 - prompt_length/min:3933.0 - prompt_length/clip_ratio:0.0 - num_turns/min:np.int32(4) - num_turns/max:np.int32(4) - num_turns/mean:np.float64(4.0) - timing_s/start_profile:6.661599036306143e-05 - timing_s/agent_loop/num_preempted/min:np.int64(-1) - timing_s/agent_loop/num_preempted/max:np.int64(-1) - timing_s/agent_loop/num_preempted/mean:np.float64(-1.0) - timing_s/agent_loop/generate_sequences/min:np.float64(71.137906847056) - timing_s/agent_loop/generate_sequences/max:np.float64(118.07652741088532) - timing_s/agent_loop/generate_sequences/mean:np.float64(101.98857886671794) - timing_s/agent_loop/tool_calls/min:np.float64(0.06732384895440191) - timing_s/agent_loop/tool_calls/max:np.float64(2.105900229071267) - timing_s/agent_loop/tool_calls/mean:np.float64(0.2206788091252747) - timing_s/agent_loop/compute_score/min:np.float64(0.3325343730393797) - timing_s/agent_loop/compute_score/max:np.float64(12.986948133911937) - timing_s/agent_loop/compute_score/mean:np.float64(2.087721848496585) - timing_s/agent_loop/slowest/generate_sequences:np.float64(111.96938458201475) - timing_s/agent_loop/slowest/tool_calls:np.float64(0.16798023390583694) - timing_s/agent_loop/slowest/compute_score:np.float64(12.79546641802881) - timing_s/agent_loop/slowest/num_preempted:np.int64(-1) - timing_s/agent_loop/slowest/prompt_length:3934 - timing_s/agent_loop/slowest/response_length:3403 - timing_s/gen:148.84805245196912 - timing_s/reward:0.0005085800075903535 - timing_s/old_log_prob:152.65487105597276 - timing_s/ref:140.62021845404524 - timing_s/adv:0.16834505298174918 - timing_s/update_actor:324.94258050993085 - timing_s/update_weights:3.9924953100271523 - timing_s/dump_rollout_generations:0.33615789795294404 - timing_s/step:771.7093659770908 - timing_s/stop_profile:4.575098864734173e-05 - timing_per_token_ms/adv:0.0001809072526024643 - timing_per_token_ms/update_actor:0.34919035904179296 - timing_per_token_ms/gen:0.35709363113189274 - timing_per_token_ms/ref:0.15111354287100803 - perf/total_num_tokens:930560 - perf/time_per_step:771.7093659770908 - perf/throughput:1205.8425633098057
[36m(TaskRunner pid=3515518)[0m Dumped generations to /home/yw4636/agentic-tvg/results/grpo-v2/rollouts/5.jsonl
[36m(TaskRunner pid=3515518)[0m step:5 - global_seqlen/min:933163 - global_seqlen/max:933163 - global_seqlen/minmax_diff:0 - global_seqlen/balanced_min:933163 - global_seqlen/balanced_max:933163 - global_seqlen/mean:933163.0 - actor/entropy:1.0857930183410645 - perf/mfu/actor_infer:0.2978674722850814 - training/rollout_probs_diff_valid:1 - training/rollout_probs_diff_max:0.271228551864624 - training/rollout_probs_diff_mean:0.008862502872943878 - training/rollout_probs_diff_std:0.01350774709135294 - training/rollout_actor_probs_pearson_corr:0.9990642070770264 - rollout_corr/training_ppl:2.961843967437744 - rollout_corr/training_log_ppl:1.0640430450439453 - rollout_corr/kl:0.002262912690639496 - rollout_corr/k3_kl:0.0024865821469575167 - rollout_corr/rollout_ppl:2.9548001289367676 - rollout_corr/rollout_log_ppl:1.0617005825042725 - rollout_corr/log_ppl_diff:0.002342511899769306 - rollout_corr/log_ppl_abs_diff:0.0033307168632745743 - rollout_corr/log_ppl_diff_max:0.011206626892089844 - rollout_corr/log_ppl_diff_min:-0.006810903549194336 - rollout_corr/ppl_ratio:1.0023510456085205 - rollout_corr/chi2_token:0.0054666996002197266 - rollout_corr/chi2_seq:3.169125556945801 - actor/pg_clipfrac:np.float64(0.0) - actor/ppo_kl:np.float64(0.0) - actor/pg_clipfrac_lower:np.float64(0.0) - actor/pg_loss:np.float64(-0.03263034856354352) - actor/kl_loss:np.float64(0.0006860043104097713) - actor/kl_coef:np.float64(0.0010000000000000002) - actor/loss:np.float64(-0.03262966871261597) - actor/grad_norm:np.float64(0.04814855381846428) - actor/lr:np.float64(1e-05) - actor/perf/max_memory_allocated_gb:np.float64(39.15089511871338) - actor/perf/max_memory_reserved_gb:np.float64(42.099609375) - actor/perf/cpu_memory_used_gb:np.float64(99.25571060180664) - perf/mfu/actor:np.float64(0.34158056155529437) - training/global_step:5 - training/epoch:0 - critic/score/mean:1.3910858631134033 - critic/score/max:2.5 - critic/score/min:0.5 - critic/rewards/mean:1.3910858631134033 - critic/rewards/max:2.5 - critic/rewards/min:0.5 - critic/advantages/mean:0.03263036906719208 - critic/advantages/max:1.8977749347686768 - critic/advantages/min:-3.1342051029205322 - critic/returns/mean:0.03263036906719208 - critic/returns/max:1.8977749347686768 - critic/returns/min:-3.1342051029205322 - response_length/mean:3252.2109375 - response_length/max:3681.0 - response_length/min:2947.0 - response_length/clip_ratio:0.0 - response_length_non_aborted/mean:3252.2109375 - response_length_non_aborted/max:3681.0 - response_length_non_aborted/min:2947.0 - response_length_non_aborted/clip_ratio:0.0 - response/aborted_ratio:0.0 - prompt_length/mean:4038.125 - prompt_length/max:4146.0 - prompt_length/min:3933.0 - prompt_length/clip_ratio:0.0 - num_turns/min:np.int32(4) - num_turns/max:np.int32(4) - num_turns/mean:np.float64(4.0) - timing_s/start_profile:5.8231991715729237e-05 - timing_s/agent_loop/num_preempted/min:np.int64(-1) - timing_s/agent_loop/num_preempted/max:np.int64(-1) - timing_s/agent_loop/num_preempted/mean:np.float64(-1.0) - timing_s/agent_loop/generate_sequences/min:np.float64(64.3131814810913) - timing_s/agent_loop/generate_sequences/max:np.float64(138.61341381794773) - timing_s/agent_loop/generate_sequences/mean:np.float64(120.6414801268802) - timing_s/agent_loop/tool_calls/min:np.float64(0.06684818002395332) - timing_s/agent_loop/tool_calls/max:np.float64(0.7870516560506076) - timing_s/agent_loop/tool_calls/mean:np.float64(0.13485496049997892) - timing_s/agent_loop/compute_score/min:np.float64(0.33879462897311896) - timing_s/agent_loop/compute_score/max:np.float64(9.055766634992324) - timing_s/agent_loop/compute_score/mean:np.float64(2.207997013669228) - timing_s/agent_loop/slowest/generate_sequences:np.float64(132.29792607401032) - timing_s/agent_loop/slowest/tool_calls:np.float64(0.17985521897207946) - timing_s/agent_loop/slowest/compute_score:np.float64(9.055766634992324) - timing_s/agent_loop/slowest/num_preempted:np.int64(-1) - timing_s/agent_loop/slowest/prompt_length:3940 - timing_s/agent_loop/slowest/response_length:3322 - timing_s/gen:169.85503982496448 - timing_s/reward:0.0005039660027250648 - timing_s/old_log_prob:145.66085334296804 - timing_s/ref:135.385648965952 - timing_s/adv:0.16394382901489735 - timing_s/update_actor:317.1270246260101 - timing_s/update_weights:3.9687817310914397 - timing_s/dump_rollout_generations:0.32315041997935623 - timing_s/step:772.6434631469892 - timing_s/stop_profile:4.737195558845997e-05 - timing_per_token_ms/adv:0.00017568616524111795 - timing_per_token_ms/update_actor:0.33984097593454743 - timing_per_token_ms/gen:0.4080278075851391 - timing_per_token_ms/ref:0.1450825300252496 - perf/total_num_tokens:933163 - perf/time_per_step:772.6434631469892 - perf/throughput:1207.7536981924522[36m(TaskRunner pid=3515518)[0m Training Progress:   4%|▍         | 5/133 [1:04:49<27:32:45, 774.73s/it]
[36m(AgentLoopWorker pid=3518506)[0m ERROR:2026-09-02 00:19:45,403:Failed to decode tool call: Expecting value: line 1 column 1 (char 0)
[36m(TaskRunner pid=3515518)[0m Training Progress:   5%|▍         | 6/133 [1:17:12<26:57:11, 764.02s/it]

[36m(TaskRunner pid=3515518)[0m Dumped generations to /home/yw4636/agentic-tvg/results/grpo-v2/rollouts/6.jsonl
[36m(TaskRunner pid=3515518)[0m step:6 - global_seqlen/min:927613 - global_seqlen/max:927613 - global_seqlen/minmax_diff:0 - global_seqlen/balanced_min:927613 - global_seqlen/balanced_max:927613 - global_seqlen/mean:927613.0 - actor/entropy:1.0577415227890015 - perf/mfu/actor_infer:0.29903395093185936 - training/rollout_probs_diff_valid:1 - training/rollout_probs_diff_max:0.34114742279052734 - training/rollout_probs_diff_mean:0.008949078619480133 - training/rollout_probs_diff_std:0.013726428151130676 - training/rollout_actor_probs_pearson_corr:0.9990285634994507 - rollout_corr/training_ppl:2.873830556869507 - rollout_corr/training_log_ppl:1.0324506759643555 - rollout_corr/kl:0.00211277324706316 - rollout_corr/k3_kl:0.00242245034314692 - rollout_corr/rollout_ppl:2.8671956062316895 - rollout_corr/rollout_log_ppl:1.0302588939666748 - rollout_corr/log_ppl_diff:0.0021918280981481075 - rollout_corr/log_ppl_abs_diff:0.003187925089150667 - rollout_corr/log_ppl_diff_max:0.018274903297424316 - rollout_corr/log_ppl_diff_min:-0.0062285661697387695 - rollout_corr/ppl_ratio:1.0022000074386597 - rollout_corr/chi2_token:0.005538821220397949 - rollout_corr/chi2_seq:2.753594160079956 - actor/pg_clipfrac:np.float64(0.0) - actor/ppo_kl:np.float64(0.0) - actor/pg_clipfrac_lower:np.float64(0.0) - actor/pg_loss:np.float64(-0.0029510445019695908) - actor/kl_loss:np.float64(0.0007031515524431597) - actor/kl_coef:np.float64(0.0010000000000000002) - actor/loss:np.float64(-0.002950342372059822) - actor/grad_norm:np.float64(0.05044190213084221) - actor/lr:np.float64(1e-05) - actor/perf/max_memory_allocated_gb:np.float64(39.15089511871338) - actor/perf/max_memory_reserved_gb:np.float64(42.099609375) - actor/perf/cpu_memory_used_gb:np.float64(99.35978317260742) - perf/mfu/actor:np.float64(0.34275857206686206) - training/global_step:6 - training/epoch:0 - critic/score/mean:1.2809028625488281 - critic/score/max:2.391111135482788 - critic/score/min:0.0 - critic/rewards/mean:1.2809028625488281 - critic/rewards/max:2.391111135482788 - critic/rewards/min:0.0 - critic/advantages/mean:0.0029510310851037502 - critic/advantages/max:3.1414132118225098 - critic/advantages/min:-2.3860151767730713 - critic/returns/mean:0.0029510310851037502 - critic/returns/max:3.1414132118225098 - critic/returns/min:-2.3860151767730713 - response_length/mean:3223.8515625 - response_length/max:3649.0 - response_length/min:239.0 - response_length/clip_ratio:0.0 - response_length_non_aborted/mean:3223.8515625 - response_length_non_aborted/max:3649.0 - response_length_non_aborted/min:239.0 - response_length_non_aborted/clip_ratio:0.0 - response/aborted_ratio:0.0 - prompt_length/mean:4023.125 - prompt_length/max:4145.0 - prompt_length/min:3941.0 - prompt_length/clip_ratio:0.0 - num_turns/min:np.int32(2) - num_turns/max:np.int32(4) - num_turns/mean:np.float64(3.984375) - timing_s/start_profile:5.872303154319525e-05 - timing_s/agent_loop/num_preempted/min:np.int64(-1) - timing_s/agent_loop/num_preempted/max:np.int64(-1) - timing_s/agent_loop/num_preempted/mean:np.float64(-1.0) - timing_s/agent_loop/generate_sequences/min:np.float64(27.436302823014557) - timing_s/agent_loop/generate_sequences/max:np.float64(122.06897594011389) - timing_s/agent_loop/generate_sequences/mean:np.float64(102.77612621447042) - timing_s/agent_loop/tool_calls/min:np.float64(0.0) - timing_s/agent_loop/tool_calls/max:np.float64(0.9952448419062421) - timing_s/agent_loop/tool_calls/mean:np.float64(0.1496275002245966) - timing_s/agent_loop/compute_score/min:np.float64(0.24649499997030944) - timing_s/agent_loop/compute_score/max:np.float64(8.393633746076375) - timing_s/agent_loop/compute_score/mean:np.float64(1.9842652393299431) - timing_s/agent_loop/slowest/generate_sequences:np.float64(122.06897594011389) - timing_s/agent_loop/slowest/tool_calls:np.float64(0.1170545140048489) - timing_s/agent_loop/slowest/compute_score:np.float64(1.7454914059489965) - timing_s/agent_loop/slowest/num_preempted:np.int64(-1) - timing_s/agent_loop/slowest/prompt_length:3950 - timing_s/agent_loop/slowest/response_length:3649 - timing_s/gen:150.92205675202422 - timing_s/reward:0.0005102850263938308 - timing_s/old_log_prob:142.23319727310445 - timing_s/ref:132.1698658770183 - timing_s/adv:0.16546223091427237 - timing_s/update_actor:312.5265578259714 - timing_s/update_weights:3.908520657918416 - timing_s/dump_rollout_generations:0.3177616560133174 - timing_s/step:742.4188074939884 - timing_s/stop_profile:4.733307287096977e-05 - timing_per_token_ms/adv:0.00017837420445193455 - timing_per_token_ms/update_actor:0.33691481019128816 - timing_per_token_ms/gen:0.36573599792567657 - timing_per_token_ms/ref:0.14248384388426888 - perf/total_num_tokens:927613 - perf/time_per_step:742.4188074939884 - perf/throughput:1249.4470649674524
[36m(TaskRunner pid=3515518)[0m Dumped generations to /home/yw4636/agentic-tvg/results/grpo-v2/rollouts/7.jsonl
[36m(TaskRunner pid=3515518)[0m step:7 - global_seqlen/min:927364 - global_seqlen/max:927364 - global_seqlen/minmax_diff:0 - global_seqlen/balanced_min:927364 - global_seqlen/balanced_max:927364 - global_seqlen/mean:927364.0 - actor/entropy:1.051265001296997 - perf/mfu/actor_infer:0.2992497017066834 - training/rollout_probs_diff_valid:1 - training/rollout_probs_diff_max:0.29181092977523804 - training/rollout_probs_diff_mean:0.008913051337003708 - training/rollout_probs_diff_std:0.013962154276669025 - training/rollout_actor_probs_pearson_corr:0.9990119934082031 - rollout_corr/training_ppl:2.934565782546997 - rollout_corr/training_log_ppl:1.044022560119629 - rollout_corr/kl:0.002711464650928974 - rollout_corr/k3_kl:0.002557320287451148 - rollout_corr/rollout_ppl:2.925938844680786 - rollout_corr/rollout_log_ppl:1.0413603782653809 - rollout_corr/log_ppl_diff:0.0026621560100466013 - rollout_corr/log_ppl_abs_diff:0.0039442675188183784 - rollout_corr/log_ppl_diff_max:0.015984535217285156 - rollout_corr/log_ppl_diff_min:-0.01011967658996582 - rollout_corr/ppl_ratio:1.002675175666809 - rollout_corr/chi2_token:0.004865288734436035 - rollout_corr/chi2_seq:3.5758605003356934 - actor/pg_clipfrac:np.float64(0.0) - actor/ppo_kl:np.float64(0.0) - actor/pg_clipfrac_lower:np.float64(0.0) - actor/pg_loss:np.float64(0.024279429693706334) - actor/kl_loss:np.float64(0.0007034003510852926) - actor/kl_coef:np.float64(0.0010000000000000002) - actor/loss:np.float64(0.024280130863189697) - actor/grad_norm:np.float64(0.05093211308121681) - actor/lr:np.float64(1e-05) - actor/perf/max_memory_allocated_gb:np.float64(39.15089511871338) - actor/perf/max_memory_reserved_gb:np.float64(42.099609375) - actor/perf/cpu_memory_used_gb:np.float64(99.31538772583008) - perf/mfu/actor:np.float64(0.3433105620639711) - training/global_step:7 - training/epoch:0 - critic/score/mean:1.269829273223877 - critic/score/max:2.4022555351257324 - critic/score/min:0.5 - critic/rewards/mean:1.269829273223877 - critic/rewards/max:2.4022555351257324 - critic/rewards/min:0.5 - critic/advantages/mean:-0.024279437959194183 - critic/advantages/max:3.477675199508667 - critic/advantages/min:-2.434727430343628 - critic/returns/mean:-0.024279437959194183 - critic/returns/max:3.477675199508667 - critic/returns/min:-2.434727430343628 - response_length/mean:3299.40625 - response_length/max:3584.0 - response_length/min:3050.0 - response_length/clip_ratio:0.0 - response_length_non_aborted/mean:3299.40625 - response_length_non_aborted/max:3584.0 - response_length_non_aborted/min:3050.0 - response_length_non_aborted/clip_ratio:0.0 - response/aborted_ratio:0.0 - prompt_length/mean:3945.625 - prompt_length/max:3960.0 - prompt_length/min:3933.0 - prompt_length/clip_ratio:0.0 - num_turns/min:np.int32(4) - num_turns/max:np.int32(4) - num_turns/mean:np.float64(4.0) - timing_s/start_profile:5.61809865757823e-05 - timing_s/agent_loop/num_preempted/min:np.int64(-1) - timing_s/agent_loop/num_preempted/max:np.int64(-1) - timing_s/agent_loop/num_preempted/mean:np.float64(-1.0) - timing_s/agent_loop/generate_sequences/min:np.float64(70.83060868200846) - timing_s/agent_loop/generate_sequences/max:np.float64(115.75764687708579) - timing_s/agent_loop/generate_sequences/mean:np.float64(101.14083768639557) - timing_s/agent_loop/tool_calls/min:np.float64(0.0682079850230366) - timing_s/agent_loop/tool_calls/max:np.float64(0.767822802066803) - timing_s/agent_loop/tool_calls/mean:np.float64(0.16400423143113585) - timing_s/agent_loop/compute_score/min:np.float64(0.32789758301805705) - timing_s/agent_loop/compute_score/max:np.float64(13.49810814904049) - timing_s/agent_loop/compute_score/mean:np.float64(2.390220241564748) - timing_s/agent_loop/slowest/generate_sequences:np.float64(108.24294183892198) - timing_s/agent_loop/slowest/tool_calls:np.float64(0.7529846340185031) - timing_s/agent_loop/slowest/compute_score:np.float64(13.49810814904049) - timing_s/agent_loop/slowest/num_preempted:np.int64(-1) - timing_s/agent_loop/slowest/prompt_length:3947 - timing_s/agent_loop/slowest/response_length:3256 - timing_s/gen:146.9723852300085 - timing_s/reward:0.0004056969191879034 - timing_s/old_log_prob:146.52301187906414 - timing_s/ref:134.84504131507128 - timing_s/adv:0.15443574206437916 - timing_s/update_actor:317.0559125649743 - timing_s/update_weights:3.916370461927727 - timing_s/dump_rollout_generations:0.3198100459994748 - timing_s/step:749.95166238409 - timing_s/stop_profile:4.737102426588535e-05 - timing_per_token_ms/adv:0.0001665319573159829 - timing_per_token_ms/update_actor:0.341889390320278 - timing_per_token_ms/gen:0.3480086029446788 - timing_per_token_ms/ref:0.14540681039491643 - perf/total_num_tokens:927364 - perf/time_per_step:749.95166238409 - perf/throughput:1236.5650301406329[36m(TaskRunner pid=3515518)[0m Training Progress:   5%|▌         | 7/133 [1:29:42<26:34:49, 759.44s/it]
[36m(TaskRunner pid=3515518)[0m Training Progress:   6%|▌         | 8/133 [1:42:04<26:10:50, 754.00s/it]

[36m(TaskRunner pid=3515518)[0m Dumped generations to /home/yw4636/agentic-tvg/results/grpo-v2/rollouts/8.jsonl
[36m(TaskRunner pid=3515518)[0m step:8 - global_seqlen/min:925569 - global_seqlen/max:925569 - global_seqlen/minmax_diff:0 - global_seqlen/balanced_min:925569 - global_seqlen/balanced_max:925569 - global_seqlen/mean:925569.0 - actor/entropy:1.1196787357330322 - perf/mfu/actor_infer:0.298684722579495 - training/rollout_probs_diff_valid:1 - training/rollout_probs_diff_max:0.21508857607841492 - training/rollout_probs_diff_mean:0.008976349607110023 - training/rollout_probs_diff_std:0.013420778326690197 - training/rollout_actor_probs_pearson_corr:0.999061107635498 - rollout_corr/training_ppl:3.0663797855377197 - rollout_corr/training_log_ppl:1.0907829999923706 - rollout_corr/kl:0.002638359786942601 - rollout_corr/k3_kl:0.002332827541977167 - rollout_corr/rollout_ppl:3.0575053691864014 - rollout_corr/rollout_log_ppl:1.0880093574523926 - rollout_corr/log_ppl_diff:0.0027736860793083906 - rollout_corr/log_ppl_abs_diff:0.003649272257462144 - rollout_corr/log_ppl_diff_max:0.019613265991210938 - rollout_corr/log_ppl_diff_min:-0.00576627254486084 - rollout_corr/ppl_ratio:1.0027849674224854 - rollout_corr/chi2_token:0.004090547561645508 - rollout_corr/chi2_seq:5.70250129699707 - actor/pg_clipfrac:np.float64(0.0) - actor/ppo_kl:np.float64(0.0) - actor/pg_clipfrac_lower:np.float64(0.0) - actor/pg_loss:np.float64(0.029755181734799407) - actor/kl_loss:np.float64(0.0007123814257283811) - actor/kl_coef:np.float64(0.0010000000000000002) - actor/loss:np.float64(0.029755890369415283) - actor/grad_norm:np.float64(0.050973933190107346) - actor/lr:np.float64(1e-05) - actor/perf/max_memory_allocated_gb:np.float64(39.15089511871338) - actor/perf/max_memory_reserved_gb:np.float64(42.099609375) - actor/perf/cpu_memory_used_gb:np.float64(99.67379760742188) - perf/mfu/actor:np.float64(0.34250272899774) - training/global_step:8 - training/epoch:0 - critic/score/mean:1.3379673957824707 - critic/score/max:2.4541983604431152 - critic/score/min:0.0 - critic/rewards/mean:1.3379673957824707 - critic/rewards/max:2.4541983604431152 - critic/rewards/min:0.0 - critic/advantages/mean:-0.02975517325103283 - critic/advantages/max:2.1852118968963623 - critic/advantages/min:-2.4668123722076416 - critic/returns/mean:-0.02975517325103283 - critic/returns/max:2.1852118968963623 - critic/returns/min:-2.4668123722076416 - response_length/mean:3237.8828125 - response_length/max:3567.0 - response_length/min:2942.0 - response_length/clip_ratio:0.0 - response_length_non_aborted/mean:3237.8828125 - response_length_non_aborted/max:3567.0 - response_length_non_aborted/min:2942.0 - response_length_non_aborted/clip_ratio:0.0 - response/aborted_ratio:0.0 - prompt_length/mean:3993.125 - prompt_length/max:4149.0 - prompt_length/min:3930.0 - prompt_length/clip_ratio:0.0 - num_turns/min:np.int32(4) - num_turns/max:np.int32(4) - num_turns/mean:np.float64(4.0) - timing_s/start_profile:5.567504558712244e-05 - timing_s/agent_loop/num_preempted/min:np.int64(-1) - timing_s/agent_loop/num_preempted/max:np.int64(-1) - timing_s/agent_loop/num_preempted/mean:np.float64(-1.0) - timing_s/agent_loop/generate_sequences/min:np.float64(58.99380816100165) - timing_s/agent_loop/generate_sequences/max:np.float64(117.85471394401975) - timing_s/agent_loop/generate_sequences/mean:np.float64(102.86359185003857) - timing_s/agent_loop/tool_calls/min:np.float64(0.06686428003013134) - timing_s/agent_loop/tool_calls/max:np.float64(0.5380413059610873) - timing_s/agent_loop/tool_calls/mean:np.float64(0.13733258358934108) - timing_s/agent_loop/compute_score/min:np.float64(0.3362622980494052) - timing_s/agent_loop/compute_score/max:np.float64(7.3828069609589875) - timing_s/agent_loop/compute_score/mean:np.float64(2.2618868270055827) - timing_s/agent_loop/slowest/generate_sequences:np.float64(116.0750192819396) - timing_s/agent_loop/slowest/tool_calls:np.float64(0.10496879101265222) - timing_s/agent_loop/slowest/compute_score:np.float64(4.511887158965692) - timing_s/agent_loop/slowest/num_preempted:np.int64(-1) - timing_s/agent_loop/slowest/prompt_length:4149 - timing_s/agent_loop/slowest/response_length:3299 - timing_s/gen:147.8433768049581 - timing_s/reward:0.00036186305806040764 - timing_s/old_log_prob:141.71198398293927 - timing_s/ref:133.21908382093534 - timing_s/adv:0.1613984979921952 - timing_s/update_actor:314.2280475330772 - timing_s/update_weights:3.998798801912926 - timing_s/dump_rollout_generations:0.3193348729982972 - timing_s/step:741.6494781660149 - timing_s/stop_profile:4.640198312699795e-05 - timing_per_token_ms/adv:0.00017437759690762676 - timing_per_token_ms/update_actor:0.3394971607012305 - timing_per_token_ms/gen:0.35672272536538413 - timing_per_token_ms/ref:0.143932093470001 - perf/total_num_tokens:925569 - perf/time_per_step:741.6494781660149 - perf/throughput:1247.987124980914
[36m(TaskRunner pid=3515518)[0m Dumped generations to /home/yw4636/agentic-tvg/results/grpo-v2/rollouts/9.jsonl
[36m(TaskRunner pid=3515518)[0m step:9 - global_seqlen/min:927913 - global_seqlen/max:927913 - global_seqlen/minmax_diff:0 - global_seqlen/balanced_min:927913 - global_seqlen/balanced_max:927913 - global_seqlen/mean:927913.0 - actor/entropy:1.0985887050628662 - perf/mfu/actor_infer:0.30023403277626026 - training/rollout_probs_diff_valid:1 - training/rollout_probs_diff_max:0.24239560961723328 - training/rollout_probs_diff_mean:0.008716505020856857 - training/rollout_probs_diff_std:0.013239837251603603 - training/rollout_actor_probs_pearson_corr:0.9991009831428528 - rollout_corr/training_ppl:3.0124642848968506 - rollout_corr/training_log_ppl:1.0779805183410645 - rollout_corr/kl:0.0018920234870165586 - rollout_corr/k3_kl:0.0023964429274201393 - rollout_corr/rollout_ppl:3.0069942474365234 - rollout_corr/rollout_log_ppl:1.076093316078186 - rollout_corr/log_ppl_diff:0.0018870853818953037 - rollout_corr/log_ppl_abs_diff:0.002881323453038931 - rollout_corr/log_ppl_diff_max:0.010284423828125 - rollout_corr/log_ppl_diff_min:-0.00461423397064209 - rollout_corr/ppl_ratio:1.001893401145935 - rollout_corr/chi2_token:0.005824565887451172 - rollout_corr/chi2_seq:3.2645812034606934 - actor/pg_clipfrac:np.float64(0.0) - actor/ppo_kl:np.float64(0.0) - actor/pg_clipfrac_lower:np.float64(0.0) - actor/pg_loss:np.float64(0.005949570244411007) - actor/kl_loss:np.float64(0.0007166225368564483) - actor/kl_coef:np.float64(0.0010000000000000002) - actor/loss:np.float64(0.0059502869844436646) - actor/grad_norm:np.float64(0.05111803486943245) - actor/lr:np.float64(1e-05) - actor/perf/max_memory_allocated_gb:np.float64(39.15089511871338) - actor/perf/max_memory_reserved_gb:np.float64(42.099609375) - actor/perf/cpu_memory_used_gb:np.float64(115.98761367797852) - perf/mfu/actor:np.float64(0.34335343879804137) - training/global_step:9 - training/epoch:0 - critic/score/mean:1.364544153213501 - critic/score/max:2.380000114440918 - critic/score/min:0.5 - critic/rewards/mean:1.364544153213501 - critic/rewards/max:2.380000114440918 - critic/rewards/min:0.5 - critic/advantages/mean:-0.005949542857706547 - critic/advantages/max:2.1758780479431152 - critic/advantages/min:-2.5421457290649414 - critic/returns/mean:-0.005949542857706547 - critic/returns/max:2.1758780479431152 - critic/returns/min:-2.5421457290649414 - response_length/mean:3300.6953125 - response_length/max:3520.0 - response_length/min:3037.0 - response_length/clip_ratio:0.0 - response_length_non_aborted/mean:3300.6953125 - response_length_non_aborted/max:3520.0 - response_length_non_aborted/min:3037.0 - response_length_non_aborted/clip_ratio:0.0 - response/aborted_ratio:0.0 - prompt_length/mean:3948.625 - prompt_length/max:3958.0 - prompt_length/min:3937.0 - prompt_length/clip_ratio:0.0 - num_turns/min:np.int32(4) - num_turns/max:np.int32(4) - num_turns/mean:np.float64(4.0) - timing_s/start_profile:5.688890814781189e-05 - timing_s/agent_loop/num_preempted/min:np.int64(-1) - timing_s/agent_loop/num_preempted/max:np.int64(-1) - timing_s/agent_loop/num_preempted/mean:np.float64(-1.0) - timing_s/agent_loop/generate_sequences/min:np.float64(69.66920104809105) - timing_s/agent_loop/generate_sequences/max:np.float64(117.68406468490139) - timing_s/agent_loop/generate_sequences/mean:np.float64(103.48986654421697) - timing_s/agent_loop/tool_calls/min:np.float64(0.06483610905706882) - timing_s/agent_loop/tool_calls/max:np.float64(0.7741802050732076) - timing_s/agent_loop/tool_calls/mean:np.float64(0.14854017050947732) - timing_s/agent_loop/compute_score/min:np.float64(0.32344053697306663) - timing_s/agent_loop/compute_score/max:np.float64(12.675603549927473) - timing_s/agent_loop/compute_score/mean:np.float64(2.4283567557176866) - timing_s/agent_loop/slowest/generate_sequences:np.float64(111.53698009613436) - timing_s/agent_loop/slowest/tool_calls:np.float64(0.09483105200342834) - timing_s/agent_loop/slowest/compute_score:np.float64(12.675603549927473) - timing_s/agent_loop/slowest/num_preempted:np.int64(-1) - timing_s/agent_loop/slowest/prompt_length:3954 - timing_s/agent_loop/slowest/response_length:3283 - timing_s/gen:147.16652772400994 - timing_s/reward:0.0003943470073863864 - timing_s/old_log_prob:151.83065283391625 - timing_s/ref:136.9486885810038 - timing_s/adv:0.15890653990209103 - timing_s/update_actor:318.94361436890904 - timing_s/update_weights:3.954325600992888 - timing_s/dump_rollout_generations:0.3182140050921589 - timing_s/step:759.4754222619813 - timing_s/stop_profile:4.884402733296156e-05 - timing_per_token_ms/adv:0.0001712515504170014 - timing_per_token_ms/update_actor:0.34372146350887317 - timing_per_token_ms/gen:0.3483322115463596 - timing_per_token_ms/ref:0.14758785422879495 - perf/total_num_tokens:927913 - perf/time_per_step:759.4754222619813 - perf/throughput:1221.781472843918[36m(TaskRunner pid=3515518)[0m Training Progress:   7%|▋         | 9/133 [1:54:44<26:01:51, 755.73s/it]
[36m(TaskRunner pid=3515518)[0m Training Progress:   8%|▊         | 10/133 [2:07:33<25:57:46, 759.89s/it]

[36m(TaskRunner pid=3515518)[0m Dumped generations to /home/yw4636/agentic-tvg/results/grpo-v2/rollouts/10.jsonl
[36m(TaskRunner pid=3515518)[0m step:10 - global_seqlen/min:925305 - global_seqlen/max:925305 - global_seqlen/minmax_diff:0 - global_seqlen/balanced_min:925305 - global_seqlen/balanced_max:925305 - global_seqlen/mean:925305.0 - actor/entropy:1.0968512296676636 - perf/mfu/actor_infer:0.2980189385742577 - training/rollout_probs_diff_valid:1 - training/rollout_probs_diff_max:0.2377353310585022 - training/rollout_probs_diff_mean:0.008516252040863037 - training/rollout_probs_diff_std:0.012945160269737244 - training/rollout_actor_probs_pearson_corr:0.9991487860679626 - rollout_corr/training_ppl:3.0258142948150635 - rollout_corr/training_log_ppl:1.064205527305603 - rollout_corr/kl:0.0026050531305372715 - rollout_corr/k3_kl:0.0022403751499950886 - rollout_corr/rollout_ppl:3.018383741378784 - rollout_corr/rollout_log_ppl:1.061594843864441 - rollout_corr/log_ppl_diff:0.0026106329169124365 - rollout_corr/log_ppl_abs_diff:0.0035229239147156477 - rollout_corr/log_ppl_diff_max:0.012669742107391357 - rollout_corr/log_ppl_diff_min:-0.0062825679779052734 - rollout_corr/ppl_ratio:1.0026202201843262 - rollout_corr/chi2_token:0.003846406936645508 - rollout_corr/chi2_seq:8.118461608886719 - actor/pg_clipfrac:np.float64(0.0) - actor/ppo_kl:np.float64(0.0) - actor/pg_clipfrac_lower:np.float64(0.0) - actor/pg_loss:np.float64(0.011892733396962285) - actor/kl_loss:np.float64(0.0007072428670653608) - actor/kl_coef:np.float64(0.0010000000000000002) - actor/loss:np.float64(0.011893441900610924) - actor/grad_norm:np.float64(0.05066940560936928) - actor/lr:np.float64(1e-05) - actor/perf/max_memory_allocated_gb:np.float64(39.15089511871338) - actor/perf/max_memory_reserved_gb:np.float64(42.099609375) - actor/perf/cpu_memory_used_gb:np.float64(132.50946426391602) - perf/mfu/actor:np.float64(0.3421942335907533) - training/global_step:10 - training/epoch:0 - critic/score/mean:1.308073878288269 - critic/score/max:2.357142925262451 - critic/score/min:0.5 - critic/rewards/mean:1.308073878288269 - critic/rewards/max:2.357142925262451 - critic/rewards/min:0.5 - critic/advantages/mean:-0.011892751790583134 - critic/advantages/max:2.9454236030578613 - critic/advantages/min:-3.276648759841919 - critic/returns/mean:-0.011892751790583134 - critic/returns/max:2.9454236030578613 - critic/returns/min:-3.276648759841919 - response_length/mean:3185.4453125 - response_length/max:3651.0 - response_length/min:367.0 - response_length/clip_ratio:0.0 - response_length_non_aborted/mean:3185.4453125 - response_length_non_aborted/max:3651.0 - response_length_non_aborted/min:367.0 - response_length_non_aborted/clip_ratio:0.0 - response/aborted_ratio:0.0 - prompt_length/mean:4043.5 - prompt_length/max:4148.0 - prompt_length/min:3945.0 - prompt_length/clip_ratio:0.0 - num_turns/min:np.int32(4) - num_turns/max:np.int32(4) - num_turns/mean:np.float64(4.0) - timing_s/start_profile:6.303493864834309e-05 - timing_s/agent_loop/num_preempted/min:np.int64(-1) - timing_s/agent_loop/num_preempted/max:np.int64(-1) - timing_s/agent_loop/num_preempted/mean:np.float64(-1.0) - timing_s/agent_loop/generate_sequences/min:np.float64(67.49432386201806) - timing_s/agent_loop/generate_sequences/max:np.float64(120.96249132300727) - timing_s/agent_loop/generate_sequences/mean:np.float64(103.15765023312542) - timing_s/agent_loop/tool_calls/min:np.float64(0.00014078698586672544) - timing_s/agent_loop/tool_calls/max:np.float64(0.7963814300019294) - timing_s/agent_loop/tool_calls/mean:np.float64(0.12033361666453857) - timing_s/agent_loop/compute_score/min:np.float64(0.3358810660429299) - timing_s/agent_loop/compute_score/max:np.float64(13.035756758064963) - timing_s/agent_loop/compute_score/mean:np.float64(2.4726774101418414) - timing_s/agent_loop/slowest/generate_sequences:np.float64(120.96249132300727) - timing_s/agent_loop/slowest/tool_calls:np.float64(0.26307773299049586) - timing_s/agent_loop/slowest/compute_score:np.float64(1.7427865009522066) - timing_s/agent_loop/slowest/num_preempted:np.int64(-1) - timing_s/agent_loop/slowest/prompt_length:3945 - timing_s/agent_loop/slowest/response_length:3651 - timing_s/gen:146.78891560493503 - timing_s/reward:0.0003556900192052126 - timing_s/old_log_prob:151.45767000399064 - timing_s/ref:141.89081973501015 - timing_s/adv:0.15973317506723106 - timing_s/update_actor:324.37365173501894 - timing_s/update_weights:3.9712773229693994 - timing_s/dump_rollout_generations:0.32578443898819387 - timing_s/step:769.1233571399935 - timing_s/stop_profile:4.950002767145634e-05 - timing_per_token_ms/adv:0.00017262759313656692 - timing_per_token_ms/update_actor:0.3505586284900859 - timing_per_token_ms/gen:0.36000881844163035 - timing_per_token_ms/ref:0.15334491841610082 - perf/total_num_tokens:925305 - perf/time_per_step:769.1233571399935 - perf/throughput:1203.0644907739797
[36m(TaskRunner pid=3515518)[0m Dumped generations to /home/yw4636/agentic-tvg/results/grpo-v2/rollouts/11.jsonl
[36m(TaskRunner pid=3515518)[0m step:11 - global_seqlen/min:928380 - global_seqlen/max:928380 - global_seqlen/minmax_diff:0 - global_seqlen/balanced_min:928380 - global_seqlen/balanced_max:928380 - global_seqlen/mean:928380.0 - actor/entropy:1.071553349494934 - perf/mfu/actor_infer:0.3003502675521839 - training/rollout_probs_diff_valid:1 - training/rollout_probs_diff_max:0.22063174843788147 - training/rollout_probs_diff_mean:0.00870947353541851 - training/rollout_probs_diff_std:0.013369830325245857 - training/rollout_actor_probs_pearson_corr:0.9990913271903992 - rollout_corr/training_ppl:2.9758853912353516 - rollout_corr/training_log_ppl:1.0574836730957031 - rollout_corr/kl:0.0028074150905013084 - rollout_corr/k3_kl:0.0024591078981757164 - rollout_corr/rollout_ppl:2.967738151550293 - rollout_corr/rollout_log_ppl:1.0547312498092651 - rollout_corr/log_ppl_diff:0.0027523518074303865 - rollout_corr/log_ppl_abs_diff:0.0034258842933923006 - rollout_corr/log_ppl_diff_max:0.01181185245513916 - rollout_corr/log_ppl_diff_min:-0.00995016098022461 - rollout_corr/ppl_ratio:1.0027616024017334 - rollout_corr/chi2_token:0.004603147506713867 - rollout_corr/chi2_seq:0.43660593032836914 - actor/pg_clipfrac:np.float64(0.0) - actor/ppo_kl:np.float64(0.0) - actor/pg_clipfrac_lower:np.float64(0.0) - actor/pg_loss:np.float64(0.01259772974299267) - actor/kl_loss:np.float64(0.0006870339466331643) - actor/kl_coef:np.float64(0.0010000000000000002) - actor/loss:np.float64(0.012598410248756409) - actor/grad_norm:np.float64(0.04914367198944092) - actor/lr:np.float64(1e-05) - actor/perf/max_memory_allocated_gb:np.float64(39.15089511871338) - actor/perf/max_memory_reserved_gb:np.float64(42.099609375) - actor/perf/cpu_memory_used_gb:np.float64(100.39918899536133) - perf/mfu/actor:np.float64(0.3404435051044069) - training/global_step:11 - training/epoch:0 - critic/score/mean:1.2585829496383667 - critic/score/max:2.5 - critic/score/min:0.0 - critic/rewards/mean:1.2585829496383667 - critic/rewards/max:2.5 - critic/rewards/min:0.0 - critic/advantages/mean:-0.012597726657986641 - critic/advantages/max:3.7441420555114746 - critic/advantages/min:-3.184011697769165 - critic/returns/mean:-0.012597726657986641 - critic/returns/max:3.7441420555114746 - critic/returns/min:-3.184011697769165 - response_length/mean:3260.71875 - response_length/max:3670.0 - response_length/min:2939.0 - response_length/clip_ratio:0.0 - response_length_non_aborted/mean:3260.71875 - response_length_non_aborted/max:3670.0 - response_length_non_aborted/min:2939.0 - response_length_non_aborted/clip_ratio:0.0 - response/aborted_ratio:0.0 - prompt_length/mean:3992.25 - prompt_length/max:4143.0 - prompt_length/min:3931.0 - prompt_length/clip_ratio:0.0 - num_turns/min:np.int32(4) - num_turns/max:np.int32(4) - num_turns/mean:np.float64(4.0) - timing_s/start_profile:6.1030033975839615e-05 - timing_s/agent_loop/num_preempted/min:np.int64(-1) - timing_s/agent_loop/num_preempted/max:np.int64(-1) - timing_s/agent_loop/num_preempted/mean:np.float64(-1.0) - timing_s/agent_loop/generate_sequences/min:np.float64(80.89675473002717) - timing_s/agent_loop/generate_sequences/max:np.float64(128.13914779399056) - timing_s/agent_loop/generate_sequences/mean:np.float64(109.51630624303107) - timing_s/agent_loop/tool_calls/min:np.float64(0.06630943599157035) - timing_s/agent_loop/tool_calls/max:np.float64(0.463159522973001) - timing_s/agent_loop/tool_calls/mean:np.float64(0.1363645637393347) - timing_s/agent_loop/compute_score/min:np.float64(0.33218365197535604) - timing_s/agent_loop/compute_score/max:np.float64(15.23744637100026) - timing_s/agent_loop/compute_score/mean:np.float64(2.682765600406128) - timing_s/agent_loop/slowest/generate_sequences:np.float64(124.17113041807897) - timing_s/agent_loop/slowest/tool_calls:np.float64(0.09297342004720122) - timing_s/agent_loop/slowest/compute_score:np.float64(15.23744637100026) - timing_s/agent_loop/slowest/num_preempted:np.int64(-1) - timing_s/agent_loop/slowest/prompt_length:3931 - timing_s/agent_loop/slowest/response_length:3407 - timing_s/gen:163.28298069699667 - timing_s/reward:0.00038156507071107626 - timing_s/old_log_prob:142.4004368300084 - timing_s/ref:134.073260393925 - timing_s/adv:0.17147322301752865 - timing_s/update_actor:319.2192829269916 - timing_s/update_weights:3.95046646008268 - timing_s/dump_rollout_generations:0.32221574906725436 - timing_s/step:763.5983842780115 - timing_s/stop_profile:4.669895861297846e-05 - timing_per_token_ms/adv:0.00018470154787643924 - timing_per_token_ms/update_actor:0.343845497454697 - timing_per_token_ms/gen:0.39121690170159157 - timing_per_token_ms/ref:0.14441636010461772 - perf/total_num_tokens:928380 - perf/time_per_step:763.5983842780115 - perf/throughput:1215.7961817556632[36m(TaskRunner pid=3515518)[0m Training Progress:   8%|▊         | 11/133 [2:20:17<25:47:27, 761.04s/it]
[36m(TaskRunner pid=3515518)[0m Training Progress:   9%|▉         | 12/133 [2:33:12<25:43:25, 765.34s/it]

[36m(TaskRunner pid=3515518)[0m Dumped generations to /home/yw4636/agentic-tvg/results/grpo-v2/rollouts/12.jsonl
[36m(TaskRunner pid=3515518)[0m step:12 - global_seqlen/min:929189 - global_seqlen/max:929189 - global_seqlen/minmax_diff:0 - global_seqlen/balanced_min:929189 - global_seqlen/balanced_max:929189 - global_seqlen/mean:929189.0 - actor/entropy:1.1375627517700195 - perf/mfu/actor_infer:0.29887465051961004 - training/rollout_probs_diff_valid:1 - training/rollout_probs_diff_max:0.3875836133956909 - training/rollout_probs_diff_mean:0.008733057416975498 - training/rollout_probs_diff_std:0.013198352418839931 - training/rollout_actor_probs_pearson_corr:0.9991102814674377 - rollout_corr/training_ppl:3.116986036300659 - rollout_corr/training_log_ppl:1.1121842861175537 - rollout_corr/kl:0.0021097459830343723 - rollout_corr/k3_kl:0.0024141904432326555 - rollout_corr/rollout_ppl:3.1103081703186035 - rollout_corr/rollout_log_ppl:1.1099601984024048 - rollout_corr/log_ppl_diff:0.0022240299731492996 - rollout_corr/log_ppl_abs_diff:0.0029115108773112297 - rollout_corr/log_ppl_diff_max:0.010938167572021484 - rollout_corr/log_ppl_diff_min:-0.004152655601501465 - rollout_corr/ppl_ratio:1.0022311210632324 - rollout_corr/chi2_token:0.005458354949951172 - rollout_corr/chi2_seq:0.8658366203308105 - actor/pg_clipfrac:np.float64(0.0) - actor/ppo_kl:np.float64(0.0) - actor/pg_clipfrac_lower:np.float64(0.0) - actor/pg_loss:np.float64(0.048581969225779176) - actor/kl_loss:np.float64(0.000754163461351709) - actor/kl_coef:np.float64(0.0010000000000000002) - actor/loss:np.float64(0.04858273267745972) - actor/grad_norm:np.float64(0.05347273126244545) - actor/lr:np.float64(1e-05) - actor/perf/max_memory_allocated_gb:np.float64(39.20420265197754) - actor/perf/max_memory_reserved_gb:np.float64(42.099609375) - actor/perf/cpu_memory_used_gb:np.float64(100.04698181152344) - perf/mfu/actor:np.float64(0.3415257887610896) - training/global_step:12 - training/epoch:0 - critic/score/mean:1.0210179090499878 - critic/score/max:2.409090995788574 - critic/score/min:0.016129031777381897 - critic/rewards/mean:1.0210179090499878 - critic/rewards/max:2.409090995788574 - critic/rewards/min:0.016129031777381897 - critic/advantages/mean:-0.04858199134469032 - critic/advantages/max:2.905247211456299 - critic/advantages/min:-2.995713710784912 - critic/returns/mean:-0.04858199134469032 - critic/returns/max:2.905247211456299 - critic/returns/min:-2.995713710784912 - response_length/mean:3217.7890625 - response_length/max:3642.0 - response_length/min:510.0 - response_length/clip_ratio:0.0 - response_length_non_aborted/mean:3217.7890625 - response_length_non_aborted/max:3642.0 - response_length_non_aborted/min:510.0 - response_length_non_aborted/clip_ratio:0.0 - response/aborted_ratio:0.0 - prompt_length/mean:4041.5 - prompt_length/max:4145.0 - prompt_length/min:3936.0 - prompt_length/clip_ratio:0.0 - num_turns/min:np.int32(4) - num_turns/max:np.int32(4) - num_turns/mean:np.float64(4.0) - timing_s/start_profile:5.6606950238347054e-05 - timing_s/agent_loop/num_preempted/min:np.int64(-1) - timing_s/agent_loop/num_preempted/max:np.int64(-1) - timing_s/agent_loop/num_preempted/mean:np.float64(-1.0) - timing_s/agent_loop/generate_sequences/min:np.float64(72.82374548690859) - timing_s/agent_loop/generate_sequences/max:np.float64(121.3423847189406) - timing_s/agent_loop/generate_sequences/mean:np.float64(105.1017450894069) - timing_s/agent_loop/tool_calls/min:np.float64(0.0001030949642881751) - timing_s/agent_loop/tool_calls/max:np.float64(0.839919152087532) - timing_s/agent_loop/tool_calls/mean:np.float64(0.15148987175962247) - timing_s/agent_loop/compute_score/min:np.float64(0.3265283500077203) - timing_s/agent_loop/compute_score/max:np.float64(26.62951678002719) - timing_s/agent_loop/compute_score/mean:np.float64(2.5901525264844167) - timing_s/agent_loop/slowest/generate_sequences:np.float64(115.96111687994562) - timing_s/agent_loop/slowest/tool_calls:np.float64(0.28228643408510834) - timing_s/agent_loop/slowest/compute_score:np.float64(26.62951678002719) - timing_s/agent_loop/slowest/num_preempted:np.int64(-1) - timing_s/agent_loop/slowest/prompt_length:3954 - timing_s/agent_loop/slowest/response_length:3480 - timing_s/gen:168.65284746990073 - timing_s/reward:0.0005077590467408299 - timing_s/old_log_prob:149.4467948350357 - timing_s/ref:133.9376539349323 - timing_s/adv:0.16448387608397752 - timing_s/update_actor:318.4730112409452 - timing_s/update_weights:3.9494363659759983 - timing_s/dump_rollout_generations:0.32181407196912915 - timing_s/step:775.0900649629766 - timing_s/stop_profile:5.052797496318817e-05 - timing_per_token_ms/adv:0.00017701875085044863 - timing_per_token_ms/update_actor:0.342742984732864 - timing_per_token_ms/gen:0.4094738173529979 - timing_per_token_ms/ref:0.14414468308915873 - perf/total_num_tokens:929189 - perf/time_per_step:775.0900649629766 - perf/throughput:1198.8142307621813
[36m(TaskRunner pid=3515518)[0m Dumped generations to /home/yw4636/agentic-tvg/results/grpo-v2/rollouts/13.jsonl
[36m(TaskRunner pid=3515518)[0m step:13 - global_seqlen/min:918316 - global_seqlen/max:918316 - global_seqlen/minmax_diff:0 - global_seqlen/balanced_min:918316 - global_seqlen/balanced_max:918316 - global_seqlen/mean:918316.0 - actor/entropy:1.106525182723999 - perf/mfu/actor_infer:0.29937801952146786 - training/rollout_probs_diff_valid:1 - training/rollout_probs_diff_max:0.3954501748085022 - training/rollout_probs_diff_mean:0.0090580303221941 - training/rollout_probs_diff_std:0.01381274126470089 - training/rollout_actor_probs_pearson_corr:0.9990249872207642 - rollout_corr/training_ppl:3.002244710922241 - rollout_corr/training_log_ppl:1.0757195949554443 - rollout_corr/kl:0.0025454421993345022 - rollout_corr/k3_kl:0.0026162867434322834 - rollout_corr/rollout_ppl:2.994716167449951 - rollout_corr/rollout_log_ppl:1.0732101202011108 - rollout_corr/log_ppl_diff:0.002509558340534568 - rollout_corr/log_ppl_abs_diff:0.003490174887701869 - rollout_corr/log_ppl_diff_max:0.010113000869750977 - rollout_corr/log_ppl_diff_min:-0.007264971733093262 - rollout_corr/ppl_ratio:1.002518653869629 - rollout_corr/chi2_token:0.005461454391479492 - rollout_corr/chi2_seq:8.645727157592773 - actor/pg_clipfrac:np.float64(0.0) - actor/ppo_kl:np.float64(0.0) - actor/pg_clipfrac_lower:np.float64(0.0) - actor/pg_loss:np.float64(0.0009152909624390304) - actor/kl_loss:np.float64(0.0007263066809173324) - actor/kl_coef:np.float64(0.0010000000000000002) - actor/loss:np.float64(0.0009160265326499939) - actor/grad_norm:np.float64(0.0497552827000618) - actor/lr:np.float64(1e-05) - actor/perf/max_memory_allocated_gb:np.float64(39.20420265197754) - actor/perf/max_memory_reserved_gb:np.float64(42.099609375) - actor/perf/cpu_memory_used_gb:np.float64(115.94384384155273) - perf/mfu/actor:np.float64(0.3428512777474645) - training/global_step:13 - training/epoch:0 - critic/score/mean:1.3019016981124878 - critic/score/max:2.3920862674713135 - critic/score/min:0.5 - critic/rewards/mean:1.3019016981124878 - critic/rewards/max:2.3920862674713135 - critic/rewards/min:0.5 - critic/advantages/mean:-0.000915289914701134 - critic/advantages/max:2.351881742477417 - critic/advantages/min:-2.409450054168701 - critic/returns/mean:-0.000915289914701134 - critic/returns/max:2.351881742477417 - critic/returns/min:-2.409450054168701 - response_length/mean:3230.59375 - response_length/max:3644.0 - response_length/min:279.0 - response_length/clip_ratio:0.0 - response_length_non_aborted/mean:3230.59375 - response_length_non_aborted/max:3644.0 - response_length_non_aborted/min:279.0 - response_length_non_aborted/clip_ratio:0.0 - response/aborted_ratio:0.0 - prompt_length/mean:3943.75 - prompt_length/max:4128.0 - prompt_length/min:3755.0 - prompt_length/clip_ratio:0.0 - num_turns/min:np.int32(4) - num_turns/max:np.int32(4) - num_turns/mean:np.float64(4.0) - timing_s/start_profile:5.3616007789969444e-05 - timing_s/agent_loop/num_preempted/min:np.int64(-1) - timing_s/agent_loop/num_preempted/max:np.int64(-1) - timing_s/agent_loop/num_preempted/mean:np.float64(-1.0) - timing_s/agent_loop/generate_sequences/min:np.float64(65.60778027202468) - timing_s/agent_loop/generate_sequences/max:np.float64(118.60740554193035) - timing_s/agent_loop/generate_sequences/mean:np.float64(102.09355931296795) - timing_s/agent_loop/tool_calls/min:np.float64(0.00034148001577705145) - timing_s/agent_loop/tool_calls/max:np.float64(0.528148325975053) - timing_s/agent_loop/tool_calls/mean:np.float64(0.1302274704003139) - timing_s/agent_loop/compute_score/min:np.float64(0.3425817460520193) - timing_s/agent_loop/compute_score/max:np.float64(10.237303166999482) - timing_s/agent_loop/compute_score/mean:np.float64(2.4771082354354803) - timing_s/agent_loop/slowest/generate_sequences:np.float64(118.60740554193035) - timing_s/agent_loop/slowest/tool_calls:np.float64(0.08317104808520526) - timing_s/agent_loop/slowest/compute_score:np.float64(2.1971824530046433) - timing_s/agent_loop/slowest/num_preempted:np.int64(-1) - timing_s/agent_loop/slowest/prompt_length:3755 - timing_s/agent_loop/slowest/response_length:3282 - timing_s/gen:146.6063973150449 - timing_s/reward:0.00046327803283929825 - timing_s/old_log_prob:144.20035982097033 - timing_s/ref:141.1840107650496 - timing_s/adv:0.16549364407546818 - timing_s/update_actor:314.1470110369846 - timing_s/update_weights:3.9261815199861303 - timing_s/dump_rollout_generations:0.32049361197277904 - timing_s/step:750.7214404620463 - timing_s/stop_profile:4.715798422694206e-05 - timing_per_token_ms/adv:0.00018021426619537086 - timing_per_token_ms/update_actor:0.3420903164455205 - timing_per_token_ms/gen:0.3545362145963999 - timing_per_token_ms/ref:0.15374229651345464 - perf/total_num_tokens:918316 - perf/time_per_step:750.7214404620463 - perf/throughput:1223.2446690676695[36m(TaskRunner pid=3515518)[0m Training Progress:  10%|▉         | 13/133 [2:45:43<25:21:51, 760.93s/it]
[36m(AgentLoopWorker pid=3518507)[0m ERROR:2026-09-02 02:00:43,086:Failed to decode tool call: Extra data: line 2 column 9 (char 9)
[36m(TaskRunner pid=3515518)[0m Training Progress:  11%|█         | 14/133 [2:58:38<25:17:59, 765.37s/it]
[36m(AgentLoopWorker pid=3518511)[0m ERROR:2026-09-02 02:14:42,702:Failed to decode tool call: Expecting value: line 2 column 1 (char 1)

[36m(TaskRunner pid=3515518)[0m Dumped generations to /home/yw4636/agentic-tvg/results/grpo-v2/rollouts/14.jsonl
[36m(TaskRunner pid=3515518)[0m step:14 - global_seqlen/min:912769 - global_seqlen/max:912769 - global_seqlen/minmax_diff:0 - global_seqlen/balanced_min:912769 - global_seqlen/balanced_max:912769 - global_seqlen/mean:912769.0 - actor/entropy:1.1220372915267944 - perf/mfu/actor_infer:0.2988041089532128 - training/rollout_probs_diff_valid:1 - training/rollout_probs_diff_max:0.2898310124874115 - training/rollout_probs_diff_mean:0.009283488616347313 - training/rollout_probs_diff_std:0.013970003463327885 - training/rollout_actor_probs_pearson_corr:0.9989877343177795 - rollout_corr/training_ppl:3.1318204402923584 - rollout_corr/training_log_ppl:1.1108897924423218 - rollout_corr/kl:0.002861840883269906 - rollout_corr/k3_kl:0.002684956882148981 - rollout_corr/rollout_ppl:3.1220788955688477 - rollout_corr/rollout_log_ppl:1.107957124710083 - rollout_corr/log_ppl_diff:0.0029326912481337786 - rollout_corr/log_ppl_abs_diff:0.0037228341680020094 - rollout_corr/log_ppl_diff_max:0.01396036148071289 - rollout_corr/log_ppl_diff_min:-0.006641268730163574 - rollout_corr/ppl_ratio:1.0029430389404297 - rollout_corr/chi2_token:0.0051375627517700195 - rollout_corr/chi2_seq:2.074192762374878 - actor/pg_clipfrac:np.float64(0.0) - actor/ppo_kl:np.float64(0.0) - actor/pg_clipfrac_lower:np.float64(0.0) - actor/pg_loss:np.float64(-0.027610636519966647) - actor/kl_loss:np.float64(0.0007240474733407609) - actor/kl_coef:np.float64(0.0010000000000000002) - actor/loss:np.float64(-0.027609914541244507) - actor/grad_norm:np.float64(0.05036796256899834) - actor/lr:np.float64(1e-05) - actor/perf/max_memory_allocated_gb:np.float64(39.20420265197754) - actor/perf/max_memory_reserved_gb:np.float64(42.099609375) - actor/perf/cpu_memory_used_gb:np.float64(131.9629783630371) - perf/mfu/actor:np.float64(0.3422138155957376) - training/global_step:14 - training/epoch:0 - critic/score/mean:1.1990106105804443 - critic/score/max:2.4674999713897705 - critic/score/min:0.0 - critic/rewards/mean:1.1990106105804443 - critic/rewards/max:2.4674999713897705 - critic/rewards/min:0.0 - critic/advantages/mean:0.027610648423433304 - critic/advantages/max:2.4710028171539307 - critic/advantages/min:-3.0790934562683105 - critic/returns/mean:0.027610648423433304 - critic/returns/max:2.4710028171539307 - critic/returns/min:-3.0790934562683105 - response_length/mean:3201.3828125 - response_length/max:3574.0 - response_length/min:114.0 - response_length/clip_ratio:0.0 - response_length_non_aborted/mean:3201.3828125 - response_length_non_aborted/max:3574.0 - response_length_non_aborted/min:114.0 - response_length_non_aborted/clip_ratio:0.0 - response/aborted_ratio:0.0 - prompt_length/mean:3929.625 - prompt_length/max:4133.0 - prompt_length/min:3630.0 - prompt_length/clip_ratio:0.0 - num_turns/min:np.int32(2) - num_turns/max:np.int32(4) - num_turns/mean:np.float64(3.96875) - timing_s/start_profile:5.485001020133495e-05 - timing_s/agent_loop/num_preempted/min:np.int64(-1) - timing_s/agent_loop/num_preempted/max:np.int64(-1) - timing_s/agent_loop/num_preempted/mean:np.float64(-1.0) - timing_s/agent_loop/generate_sequences/min:np.float64(31.106808529002592) - timing_s/agent_loop/generate_sequences/max:np.float64(112.89407957193907) - timing_s/agent_loop/generate_sequences/mean:np.float64(97.30594391537034) - timing_s/agent_loop/tool_calls/min:np.float64(0.0) - timing_s/agent_loop/tool_calls/max:np.float64(0.48304276599083096) - timing_s/agent_loop/tool_calls/mean:np.float64(0.13602821914537344) - timing_s/agent_loop/compute_score/min:np.float64(0.23226173501461744) - timing_s/agent_loop/compute_score/max:np.float64(32.622909280937165) - timing_s/agent_loop/compute_score/mean:np.float64(2.986145446328919) - timing_s/agent_loop/slowest/generate_sequences:np.float64(107.3319926110562) - timing_s/agent_loop/slowest/tool_calls:np.float64(0.10731429897714406) - timing_s/agent_loop/slowest/compute_score:np.float64(32.622909280937165) - timing_s/agent_loop/slowest/num_preempted:np.int64(-1) - timing_s/agent_loop/slowest/prompt_length:3957 - timing_s/agent_loop/slowest/response_length:3326 - timing_s/gen:160.96730433194898 - timing_s/reward:0.0004262910224497318 - timing_s/old_log_prob:149.08169948600698 - timing_s/ref:138.88189060997684 - timing_s/adv:0.16506608796771616 - timing_s/update_actor:322.02905134798493 - timing_s/update_weights:3.952225888031535 - timing_s/dump_rollout_generations:0.32541543000843376 - timing_s/step:775.5756899139378 - timing_s/stop_profile:4.818697925657034e-05 - timing_per_token_ms/adv:0.00018084103203298553 - timing_per_token_ms/update_actor:0.35280454457588384 - timing_per_token_ms/gen:0.3928168353322636 - timing_per_token_ms/ref:0.15215447786896447 - perf/total_num_tokens:912769 - perf/time_per_step:775.5756899139378 - perf/throughput:1176.8922258268383
[36m(TaskRunner pid=3515518)[0m Dumped generations to /home/yw4636/agentic-tvg/results/grpo-v2/rollouts/15.jsonl
[36m(TaskRunner pid=3515518)[0m step:15 - global_seqlen/min:929971 - global_seqlen/max:929971 - global_seqlen/minmax_diff:0 - global_seqlen/balanced_min:929971 - global_seqlen/balanced_max:929971 - global_seqlen/mean:929971.0 - actor/entropy:1.3177446126937866 - perf/mfu/actor_infer:0.2986901408243866 - training/rollout_probs_diff_valid:1 - training/rollout_probs_diff_max:0.6622013449668884 - training/rollout_probs_diff_mean:0.008559951558709145 - training/rollout_probs_diff_std:0.013674053363502026 - training/rollout_actor_probs_pearson_corr:0.999102771282196 - rollout_corr/training_ppl:25.217166900634766 - rollout_corr/training_log_ppl:1.1200928688049316 - rollout_corr/kl:0.00320892920717597 - rollout_corr/k3_kl:0.002667128574103117 - rollout_corr/rollout_ppl:24.988826751708984 - rollout_corr/rollout_log_ppl:1.1171238422393799 - rollout_corr/log_ppl_diff:0.002969189081341028 - rollout_corr/log_ppl_abs_diff:0.0037583806551992893 - rollout_corr/log_ppl_diff_max:0.017212271690368652 - rollout_corr/log_ppl_diff_min:-0.00917506217956543 - rollout_corr/ppl_ratio:1.0029802322387695 - rollout_corr/chi2_token:0.003868699073791504 - rollout_corr/chi2_seq:2.1235544681549072 - actor/pg_clipfrac:np.float64(0.0) - actor/ppo_kl:np.float64(0.0) - actor/pg_clipfrac_lower:np.float64(0.0) - actor/pg_loss:np.float64(0.08684871569857933) - actor/kl_loss:np.float64(0.0007095613418641733) - actor/kl_coef:np.float64(0.0010000000000000002) - actor/loss:np.float64(0.08684941381216049) - actor/grad_norm:np.float64(0.05283748358488083) - actor/lr:np.float64(1e-05) - actor/perf/max_memory_allocated_gb:np.float64(39.20420265197754) - actor/perf/max_memory_reserved_gb:np.float64(42.099609375) - actor/perf/cpu_memory_used_gb:np.float64(100.18264389038086) - perf/mfu/actor:np.float64(0.3394087646014237) - training/global_step:15 - training/epoch:0 - critic/score/mean:1.1260130405426025 - critic/score/max:2.3321428298950195 - critic/score/min:0.5 - critic/rewards/mean:1.1260130405426025 - critic/rewards/max:2.3321428298950195 - critic/rewards/min:0.5 - critic/advantages/mean:-0.08684870600700378 - critic/advantages/max:3.1285836696624756 - critic/advantages/min:-2.186344861984253 - critic/returns/mean:-0.08684870600700378 - critic/returns/max:3.1285836696624756 - critic/returns/min:-2.186344861984253 - response_length/mean:3272.5234375 - response_length/max:4796.0 - response_length/min:2935.0 - response_length/clip_ratio:0.0 - response_length_non_aborted/mean:3272.5234375 - response_length_non_aborted/max:4796.0 - response_length_non_aborted/min:2935.0 - response_length_non_aborted/clip_ratio:0.0 - response/aborted_ratio:0.0 - prompt_length/mean:3992.875 - prompt_length/max:4137.0 - prompt_length/min:3936.0 - prompt_length/clip_ratio:0.0 - num_turns/min:np.int32(4) - num_turns/max:np.int32(4) - num_turns/mean:np.float64(4.0) - timing_s/start_profile:5.432602483779192e-05 - timing_s/agent_loop/num_preempted/min:np.int64(-1) - timing_s/agent_loop/num_preempted/max:np.int64(-1) - timing_s/agent_loop/num_preempted/mean:np.float64(-1.0) - timing_s/agent_loop/generate_sequences/min:np.float64(59.63203440699726) - timing_s/agent_loop/generate_sequences/max:np.float64(140.9032574519515) - timing_s/agent_loop/generate_sequences/mean:np.float64(107.66944851639528) - timing_s/agent_loop/tool_calls/min:np.float64(0.062024998012930155) - timing_s/agent_loop/tool_calls/max:np.float64(0.9578890359262004) - timing_s/agent_loop/tool_calls/mean:np.float64(0.1510281580813171) - timing_s/agent_loop/compute_score/min:np.float64(0.33638762100599706) - timing_s/agent_loop/compute_score/max:np.float64(34.53677023295313) - timing_s/agent_loop/compute_score/mean:np.float64(2.880615496395876) - timing_s/agent_loop/slowest/generate_sequences:np.float64(118.27113623090554) - timing_s/agent_loop/slowest/tool_calls:np.float64(0.11047036794479936) - timing_s/agent_loop/slowest/compute_score:np.float64(34.53677023295313) - timing_s/agent_loop/slowest/num_preempted:np.int64(-1) - timing_s/agent_loop/slowest/prompt_length:3956 - timing_s/agent_loop/slowest/response_length:3355 - timing_s/gen:179.9203045789618 - timing_s/reward:0.00045312091242522 - timing_s/old_log_prob:153.5144704009872 - timing_s/ref:134.0451513279695 - timing_s/adv:0.16371634893584996 - timing_s/update_actor:322.13016246201005 - timing_s/update_weights:4.053170796949416 - timing_s/dump_rollout_generations:0.2952414689352736 - timing_s/step:794.307366493973 - timing_s/stop_profile:5.379307549446821e-05 - timing_per_token_ms/adv:0.00017604457443925667 - timing_per_token_ms/update_actor:0.3463873201013903 - timing_per_token_ms/gen:0.42952400689204817 - timing_per_token_ms/ref:0.14413906597944398 - perf/total_num_tokens:929971 - perf/time_per_step:794.307366493973 - perf/throughput:1170.7948827225896[36m(TaskRunner pid=3515518)[0m Training Progress:  11%|█▏        | 15/133 [3:11:53<25:22:25, 774.11s/it]
[36m(TaskRunner pid=3515518)[0m Training Progress:  12%|█▏        | 16/133 [3:24:24<24:56:03, 767.21s/it]

[36m(TaskRunner pid=3515518)[0m Dumped generations to /home/yw4636/agentic-tvg/results/grpo-v2/rollouts/16.jsonl
[36m(TaskRunner pid=3515518)[0m step:16 - global_seqlen/min:930697 - global_seqlen/max:930697 - global_seqlen/minmax_diff:0 - global_seqlen/balanced_min:930697 - global_seqlen/balanced_max:930697 - global_seqlen/mean:930697.0 - actor/entropy:1.0940121412277222 - perf/mfu/actor_infer:0.29948107819274944 - training/rollout_probs_diff_valid:1 - training/rollout_probs_diff_max:0.27311623096466064 - training/rollout_probs_diff_mean:0.008881160989403725 - training/rollout_probs_diff_std:0.013201149180531502 - training/rollout_actor_probs_pearson_corr:0.9990822076797485 - rollout_corr/training_ppl:2.964698314666748 - rollout_corr/training_log_ppl:1.0661287307739258 - rollout_corr/kl:0.002017256570979953 - rollout_corr/k3_kl:0.0023075055796653032 - rollout_corr/rollout_ppl:2.9585180282592773 - rollout_corr/rollout_log_ppl:1.0640934705734253 - rollout_corr/log_ppl_diff:0.0020353372674435377 - rollout_corr/log_ppl_abs_diff:0.003314067842438817 - rollout_corr/log_ppl_diff_max:0.012340843677520752 - rollout_corr/log_ppl_diff_min:-0.006681919097900391 - rollout_corr/ppl_ratio:1.0020439624786377 - rollout_corr/chi2_token:0.005294203758239746 - rollout_corr/chi2_seq:33.440757751464844 - actor/pg_clipfrac:np.float64(0.0) - actor/ppo_kl:np.float64(0.0) - actor/pg_clipfrac_lower:np.float64(0.0) - actor/pg_loss:np.float64(0.018620242031829548) - actor/kl_loss:np.float64(0.0007346821421378991) - actor/kl_coef:np.float64(0.0010000000000000002) - actor/loss:np.float64(0.01862097531557083) - actor/grad_norm:np.float64(0.04837259277701378) - actor/lr:np.float64(1e-05) - actor/perf/max_memory_allocated_gb:np.float64(39.20420265197754) - actor/perf/max_memory_reserved_gb:np.float64(42.099609375) - actor/perf/cpu_memory_used_gb:np.float64(101.05015563964844) - perf/mfu/actor:np.float64(0.34262465919490187) - training/global_step:16 - training/epoch:0 - critic/score/mean:1.2811293601989746 - critic/score/max:2.4210526943206787 - critic/score/min:0.5 - critic/rewards/mean:1.2811293601989746 - critic/rewards/max:2.4210526943206787 - critic/rewards/min:0.5 - critic/advantages/mean:-0.01862022839486599 - critic/advantages/max:2.5900778770446777 - critic/advantages/min:-2.009294033050537 - critic/returns/mean:-0.01862022839486599 - critic/returns/max:2.5900778770446777 - critic/returns/min:-2.009294033050537 - response_length/mean:3275.9453125 - response_length/max:3630.0 - response_length/min:2965.0 - response_length/clip_ratio:0.0 - response_length_non_aborted/mean:3275.9453125 - response_length_non_aborted/max:3630.0 - response_length_non_aborted/min:2965.0 - response_length_non_aborted/clip_ratio:0.0 - response/aborted_ratio:0.0 - prompt_length/mean:3995.125 - prompt_length/max:4143.0 - prompt_length/min:3939.0 - prompt_length/clip_ratio:0.0 - num_turns/min:np.int32(4) - num_turns/max:np.int32(4) - num_turns/mean:np.float64(4.0) - timing_s/start_profile:5.575490649789572e-05 - timing_s/agent_loop/num_preempted/min:np.int64(-1) - timing_s/agent_loop/num_preempted/max:np.int64(-1) - timing_s/agent_loop/num_preempted/mean:np.float64(-1.0) - timing_s/agent_loop/generate_sequences/min:np.float64(64.9419637931278) - timing_s/agent_loop/generate_sequences/max:np.float64(124.19935301400255) - timing_s/agent_loop/generate_sequences/mean:np.float64(106.53817301149775) - timing_s/agent_loop/tool_calls/min:np.float64(0.06319203600287437) - timing_s/agent_loop/tool_calls/max:np.float64(0.8066785170231014) - timing_s/agent_loop/tool_calls/mean:np.float64(0.15295099478134944) - timing_s/agent_loop/compute_score/min:np.float64(0.3233640310354531) - timing_s/agent_loop/compute_score/max:np.float64(13.134911780944094) - timing_s/agent_loop/compute_score/mean:np.float64(2.1151669129994843) - timing_s/agent_loop/slowest/generate_sequences:np.float64(116.9571757010417) - timing_s/agent_loop/slowest/tool_calls:np.float64(0.13779530697502196) - timing_s/agent_loop/slowest/compute_score:np.float64(13.134911780944094) - timing_s/agent_loop/slowest/num_preempted:np.int64(-1) - timing_s/agent_loop/slowest/prompt_length:4143 - timing_s/agent_loop/slowest/response_length:3158 - timing_s/gen:154.3871536689112 - timing_s/reward:0.0005099569680169225 - timing_s/old_log_prob:141.71271857898682 - timing_s/ref:132.71130362607073 - timing_s/adv:0.16289609507657588 - timing_s/update_actor:316.5447245910764 - timing_s/update_weights:3.9602274280041456 - timing_s/dump_rollout_generations:0.3211579869966954 - timing_s/step:749.9654666329734 - timing_s/stop_profile:4.8359972424805164e-05 - timing_per_token_ms/adv:0.00017502591614303674 - timing_per_token_ms/update_actor:0.34011576763552087 - timing_per_token_ms/gen:0.36818369141758034 - timing_per_token_ms/ref:0.1425934580492585 - perf/total_num_tokens:930697 - perf/time_per_step:749.9654666329734 - perf/throughput:1240.9864739218388
[36m(TaskRunner pid=3515518)[0m Dumped generations to /home/yw4636/agentic-tvg/results/grpo-v2/rollouts/17.jsonl
[36m(TaskRunner pid=3515518)[0m step:17 - global_seqlen/min:926953 - global_seqlen/max:926953 - global_seqlen/minmax_diff:0 - global_seqlen/balanced_min:926953 - global_seqlen/balanced_max:926953 - global_seqlen/mean:926953.0 - actor/entropy:1.1011186838150024 - perf/mfu/actor_infer:0.2992290696170405 - training/rollout_probs_diff_valid:1 - training/rollout_probs_diff_max:0.24508878588676453 - training/rollout_probs_diff_mean:0.008887715637683868 - training/rollout_probs_diff_std:0.013238479383289814 - training/rollout_actor_probs_pearson_corr:0.9990917444229126 - rollout_corr/training_ppl:3.031876802444458 - rollout_corr/training_log_ppl:1.0827126502990723 - rollout_corr/kl:0.002663932740688324 - rollout_corr/k3_kl:0.0025714184157550335 - rollout_corr/rollout_ppl:3.023874282836914 - rollout_corr/rollout_log_ppl:1.080165147781372 - rollout_corr/log_ppl_diff:0.002547365613281727 - rollout_corr/log_ppl_abs_diff:0.003416452556848526 - rollout_corr/log_ppl_diff_max:0.014615297317504883 - rollout_corr/log_ppl_diff_min:-0.009961605072021484 - rollout_corr/ppl_ratio:1.0025570392608643 - rollout_corr/chi2_token:0.0051937103271484375 - rollout_corr/chi2_seq:23.62431526184082 - actor/pg_clipfrac:np.float64(0.0) - actor/ppo_kl:np.float64(0.0) - actor/pg_clipfrac_lower:np.float64(0.0) - actor/pg_loss:np.float64(0.03570816835417645) - actor/kl_loss:np.float64(0.0007254983047459973) - actor/kl_coef:np.float64(0.0010000000000000002) - actor/loss:np.float64(0.03570888191461563) - actor/grad_norm:np.float64(0.049554772675037384) - actor/lr:np.float64(1e-05) - actor/perf/max_memory_allocated_gb:np.float64(39.20420265197754) - actor/perf/max_memory_reserved_gb:np.float64(42.099609375) - actor/perf/cpu_memory_used_gb:np.float64(117.42290496826172) - perf/mfu/actor:np.float64(0.3426535210092034) - training/global_step:17 - training/epoch:0 - critic/score/mean:1.3576135635375977 - critic/score/max:2.446969747543335 - critic/score/min:0.0 - critic/rewards/mean:1.3576135635375977 - critic/rewards/max:2.446969747543335 - critic/rewards/min:0.0 - critic/advantages/mean:-0.03570818156003952 - critic/advantages/max:1.8035800457000732 - critic/advantages/min:-2.638963222503662 - critic/returns/mean:-0.03570818156003952 - critic/returns/max:1.8035800457000732 - critic/returns/min:-2.638963222503662 - response_length/mean:3251.1953125 - response_length/max:3706.0 - response_length/min:2864.0 - response_length/clip_ratio:0.0 - response_length_non_aborted/mean:3251.1953125 - response_length_non_aborted/max:3706.0 - response_length_non_aborted/min:2864.0 - response_length_non_aborted/clip_ratio:0.0 - response/aborted_ratio:0.0 - prompt_length/mean:3990.625 - prompt_length/max:4134.0 - prompt_length/min:3933.0 - prompt_length/clip_ratio:0.0 - num_turns/min:np.int32(4) - num_turns/max:np.int32(4) - num_turns/mean:np.float64(4.0) - timing_s/start_profile:5.588401108980179e-05 - timing_s/agent_loop/num_preempted/min:np.int64(-1) - timing_s/agent_loop/num_preempted/max:np.int64(-1) - timing_s/agent_loop/num_preempted/mean:np.float64(-1.0) - timing_s/agent_loop/generate_sequences/min:np.float64(65.62819505005609) - timing_s/agent_loop/generate_sequences/max:np.float64(116.46220054698642) - timing_s/agent_loop/generate_sequences/mean:np.float64(100.4944973327847) - timing_s/agent_loop/tool_calls/min:np.float64(0.06497395504266024) - timing_s/agent_loop/tool_calls/max:np.float64(0.7011093540349975) - timing_s/agent_loop/tool_calls/mean:np.float64(0.1325575934124572) - timing_s/agent_loop/compute_score/min:np.float64(0.33314527198672295) - timing_s/agent_loop/compute_score/max:np.float64(8.349221179960296) - timing_s/agent_loop/compute_score/mean:np.float64(2.293054263589511) - timing_s/agent_loop/slowest/generate_sequences:np.float64(113.46443480602466) - timing_s/agent_loop/slowest/tool_calls:np.float64(0.08722923998720944) - timing_s/agent_loop/slowest/compute_score:np.float64(8.349221179960296) - timing_s/agent_loop/slowest/num_preempted:np.int64(-1) - timing_s/agent_loop/slowest/prompt_length:3945 - timing_s/agent_loop/slowest/response_length:3388 - timing_s/gen:147.31821338203736 - timing_s/reward:0.00040634104516357183 - timing_s/old_log_prob:144.38351483701263 - timing_s/ref:142.29472285695374 - timing_s/adv:0.16433843900449574 - timing_s/update_actor:319.14873972791247 - timing_s/update_weights:4.042999728000723 - timing_s/dump_rollout_generations:0.3158000319963321 - timing_s/step:757.8237102139974 - timing_s/stop_profile:4.827592056244612e-05 - timing_per_token_ms/adv:0.00017728885823175042 - timing_per_token_ms/update_actor:0.34429872898400726 - timing_per_token_ms/gen:0.35400012346910237 - timing_per_token_ms/ref:0.15350802344558326 - perf/total_num_tokens:926953 - perf/time_per_step:757.8237102139974 - perf/throughput:1223.1776170453193[36m(TaskRunner pid=3515518)[0m Training Progress:  13%|█▎        | 17/133 [3:37:02<24:37:50, 764.40s/it]
[36m(TaskRunner pid=3515518)[0m Training Progress:  14%|█▎        | 18/133 [3:49:28<24:14:35, 758.92s/it]

[36m(TaskRunner pid=3515518)[0m Dumped generations to /home/yw4636/agentic-tvg/results/grpo-v2/rollouts/18.jsonl
[36m(TaskRunner pid=3515518)[0m step:18 - global_seqlen/min:915621 - global_seqlen/max:915621 - global_seqlen/minmax_diff:0 - global_seqlen/balanced_min:915621 - global_seqlen/balanced_max:915621 - global_seqlen/mean:915621.0 - actor/entropy:1.0772745609283447 - perf/mfu/actor_infer:0.2977641109278895 - training/rollout_probs_diff_valid:1 - training/rollout_probs_diff_max:0.22415009140968323 - training/rollout_probs_diff_mean:0.009140185080468655 - training/rollout_probs_diff_std:0.013678333722054958 - training/rollout_actor_probs_pearson_corr:0.9990188479423523 - rollout_corr/training_ppl:2.9482946395874023 - rollout_corr/training_log_ppl:1.0541741847991943 - rollout_corr/kl:0.0025461132172495127 - rollout_corr/k3_kl:0.002531941281631589 - rollout_corr/rollout_ppl:2.94124436378479 - rollout_corr/rollout_log_ppl:1.0516788959503174 - rollout_corr/log_ppl_diff:0.002495225053280592 - rollout_corr/log_ppl_abs_diff:0.003463477361947298 - rollout_corr/log_ppl_diff_max:0.015182256698608398 - rollout_corr/log_ppl_diff_min:-0.006327033042907715 - rollout_corr/ppl_ratio:1.0025056600570679 - rollout_corr/chi2_token:0.005099654197692871 - rollout_corr/chi2_seq:3.211038589477539 - actor/pg_clipfrac:np.float64(0.0) - actor/ppo_kl:np.float64(0.0) - actor/pg_clipfrac_lower:np.float64(0.0) - actor/pg_loss:np.float64(0.028681683907052502) - actor/kl_loss:np.float64(0.0007178810174082173) - actor/kl_coef:np.float64(0.0010000000000000002) - actor/loss:np.float64(0.028682399541139603) - actor/grad_norm:np.float64(0.05350162461400032) - actor/lr:np.float64(1e-05) - actor/perf/max_memory_allocated_gb:np.float64(39.20420265197754) - actor/perf/max_memory_reserved_gb:np.float64(42.099609375) - actor/perf/cpu_memory_used_gb:np.float64(100.79783630371094) - perf/mfu/actor:np.float64(0.3414530648885163) - training/global_step:18 - training/epoch:0 - critic/score/mean:1.1904453039169312 - critic/score/max:2.5 - critic/score/min:0.5 - critic/rewards/mean:1.1904453039169312 - critic/rewards/max:2.5 - critic/rewards/min:0.5 - critic/advantages/mean:-0.02868168242275715 - critic/advantages/max:2.716435670852661 - critic/advantages/min:-2.7465579509735107 - critic/returns/mean:-0.02868168242275715 - critic/returns/max:2.716435670852661 - critic/returns/min:-2.7465579509735107 - response_length/mean:3177.7890625 - response_length/max:3629.0 - response_length/min:2719.0 - response_length/clip_ratio:0.0 - response_length_non_aborted/mean:3177.7890625 - response_length_non_aborted/max:3629.0 - response_length_non_aborted/min:2719.0 - response_length_non_aborted/clip_ratio:0.0 - response/aborted_ratio:0.0 - prompt_length/mean:3975.5 - prompt_length/max:4141.0 - prompt_length/min:3615.0 - prompt_length/clip_ratio:0.0 - num_turns/min:np.int32(4) - num_turns/max:np.int32(4) - num_turns/mean:np.float64(4.0) - timing_s/start_profile:7.485691457986832e-05 - timing_s/agent_loop/num_preempted/min:np.int64(-1) - timing_s/agent_loop/num_preempted/max:np.int64(-1) - timing_s/agent_loop/num_preempted/mean:np.float64(-1.0) - timing_s/agent_loop/generate_sequences/min:np.float64(66.48300675302744) - timing_s/agent_loop/generate_sequences/max:np.float64(114.91688876203261) - timing_s/agent_loop/generate_sequences/mean:np.float64(99.05892641228274) - timing_s/agent_loop/tool_calls/min:np.float64(0.054272681940346956) - timing_s/agent_loop/tool_calls/max:np.float64(0.7083236500620842) - timing_s/agent_loop/tool_calls/mean:np.float64(0.13624170788261836) - timing_s/agent_loop/compute_score/min:np.float64(0.3503586680162698) - timing_s/agent_loop/compute_score/max:np.float64(13.502689510001801) - timing_s/agent_loop/compute_score/mean:np.float64(2.61313371918186) - timing_s/agent_loop/slowest/generate_sequences:np.float64(114.15022478403989) - timing_s/agent_loop/slowest/tool_calls:np.float64(0.09514648001641035) - timing_s/agent_loop/slowest/compute_score:np.float64(5.150585261057131) - timing_s/agent_loop/slowest/num_preempted:np.int64(-1) - timing_s/agent_loop/slowest/prompt_length:3950 - timing_s/agent_loop/slowest/response_length:3611 - timing_s/gen:143.48004704003688 - timing_s/reward:0.0003125229850411415 - timing_s/old_log_prob:149.74925825104583 - timing_s/ref:137.07777576788794 - timing_s/adv:0.16946702997665852 - timing_s/update_actor:311.1471386840567 - timing_s/update_weights:3.9784108250169083 - timing_s/dump_rollout_generations:0.31214083603117615 - timing_s/step:746.0692996289581 - timing_s/stop_profile:4.881597124040127e-05 - timing_per_token_ms/adv:0.00018508425426749553 - timing_per_token_ms/update_actor:0.3398208851523247 - timing_per_token_ms/gen:0.3527414329440843 - timing_per_token_ms/ref:0.14971017022096253 - perf/total_num_tokens:915621 - perf/time_per_step:746.0692996289581 - perf/throughput:1227.2599883889673
[36m(TaskRunner pid=3515518)[0m Dumped generations to /home/yw4636/agentic-tvg/results/grpo-v2/rollouts/19.jsonl
[36m(TaskRunner pid=3515518)[0m step:19 - global_seqlen/min:928701 - global_seqlen/max:928701 - global_seqlen/minmax_diff:0 - global_seqlen/balanced_min:928701 - global_seqlen/balanced_max:928701 - global_seqlen/mean:928701.0 - actor/entropy:1.1082721948623657 - perf/mfu/actor_infer:0.2979685283434753 - training/rollout_probs_diff_valid:1 - training/rollout_probs_diff_max:0.22365707159042358 - training/rollout_probs_diff_mean:0.008696796372532845 - training/rollout_probs_diff_std:0.012827197089791298 - training/rollout_actor_probs_pearson_corr:0.9991330504417419 - rollout_corr/training_ppl:3.038215160369873 - rollout_corr/training_log_ppl:1.0819240808486938 - rollout_corr/kl:0.002342136576771736 - rollout_corr/k3_kl:0.0022195212077349424 - rollout_corr/rollout_ppl:3.0310328006744385 - rollout_corr/rollout_log_ppl:1.079588532447815 - rollout_corr/log_ppl_diff:0.002335508819669485 - rollout_corr/log_ppl_abs_diff:0.0032599600963294506 - rollout_corr/log_ppl_diff_max:0.009729862213134766 - rollout_corr/log_ppl_diff_min:-0.0054822564125061035 - rollout_corr/ppl_ratio:1.0023434162139893 - rollout_corr/chi2_token:0.004171133041381836 - rollout_corr/chi2_seq:3.499772548675537 - actor/pg_clipfrac:np.float64(0.0) - actor/ppo_kl:np.float64(0.0) - actor/pg_clipfrac_lower:np.float64(0.0) - actor/pg_loss:np.float64(-0.03604192106286064) - actor/kl_loss:np.float64(0.0007565212454210268) - actor/kl_coef:np.float64(0.0010000000000000002) - actor/loss:np.float64(-0.036041174083948135) - actor/grad_norm:np.float64(0.050101667642593384) - actor/lr:np.float64(1e-05) - actor/perf/max_memory_allocated_gb:np.float64(39.20420265197754) - actor/perf/max_memory_reserved_gb:np.float64(42.099609375) - actor/perf/cpu_memory_used_gb:np.float64(101.1891975402832) - perf/mfu/actor:np.float64(0.3442178551717431) - training/global_step:19 - training/epoch:0 - critic/score/mean:1.3205522298812866 - critic/score/max:2.5 - critic/score/min:0.5 - critic/rewards/mean:1.3205522298812866 - critic/rewards/max:2.5 - critic/rewards/min:0.5 - critic/advantages/mean:0.036041922867298126 - critic/advantages/max:3.590020179748535 - critic/advantages/min:-3.558821201324463 - critic/returns/mean:0.036041922867298126 - critic/returns/max:3.590020179748535 - critic/returns/min:-3.558821201324463 - response_length/mean:3259.2265625 - response_length/max:3570.0 - response_length/min:2947.0 - response_length/clip_ratio:0.0 - response_length_non_aborted/mean:3259.2265625 - response_length_non_aborted/max:3570.0 - response_length_non_aborted/min:2947.0 - response_length_non_aborted/clip_ratio:0.0 - response/aborted_ratio:0.0 - prompt_length/mean:3996.25 - prompt_length/max:4151.0 - prompt_length/min:3944.0 - prompt_length/clip_ratio:0.0 - num_turns/min:np.int32(4) - num_turns/max:np.int32(4) - num_turns/mean:np.float64(4.0) - timing_s/start_profile:5.3108902648091316e-05 - timing_s/agent_loop/num_preempted/min:np.int64(-1) - timing_s/agent_loop/num_preempted/max:np.int64(-1) - timing_s/agent_loop/num_preempted/mean:np.float64(-1.0) - timing_s/agent_loop/generate_sequences/min:np.float64(69.0090279210126) - timing_s/agent_loop/generate_sequences/max:np.float64(118.93417638901155) - timing_s/agent_loop/generate_sequences/mean:np.float64(103.76404975376136) - timing_s/agent_loop/tool_calls/min:np.float64(0.06101961398962885) - timing_s/agent_loop/tool_calls/max:np.float64(1.4640796689782292) - timing_s/agent_loop/tool_calls/mean:np.float64(0.16811288248936762) - timing_s/agent_loop/compute_score/min:np.float64(0.3303676670184359) - timing_s/agent_loop/compute_score/max:np.float64(8.778416148968972) - timing_s/agent_loop/compute_score/mean:np.float64(2.1296622145146102) - timing_s/agent_loop/slowest/generate_sequences:np.float64(116.77507573505864) - timing_s/agent_loop/slowest/tool_calls:np.float64(0.12826718192081898) - timing_s/agent_loop/slowest/compute_score:np.float64(4.134597839904018) - timing_s/agent_loop/slowest/num_preempted:np.int64(-1) - timing_s/agent_loop/slowest/prompt_length:3944 - timing_s/agent_loop/slowest/response_length:3454 - timing_s/gen:150.66993918293156 - timing_s/reward:0.00038019404746592045 - timing_s/old_log_prob:146.13182635698467 - timing_s/ref:134.08509160694666 - timing_s/adv:0.16460197302512825 - timing_s/update_actor:314.5436854630243 - timing_s/update_weights:3.95459552295506 - timing_s/dump_rollout_generations:0.3186224050587043 - timing_s/step:750.0270678000525 - timing_s/stop_profile:5.034299101680517e-05 - timing_per_token_ms/adv:0.00017723893160998883 - timing_per_token_ms/update_actor:0.3386920930019719 - timing_per_token_ms/gen:0.3611620356222636 - timing_per_token_ms/ref:0.1443791829737953 - perf/total_num_tokens:928701 - perf/time_per_step:750.0270678000525 - perf/throughput:1238.2233120252931[36m(TaskRunner pid=3515518)[0m Training Progress:  14%|█▍        | 19/133 [4:01:58<23:56:54, 756.27s/it]
[36m(WorkerDict pid=3515879)[0m /home/yw4636/.conda/envs/verl/lib/python3.12/site-packages/verl/plugin/platform/platform_cuda.py:99: FutureWarning: torch.cuda._set_allocator_settings is deprecated. Use torch._C._accelerator_setAllocatorSettings instead.
[36m(WorkerDict pid=3515879)[0m   torch.cuda.memory._set_allocator_settings(settings)
