question,step,k,acc_mean,acc_std,n_full,n_partial,n_wrong,score_mean,score_var,score_std,iou_mean,iou_max,zero_acc_var,zero_score_var
Which fruit that is shown whole among the neatly arranged initial ingredients is later squeezed so its juice can be stirred into the batter?,209,16,1.0,0.0,16,0,0,1.9018,0.0816,0.2857,0.4018,0.9396,1,0
What color is the mop bucket that the man carries when he first appears after the woman’s explanation and later uses while wringing out his mop before walking away?,180,16,1.0,0.0,16,0,0,2.232,0.07183,0.268,0.732,0.9577,1,0
Which color is the knife handle that appears both beside the untouched chocolate cake at the beginning and later while slicing the finished cakes in the red molds?,156,16,1.0,0.0,16,0,0,2.1727,0.07045,0.2654,0.6727,0.9809,1,0
What event name is printed on the large banners visible both at the crowded marathon start line and later near the suburban finishing stretch?,212,16,1.0,0.0,16,0,0,1.8689,0.06758,0.26,0.3689,0.8786,1,0
"After the green-shirted arm wrestler wins and just before the sequence jumps to the activity montage, what courtesy do the two competitors exchange?",168,16,1.0,0.0,16,0,0,1.6746,0.06108,0.2472,0.1746,0.6783,1,0
Which flotation device appears both when one girl tests the river by dipping her toe and later when another girl floats downstream giving a thumbs-up?,226,16,1.0,0.0,16,0,0,2.2228,0.05864,0.2421,0.7228,1.0,1,0
"Immediately after the skateboarder lands his jump off the graffiti-covered curve and the video cuts to a man speaking front-and-center, what device is visibly clipped to the man’s jacket?",234,16,1.0,0.0,16,0,0,1.9494,0.05723,0.2392,0.4494,0.7492,1,0
How many bungee jumps does the on-screen text proclaim right after the man finishes his upside-down bungee swing and before the two women start their synchronized climbing-frame routine?,167,16,1.0,0.0,16,0,0,1.766,0.05542,0.2354,0.266,0.7778,1,0
"After the lone kayaker startles a large bird from the mangrove branches, which animal do the paddlers later find resting on the sand when they pull their kayaks ashore?",169,16,1.0,0.0,16,0,0,2.1446,0.05444,0.2333,0.6446,0.972,1,0
Which household appliance does the man slide over a white cloth on a metallic tank shortly after he operates a power sander on a surfboard fin?,191,16,1.0,0.0,16,0,0,1.9508,0.05354,0.2314,0.4508,0.9231,1,0
What single word appears on the illuminated sign that is visible when the group steps out of the elevator into the hallway and later glows behind the mannequin wearing a black hoodie inside the clothing store?,218,16,1.0,0.0,16,0,0,1.953,0.0508,0.2254,0.453,0.8651,1,0
"After the person finishes slicing lemons, which fruit do they next cut in half and press on the manual juicer?",221,16,1.0,0.0,16,0,0,2.0238,0.0498,0.2232,0.5238,0.8464,1,0
"After the camera exits the convenience store through the automatic glass door and scans the nighttime plaza, what kind of small vehicles are shown parked along the walkway?",222,16,1.0,0.0,16,0,0,1.8128,0.04956,0.2226,0.3128,0.6667,1,0
Which color is the torque wrench the mechanic uses to tighten the lug nuts after reinstalling the wheel but before he raises the car with a floor jack?,145,16,1.0,0.0,16,0,0,1.9276,0.04924,0.2219,0.4589,0.8429,1,0
Which slogan appears on the red background right after the words “BIG PUSH 2013” and immediately before the video shifts to children gathering around coaches on the field?,225,16,1.0,0.0,16,0,0,1.9955,0.0488,0.2209,0.4955,1.0,1,0
What item on the wooden table displays inspirational pumpkin-carving images before the person with red nails begins marking the real pumpkin?,237,16,1.0,0.0,16,0,0,2.1756,0.04874,0.2208,0.6756,0.9167,1,0
"Following the outdoor soccer game with players in green and yellow jerseys, which person appears indoors to explain a small rectangular object?",143,16,1.0,0.0,16,0,0,1.9546,0.04575,0.2139,0.4546,0.9188,1,0
"After the woman checks the red-capped man’s arm with a stethoscope, which device does she use while working on his chest?",166,16,1.0,0.0,16,0,0,1.6991,0.04511,0.2124,0.1991,0.8312,1,0
What specific word that briefly appears in white cursive amid the initial floating pink letters later shows up as a freshly tattooed script on a wrist?,171,16,1.0,0.0,16,0,0,2.2426,0.04412,0.21,0.7426,1.0,1,0
Which single letter is featured both on the illuminated display behind the initial accessories and on the bold storefront window later in the video?,199,16,1.0,0.0,16,0,0,2.1193,0.04041,0.201,0.6193,0.978,1,0
"When the video cuts from the couple posing with a flower and thermometer to the scene of them brushing in robes, what single word appears on the intervening black screen?",177,16,1.0,0.0,16,0,0,1.9098,0.03785,0.1946,0.4098,0.8,1,0
"After digging with a yellow shovel, the man later pours water onto the finished sandcastle towers. What color is the bucket he uses for the water?",229,16,1.0,0.0,16,0,0,1.6383,0.03784,0.1945,0.1383,0.6227,1,0
"While the flutist speaks against the brick wall backdrop before and after his performances, which other large musical instrument remains visible in the background but is never played?",146,16,1.0,0.0,16,0,0,2.1943,0.03779,0.1944,0.6943,0.9971,1,0
"Which vegetable, first shown growing in a transparent container in the garden, is later halved, its seeds scooped out, and then sliced on the kitchen cutting board?",152,16,1.0,0.0,16,0,0,2.2444,0.03756,0.1938,0.7444,0.9313,1,0
"After the opening pole-vault sequence where the athlete lands on a mat labeled “PORTA PIT,” which brand name appears on the landing mats during the later high-jump scenes once the bar height has been raised?",146,16,1.0,0.0,16,0,0,1.718,0.03748,0.1936,0.218,0.6186,1,0
"After the hands completely smooth out the famous poster of the woman wearing a red polka-dot headscarf, which topic features on the next poster the hand later points to and traces?",226,16,1.0,0.0,16,0,0,1.7916,0.03702,0.1924,0.2916,0.6667,1,0
What color is common to the sleeve of the hand holding the poised drumstick at the start and to the performers’ shirts when they later drum and perform acrobatics?,223,16,1.0,0.0,16,0,0,2.1197,0.03686,0.192,0.6197,0.9778,1,0
Which two players immediately start a new squash match right after Vinod’s outdoor 3-0 victory celebration?,179,16,1.0,0.0,16,0,0,2.0393,0.03679,0.1918,0.5393,0.9,1,0
"After the kayaker finishes adjusting and casting the fishing line, what colour is the paddle they then use to propel the kayak toward the fisherman on the riverbank?",170,16,1.0,0.0,16,0,0,1.7163,0.03647,0.191,0.2163,0.5636,1,0
"After the onscreen text boasts '30-PERCENT LESS GRINDING' and 'HIGHER QUALITY, FASTER ROOT PASS' during the grinding scene, what metalworking process is shown next on the two pipes?",169,16,1.0,0.0,16,0,0,1.8085,0.03511,0.1874,0.3085,0.625,1,0
"In the arm-wrestling bout where the black-shirted competitor props a leg on the mosaic table, what color shirt is worn by the opponent who ultimately wins?",208,16,1.0,0.0,16,0,0,1.9554,0.03399,0.1844,0.4554,0.7433,1,0
"After the camera passes the blue “ZONE 4” sign and walks down the concrete steps onto the sand, what small structure is visible near the shoreline?",183,16,1.0,0.0,16,0,0,2.0576,0.03379,0.1838,0.5576,0.9,1,0
"When the performer at center stage provides vocals while simultaneously strumming, which kind of guitar is he playing?",163,16,1.0,0.0,16,0,0,1.7315,0.03258,0.1805,0.2315,0.6091,1,0
"After the video first displays the book cover with the cross-legged water skier, what maneuver later appears on-screen as text while a live skier performs it?",218,16,1.0,0.0,16,0,0,1.7792,0.03225,0.1796,0.2792,0.7812,1,0
"After thoroughly scraping out the pumpkin’s seeds, what color pencil does the person use to draw guideline shapes on its surface?",231,16,1.0,0.0,16,0,0,1.9523,0.0322,0.1794,0.4523,0.7722,1,0
"When the video moves from simply displaying the raging river to featuring a group paddling a yellow raft together, which single-occupant craft accompanies the raft down the rapids?",197,16,1.0,0.0,16,0,0,1.8331,0.03128,0.1769,0.3331,0.6644,1,0
What balance-based activity is shown immediately after the man finishes stretching with a green resistance band attached to a graffitied pole?,196,16,1.0,0.0,16,0,0,1.9436,0.03065,0.1751,0.4436,0.7391,1,0
Which power tool does the mechanic use both when initially loosening the lug nuts and later tightening them after using an electric drill to remove them?,229,16,1.0,0.0,16,0,0,2.2624,0.03022,0.1738,0.7624,0.9851,1,0
What specific site is named on the sign that the camera lingers on just after the vehicle’s road-side journey that follows the beachgoers wading in the waves?,163,16,1.0,0.0,16,0,0,1.8722,0.03006,0.1734,0.3722,0.6667,1,0
"After the camera cuts from the man’s initial empty-handed Tai Chi to a close-up of the stone wall and flowers, what object is he holding when he reappears?",217,16,1.0,0.0,16,0,0,1.7569,0.02896,0.1702,0.2569,0.5263,1,0
"Right after the opening animation where abstract shapes morph into a flower title, what type of surface does the video reveal beneath the partially completed purple knitting piece?",158,16,1.0,0.0,16,0,0,1.6774,0.02768,0.1664,0.1774,0.55,1,0
"Which object, removed and inspected after the first handwash, later sits on the counter beside the sink throughout subsequent washing scenes?",183,16,1.0,0.0,16,0,0,1.8758,0.02768,0.1664,0.3758,0.7757,1,0
"After first showing the cube’s white face already solved, which layer does the solver focus on finishing in the subsequent guided demonstration?",196,16,1.0,0.0,16,0,0,2.0608,0.02697,0.1642,0.5608,0.8143,1,0
"Immediately after the orange rectangle displaying the contact email disappears, what exact three-word phrase is shown in the central banner on the next screen?",222,16,1.0,0.0,16,0,0,1.8186,0.02667,0.1633,0.3186,0.6667,1,0
"After completing push-ups on the grass using resistance bands, what athletic activity does the man practice next on the nearby track?",176,16,1.0,0.0,16,0,0,1.9394,0.02656,0.163,0.4394,0.8333,1,0
"When the traditionally dressed demonstrator stands in the open field displaying two different bows, which two specific Grózer Turkish bow models does he present?",192,16,1.0,0.0,16,0,0,1.9464,0.02642,0.1625,0.4464,0.8692,1,0
Whose name appears on the title screens right before she begins leading the energetic Zumba session in the mirrored dance studio?,215,16,1.0,0.0,16,0,0,2.013,0.02565,0.1602,0.513,0.9091,1,0
Which color utensil is used to manually scrape the cake batter after the electric mixer but before the batter is spooned into baking tins?,212,16,1.0,0.0,16,0,0,2.1629,0.02549,0.1597,0.6629,0.8889,1,0
"After the suspenseful text saying ""SUDDENLY AND JUST WHEN ALL HOPE WAS LOST..."", what single word appears on-screen to mark the dog's first successful frisbee catch?",135,16,1.0,0.0,16,0,0,1.9341,0.02533,0.1591,0.4341,0.7222,1,0
What color is the T-shirt worn by the man who gestures during the outdoor conversation and later stands on the boat just before Robbie McMillin begins water-skiing?,173,16,1.0,0.0,16,0,0,2.1662,0.02506,0.1583,0.6662,0.8824,1,0
"During the segment that shows starburst graphics and the text “YOUR WATCHING!”, which color hurdle does the horse strike, causing its top bar to fall?",233,16,1.0,0.0,16,0,0,2.1297,0.02498,0.1581,0.6297,1.0,1,0
"After the tool is first called “Simply an ingenious tool,” which two on-screen phrases later describe its design and speed?",209,16,1.0,0.0,16,0,0,1.9498,0.02495,0.1579,0.4498,0.6818,1,0
"According to the marathon map displayed just before the wheelchair athlete is shown crossing the finish line, at which park does the highlighted ""Two-Person Exchange"" occur?",178,16,1.0,0.0,16,0,0,2.0461,0.02449,0.1565,0.5461,0.8447,1,0
What color is common to both the rail skateboarders grind on at the basketball court and the portable ramp they later set up beside the pathway?,166,16,1.0,0.0,16,0,0,2.2119,0.02433,0.156,0.7119,0.8571,1,0
"After the sunset golf putting scene, during all her subsequent croquet and other lawn-game attempts on the grassy field, what colour is the ball the woman repeatedly tries to hit?",139,16,1.0,0.0,16,0,0,2.1763,0.02351,0.1533,0.6763,0.8937,1,0
Which household task is performed first on the bed and later on the floor while a second person watches from the bed?,238,16,1.0,0.0,16,0,0,2.2273,0.0234,0.153,0.7273,0.8811,1,0
"Immediately before the hand turns the large black dial on the handheld device, what color are the diamond-embedded abrasive pads shown in the split-screen view?",166,16,1.0,0.0,16,0,0,1.8373,0.02322,0.1524,0.3373,0.5848,1,0
"Which specific tool, absent during the child’s hair rinse in the bathtub, does the woman later hold while helping the child at the bathroom sink?",176,16,1.0,0.0,16,0,0,1.9156,0.02267,0.1506,0.4156,0.8365,1,0
"After the on-screen text declares “New PR” for the 195-pound snatch, what heavier weight does the man attempt to snatch next?",226,16,1.0,0.0,16,0,0,2.0205,0.02255,0.1502,0.5205,0.8182,1,0
"When an off-screen hand points toward the floor, what object is the shirtless man pressing into position?",218,16,1.0,0.0,16,0,0,1.6322,0.02232,0.1494,0.1322,0.5,1,0
Which item that the dog drags behind it during the suburban street scenes does the girl later carry while strolling by the ocean?,168,16,1.0,0.0,16,0,0,1.9589,0.022,0.1483,0.4589,0.647,1,0
"After the earlier cleaning mixture is prepared in a blue bucket, into which color bucket does the woman later pour the golden “The Mop Doctor Anti-Slip” liquid before using the mop?",176,16,1.0,0.0,16,0,0,2.0588,0.02191,0.148,0.5588,0.7517,1,0
"Of the Coca-Cola bottle, Red Bull can, and milk bottle first arranged on the table, which beverage is poured into the glass immediately after the Coca-Cola is poured?",232,16,1.0,0.0,16,0,0,2.0794,0.0217,0.1473,0.5794,0.7211,1,0
"Following the flamboyantly costumed announcer’s pitch for the female amateur wrestling challenge, which game does Bobby Blotzer concentrate on in the dimly lit club?",202,16,1.0,0.0,16,0,0,1.7335,0.02145,0.1465,0.2335,0.4667,1,0
"Which exact phrase, shown on pink-tinted frames, marks the time jump just before the woman demonstrates the “Red Eye” wipe around her eyes?",213,16,1.0,0.0,16,0,0,2.1391,0.02136,0.1462,0.6391,1.0,1,0
"After the factory’s detailed charts and graphs appear, which label is printed on the yellow quality-control sign shown before the camera switches to workers adjusting bicycle wheels on the overhead conveyor?",227,16,1.0,0.0,16,0,0,1.9422,0.02109,0.1452,0.4422,0.75,1,0
"Before the solar system poster is later smoothed onto the wall, what exact phrase appears on the first poster the hands tape up on the plain white wall?",150,16,1.0,0.0,16,0,0,1.8619,0.02045,0.143,0.3619,0.7772,1,0
"After the early slip-stitching done solely with hands and yarn, what color is the small tool that later appears to lift the yarn loops over the loom’s pegs?",201,16,1.0,0.0,16,0,0,1.9259,0.02039,0.1428,0.4259,0.6667,1,0
"After the action camera has been locked in place with the three-way adjustable pivot arm, what type of environment does the cyclist later ride through from the camera’s first-person view?",180,16,1.0,0.0,16,0,0,2.0032,0.02031,0.1425,0.5032,0.7455,1,0
What man-made vehicle emerges from the black background at the start of the video before later scenes show camel riding?,188,16,1.0,0.0,16,0,0,2.2518,0.02027,0.1424,0.7518,0.9774,1,0
"Immediately before the woman in a yellow top starts shaping the sandcastle with a yellow tool, which two-digit number is prominently carved into another sand sculpture?",214,16,1.0,0.0,16,0,0,1.663,0.01999,0.1414,0.163,0.5,1,0
"Which object is first shown in a close-up right after the sled ride, is later sharpened on a stone, and finally used by the man while carving wood that sparks a nighttime fire?",220,16,1.0,0.0,16,0,0,1.6504,0.01979,0.1407,0.1504,0.5217,1,0
Which colors identify the clothing of the child who first watches the green-dressed girl but later becomes the confident hopscotch player?,206,16,1.0,0.0,16,0,0,2.2012,0.01953,0.1397,0.7012,0.9111,1,0
"Which material, brushed around the nail edges early in the tutorial, shown drying beneath a two-minute clock, is later peeled off with tweezers to reveal clean boundaries?",147,16,1.0,0.0,16,0,0,1.9209,0.01949,0.1396,0.4209,0.6577,1,0
"When the man in the black shirt shifts from the sidewalk argument to executing spins, jumps, and a finishing handstand, which single-digit number is printed on the back of his shirt?",235,16,1.0,0.0,16,0,0,1.8626,0.01901,0.1379,0.3626,0.6364,1,0
What two requirements does the instructor identify as Rule #1 and Rule #2 for performing a back float before the learner demonstrates it?,157,16,1.0,0.0,16,0,0,2.1361,0.01826,0.1351,0.6361,0.7834,1,0
"Following his initial period of solely drumming, what activity does the musician add to his performance while remaining seated behind the conga drums?",174,16,1.0,0.0,16,0,0,1.8375,0.01767,0.1329,0.3375,0.5522,1,0
"While the dog’s attention is kept on the treat held before it, which grooming tool is the groomer using to trim its fur?",235,16,1.0,0.0,16,0,0,1.6709,0.01731,0.1316,0.1709,0.585,1,0
"After the cyclist pedals along the curved suburban road, what obstacles does the following rollerblader slalom around on the street?",170,16,1.0,0.0,16,0,0,1.6403,0.01729,0.1315,0.1403,0.435,1,0
"Immediately after the orange-clad player’s jubilant goal celebration, in what visual style is the next sequence of gameplay shown?",161,16,1.0,0.0,16,0,0,1.805,0.01593,0.1262,0.305,0.5,1,0
"After drinking from his water bottle, the man meets a woman who is eating an ice-cream cone. What tool does he hand to her?",178,16,1.0,0.0,16,0,0,2.0119,0.01583,0.1258,0.5119,0.7,1,0
Which cutting tool is used on the CD before a knife later slices a rectangular section to fit a clear lens?,214,16,1.0,0.0,16,0,0,2.0493,0.0158,0.1257,0.5493,0.8875,1,0
"After chips are crumbled onto the dirty turquoise sneakers and they are scrubbed with liquid stain remover, which powdered substance is later poured into a cup of detergent to make the sole-cleaning mixture?",166,16,1.0,0.0,16,0,0,1.8206,0.01547,0.1244,0.3206,0.6,1,0
"After the on-screen label shows a 10-metre “403b” dive, which dive code is displayed for the following 5-metre attempt?",153,16,1.0,0.0,16,0,0,2.0905,0.01546,0.1243,0.5905,0.8563,1,0
"Which single German word, visible on banners behind the seated interviewee and again when spectators are shown on an indoor balcony, indicates that the gathering is a championship event?",228,16,1.0,0.0,16,0,0,2.0341,0.01541,0.1242,0.5341,0.9,1,0
"After the waves batter the jagged shoreline, the next shot shows a person crossing tall grass; toward what man-made structures is that person walking before the footage switches to first-person kayaking?",199,16,1.0,0.0,16,0,0,1.9375,0.01534,0.1239,0.4375,0.75,1,0
"After inflating the repaired bicycle wheel and securing it back onto the frame, what does the person do to verify the repair’s success?",190,16,1.0,0.0,16,0,0,1.907,0.01532,0.1238,0.407,0.6808,1,0
"After the outdoor field hockey penalty shot is saved, which drinking game do participants play around a long table indoors before the scene switches to dancing?",197,16,1.0,0.0,16,0,0,2.1659,0.01502,0.1226,0.6659,0.9091,1,0
"After knitting off pegs 1 and 3, which peg is re-designated as “peg 2” before the wrapping process restarts?",237,16,1.0,0.0,16,0,0,1.9432,0.01438,0.1199,0.4432,0.8258,1,0
"After the bartender measures, stirs, and pours the cocktail into a glass, which fruit’s peel does he rub along the rim before dropping it into the drink?",214,16,1.0,0.0,16,0,0,2.0607,0.01425,0.1194,0.5607,0.8444,1,0
Which academy’s logo appears on-screen during the first fencing bout that follows the opening TCCII Productions logo?,194,16,1.0,0.0,16,0,0,1.7872,0.01412,0.1188,0.2872,0.4444,1,0
"After the person repeatedly stamps a dusty sneaker on the wooden plank, what tool do they later use to rinse another shoe?",207,16,1.0,0.0,16,0,0,2.0765,0.01381,0.1175,0.5765,0.7533,1,0
"In the blueprint sequence that appears after the sanding segment, which label is displayed between the frames titled “DOORS” and the multiple frames titled “WINDOWS”?",135,16,1.0,0.0,16,0,0,1.9869,0.01357,0.1165,0.4869,0.7143,1,0
"Which tool, first displayed alone against a beige background with text describing it as a soft nylon brush, does the demonstrator later use to sweep along the ski’s surface?",187,16,1.0,0.0,16,0,0,1.7282,0.01304,0.1142,0.2282,0.4167,1,0
"After the glowing hexagon logo appears but before participants finish the street-long water slide and spray foam in celebration, what famous structure is shown from an aerial viewpoint?",195,16,1.0,0.0,16,0,0,1.7385,0.01292,0.1137,0.2385,0.4,1,0
What warning message is printed on the sign positioned beside the wooden deck that participants pass while dragging their tubes toward the snowy slope?,224,16,1.0,0.0,16,0,0,1.9392,0.01292,0.1137,0.4392,0.7027,1,0
"After the camera pans along the tangled bright orange cable lying on the grass, what object does it zoom in on, revealing cut grass and debris around its blades?",227,16,1.0,0.0,16,0,0,2.2439,0.0127,0.1127,0.7439,0.9812,1,0
"After a clear base coat is applied but before a yellow sponge is shown being trimmed, what kind of polish is painted onto the nails?",233,16,1.0,0.0,16,0,0,1.9148,0.01237,0.1112,0.4148,0.7143,1,0
"When the person tests the freshly sharpened knife by slicing a sheet of white paper, what pattern is visible on their pants?",238,16,1.0,0.0,16,0,0,2.3321,0.01173,0.1083,0.8321,0.9595,1,0
"After completing the Row 1 sequence of “k1, yf, sl1, yo,” what stitch sequence does the on-screen text instruct for the subsequent Row 2?",176,16,1.0,0.0,16,0,0,1.89,0.01165,0.1079,0.39,0.6,1,0
"After the group installs fresh fence panels, what color wood stain do they apply to the fence during the next day's painting activity?",183,16,1.0,0.0,16,0,0,1.8466,0.01151,0.1073,0.3466,0.5243,1,0
"After she shows a red apple near the start, what specific tool does the blue-haired woman later use on her eyelashes right before picking up the mascara?",221,16,1.0,0.0,16,0,0,2.0158,0.0115,0.1072,0.5158,0.7158,1,0
"After the Harvard sailboat dramatically tips and then rights itself, what setting does the video cut to next?",220,16,1.0,0.0,16,0,0,1.5362,0.01123,0.106,0.0362,0.4181,1,0
"After the person walks from the living room into the kitchen, what chore do they begin doing at the sink?",190,16,1.0,0.0,16,0,0,1.8736,0.01117,0.1057,0.3736,0.5543,1,0
Which makeup product does the woman begin applying right after she recommends using a moisturizer with high SPF?,236,16,1.0,0.0,16,0,0,1.9596,0.01114,0.1056,0.4596,0.7143,1,0
"Which instrument does the striped-shirted performer play both at the beginning and again in the closing minute, though it never appears during the middle passage centered on the floral-shirted bassist?",182,16,1.0,0.0,16,0,0,2.252,0.01112,0.1055,0.752,0.9192,1,0
Which kitchen surface does the person clean immediately after spraying and wiping the countertop beside the espresso machine?,144,16,1.0,0.0,16,0,0,1.814,0.01006,0.1003,0.314,0.5,1,0
"After the cook dissolves sugar in warm water on the stove and continues stirring, which dried ingredient do they pour into the gently boiling pot before closing its lid?",170,16,1.0,0.0,16,0,0,1.731,0.0098,0.099,0.231,0.4545,1,0
"Before the shoe is later coated with brown Easy Crust and finally buffed with PW-4040 wax, what color paint is initially brushed into its perforations?",161,16,1.0,0.0,16,0,0,1.9146,0.00925,0.0962,0.4146,0.5556,1,0
"After the barber completes the straight-razor shave, which color towel does she repeatedly use to wipe the client’s face before the video ends?",154,16,1.0,0.0,16,0,0,1.7122,0.00924,0.0961,0.2122,0.4214,1,0
Which airline’s parked plane appears on screen immediately after the close-up of an airline ticket that follows the skier shaking off powder?,136,16,1.0,0.0,16,0,0,1.7952,0.00881,0.0938,0.2952,0.5,1,0
"Before the beach soccer scenes with the orange ball, what color is the ball the blond-haired child kicks on the grassy field?",208,16,1.0,0.0,16,0,0,2.1571,0.00791,0.0889,0.6571,0.7857,1,0
"During transitions from the male harmonica player to the blonde pianist, what written item is visible on the piano in front of her while she performs?",227,16,1.0,0.0,16,0,0,1.6864,0.0079,0.0889,0.1864,0.4469,1,0
"After the blue screen that states ""Room at the mark,"" what color buoy do the sailors immediately steer around?",210,16,1.0,0.0,16,0,0,2.1868,0.00778,0.0882,0.6868,0.8824,1,0
Which single word appears on screen right after the man in a black Sierra Snowboard T-shirt addresses the camera against a plain white background?,223,16,1.0,0.0,16,0,0,1.5686,0.00704,0.0839,0.0686,0.25,1,0
"After sharpening and inspecting the knife, what object does the person use to wipe the sharpening tool?",239,16,1.0,0.0,16,0,0,1.5254,0.00701,0.0837,0.0254,0.3444,1,0
"During the sequences where the presenter wets the stones, alternates between coarse grit and diamond plates, and repeatedly sharpens the chef’s knife, what unused object can be seen lying on the workspace the whole time?",230,16,1.0,0.0,16,0,0,2.0149,0.00624,0.079,0.5149,0.6583,1,0
"Following the salt-and-pepper seasoning, which ingredient does the chef squeeze onto the tomato salad immediately before pouring olive oil?",197,16,1.0,0.0,16,0,0,2.253,0.00621,0.0788,0.753,0.8743,1,0
"After the diver finishes the pool segment demonstrating body control, which marine animal appears when the scene shifts to open water?",217,16,1.0,0.0,16,0,0,1.6791,0.00617,0.0786,0.1791,0.375,1,0
"After first manipulating the yarn with the yellow-handled tool, what color-handled tool does the demonstrator use when the camera refocuses on the circular loom?",223,16,1.0,0.0,16,0,0,1.7052,0.00606,0.0778,0.2052,0.4545,1,0
Which ignition tool ultimately succeeds in producing a steady fire after the earlier failed attempts with a ferro rod and a magnesium starter?,158,16,1.0,0.0,16,0,0,1.6811,0.0059,0.0768,0.1811,0.3333,1,0
What word appears on the front of the green shirt worn by the man interviewed indoors in front of a solar-panel backdrop after the opening beach soccer play?,189,16,1.0,0.0,16,0,0,2.2876,0.00588,0.0767,0.7876,0.8824,1,0
"Following the initial push-mowing scene that brightens from darkness, what color is the riding mower that later drives directly toward the camera until it nearly fills the frame?",141,16,1.0,0.0,16,0,0,1.6762,0.00574,0.0758,0.1762,0.3502,1,0
"After the scene in which the woman on the black leather couch talks about knitting pattern books, what color are the knitting needles seen in the subsequent close-ups of her hands working?",181,16,1.0,0.0,16,0,0,1.6635,0.00544,0.0738,0.1635,0.3,1,0
What celestial body on the solar-system poster does the person measure just before switching the tape measure to the blank white wall?,238,16,1.0,0.0,16,0,0,2.1726,0.00536,0.0732,0.6726,0.8,1,0
"After the child finishes exploring the smartphone in the high chair, what object do they immediately pick up and begin playing?",234,16,1.0,0.0,16,0,0,1.5243,0.00425,0.0652,0.0243,0.226,1,0
What distinctive upper-body garment is worn by the musician who is first only partly seen but later stands to sing beside the guitarist?,239,16,1.0,0.0,16,0,0,1.6041,0.00396,0.0629,0.1041,0.225,1,0
Which shape of tiles does the worker first unwrap before mixing cement and later apply a sealing treatment to in their metallic-finished form?,213,16,1.0,0.0,16,0,0,2.3825,0.00374,0.0612,0.8825,0.9722,1,0
"What single word is printed on the other test tube the excited scientist waves alongside the one labeled ""Liquid Discus"" before the scene shifts to Donovan Tyler’s discus throw?",151,16,1.0,0.0,16,0,0,1.6649,0.0037,0.0608,0.1649,0.2429,1,0
"During both the foamy Kaboom cleaner spray and the later blue powder spraying, what object remains stationary on the edge of the bathroom sink?",209,16,1.0,0.0,16,0,0,1.7458,0.00309,0.0555,0.2458,0.3333,1,0
"Which animal is visible in the yard both earlier, when the woman mows alone just before the child grabs the mower, and later, while another adult kneels beside the mower to empty its clippings into a large black sack?",196,16,1.0,0.0,16,0,0,1.6918,0.00292,0.054,0.1918,0.3044,1,0
"During the scenes where the street vendor first slices papaya and later hands the packaged dish to a customer, what color apron is she consistently wearing?",220,16,1.0,0.0,16,0,0,2.3327,0.00259,0.0509,0.8327,0.95,1,0
"After the artist sketches with a red pen and wipes the blood away, the video later showcases the completed swirling red design before cutting to a chest tattoo. On which part of the client's body is that finished design located?",238,16,1.0,0.0,16,0,0,1.8026,0.00259,0.0509,0.3026,0.475,1,0
"After the close-ups of Nonni’s Thinaddictives biscotti and the repeated “GET ADDICTED” text, what piece of fitness equipment is shown next to extend the addiction theme?",140,16,1.0,0.0,16,0,0,1.58,0.0025,0.05,0.08,0.21,1,0
"After the person carefully organizes the Operation game pieces and before he starts arranging the Sorry! board, which board game’s box remains on the coffee table?",234,16,1.0,0.0,16,0,0,1.5112,0.00162,0.0403,0.0112,0.1667,1,0
"After the diver allows an octopus to coil around their arm, which animal does the same diver later swim alongside underwater?",226,16,1.0,0.0,16,0,0,1.5702,0.00152,0.039,0.0702,0.1887,1,0
"After Patrick Osborne is shown ranked sixth, which athlete is later presented with a higher placing, and what position is credited to him?",183,16,1.0,0.0,16,0,0,1.5976,0.00129,0.0359,0.0976,0.15,1,0
What natural scene appears after the footage of bright flames and before the man begins speaking to the camera again?,210,16,1.0,0.0,16,0,0,1.68,0.00107,0.0326,0.18,0.25,1,0
What decorative object can be seen near the musician both while he is drumming and when the computer screen with audio waveforms is shown?,235,16,1.0,0.0,16,0,0,2.1579,0.00064,0.0253,0.6579,0.6866,1,0
"When the man in the orange shirt walks across the lawn with a leaf blower, what color is the shirt of the person simultaneously driving the riding lawn mower?",228,16,1.0,0.0,16,0,0,1.5,0.0,0.0,0.0,0.0,1,1
"Which outdoor activity is shown right after Alex Mathews finishes talking beside the RV marked ""Adventurer Kayak""?",136,16,0.9688,0.121,15,1,0,2.0064,0.06331,0.2516,0.5376,0.9171,0,0
"After the man in a black sleeveless shirt and camouflage shorts successfully rides a unicycle over the bench, what wheeled equipment does he later use to perform tricks along a wooden bench?",221,16,0.9688,0.121,15,1,0,1.864,0.06055,0.2461,0.3953,0.8758,0,0
"During the kitchen sequence where the hand lifts the loaf of bread and later turns a mayonnaise jar, which packaged food does it display in between?",167,16,0.9688,0.121,15,1,0,2.1028,0.06051,0.246,0.634,0.9512,0,0
"After the segment showing visitors walking among hillside stupas on the Thimpu-to-Punakha route, which natural landmark does the video highlight before focusing on Punakha Dzong?",202,16,0.9688,0.121,15,1,0,1.8324,0.06032,0.2456,0.3637,0.5294,0,0
"What city is written on the championship T-shirt at the beginning, and what arena name is shown later during the baton-twirling performances?",170,16,0.9688,0.121,15,1,0,2.0918,0.05525,0.2351,0.6231,0.9959,0,0
"After a man ties another person’s shoelaces in the lively restaurant, what precise task does a different man perform before the red-shirted waitress later serves food?",165,16,0.9688,0.121,15,1,0,1.8567,0.05246,0.229,0.3879,0.8391,0,0
"While the man who has been sipping from a cup stands and bends over the TV cabinet, which tabletop game, already partly collapsed, is visible on the coffee table behind him?",233,16,0.9688,0.121,15,1,0,1.7698,0.04209,0.2052,0.3011,0.625,0,0
"During the finishing process, into what vessel does the person repeatedly pour the Holzfarbe colorant, the Shield Sanding Sealer, and later the natural shellac primer before applying them?",156,16,0.9688,0.121,15,1,0,2.1994,0.04085,0.2021,0.7307,0.8928,0,0
How is the patient positioned during the first abdominal injection compared with the later injection that uses a syringe filled with red liquid?,208,16,0.9688,0.121,15,1,0,2.1607,0.04083,0.2021,0.6919,0.894,0,0
What shared swimwear color links the boy who climbs the pool staircase early on with the young man who later walks to and dives from the 10-meter platform?,222,16,0.9688,0.121,15,1,0,2.0153,0.03818,0.1954,0.5466,0.8,0,0
"After finishing rubbing sunscreen onto the leg of the person lying on the lounge chair, which body part does the man then apply sunscreen to on the standing person by the pool?",191,16,0.9688,0.121,15,1,0,1.8553,0.0367,0.1916,0.3866,0.59,0,0
What exact wording appears both on the branded crafting kit shown at the start and on the knitting needles used later in the tutorial?,235,16,0.9688,0.121,15,1,0,2.2569,0.03537,0.1881,0.7882,0.9735,0,0
"After finishing the tooth-brushing sequence that leaves toothpaste foam around their mouth, what item does the person use to wipe their face before smiling?",134,16,0.9688,0.121,15,1,0,1.9064,0.03384,0.1839,0.4376,0.6448,0,0
"After the woman points at the peeling paint and the camera begins its room tour, what object can be seen placed on the small table?",194,16,0.9688,0.121,15,1,0,1.9151,0.03352,0.1831,0.4464,0.65,0,0
"After the earlier scissor cutting segment, what tool does the stylist employ to style the client's hair while observers watch during the later phase?",235,16,0.9688,0.121,15,1,0,2.2139,0.03273,0.1809,0.7451,0.9091,0,0
"After the woman finishes speaking and the camera drops to the ground, which natural material becomes the repeated focus—continuously brushed, scooped, squeezed, and displayed in a hand until the final logo returns?",182,16,0.9688,0.121,15,1,0,2.3133,0.03095,0.1759,0.8445,0.9466,0,0
"After filling the red wheelbarrow near the tarp-covered soil pile, where does the child later wheel it in the yard?",161,16,0.9688,0.121,15,1,0,1.6488,0.03064,0.175,0.1801,0.4143,0,0
What item that the tattooed woman methodically places on her desk earlier in the video does the hairstylist later use to dampen the seated man's hair during his haircut?,219,16,0.9688,0.121,15,1,0,2.0312,0.02892,0.17,0.5625,0.7353,0,0
"After the early walk where the handler keeps the leash hand against his stomach, what object does he later throw sideways to deliberately distract the dog during training?",184,16,0.9688,0.121,15,1,0,2.2287,0.02844,0.1686,0.7599,0.9018,0,0
What indoor training apparatus appears immediately after the outdoor scene of a skier weaving among pine trees?,157,16,0.9688,0.121,15,1,0,1.5137,0.02783,0.1668,0.045,0.3077,0,0
"After showing chord shapes such as C, F, and Bb/F, what scale-based phrase does the guitarist later demonstrate?",157,16,0.9688,0.121,15,1,0,1.7757,0.02778,0.1667,0.307,0.5,0,0
"After the manual clothes-washing scene transitions through abstract light visuals, which cleaning device is emphasized under dramatic spotlights?",232,16,0.9688,0.121,15,1,0,1.5985,0.02595,0.1611,0.1297,0.4,0,0
"After the kayak is dragged from the parking lot to the pebble beach and the paddlers later move through a reed-lined waterway, what on-screen phrase names the channel they are entering?",222,16,0.9688,0.121,15,1,0,1.8101,0.02557,0.1599,0.3414,0.45,0,0
"After completing his vigorous tooth-brushing segment, which mouth-rinse product does the man hold up and drink from during the following demonstration?",172,16,0.9688,0.121,15,1,0,2.2053,0.02479,0.1574,0.7365,0.8767,0,0
"During the series of three rip-through reveals on the brown paper backdrop at the start, which figure emerges in the third opening, and what activity are they engaged in?",235,16,0.9688,0.121,15,1,0,2.1923,0.02281,0.151,0.7236,0.9375,0,0
"After the groomer finishes brushing the West Highland White Terrier on the table, where does she move the dog for its wash?",187,16,0.9688,0.121,15,1,0,1.6866,0.02249,0.15,0.2178,0.3846,0,0
"After the backyard lesson where the woman in scrubs shows a colorful “GERMS” sheet, in which room are two girls later filmed applying her lesson, and what activity are they performing there?",167,16,0.9688,0.121,15,1,0,1.6968,0.02024,0.1423,0.228,0.4179,0,0
What safety surface cushions both the young athlete's awkward landing after losing balance and the stilt walkers' flips later in the gymnasium?,215,16,0.9688,0.121,15,1,0,1.99,0.01848,0.1359,0.5212,0.7766,0,0
"After completing the routine inside the gymnasium, where do the cheerleaders next perform their lifts and pyramid stunts?",166,16,0.9688,0.121,15,1,0,1.5626,0.01841,0.1357,0.0938,0.2778,0,0
Which three choreographers’ surnames are highlighted in both the introductory promotional text and the closing reservation frames of the video?,178,16,0.9688,0.121,15,1,0,2.4353,0.01806,0.1344,0.9665,1.0,0,0
"After the wakeboarder is shown from an aerial view struggling in the water, what do they do next?",237,16,0.9688,0.121,15,1,0,1.4688,0.01465,0.121,0.0,0.0,0,0
"Following the initial outdoor scene with four instructors, how many instructors are typically shown leading the class on elevated bikes throughout the rest of the video?",194,16,0.9375,0.2421,15,0,1,2.0033,0.29629,0.5443,0.597,0.95,0,0
"After he pours the green cocktail into the martini glass and prepares to garnish it, what colour napkin does he later place beneath the glass for presentation?",155,16,0.9375,0.2421,15,0,1,1.8499,0.19315,0.4395,0.4437,0.7667,0,0
"Immediately after the batsman powerfully hits the ball, which motionless figure with intermittently glowing green eyes is shown next?",159,16,0.9375,0.2421,15,0,1,1.8029,0.17823,0.4222,0.3654,0.8071,0,0
"After staff members secure riders into enclosed blue, red, and green tubes at the tower’s top, which color slide is later shown from the rider’s first-person perspective during the swift descent?",226,16,0.9375,0.2421,15,0,1,2.0285,0.17592,0.4194,0.591,0.85,0,0
How does the number of women actively spinning hula hoops change between the initial solo demonstration and the later studio segment featuring synchronized movements?,188,16,0.9375,0.2421,15,0,1,1.6986,0.17016,0.4125,0.2923,0.5717,0,0
Which musical instrument appears on the “L’Etoile Gagnante” box in the opening graphics and is later played live by Arnaud during the concert segment?,142,16,0.9375,0.2421,15,0,1,1.9167,0.16864,0.4107,0.4792,1.0,0,0
"After Viktor Kjaell’s interview and before Frederik Lindberg appears, the video shows a national coach; which country does he coach?",159,16,0.9375,0.2421,15,0,1,1.9096,0.15829,0.3979,0.4721,0.7895,0,0
"What colour is the suitcase carried by the woman wearing flippers as she runs ahead, just before the schoolgirls break into their synchronized stick-and-drum dance?",188,16,0.9375,0.2421,15,0,1,1.6879,0.14759,0.3842,0.2504,0.7143,0,0
"During the child's day, he first brushes his own teeth independently and later laughs as an adult guides the same brush; what color is that toothbrush?",153,16,0.9375,0.2421,15,0,1,2.082,0.14628,0.3825,0.6758,0.9016,0,0
"What item does the standing child take from the red storage bag after brushing, while the seated child tries to brush the woman’s teeth?",198,16,0.9375,0.2421,15,0,1,1.8065,0.14408,0.3796,0.369,0.7273,0,0
"During the indoor cycling demonstrations that follow the outdoor jogging scenes, which athletic shoe brand is visible when the instructor tightens the bike’s foot straps?",150,16,0.9375,0.2421,15,0,1,1.892,0.14154,0.3762,0.4545,0.7462,0,0
"After the slide announcing “III Arpinder Singh ONGC 15.89 Mtrs,” what number is shown on his bib when he later runs down the track and completes his jump?",186,16,0.9375,0.2421,15,0,1,2.1087,0.13834,0.3719,0.6712,1.0,0,0
"After the earlier swing-bar flips shown during the ""Crazy Taxi!"" segment, what bold on-screen exclamation appears while the boy in a blue shirt swings horizontally upside down?",236,16,0.9375,0.2421,15,0,1,1.8497,0.13564,0.3683,0.4122,0.5924,0,0
"Which object, first shown as a shiny household fixture among the germ-prone items displayed after the toys, reappears later in a close-up revealing its scratched brass surface?",164,16,0.9375,0.2421,15,0,1,1.7319,0.13132,0.3624,0.2944,0.6893,0,0
"During the suburban mowing sequence, when the front-mounted camera tilts upward instead of showing the lawn ahead, what scene does it primarily reveal?",148,16,0.9375,0.2421,15,0,1,1.7135,0.13124,0.3623,0.276,0.625,0,0
"After the riders guide their horses through the shallow, rocky stream, which natural feature do they subsequently reach and enjoy?",191,16,0.9375,0.2421,15,0,1,1.6555,0.1226,0.3501,0.218,0.6,0,0
"After the lens is first inserted using finger-held eyelids, what colored tool is later employed to lift and remove the rigid contact lens from the eye?",139,16,0.9375,0.2421,15,0,1,2.0706,0.11167,0.3342,0.6331,0.8535,0,0
"After completing the lotion application demonstration and while still talking to the camera, what object does the girl later hold and repeatedly use to wipe her face?",223,16,0.9375,0.2421,15,0,1,1.6427,0.10412,0.3227,0.2052,0.5,0,0
"Compared with his balcony speech where he held only a microphone, what additional object does the singer grasp when he later performs indoors?",136,16,0.9375,0.2421,15,0,1,1.8116,0.09704,0.3115,0.3741,0.7233,0,0
Which subject is illustrated on the second poster that the person tapes beside the pre-hung “We Can Do It!” poster near the video’s end?,203,16,0.9375,0.2421,15,0,1,1.6588,0.09608,0.31,0.2213,0.635,0,0
"After the series of gym exercises ends and the scene shifts to François Bourque’s downhill run, which beverage brand’s banner is visible beside the snowy racecourse?",187,16,0.9375,0.2421,15,0,1,1.9852,0.09532,0.3087,0.5477,0.8127,0,0
What scene appears right after the man in the red shirt inside the convenience store flashes a thumbs-up to the camera?,202,16,0.9375,0.2421,15,0,1,2.1287,0.09202,0.3033,0.6912,0.93,0,0
"After the huskies are first shown tethered around the trees in the snowy forest, what collective task are they later shown performing with human assistance?",173,16,0.9375,0.2421,15,0,1,2.0891,0.09198,0.3033,0.6516,0.9011,0,0
"After the person employs a tool to remove the bathroom sink’s drain cover, what color is the cable they subsequently insert into the drain?",180,16,0.9375,0.2421,15,0,1,1.7211,0.0914,0.3023,0.2836,0.4943,0,0
Which manicure product is introduced after the pale pink varnish is applied and before the later steps that use clear varnish and glitter?,205,16,0.9375,0.2421,15,0,1,2.0017,0.08767,0.2961,0.5642,0.7729,0,0
"After clearing the 12.6-foot bar earlier, to what height is the crossbar set for the athlete’s later successful pole vault?",159,16,0.9375,0.2421,15,0,1,1.6686,0.08658,0.2942,0.2311,0.4091,0,0
"After the welder finishes cleaning the joint with a wire brush, what arrangement of welds is highlighted in the next close-up shot before a tool approaches?",208,16,0.9375,0.2421,15,0,1,2.0427,0.08583,0.293,0.6052,0.91,0,0
What color shirts are the guides wearing both when they first welcome the tourists off the bus and later when they lead the camels during the ride?,238,16,0.9375,0.2421,15,0,1,2.1903,0.08463,0.2909,0.7528,0.9461,0,0
Which cloth does the woman first wash by the stream and later wedge into a crack in the rock?,220,16,0.9375,0.2421,15,0,1,2.0963,0.08448,0.2907,0.6588,0.9524,0,0
"During the close-up knitting demonstrations that follow the instructor’s initial desk explanation, which hand wears the visible silver ring while manipulating the needles?",205,16,0.9375,0.2421,15,0,1,1.7762,0.08368,0.2893,0.3387,0.5416,0,0
"During the sequences that cut from a man talking outside the Bollinger building back to an indoor workshop, what specific welding process—named on the equipment—is shown being performed by the welder?",221,16,0.9375,0.1654,14,2,0,2.0036,0.08308,0.2882,0.5661,0.9283,0,0
"During the segment labeled ""Upwind - Incorrect Set Up"", what number is visible on the sail of the boat?",205,16,0.9375,0.2421,15,0,1,2.103,0.08142,0.2853,0.6655,0.9324,0,0
"After the purple opening titles introduce a ""special guest,"" what distinctive headwear does that guest wear when she later joins Dee and Marie in front of the wooden door?",203,16,0.9375,0.2421,15,0,1,1.8345,0.08104,0.2847,0.397,0.7338,0,0
"After the creamy substance is spread over the seated woman’s face, what object does the standing woman hold while explaining its benefits in the next shot before the red curtains?",211,16,0.9375,0.2421,15,0,1,1.7449,0.08002,0.2829,0.3074,0.5882,0,0
What piece of furniture supports the child both when they first stretch toward the counter and later when they sit at the sink playing in the water?,229,16,0.9375,0.2421,15,0,1,1.9413,0.07971,0.2823,0.5038,0.75,0,0
What celestial object is shown both right after hands lift the American-flag patterned ball on the field and again at the start of the next scene before the video moves indoors?,184,16,0.9375,0.2421,15,0,1,1.8598,0.07923,0.2815,0.4223,0.5333,0,0
"After the screen proclaims “The Revolution Is Here!”, how many games does the Corporate Champions Cup infographic state will be played?",158,16,0.9375,0.2421,15,0,1,1.6898,0.07472,0.2734,0.2523,0.75,0,0
"After the woman in a red tank top fails to balance and falls onto the grass, what coordinated activity do she and her companion later perform together out on the road?",174,16,0.9375,0.1654,14,2,0,1.7379,0.07394,0.2719,0.3004,0.7871,0,0
"After first striking the congas with his hands, what implement does the percussionist switch to using during the later, more intense part of the performance?",151,16,0.9375,0.2421,15,0,1,1.6718,0.07379,0.2716,0.2343,0.5,0,0
"Immediately after the dark-uniformed TSV Pfersee player’s shot beats the yellow-clad goalkeeper, what score does the scoreboard display between TSV Schwaben Augsburg and TSV Pfersee?",212,16,0.9375,0.2421,15,0,1,1.6902,0.07087,0.2662,0.2527,0.4599,0,0
"Just before the flutist begins playing and the pianist takes his seat, how do the two formally dressed musicians jointly acknowledge the audience?",182,16,0.9375,0.2421,15,0,1,1.8799,0.06862,0.262,0.4424,0.75,0,0
"After the two men finish aligning and smoothing a large white sheet on the floor, which colour sheet do they next hang on the wall?",142,16,0.9375,0.2421,15,0,1,1.7547,0.06733,0.2595,0.3172,0.8365,0,0
"After dropping from the monkey bars and crawling on the wood-chip ground, what playground structure does the boy climb next?",169,16,0.9375,0.2421,15,0,1,1.5145,0.06708,0.259,0.077,0.4611,0,0
"After Bruce Irons finishes his illuminated nighttime wave ride behind the support boat, which surfer appears next, paddling on the ocean surface before catching a wave?",171,16,0.9375,0.2421,15,0,1,1.9613,0.0668,0.2585,0.5238,0.8696,0,0
"Before the player later reaches down to turn the guitar’s knobs and step on floor pedals, what part of the guitar had earlier been shown in an extreme close-up?",199,16,0.9375,0.2421,15,0,1,1.6673,0.06657,0.258,0.2298,0.572,0,0
"Across both her on-stage hula-hoop act and her later figure-skating routines, what consistent color combination does the female performer wear?",204,16,0.9375,0.2421,15,0,1,1.7464,0.06575,0.2564,0.3089,0.4911,0,0
"Following the TV clip that shows a formally dressed man and woman, which video game’s loading screen appears next on the television?",140,16,0.9375,0.2421,15,0,1,1.6325,0.06348,0.252,0.195,0.4083,0,0
Which hair styling tool does the woman introduce to the camera in the hotel room immediately before she starts using the black hot air brush on her own hair?,206,16,0.9375,0.2421,15,0,1,2.1829,0.06225,0.2495,0.7454,0.95,0,0
"After the video displays the text ""Traditional Recurve Archery,"" what skill does the following biblical quote say the lad became expert in?",214,16,0.9375,0.2421,15,0,1,2.1765,0.06222,0.2494,0.739,0.8889,0,0
What prominently colored vehicle is seen parked by the rocky shoreline during the tranquil coastal shots that come after the windsurfing and sailing scenes?,191,16,0.9375,0.1654,14,2,0,2.0361,0.06125,0.2475,0.5986,0.8696,0,0
"Before the later scenes showing hands painting palm trees and leaves, which object does the woman in the opening studio segment repeatedly hold up while discussing her art?",152,16,0.9375,0.2421,15,0,1,2.2111,0.06103,0.247,0.7736,1.0,0,0
"After the dog is towel-dried but before it is brushed and rewarded with treats, what device does the caretaker use on the dog’s fur?",145,16,0.9375,0.2421,15,0,1,1.7206,0.06079,0.2465,0.2831,0.5263,0,0
Which appliance does the person employ to dry the sneaker immediately after untying its laces beneath the running water?,220,16,0.9375,0.2421,15,0,1,1.4454,0.06051,0.246,0.0079,0.1263,0,0
Whose image is shown on the cereal box that appears right before the scene of Korean archer Park Sung-soo gearing up to shoot?,146,16,0.9375,0.2421,15,0,1,1.6143,0.06018,0.2453,0.1768,0.5,0,0
What color is the spray canister that the person in the blue jacket picks up to apply after previously smoothing wax on the Madshus ski with a cloth?,155,16,0.9375,0.2421,15,0,1,1.9397,0.06011,0.2452,0.5022,0.8,0,0
"While the climber dressed in green ascends the rock face, what color jacket is worn by the person at the base who manages the rope?",167,16,0.9375,0.2421,15,0,1,1.4435,0.05987,0.2447,0.006,0.0952,0,0
"What two different wear-time durations are claimed for Dermablend products, first during Monsier Walzer’s description and later when the setting powder is mentioned?",227,16,0.9375,0.2421,15,0,1,1.5444,0.05816,0.2412,0.1069,0.12,0,0
What name identifies the British athlete first shown gazing ahead before his event and later interviewed on the track as the 2006 European Championship silver medalist?,179,16,0.9375,0.2421,15,0,1,1.5815,0.05803,0.2409,0.144,0.25,0,0
"Between the instructor’s tabletop explanations and the later close-ups of her knitting with red yarn, what fiber-craft is briefly demonstrated using maroon yarn and a hook?",163,16,0.9375,0.2421,15,0,1,1.4772,0.05289,0.23,0.0397,0.1075,0,0
What bold words are displayed over the rural landscape immediately before the scene of the family and their dog walking along the beach?,143,16,0.9375,0.2421,15,0,1,1.7887,0.05133,0.2266,0.3512,0.7778,0,0
"After the text instructs viewers to cool the ski for at least an hour, which tool does the man use next on the ski?",186,16,0.9375,0.2421,15,0,1,1.8366,0.0487,0.2207,0.3991,0.615,0,0
"After the group finishes filling out forms at the Sand Dollar Sports hut, what specific leisure activity are they next shown doing underwater?",195,16,0.9375,0.2421,15,0,1,1.7523,0.04323,0.2079,0.3148,0.5769,0,0
"After the bald man inspects the wave print beside the plant, which motivational poster does the camera later dwell on, and what color are the flowers in the vase on the nearby glass table?",149,16,0.9375,0.1654,14,2,0,1.5187,0.03779,0.1944,0.0812,0.2141,0,0
"After she finishes drying her roller-clipped hair with the medium-heat hairdryer, which body part does she gently massage with her hands?",226,16,0.9375,0.1654,14,2,0,1.9894,0.02925,0.171,0.5519,0.7791,0,0
"After gloved hands meticulously apply makeup to the seated woman near the beginning, what procedure do those same gloved hands later perform on her nose during the party?",175,16,0.9375,0.1654,14,2,0,1.4419,0.02818,0.1679,0.0044,0.0704,0,0
"After the early setup of Sorry! pawns, what kind of game pieces does the person later take from a tin box and spread across the table?",161,16,0.9062,0.2633,14,1,1,1.7855,0.24194,0.4919,0.3792,0.9581,0,0
"After the scene showing players resting among their badminton gear and two others rallying on the court, what image remains on screen at the very end of the video?",176,16,0.9062,0.2633,14,1,1,1.9567,0.16247,0.4031,0.5505,0.98,0,0
Which single word displayed on a black background directly precedes the moment when the title “FIRST 30” appears alongside four small sailing images?,192,16,0.9062,0.2633,14,1,1,1.7646,0.14556,0.3815,0.3583,0.7692,0,0
"During the studio scene where the artist alternates between speaking to an audience and painting, which instrument is played by one of the traditionally dressed onlookers?",137,16,0.9062,0.2633,14,1,1,1.5941,0.12665,0.3559,0.1878,0.6135,0,0
"After the skateboarder in a light-colored shirt successfully rides away from his rail slide near the glass-windowed building, what happens to the skateboarder in dark clothing who tries the same trick next?",198,16,0.9062,0.2633,14,1,1,1.5622,0.1233,0.3511,0.1559,0.62,0,0
"After the series of forest firefight scenes, in what sort of environment does the lone camouflaged player navigate immediately before the closing Yakuza Tactico Paintball logo appears?",210,16,0.9062,0.2633,14,1,1,1.7318,0.1225,0.35,0.3256,0.7526,0,0
"Immediately after the woman’s oversized gum bubble pops, what shared activity do the gathered women begin?",166,16,0.9062,0.2633,14,1,1,1.8524,0.12217,0.3495,0.4462,0.9091,0,0
Who is named as the British Ladies Open left arm champion after beating a man in an arm-wrestling match and later discussing techniques?,135,16,0.9062,0.2633,14,1,1,1.9012,0.12014,0.3466,0.495,0.8421,0,0
"In the strategic analysis segments where on-screen text explains the server’s positioning during break or game points, which specific opponent shot does the player expect and prepare for?",165,16,0.9062,0.2633,14,1,1,1.8462,0.11964,0.3459,0.44,0.9286,0,0
"After the diver recovers the lost sunglasses, what object is later held underwater while on-screen text states it ""Doesn't Biodegrade""?",153,16,0.9062,0.2633,14,1,1,1.9922,0.11687,0.3419,0.586,0.751,0,0
"During the bout, a piece of a fencer’s protective gear slips off, prompting the referee to stop the action and fix it. Which item does the referee readjust before the duel resumes?",157,16,0.9062,0.2633,14,1,1,1.7188,0.11471,0.3387,0.3125,0.7692,0,0
"What culturally traditional performance, featuring kilt-clad dancers moving in synchronized steps, takes place on the field between the earlier and later tug-of-war contests?",197,16,0.9062,0.2633,14,1,1,1.703,0.11462,0.3386,0.2967,0.6667,0,0
What kind of structure does the yellow kayak first pause beside and later paddle away from during its early journey?,162,16,0.9062,0.2633,14,1,1,1.8956,0.10717,0.3274,0.4894,0.7444,0,0
"Before the rider later races across the sandy track, what vehicle is visible strapped to the trailer being towed by the black UTV?",139,16,0.9062,0.2633,14,1,1,1.5981,0.10367,0.322,0.1919,0.3704,0,0
What two items are placed on opposite sides of the clogged sink drain before the hand points at one of them?,203,16,0.9062,0.1952,13,3,0,1.9931,0.09675,0.3111,0.5869,1.0,0,0
"Immediately after the maroon-uniformed players celebrate their point, what specific garment is worn by the woman who speaks about the conference schedule?",194,16,0.9062,0.2633,14,1,1,1.8447,0.09594,0.3097,0.4384,0.7857,0,0
"After the woman wins her arm-wrestling match and raises her arm in celebration, what object does the shirtless man carry while walking around the venue?",236,16,0.9062,0.2633,14,1,1,2.037,0.09465,0.3077,0.6307,0.87,0,0
Which prop that the dancer actively twirls early in the performance later appears lying unused on the courtyard floor during subsequent scenes?,232,16,0.9062,0.2633,14,1,1,2.0609,0.07963,0.2822,0.6547,0.9091,0,0
"Before sealing the shaker, which two liquids and their measured amounts does the bartender pour into it?",172,16,0.9062,0.1952,13,3,0,1.887,0.0749,0.2737,0.4808,0.8238,0,0
"When the scene switches to the man in the office, what parking restriction is written on the sign displayed behind him?",139,16,0.9062,0.2633,14,1,1,1.4062,0.06934,0.2633,0.0,0.0,0,0
What partially finished object does the hand pick up right after the introductory title text disappears and the scene shifts to the wooden table?,177,16,0.9062,0.1952,13,3,0,1.8561,0.06202,0.249,0.4498,0.6667,0,0
What patterned accessory does the stylist finally place over the finished heart-shaped braids to secure the style?,212,16,0.9062,0.1952,13,3,0,1.8962,0.04866,0.2206,0.49,0.6682,0,0
"Instead of standing on the shoreline like earlier spectators, where do the two people watch from while the man later walks the slackline high over the lake?",239,16,0.9062,0.1952,13,3,0,2.0595,0.04493,0.212,0.6532,0.8412,0,0
"During back-to-back scenes of the woman using the Octane Fitness elliptical beside the instructor, what two benefit statistics are shown in the on-screen text overlays?",163,16,0.9062,0.1952,13,3,0,1.7673,0.03161,0.1778,0.3611,0.5022,0,0
"In the Bavarian Championship portion, after the female weightlifter’s failed attempt with the 75 kg barbell, which heavier weight does she successfully lift overhead?",236,16,0.875,0.3307,14,0,2,1.9093,0.31617,0.5623,0.5343,0.9375,0,0
"After completing his work on the wheel hub assembly indoors, into what container outside the garage does the mechanic discard some of the removed parts?",198,16,0.875,0.3307,14,0,2,1.6642,0.29868,0.5465,0.2892,0.9018,0,0
"After the camera discovers a book titled 'Do It!' tucked beneath a cushion, what title appears on the magazine that someone tapes on the couch?",179,16,0.875,0.3307,14,0,2,1.6883,0.27664,0.526,0.3133,0.9625,0,0
"After the boy in a red shirt loses the arm-wrestling match, what color sleeveless top does the next challenger wear?",201,16,0.875,0.3307,14,0,2,1.8424,0.24661,0.4966,0.4674,0.9,0,0
"What is the color of the kayak that Carly Rojas steadies while helping someone climb in, and what color is the kayak paddled by the boy who later navigates around the large inflatable obstacle?",151,16,0.875,0.2795,13,2,1,1.8521,0.23478,0.4845,0.4771,0.8731,0,0
"Which object is successively inserted into the sink drain to prevent clogs, later adjusted while water flows, and finally removed to reveal caught debris?",137,16,0.875,0.3307,14,0,2,1.9362,0.222,0.4712,0.5612,0.7821,0,0
"During the various living room panoramas, which video-game device is repeatedly shown resting on the glass coffee table among the snacks and other items?",147,16,0.875,0.3307,14,0,2,1.8307,0.21356,0.4621,0.4557,0.8299,0,0
"After showing the woman gesturing to colorful cookbook pages of carrots and greens, what object by the window does the camera later inspect and touch?",170,16,0.875,0.3307,14,0,2,1.786,0.20594,0.4538,0.411,0.7143,0,0
What number is painted on the long canoe that first carries a pink flag at its bow and later paddles alongside the canoe marked 57?,215,16,0.875,0.3307,14,0,2,1.8854,0.19215,0.4384,0.5104,0.8787,0,0
"At the start of the beer pong tournament, a scoreboard beside the Miller Lite banner lists the prize for the competition; after the winning team later hugs in celebration, what dollar amount had that scoreboard displayed?",183,16,0.875,0.3307,14,0,2,1.353,0.18221,0.4269,0.0092,0.0893,0,0
"After the athlete tapes her wrist and speaks to the camera, which throwing event does she go on to perform in the indoor venue?",161,16,0.875,0.3307,14,0,2,1.8962,0.1774,0.4212,0.5212,0.9212,0,0
What happens on the shrub-lined white runway right after the envelope is placed in the bright Veuve Clicquot mailbox?,181,16,0.875,0.2795,13,2,1,2.081,0.17077,0.4132,0.706,1.0,0,0
Which item that first sits on the wooden desk beside the smartphone later turns up next to the couch in the living-room scenes?,232,16,0.875,0.3307,14,0,2,1.6711,0.17072,0.4132,0.2961,0.5795,0,0
"What product, first exhibited as a red can she slowly turns while discussing brushes, does the woman later reach for after fully blow-drying her hair?",156,16,0.875,0.3307,14,0,2,1.7873,0.16061,0.4008,0.4123,0.9539,0,0
"After laying the black pants on the straw, what object does the person lift and carry together with the gathered clothes while walking across the rooftop?",189,16,0.875,0.3307,14,0,2,1.5779,0.15583,0.3948,0.2029,0.5,0,0
"After first drying her hair earlier in the video, which household appliance does the woman later pretend to sing into like a microphone?",138,16,0.875,0.3307,14,0,2,1.8569,0.15221,0.3901,0.4819,0.7238,0,0
"Following the segment where the pianist performs “What a Friend We Have in Jesus” on a grand piano, what kind of piano appears when the screen shows the words “Keep on the Firing Line”?",216,16,0.875,0.3307,14,0,2,1.7285,0.13757,0.3709,0.3535,0.55,0,0
"After the woman finishes tapping white body paint over the latex, which color paint does she apply next using a different brush?",146,16,0.875,0.3307,14,0,2,1.4783,0.13341,0.3653,0.1033,0.2588,0,0
"After the woman pins her hair into an elevated bun in the step-by-step tutorial, which styling tool does she use next, before later switching to a curling iron?",152,16,0.875,0.3307,14,0,2,1.5542,0.13164,0.3628,0.1792,0.3448,0,0
"While the shoe rests on a wooden block, which body part does the shoeshiner use to buff the leather after rubbing the polish with a cloth but before switching to a rag?",165,16,0.875,0.2795,13,2,1,1.5088,0.12608,0.3551,0.1338,0.6061,0,0
What appears onscreen immediately after the yellow-shirted badminton player and her green-shirted opponent finish their rally with a handshake at the net?,201,16,0.875,0.2795,13,2,1,1.6933,0.12529,0.354,0.3183,0.67,0,0
"Before the plank is cut with a blade that throws off sawdust, through what machine is it first guided to smooth its surface?",203,16,0.875,0.3307,14,0,2,1.9146,0.12389,0.352,0.5396,0.8197,0,0
"While the person leaves the quiet living room and heads down the hallway before entering the busy office, what dominant color covers the mountain-shaped mural on the corridor wall they walk past?",222,16,0.875,0.3307,14,0,2,1.6513,0.11751,0.3428,0.2763,0.5,0,0
"When the packaged Pumpkin Gutter is shown beside whole pumpkins and later a metal rod is attached to a drill to scrape the hollowed pumpkin, what protective surface are all these actions performed on?",148,16,0.875,0.2795,13,2,1,1.8753,0.11638,0.3412,0.5003,0.9617,0,0
"Following the initial preparation sequence with Brian Drake on the one-meter board, later scenes show divers at a pool whose wall has a depth label; which single word marks the pool’s depth?",206,16,0.875,0.3307,14,0,2,1.4244,0.11449,0.3384,0.0494,0.2128,0,0
"After the two adult players end their match with a handshake, whom does the adult player rally with in the following scene inside the court?",188,16,0.875,0.3307,14,0,2,1.4809,0.1143,0.3381,0.1059,0.4912,0,0
"During the portion where the belly dancer performs in front of four judges rather than three, which traditional drumming instrument is mentioned in the on-screen text?",218,16,0.875,0.3307,14,0,2,2.0078,0.11405,0.3377,0.6328,0.8312,0,0
What color jacket does the skier wear when the video returns outdoors immediately after the indoor discussion between the two men?,201,16,0.875,0.3307,14,0,2,1.5537,0.1139,0.3375,0.1787,0.4,0,0
"After the man casually walks through the bright living room past the exercise gear, what device does a hand later point a remote control toward?",177,16,0.875,0.3307,14,0,2,1.375,0.10938,0.3307,0.0,0.0,0,0
"After the women finish examining the hair-dye tube and the small bottle, which item does the blonde woman later display and simulate using by drawing on it?",189,16,0.875,0.3307,14,0,2,1.7398,0.10876,0.3298,0.3648,0.5556,0,0
"When the brown-and-white dog that later stands on the green picnic table is receiving a belly rub earlier in the video, what kind of surface is it lying on?",150,16,0.875,0.3307,14,0,2,1.6172,0.10796,0.3286,0.2422,0.6667,0,0
What hand-held tool is used both when the man slices non-woven wallcovering along a straight edge early on and when he later trims a thin wooden strip on the table?,153,16,0.875,0.3307,14,0,2,2.0735,0.10665,0.3266,0.6985,0.954,0,0
"After a tractor hoists the giant pumpkin into a metal support frame, what does the man lying beneath that frame subsequently do to the pumpkin?",221,16,0.875,0.2795,13,2,1,1.8734,0.1036,0.3219,0.4984,0.8696,0,0
"Following the scene where the gray-haired woman stands motionless with her hands on her hips in a medical office, what detailed activity does she demonstrate at the stainless steel sink later in the video?",165,16,0.875,0.2165,12,4,0,2.201,0.09881,0.3143,0.826,0.9659,0,0
What two colors are painted on the railings of the high platform where the man in black athletic wear edges forward before his bungee jump over the arid landscape?,230,16,0.875,0.2165,12,4,0,2.132,0.09855,0.3139,0.757,1.0,0,0
What piece of furniture does the woman stand behind while presenting with her phone that the young person later sits on when using a smartphone?,201,16,0.875,0.2795,13,2,1,1.4157,0.09324,0.3054,0.0407,0.2133,0,0
"After completing handstands, cartwheels, and splits on the wooden floor stage, what object does the gymnast pick up to continue her routine?",213,16,0.875,0.3307,14,0,2,1.4403,0.09092,0.3015,0.0653,0.2,0,0
Which team name briefly appears onscreen after the young player rushes forward to deliver her serve but before the woman with a microphone starts talking on another court?,181,16,0.875,0.2795,13,2,1,1.375,0.07812,0.2795,0.0,0.0,0,0
"After initially only rotating and stretching the yellow knitted fabric with bare hands, which tool do the hands later employ to form additional stitches in the fabric?",212,16,0.875,0.2165,12,4,0,1.6441,0.07762,0.2786,0.2691,0.7692,0,0
Which whisky label is on the bottle the man uses when he pours some into a glass and then into his hand before rubbing his palms together?,174,16,0.875,0.2165,12,4,0,1.9266,0.06308,0.2511,0.5516,0.7667,0,0
"What color cloth covers the table in the early adult haircut scene, and what is the main wall color in the later haircut scenes with the young boy?",222,16,0.875,0.2165,12,4,0,2.2037,0.06059,0.2462,0.8287,0.9316,0,0
"In Jamie Oliver’s sequence, how many milliliters of tonic water does he add compared with the gin he first measures, and which amount is greater?",181,16,0.875,0.2165,12,4,0,2.1577,0.05111,0.2261,0.7827,0.9851,0,0
"Earlier in the video, before the man eventually sets his phone aside to speak, which labeled product container does he hold up close to the camera?",221,16,0.875,0.2165,12,4,0,1.6151,0.04586,0.2142,0.2401,0.3722,0,0
"During the sequence where a woman uses an electric jigsaw to shape a pumpkin on a blue-covered table, what drink is the man beside her shown sipping?",217,16,0.8438,0.3409,13,1,2,1.6886,0.22797,0.4775,0.3449,0.7042,0,0
"Before red arrows illustrate upward airflow during ironing, which two operating modes of the blue ironing board are demonstrated using its control panel?",179,16,0.8438,0.2915,12,3,1,1.8114,0.19512,0.4417,0.4676,0.9303,0,0
"Which poster is later measured with a tape after its abbreviation ""WCD"" has been written earlier on lined paper?",179,16,0.8438,0.3409,13,1,2,1.71,0.17818,0.4221,0.3662,0.5808,0,0
What visual elements appear on the screen just before the violinist in the blue gown enters and begins her performance?,147,16,0.8438,0.2318,11,5,0,1.9972,0.1699,0.4122,0.6534,1.0,0,0
What material does the person place along the wall’s baseboard and later unroll along the bottom edge of the abstract canvas?,238,16,0.8438,0.3409,13,1,2,1.8776,0.15903,0.3988,0.5339,0.8889,0,0
"After the gloved fingers twist gently to break suction and remove the lens, which labeled product is shown being used to fill the lens’s concave surface with viscoelastic solution?",202,16,0.8438,0.3409,13,1,2,1.6271,0.15199,0.3899,0.2834,0.5076,0,0
"After the elliptical’s paused timer counts down from 28 seconds, what labeled summary screen appears to signal the conclusion of the session?",235,16,0.8438,0.3409,13,1,2,1.7971,0.12789,0.3576,0.4846,0.5727,0,0
"After the initial hookah-setup conversation, what specific shape do the participants repeatedly create with their exhaled smoke in the subsequent darker scenes?",206,16,0.8438,0.3409,13,1,2,1.8537,0.12621,0.3553,0.5099,0.89,0,0
What object promoting social distancing lies on the floor directly in front of the automatic doors just before the view expands to show bicycles outside?,223,16,0.8438,0.3409,13,1,2,1.6105,0.12203,0.3493,0.2668,0.35,0,0
"After the woman finishes speaking, from what elevated surface does the male instructor lead the cycling class while riding his stationary bike?",147,16,0.8438,0.3409,13,1,2,1.4036,0.1201,0.3466,0.0598,0.2511,0,0
"After raking leaves in the yard, what distinctive garment is the same person wearing when he later turns toward the camera and wields the rake like a weapon?",156,16,0.8438,0.2915,12,3,1,1.9123,0.10928,0.3306,0.5686,0.8222,0,0
"When the man demonstrates the device labeled by on-screen text as an ""optical tracing system"" while holding a rod with optical markers, what kind of virtual landscape is shown on the large projection screen behind him?",224,16,0.8438,0.2915,12,3,1,2.0052,0.08932,0.2989,0.6614,0.8333,0,0
What brand name appears both on the cookbook shown beside the chefs at the start and on the bag of gigli pasta the woman later breaks apart?,199,16,0.8438,0.2915,12,3,1,2.1255,0.08676,0.2945,0.7817,0.9944,0,0
"While the man steers the lawn mower around the tree near the end of the video, what vehicle briefly passes by on the street in the background?",172,16,0.8438,0.2915,12,3,1,1.3484,0.08672,0.2945,0.0046,0.0737,0,0
"What synchronized activity are the two men performing immediately before the video briefly shows three shirtless men tossing medicine balls, and what do they resume doing right afterward?",205,16,0.8438,0.2318,11,5,0,1.5799,0.07637,0.2764,0.2362,0.3968,0,0
"During the whimsical forest scene featuring a friendly owl above the trees, what patterned garment does the lower character wear that the artist meticulously details?",193,16,0.8438,0.2318,11,5,0,1.4513,0.05497,0.2345,0.1075,0.3217,0,0
What title is printed on the large ceremonial check presented to the bowler who earlier delivered the ball to the red-uniformed batsman?,239,16,0.8438,0.2318,11,5,0,2.0261,0.04481,0.2117,0.6823,0.8811,0,0
"Which athlete is shown first preparing with a handheld weight, then making two barbell lift attempts—the second ending in a drop—and later completing his final shot put throw?",162,16,0.8125,0.3903,13,0,3,1.9643,0.43404,0.6588,0.6518,0.96,0,0
Which logo is displayed almost immediately after the glowing orange play button appears and is shown again in the final static frame of the video?,204,16,0.8125,0.3903,13,0,3,2.0949,0.29897,0.5468,0.7824,1.0,0,0
"After the athlete leaps over the chair and hangs from the rim, through what floor-based training apparatus does he immediately run his footwork drills?",195,16,0.8125,0.3903,13,0,3,1.6043,0.28198,0.531,0.2918,0.7143,0,0
"Which object, depicted beside the red “MDAUS” text in the opening logo, later appears in real form loaded onto the barbell the athlete lifts?",237,16,0.8125,0.3903,13,0,3,1.9743,0.27315,0.5226,0.6618,0.9828,0,0
Which brand’s logo on a black background is shown immediately before the first appearance of the man in a cap and hoodie speaking beside a brick wall with his laptop?,191,16,0.8125,0.3903,13,0,3,1.645,0.25767,0.5076,0.3325,0.825,0,0
"When the two men emerge outdoors and shake hands to start their rock-paper-scissors duel after the black “VS” screen, what color T-shirt is worn by the man opposing the one in the black graphic shirt?",182,16,0.8125,0.3903,13,0,3,1.7316,0.25685,0.5068,0.4191,0.875,0,0
"Which grooming product is repeatedly spread over the seated man's leg—first by himself, later by a child, and eventually by a woman—before a can labeled “Sally Hansen” appears for waxing?",196,16,0.8125,0.3903,13,0,3,1.9746,0.21044,0.4587,0.6621,0.9669,0,0
How many points does Yakov add between his early 1–0 advantage and the later scoreboard tie of 4–4 against Ethan?,175,16,0.8125,0.3903,13,0,3,2.1755,0.19617,0.4429,0.863,0.9467,0,0
"When the wrestling transitions from the bed covered by a red blanket to the carpeted floor later in the video, what colored book or notebook is visible lying nearby?",229,16,0.8125,0.3903,13,0,3,1.4699,0.19385,0.4403,0.1574,0.34,0,0
"Which cylindrical object, labeled for water-repellent and stain-resistant use, is highlighted after the red and black paint samples and before the hand presents the brown leather shoe with the red conditioner can?",190,16,0.8125,0.348,12,2,2,1.6814,0.18404,0.429,0.3689,0.8571,0,0
"After the lemon juice has been squeezed, what type of substance is later scooped from a glass jar and added to the yellow drink on the cutting board?",156,16,0.8125,0.3903,13,0,3,1.747,0.17046,0.4129,0.4345,0.5966,0,0
"After the woman first presents the “Uncommon” hair product while transforming her curls, which brand of hair elastics does she later showcase before finishing her high bun?",187,16,0.8125,0.348,12,2,2,1.4618,0.16536,0.4066,0.1493,0.3044,0,0
What green object is visible above the wooden fence outside before the scene moves indoors to the client’s shoulder being prepared with transfer tape?,200,16,0.8125,0.2997,11,4,1,2.1466,0.16327,0.4041,0.8341,1.0,0,0
"After skillfully steering through the rapids, which object that had served for navigation do the rafters hold aloft while cheering?",160,16,0.8125,0.348,12,2,2,1.3921,0.16101,0.4013,0.0796,0.2857,0,0
"After the man in the park falls onto a cushioned mat and resumes slacklining, what color shirt does the slackliner wear in the next wooded scene?",179,16,0.8125,0.3903,13,0,3,1.3304,0.16089,0.4011,0.0179,0.1429,0,0
"What electronic device, first seen attached to the fisherman’s setup and later shown resting on a stool, helps him detect fish beneath the ice?",182,16,0.8125,0.3903,13,0,3,1.6264,0.16074,0.4009,0.3139,0.4809,0,0
"After the player in a black shirt loses possession to two light-blue-shirted defenders on the nighttime court, what exact text appears on the subsequent black screen?",183,16,0.8125,0.2997,11,4,1,1.4524,0.15572,0.3946,0.1399,0.4545,0,0
"After the red-jacketed skier completes smooth turns on the lower slope, what colour jacket does the skier wear who later demonstrates linked turns for speed control on the steeper section?",197,16,0.8125,0.3903,13,0,3,2.0096,0.15528,0.3941,0.6971,0.9621,0,0
"After soaring off the steep ramp during the daytime lake event, what happens to the water skier when he reaches the makeshift landing platform built from stacked barrels and debris?",186,16,0.8125,0.348,12,2,2,1.465,0.15457,0.3932,0.1525,0.4,0,0
Which piece of safety equipment is first shown hanging on the wall in the initial indoor gear room and later worn by the people leaping from the bridge?,198,16,0.8125,0.348,12,2,2,1.6312,0.1529,0.391,0.3187,0.9589,0,0
"After the children who earlier spelled out “I ♥ MUSIK” on their white T-shirts gather at the railing to receive small items, what color shirts are the adults distributing those items wearing?",185,16,0.8125,0.3903,13,0,3,1.3125,0.15234,0.3903,0.0,0.0,0,0
"During both the portions where the woman stands beside the stationary bike and the ones where she pedals it, what gym equipment is consistently visible neatly racked beneath the “GO HARD.” sign in the background?",231,16,0.8125,0.3903,13,0,3,1.4928,0.15068,0.3882,0.1803,0.2455,0,0
Which two colors make up the patterned cloth draped over the upright piano that is seen both during the girl's solo performance and during the later group gathering where onlookers clap along?,154,16,0.8125,0.2997,11,4,1,1.9186,0.14888,0.3859,0.6061,0.7877,0,0
"While the blue-clad athlete wearing number 097 begins her long-jump run, which British competitor is simultaneously filmed making her fifth javelin throw?",226,16,0.8125,0.348,12,2,2,1.6954,0.14166,0.3764,0.3829,0.6667,0,0
"After the man identified as Travis Doran finishes his red-cup drink and talks to the camera, what machine is later shown stationed on the grassy shore, pulling skiers across the lake?",180,16,0.8125,0.348,12,2,2,1.3542,0.14097,0.3755,0.0417,0.252,0,0
"Before Adrien Lecomte’s name appears, which word sits between two glowing eye-like shapes, and what brand name is printed on the red T-shirt of the rider later adjusting his mountain bike in the forest?",137,16,0.8125,0.2421,10,6,0,1.781,0.13776,0.3712,0.4685,0.8664,0,0
"In the video, the man first loses his balance and falls off an object, but later he sits on that same object while conducting imaginary music with his arms; what is the shared object?",141,16,0.8125,0.2997,11,4,1,1.5407,0.12318,0.351,0.2282,0.5091,0,0
Which color is the cloth the man first uses to scrub the kitchen sink and later to wipe down the large knife?,195,16,0.8125,0.3903,13,0,3,1.9848,0.12024,0.3468,0.6723,0.9094,0,0
"During the sudden blurred interlude that interrupts the man's explanation, what exact phrase is shown repeatedly on the screen?",184,16,0.8125,0.348,12,2,2,1.7576,0.11922,0.3453,0.4451,0.7143,0,0
What appears on screen between the initial turbulent water sequence and the moment the man first sits at the table with the shoe-care products?,171,16,0.8125,0.2421,10,6,0,1.7376,0.11552,0.3399,0.4251,0.9105,0,0
"After the two men finish untangling the rope in the yard, what activity does a woman help a young child do next?",172,16,0.8125,0.348,12,2,2,1.4781,0.11438,0.3382,0.1656,0.3407,0,0
What major hair treatment occurs after the head is completely wrapped in plastic but before the blow-drying scene that features a phone displaying an ongoing call?,134,16,0.8125,0.2997,11,4,1,1.6563,0.10132,0.3183,0.3438,0.5371,0,0
"After the artist sets aside the mountain photograph, what does she begin doing next in the studio?",193,16,0.8125,0.2421,10,6,0,1.5079,0.09893,0.3145,0.1954,0.4813,0,0
"After the blue text that states '360 Wave Music Ahhhh!!! Relax & Enjoy!!!' appears, which hairstyle does the person first showcase in the following scene?",218,16,0.8125,0.348,12,2,2,1.8349,0.0958,0.3095,0.5224,0.7692,0,0
"After the man spins one hula hoop around his neck and then rolls it at his waist, what change does he make to increase the difficulty of the routine?",239,16,0.8125,0.2421,10,6,0,1.8547,0.08739,0.2956,0.5422,0.8429,0,0
"After the wide mountain landscape shots transition to the indoor interview scene, what pattern appears on the curtains behind the speaker, and what two layers of upper clothing is he wearing?",164,16,0.8125,0.2421,10,6,0,1.7778,0.06038,0.2457,0.4653,0.62,0,0
"Immediately after the guitar performance on the theater stage and right before the footage returns to curling on the ice, what startling visual dominates the screen?",201,16,0.7812,0.394,12,1,3,1.4776,0.28791,0.5366,0.1963,0.8333,0,0
"Across the playful mid-video hair-drying scenes, what object consistently rests on the small side table near the closed door beneath the lamp?",216,16,0.7812,0.394,12,1,3,1.7254,0.2059,0.4538,0.4442,0.71,0,0
"After the woman who meticulously fastens knee pads and wrist guards crosses the zebra crossing, what activity does she engage in?",148,16,0.7812,0.394,12,1,3,1.3359,0.19965,0.4468,0.0547,0.7143,0,0
"After the man briefly forms a heart shape with his hands, which specific hand gesture does he flash later while still inside the car?",152,16,0.7812,0.394,12,1,3,1.5971,0.1755,0.4189,0.3158,0.9286,0,0
"After the shirtless skateboarder successfully clears the high bar, what does he do while standing among the crowd?",226,16,0.7812,0.394,12,1,3,1.8141,0.17311,0.4161,0.5328,0.7143,0,0
"After the bags of fallen leaves are loaded into the car trunk, where are those leaves later emptied and spread?",176,16,0.7812,0.394,12,1,3,1.5032,0.16078,0.401,0.222,0.6844,0,0
"After one worker pulls up the carpet and another vacuums the newly exposed floor, what large white material do they unroll and spread across the room?",210,16,0.7812,0.3522,11,3,2,1.8832,0.15628,0.3953,0.6019,0.7647,0,0
"During the moment when a second worker wearing a red cap is visible behind him, which two cleaning tools is the main window cleaner simultaneously holding?",200,16,0.7812,0.394,12,1,3,1.2812,0.15527,0.394,0.0,0.0,0,0
"Following the moment when a colorful book lies open on the tufted leather couch beside a white pillow, which item is later measured with a tape measure while resting on that same couch?",171,16,0.7812,0.3522,11,3,2,1.4338,0.14062,0.375,0.1525,0.3333,0,0
"Across the successive drumline performances that follow the audience and bagpiper scenes, which two accent colors consistently appear on the black drums?",135,16,0.7812,0.3046,10,5,1,2.0963,0.12652,0.3557,0.815,0.9789,0,0
"During the climbing sequences that follow the instructor’s initial harness setup, what accessory can repeatedly be seen worn around the climber’s wrist?",185,16,0.7812,0.3522,11,3,2,1.4242,0.11861,0.3444,0.1429,0.18,0,0
"After the close-up on potato gnocchi and macaroni boxes, the camera pans out to a wider store view. Which two types of furniture become visible?",150,16,0.7812,0.3046,10,5,1,1.3193,0.10171,0.3189,0.038,0.3226,0,0
What does the scorecard displayed directly before Anne BOOZ’s post-match interview reveal about how many sets Amicale Nîmes Volley Ball won and their set scores against Cannes?,134,16,0.7812,0.3046,10,5,1,1.4046,0.1016,0.3187,0.1234,0.3,0,0
"Following the portion where the lab-coated woman lectures beside the nursing sign, what practical hygiene technique is demonstrated step-by-step at the bathroom sink?",168,16,0.7812,0.3046,10,5,1,1.5116,0.09825,0.3134,0.2303,0.383,0,0
"During the synchronized dive attempt later in the video, what mistake does one diver make and what immediate visual result is seen when they hit the water?",208,16,0.7812,0.3046,10,5,1,1.2812,0.09277,0.3046,0.0,0.0,0,0
"After the video’s early focus on just the sky and the ancient stone wall, what kind of modern buildings later appear in the background during the kite-flying scenes?",211,16,0.7812,0.248,9,7,0,1.4706,0.09023,0.3004,0.1894,0.8,0,0
"After the person who first exposes their side beneath a black T-shirt reading “TAKE ME TO THE HOSPITAL” later lies on a black tattoo bed, what instrument does the artist use and on which body area?",177,16,0.7812,0.248,9,7,0,1.4245,0.07929,0.2816,0.1433,0.3393,0,0
"After the nighttime clip of the skateboarder gliding beneath the bridge, what structure does he grind during the next daylight scene?",189,16,0.75,0.433,12,0,4,1.5946,0.37498,0.6124,0.3446,0.7143,0,0
"During the light-hearted rally between the man in a white shirt and the woman in a blue dress, what exact phrase flashes on the screen immediately before the slow-motion dive replay?",230,16,0.75,0.433,12,0,4,1.6509,0.31114,0.5578,0.4009,0.7692,0,0
"After previously appearing among the students on the school bus, what object is the man wearing a yellow cap holding when he later walks into the wooden lodge interior?",228,16,0.75,0.433,12,0,4,1.4634,0.29113,0.5396,0.2134,0.4211,0,0
Which percussion instrument is first showcased by a woman right after the suited host’s opening and is later played again when the curly-haired singer switches from singing to rhythm?,176,16,0.75,0.433,12,0,4,1.6728,0.27185,0.5214,0.4228,0.8932,0,0
"After the initial scene of needles weaving dark-and-light rows, which tool do the hands use in the very next crafting segment before switching back to needles later?",217,16,0.75,0.433,12,0,4,1.6006,0.268,0.5177,0.3506,0.6,0,0
"After the announcer in a white T-shirt finishes speaking under the red canopy, what color is the top worn by the woman shown watching the windsurfers from the shoreline?",160,16,0.75,0.433,12,0,4,1.6771,0.24389,0.4939,0.4271,0.8283,0,0
"After the hands stop pressing near the thermostat and the camera begins showing the living room, what object repeatedly remains centered in the later scenes?",178,16,0.75,0.433,12,0,4,1.9762,0.2435,0.4935,0.7262,0.9273,0,0
"Which visual element serves as both the opening and closing frame of the video, appearing before any sports scenes and returning after the final pole-vault attempts?",159,16,0.75,0.433,12,0,4,1.9893,0.24117,0.4911,0.7393,1.0,0,0
Which garment color is worn both by the male dancer who leads the opening ensemble and by one of the two tap dancers who later emerge onto the dimly lit stage?,216,16,0.75,0.433,12,0,4,1.7855,0.23675,0.4866,0.5355,0.7694,0,0
"After the camera leaves the clothing boutique and passes through the hallway, which kind of store does it enter, and what merchandise is primarily shown there?",160,16,0.75,0.3062,9,6,1,1.9129,0.21192,0.4604,0.6629,0.9563,0,0
"After showing the sunscreen lotion, which item does the woman dip into the water-filled blue bowl before rubbing it on her arm?",167,16,0.75,0.433,12,0,4,1.8411,0.20778,0.4558,0.5911,0.9449,0,0
What color is the canoe that a paddler uses for both casting a fishing rod on a calm river earlier and negotiating rapids later in the video?,138,16,0.75,0.433,12,0,4,1.7449,0.20626,0.4542,0.4949,0.7085,0,0
What part of the girl's body becomes the main focus when the camera shifts to a close-up of something flowing into a water-filled basin between her tooth-brushing and spitting scenes?,140,16,0.75,0.433,12,0,4,1.4486,0.20172,0.4491,0.1986,0.55,0,0
"After the two motocross riders line up together, what number is displayed on the bike that stays behind when the other rider speeds off across the sand?",163,16,0.75,0.433,12,0,4,1.8059,0.19669,0.4435,0.5559,0.865,0,0
"After the video’s professional cricket footage showing a bowler in green-and-yellow clothing, what color are the wickets that the children later set up for their own game?",182,16,0.75,0.433,12,0,4,1.4845,0.18878,0.4345,0.2345,0.5556,0,0
"Following the product discussion that centers on Cetaphil Gentle Skin Cleanser, what implement does the makeup artist use to apply liquid foundation to the model’s face in the subsequent demonstration?",173,16,0.75,0.433,12,0,4,1.548,0.185,0.4301,0.298,0.56,0,0
Which color rope is used both when the man rebounds after his bridge bungee jump and when he hauls himself onto the rescue platform from the water?,222,16,0.75,0.433,12,0,4,1.4979,0.17428,0.4175,0.2479,0.3571,0,0
"Before the red- and black-clad players begin their squash rallies, what color hoodie is worn by the man introducing the challenge in the corridor?",206,16,0.75,0.433,12,0,4,1.9774,0.17043,0.4128,0.7274,1.0,0,0
"After brewing coffee at the kitchenette, what object does the woman carry into the living room and set on the white coffee table before sitting down?",172,16,0.75,0.3953,11,2,3,1.3078,0.16998,0.4123,0.0578,0.1222,0,0
"After the quartet’s routine featuring a solo acrobatic highlight, how many dancers appear in the very next stage scene, and what color shirts do they have?",146,16,0.75,0.3536,10,4,2,1.4254,0.15691,0.3961,0.1754,0.8224,0,0
"After steering the red lawn mower around the stone fire pit, what suspended object hanging from a tree does the operator navigate around next?",219,16,0.75,0.3953,11,2,3,1.25,0.15625,0.3953,0.0,0.0,0,0
"Just before the video cuts to the “World Championships Germany August 2011” screen, the referee raises one fighter’s hand to signal victory; what color uniform is that winning competitor wearing?",153,16,0.75,0.3953,11,2,3,1.6003,0.15164,0.3894,0.3503,0.8261,0,0
"Immediately after tightening the chain around the wheelchair’s wheel with the metal handle, from which labeled container does the person retrieve the seatbelt?",219,16,0.75,0.3062,9,6,1,1.7332,0.13826,0.3718,0.4832,0.6897,0,0
Which single object is seen lying on the wooden surface right after the bilingual title about potato-cleaning tools but before the first potatoes are rinsed in the sink?,229,16,0.75,0.3062,9,6,1,1.3793,0.13299,0.3647,0.1293,0.4545,0,0
"After the upside-down floral plate is rhythmically tapped toward the sink with a rolling pin, what tool is later used to scrub it in the soapy water?",188,16,0.75,0.3953,11,2,3,1.6698,0.11984,0.3462,0.4198,0.8108,0,0
"After initially walking across the lawn with the leaf blower, how does the worker position their body when later clearing debris under the elevated deck?",145,16,0.75,0.25,8,8,0,1.805,0.11707,0.3422,0.555,0.9675,0,0
"Following the initial smoothing of the white cushion on the ironing board, what color is the fabric that the person next folds and aligns over that cushion?",212,16,0.7188,0.4319,11,1,4,1.692,0.30584,0.553,0.4732,0.85,0,0
"Following the moment where a lone person adjusts a skateboard in a dark room, what objects do the group later fill with beer while arranging them in triangular patterns on a table?",155,16,0.7188,0.4319,11,1,4,1.546,0.2642,0.514,0.3272,0.7,0,0
"Prior to the later scoreboard reading 20-18, to what score does the hand finish increasing the Whippersnappers while the Shuffleboard Kings stay on 08?",205,16,0.7188,0.4319,11,1,4,1.401,0.25176,0.5018,0.1822,0.3529,0,0
"When the on-screen directions for Row 1 appear, what material are the knitting needles made of, replacing the golden pair used earlier in the video?",177,16,0.7188,0.4319,11,1,4,1.5141,0.24947,0.4995,0.2954,0.4943,0,0
"After the mechanic rolls the detached tire across the garage, to which storage unit does he walk to get a wrench?",150,16,0.7188,0.394,10,3,3,1.4153,0.2426,0.4925,0.1966,0.3788,0,0
"After the man completes the house window-cleaning demonstration using the pole-and-brush system, what products are next displayed on screen alone against a plain background?",183,16,0.7188,0.3522,9,5,2,1.6498,0.23936,0.4892,0.4311,0.8795,0,0
"After the large screen in the cycling studio shows a virtual road, what does it later display that lists each rider’s power output, heart rate, and calories burned?",136,16,0.7188,0.3522,9,5,2,1.4638,0.21391,0.4625,0.2451,0.6,0,0
"After families are seen eating under the green-and-white striped tent at Brickley’s, what item does employee Elizabeth Rounds remove from the baking machine inside the shop?",182,16,0.7188,0.3522,9,5,2,1.8212,0.18997,0.4359,0.6024,0.8664,0,0
"After the dog has been rinsed and allowed to roam in the tub, what object does the person later hold above the bubbly water that the dog repeatedly tries to grab with its mouth?",193,16,0.7188,0.4319,11,1,4,1.9203,0.17647,0.4201,0.7015,0.9346,0,0
"After she completes the eyeshadow primer step but before starting the brown eyeshadow portion of the tutorial, what makeup product does the woman apply to her eye area?",171,16,0.7188,0.4319,11,1,4,1.649,0.16341,0.4042,0.4302,0.5917,0,0
"After the artist uses a thin green tool to add black lines to the light-blue nails, which winged creature with metallic blue-green coloring is later gently moved with tools beside a silver-polished nail?",173,16,0.7188,0.394,10,3,3,1.4471,0.16303,0.4038,0.2283,0.5882,0,0
What colour are the woman’s fingernails when she switches from drawing eyeliner on her upper eyelid to coating her eyelashes with mascara?,154,16,0.7188,0.394,10,3,3,1.5038,0.14719,0.3836,0.285,0.7389,0,0
"During the moment when the knitter’s fingernails are painted green instead of teal, what color yarn is she working with?",144,16,0.7188,0.3522,9,5,2,1.2739,0.14557,0.3815,0.0551,0.3846,0,0
"Following numerous welding sequences, what kind of object does the man in a dark jacket and beige pants carefully examine and work on in the workshop?",186,16,0.7188,0.3522,9,5,2,1.2229,0.12661,0.3558,0.0041,0.0663,0,0
"After the outdoor interview with the bald man in the red hoodie, what club’s emblem is shown on the T-shirt the camera focuses on?",138,16,0.7188,0.248,7,9,0,1.7051,0.10608,0.3257,0.4863,0.8962,0,0
"After the baking-soda paste is mixed indoors, where are the sneakers left to dry before they are later brought back inside for lacing?",189,16,0.7188,0.248,7,9,0,1.6648,0.09857,0.314,0.446,0.8333,0,0
What physical property of the kayak paddle does the presenter visibly demonstrate in the indoor studio just before the video transitions to the kayakers using it on rough water?,202,16,0.6875,0.4635,11,0,5,1.5803,0.38629,0.6215,0.3928,0.9,0,0
"After the man operates the remote-controlled helicopter, which bright structure in the field do the woman and young girl walk toward?",220,16,0.6875,0.4285,10,2,4,1.3689,0.37047,0.6087,0.1814,0.6667,0,0
What specific breakdancing move does the man introduce and demonstrate in the initial notebook-screen alley tutorial before the later outdoor scenes of stretches and handstands?,154,16,0.6875,0.4635,11,0,5,1.3545,0.33868,0.582,0.167,0.5833,0,0
"After the cashier finishes the card payment and the viewpoint moves outside to the store entrance, which new word appears on the door sign that earlier said 'Open'?",198,16,0.6875,0.4635,11,0,5,1.4509,0.31585,0.562,0.2634,0.6667,0,0
"Immediately before the video shifts from Susannah Scanlan’s post-match celebration to the medal-award hall, how do the two white-clad fencers acknowledge each other on the strip?",148,16,0.6875,0.4635,11,0,5,1.3378,0.30042,0.5481,0.1503,0.4125,0,0
"After the gears of the green slackline device slowly turn, releasing the yellow line, what does the camera show swaying in the breeze before the person tries to walk on the slackline?",153,16,0.6875,0.4635,11,0,5,1.557,0.29348,0.5417,0.3695,0.6667,0,0
"After the sneakers are first cleaned bare-handed with a cloth and sponge, what color gloves does the person wear for the next, more detailed brushing stage?",170,16,0.6875,0.4635,11,0,5,1.1994,0.29125,0.5397,0.0431,0.25,0,0
"Following the stealth bomber’s flyover but before the Nebraska Scarletts stand at attention, which name is printed on the back of the red-jerseyed mascot who bends over backward on the field?",149,16,0.6875,0.4635,11,0,5,1.6325,0.27889,0.5281,0.445,0.82,0,0
"When the video briefly shows the 'SELF-CUT SYSTEM' case alone before the man in a black cap checks his hair in the twin mirrors, what color is that case?",231,16,0.6875,0.4635,11,0,5,1.4371,0.27794,0.5272,0.2496,0.53,0,0
Which famous building appears between the modern squash match and the ensuing animated world-map sequence?,174,16,0.6875,0.4635,11,0,5,1.644,0.2712,0.5208,0.4565,0.7143,0,0
"Before she later waves her national flag on the medal podium, in which athletic event is the woman shown competing?",160,16,0.6875,0.4635,11,0,5,1.33,0.2688,0.5185,0.1425,0.6967,0,0
What brand name is visible on the blue mats first used by the gymnast for flips and later serving as the cushioned landing area for the skater’s 1 m 45 jump?,221,16,0.6875,0.3903,9,4,3,1.8195,0.26783,0.5175,0.632,0.9669,0,0
"After several segments featuring wooden knitting needles, what material are the needles made of when they first appear different while the blue-yarn knitting continues?",180,16,0.6875,0.4635,11,0,5,1.2477,0.26715,0.5169,0.0602,0.435,0,0
"After the chef finishes drizzling hot sauce over the chopped pineapple mixture, which colored utensil does he use to squeeze lemon juice into the bowl?",149,16,0.6875,0.3903,9,4,3,1.6271,0.26561,0.5154,0.4396,0.7273,0,0
"Across the entire video’s sequence of different throwing practices, which discipline does the athlete perform most often?",175,16,0.6875,0.4635,11,0,5,1.9248,0.24373,0.4937,0.7373,0.968,0,0
Which specialized activity do participants perform both when they move around inside the graffiti-covered underground tunnel and later when the main performer continues under a rainy bridge?,217,16,0.6875,0.3903,9,4,3,1.9097,0.24266,0.4926,0.7222,0.964,0,0
"After the opening text 'We present to you' accompanies the scenic pool overview, what object sits next to the lifeguard when he is shown later?",207,16,0.6875,0.4635,11,0,5,1.7228,0.24175,0.4917,0.5353,0.9108,0,0
"Following the scenes where the window is wiped with a yellow cloth, what cloth color is used when only a hand is later shown scrubbing the glass?",207,16,0.6875,0.4635,11,0,5,1.5795,0.239,0.4889,0.392,0.6103,0,0
Which geometric shape is central to both the colored arm tattoo finished midway through the video and the fresh ankle tattoo displayed at the end?,163,16,0.6875,0.4635,11,0,5,1.3542,0.22272,0.4719,0.1667,0.2844,0,0
"After celebrating his goal by waving to the crowd, how is the blue-jerseyed player with number 26 later shown moving through the hallway area?",237,16,0.6875,0.348,8,6,2,1.7625,0.21984,0.4689,0.6063,1.0,0,0
"After successfully completing his earlier lifts, what is the outcome of Luis Javier Mosquera Lozano’s final heavier attempt later in the video?",198,16,0.6875,0.4635,11,0,5,1.1875,0.21484,0.4635,0.0,0.0,0,0
"After earlier showing a small purple object to the camera, how does the woman later use that same purple tool beside the horse?",230,16,0.6875,0.4635,11,0,5,1.2973,0.21159,0.46,0.1098,0.299,0,0
Which first name appears both in the introductory contributor list at the beginning of the video and again in the closing brown-screen credits as a main performer?,228,16,0.6875,0.4635,11,0,5,2.1301,0.20291,0.4505,0.9426,1.0,0,0
"After the man in the vest walks through the busy street and, inside the shop, examines a blue packaged fan, what sporting item does he and his companion closely inspect next at the counter?",166,16,0.6875,0.4635,11,0,5,1.6614,0.19151,0.4376,0.4739,0.6536,0,0
"After the on-screen words ""Because an Alaskan Winter is not a Weakness,"" where is the same runner shown next, and what new headgear are they wearing?",141,16,0.6875,0.3903,9,4,3,1.6554,0.16226,0.4028,0.4679,0.7533,0,0
"Between the discus throws by the men in a white shirt and a red shirt, what brief playful action featuring a child is shown?",209,16,0.6875,0.348,8,6,2,1.8427,0.16129,0.4016,0.6552,0.9735,0,0
"After the dog's clipped fur is wrapped in aluminum foil, what is done to the dog in a separate sink area before grooming resumes?",143,16,0.6875,0.2997,7,8,1,1.5221,0.14339,0.3787,0.3659,0.8042,0,0
"After the man greets the camera in the backyard and before the scene shifts to the salon haircut, what round object is lying on the grass?",219,16,0.6875,0.2997,7,8,1,1.9563,0.12621,0.3553,0.7687,1.0,0,0
"After the skier launches off the only ramp seen in the video, what immediately happens upon landing?",202,16,0.6875,0.2421,6,10,0,1.1875,0.05859,0.2421,0.0,0.0,0,0
"After the two archers release their arrows in the forest, what does one of the men hold while he speaks in the open field?",193,16,0.6562,0.4582,10,1,5,1.2706,0.34953,0.5912,0.1143,1.0,0,0
"During the volleyball action that resumes immediately after the night scene with tree silhouettes and the year ""2007,"" which text overlay appears on the screen?",160,16,0.6562,0.4582,10,1,5,1.3939,0.32926,0.5738,0.2376,0.6814,0,0
"After brushing the outdoor air-conditioning unit and placing the brush back in the red bucket, what does the man clean next with the green tool he dips into the blue bucket?",154,16,0.6562,0.4582,10,1,5,1.4749,0.2783,0.5275,0.3187,0.6028,0,0
"During the choppy-water sequence in which another windsurfer is visible far away, what words repeatedly appear as on-screen text?",175,16,0.6562,0.4582,10,1,5,1.2231,0.26431,0.5141,0.0668,0.3333,0,0
"After thoroughly soaking the mop back and forth in the rectangular wetting station, what area does the cleaner immediately begin mopping next?",224,16,0.6562,0.4582,10,1,5,1.4265,0.25475,0.5047,0.2703,0.6522,0,0
"After the lead musician finishes tapping the cymbal in the open field, which instrument does he pick up next, and from what unusual material is it made?",139,16,0.6562,0.2915,6,9,1,1.4212,0.251,0.501,0.2962,0.875,0,0
"After the child approaches the black-and-purple vacuum cleaner, where does the child rest their head just before sitting up and laughing?",215,16,0.6562,0.384,8,5,3,1.3358,0.23592,0.4857,0.1795,0.6,0,0
"Immediately after the bilingual text noting that melting iron requires 1700 °C, what activity is shown being performed with the hand-held torch?",229,16,0.6562,0.4582,10,1,5,1.4459,0.22495,0.4743,0.2896,0.5233,0,0
What hand gesture does the official identifiable by a metallic bracelet make during the arm-wrestling match under the transparent canopy?,145,16,0.6562,0.4582,10,1,5,1.1583,0.2114,0.4598,0.002,0.0322,0,0
"What exact phrase first appears as small on-screen text during the early guitar lesson, later titles the demonstrated website, and finally dominates the screen as a colorful logo at the end?",190,16,0.6562,0.4582,10,1,5,2.1468,0.20793,0.456,0.9905,1.0,0,0
"Right after the series of close-up winch-winding shots, the camera pulls back to show the boat sailing; what landform is visible in the distance behind the vessel then?",210,16,0.6562,0.384,8,5,3,1.4929,0.20713,0.4551,0.3366,0.7323,0,0
"Immediately after shutting the open drawer full of assorted items, how does the person interact with the laptop on the desk?",139,16,0.6562,0.4227,9,3,4,1.1683,0.18918,0.4349,0.0121,0.1928,0,0
"Following the on-screen clarification that the snowy letters actually read “SNOM” when viewed upside-down, what type of machine is next shown carving a path through the snow?",197,16,0.6562,0.4582,10,1,5,1.4444,0.18776,0.4333,0.2882,0.5711,0,0
"After the words “ADVENTURE SQUAD” appear during the faucet-filling scene, what specific care activity does the man later carry out with both black dogs in that same bathtub before he dries one with a towel?",206,16,0.6562,0.3409,7,7,2,1.4708,0.16704,0.4087,0.3145,0.7489,0,0
"After the heart-shaped floral arrangement is displayed, what decorative element does the artist subsequently paint around the pink roses and purple flowers?",189,16,0.6562,0.384,8,5,3,1.3172,0.15085,0.3884,0.161,0.3226,0,0
"After the cowboy gets bucked off his horse, which animal does the very next rider pursue in the subsequent scene?",154,16,0.6562,0.384,8,5,3,1.2161,0.14799,0.3847,0.0599,0.2888,0,0
Which unfinished material is visible on the walls surrounding the foosball table during several parts of the video?,192,16,0.6562,0.384,8,5,3,1.3011,0.14128,0.3759,0.1448,0.4179,0,0
"After the hand puts “HGTV Magazine – The Makeover Issue” back in the drawer, which magazine does the hand pick up from beneath the snare drum a few moments later?",168,16,0.625,0.4841,10,0,6,1.6335,0.36044,0.6004,0.5085,0.7692,0,0
"Which javelin athlete first stands beside Brema Greer as Greer watches his own throw, then later celebrates after officials measure a 278.4-meter first-round attempt?",141,16,0.625,0.4841,10,0,6,1.5218,0.33188,0.5761,0.428,0.69,0,0
"After the ice is bored with a green auger and a vibrant yellow fish is hauled up, into what color water-filled bucket do the fishermen finally deposit the fish?",185,16,0.625,0.4841,10,0,6,1.1988,0.31368,0.5601,0.0738,0.5,0,0
"Between the initial close-up guitar shots and the later rain-soaked leaves, which natural scene briefly appears?",162,16,0.625,0.4146,8,4,4,1.4859,0.30523,0.5525,0.3609,0.8692,0,0
"After the animated demonstration in which two fingers show the anti-blocking blades preventing damage, what maximum operating time does the on-screen text claim for the hedge trimmer?",185,16,0.625,0.4841,10,0,6,1.5953,0.29809,0.546,0.4703,0.9091,0,0
"In the indoor practice and competition scenes where divers repeatedly leap off the boards, what color are the cones placed on or near the diving boards as position markers?",199,16,0.625,0.4841,10,0,6,1.189,0.29265,0.541,0.064,0.2817,0,0
Which specific tool does the blue-gloved hand first use to tighten a bolt on the brake caliper before later switching to pliers for pad compression?,225,16,0.625,0.4507,9,2,5,1.4754,0.26742,0.5171,0.3504,0.6552,0,0
"After demonstrating how to detach lobster meat and before later finely chopping celery and mint, which fruit does the chef carefully slice on the cutting board?",217,16,0.625,0.4841,10,0,6,1.211,0.24888,0.4989,0.086,0.2857,0,0
"After completing his ride on a horse along the beach, which animal does the shirtless man ride next in the video?",161,16,0.625,0.4841,10,0,6,1.5739,0.24599,0.496,0.4489,0.8219,0,0
Which tool does the person use on the light switch both before and after they apply a white substance around its edges?,156,16,0.625,0.4841,10,0,6,1.8687,0.24576,0.4957,0.7437,0.963,0,0
Which recording device is repeatedly shown positioned near the grand piano during the pianist’s performance after the opening title?,134,16,0.625,0.4841,10,0,6,1.674,0.24529,0.4953,0.549,0.8588,0,0
"When the girls’ high-jump bar is raised from 4'8"" to 4'10"", what color uniform does the first athlete who successfully clears the new height wear?",167,16,0.625,0.4507,9,2,5,1.7872,0.24006,0.49,0.6622,0.9833,0,0
"Which additional tool, absent during the earlier two-needle knitting, does the right hand introduce later while guiding the light blue yarn through the loops?",192,16,0.625,0.4841,10,0,6,1.2793,0.23814,0.488,0.1543,0.25,0,0
"After the white-shirted climber had earlier belayed from the floor, who manages the safety rope when he later starts climbing the wall himself?",230,16,0.625,0.4841,10,0,6,1.125,0.23438,0.4841,0.0,0.0,0,0
"After the person empties the bucket of plant debris into the green-lidded trash bin and walks away down the alley, which animal is later seen watching them?",159,16,0.625,0.4841,10,0,6,1.4375,0.23368,0.4834,0.3125,0.5333,0,0
"After thick gray mortar is poured into a rectangular container and before construction workers in yellow uniforms pour the mixed solution into machinery, which labeled product is poured into a red bucket of water?",143,16,0.625,0.375,7,6,3,1.5698,0.21655,0.4653,0.4448,0.6667,0,0
"What brightly colored object outside the store, seen through the large windows during the mannequin 'Flash Sale' scene and again when people walk in the rain later, stands out in both moments?",163,16,0.625,0.4507,9,2,5,1.1776,0.215,0.4637,0.0526,0.2406,0,0
"After the hand drops yellow fruits into a clear plastic bag at the fruit stand, which household product section does the camera later highlight, showing brands like Viva and Scott?",239,16,0.625,0.4507,9,2,5,1.3472,0.21142,0.4598,0.2222,0.5,0,0
"After the sequence where someone confidently walks away from a tree and starts jumping higher on yellow stilts, what mishap happens the next time stilts are used in the video?",167,16,0.625,0.3307,6,8,2,1.4066,0.2067,0.4546,0.2816,0.8263,0,0
"After the stylist clips and parts the client’s hair and replaces her scissors with a hair-dryer, which additional handheld tool does she repeatedly use alongside the dryer to smooth each separated section?",219,16,0.625,0.4841,10,0,6,1.392,0.20451,0.4522,0.267,0.4333,0,0
What color is shared by the flag waved by the official after the long-jump attempt and the shirt worn by the man who addresses the camera shortly afterward?,156,16,0.625,0.4841,10,0,6,1.865,0.20261,0.4501,0.74,1.0,0,0
"After demonstrating finger placement while holding the bow horizontally, what action does the instructor take next?",236,16,0.625,0.3307,6,8,2,1.6197,0.19096,0.437,0.4947,0.8444,0,0
"After the surfer in a yellow wetsuit struggles with the waves, what color cap is Will Tant wearing when he speaks on the beach?",236,16,0.625,0.2165,4,12,0,1.4146,0.06736,0.2595,0.2896,0.5,0,0
What distinctive item of clothing does the archer wear immediately after the screen stating “Then Dan and Gav” appears?,169,16,0.625,0.2165,4,12,0,1.6449,0.06643,0.2577,0.5199,0.7073,0,0
"After three people finish straightening the tree and spreading the Santa-and-snowflake skirt, what color netted ribbon do the two women then wrap together around the Christmas tree?",224,16,0.5938,0.4408,8,3,5,1.3075,0.2792,0.5284,0.2137,0.4621,0,0
"After the violinist’s nighttime parking-lot performance, to what kind of indoor location does the video cut as he keeps playing?",138,16,0.5938,0.475,9,1,6,1.1318,0.24903,0.499,0.0381,0.2,0,0
"After first leaving the classroom looking frustrated, what does the older man do when he later comes back and approaches the young drummer?",239,16,0.5938,0.4408,8,3,5,1.3164,0.20237,0.4499,0.2227,0.3571,0,0
"After showing a hand holding a white can in front of a Star Wars poster, what decorative object does the camera focus on next before later revealing the sofa with blue and yellow cushions?",219,16,0.5938,0.4408,8,3,5,1.1169,0.20188,0.4493,0.0232,0.06,0,0
"After the freshly ironed and folded pink shirt is placed aside, what garment does the person pull from the white plastic bag to fold next?",152,16,0.5938,0.4408,8,3,5,1.2329,0.20148,0.4489,0.1391,0.3469,0,0
"Before she later appears putting on the green, what golfing activity is the woman wearing a pink shirt and black shorts shown practicing earlier in the video?",194,16,0.5938,0.4408,8,3,5,1.6354,0.1942,0.4407,0.5417,0.8756,0,0
"During the solo accordion performance, what cluttered items does the camera briefly show before returning to the musician?",215,16,0.5938,0.3172,5,9,2,1.2494,0.19135,0.4374,0.1557,0.4,0,0
"After styling a client's hair with a rolling pin earlier, which oversized device does the stylist enthusiastically move back and forth over the client’s head in a later scene?",149,16,0.5938,0.475,9,1,6,1.3981,0.18495,0.4301,0.3043,0.764,0,0
"After the riders have mounted and start trotting together across the field, which two man-made structures can be seen behind them near the treeline?",177,16,0.5938,0.3172,5,9,2,1.3383,0.16824,0.4102,0.2445,0.55,0,0
"What vehicle, carrying three passengers, do the helmet-and-life-jacket-clad adventurers follow along the dirt road after wading through the shallow river?",200,16,0.5938,0.2633,4,11,1,1.6711,0.15016,0.3875,0.5774,0.9417,0,0
"Across the different scenes, what ceiling fixtures are repeatedly cited as providing the room’s warm lighting, and how many are there?",193,16,0.5938,0.3631,6,7,3,1.3042,0.12983,0.3603,0.2105,0.3163,0,0
"During the later sequence where the martial artists leap into the air in unison, what distinctive marking now appears on the front of their black attire?",201,16,0.5938,0.2633,4,11,1,1.2271,0.07429,0.2726,0.1334,0.52,0,0
Which item that the person removes from the black bag at the beginning later becomes the line they balance and walk across in the backyard?,161,16,0.5625,0.4961,9,0,7,1.6447,0.37094,0.609,0.5822,0.9848,0,0
Which ski brand does the man hold up for close inspection just before the footage cuts to a skier descending the tree-lined slope?,142,16,0.5625,0.4961,9,0,7,1.2017,0.32083,0.5664,0.1392,0.3614,0,0
"After washing their hands at the sink, which item does the cook immediately take from the kitchen cabinet?",144,16,0.5625,0.4635,8,2,6,1.4297,0.26692,0.5166,0.3672,0.9324,0,0
Which prominent black image reappears on the red backdrop at both the opening scene and later sections when seated observers watch the central dancer?,184,16,0.5625,0.4635,8,2,6,1.7358,0.26473,0.5145,0.6733,0.994,0,0
"After first stepping onto the blue pad, the participant later kneels on it for a stability drill; what part of his body does the trainer press down on during that kneeling phase?",186,16,0.5625,0.4635,8,2,6,1.5359,0.25549,0.5055,0.4734,0.72,0,0
"When the onscreen instructions reading “Rows: 1 – 4 Knit 3, Purl 2” appear, which color yarn are the hands looping around the pegs of the circular loom?",203,16,0.5625,0.4961,9,0,7,1.8072,0.24686,0.4968,0.7447,0.9333,0,0
What component does the person fasten onto the machine just before sanding the bar-shaped object?,204,16,0.5625,0.4961,9,0,7,1.0625,0.24609,0.4961,0.0,0.0,0,0
"While three students in white, striped, and checkered tops combine forces on one side of the rope, what color hoodie does the lone student opposing them wear?",172,16,0.5625,0.4961,9,0,7,1.5091,0.23562,0.4854,0.4466,0.7762,0,0
"As the woman in the light blue tank top pours liquid dish soap onto a sponge before her partner scrubs a white plate, what partial word is printed across her shirt?",193,16,0.5625,0.4961,9,0,7,1.2931,0.23502,0.4848,0.2306,0.5294,0,0
"While the DJ is manipulating his turntables with yellow vinyl records, what athletic feat is someone else performing elsewhere in the gym?",174,16,0.5625,0.348,5,8,3,1.4705,0.18898,0.4347,0.408,0.8333,0,0
"What are the colors of the two different bowls the girl washes—one midway when she scrubs then rinses it, and the other later when she happily cleans another under running water?",207,16,0.5625,0.348,5,8,3,1.379,0.17148,0.4141,0.3165,0.6,0,0
"After closing both the sliding glass and wooden doors, from what spot in the room does the cleaner begin vacuuming before moving systematically toward the entrance?",239,16,0.5625,0.3903,6,6,4,1.5134,0.15312,0.3913,0.4509,0.6875,0,0
"After the instructor finishes speaking directly to the camera and lifts a knitted sample for viewers, which two colours dominate that fabric before the video shifts to close-up handwork?",170,16,0.5625,0.348,5,8,3,1.5762,0.14013,0.3743,0.5137,1.0,0,0
"After the outdoor pole-vault scene and before two people bounce on a trampoline, what are the individuals shown doing indoors?",218,16,0.5625,0.2997,4,10,2,1.349,0.09616,0.3101,0.2865,0.4545,0,0
What word and accompanying web address appear on a red background both immediately after the animated letters assemble and just before the screen fades to black?,149,16,0.5625,0.2421,3,12,1,1.2249,0.07813,0.2795,0.1937,0.9979,0,0
"After the boy finishes assisting an adult in trimming a cat’s claws, which animal does he later sit on the carpet and gently pet?",136,16,0.5312,0.4831,8,1,7,1.1538,0.32302,0.5683,0.1226,0.725,0,0
"When the suited man tosses a ball to the striped-jersey player beside the goalpost, what were the team members shown holding during their earlier group photograph on the same field?",149,16,0.5312,0.4831,8,1,7,1.2347,0.31577,0.5619,0.2034,0.8,0,0
"Following the repeated black-screen text commenting on “smooth moves diving on the family,” what unusual implements are the kite lines attached to when the beach scene returns?",134,16,0.5312,0.4496,7,3,6,1.2033,0.31225,0.5588,0.172,0.7692,0,0
"After the segment where the hands knit with thick purple yarn, which yarn color is used in the demonstrations that follow?",157,16,0.5312,0.4831,8,1,7,1.0692,0.25626,0.5062,0.038,0.172,0,0
"After the man in a white T-shirt leans forward preparing to jump on the bridge, how is he oriented against the concrete structure in the next segment while still secured by his harness?",181,16,0.5312,0.4831,8,1,7,1.2849,0.25207,0.5021,0.2536,0.5607,0,0
"In the video, the same piece of exercise equipment first appears resting beside a weight bench in the home gym area and later rolls across the floor near the window. What object is it?",145,16,0.5312,0.4831,8,1,7,1.2972,0.24921,0.4992,0.2659,0.5618,0,0
"Following the daytime scene in which a cyclist rides calmly across the plaza outside the modern building, what interior feature does the camera later concentrate on during the nighttime sequence inside the building?",238,16,0.5312,0.4496,7,3,6,1.1402,0.24571,0.4957,0.1089,0.25,0,0
"In the video’s only outdoor scene, immediately before the footage switches back to synchronized divers indoors, what action does the swimmer perform in the outdoor pool?",234,16,0.5312,0.4831,8,1,7,1.0331,0.23521,0.485,0.0019,0.03,0,0
"Following the sequence where a hand carefully fills the ornate ceiling’s cracks with plaster, what type of repair activity is shown immediately afterward?",227,16,0.5312,0.4831,8,1,7,1.0312,0.2334,0.4831,0.0,0.0,0,0
"Prior to the scene where the wall timer counts down from 0:57, what does a drumstick do with the wall-mounted control panel?",218,16,0.5312,0.4496,7,3,6,1.1021,0.23125,0.4809,0.0708,0.4348,0,0
"After repeatedly sharing the stage earlier, how do the curly-haired man in a suit and the cap-wearing performer greet each other when the latter returns near the end of the show?",178,16,0.5312,0.3737,5,7,4,1.5029,0.22664,0.4761,0.4717,0.921,0,0
"When the four-person crew navigates the rapids, how does the helmet color of the person steering at the rear differ from that of the three teammates paddling ahead?",135,16,0.5312,0.4831,8,1,7,1.1091,0.22324,0.4725,0.0778,0.3445,0,0
"After the red screen with the 'Veterans Make Movies' logo fades, what exact wording appears on the building sign that the camera slowly pans across?",169,16,0.5312,0.121,1,15,0,1.5292,0.06564,0.2562,0.4979,0.9091,0,0
"After the athlete lands in the sandpit and lifts her arms in celebration, which drill title appears on the screen?",232,16,0.5,0.5,8,0,8,1.2258,0.48256,0.6947,0.2258,0.6494,0,0
"After the television shifts from showing a starry sky to later displaying a single-word message, what word appears on its screen?",201,16,0.5,0.5,8,0,8,1.152,0.45282,0.6729,0.152,0.9091,0,0
"After displaying a bottle of alcohol to the camera earlier, what handheld device does the man later speak into while standing in the shower?",198,16,0.5,0.5,8,0,8,1.4202,0.38451,0.6201,0.4202,0.68,0,0
Which game are the two men playing on the outdoor court both before the brief push-up scene and again after the focus returns to them?,171,16,0.5,0.5,8,0,8,1.5256,0.3622,0.6018,0.5256,0.7511,0,0
"After the intricate red nail design is finished but before the final thank-you screen, what instruction briefly appears against the purple background?",145,16,0.5,0.5,8,0,8,1.3927,0.33588,0.5796,0.3927,0.5505,0,0
"Right before the jumper in the yellow shirt actually steps off the cliff platform, what hand gesture is shown to signal that he is ready?",204,16,0.5,0.5,8,0,8,1.1084,0.31747,0.5634,0.1084,0.3468,0,0
"Between Jackie Baxter’s axe-splitting display and Sandy Van Steenis’s later bow-saw interview, which large hand tool do several participants jointly slide back and forth to cut through a clamped log?",161,16,0.5,0.5,8,0,8,1.1886,0.29559,0.5437,0.1886,0.5,0,0
"After the stylist dispenses the white volumising mousse, which large styling tool does he later highlight and use to smooth the client's hair?",171,16,0.5,0.5,8,0,8,1.4429,0.28773,0.5364,0.4429,0.8184,0,0
Which instrument’s name is shown in an on-screen title before the later appearance of the words “PERCUSSION INSTRUMENTS”?,234,16,0.5,0.5,8,0,8,1.1963,0.28743,0.5361,0.1963,0.3846,0,0
"After earlier scenes featuring yellow and orange kayaks surging through rapids, what color is the kayak that first drops over the waterfall later in the video?",234,16,0.5,0.5,8,0,8,1.0602,0.2859,0.5347,0.0602,0.1682,0,0
Which diver listed as first place on the Women's 3 m springboard scoreboard later occupies the central top step of the medal podium?,147,16,0.5,0.4677,7,2,7,1.17,0.28557,0.5344,0.17,0.75,0,0
"After the brief pool view framed by a blooming red flower, what color surfboard does the man shoulder while walking toward the wooden gate?",192,16,0.5,0.5,8,0,8,1.0709,0.26546,0.5152,0.0709,0.1169,0,0
"After executing a front wheelie near the grassy patch, which part of the bicycle does the rider lift and adjust once they dismount in the park?",175,16,0.5,0.5,8,0,8,1.0,0.25,0.5,0.0,0.0,0,0
"After the man swings an axe beside the open trunk of the white car, what does he later smash repeatedly with a sledgehammer?",197,16,0.5,0.433,6,4,6,1.1611,0.19963,0.4468,0.1611,0.361,0,0
"After the green-handled electric mixer is used to beat the yolk mixture, what utensil is then used to whip the separate bowl of whites into stiff peaks?",192,16,0.5,0.433,6,4,6,1.1935,0.19196,0.4381,0.1935,0.3834,0,0
"After filming inside the pavilion and then entering the illuminated snowy slope, what gesture does the woman make with her hand while sliding downhill in the snow tube?",213,16,0.5,0.3536,4,8,4,1.3676,0.18622,0.4315,0.3676,0.75,0,0
"During the nighttime frisbee session shown, which two different ground-level positions does the man take while still playing with the dog?",149,16,0.5,0.3536,4,8,4,1.1966,0.14087,0.3753,0.1966,0.3687,0,0
"After the skateboarder crashes onto his back during his failed wall jump in the graffiti-covered skate park, what striking effect suddenly fills the surroundings as onlookers converge?",224,16,0.5,0.0,0,16,0,1.1998,0.05827,0.2414,0.1998,0.6667,1,0
Which team’s tally climbs from two to four during the mid-game on-screen score update in the beer pong match?,178,16,0.4688,0.4831,7,1,8,1.2047,0.41753,0.6462,0.2359,0.7533,0,0
"After the blue striped sweater is inspected earlier, which patterned garment does a hand later pick up for closer examination before returning it to the rack?",142,16,0.4688,0.4496,6,3,7,1.0631,0.29369,0.5419,0.0943,0.4286,0,0
"Immediately after the outdoor scene where children in red uniforms jump and raise their hands, what indoor activity is shown?",227,16,0.4688,0.4831,7,1,8,1.141,0.273,0.5225,0.1722,0.375,0,0
"After finishing watering the plants near the window but before filling a glass to water plants in the bedroom, what kitchen chore does the person carry out?",157,16,0.4688,0.4496,6,3,7,1.2851,0.2525,0.5025,0.3164,0.6111,0,0
"After the blue laser beams assemble the title words, which tool do the hands later use repeatedly to stitch the vivid pink yarn on the woven surface?",169,16,0.4688,0.4831,7,1,8,1.0769,0.22385,0.4731,0.1082,0.2973,0,0
"After the operator discovers grass clogging the mower, what specific action does he perform before resuming the mowing task?",158,16,0.4688,0.4496,6,3,7,0.9708,0.2003,0.4475,0.002,0.0326,0,0
"Although the campfire is first lit by someone wearing a dark jacket, what color jacket does the person wear later when kneeling to tend the fire with a stick?",209,16,0.4688,0.4134,5,5,6,1.2886,0.18899,0.4347,0.3199,0.5,0,0
"In the single segment where the matches shift away from beach soccer, what sport are Vasilitsa and Boca Juniors shown playing?",192,16,0.4688,0.3737,4,7,5,1.0206,0.1366,0.3696,0.0519,0.2,0,0
"During which portion of the video does the operator wear a visible safety harness across his chest—while the tractor with the Tine Dropper is actively moving, or while he sits stationary on the riding lawnmower giving explanations?",205,16,0.4375,0.4961,7,0,9,1.2277,0.48023,0.693,0.2902,0.7059,0,0
"After the scoreboard introduces the next competitor for round eight, which diver is subsequently shown standing on the platform and executing a graceful dive into the pool?",169,16,0.4375,0.4961,7,0,9,1.149,0.42984,0.6556,0.2115,0.625,0,0
"After the camera abruptly pans from the man’s cluttered workspace to the kitchen scene with a spice rack labeled “HOODLE-DIDDLE,” what small green object is positioned on top of the microwave above the rack?",154,16,0.4375,0.4961,7,0,9,1.5127,0.40762,0.6384,0.5752,0.9625,0,0
"During the initial collage before any dance-studio interviews, which sport is shown right after the misty arched bridge scene?",138,16,0.4375,0.4961,7,0,9,1.4916,0.36571,0.6047,0.5541,1.0,0,0
"Following the initial overview that highlights a jug labeled ""Primer AP9,"" into what color cup does the woman later dip her tool while spreading adhesive on the floor?",207,16,0.4375,0.4961,7,0,9,1.1894,0.35215,0.5934,0.2519,0.86,0,0
Which company’s logo is displayed on the office computer screen and later reappears on activist webpages condemning rodeo sponsorship?,199,16,0.4375,0.4961,7,0,9,1.1653,0.33625,0.5799,0.2278,0.6622,0,0
"After the vintage Sony boombox is shown, what piece of equipment does the gymnast immediately use to stretch her leg?",207,16,0.4375,0.4961,7,0,9,1.0348,0.28753,0.5362,0.0973,0.4023,0,0
"After first emphasizing a paddle brush as essential, which different kind of brush does the stylist later use together with the blow dryer while drying the client’s hair?",154,16,0.4375,0.4961,7,0,9,1.2374,0.28123,0.5303,0.2999,0.6,0,0
"While the man in the red hoodie moves from a handstand to lying down and finally stands confidently with his hands on his hips, what posture does the woman who observes him consistently maintain?",188,16,0.4375,0.4961,7,0,9,1.0683,0.28043,0.5296,0.1308,0.2564,0,0
"After the screen instructs viewers to ""MOISTEN SHIRT,"" which shirt section does the next onscreen text say to iron before the tutorial later focuses on the cuffs?",233,16,0.4375,0.4961,7,0,9,1.1457,0.25324,0.5032,0.2082,0.3467,0,0
"After the man tightens the ARMADA snowboard’s bindings, what color is the tool he later uses to sharpen the board’s edge?",152,16,0.4375,0.4961,7,0,9,1.2224,0.25284,0.5028,0.2849,0.6297,0,0
"After the man and woman raise their coffee cups and sip together, what does the man do next as she gradually moves out of the shot?",235,16,0.4375,0.4635,6,2,8,1.4675,0.2523,0.5023,0.53,0.9398,0,0
"Immediately before the man starts aiming the bow in the desert, how is his raised arm positioned?",138,16,0.4375,0.4961,7,0,9,0.9375,0.24609,0.4961,0.0,0.0,0,0
"When the shopper’s smartphone displays details about KIND bars, which snack bar brand is prominently arranged on the shelf they face?",230,16,0.4375,0.4961,7,0,9,0.9375,0.24609,0.4961,0.0,0.0,0,0
"After the referee tends to the boxer wearing blue shorts who was knocked down, what gesture does the boxer in gray shorts make inside the ring?",165,16,0.4375,0.4285,5,4,7,0.9491,0.19795,0.4449,0.0116,0.1429,0,0
"After the person in the yellow shirt finishes filming and steps out of the bathroom, what does the towel-wrapped individual do at the sink?",224,16,0.4375,0.4285,5,4,7,0.9661,0.18939,0.4352,0.0286,0.1053,0,0
"As the camera walks along the quiet residential paths and eventually stops beside bright flowering shrubs, which vehicle is parked next to the plants?",224,16,0.4375,0.4285,5,4,7,0.9544,0.18785,0.4334,0.0169,0.1294,0,0
What indoor activity is depicted between the nighttime aerial view of the illuminated city landmarks and the subsequent outdoor stage performance beneath the grand archway?,230,16,0.4375,0.2997,2,10,4,1.4889,0.14179,0.3766,0.5514,0.7727,0,0
What specific gesture does the bungee jumper perform while preparing on the platform that precedes the later moment when they step forward and jump?,209,16,0.4375,0.2421,1,12,3,1.1962,0.05749,0.2398,0.2587,0.4286,0,0
"After the room briefly darkens and then brightens again while the woman keeps playing guitar, what text appears in the bottom-right corner of the screen?",206,16,0.4062,0.475,6,1,9,1.0171,0.3638,0.6032,0.1108,0.5038,0,0
"After the bull-riding scene introduced by the “Jimmy & Lou” title, what animal do two horseback riders pursue and repeatedly miss with their lassos in the next segment?",135,16,0.4062,0.475,6,1,9,1.4944,0.29976,0.5475,0.5881,0.8841,0,0
"While one person is busy scooping leaves into a large bag, what playful action does the standing partner direct toward the camera?",143,16,0.4062,0.475,6,1,9,1.1475,0.26348,0.5133,0.2412,0.4893,0,0
What does the woman do after the two golf carts stop near the small building and a person leaves the front cart?,233,16,0.4062,0.4038,4,5,7,1.1326,0.26084,0.5107,0.2264,0.4444,0,0
"What repeated visual element frames the entire video, appearing both before the first winter sports scene and again after the final skiing footage?",172,16,0.4062,0.3631,3,7,6,1.7649,0.22104,0.4701,0.8586,1.0,0,0
"After the person slides the blue canister under the table and picks up the keys, which piece of furniture do they attempt to unlock?",137,16,0.4062,0.4408,5,3,8,0.9062,0.19434,0.4408,0.0,0.0,0,0
"What structure appears behind the person aiming a handgun and is revisited, now bearing purple graffiti, immediately before the text labels cyclists as ""annoying""?",199,16,0.4062,0.4038,4,5,7,1.2698,0.18796,0.4335,0.3635,0.7235,0,0
"After the needle has been guided through her navel near the end of the video, what does the practitioner fasten there that was not present when an adhesive strip was first pressed onto her abdomen?",160,16,0.4062,0.4408,5,3,8,0.9385,0.1848,0.4299,0.0322,0.4987,0,0
"After the furniture is coated with Chalky Flat Matt paint but before Annie Sloan Soft Wax is rubbed on, which wood-care product is applied to the surface with a cloth?",225,16,0.4062,0.3631,3,7,6,1.4146,0.16709,0.4088,0.5084,0.7778,0,0
"Right after the man finishes his martial-arts demonstration inside the wooden room, what setting does the video switch to, and how many practitioners are shown there?",140,16,0.4062,0.2633,1,11,4,0.9062,0.06934,0.2633,0.0,0.0,0,0
"During the brief cutaway that interrupts the man’s pool-playing sequence, what specifically titled object is shown resting on a surface?",151,16,0.375,0.4841,6,0,10,1.1426,0.53609,0.7322,0.2676,1.0,0,0
"While the band marches past The National Bar, which roadside vehicle’s reflective surface shows mirrored images of the musicians and onlookers?",187,16,0.375,0.4841,6,0,10,1.1023,0.48825,0.6987,0.2273,0.5758,0,0
Which rider appears performing nighttime tricks right after the video finishes displaying close-ups of components such as the Genesis sealed integrated headset and VLM flangeless grips?,159,16,0.375,0.4841,6,0,10,1.0374,0.44883,0.6699,0.1624,0.6667,0,0
Which exercise mentioned in the opening written workout routine is later shown being performed when several people swing their bodies up and down on wall-mounted bars?,195,16,0.375,0.4841,6,0,10,1.288,0.42833,0.6545,0.4443,0.764,0,0
What number is displayed on the black canoe that is first carried through shallow water and later paddled to catch up with a green canoe downstream?,205,16,0.375,0.4841,6,0,10,1.1077,0.41615,0.6451,0.2327,0.8137,0,0
"After the woman demonstrates a lone croquet swing, what phrase repeatedly appears on the black screen before the scene changes to two people playing together?",173,16,0.375,0.4841,6,0,10,1.0309,0.38351,0.6193,0.1559,0.5,0,0
Which musical instrument does the child play in the middle of the video after earlier imitating singing with a toy microphone and before later trying a toy xylophone?,193,16,0.375,0.4841,6,0,10,1.4208,0.37964,0.6162,0.5458,0.961,0,0
"What two-word phrase is shown as an on-screen text overlay while the instructor talks, before he later demonstrates the move on the purple rail?",190,16,0.375,0.4841,6,0,10,1.365,0.31732,0.5633,0.49,0.8,0,0
Which acrobatic move does the person execute immediately before the scene cuts to multiple dogs running across the open field?,200,16,0.375,0.4841,6,0,10,0.9453,0.2907,0.5392,0.0703,0.5376,0,0
"After the shot fades to darkness while the bearded man stands by the window, what personal grooming service is he receiving the next time he appears?",195,16,0.375,0.4507,5,2,9,1.121,0.27061,0.5202,0.246,0.6545,0,0
"After the earlier sequences of red-vacuum cleaning, what shimmering object does the person later untangle and secure along the windowsill?",164,16,0.375,0.4507,5,2,9,0.9554,0.26891,0.5186,0.0804,0.6423,0,0
"After the men finish gathering around the outdoor pool table, what object do they later throw back and forth while running across the grassy field?",210,16,0.375,0.4841,6,0,10,1.3411,0.25417,0.5042,0.4661,0.6667,0,0
"Counting both the straight-bar dips that follow the regular pull-ups and the parallel-bar dips that follow the wide pull-ups, how many total dip repetitions does the man complete before signaling the end of the first round?",232,16,0.375,0.4841,6,0,10,1.3646,0.25355,0.5035,0.4896,0.5414,0,0
Which utensil does the cook use both to place yellow cheese slices onto the brown sauce layer and later to arrange the flat pasta sheets over the filling?,153,16,0.375,0.4841,6,0,10,0.9171,0.24782,0.4978,0.0421,0.1176,0,0
"After the kneeling diver gives a thumbs-up on the pool floor, what form of direct contact do the two divers share when they later meet near the pool wall?",175,16,0.375,0.4841,6,0,10,1.4336,0.24698,0.497,0.5586,0.85,0,0
"Between the artist's first and subsequent return to tattooing the client's foot, which body part does he tattoo in the intervening session?",143,16,0.375,0.4841,6,0,10,1.0925,0.23566,0.4855,0.2175,0.5806,0,0
"After the men line up in the narrow stone passageway preparing for an activity, which item does a man near the arena barrier receive before later facing the animal in the ring?",187,16,0.375,0.4146,4,4,8,0.9714,0.23462,0.4844,0.1276,0.3,0,0
"After the artist brushes gold wax onto the spoon drawing, which paint color is later used to intensify its shadows while the artist’s wristwatch is visible?",234,16,0.375,0.4841,6,0,10,0.875,0.23438,0.4841,0.0,0.0,0,0
"After the boys move from pouring green liquid into a glass to washing dishes, which color cup does the shirtless boy scrub using a pink sponge?",140,16,0.375,0.4841,6,0,10,0.8795,0.23133,0.481,0.0045,0.0714,0,0
How does the role of the woman wearing a purple top change from the opening scene to the subsequent salon demonstrations?,176,16,0.375,0.4507,5,2,9,1.642,0.22705,0.4765,0.767,0.972,0,0
"While the girls are still fluffing the branches and before any lights are unpacked, which festive item they had been wearing do they place on the top of the Christmas tree?",145,16,0.375,0.4841,6,0,10,1.2,0.22692,0.4764,0.325,0.5,0,0
What task does the person start doing immediately after finishing washing the delicate garment in the kitchen sink?,189,16,0.375,0.4841,6,0,10,0.9514,0.22234,0.4715,0.0764,0.1639,0,0
"As the windsurfer heads toward the sandy beach dotted with palm trees, what unexpected event momentarily plunges the camera underwater?",151,16,0.375,0.4146,4,4,8,0.9034,0.2049,0.4527,0.0284,0.3158,0,0
"For the snowboarder wearing a red jacket, what action does he undertake once the orange-jacketed helper releases his arm after assisting him to stand on the yellow board?",224,16,0.375,0.4146,4,4,8,1.0014,0.2007,0.448,0.1264,0.2963,0,0
Which foot is both the first to receive a sock and later the first to be put into a boot during the sequence?,160,16,0.375,0.4841,6,0,10,1.2899,0.17028,0.4127,0.4149,0.8567,0,0
"After the individual finishes pouring dish soap and scrubbing at the sink, what activity is visible on the stove when the camera pans back?",206,16,0.375,0.2795,1,10,5,1.1235,0.07793,0.2792,0.2485,0.46,0,0
"During the split-screen sequence where the carver peels pieces of template from the pumpkin to reveal the design, which two instruments does the musician play simultaneously?",145,16,0.375,0.2165,0,12,4,0.9284,0.06663,0.2581,0.0534,0.2381,0,0
"After the initial glass-shattering transition introduces the drummer, what exact phrase later appears on-screen while she is still playing?",213,16,0.375,0.2165,0,12,4,0.875,0.04688,0.2165,0.0,0.0,0,0
"After the room has been vacuumed and carpet-cleaned, what long illuminated object does the person later swing near the white box on the floor?",213,16,0.3438,0.4582,5,1,10,1.2363,0.44993,0.6708,0.3925,0.92,0,0
"After the man locks the double-door storage unit inside the ski shop, where is that same cabinet relocated later in the video?",160,16,0.3438,0.4227,4,3,9,1.0578,0.28054,0.5297,0.214,0.7407,0,0
"Immediately after completing the kneeling cable pulls, where does the man place his hands during the static hold he performs next?",159,16,0.3438,0.4227,4,3,9,0.9442,0.26745,0.5172,0.1004,0.336,0,0
Which item does the person repurpose to open the freezer door after having just wiped down the refrigerator exterior with it?,191,16,0.3438,0.4582,5,1,10,1.3853,0.2561,0.5061,0.5415,0.8841,0,0
"After the floating particles spell out a word and then disappear, what scene bathed in warm orange-yellow light is shown next?",178,16,0.3438,0.4227,4,3,9,1.3911,0.24003,0.4899,0.5473,0.9091,0,0
"Following a missed return that leaves the ball lying in the sand, which participant retrieves it and then positions himself to serve again?",202,16,0.3438,0.4582,5,1,10,0.8544,0.22124,0.4704,0.0106,0.1395,0,0
"After the presenter sets aside the cylindrical Social Smoke container he first showcased, how is the next small container packaged when he begins to open it?",186,16,0.3438,0.4582,5,1,10,1.3547,0.21247,0.4609,0.5109,0.8068,0,0
"When the man leaves the living room where the Jenga tower sits on the coffee table and walks into the next room, what exercise equipment does the camera reveal?",155,16,0.3438,0.4227,4,3,9,0.8826,0.20715,0.4551,0.0389,0.294,0,0
"How do the athlete's two consecutive tries at the 5'9"" high-jump bar differ in outcome?",190,16,0.3438,0.4582,5,1,10,1.043,0.1836,0.4285,0.1993,0.4006,0,0
"After finishing her kite-flying and starting the solitary walk toward the distant house, what pattern is on the dress the girl is wearing?",215,16,0.3438,0.4227,4,3,9,0.8698,0.1811,0.4256,0.0261,0.1636,0,0
"When the bikini-clad woman poses on the outdoor pool table and the man readies his trick shot, what object is clasped between her toes, and what objects does the man arrange along the table’s edge?",189,16,0.3438,0.2318,0,11,5,1.0355,0.09129,0.3021,0.1917,0.3571,0,0
What lawn-care device is pushed over the grass right after the person finishes raking debris from the lawn?,209,16,0.3125,0.4635,5,0,11,1.2421,0.38815,0.623,0.4296,0.8059,0,0
"Earlier in the video, before a hand later lifts the white video-game controller from the floor, on what piece of furniture was that controller originally shown resting?",177,16,0.3125,0.4285,4,2,10,1.0837,0.34884,0.5906,0.2712,0.6667,0,0
"After the welder finishes fusing the metal frames, which handheld tool does the next person use to inspect the joints?",202,16,0.3125,0.4635,5,0,11,1.2203,0.33032,0.5747,0.4078,0.87,0,0
"After the man in the green top launches the kite on the beach, what color shirt is worn by the individual who later takes over its control?",197,16,0.3125,0.4635,5,0,11,0.8619,0.29031,0.5388,0.0494,0.4714,0,0
"After the red-shirted archer releases his shot and the scene cuts to three indoor targets, which labeled target ends up with most of the arrows?",219,16,0.3125,0.4635,5,0,11,1.064,0.27616,0.5255,0.2515,0.4762,0,0
"After finishing his saxophone solo while the drummer and other musicians continue playing, what does the bearded saxophonist do next?",155,16,0.3125,0.4285,4,2,10,0.9182,0.26343,0.5133,0.1057,0.6429,0,0
"While following the shopper in a green striped shirt carrying a red basket, which news outlet’s article about a school shooting is shown on the accompanying smartphone screen?",204,16,0.3125,0.4635,5,0,11,0.9199,0.24436,0.4943,0.1074,0.2632,0,0
"After the man finishes inflating the previously removed bicycle tire, which fastening mechanism does he use to secure the wheel back onto the bike frame?",146,16,0.3125,0.4635,5,0,11,1.182,0.23391,0.4836,0.3695,0.7591,0,0
"During the hallway scene in which the first-person smartphone user finally meets an oncoming person, what item does that approaching individual hand to the phone user?",220,16,0.3125,0.4285,4,2,10,1.0405,0.22866,0.4782,0.228,0.4467,0,0
"During the arm-wrestling contest that the woman ultimately wins against the man in black, what object does she keep holding in her right hand the entire time?",188,16,0.3125,0.4285,4,2,10,0.8457,0.21722,0.4661,0.0332,0.2439,0,0
"After spending time on the laptop browsing ""For Kindle Case"" products, which object does the person later pull out of the brown case when they sit at the dining table?",196,16,0.3125,0.4285,4,2,10,0.8484,0.21688,0.4657,0.0359,0.2439,0,0
"After the sequence where the horse is fitted with a green halter, what color halter is the horse wearing later when the man repeatedly pets and calms its back?",231,16,0.3125,0.4635,5,0,11,0.903,0.21589,0.4646,0.0905,0.1538,0,0
"After the video segment that ends with the “Best throw of series: 118'8""” text, what piece of equipment does the next athlete repeatedly spin and hurl in the tree-lined field?",171,16,0.3125,0.4635,5,0,11,1.2233,0.21324,0.4618,0.4108,0.5106,0,0
"After someone holds up a fluffy garment beneath the mountain mural with a red sun, which accessory does a woman later put on and adjust while she poses in front of a mirror?",168,16,0.3125,0.4635,5,0,11,0.8615,0.20855,0.4567,0.049,0.2531,0,0
"After the plain background changes to a blue surface, into what geometric shape does the pink crochet piece initially develop before it is enlarged?",211,16,0.3125,0.4635,5,0,11,0.8516,0.20144,0.4488,0.0391,0.1695,0,0
"After the scene of two people swimming in the lake, what does one of them do immediately after grabbing the tow rope from the boat?",180,16,0.3125,0.4285,4,2,10,0.8294,0.20124,0.4486,0.0169,0.1641,0,0
What mishap briefly slows the lead windsurfer with the red-orange sail while the camera-wearing surfer follows him?,195,16,0.3125,0.2997,1,8,7,0.9886,0.19583,0.4425,0.1761,0.9091,0,0
"After the group helps the man who toppled backward off his wheelchair, what unexpected action does he later perform when assisted again in the underground passage?",203,16,0.3125,0.3903,3,4,9,1.2291,0.18869,0.4344,0.4166,0.6,0,0
"After the wrestlers finish their synchronized crouching and hand gestures, how is the match between the two competitors decided, and what does the victor do right afterward?",135,16,0.3125,0.3903,3,4,9,0.8969,0.17473,0.418,0.0844,0.3158,0,0
"After the surfing clip is interrupted by the blonde woman in a turquoise tank top speaking amid lush plants and then resumes briefly, what landscape does the video show next?",134,16,0.3125,0.3903,3,4,9,0.8612,0.1682,0.4101,0.0487,0.1955,0,0
Which type of boat appears steering through the rapids after the sequences with the yellow raft and right before the screen turns blue with credit names?,135,16,0.3125,0.3903,3,4,9,0.9553,0.15568,0.3946,0.1428,0.7949,0,0
"After the trio of archers finish their shots in the open field, what object placed on a tee stand do the next two men aim their arrows at?",182,16,0.3125,0.2997,1,8,7,0.8125,0.08984,0.2997,0.0,0.0,0,0
"After the office shot showing only magazines and a small plant on the glass coffee table, what two electronic items are seen on the table in the following living-room scene?",174,16,0.3125,0.2421,0,10,6,0.8231,0.06423,0.2534,0.0106,0.169,0,0
What two colors appear on the bumper car ridden by the man-child pair early on and by the child who later reclines while laughing?,207,16,0.2812,0.4319,4,1,11,1.3926,0.23097,0.4806,0.6114,0.9825,0,0
"Immediately after the resistance bands are shown spread out on the floor, which specifically labeled jump rope (name and weight) does the man pick up to continue jumping?",165,16,0.2812,0.4319,4,1,11,1.077,0.22249,0.4717,0.2957,0.6015,0,0
"During the forest segment that comes just before the scenes of people floating on tubes again, what object is spraying water that produces the small rainbows?",144,16,0.2812,0.4319,4,1,11,0.9027,0.21759,0.4665,0.1215,0.5,0,0
"Immediately after the onscreen ""Semi Final Score 15-8"" announcement, what is the little girl sitting on the sand shown playing with?",214,16,0.2812,0.4319,4,1,11,1.3308,0.20171,0.4491,0.5495,0.8602,0,0
"Following the outdoor sidewalk performance by the dancer in a red shirt and grey shorts, what color are the pants worn by the next solo breakdancer who spins and does handstands indoors?",137,16,0.2812,0.4319,4,1,11,0.8033,0.17903,0.4231,0.022,0.2857,0,0
What exact German phrase is displayed against a chalkboard-like background right after the two athletes' celebratory match and just before the blue-shirted presenter appears on the beach?,196,16,0.2812,0.248,0,9,7,1.1593,0.16823,0.4102,0.378,0.8772,0,0
"After the man finishes smoothing the fully adhered map with his squeegee, which object does he pick up to dab and clean spots on the map?",158,16,0.2812,0.394,3,3,10,0.7812,0.15527,0.394,0.0,0.0,0,0
"After the yellow button is firmly sewn onto the fabric, what does the hand do with the items on the wooden shelf in the next salon scene?",211,16,0.2812,0.3046,1,7,8,1.3597,0.12997,0.3605,0.5784,0.9176,0,0
What activity takes place after a rafter walks onto the rocky shore but before the group later celebrates by lifting their paddles together?,193,16,0.2812,0.3522,2,5,9,0.7812,0.12402,0.3522,0.0,0.0,0,0
"After the blue-tarp-covered wooden ramp is first shown, what item does another person later use to tap the ball farther along that ramp?",143,16,0.2812,0.3522,2,5,9,0.9686,0.08586,0.293,0.1873,0.6667,0,0
"After walking along the quiet nighttime sidewalk while looking at her phone and pausing near the red bus-stop sign, what labeled vehicle does the woman finally board?",164,16,0.2812,0.248,0,9,7,0.8449,0.08181,0.286,0.0637,0.3131,0,0
"Which special-effects product does Victor Nogueira display and apply at the start of the video, before later showcasing the “Special FX Brush Set by Bruna Nogueira” during his Joker makeup transformation?",231,16,0.25,0.3953,3,2,11,1.1368,0.53384,0.7306,0.3868,0.9771,0,0
What color top does the fencer who wins the bout and is hugged by the conceding opponent wear?,199,16,0.25,0.433,4,0,12,0.8933,0.30365,0.551,0.1433,0.7073,0,0
"After the bartender pours the measured Triple Sec into the ice-filled mug, what kind of container does he pick up to measure the next ingredient?",140,16,0.25,0.3953,3,2,11,1.2764,0.28521,0.534,0.5264,0.9258,0,0
"After the technician thoroughly wipes the ski board clean and then marks positions along it, which measuring tool does he use for those markings before later waxing with an iron?",140,16,0.25,0.433,4,0,12,1.0288,0.24762,0.4976,0.2788,0.6,0,0
What wall-mounted item does the camera focus on closely just before it turns to show the staircase leading to another room?,167,16,0.25,0.433,4,0,12,1.0864,0.24475,0.4947,0.3364,0.7333,0,0
"After the camera moves away from the cluttered desk lit by a candle, which kitchen appliance adorned with magnets and notes is shown in the adjacent room?",164,16,0.25,0.433,4,0,12,0.9781,0.24274,0.4927,0.2281,0.4516,0,0
"After the tug-of-war match finishes, what group activity do the children participate in next?",198,16,0.25,0.433,4,0,12,0.9124,0.22051,0.4696,0.1624,0.6667,0,0
"After the blue-uniformed players celebrate their rebound goal, what play does the referee immediately supervise to restart the action on the field?",152,16,0.25,0.433,4,0,12,1.0266,0.21109,0.4594,0.2766,0.6917,0,0
"After the artist finishes applying lipstick to the young man who later talks to the camera, which part of his face does she groom next?",155,16,0.25,0.433,4,0,12,0.7557,0.20587,0.4537,0.037,0.2028,0,0
Which item does the hijab-wearing shopper add to her red basket after first selecting a jar of tomato sauce and rechecking her list?,218,16,0.25,0.433,4,0,12,1.3795,0.20505,0.4528,0.6295,1.0,0,0
"After the teammates rush to celebrate the late goal on the field, where does the video immediately cut to?",217,16,0.25,0.433,4,0,12,0.7597,0.20339,0.451,0.0097,0.1545,0,0
"Following the moment when a fish is lifted from the ice hole but before the view moves underwater, what piece of equipment beside the hole does the camera focus on?",153,16,0.25,0.433,4,0,12,0.7685,0.19472,0.4413,0.0185,0.12,0,0
"When blood first becomes visible in the body-modification sequence, which instrument is the practitioner using to keep the client’s lip firmly in place?",174,16,0.25,0.433,4,0,12,0.8737,0.19354,0.4399,0.1237,0.5625,0,0
"After folding and labeling the blue material sections on the floor, which leveling device does the worker use on the wall while on the ladder before later rolling adhesive onto it?",162,16,0.25,0.433,4,0,12,1.247,0.19334,0.4397,0.497,0.7163,0,0
"After the rafters disembark to pull their stuck raft free from submerged debris and resume their journey, what overhead obstacle makes them duck as they continue downstream?",162,16,0.25,0.433,4,0,12,0.75,0.1875,0.433,0.0,0.0,0,0
"Immediately after the makeup scene ends, what specific part of the next client's mouth does the gloved professional hold and adjust with a tool during the subsequent procedure?",211,16,0.25,0.433,4,0,12,0.7537,0.18586,0.4311,0.0037,0.0589,0,0
"After the indoor skate park talk that closes on a vending machine, where is the pianist next shown performing?",216,16,0.25,0.3953,3,2,11,0.7864,0.1832,0.428,0.0677,0.2222,0,0
"The fighter who starts the bout by dodging side-to-side defensively and later floors his opponent, triggering the referee’s count, wears gloves of what color?",228,16,0.25,0.433,4,0,12,1.0402,0.16492,0.4061,0.2902,0.4605,0,0
"While the slackliner balances on the line during sunset, what two tasks does the assistant simultaneously do with each hand?",184,16,0.25,0.3953,3,2,11,0.815,0.16184,0.4023,0.065,0.6783,0,0
"After the four-member team finishes its synchronized somersault jump-rope routine, bows, and exits, which performers step into the gym’s center to continue the show?",148,16,0.25,0.3953,3,2,11,0.762,0.15576,0.3947,0.012,0.1208,0,0
"After the woman in a teal top leaves the building with the man carrying a green basket, what color is the shoulder bag she still carries while walking along the twilight park pathway?",207,16,0.25,0.433,4,0,12,0.9497,0.13176,0.363,0.1997,0.6465,0,0
"During the dark opening sequence, what words appear on screen before the rafters in yellow helmets and blue life jackets are shown preparing by the river?",233,16,0.25,0.25,0,8,8,1.6631,0.07472,0.2733,0.9131,1.0,0,0
"After the first skier finishes descending the grassy embankment beside the water, what type of terrain does the next skier descend?",144,16,0.2188,0.394,3,1,12,0.9401,0.19288,0.4392,0.2213,0.6,0,0
"After creating the first set of smoke rings with no device in his hands, what object does the man raise to his mouth before blowing the next rings?",208,16,0.2188,0.3522,2,3,11,0.7712,0.17994,0.4242,0.0524,0.4,0,0
"Right after the rider heads toward the sunset-lit cityscape, what natural detail does the camera focus on before cutting to the forest floor?",216,16,0.2188,0.394,3,1,12,0.7495,0.17823,0.4222,0.0307,0.15,0,0
"After the camera shifts away from the seated woman with the hookah, who is shown standing together on the grassy hill by the water?",142,16,0.2188,0.3522,2,3,11,1.0007,0.15929,0.3991,0.282,0.6185,0,0
"After finishing using the leaf blower to scatter leaves, what object does the boy hold to his ear while walking along the stone pathway?",155,16,0.2188,0.394,3,1,12,0.8483,0.12594,0.3549,0.1296,0.4676,0,0
What body modification procedure is shown immediately after the syringe is inserted into the patient’s lower gum?,136,16,0.2188,0.3522,2,3,11,0.9288,0.12556,0.3543,0.2101,0.5556,0,0
"After a ball rolls into the hole he is digging, what does the boy do with it before returning to his digging?",158,16,0.2188,0.3046,1,5,10,0.99,0.11865,0.3445,0.2712,0.75,0,0
"After the elderly man carefully examines a pair of eyeglasses, what task does he complete while sitting cross-legged on the floor before he stands and walks away?",214,16,0.2188,0.3522,2,3,11,0.8301,0.10633,0.3261,0.1113,0.2243,0,0
"After tightening and pointing out the snowboard’s bindings, what tool does the person later slide along the board to scrape it clean?",185,16,0.2188,0.248,0,7,9,0.8569,0.08418,0.2901,0.1381,0.4,0,0
"After earlier scenes where the woman must hold the child to keep him afloat, what self-directed movement does the child later complete in the pool before returning to her?",174,16,0.2188,0.248,0,7,9,0.7449,0.06036,0.2457,0.0261,0.1765,0,0
What label is on the Essie nail polish bottle that the hand sets down just before picking up the round white stamping plate?,168,16,0.1875,0.3903,3,0,13,0.9542,0.34707,0.5891,0.2667,0.8333,0,0
Which object does the man place next to the refrigerator shortly after he slides the frosted-glass doors open and inspects them?,165,16,0.1875,0.3903,3,0,13,0.7875,0.23758,0.4874,0.1,0.4379,0,0
"Right before the green canoe labeled ""CASCADE"" drifts into view, what object is lying along the edge of the blue boat shown in the preceding shot?",151,16,0.1875,0.3903,3,0,13,0.7691,0.22481,0.4741,0.0816,0.4167,0,0
"Following the scenes where a worker brushes adhesive from a yellow bucket onto roof tiles, what machinery-driven method is later shown for lifting shingles to the rooftop?",164,16,0.1875,0.3903,3,0,13,1.2074,0.2234,0.4727,0.5199,0.9075,0,0
"Across multiple store scenes, individual red letters pop up on windows, signs, and displays; taken together, these letters form a single four-letter word advertising a discount. What word is it?",237,16,0.1875,0.3903,3,0,13,1.0277,0.20933,0.4575,0.3402,0.6489,0,0
What animal is the man holding indoors after the scene where the leashed white dog sniffs a Christmas tree branch on the grass?,211,16,0.1875,0.3903,3,0,13,0.8459,0.18546,0.4307,0.1584,0.4667,0,0
"After advancing with plank steps in his routine, which push-up variation that draws a knee toward the elbow does the man perform next?",190,16,0.1875,0.3903,3,0,13,0.7441,0.18245,0.4271,0.0566,0.3333,0,0
"After the television’s colorful game scene transitions through several menu screens, which logo ultimately appears on the screen?",212,16,0.1875,0.3903,3,0,13,0.7814,0.17676,0.4204,0.0939,0.3158,0,0
Which two colors appear alternating on the nails just before further bright pink polish is applied in the final manicure close-up?,140,16,0.1875,0.3903,3,0,13,0.7825,0.16196,0.4024,0.095,0.3842,0,0
"Which athletic event, featuring athletes spinning inside a safety-netted circle to release a metal ball on a wire, takes place after the discus preparation scene but before the long-jump attempt?",151,16,0.1875,0.3903,3,0,13,0.9105,0.16104,0.4013,0.223,0.8248,0,0
"After several earlier shoe-shining scenes where workers crouch or kneel, in what position does the boy polish the man’s shoe later in the video?",209,16,0.1875,0.3903,3,0,13,0.7615,0.15935,0.3992,0.074,0.425,0,0
"During the live broadcast on the boat, what object does the man in the green shirt lift up while speaking, before he later appears showing off a fish?",162,16,0.1875,0.3903,3,0,13,0.7124,0.15859,0.3982,0.0249,0.1111,0,0
"After the television powers on and starts showing a dark, suspenseful scene, what electronic device positioned below the screen does a hand reach for and manipulate?",228,16,0.1875,0.3903,3,0,13,0.7302,0.15323,0.3914,0.0427,0.2,0,0
"Later in the performance, after the initial close-up of the guitarist’s intricate fingerwork, the camera zooms in on the keys of which instrument during another detailed close-up?",194,16,0.1875,0.3903,3,0,13,0.6875,0.15234,0.3903,0.0,0.0,0,0
"While the girl in a pink top finishes her jumps and the child in a red outfit begins, which wheeled object briefly passes in front of the jump-ropers?",196,16,0.1875,0.3903,3,0,13,0.6875,0.15234,0.3903,0.0,0.0,0,0
"Before the coffee maker is shown steaming beside two teal mugs, what color is the cup into which the person empties a packet of drink mix?",147,16,0.1875,0.3903,3,0,13,0.6913,0.15114,0.3888,0.0038,0.0606,0,0
"Near the end of the video, as the woman keeps scooping seeds from the carved pumpkin by herself, which item suddenly flies across the frame?",173,16,0.1875,0.348,2,2,12,0.7254,0.13672,0.3698,0.0379,0.1569,0,0
"After the vibrant dance sequences, during the later self-defense demonstration, how does the woman reverse control once the man grabs her wrist?",200,16,0.1875,0.2997,1,4,11,0.7406,0.12427,0.3525,0.0844,0.2375,0,0
"In the only outdoor nighttime scene that contrasts with the earlier indoor range practice, what does the archer do differently with the arrow after drawing his bow?",231,16,0.1875,0.348,2,2,12,0.6875,0.12109,0.348,0.0,0.0,0,0
"As the scene shifts from the initial dim reveal of tools to later knitting of teal and orange stripes, which type of needles does the knitter continuously employ?",173,16,0.1875,0.348,2,2,12,1.2092,0.11042,0.3323,0.5217,0.9962,0,0
"After receiving assistance to step onto the chairlift, what does the snowboarder do once the camera cuts to a close-up during the lift’s ascent?",138,16,0.1875,0.2997,1,4,11,1.0926,0.1071,0.3273,0.4051,0.8519,0,0
"After the BMX performer in a red cap and black shirt finishes his stunts, which rider takes over and what clothing identifies him while he executes jumps and spins?",168,16,0.1875,0.2421,0,6,10,0.7129,0.06951,0.2637,0.0254,0.1783,0,0
"While the young man begins speaking to the camera in the snowy neighborhood, what specific visual detail does the camera briefly cut away to show before returning to him?",170,16,0.1562,0.2915,1,3,12,1.1092,0.17127,0.4138,0.4529,1.0,0,0
What activity does the individual perform after raising one arm while skateboarding and before returning to the road to execute playful jumps and spins?,217,16,0.1562,0.2915,1,3,12,0.9341,0.12591,0.3548,0.2779,0.5337,0,0
"After the presenters move on from air-hockey and begin explaining the miniature pool table, what extra item does the man hold along with the cue stick while he talks to the camera?",225,16,0.1562,0.3409,2,1,13,1.2916,0.12481,0.3533,0.6353,0.9091,0,0
What object does the man carry over his shoulder while skateboarding when another person is lying flat on a separate skateboard behind him?,144,16,0.1562,0.3409,2,1,13,0.6562,0.11621,0.3409,0.0,0.0,0,0
"Of the athletes wearing bib numbers 184, 278, and 297, which one is shown making several javelin throws in a row, and what color is his outfit?",229,16,0.1562,0.3409,2,1,13,0.6816,0.11112,0.3333,0.0253,0.1556,0,0
"After he finishes demonstrating mouth rinsing with a cup, what container does the boy next hold to pour water into the sink and splash his sister?",185,16,0.1562,0.3409,2,1,13,0.8178,0.11014,0.3319,0.1615,0.2756,0,0
"After the opening close-up of lime-green Zumba wristbands, what color is the sleeveless top worn by the man who later performs solo on the stage?",204,16,0.1562,0.3409,2,1,13,1.1848,0.10698,0.3271,0.5286,0.7895,0,0
"After the static blue FOX logo appears on the television, what is shown next on the screen?",236,16,0.1562,0.2915,1,3,12,1.156,0.08905,0.2984,0.4998,0.7143,0,0
What single word is printed on the black T-shirt worn by both the man sanding cardboard in the warehouse and the skateboarder tweaking his board beside the SUV?,213,16,0.1562,0.2915,1,3,12,1.253,0.07353,0.2712,0.5968,0.8282,0,0
"Right after the BMX rider crashes during sunset and spectators look on, what item is shown close-up in someone’s hand as others gather to assist?",173,16,0.125,0.3307,2,0,14,0.913,0.23349,0.4832,0.288,0.8125,0,0
"After a diver briefly stops in the cavern to chase a small lost tool, which larger piece of gear does another diver later remove and let drift away in the open water?",150,16,0.125,0.3307,2,0,14,1.2025,0.22932,0.4789,0.5775,0.9598,0,0
"After holding a measuring tape against a wall-and-ceiling corner with dripping paint, which surface does the man subsequently clean using a yellow sponge?",165,16,0.125,0.2795,1,2,13,0.8384,0.22414,0.4734,0.2134,0.9,0,0
"During the fire-starting sequence that begins with a lighter on fatwood and later shows a red lighter sustaining the flames, what flame source does the person use in the attempt between those two steps?",194,16,0.125,0.3307,2,0,14,1.1492,0.19559,0.4423,0.5554,0.8962,0,0
"Which creature is seen outside the window during the later desk-writing scene, replacing the earlier view of a person in a white shirt standing there?",191,16,0.125,0.3307,2,0,14,0.8701,0.17271,0.4156,0.2451,0.5047,0,0
The man who begins the video speaking on the busy New York street later celebrates a pool shot inside the office recreation area; what single word is displayed on the front of his sweatshirt in both scenes?,181,16,0.125,0.2795,1,2,13,1.1291,0.15516,0.3939,0.5041,0.8426,0,0
"After using a utensil to cut open a seasoning packet by the stove, which object does the person later scrub with a yellow sponge at the sink?",156,16,0.125,0.3307,2,0,14,0.8533,0.15203,0.3899,0.2283,0.5714,0,0
"What is the man in the white striped shirt doing when he first appears, before later standing back with folded arms during the shirtless man’s animated conversation?",187,16,0.125,0.2795,1,2,13,0.9447,0.13461,0.3669,0.3197,0.5,0,0
Which physics concept is defined in text right after the skateboarder performs a curb jump and lands back on his board?,210,16,0.125,0.3307,2,0,14,0.6553,0.13435,0.3665,0.0303,0.2778,0,0
"Immediately after the two individuals end their handshake, which tool does one of them carefully pick up for a precision-focused demonstration?",137,16,0.125,0.3307,2,0,14,0.9479,0.13256,0.3641,0.3229,0.7273,0,0
"Right before the person begins smoothing and tucking the bed, what color shirt do they finish buttoning?",185,16,0.125,0.3307,2,0,14,0.6859,0.12954,0.3599,0.0609,0.1727,0,0
"After the vertical column of identical white squares has completed forming, what does the bottom square do in the subsequent scene, and which direction does it move?",220,16,0.125,0.2795,1,2,13,0.9663,0.11461,0.3385,0.3413,0.55,0,0
What does the person do to the white fabric just before using it to wipe the wooden table clean?,149,16,0.125,0.3307,2,0,14,0.6367,0.10851,0.3294,0.0117,0.1875,0,0
Which sea creature is shown as a finished sand sculpture before the video switches to artists carving a whale design?,179,16,0.125,0.3307,2,0,14,1.2729,0.10507,0.3241,0.6479,0.9333,0,0
"What aerial activity interrupts the series of bungee jumps, occurring after the initial jumps and before the later ones resume?",181,16,0.125,0.3307,2,0,14,0.7602,0.10107,0.3179,0.1352,0.5233,0,0
"Following the batsman’s dramatic tumble during the practice, how is he positioned when the video resumes in the next scene?",143,16,0.125,0.2795,1,2,13,0.7463,0.09578,0.3095,0.1213,0.4286,0,0
What words are visible on the building behind the lumberjack wearing a blue shirt and white trousers as he chops wood in the town square?,147,16,0.125,0.2165,0,4,12,0.7191,0.0938,0.3063,0.0941,0.4086,0,0
"After the hand abandons trying to cut the pink rubber glove with pliers, how is the glove immediately repurposed inside the white sink?",219,16,0.125,0.2795,1,2,13,0.8685,0.08499,0.2915,0.2435,0.5556,0,0
"After pulling the fish onto the snow beside the red tackle box, what does the fisherman do with the fish before kneeling again to continue fishing?",212,16,0.125,0.2795,1,2,13,0.6854,0.08244,0.2871,0.0604,0.3914,0,0
"After opening the wooden gate and pausing to watch the cat in the alley, what does the person later toss toward the cat further along the path?",136,16,0.125,0.2165,0,4,12,0.6673,0.06366,0.2523,0.0423,0.2262,0,0
"After finishing his quick rock-paper-scissors game, what does the man in the orange shirt do on the baseball field?",179,16,0.125,0.2165,0,4,12,0.8321,0.05089,0.2256,0.2071,0.5714,0,0
What type of vehicle transports the group along the narrow dirt road before they later sit together for a meal under the thatched roof?,141,16,0.0938,0.2633,1,1,14,0.6506,0.22101,0.4701,0.0569,0.9103,0,0
"After the man finishes displaying each solved face of the Rubik’s Cube to the camera, what does he do to the cube next?",180,16,0.0938,0.2633,1,1,14,0.685,0.0983,0.3135,0.0912,0.5,0,0
What scene does the video cut to immediately after the striped-shirted older man completes his low martial-arts moves on the blue mat?,147,16,0.0938,0.1952,0,3,13,0.7278,0.09636,0.3104,0.134,0.5294,0,0
"After the players finish their match with handshakes, what activity is later shown on the rink before another stone is delivered?",227,16,0.0938,0.2633,1,1,14,0.6639,0.09029,0.3005,0.0701,0.25,0,0
"After the light-hearted moment when the man in the pool reaches toward the woman at the pool’s edge, what task are the two scuba divers focused on underwater?",233,16,0.0938,0.1952,0,3,13,1.2037,0.08318,0.2884,0.6099,0.9048,0,0
Which exact words printed on the decorated box the man first unboxes are later visible on the underside of the longboard while a rider cruises along the road?,139,16,0.0938,0.1952,0,3,13,1.1963,0.07253,0.2693,0.6026,0.988,0,0
"After the series of street and stage dance acts concludes, which black-and-white object starts dissolving into pixels before the red “COOL” circle appears?",223,16,0.0938,0.1952,0,3,13,1.1509,0.07209,0.2685,0.5571,0.8434,0,0
"While the woman in a green dress moves around the kitchen handling utensils and opening cabinets, what food is the other person holding and occasionally stirring?",200,16,0.0938,0.2633,1,1,14,0.5938,0.06934,0.2633,0.0,0.0,0,0
"After she finishes applying mascara and turns to show a product toward the camera, which concealer does she hold up?",225,16,0.0938,0.1952,0,3,13,0.6674,0.06603,0.257,0.0737,0.2581,0,0
Which ingredient is added to the orange curry after the cheese chunks but before the carrots?,166,16,0.0938,0.2633,1,1,14,0.9587,0.05114,0.2261,0.365,0.504,0,0
"After the camera lingers on vivid leaves and rough tree bark, what hanging structure becomes the new focal point in the subsequent shot among the branches?",190,16,0.0938,0.1952,0,3,13,0.9459,0.04804,0.2192,0.3522,0.5966,0,0
Which two divers take the board to perform their synchronized routine right after Christina and Thea complete theirs?,221,16,0.0938,0.1952,0,3,13,0.5938,0.03809,0.1952,0.0,0.0,0,0
"After the person finishes detaching the green grapes and closing the plastic container, into which kitchen appliance do they place that container?",208,16,0.0625,0.2421,1,0,15,0.7634,0.14908,0.3861,0.2009,0.735,0,0
"After finishing vacuuming the bed, what does the woman intend to clean next when she detaches the hose from the vacuum cleaner?",211,16,0.0625,0.2421,1,0,15,0.7454,0.13641,0.3693,0.1829,0.5923,0,0
"After sealing the sink drain with a white shower cap and filling the basin with water, what object does the hand place into the water?",191,16,0.0625,0.2421,1,0,15,0.8936,0.12346,0.3514,0.3311,0.7273,0,0
"Between the black-shirted man’s earlier toss and the woman’s eventual successful shot, which short on-screen phrase humorously acknowledges the ensuing mishap?",228,16,0.0625,0.2421,1,0,15,0.6146,0.11331,0.3366,0.0521,0.385,0,0
"After the moment where two people alternately raise and lower a wooden seesaw, what specific text overlay appears on the screen?",172,16,0.0625,0.2421,1,0,15,0.6662,0.10941,0.3308,0.1037,0.4743,0,0
"After the onscreen text introduces the ""HEEL HOOKS"" section, which climbing technique phrase appears next later in the video?",225,16,0.0625,0.2421,1,0,15,1.0615,0.10866,0.3296,0.499,0.8036,0,0
"Across the boat-riding segments interspersed with the windsurfing footage, what part of the vessel does the unseen person keep hold of?",233,16,0.0625,0.2421,1,0,15,0.7655,0.10134,0.3183,0.203,0.4693,0,0
"After the snowy outdoor scene featuring a horse in a beige blanket, what grooming product does the woman later display to the camera inside the stable before she applies it to the horse?",144,16,0.0625,0.1654,0,2,14,0.9173,0.09933,0.3152,0.3548,0.7338,0,0
"Before the man lifts a large fish from a water-filled plastic container, what dark material does he previously manipulate in that container?",142,16,0.0625,0.2421,1,0,15,0.7554,0.08923,0.2987,0.1929,0.7,0,0
"During the gymnasium scene where two women rally a ping pong ball while the band in red shirts and plaid skirts performs, what distinctive item is the drummer wearing?",158,16,0.0625,0.2421,1,0,15,0.8054,0.087,0.295,0.2429,0.6667,0,0
"After two people start skipping rope side by side, what does one of them do before they both reappear jumping behind the wooden gymnastic bars?",194,16,0.0625,0.2421,1,0,15,0.6927,0.08661,0.2943,0.1302,0.375,0,0
"Before the video transitions from the bedroom to the outdoor window-cleaning scene, which garment is left on the striped bed?",204,16,0.0625,0.2421,1,0,15,0.6975,0.08445,0.2906,0.135,0.5,0,0
"Following the moment when the red-shirted man hurls the trophy into the air and sprints away, which sport are players engaged in during the next scene?",155,16,0.0625,0.2421,1,0,15,0.8731,0.08399,0.2898,0.3106,0.7407,0,0
"Following the athlete’s release of the hammer, what does the video show a person doing with their black-shod feet on the cracked concrete surface?",164,16,0.0625,0.1654,0,2,14,1.0751,0.0828,0.2877,0.5126,0.7491,0,0
"What cleaning tool does the person use to scrub the sink area earlier in the video, before the white cat is later shown sitting in the soapy sink?",175,16,0.0625,0.1654,0,2,14,0.7943,0.07383,0.2717,0.2318,0.7386,0,0
"After the two workers use a red circular saw to cut wood, which handheld power tool does one person later move steadily along a long plank to remove thin layers?",186,16,0.0625,0.2421,1,0,15,0.7985,0.06964,0.2639,0.236,0.5,0,0
"After the sliced bananas and dried fruits are tipped into the mixing bowl, which ingredient does the hand immediately sprinkle over the fruit before any milk is poured?",164,16,0.0625,0.2421,1,0,15,0.818,0.06814,0.261,0.2555,0.3821,0,0
"After multiple divers have been shown executing flips from high platforms, what phrase appears on the final blue screen?",158,16,0.0625,0.2421,1,0,15,0.5649,0.06311,0.2512,0.0024,0.0379,0,0
What animal masks are the two individuals wearing while they fight in the forest before they go skateboarding on the park path?,204,16,0.0625,0.2421,1,0,15,0.6162,0.06166,0.2483,0.0537,0.2903,0,0
"After performing on the empty court with a white baton, what object does the gymnast raise above her head at the start of her next routine?",188,16,0.0625,0.2421,1,0,15,0.5956,0.06114,0.2473,0.0331,0.2727,0,0
Which two brand names shown in the initial underwater equipment overlay later match the sail and board that Marco uses when he windsurfs on the ocean surface?,232,16,0.0625,0.1654,0,2,14,0.8994,0.05947,0.2439,0.3369,0.5263,0,0
"Following the scene where the red-shirted cleaner lies flat to vacuum beneath a wooden railing, what item does a second red-shirted helper later handle while assisting the cleaner near the white door?",203,16,0.0625,0.2421,1,0,15,0.5625,0.05859,0.2421,0.0,0.0,0,0
"Following the earlier scene where a male vaulter in white attire clears an 11-foot bar, what height is shown on the scoreboard for the male vaulter's successful jump later in the video?",222,16,0.0625,0.2421,1,0,15,0.5625,0.05859,0.2421,0.0,0.0,0,0
"After the scene with the bobber floating beside the angled ice hole, what color buoy is later shown indicating the fishing line?",150,16,0.0625,0.2421,1,0,15,0.5631,0.05853,0.2419,0.0006,0.0091,0,0
"After the tutorial segment where the person inserts contact lenses into both eyes, what item do they next raise toward the camera to demonstrate?",162,16,0.0625,0.2421,1,0,15,0.5676,0.05828,0.2414,0.0051,0.0734,0,0
"After completing his string of skatepark grinds, on what natural object does the skateboarder sit while talking to the camera?",136,16,0.0625,0.2421,1,0,15,0.6216,0.05645,0.2376,0.0591,0.2857,0,0
"After the shopper finishes examining the red and black checkered shirt, what logo word is printed on the front of the black T-shirt they inspect next?",237,16,0.0625,0.2421,1,0,15,0.952,0.04928,0.222,0.3895,0.634,0,0
What tool does the man use to smooth the beige-covered wall sections before he later switches to a trowel for plastering?,200,16,0.0625,0.1654,0,2,14,0.7433,0.04816,0.2195,0.1808,0.3846,0,0
"When a hand lifts a yellow lid from a black storage bin, what object is revealed on the bin, and what color is the bicycle leaning against the shelving unit that the camera shows afterward?",180,16,0.0625,0.1654,0,2,14,0.6218,0.04334,0.2082,0.0593,0.2857,0,0
"During the red- and blue-lit stage sequence where the words “unquenchable thirst” appear, what does the white-clad newcomer do to the red-haired dancer?",163,16,0.0625,0.2421,1,0,15,0.9958,0.04054,0.2014,0.4333,0.8333,0,0
"After the earlier yellow-shirt segments of crunches and single-leg work, what leg position does the woman first take when her top is green?",227,16,0.0625,0.1654,0,2,14,0.5676,0.02926,0.1711,0.0051,0.0441,0,0
What phrase appears on the black screen with a red banner immediately after the man stands beside the pool table explaining his shot?,146,16,0.0625,0.1654,0,2,14,0.5625,0.02734,0.1654,0.0,0.0,0,0
"After Scotty Miller finishes his 17'6"" vault, which athlete appears next to attempt a jump and what height is he trying to clear?",223,16,0.0625,0.1654,0,2,14,0.566,0.02709,0.1646,0.0035,0.0561,0,0
"Before the young woman starts her skincare demonstration, what time is displayed on the Verizon flip phone and which playful icon appears on its screen?",137,16,0.0312,0.121,0,1,15,0.926,0.04617,0.2149,0.3947,0.75,0,0
"After the two men finish their serious discussion with a brief handshake, what simultaneous gesture do they make when the conflict flares up again?",148,16,0.0312,0.121,0,1,15,0.7421,0.04341,0.2083,0.2109,0.65,0,0
"After the camera shows the stone distance marker beside the mountain path, what object featuring a mounted figure does it focus on next?",148,16,0.0312,0.121,0,1,15,0.747,0.04032,0.2008,0.2157,0.4813,0,0
"Immediately after the elderly women pose together on the indoor basketball court, which athletic activity by another older woman is shown next?",134,16,0.0312,0.121,0,1,15,0.702,0.03902,0.1975,0.1708,0.4167,0,0
Which kitchen tool is shown in solitary focus against a plain white background right before the scene switches to the woman pressing a lime with a wooden muddler?,144,16,0.0312,0.121,0,1,15,0.6431,0.0229,0.1513,0.1118,0.3007,0,0
"Following the moment when a man kneels to adjust the exercise bike’s pedal plate, which heart-rate monitoring device is later highlighted during another man’s elliptical workout?",183,16,0.0312,0.121,0,1,15,0.5312,0.01465,0.121,0.0,0.0,0,0
What color is the shopping basket into which the shopper drops wrapped candies taken from a brown paper bag in the candy aisle?,205,16,0.0312,0.121,0,1,15,0.5312,0.01465,0.121,0.0,0.0,0,0
"After earlier shots where the camera repeatedly pans up to the ceiling-mounted smoke detector, what object is later seen reflected in the window during the subsequent darkened scene?",230,16,0.0312,0.121,0,1,15,0.5312,0.01465,0.121,0.0,0.0,0,0
Which handheld device is the mechanic pressing with his left hand while his right hand adjusts the wheel assembly during the maintenance sequence?,210,16,0.0312,0.121,0,1,15,0.5373,0.01453,0.1205,0.006,0.0482,0,0
"After the shopper selects a $5 bouquet from the basket near the ATM, which fruit does the camera later highlight when it pans over the wooden produce baskets?",234,16,0.0,0.0,0,0,16,0.9919,0.06229,0.2496,0.4919,0.7682,1,0
"Right before the scene where the man stands to play a clarinet, which instrument is he shown playing while seated?",216,16,0.0,0.0,0,0,16,1.1213,0.05675,0.2382,0.6213,1.0,1,0
"During the lively fist-tapping game between the two hosts in the studio, what does the woman briefly do midway before resuming the taps?",216,16,0.0,0.0,0,0,16,0.6253,0.05241,0.2289,0.1566,0.508,1,0
"Right after the woman finishes picking up the small white objects with a stick, which object does she demonstrate techniques with in the very next segment?",134,16,0.0,0.0,0,0,16,0.8324,0.05156,0.2271,0.3324,0.7167,1,0
"During the earlier pink-lit indoor gathering, what unconventional item does the man in the green shirt hand out for players to throw at the dartboard before later scenes show people using real darts?",157,16,0.0,0.0,0,0,16,0.8717,0.04328,0.208,0.3717,1.0,1,0
"After the boxer finishes his sequence of high kicks and rapid jabs, what exercise does he start performing inside the ring?",200,16,0.0,0.0,0,0,16,0.8444,0.04092,0.2023,0.3444,0.9091,1,0
What single word is painted on the large wooden ramp that the BMX rider descends while two other people watch from the top?,138,16,0.0,0.0,0,0,16,0.5783,0.03591,0.1895,0.0783,0.7125,1,0
"During the later side-by-side close-up comparison, which distinct hairstyle is shown on the woman’s left side opposite her voluminous loose curls?",151,16,0.0,0.0,0,0,16,1.0867,0.03449,0.1857,0.5867,0.9126,1,0
"Besides the yellow popsicle, what additional object does the toddler hold before the princess-costumed child joins him on the couch?",211,16,0.0,0.0,0,0,16,0.5756,0.03044,0.1745,0.0756,0.625,1,0
"After clear liquid is poured into the transparent container, which object does a hand submerge in the liquid before lifting the container away?",162,16,0.0,0.0,0,0,16,0.8943,0.03,0.1732,0.3943,0.9417,1,0
"After the sandcastle builder finishes drawing vertical lines with a stick, what tool do they use next to continue carving the structure?",178,16,0.0,0.0,0,0,16,0.6642,0.02892,0.1701,0.1642,0.6667,1,0
What is the seated person on the blue bench doing when the camera briefly leaves the surrounding badminton action to focus on them?,146,16,0.0,0.0,0,0,16,0.8133,0.02884,0.1698,0.3133,0.5333,1,0
Which object does the man first closely inspect and later use to rub along the wooden gun stock?,186,16,0.0,0.0,0,0,16,0.9192,0.02873,0.1695,0.4192,0.7,1,0
"After the beach scene where a brown dog is led across the sand, what is notable about the leash when a barefoot girl later walks a bulldog along the sidewalk?",231,16,0.0,0.0,0,0,16,1.0252,0.02842,0.1686,0.5252,0.8,1,0
"After initially standing on the beach simply holding a ball, what particular skill does the same man display with it before walking away from the volleyball net?",141,16,0.0,0.0,0,0,16,0.827,0.02818,0.1679,0.327,0.6667,1,0
What happens immediately after the windsurfer lifts the board with one hand while still holding the sail?,159,16,0.0,0.0,0,0,16,0.7039,0.02818,0.1679,0.2039,0.5522,1,0
"After finishing their careful page-turning through luxury fashion magazines, which object does the same lanyard-wearing person employ to flatten another magazine on the glass surface?",185,16,0.0,0.0,0,0,16,0.6931,0.02798,0.1673,0.1931,0.4374,1,0
"After the performer’s handstand in which she balances a spinning hoop around her head, in what body position does she next balance the hoop vertically using only her feet?",223,16,0.0,0.0,0,0,16,1.0137,0.02661,0.1631,0.5137,0.8143,1,0
"After the sequence of scenes where children roll bowling balls, what activity is the young girl in a blue sweater and pink pants shown doing?",232,16,0.0,0.0,0,0,16,0.6566,0.02652,0.1629,0.1566,0.4524,1,0
"During the continuous navel procedure that begins when gloved hands arrive with scissors and tweezers and continues through needle insertion and jewelry placement, which tool do the gloved hands consistently use to grasp and stabilize the skin?",215,16,0.0,0.0,0,0,16,1.1643,0.02493,0.1579,0.6643,0.9296,1,0
"After showcasing a WhistlePig Straight Rye bottle, which bottle does the man replace it with and leave as the focal object on the black table?",231,16,0.0,0.0,0,0,16,1.0686,0.02362,0.1537,0.5999,0.7729,1,0
"After the man pauses from writing with his pen, but before later scenes show him smoking a cigarette, what does he light and leisurely smoke?",228,16,0.0,0.0,0,0,16,0.8657,0.0216,0.147,0.3657,0.5556,1,0
"After a shopper presents a Pepto-Bismol Ultra bottle, which produce item is subsequently picked up from the woven baskets?",195,16,0.0,0.0,0,0,16,1.1179,0.02032,0.1426,0.6179,0.9141,1,0
"After she sprays water on different sections and smooths them with a paddle brush, how does the woman collect her hair?",169,16,0.0,0.0,0,0,16,0.624,0.01908,0.1381,0.124,0.3889,1,0
"After the worker adjusts the red-and-black band saw and untangles the red cable on the workshop floor, what activity do they carry out next that sends a shower of bright sparks across the wooden surface?",141,16,0.0,0.0,0,0,16,0.613,0.01653,0.1286,0.113,0.5,1,0
"After the prolonged sequence of static cannabis plant close-ups, what kind of mask does the indoor smoker wear while holding and puffing a cigarette?",229,16,0.0,0.0,0,0,16,1.2243,0.01609,0.1268,0.7243,0.9207,1,0
"After Alexander Massialas’s jubilant 12-10 comeback point, what scoreboard reading is shown when only fifty seconds remain before Yuki Ota seals the win?",225,16,0.0,0.0,0,0,16,0.7222,0.01253,0.112,0.2222,0.5023,1,0
"After repeatedly adjusting her helmet while looking in the mirror, what piece of equipment does the plaid-skirted woman later use for her workout?",184,16,0.0,0.0,0,0,16,0.5957,0.01163,0.1078,0.0957,0.3619,1,0
During the earlier tabletop overview of styling equipment—shown before the stylist later grabs the “K7” spray bottle—which sizable item with a clear lid is singled out on the metallic tray?,187,16,0.0,0.0,0,0,16,0.9562,0.01157,0.1076,0.4562,0.6667,1,0
"Immediately after the footage of someone practicing tennis swings in the empty parking area, what activity is the following person shown doing indoors?",177,16,0.0,0.0,0,0,16,0.5412,0.01111,0.1054,0.0412,0.4167,1,0
"After the white-clad player completes his serve and walks toward the right side of the outdoor court, what phrase appears on screen to describe that delivery?",148,16,0.0,0.0,0,0,16,0.5538,0.01027,0.1013,0.0538,0.3226,1,0
"After the skiers struggle for space on the crowded lift amid on-screen captions like ""too fat – fail,"" what type of vehicle do two skiers later sit inside while preparing their gear before tackling the low-visibility slopes?",137,16,0.0,0.0,0,0,16,0.6057,0.00858,0.0926,0.1057,0.25,1,0
"After the extended series of horseback chases roping calves and cattle, which animal is later shown calmly pulling a small cart in the evening fairground scene?",141,16,0.0,0.0,0,0,16,0.6057,0.0083,0.0911,0.1057,0.2232,1,0
"After the lesson in which the brown-jacketed musician demonstrates recorder techniques, which instrument is he shown playing while instructing the white-shirted student immediately before the screen flashes the word “LEARN”?",175,16,0.0,0.0,0,0,16,0.5803,0.00585,0.0765,0.0803,0.3043,1,0
"After the person adjusts a wooden board near the dashboard, what do they later do to that same board inside the dimly lit car?",157,16,0.0,0.0,0,0,16,0.6666,0.00547,0.0739,0.1666,0.3333,1,0
What kind of marine organisms dominate the scene between the shot of a diver near a rocky cliff and the later shot of two divers swimming together in open water?,168,16,0.0,0.0,0,0,16,0.6027,0.00477,0.0691,0.1027,0.2265,1,0
"During the indoor practice sequence immediately before his interview beside the graffiti wall, what unconventional item does the bearded, cap-wearing man swing as a makeshift paddle?",213,16,0.0,0.0,0,0,16,0.5235,0.00422,0.0649,0.0235,0.2415,1,0
"After the hand adjusts the blue adapter in the power strip and then scrolls on its smartphone, which board game is stacked beside the phone on the shelf?",238,16,0.0,0.0,0,0,16,0.8462,0.00391,0.0625,0.3462,0.4667,1,0
Which kitchen appliance does the hand open after the pot on the stove is shown but before the microwave is switched on?,214,16,0.0,0.0,0,0,16,0.5371,0.0033,0.0575,0.0371,0.1695,1,0
"In the grooming scene occurring after the woman has just used a pink nail-trimming tool on the large dog, what color is the claw-clipping tool she uses next?",184,16,0.0,0.0,0,0,16,0.5175,0.00299,0.0547,0.0175,0.2263,1,0
"After the video’s opening scenes in the clothing store, which specific product does a hand later pick up from the grocery aisle’s condiment shelf?",142,16,0.0,0.0,0,0,16,0.5139,0.00289,0.0538,0.0139,0.2222,1,0
"After polishing both black shoes with a white cloth, what item does the cleaner use next to buff them further?",150,16,0.0,0.0,0,0,16,0.5196,0.00271,0.0521,0.0196,0.1667,1,0
"While the athlete wearing red and black shifts from practicing with a light object to throwing an actual shot put, how many observers stand nearby watching him?",184,16,0.0,0.0,0,0,16,0.5362,0.00258,0.0508,0.0362,0.1349,1,0
"In the scene where the man guides a blue-and-white craft through loops and dives instead of flying a kite, what object is he piloting over the lake?",236,16,0.0,0.0,0,0,16,0.623,0.0025,0.05,0.123,0.2,1,0
"After the group finishes talking beside the white fence but before the marching band resumes, what vehicle does a participant ride down the street?",152,16,0.0,0.0,0,0,16,0.5104,0.00163,0.0403,0.0104,0.1667,1,0
"After the credit card is slotted into the 'Super Cash' ATM, which boxed snack does the camera later focus on in the grocery store aisle?",139,16,0.0,0.0,0,0,16,0.5212,0.00144,0.0379,0.0212,0.1299,1,0
Which well-hidden creature becomes the central focus once the diver with the head-mounted camera has moved through the narrow rocky corridor?,225,16,0.0,0.0,0,0,16,0.501,2e-05,0.004,0.001,0.0165,1,0
"After browsing an online shopping app near the clothing display, which snack does the shopper later pick up and hold in the snack aisle?",142,16,0.0,0.0,0,0,16,0.5,0.0,0.0,0.0,0.0,1,1
"Immediately before the completed pumpkin is later rotated and shown glowing, what kind of tool is used to trace the portrait’s pre-drawn lines during carving?",181,16,0.0,0.0,0,0,16,0.5,0.0,0.0,0.0,0.0,1,1
"After a skateboarder slides across the wooden crate on the sidewalk, what later change is shown in the scene featuring that same crate?",192,16,0.0,0.0,0,0,16,0.5,0.0,0.0,0.0,0.0,1,1
"After the small white dog starts walking beside the stroller, what distinctive object does the stroller pusher stop and point toward on the sidewalk route?",196,16,0.0,0.0,0,0,16,0.5,0.0,0.0,0.0,0.0,1,1
"Immediately after the dentist finishes demonstrating with the oversized toothbrush and mouth model, what does the young girl do?",203,16,0.0,0.0,0,0,16,0.5,0.0,0.0,0.0,0.0,1,1
Who is interviewed immediately after the action sequence where a green-uniformed goalkeeper dives to stop a shot from a black-and-white attacker?,208,16,0.0,0.0,0,0,16,0.5,0.0,0.0,0.0,0.0,1,1
"After multiple baton-based routines, the dancers execute a part of the choreography where some lie on the studio floor before standing again; what new prop are they using during that floor segment?",214,16,0.0,0.0,0,0,16,0.5,0.0,0.0,0.0,0.0,1,1
"After the diver lands cleanly and the camera shows bored spectators by the pool, what exact caption appears on screen?",215,16,0.0,0.0,0,0,16,0.5,0.0,0.0,0.0,0.0,1,1
"Before the person irons the white shirt, what small rectangular item does she place on the fabric?",216,16,0.0,0.0,0,0,16,0.5,0.0,0.0,0.0,0.0,1,1
"During the intense rapid sequence when the kayaker switches to a yellow-black paddle, which brand name is visible on that paddle?",237,16,0.0,0.0,0,0,16,0.5,0.0,0.0,0.0,0.0,1,1
