question,step,k,acc_mean,acc_std,n_full,n_partial,n_wrong,score_mean,score_var,score_std,iou_mean,iou_max,zero_acc_var,zero_score_var
"Immediately after the black-screen titles introduce Ibiza Hair at Whittemore Salon, which ornate object reflecting a woman appears before the video cuts to the busy salon scene?",128,16,1.0,0.0,16,0,0,1.9849,0.1074,0.3277,0.4849,0.9375,1,0
"After the screen shows the words ""Planet Maurie’s first Knitting class"" over the close-up of yarn, what location-identifying phrase does that on-screen text change to before any people appear?",11,16,1.0,0.0,16,0,0,2.0062,0.10575,0.3252,0.5062,1.0,1,0
Which two names that headline the unfolding newspaper at the beginning are later credited as both 'Regisseur' and main actors in the closing credits?,71,16,1.0,0.0,16,0,0,1.9159,0.09948,0.3154,0.4159,0.9952,1,0
"Following his hand-clapping and speech from the podium, which handheld object does the performer later intensely manipulate to complete a puzzle?",76,16,1.0,0.0,16,0,0,1.857,0.09812,0.3132,0.3882,0.8557,1,0
Which brand’s logo is visible on the cap worn by both the man inside the aircraft early on and the man playing harmonica by the sunset water at the end?,85,16,1.0,0.0,16,0,0,2.0094,0.09392,0.3065,0.5094,0.9373,1,0
Which shaving soap brand appears both in the vintage advertisement at the start and later in the jar the presenter holds up for viewers to examine?,69,16,1.0,0.0,16,0,0,1.9367,0.08734,0.2955,0.4367,0.9661,1,0
Which form of ground transportation appears after the red-shirted man runs while flying his kite but before birds are shown soaring in the cloudy sky?,96,16,1.0,0.0,16,0,0,1.8409,0.07837,0.2799,0.3409,0.8333,1,0
Which striking object comes into view after the camera leaves the well-lit coral reef and descends into the darker depths?,26,16,1.0,0.0,16,0,0,1.861,0.07776,0.2789,0.361,0.8062,1,0
"After completing the green-screen warm-up and isolation exercises, the dancer performs her later belly dance routines against what solid backdrop color?",83,16,1.0,0.0,16,0,0,2.007,0.07638,0.2764,0.507,0.9469,1,0
"When the video describes gearing outside english, what percentage of the distance to the line-of-centers is specified for the lip (or tip) offset?",25,16,1.0,0.0,16,0,0,1.7794,0.0748,0.2735,0.2794,0.726,1,0
"After the leftover biscuits are blended into crumbs, which ingredient is grated and then added to the food processor before everything is combined?",20,16,1.0,0.0,16,0,0,1.9122,0.07445,0.2729,0.4122,0.8447,1,0
"Which instrument, played together by a man and woman at the start of the video, is later spotlighted in a solo by a performer wearing an orange shirt?",16,16,1.0,0.0,16,0,0,1.9453,0.07301,0.2702,0.4453,0.835,1,0
"After the cook sprinkles pink Himalayan salt over the massaged kale, which vegetable does she begin slicing on the cutting board?",83,16,1.0,0.0,16,0,0,1.8578,0.07242,0.2691,0.3578,0.8182,1,0
"Before roof debris is later chuted into a dump truck, what color is the van parked near the house at the start of the project?",37,16,1.0,0.0,16,0,0,2.0227,0.0694,0.2634,0.5227,1.0,1,0
Which decorative spice stick is present both inside the drinks shown in the opening tray shot and later lying on the tray beside the finished sugar-rimmed cocktails?,44,16,1.0,0.0,16,0,0,2.0342,0.06919,0.263,0.5342,0.9584,1,0
"What production company name appears alongside a stylized purple eye before the dark screen later displays the phrase ""the Dark Island""?",126,16,1.0,0.0,16,0,0,2.1964,0.06886,0.2624,0.6964,1.0,1,0
"After the injured Bahamian competitor is carried off on a stretcher, which athlete is next shown celebrating with an American flag and his shoes held aloft?",69,16,1.0,0.0,16,0,0,1.8165,0.06879,0.2623,0.3165,0.875,1,0
"Between the two on-screen rapid names shown, which rapid—“Piece of Cake” or “The Narrows”—is announced first in the video?",21,16,1.0,0.0,16,0,0,2.07,0.06852,0.2618,0.57,0.9839,1,0
What instrument does the woman keep playing both when she sits on the checkered bed early in the video and later when she performs on the pillow-covered couch?,77,16,1.0,0.0,16,0,0,2.2092,0.06606,0.257,0.7092,0.9977,1,0
"After the unlock button on the elliptical’s safety lock is pressed, what feature begins changing automatically while the person pedals?",114,16,1.0,0.0,16,0,0,1.7135,0.06369,0.2524,0.2135,0.8333,1,0
"After the video opens with the Nordic Ski Source logo, which brand name is displayed on the apron worn by the man demonstrating ski maintenance?",57,16,1.0,0.0,16,0,0,1.9229,0.06269,0.2504,0.4229,0.7917,1,0
"After the riders leave the lush forest, what type of landscape do they enter, and what sparse vegetation is seen lining their dirt path?",112,16,1.0,0.0,16,0,0,1.7653,0.06239,0.2498,0.2653,0.8259,1,0
"After the contact-lens case is filled with fresh solution, into which eye does the woman demonstrate inserting the first lens?",35,16,1.0,0.0,16,0,0,1.881,0.06234,0.2497,0.381,0.9,1,0
Which animal’s head is shown first as a large white silhouette against blue and later as the small logo on the maroon LMU shirts worn during the poolside interviews?,23,16,1.0,0.0,16,0,0,1.9439,0.06177,0.2485,0.4439,0.93,1,0
What emblem is visible on the back of the red-and-white singlet worn by the athlete who first bends over before a shot-put attempt and later spins to release a weight indoors?,54,16,1.0,0.0,16,0,0,1.904,0.05963,0.2442,0.404,0.7966,1,0
What specific flower appears both in the initial showcased paintings and in the later detailed oil painting to which the artist applies finishing brushstrokes?,106,16,1.0,0.0,16,0,0,2.0112,0.05826,0.2414,0.5112,0.8999,1,0
"What fitness application name is revealed on the mounted iPad when the camera zooms into the treadmill display and is later referenced while it automatically alters incline and resistance across the woman’s treadmill, bike, and elliptical workouts?",70,16,1.0,0.0,16,0,0,2.0592,0.05742,0.2396,0.5592,0.8958,1,0
"After the instructional text that tells viewers to water young trees twice a week and slowly, what object is shown hanging and gently swaying between two mature trees?",34,16,1.0,0.0,16,0,0,1.7215,0.05712,0.239,0.2215,0.6667,1,0
"Which battery type, first associated with an estimated 50-minute run time during the hedge-trimmer close-ups, is later described as having no self-discharge?",100,16,1.0,0.0,16,0,0,2.1093,0.05586,0.2364,0.6093,0.9227,1,0
"Right before the close-up of the black dog in an orange life jacket sitting at the front of the boat, what two-word name identifying the loch briefly appears on the screen?",91,16,1.0,0.0,16,0,0,1.8756,0.05555,0.2357,0.4069,0.9333,1,0
"Across the scenes that start with wakeboarding and end with a water skier raising one arm, what colored tow rope continually connects the riders to the unseen boat?",35,16,1.0,0.0,16,0,0,2.2034,0.05493,0.2344,0.7034,0.9479,1,0
"Following the earlier segments where the group performs karate techniques, hula-hoop exercises, and agility runs around orange cones, which sport are the children practicing when they appear wearing protective gear and engaging in paired bouts?",79,16,1.0,0.0,16,0,0,1.9634,0.05187,0.2278,0.4634,0.806,1,0
"Which event occurs earlier in the video: the man in the green shirt bending to adjust the Christmas-tree stand, or the child, lifted by an adult, placing a star on the tree top?",66,16,1.0,0.0,16,0,0,1.7744,0.05166,0.2273,0.3057,0.7312,1,0
Which beverage company’s branding is visible both on the tent behind the man speaking at the start and on banners around the beach volleyball court later in the video?,29,16,1.0,0.0,16,0,0,1.8541,0.05137,0.2266,0.3541,0.85,1,0
"Following the Go Swim logo and the word “PRESENTS,” which two swimming strokes are explicitly named in the subsequent instructional segment?",22,16,1.0,0.0,16,0,0,1.8934,0.04943,0.2223,0.3934,0.9,1,0
Both the opening blue title card and the instructional slide shown after the athlete’s triple-jump highlight which specific phase of the triple jump?,1,16,1.0,0.0,16,0,0,1.8782,0.04938,0.2222,0.3782,0.7778,1,0
"Which dance style, first shown in black text on a plain green background before the studio scenes, is later performed by the women led by the dancer in a green skirt?",58,16,1.0,0.0,16,0,0,1.9943,0.04879,0.2209,0.4943,1.0,1,0
"After the swirling particles finish forming the Point Barbaros Hotel logo, what organized fitness activity is later shown taking place on the rooftop of the Point building?",132,16,1.0,0.0,16,0,0,2.0978,0.04749,0.2179,0.5978,0.9211,1,0
"What three-word slogan appears on the poster that the hands carefully smooth out after the earlier scenes of measuring, organizing, and marking surfaces?",92,16,1.0,0.0,16,0,0,1.8323,0.04703,0.2169,0.3323,0.6796,1,0
"When the live-action field hockey footage pauses for black screens introducing Mary Claire Ecclesine, which jersey number is displayed for her Blue & White varsity role?",116,16,1.0,0.0,16,0,0,1.806,0.04669,0.2161,0.306,0.95,1,0
Which board game's box that a hand adjusts on the shelf beneath the Sony TV early on is later used for stacking its wooden blocks into a tower on the coffee table?,6,16,1.0,0.0,16,0,0,1.8853,0.0449,0.2119,0.3853,0.8911,1,0
Which Hungarian athlete has his 77.35-meter hammer throw distance shown and then appears executing a discus throw in the subsequent scene?,131,16,1.0,0.0,16,0,0,1.9314,0.04478,0.2116,0.4314,0.7647,1,0
"Which AQHA gelding, first pictured beside a wooden fence outdoors and later trotting before spectators inside the arena, is offered for $3000?",127,16,1.0,0.0,16,0,0,1.8709,0.04132,0.2033,0.3709,0.7,1,0
"After the safety boat driver gestures from inside the cabin, what word can be seen printed on the side of the large container ship that passes by?",69,16,1.0,0.0,16,0,0,1.8616,0.03678,0.1918,0.3616,0.7483,1,0
"Which athlete is later named Under-18 winner with a 12.17-meter throw, following the earlier celebration of Lukas Bieber’s Under-16 discus triumph?",96,16,1.0,0.0,16,0,0,1.745,0.0365,0.1911,0.245,0.6417,1,0
"Prior to the press-conference scenes displaying sponsor logos like Audi and OTP Bank, which website domain briefly appears during the opening abstract animation?",72,16,1.0,0.0,16,0,0,2.1002,0.03631,0.1906,0.6002,1.0,1,0
What Halloween-themed object do divers handle underwater—allowing even a small shark to swim through it—before it is later shown topside crowned as the event’s best creation?,129,16,1.0,0.0,16,0,0,2.0728,0.03484,0.1867,0.5728,0.823,1,0
Across all the dives shown—from Jared’s opening jump to the elderly man’s somersaults and the later springboard routines—what color are the swim trunks worn by every main diver?,100,16,1.0,0.0,16,0,0,2.3225,0.03451,0.1858,0.8225,0.989,1,0
"Which primer brand that appears among the neatly arranged painting supplies is later opened, stirred, and brushed onto a wooden frame by the women?",90,16,1.0,0.0,16,0,0,1.8622,0.03342,0.1828,0.3622,0.8286,1,0
"After the leather saddle engraved with ""8 TIMES WORLD CHAMPION"" is shown, who is later interviewed in the arena and identified on-screen as the 1985 World Champion Calf Roper?",9,16,1.0,0.0,16,0,0,1.8164,0.03333,0.1826,0.3164,0.6365,1,0
What humorous line of text appears on the black screen before the scene cuts to the man on the tennis court preparing to serve?,64,16,1.0,0.0,16,0,0,2.0798,0.03306,0.1818,0.5798,1.0,1,0
"What sport takes center stage in the video after the abstract shapes, cello performance, and red-gloved hand scenes conclude?",37,16,1.0,0.0,16,0,0,1.6987,0.03202,0.179,0.1987,0.6,1,0
"After the conga performance introduced by the screen reading “Mambo Section of the Song,” what two-word section title appears on the next black screen before the drummer begins playing again?",66,16,1.0,0.0,16,0,0,1.6619,0.03184,0.1784,0.1619,0.5594,1,0
Which animal-powered vehicle appears on the snowy slope immediately after the snowboarder lands from a multi-spin aerial jump?,88,16,1.0,0.0,16,0,0,1.6375,0.03124,0.1767,0.1375,0.5625,1,0
"Following the moment when the baby is guided down the blue slide and safely caught, what playground equipment does the baby use immediately afterward?",39,16,1.0,0.0,16,0,0,1.6869,0.02962,0.1721,0.1869,0.6452,1,0
"What color is the helmet worn by the climber who repeatedly instructs the group, points out routes, and demonstrates equipment during the preparation scenes?",129,16,1.0,0.0,16,0,0,1.6889,0.02936,0.1713,0.1889,0.5008,1,0
Which bicycle brand does the instructor first attach a pedal to and later brush the chain and gears of during the demonstration?,7,16,1.0,0.0,16,0,0,1.8117,0.02578,0.1606,0.3117,0.566,1,0
"After the screen shows 'So let's pick up the pace!', which exact phrase appears when the tempo increases even more during the subsequent drumming segment?",56,16,1.0,0.0,16,0,0,1.6268,0.02556,0.1599,0.1268,0.4333,1,0
"After the person finishes unfolding and laying the white fitted sheet flat, what tool do they employ in the next scene to smooth the fabric?",98,16,1.0,0.0,16,0,0,1.6679,0.02538,0.1593,0.1679,0.6433,1,0
"Across the pliers procedure, the desk conversation, and the surprised reaction, what pop-culture franchise name is printed on the black T-shirt worn by the seated person?",97,16,1.0,0.0,16,0,0,1.935,0.02468,0.1571,0.435,0.7053,1,0
Which German skier appears immediately after Marie Bochet’s 1:53.6 slalom run and ends her own descent with a dramatic dive across the finish line?,71,16,1.0,0.0,16,0,0,1.8043,0.02371,0.154,0.3043,0.5301,1,0
"After the fencing demonstration featuring two geared participants, which competitive activity do the group members resume playing?",93,16,1.0,0.0,16,0,0,1.6627,0.02166,0.1472,0.1627,0.4377,1,0
"When the white container labeled ""1.5 kg Sponge Cake"" is tipped to pour its contents, what lesser weight is shown to specify the actual amount of cake mix entering the metallic bowl?",128,16,1.0,0.0,16,0,0,2.1918,0.02088,0.1445,0.6918,0.927,1,0
"What green vehicle, seen earlier cutting grass under different operators, is finally driven into the garage after the man finishes lining a trash can with a bag?",115,16,1.0,0.0,16,0,0,1.6759,0.01966,0.1402,0.1759,0.5348,1,0
"Immediately after the presenter finishes his seated workbench introduction, which machine is displayed against a plain white background?",46,16,1.0,0.0,16,0,0,1.5808,0.01916,0.1384,0.0808,0.4348,1,0
"Which foundational knitting technique, first shown as on-screen text during the static materials display, is later demonstrated when the hands place slip knots and loops onto the needle?",98,16,1.0,0.0,16,0,0,1.9818,0.01885,0.1373,0.4818,0.7204,1,0
"After the razor is fully assembled, which grooming product does the on-screen text tell viewers to apply to their face?",59,16,1.0,0.0,16,0,0,1.6476,0.01724,0.1313,0.1476,0.4167,1,0
"After the handler first secures the horse with a safety knot, which word is displayed on the back of his orange-and-black jacket when he later washes the horse with a hose?",127,16,1.0,0.0,16,0,0,1.6603,0.0148,0.1216,0.1603,0.4554,1,0
"After the calm sunset scenes of the ocean, what sport dominates the beach once people arrive, setting up nets and energetically diving and spiking the ball?",129,16,1.0,0.0,16,0,0,2.2772,0.0139,0.1179,0.7772,0.9529,1,0
"After the child’s toy-camera play and a subsequent hand-gesture game, once the adult leaves down the hallway, what animal approaches the pajama-clad child?",122,16,1.0,0.0,16,0,0,1.6996,0.01324,0.115,0.1996,0.372,1,0
"During the tutorial that opens from complete darkness to the instructor, what educational object displaying musical notations and numbers remains behind him while he demonstrates various harmonica techniques?",89,16,1.0,0.0,16,0,0,1.6181,0.01309,0.1144,0.1181,0.2934,1,0
What words appear on the screen during the fade-out that directly follows the solver stopping the timer at 12.12 seconds and displaying the solved Rubik's Cube?,114,16,1.0,0.0,16,0,0,1.5747,0.01075,0.1037,0.0747,0.325,1,0
"Following the 'Lunch Break' logo's fade into the live kitchen segment, which dish do the chef and reporter demonstrate preparing?",130,16,1.0,0.0,16,0,0,1.7096,0.00818,0.0904,0.2096,0.4935,1,0
"While a choir sings behind them, what non-traditional items do the Manchester United players roll down the bowling lanes instead of regular bowling balls?",112,16,1.0,0.0,16,0,0,1.6017,0.00699,0.0836,0.1017,0.3029,1,0
"Following the studio chat featuring football helmets on the table, which object are several people seen holding during the subsequent outdoor interviews?",129,16,1.0,0.0,16,0,0,1.6884,0.00479,0.0692,0.1884,0.4315,1,0
"After the cap-wearing man finishes explaining beside the event poster and moves under the beer-branded canopy, in what strength contest does he repeatedly compete against the man in the white shirt?",81,16,1.0,0.0,16,0,0,1.6592,0.00457,0.0676,0.1592,0.2817,1,0
"After the camera lingers on a water bottle inside a vehicle, what outdoor activity does it show next?",133,16,1.0,0.0,16,0,0,1.5773,0.00338,0.0582,0.0773,0.1571,1,0
The video shows the “C2C” step first in slow motion and later again at twice the speed; under which numbered step is the slow-motion version introduced?,131,16,1.0,0.0,16,0,0,1.6743,0.0024,0.049,0.1743,0.2766,1,0
"Before the person later pours cooking oil into a frying pan, what device do they operate by pressing its home button with their foot while seated on the yoga mat?",2,16,1.0,0.0,16,0,0,1.5109,0.00178,0.0422,0.0109,0.1744,1,0
"After the video opens with two red knitted bows, what black object featuring ear-like pom-poms is later displayed wearing one matching red bow?",108,16,1.0,0.0,16,0,0,1.5068,0.00069,0.0263,0.0068,0.1087,1,0
"After initially browsing the store in her yellow jacket and sunglasses, what discount percentage does the Flash Sale sign display beside the mannequin she later playfully adjusts?",61,16,1.0,0.0,16,0,0,1.5,0.0,0.0,0.0,0.0,1,1
"After the artist finishes blending deeper blue shades around the eagle, which substance is spread over the dried canvas before new oil paint details are added near the bird’s eye?",26,16,0.9688,0.121,15,1,0,1.8825,0.12627,0.3553,0.4138,0.8584,0,0
"After the caption noting Keith Moon sang backing vocals on “All You Need Is Love,” what subsequent fact about his collaboration with John Lennon does the video show?",66,16,0.9688,0.121,15,1,0,1.7673,0.11056,0.3325,0.2986,0.9091,0,0
Which two team names are displayed as opponents on the scoreboards during the sweeping-and-sliding curling action inside the rink?,77,16,0.9688,0.121,15,1,0,1.859,0.0874,0.2956,0.4215,0.8128,0,0
"Which individual, introduced as the senior captain, is interviewed first amid the gym’s fencing bustle and later while seated indoors wearing a gray “NYU Athletics” shirt?",52,16,0.9688,0.121,15,1,0,1.8175,0.07803,0.2793,0.3488,0.8303,0,0
"During the cleaning demonstrations by both the woman on the window panes and the man on the windowsill, what color is the cloth they each use to wipe the surfaces?",19,16,0.9688,0.121,15,1,0,2.0633,0.06857,0.2619,0.5945,0.9808,0,0
What distinctive symbol is visible on the man’s headwear when he looks into the camera in the picture-lined hallway and later appears in close-up just before beginning his BMX run at Tony Hawk’s ramp?,42,16,0.9688,0.121,15,1,0,2.0091,0.06338,0.2518,0.5403,0.9202,0,0
"Throughout the different slackline and acrobatic sequences inside the abandoned factory, what object placed on the floor do the performers consistently land on for safety after their flips and jumps?",110,16,0.9688,0.121,15,1,0,1.9807,0.06246,0.2499,0.512,0.8485,0,0
"While a dog plays with a bottle beside a wooden structure, what activity is the person shown elsewhere in the forest performing?",109,16,0.9688,0.121,15,1,0,1.6244,0.05775,0.2403,0.1557,0.616,0,0
What machine does the worker use first to compact the “sub base MOT type 1” layer and later to compact the sand before mixing cement?,130,16,0.9688,0.121,15,1,0,2.0414,0.05755,0.2399,0.5727,0.9241,0,0
"After the red liquid spill turns the white sneaker pink, which brand’s logo is visible on the cleaned shoe displayed beside the cleaning tools and the “24 HRS DRYTIME” clock?",68,16,0.9688,0.121,15,1,0,1.5359,0.05352,0.2313,0.0984,0.3575,0,0
"What phrase is shown in the text overlays that appear after the tranquil, empty beach scene and before the first-person footage of hands adjusting the windsurfing rig?",131,16,0.9688,0.121,15,1,0,1.8383,0.05162,0.2272,0.3695,1.0,0,0
"After the segment where the woman, wearing an orange top, detangles her curly hair with a wide-toothed comb, which tool does she subsequently use to dry her high ponytail?",106,16,0.9688,0.121,15,1,0,1.811,0.05087,0.2256,0.3422,0.7333,0,0
Which two distinct places does the woman interact with the dog—first while seated and later while demonstrating walking—and what item does she hold in both situations?,36,16,0.9688,0.121,15,1,0,1.9418,0.04926,0.2219,0.4731,0.7924,0,0
"After the stylized “Texas Video Tape” logo finishes displaying, what nighttime recreational activity at Angel Fire, New Mexico does the video show next?",62,16,0.9688,0.121,15,1,0,1.6224,0.03767,0.1941,0.1536,0.4783,0,0
"During the haircut where a stylist in a white sleeveless top works while an observer stands beside her, what pattern is shown on the client’s pink cape?",120,16,0.9688,0.121,15,1,0,1.6383,0.03438,0.1854,0.1695,0.329,0,0
"After the wedding dress passes its initial post-wash inspection, what fabric-care process do two women later carry out together to remove its wrinkles?",132,16,0.9688,0.121,15,1,0,1.9391,0.03031,0.1741,0.4703,0.6432,0,0
The striped safety mats visible during both the indoor parkour routines and the subsequent slackline competition share which two dominant colors?,4,16,0.9688,0.121,15,1,0,1.6592,0.03021,0.1738,0.1905,0.4247,0,0
"Across the entire tutorial, from the opening introduction to the final nighttime reveal of the glowing pumpkin, what distinctive accessory does the woman continually wear in her hair?",122,16,0.9688,0.121,15,1,0,2.3756,0.02818,0.1679,0.9069,0.9982,0,0
"After the young man pedals with the helmeted child on a bicycle at the beginning, which activity does the same child later attempt on the street while being coached by an adult?",117,16,0.9688,0.121,15,1,0,2.1367,0.02472,0.1572,0.6679,0.9176,0,0
"What kick technique, identified by the next on-screen caption, is shown immediately after the ""Jump Kick (Slow Motion)"" segment ends?",119,16,0.9688,0.121,15,1,0,1.6363,0.0215,0.1466,0.1676,0.4286,0,0
"Which symbol, first shown as a pink sketch with wings bearing two dates, is later tattooed onto the client’s upper back by the artist?",105,16,0.9688,0.121,15,1,0,2.0764,0.02036,0.1427,0.6077,0.949,0,0
"After the swimmers complete their race and the audience cheers, what synchronized athletic contest involving coordinated dives is shown next?",75,16,0.9688,0.121,15,1,0,1.576,0.01924,0.1387,0.1072,0.3163,0,0
"After completing push-ups on a plain blue mat, what patterned design does the mat feature when the person performs their later leg exercises?",19,16,0.9688,0.121,15,1,0,1.4837,0.01732,0.1316,0.015,0.1562,0,0
"What piece of equipment, standing on a tripod to the performer’s right, shines light on her while she switches between singing and playing the saxophone?",98,16,0.9688,0.121,15,1,0,1.4795,0.01566,0.1252,0.0107,0.0455,0,0
What exact three-word instruction is projected on the bathroom wall while the woman brushes her teeth and later reappears in bold on a black screen at the video’s end?,45,16,0.9375,0.2421,15,0,1,1.8942,0.31019,0.557,0.4879,0.9281,0,0
"After the scenes showing children on the restaurant’s indoor playground, what fruit-shaped piñata becomes the focus of the outdoor game?",25,16,0.9375,0.2421,15,0,1,1.7488,0.27268,0.5222,0.3426,0.8162,0,0
Which academic discipline do both interviewees Sarah Clemens and Brice Lostraczo mention studying?,95,16,0.9375,0.2421,15,0,1,2.0336,0.2697,0.5193,0.6273,1.0,0,0
"After the duet, the camera pans up a snowy neoclassical facade with bold lettering, and later the same building’s columns frame the woman in a white fur coat. What famed theater is this?",11,16,0.9375,0.2421,15,0,1,1.6605,0.25497,0.5049,0.2542,0.7209,0,0
"What type of machine, marked with a 'Super Cash' sticker, is repeatedly shown alone and later approached by a hand holding a brown paper bag in the convenience store scenes?",61,16,0.9375,0.2421,15,0,1,1.9253,0.20601,0.4539,0.4878,0.9692,0,0
"What product, first seen being poured from its bottle into the running sink, does the woman later hold up while talking to the camera?",77,16,0.9375,0.2421,15,0,1,1.8059,0.19276,0.439,0.3684,0.9956,0,0
What bar height appears on a red screen as a 'miss' during one athlete's unsuccessful jump and is later shown with text indicating a made second attempt?,44,16,0.9375,0.2421,15,0,1,1.9758,0.18333,0.4282,0.5383,0.9324,0,0
"Before the hands later mount the posters of “The Great Wave off Kanagawa,” Uncle Sam, and “We Can Do It!”, which poster do they first carefully smooth and tape onto the white wall?",108,16,0.9375,0.2421,15,0,1,1.9902,0.1728,0.4157,0.5527,0.8333,0,0
"After the early gym scenes where the instructor leads in black pants, what color pants does he wear during the later aerobics sessions?",116,16,0.9375,0.2421,15,0,1,1.908,0.16733,0.4091,0.4705,0.7583,0,0
"What landmark tower is first seen behind the red ""RIDE"" sign over the city skyline and later shown glowing red in close-up?",41,16,0.9375,0.2421,15,0,1,1.7853,0.1663,0.4078,0.3478,0.9254,0,0
What word appears on the microphone both during the older man's street interview and later when the formally dressed reporter speaks outside the glass-walled sumo dojo?,94,16,0.9375,0.2421,15,0,1,2.0354,0.16328,0.4041,0.5979,0.9706,0,0
What tool is Casey Lavere shown methodically using to create the fishing hole that the camouflage-clad man later stands beside?,73,16,0.9375,0.2421,15,0,1,1.9795,0.16207,0.4026,0.542,0.85,0,0
"During Step 3 of the disc-catching training, which single-word command does the trainer give after the dog drops the first disc to urge it toward the next throw?",12,16,0.9375,0.2421,15,0,1,1.7262,0.15708,0.3963,0.2887,0.9091,0,0
"After the dodgeball game that concludes with the announcement “WKU wins 8-0,” the player interviewed afterward represents which team?",89,16,0.9375,0.2421,15,0,1,1.857,0.15708,0.3963,0.4195,0.8083,0,0
Which two ingredients must be soaked together in water for half an hour before their thick juice is extracted for the sweet chaat?,67,16,0.9375,0.2421,15,0,1,1.6812,0.15425,0.3927,0.2437,0.6452,0,0
"During the repeated bathroom demonstrations that follow the initial purple-wall introduction, what color is the liquid soap bottle the person uses between wetting and scrubbing their hands?",31,16,0.9375,0.2421,15,0,1,1.8402,0.15301,0.3912,0.4027,0.8834,0,0
Which object is shown in the opening New Year’s Giveaway graphic and later sits beside the man as he speaks on the couch?,31,16,0.9375,0.2421,15,0,1,1.89,0.14602,0.3821,0.4525,0.9429,0,0
Which piece of fitness equipment is first analyzed via performance graphs on a laptop and subsequently ridden by a man in a bright orange floral shirt while a colleague checks a tablet?,117,16,0.9375,0.2421,15,0,1,1.9508,0.14483,0.3806,0.5133,0.8613,0,0
What color is the handheld mirror the woman consults while applying white cream to her face after earlier testing the St. Ives tube on her hand?,111,16,0.9375,0.2421,15,0,1,1.7922,0.14432,0.3799,0.3547,0.7487,0,0
"After the outdoor monument scene where a lone figure raises a long staff toward the sky, which sport is shown being played on the grassy field next?",58,16,0.9375,0.2421,15,0,1,1.8058,0.14379,0.3792,0.3683,1.0,0,0
Which brand is shown both on the sign held by spectators behind the hedge and on the banners or tents beside the beach volleyball court later in the video?,53,16,0.9375,0.2421,15,0,1,1.772,0.14357,0.3789,0.3345,0.7376,0,0
"After noting the 19.08 mm micrometer reading, what objects does the person place on each side of the brake disc before measuring again with the slide caliper?",57,16,0.9375,0.2421,15,0,1,1.7452,0.14109,0.3756,0.3077,0.6584,0,0
"After Sarin's initial studio introduction of the EX-79 elliptical, which certification logo is later shown during the slide-based special-features section?",55,16,0.9375,0.2421,15,0,1,1.7058,0.13824,0.3718,0.2683,0.7522,0,0
Which logo first emerges from the abstract concentric-circle animation and later appears on the presenter’s computer screen during his desk talk?,66,16,0.9375,0.2421,15,0,1,1.7337,0.13757,0.3709,0.2962,0.6575,0,0
"After the boy in a red cap and blue number-7 jersey silently watches the lacrosse action from outside the fenced field, what ambition is revealed in the following text frames?",25,16,0.9375,0.2421,15,0,1,1.8104,0.13749,0.3708,0.3729,0.8,0,0
"What common prop first glows under red-purple lighting in an early dim scene, resurfaces spinning in a split-screen with bikini-clad performers, and is finally manipulated in multiples by a numbered woman kneeling onstage near the end?",124,16,0.9375,0.2421,15,0,1,2.1758,0.13682,0.3699,0.7695,0.8962,0,0
What kind of animal gently nudges the sleeping athlete in bed before he later appears practicing slacklining outdoors?,63,16,0.9375,0.2421,15,0,1,1.8341,0.13126,0.3623,0.3966,0.8773,0,0
"After the red glowing line completes revealing the metallic word ""MITO,"" what slogan is displayed alongside the MITOX brand logo in the following segment of the video?",85,16,0.9375,0.2421,15,0,1,1.791,0.13079,0.3616,0.3535,0.6522,0,0
Which cowboy is the first to rope and tie a calf once the video shifts from the fan-membership promotion to live arena action?,5,16,0.9375,0.2421,15,0,1,1.6658,0.1297,0.3601,0.2283,0.8235,0,0
"After the text announcing ""Laura's Birthday Beach Volleyball"" appears at the start, which type of trees does the camera reveal lining the horizon as it pans across the beach?",94,16,0.9375,0.2421,15,0,1,1.8477,0.12932,0.3596,0.4102,0.8,0,0
"What is the small ball, first examined by a woman, later shown alone on grass, and balanced on a hurley by the man in sunglasses called?",99,16,0.9375,0.2421,15,0,1,1.7858,0.12871,0.3588,0.3483,0.6957,0,0
"After the metal tool is slid across the shingles during inspection, what subsequently interacts directly with the roof to lift and point out damaged areas?",100,16,0.9375,0.2421,15,0,1,1.8549,0.12856,0.3585,0.4174,0.8175,0,0
"While the woman climbs and her partner below manages the safety rope, which recreational structure stands visible in the background, indicating a family-friendly setting?",19,16,0.9375,0.2421,15,0,1,1.7906,0.12748,0.357,0.3531,1.0,0,0
"After the opening pole-vault sequence, which particular athletic implement becomes the main focus of the ensuing outdoor discussions and demonstrations?",32,16,0.9375,0.2421,15,0,1,1.8464,0.12591,0.3548,0.4089,0.7497,0,0
What color is the bicycle that the rider uses both when jumping the suburban dirt mound and later balancing along the beachside concrete ledge?,62,16,0.9375,0.2421,15,0,1,1.9545,0.12494,0.3535,0.517,0.8814,0,0
Which state's name is displayed on banners in both the initial high-platform dive scene and the later one-meter springboard competition sequence?,86,16,0.9375,0.2421,15,0,1,2.0652,0.12346,0.3514,0.6277,0.9518,0,0
"During the indoor arena sequence where blue-uniformed drummers march into a precise formation, which country's flags do the accompanying bearers wave in sync?",14,16,0.9375,0.2421,15,0,1,1.6115,0.12314,0.3509,0.174,0.6233,0,0
Which ballet company name is visible both on the handwritten label affixed to the pole and on the truck parked nearby while costumes are being moved?,53,16,0.9375,0.2421,15,0,1,1.598,0.12027,0.3468,0.1605,0.6364,0,0
Which of the two black-screen phrases—'She's Like the Wind' or 'Break It Down Now'—appears first in the video?,55,16,0.9375,0.2421,15,0,1,1.8624,0.11796,0.3435,0.4249,0.9098,0,0
"After the operator finishes adjusting the dial so the screen displays his selected value, what task does he later perform on the metal lying on the floor?",131,16,0.9375,0.2421,15,0,1,1.7618,0.11723,0.3424,0.3243,0.5405,0,0
"After the woman pours distilled water from the large jug into the ""All Purpose Spray"" bottle, what household task does she later perform with the white shirt?",113,16,0.9375,0.2421,15,0,1,1.8278,0.11688,0.3419,0.3903,0.8828,0,0
Which brand name is visible both on the cardboard shipping box that Tania presents and later alongside the logo shown during the cyclist’s split-screen stunt sequence?,70,16,0.9375,0.2421,15,0,1,1.6851,0.11634,0.3411,0.2476,0.8333,0,0
"After the video transitions from singles to doubles play, which brand's advertisement is visible on a banner beside the net during the doubles rally?",1,16,0.9375,0.2421,15,0,1,1.4557,0.11526,0.3395,0.0494,0.791,0,0
"After one wrestler lifts and throws his opponent out of the ring, what type of performance is shown next inside the arena?",74,16,0.9375,0.2421,15,0,1,1.6326,0.11415,0.3379,0.1951,0.5821,0,0
"After the man coats the gray car with soapy water, what colour is the sponge he then uses to scrub the car and repeatedly rinse in buckets?",33,16,0.9375,0.2421,15,0,1,1.8429,0.11289,0.336,0.4054,0.704,0,0
Which logo is shown on both the studio graphics beside the female news anchor at the start and on the microphone held by the male reporter on the field later in the video?,53,16,0.9375,0.2421,15,0,1,2.1373,0.11192,0.3345,0.6998,0.9691,0,0
"After the hands finish demonstrating the rotating planetary model and the camera slowly scans the Solar System poster, which iconic motivational poster does the same hand carefully smooth onto the wall immediately afterward?",86,16,0.9375,0.2421,15,0,1,1.5625,0.10854,0.3294,0.125,0.6375,0,0
"When the performer first kneels on the tiled floor and later balances on their side with one leg raised, what color stripes appear on the sleeves of their black tracksuit?",117,16,0.9375,0.2421,15,0,1,1.9766,0.10729,0.3275,0.5391,0.9306,0,0
Among the patriotic posters shown—the 'We Can Do It!' design on the table and the 'I Want You for U.S. Army' design—which one is ultimately taped and smoothed flat against the plain white wall?,50,16,0.9375,0.2421,15,0,1,1.8518,0.10523,0.3244,0.4143,0.7217,0,0
"Which swimming maneuver is first labeled an essential safety skill and later shown with on-screen cues to ""push with your hand, turn your head, twist your shoulders""?",21,16,0.9375,0.2421,15,0,1,2.0135,0.10466,0.3235,0.576,0.9802,0,0
"Who is identified as President during the early shuffleboard scenes at Volcano's Sports Bar & Grill, before the later celebrations of Norwegian champions?",104,16,0.9375,0.2421,15,0,1,1.9407,0.10443,0.3232,0.5032,0.9857,0,0
What color is common to both the horizontal bar the man uses for leg raises early on and the railing he later sits on near the end of the video?,87,16,0.9375,0.2421,15,0,1,2.0094,0.10418,0.3228,0.5719,1.0,0,0
"Which event occurs first in the video: the blue-shirted BMX rider crashing after an attempted jump at the dirt park, or the shirtless biker executing flips off a wooden platform over a lake?",27,16,0.9375,0.2421,15,0,1,1.8992,0.10402,0.3225,0.4617,0.8152,0,0
Which spirit is the first to be measured into the shaker before the bartender later adds peach liqueur and grenadine?,14,16,0.9375,0.2421,15,0,1,2.0128,0.10325,0.3213,0.5753,0.9675,0,0
What device does the individual first place on a chair during setup and later lay beside the mat to display a timer while doing push-ups and planks?,79,16,0.9375,0.2421,15,0,1,1.8581,0.10131,0.3183,0.4206,0.8248,0,0
"After the red boots are removed, leaving only the black boots visible, what object does the person use to apply liquid to the pink cloth before wiping the boot?",71,16,0.9375,0.2421,15,0,1,1.5316,0.10029,0.3167,0.0941,0.5556,0,0
"Prior to the scenes where the man holds a baby while getting his own hair cut with scissors, which powered tool do the barbers use to trim the toddlers’ hair?",99,16,0.9375,0.2421,15,0,1,2.057,0.09963,0.3156,0.6195,0.9756,0,0
"After the kitesurfing segment ends and before windsurfing resumes later, what watercraft is the athlete shown using?",111,16,0.9375,0.2421,15,0,1,1.601,0.09549,0.309,0.1635,0.5433,0,0
What specific career ambition of Iqra is highlighted both by the onscreen captions during her practice scenes and by the reporter in the closing field report?,99,16,0.9375,0.1654,14,2,0,1.8797,0.09541,0.3089,0.4422,0.982,0,0
"After the individual meticulously follows a hand-drawn diagram to lay yellow tape patterns on the pedestrian bridge floor, what activity do later pedestrians perform on those markings?",100,16,0.9375,0.2421,15,0,1,1.9931,0.09296,0.3049,0.5556,0.9275,0,0
"The video features skateboarding inside a blue-and-yellow checkered tunnel, then inside a colorful cylindrical water slide, and later on a snowy half-pipe; in what sequence do these three settings first appear?",102,16,0.9375,0.1654,14,2,0,2.1006,0.0929,0.3048,0.6631,0.9872,0,0
"By how many kilograms does the onscreen-indicated barbell weight increase from the first snatch attempt to the later one labeled ""Snatch 2""?",91,16,0.9375,0.2421,15,0,1,2.0412,0.08988,0.2998,0.6037,0.8679,0,0
"After finishing her playful desk interaction in the dim room while wearing a green shirt, what personal-care activity does the woman demonstrate when she next appears in a yellow T-shirt in the bathroom?",10,16,0.9375,0.2421,15,0,1,1.5109,0.08924,0.2987,0.0734,0.4878,0,0
"After the earlier frisbee fetch clips, which phrase appears on the red background just before the dog begins its weave-pole training with the woman?",101,16,0.9375,0.2421,15,0,1,1.584,0.08605,0.2933,0.1465,0.375,0,0
"After the family poses beside the black pickup truck, what color is the stool that both the adult and, later, the young girl sit on while ice fishing?",87,16,0.9375,0.2421,15,0,1,1.778,0.08274,0.2877,0.3405,0.8077,0,0
"Which piece of fitness equipment, ridden by the group during the workout and later shown in a close-up of its rapidly rotating flywheel, is discussed in the interviews?",133,16,0.9375,0.2421,15,0,1,1.8082,0.07999,0.2828,0.3707,0.6122,0,0
"After the initial black-screen text introduces the Istanbul International Friendship Night, which website address is displayed along the bottom of the screen during the subsequent arm-wrestling matches?",64,16,0.9375,0.2421,15,0,1,1.7071,0.07762,0.2786,0.2696,0.5021,0,0
"After the camera shows hands playing a keyboard labeled “AUDIOT,” which instrument does the person who walks to and opens the door subsequently play?",112,16,0.9375,0.2421,15,0,1,1.5232,0.07754,0.2785,0.0857,0.3077,0,0
"During both the kneeling glute-kickback on the garden patio and the later driveway leg-extension routine, what piece of equipment does the exerciser loop around her feet or ankles to create tension?",81,16,0.9375,0.2421,15,0,1,1.9312,0.07307,0.2703,0.4937,0.8377,0,0
Which action takes place first in the tutorial: the person turning the jeans inside out on the porch or pouring Woolite detergent into the bucket of warm water?,124,16,0.9375,0.2421,15,0,1,2.0608,0.07238,0.269,0.6233,0.7775,0,0
"Following the fifth shot-put attempt that measured 54 feet 5 inches, what distance is displayed for the athlete’s final celebratory throw?",75,16,0.9375,0.2421,15,0,1,1.8367,0.07195,0.2682,0.3992,0.6327,0,0
"After the man finishes carefully peeling a piece of fruit on the couch, which specific pet-related procedure does he resume with the cats?",75,16,0.9375,0.2421,15,0,1,1.6273,0.07159,0.2676,0.1898,0.492,0,0
"After Natasha Fairweather speaks outside the glass-fronted building, what specific exercise activity does she guide when the scene moves indoors?",128,16,0.9375,0.2421,15,0,1,1.6504,0.06638,0.2576,0.2129,0.5464,0,0
"Although the small dog is initially guided into a red canoe at the water’s edge, what color canoe does it later ride in while the group paddles on the river?",125,16,0.9375,0.2421,15,0,1,1.6439,0.0617,0.2484,0.2064,0.4583,0,0
Which tool named in the initial materials list is later dipped into black polish to add small inner dots to the blue nails with white polka dots?,3,16,0.9375,0.2421,15,0,1,1.6256,0.06131,0.2476,0.1881,0.4,0,0
"When the blue-gloved shopper later selects mangoes from the crates, the earlier signs above the same display indicate that these mangoes are from which country?",67,16,0.9375,0.2421,15,0,1,1.5638,0.0613,0.2476,0.1263,0.2352,0,0
"After the man finishes cutting the tree stump, what machine takes over and splits the logs by pushing them against a blade?",33,16,0.9375,0.2421,15,0,1,1.6534,0.06129,0.2476,0.2159,0.5,0,0
What color are the vertical lights that frame the backdrop when the man in a purple shirt addresses the camera and then demonstrates his card trick at the blackjack table?,42,16,0.9375,0.2421,15,0,1,1.4464,0.06091,0.2468,0.0089,0.1429,0,0
"After the person finishes lacing their beige sneakers in the closet, what type of trees does the camera later show lining the outdoor walkway?",115,16,0.9375,0.2421,15,0,1,1.4397,0.05895,0.2428,0.0022,0.0357,0,0
"During the church performance that begins with a guitarist at the podium, a keyboardist in the center, and an upright bass player beside the congas, which instrument is introduced when the fourth musician joins from the right?",63,16,0.9375,0.2421,15,0,1,1.4375,0.05859,0.2421,0.0,0.0,0,0
What color is the handle of the hoe the gardener wields while clearing weeds from the patch of soil covered with white wildflowers beneath the partly dried-leafed tree?,115,16,0.9375,0.2421,15,0,1,1.4375,0.05859,0.2421,0.0,0.0,0,0
Which four harmful elements are marked with red crosses beside the Premium Electronic Cigarette in the comparison charts shown during the advertisement?,62,16,0.9375,0.1654,14,2,0,1.5607,0.05776,0.2403,0.1232,0.4079,0,0
"After the fast-paced rallies on the sandy court, when Assistant Sand Volleyball Coach Jason Borchin speaks to the camera beside the court, what is resting atop his head?",130,16,0.9375,0.2421,15,0,1,1.7462,0.05743,0.2396,0.3087,0.5556,0,0
"After the video scans rows of hanging candy bags and boxed chocolate bars, what type of items does it later showcase neatly organized in woven baskets?",114,16,0.9375,0.1654,14,2,0,1.6573,0.0567,0.2381,0.2198,0.7915,0,0
"Which everyday item is repeatedly used in the video to whiten teeth, polish black shoes, and remove pen ink drawings from a child's hand?",113,16,0.9375,0.1654,14,2,0,2.2068,0.05652,0.2377,0.7693,0.9892,0,0
"After the shopper first browses jackets and tops outside the store window, which specific type of footwear becomes the central item they repeatedly compare on their smartphone with the items displayed on the marble countertop inside the store?",89,16,0.9375,0.1654,14,2,0,1.7644,0.0548,0.2341,0.3269,0.5983,0,0
Which tool does the person use to sweep the scattered debris into a pile in the fitness room before the later vacuuming in the living room?,129,16,0.9375,0.2421,15,0,1,1.6398,0.05411,0.2326,0.2023,0.5625,0,0
"In the video, two distinct gold-colored bottles are highlighted—Martell cognac and Martini Gold. When the bartender finishes pouring and adds a straw to the iced drink, which brand’s bottle is he using?",29,16,0.9375,0.2421,15,0,1,1.5102,0.03949,0.1987,0.0727,0.2941,0,0
"After the static “Student VS. Teacher” sign appears, what competition do the student and teacher engage in inside the cafeteria?",61,16,0.9375,0.2421,15,0,1,1.5213,0.03584,0.1893,0.0838,0.3167,0,0
"After the demonstrator grips a black discus and performs leg warm-up movements inside the marked circle, which limb does later instructional text say should lead the throwing arm to generate power?",88,16,0.9375,0.2421,15,0,1,1.6323,0.03122,0.1767,0.1948,0.5929,0,0
"Across the entire progression from the initial ear cleaning through the subsequent ear piercing, which distinctive pattern consistently appears on the cloth or garment in contact with the woman being treated?",124,16,0.9375,0.1654,14,2,0,2.0875,0.01685,0.1298,0.65,0.8879,0,0
What type and color of vehicle appears during the group’s ride to the river and later sits parked on the grassy hillside overlooking the water?,55,16,0.9062,0.2633,14,1,1,1.7966,0.20494,0.4527,0.3903,0.8633,0,0
What distinctive logo that glows at the very beginning is shown again during the later animation highlighting the surfboard’s design?,18,16,0.9062,0.2633,14,1,1,1.7173,0.16692,0.4086,0.311,0.8547,0,0
"After the artist finishes shading the brown teardrop-shaped form, which object becomes the central subject of the ensuing watercolor demonstrations?",99,16,0.9062,0.2633,14,1,1,1.9236,0.13786,0.3713,0.5174,0.9337,0,0
"After the hand finishes adding a blue signature to the large green canvas, what image does the man reveal when he lifts and turns the canvas?",83,16,0.9062,0.2633,14,1,1,1.6834,0.13301,0.3647,0.2771,0.7,0,0
"Between the moment a woman laughs while seated on a riverside fence and the later view of a bucket elevator pouring material, what color is the crane seen tipped over into the water?",102,16,0.9062,0.2633,14,1,1,1.6259,0.13012,0.3607,0.2509,0.625,0,0
"After the stylist gathers the finished braids into a bun, what shimmering substance does she smear along the braids to complete the look?",109,16,0.9062,0.2633,14,1,1,1.9232,0.12182,0.349,0.517,0.9324,0,0
"After the instructor demonstrates how to sit in the inflatable tube, what is shown arranged on green leaves atop the bamboo table?",13,16,0.9062,0.2633,14,1,1,1.6242,0.11457,0.3385,0.218,0.625,0,0
"Which outdoor feature, announced in the opening green title card and later packed with wrestlers, hose-spraying children, and even a dog, becomes the central stage for the ensuing playful scenes?",4,16,0.9062,0.1952,13,3,0,1.965,0.11452,0.3384,0.5588,0.902,0,0
What surface is treated in both the step-by-step numbered spraying sequence and the later split-screen brush-versus-spray comparison?,83,16,0.9062,0.2633,14,1,1,1.5599,0.09108,0.3018,0.1536,0.5,0,0
"During the later split-screen segment with the Good Morning Northwest anchors, where on the screen is the Spokane Fencing Club match displayed?",13,16,0.9062,0.1952,13,3,0,1.5118,0.08796,0.2966,0.1056,0.5951,0,0
"In which two different settings is the sunglasses-wearing man shown performing—first while singing alone into a microphone, and later while playing guitar as the child watches?",127,16,0.9062,0.2633,14,1,1,1.9212,0.08588,0.2931,0.5149,0.7463,0,0
"During the segment where the man plays a Suzuki M-20 Manji C harmonica, which harmonica model does the onscreen text proclaim as groundbreaking for passionate and curious players?",123,16,0.9062,0.2633,14,1,1,1.7094,0.0783,0.2798,0.3031,0.7143,0,0
Which object appears first as a fully decorated centerpiece beneath Santa’s sleigh in the animated snowy scene and then reappears indoors as a plain item awaiting ornaments?,57,16,0.9062,0.2633,14,1,1,1.5965,0.07722,0.2779,0.1903,0.7143,0,0
"When the artist tattoos the client's upper back and later another client's hip, what transparent covering is spread over the padded table or chair beneath each client?",65,16,0.9062,0.2633,14,1,1,1.5835,0.07255,0.2693,0.1773,0.4211,0,0
What objects are parked against the wall in both the opening static pathway shot and the later outdoor view that follows the camera’s pan away from the indoor door?,126,16,0.9062,0.1952,13,3,0,2.1326,0.071,0.2665,0.7264,0.9552,0,0
"Throughout the video, as the yellow fabric steadily grows row by row, what material are the knitting needles made of and on what kind of background surface is the knitting consistently shown?",25,16,0.9062,0.1952,13,3,0,2.1425,0.06647,0.2578,0.7363,0.8906,0,0
"When an assistant with tattoos arrives holding a second can of hairspray during the session, which tool does the main stylist keep using to section the client's hair?",113,16,0.9062,0.1952,13,3,0,1.5462,0.06527,0.2555,0.1399,0.4063,0,0
"After the pathway is cleared with a red snow blower, what tool do the workers later use to remove snow from the outdoor staircase?",132,16,0.9062,0.1952,13,3,0,1.6281,0.06024,0.2454,0.2218,0.48,0,0
"After the fisherman proudly shows the caught fish to the camera in front of the snowy mountains, what does he do with the fish before the scene ends?",48,16,0.9062,0.2633,14,1,1,1.4401,0.04973,0.223,0.0339,0.2519,0,0
"After the block of chocolate has been fully grated into the bowl, which ingredient is the person shown chopping on the wooden board with a knife?",126,16,0.9062,0.1952,13,3,0,1.6043,0.04594,0.2143,0.1981,0.4434,0,0
"After the window is sprayed and wiped spotless earlier, what festive decoration is later meticulously arranged along the same window sill?",123,16,0.9062,0.1952,13,3,0,1.5229,0.0414,0.2035,0.1167,0.3279,0,0
"After completing the Row 1 sequence of “k1, yf, sl1, yo,” what stitch sequence does the on-screen text instruct for the subsequent Row 2?",28,16,0.875,0.3307,14,0,2,1.557,0.32424,0.5694,0.2445,0.6,0,0
What exact wording appears both on the branded crafting kit shown at the start and on the knitting needles used later in the tutorial?,65,16,0.875,0.3307,14,0,2,1.7876,0.29252,0.5408,0.4438,0.9417,0,0
"After the backyard lesson where the woman in scrubs shows a colorful “GERMS” sheet, in which room are two girls later filmed applying her lesson, and what activity are they performing there?",113,16,0.875,0.3307,14,0,2,1.6687,0.28107,0.5302,0.325,0.755,0,0
Which color is the knife handle that appears both beside the untouched chocolate cake at the beginning and later while slicing the finished cakes in the red molds?,36,16,0.875,0.3307,14,0,2,1.892,0.28,0.5291,0.5483,0.9091,0,0
"After the video displays the text ""Traditional Recurve Archery,"" what skill does the following biblical quote say the lad became expert in?",72,16,0.875,0.3307,14,0,2,1.9109,0.2574,0.5073,0.5359,1.0,0,0
"When the person tests the freshly sharpened knife by slicing a sheet of white paper, what pattern is visible on their pants?",115,16,0.875,0.3307,14,0,2,2.022,0.24645,0.4964,0.647,0.9255,0,0
"After thoroughly scraping out the pumpkin’s seeds, what color pencil does the person use to draw guideline shapes on its surface?",9,16,0.875,0.3307,14,0,2,1.6785,0.24427,0.4942,0.3035,0.88,0,0
"Before the solar system poster is later smoothed onto the wall, what exact phrase appears on the first poster the hands tape up on the plain white wall?",51,16,0.875,0.3307,14,0,2,1.7073,0.24289,0.4928,0.3323,0.8042,0,0
"During the child's day, he first brushes his own teeth independently and later laughs as an adult guides the same brush; what color is that toothbrush?",4,16,0.875,0.3307,14,0,2,1.7089,0.24226,0.4922,0.3339,0.8802,0,0
"After the gloved fingers twist gently to break suction and remove the lens, which labeled product is shown being used to fill the lens’s concave surface with viscoelastic solution?",108,16,0.875,0.3307,14,0,2,1.7121,0.23133,0.481,0.3371,0.6567,0,0
Which slogan appears on the red background right after the words “BIG PUSH 2013” and immediately before the video shifts to children gathering around coaches on the field?,101,16,0.875,0.3307,14,0,2,1.623,0.23055,0.4802,0.248,0.7143,0,0
"After the bartender measures, stirs, and pours the cocktail into a glass, which fruit’s peel does he rub along the rim before dropping it into the drink?",47,16,0.875,0.3307,14,0,2,1.676,0.22966,0.4792,0.3323,0.6129,0,0
"Which outdoor activity is shown right after Alex Mathews finishes talking beside the RV marked ""Adventurer Kayak""?",10,16,0.875,0.2795,13,2,1,1.6667,0.22909,0.4786,0.2917,0.8571,0,0
"Which vegetable, first shown growing in a transparent container in the garden, is later halved, its seeds scooped out, and then sliced on the kitchen cutting board?",62,16,0.875,0.3307,14,0,2,1.8893,0.2267,0.4761,0.5456,0.8976,0,0
"After the glowing hexagon logo appears but before participants finish the street-long water slide and spray foam in celebration, what famous structure is shown from an aerial viewpoint?",22,16,0.875,0.3307,14,0,2,1.5974,0.22512,0.4745,0.2224,0.8,0,0
"After the two men finish aligning and smoothing a large white sheet on the floor, which colour sheet do they next hang on the wall?",68,16,0.875,0.3307,14,0,2,1.6852,0.19942,0.4466,0.3102,0.7535,0,0
Which household appliance does the man slide over a white cloth on a metallic tank shortly after he operates a power sander on a surfboard fin?,99,16,0.875,0.3307,14,0,2,1.6413,0.19708,0.4439,0.2663,0.7692,0,0
"Which athlete is shown first preparing with a handheld weight, then making two barbell lift attempts—the second ending in a drop—and later completing his final shot put throw?",120,16,0.875,0.3307,14,0,2,1.9684,0.19388,0.4403,0.5934,0.9804,0,0
"After clearing the 12.6-foot bar earlier, to what height is the crossbar set for the athlete’s later successful pole vault?",39,16,0.875,0.3307,14,0,2,1.6364,0.19307,0.4394,0.2614,0.625,0,0
Which color utensil is used to manually scrape the cake batter after the electric mixer but before the batter is spooned into baking tins?,68,16,0.875,0.3307,14,0,2,1.7256,0.19176,0.4379,0.3506,0.6875,0,0
"After the blue screen that states ""Room at the mark,"" what color buoy do the sailors immediately steer around?",67,16,0.875,0.3307,14,0,2,1.9177,0.19058,0.4366,0.574,0.8824,0,0
"After the kayaker finishes adjusting and casting the fishing line, what colour is the paddle they then use to propel the kayak toward the fisherman on the riverbank?",66,16,0.875,0.3307,14,0,2,1.6081,0.18998,0.4359,0.2331,0.8145,0,0
"After chips are crumbled onto the dirty turquoise sneakers and they are scrubbed with liquid stain remover, which powdered substance is later poured into a cup of detergent to make the sole-cleaning mixture?",6,16,0.875,0.3307,14,0,2,1.5382,0.18833,0.434,0.1632,0.5882,0,0
"After the scene in which the woman on the black leather couch talks about knitting pattern books, what color are the knitting needles seen in the subsequent close-ups of her hands working?",33,16,0.875,0.3307,14,0,2,1.6972,0.18644,0.4318,0.3222,0.8,0,0
"After the lone kayaker startles a large bird from the mangrove branches, which animal do the paddlers later find resting on the sand when they pull their kayaks ashore?",84,16,0.875,0.3307,14,0,2,1.7378,0.1856,0.4308,0.394,0.81,0,0
"After the close-ups of Nonni’s Thinaddictives biscotti and the repeated “GET ADDICTED” text, what piece of fitness equipment is shown next to extend the addiction theme?",80,16,0.875,0.3307,14,0,2,1.51,0.17853,0.4225,0.135,0.7688,0,0
Whose name appears on the title screens right before she begins leading the energetic Zumba session in the mirrored dance studio?,25,16,0.875,0.3307,14,0,2,1.6876,0.17767,0.4215,0.3126,0.8182,0,0
"After knitting off pegs 1 and 3, which peg is re-designated as “peg 2” before the wrapping process restarts?",7,16,0.875,0.3307,14,0,2,1.7388,0.17647,0.4201,0.3638,0.6864,0,0
"Right after the opening animation where abstract shapes morph into a flower title, what type of surface does the video reveal beneath the partially completed purple knitting piece?",82,16,0.875,0.3307,14,0,2,1.5438,0.17625,0.4198,0.1688,0.7299,0,0
"What two different wear-time durations are claimed for Dermablend products, first during Monsier Walzer’s description and later when the setting powder is mentioned?",13,16,0.875,0.3307,14,0,2,1.6199,0.16905,0.4112,0.2449,0.7143,0,0
What two requirements does the instructor identify as Rule #1 and Rule #2 for performing a back float before the learner demonstrates it?,17,16,0.875,0.2795,13,2,1,1.7373,0.16568,0.407,0.3623,0.7296,0,0
Which prop that the dancer actively twirls early in the performance later appears lying unused on the courtyard floor during subsequent scenes?,65,16,0.875,0.2795,13,2,1,2.0436,0.15672,0.3959,0.6686,0.99,0,0
"After the action camera has been locked in place with the three-way adjustable pivot arm, what type of environment does the cyclist later ride through from the camera’s first-person view?",57,16,0.875,0.2795,13,2,1,1.6243,0.15367,0.392,0.2493,0.8039,0,0
What piece of furniture supports the child both when they first stretch toward the counter and later when they sit at the sink playing in the water?,104,16,0.875,0.2795,13,2,1,1.7761,0.15036,0.3878,0.4324,0.8824,0,0
"Following the flamboyantly costumed announcer’s pitch for the female amateur wrestling challenge, which game does Bobby Blotzer concentrate on in the dimly lit club?",31,16,0.875,0.3307,14,0,2,1.4739,0.14501,0.3808,0.0989,0.28,0,0
"Before sealing the shaker, which two liquids and their measured amounts does the bartender pour into it?",81,16,0.875,0.2795,13,2,1,1.7186,0.14321,0.3784,0.3436,0.6407,0,0
Which item that the dog drags behind it during the suburban street scenes does the girl later carry while strolling by the ocean?,44,16,0.875,0.3307,14,0,2,1.7633,0.14268,0.3777,0.3883,0.6815,0,0
"After the earlier cleaning mixture is prepared in a blue bucket, into which color bucket does the woman later pour the golden “The Mop Doctor Anti-Slip” liquid before using the mop?",52,16,0.875,0.3307,14,0,2,1.8711,0.14171,0.3764,0.4961,0.7713,0,0
"While the climber dressed in green ascends the rock face, what color jacket is worn by the person at the base who manages the rope?",82,16,0.875,0.3307,14,0,2,1.4442,0.13874,0.3725,0.0692,0.3333,0,0
"Immediately before the woman in a yellow top starts shaping the sandcastle with a yellow tool, which two-digit number is prominently carved into another sand sculpture?",88,16,0.875,0.3307,14,0,2,1.527,0.13386,0.3659,0.152,0.6084,0,0
"What is the color of the kayak that Carly Rojas steadies while helping someone climb in, and what color is the kayak paddled by the boy who later navigates around the large inflatable obstacle?",123,16,0.875,0.2795,13,2,1,1.8558,0.13354,0.3654,0.4808,0.684,0,0
"After the suspenseful text saying ""SUDDENLY AND JUST WHEN ALL HOPE WAS LOST..."", what single word appears on-screen to mark the dog's first successful frisbee catch?",51,16,0.875,0.3307,14,0,2,1.7011,0.12972,0.3602,0.3261,0.7317,0,0
"After dropping from the monkey bars and crawling on the wood-chip ground, what playground structure does the boy climb next?",75,16,0.875,0.3307,14,0,2,1.4266,0.12888,0.359,0.0516,0.2243,0,0
"Following the initial push-mowing scene that brightens from darkness, what color is the riding mower that later drives directly toward the camera until it nearly fills the frame?",17,16,0.875,0.3307,14,0,2,1.4757,0.12815,0.358,0.1007,0.3636,0,0
"Immediately after the maroon-uniformed players celebrate their point, what specific garment is worn by the woman who speaks about the conference schedule?",95,16,0.875,0.2795,13,2,1,1.5147,0.1266,0.3558,0.1397,0.6154,0,0
"After the on-screen text declares “New PR” for the 195-pound snatch, what heavier weight does the man attempt to snatch next?",86,16,0.875,0.3307,14,0,2,1.9268,0.12449,0.3528,0.5518,1.0,0,0
What color is the T-shirt worn by the man who gestures during the outdoor conversation and later stands on the boat just before Robbie McMillin begins water-skiing?,26,16,0.875,0.3307,14,0,2,1.7913,0.12215,0.3495,0.4163,0.65,0,0
"After the earlier scissor cutting segment, what tool does the stylist employ to style the client's hair while observers watch during the later phase?",121,16,0.875,0.3307,14,0,2,1.5555,0.12157,0.3487,0.1805,0.4714,0,0
"After the sunset golf putting scene, during all her subsequent croquet and other lawn-game attempts on the grassy field, what colour is the ball the woman repeatedly tries to hit?",22,16,0.875,0.3307,14,0,2,1.8335,0.11916,0.3452,0.4897,0.9276,0,0
"While the man who has been sipping from a cup stands and bends over the TV cabinet, which tabletop game, already partly collapsed, is visible on the coffee table behind him?",52,16,0.875,0.2795,13,2,1,1.4474,0.11831,0.344,0.0724,0.4634,0,0
"After the tool is first called “Simply an ingenious tool,” which two on-screen phrases later describe its design and speed?",77,16,0.875,0.2795,13,2,1,1.6407,0.10181,0.3191,0.2657,0.64,0,0
"During the sequences where the presenter wets the stones, alternates between coarse grit and diamond plates, and repeatedly sharpens the chef’s knife, what unused object can be seen lying on the workspace the whole time?",86,16,0.875,0.3307,14,0,2,1.9116,0.09738,0.3121,0.5366,0.757,0,0
"During transitions from the male harmonica player to the blonde pianist, what written item is visible on the piano in front of her while she performs?",69,16,0.875,0.2795,13,2,1,1.6276,0.09464,0.3076,0.2839,0.815,0,0
What color is the mop bucket that the man carries when he first appears after the woman’s explanation and later uses while wringing out his mop before walking away?,52,16,0.875,0.3307,14,0,2,1.7977,0.09344,0.3057,0.4227,0.9248,0,0
"After the diver finishes the pool segment demonstrating body control, which marine animal appears when the scene shifts to open water?",3,16,0.875,0.3307,14,0,2,1.5034,0.08194,0.2862,0.1284,0.4091,0,0
Which three choreographers’ surnames are highlighted in both the introductory promotional text and the closing reservation frames of the video?,101,16,0.8438,0.3409,13,1,2,2.0356,0.45464,0.6743,0.7231,1.0,0,0
"Which single German word, visible on banners behind the seated interviewee and again when spectators are shown on an indoor balcony, indicates that the gathering is a championship event?",46,16,0.8438,0.3409,13,1,2,1.6408,0.24416,0.4941,0.297,0.6522,0,0
What material does the person place along the wall’s baseboard and later unroll along the bottom edge of the abstract canvas?,119,16,0.8438,0.2915,12,3,1,1.6868,0.23813,0.488,0.343,0.875,0,0
"Which visual element serves as both the opening and closing frame of the video, appearing before any sports scenes and returning after the final pole-vault attempts?",58,16,0.8438,0.2318,11,5,0,1.8031,0.23636,0.4862,0.4593,1.0,0,0
How does the number of women actively spinning hula hoops change between the initial solo demonstration and the later studio segment featuring synchronized movements?,23,16,0.8438,0.3409,13,1,2,1.6191,0.23545,0.4852,0.2753,0.8746,0,0
Which fruit that is shown whole among the neatly arranged initial ingredients is later squeezed so its juice can be stirred into the batter?,3,16,0.8438,0.3409,13,1,2,1.7905,0.22369,0.473,0.4468,0.9933,0,0
"While the shoe rests on a wooden block, which body part does the shoeshiner use to buff the leather after rubbing the polish with a cloth but before switching to a rag?",58,16,0.8438,0.3409,13,1,2,1.5897,0.21838,0.4673,0.2459,0.9091,0,0
Which item that the person removes from the black bag at the beginning later becomes the line they balance and walk across in the backyard?,17,16,0.8438,0.3409,13,1,2,1.8709,0.21738,0.4662,0.5272,0.947,0,0
Which academy’s logo appears on-screen during the first fencing bout that follows the opening TCCII Productions logo?,74,16,0.8438,0.3409,13,1,2,1.6199,0.21729,0.4661,0.2761,0.75,0,0
"What electronic device, first seen attached to the fisherman’s setup and later shown resting on a stool, helps him detect fish beneath the ice?",60,16,0.8438,0.3409,13,1,2,1.8005,0.21571,0.4644,0.4567,0.8215,0,0
Which single word displayed on a black background directly precedes the moment when the title “FIRST 30” appears alongside four small sailing images?,127,16,0.8438,0.3409,13,1,2,1.63,0.21241,0.4609,0.2863,0.9,0,0
Which recording device is repeatedly shown positioned near the grand piano during the pianist’s performance after the opening title?,32,16,0.8438,0.3409,13,1,2,1.8158,0.19397,0.4404,0.4721,0.8006,0,0
What green object is visible above the wooden fence outside before the scene moves indoors to the client’s shoulder being prepared with transfer tape?,106,16,0.8438,0.2915,12,3,1,2.0259,0.14877,0.3857,0.7134,1.0,0,0
"While the dog’s attention is kept on the treat held before it, which grooming tool is the groomer using to trim its fur?",106,16,0.8438,0.3409,13,1,2,1.461,0.12747,0.357,0.1173,0.2925,0,0
"After the woman finishes speaking and the camera drops to the ground, which natural material becomes the repeated focus—continuously brushed, scooped, squeezed, and displayed in a hand until the final logo returns?",81,16,0.8438,0.2915,12,3,1,2.0472,0.11315,0.3364,0.7035,0.9878,0,0
"In Jamie Oliver’s sequence, how many milliliters of tonic water does he add compared with the gin he first measures, and which amount is greater?",35,16,0.8438,0.2318,11,5,0,1.7607,0.10494,0.324,0.417,0.8855,0,0
"After completing his vigorous tooth-brushing segment, which mouth-rinse product does the man hold up and drink from during the following demonstration?",15,16,0.8438,0.2318,11,5,0,1.6533,0.08446,0.2906,0.3095,0.8321,0,0
Which ignition tool ultimately succeeds in producing a steady fire after the earlier failed attempts with a ferro rod and a magnesium starter?,34,16,0.8125,0.3903,13,0,3,1.5573,0.3337,0.5777,0.276,0.9,0,0
"After first showing the cube’s white face already solved, which layer does the solver focus on finishing in the subsequent guided demonstration?",78,16,0.8125,0.3903,13,0,3,1.7401,0.33144,0.5757,0.4276,0.8553,0,0
"After the on-screen label shows a 10-metre “403b” dive, which dive code is displayed for the following 5-metre attempt?",21,16,0.8125,0.3903,13,0,3,1.631,0.32876,0.5734,0.3185,0.8059,0,0
"When the video cuts from the couple posing with a flower and thermometer to the scene of them brushing in robes, what single word appears on the intervening black screen?",11,16,0.8125,0.3903,13,0,3,1.6083,0.31618,0.5623,0.2958,1.0,0,0
"What product, first exhibited as a red can she slowly turns while discussing brushes, does the woman later reach for after fully blow-drying her hair?",98,16,0.8125,0.3903,13,0,3,1.6886,0.30774,0.5547,0.3761,0.8256,0,0
What single word appears on the illuminated sign that is visible when the group steps out of the elevator into the hallway and later glows behind the mannequin wearing a black hoodie inside the clothing store?,111,16,0.8125,0.3903,13,0,3,1.7186,0.29954,0.5473,0.4061,0.9441,0,0
What safety surface cushions both the young athlete's awkward landing after losing balance and the stilt walkers' flips later in the gymnasium?,29,16,0.8125,0.3903,13,0,3,1.8638,0.29113,0.5396,0.6138,0.8722,0,0
"After he pours the green cocktail into the martini glass and prepares to garnish it, what colour napkin does he later place beneath the glass for presentation?",105,16,0.8125,0.3903,13,0,3,1.579,0.28789,0.5366,0.2665,0.6571,0,0
"When the video moves from simply displaying the raging river to featuring a group paddling a yellow raft together, which single-occupant craft accompanies the raft down the rapids?",82,16,0.8125,0.3903,13,0,3,1.5992,0.27949,0.5287,0.318,0.9488,0,0
"Immediately after the orange-clad player’s jubilant goal celebration, in what visual style is the next sequence of gameplay shown?",58,16,0.8125,0.3903,13,0,3,1.5936,0.27728,0.5266,0.2811,0.6814,0,0
What bold words are displayed over the rural landscape immediately before the scene of the family and their dog walking along the beach?,87,16,0.8125,0.3903,13,0,3,1.5905,0.27398,0.5234,0.278,0.7143,0,0
"After the athlete tapes her wrist and speaks to the camera, which throwing event does she go on to perform in the indoor venue?",114,16,0.8125,0.3903,13,0,3,1.6876,0.26927,0.5189,0.3751,0.6502,0,0
"When the man demonstrates the device labeled by on-screen text as an ""optical tracing system"" while holding a rod with optical markers, what kind of virtual landscape is shown on the large projection screen behind him?",96,16,0.8125,0.3903,13,0,3,1.7553,0.26885,0.5185,0.4428,0.9251,0,0
Which makeup product does the woman begin applying right after she recommends using a moisturizer with high SPF?,35,16,0.8125,0.3903,13,0,3,1.6791,0.26014,0.51,0.3666,0.8333,0,0
"After the screen proclaims “The Revolution Is Here!”, how many games does the Corporate Champions Cup infographic state will be played?",104,16,0.8125,0.3903,13,0,3,1.5374,0.25884,0.5088,0.2249,0.6,0,0
"Which instrument does the striped-shirted performer play both at the beginning and again in the closing minute, though it never appears during the middle passage centered on the floral-shirted bassist?",67,16,0.8125,0.3903,13,0,3,1.9465,0.24892,0.4989,0.6965,0.9116,0,0
"Immediately after the skateboarder lands his jump off the graffiti-covered curve and the video cuts to a man speaking front-and-center, what device is visibly clipped to the man’s jacket?",126,16,0.8125,0.3903,13,0,3,1.6709,0.24536,0.4953,0.3584,0.8077,0,0
What event name is printed on the large banners visible both at the crowded marathon start line and later near the suburban finishing stretch?,90,16,0.8125,0.2997,11,4,1,1.7384,0.23547,0.4852,0.4259,0.9547,0,0
Which color is the torque wrench the mechanic uses to tighten the lug nuts after reinstalling the wheel but before he raises the car with a floor jack?,6,16,0.8125,0.3903,13,0,3,1.4586,0.23528,0.4851,0.1461,0.4561,0,0
"When the brown-and-white dog that later stands on the green picnic table is receiving a belly rub earlier in the video, what kind of surface is it lying on?",123,16,0.8125,0.3903,13,0,3,1.466,0.23402,0.4838,0.1535,0.8696,0,0
"After finishing the tooth-brushing sequence that leaves toothpaste foam around their mouth, what item does the person use to wipe their face before smiling?",31,16,0.8125,0.348,12,2,2,1.5693,0.22286,0.4721,0.2568,0.7591,0,0
What color is the canoe that a paddler uses for both casting a fishing rod on a calm river earlier and negotiating rapids later in the video?,105,16,0.8125,0.3903,13,0,3,1.8544,0.21931,0.4683,0.5419,0.9121,0,0
Which brand’s logo on a black background is shown immediately before the first appearance of the man in a cap and hoodie speaking beside a brick wall with his laptop?,60,16,0.8125,0.3903,13,0,3,1.4619,0.21673,0.4655,0.1494,0.4651,0,0
"Which animal is visible in the yard both earlier, when the woman mows alone just before the child grabs the mower, and later, while another adult kneels beside the mower to empty its clippings into a large black sack?",16,16,0.8125,0.3903,13,0,3,1.5584,0.21479,0.4635,0.2459,0.5531,0,0
What word appears on the front of the green shirt worn by the man interviewed indoors in front of a solar-panel backdrop after the opening beach soccer play?,8,16,0.8125,0.3903,13,0,3,1.6798,0.21444,0.4631,0.3673,0.9375,0,0
What color is common to the sleeve of the hand holding the poised drumstick at the start and to the performers’ shirts when they later drum and perform acrobatics?,111,16,0.8125,0.3903,13,0,3,1.8703,0.21331,0.4619,0.5578,0.8475,0,0
"After first manipulating the yarn with the yellow-handled tool, what color-handled tool does the demonstrator use when the camera refocuses on the circular loom?",79,16,0.8125,0.3903,13,0,3,1.4446,0.20152,0.4489,0.1321,0.3333,0,0
"When the performer at center stage provides vocals while simultaneously strumming, which kind of guitar is he playing?",125,16,0.8125,0.3903,13,0,3,1.5245,0.19762,0.4445,0.212,0.5385,0,0
Which power tool does the mechanic use both when initially loosening the lug nuts and later tightening them after using an electric drill to remove them?,3,16,0.8125,0.3903,13,0,3,1.8201,0.19457,0.4411,0.5076,0.9851,0,0
What man-made vehicle emerges from the black background at the start of the video before later scenes show camel riding?,77,16,0.8125,0.348,12,2,2,2.0165,0.19446,0.441,0.704,0.8867,0,0
"After showing chord shapes such as C, F, and Bb/F, what scale-based phrase does the guitarist later demonstrate?",69,16,0.8125,0.348,12,2,2,1.5041,0.1803,0.4246,0.1916,0.4348,0,0
"What single word is printed on the other test tube the excited scientist waves alongside the one labeled ""Liquid Discus"" before the scene shifts to Donovan Tyler’s discus throw?",10,16,0.8125,0.3903,13,0,3,1.5066,0.17695,0.4207,0.1941,0.6,0,0
"When the packaged Pumpkin Gutter is shown beside whole pumpkins and later a metal rod is attached to a drill to scrape the hollowed pumpkin, what protective surface are all these actions performed on?",86,16,0.8125,0.348,12,2,2,1.8777,0.16801,0.4099,0.5652,0.9185,0,0
"Immediately after the woman’s oversized gum bubble pops, what shared activity do the gathered women begin?",97,16,0.8125,0.348,12,2,2,1.4913,0.15471,0.3933,0.1788,0.7143,0,0
"After the man casually walks through the bright living room past the exercise gear, what device does a hand later point a remote control toward?",80,16,0.8125,0.3903,13,0,3,1.3125,0.15234,0.3903,0.0,0.0,0,0
"After the skateboarder in a light-colored shirt successfully rides away from his rail slide near the glass-windowed building, what happens to the skateboarder in dark clothing who tries the same trick next?",104,16,0.8125,0.348,12,2,2,1.4513,0.14929,0.3864,0.1701,0.572,0,0
What partially finished object does the hand pick up right after the introductory title text disappears and the scene shifts to the wooden table?,5,16,0.8125,0.2997,11,4,1,1.6813,0.14536,0.3813,0.3688,0.9286,0,0
"After Bruce Irons finishes his illuminated nighttime wave ride behind the support boat, which surfer appears next, paddling on the ocean surface before catching a wave?",15,16,0.8125,0.3903,13,0,3,1.4343,0.14513,0.381,0.1531,0.6522,0,0
"Across both her on-stage hula-hoop act and her later figure-skating routines, what consistent color combination does the female performer wear?",86,16,0.8125,0.348,12,2,2,1.6692,0.13771,0.3711,0.3567,0.5093,0,0
"During the scenes where the street vendor first slices papaya and later hands the packaged dish to a customer, what color apron is she consistently wearing?",46,16,0.8125,0.3903,13,0,3,2.0072,0.11862,0.3444,0.6947,0.95,0,0
"When an off-screen hand points toward the floor, what object is the shirtless man pressing into position?",72,16,0.8125,0.2997,11,4,1,1.369,0.10417,0.3227,0.0565,0.3333,0,0
"When the scene switches to the man in the office, what parking restriction is written on the sign displayed behind him?",118,16,0.8125,0.2997,11,4,1,1.3237,0.0959,0.3097,0.0112,0.1786,0,0
"Before the beach soccer scenes with the orange ball, what color is the ball the blond-haired child kicks on the grassy field?",98,16,0.7812,0.394,12,1,3,1.6836,0.34524,0.5876,0.4024,0.8571,0,0
"After the welder finishes cleaning the joint with a wire brush, what arrangement of welds is highlighted in the next close-up shot before a tool approaches?",90,16,0.7812,0.394,12,1,3,1.703,0.31927,0.565,0.4217,0.8791,0,0
"During the sequences that cut from a man talking outside the Bollinger building back to an indoor workshop, what specific welding process—named on the equipment—is shown being performed by the welder?",124,16,0.7812,0.3522,11,3,2,1.6613,0.29582,0.5439,0.38,0.7166,0,0
"Which cylindrical object, labeled for water-repellent and stain-resistant use, is highlighted after the red and black paint samples and before the hand presents the brown leather shoe with the red conditioner can?",22,16,0.7812,0.394,12,1,3,1.4379,0.26849,0.5182,0.1567,0.6667,0,0
"Just before the flutist begins playing and the pianist takes his seat, how do the two formally dressed musicians jointly acknowledge the audience?",30,16,0.7812,0.394,12,1,3,1.7282,0.25904,0.509,0.4469,0.9167,0,0
"After the waves batter the jagged shoreline, the next shot shows a person crossing tall grass; toward what man-made structures is that person walking before the footage switches to first-person kayaking?",107,16,0.7812,0.394,12,1,3,1.5119,0.25738,0.5073,0.2306,0.6667,0,0
"During the finishing process, into what vessel does the person repeatedly pour the Holzfarbe colorant, the Shield Sanding Sealer, and later the natural shellac primer before applying them?",9,16,0.7812,0.3522,11,3,2,1.7239,0.24634,0.4963,0.4427,0.7929,0,0
What decorative object can be seen near the musician both while he is drumming and when the computer screen with audio waveforms is shown?,76,16,0.7812,0.394,12,1,3,1.7002,0.24351,0.4935,0.419,0.6571,0,0
"After the gears of the green slackline device slowly turn, releasing the yellow line, what does the camera show swaying in the breeze before the person tries to walk on the slackline?",109,16,0.7812,0.394,12,1,3,1.5681,0.23278,0.4825,0.2869,0.5882,0,0
"After the riders guide their horses through the shallow, rocky stream, which natural feature do they subsequently reach and enjoy?",69,16,0.7812,0.394,12,1,3,1.454,0.22625,0.4757,0.1727,0.5,0,0
Which colors identify the clothing of the child who first watches the green-dressed girl but later becomes the confident hopscotch player?,116,16,0.7812,0.3522,11,3,2,1.7314,0.22595,0.4753,0.4502,0.8,0,0
"After the elliptical’s paused timer counts down from 28 seconds, what labeled summary screen appears to signal the conclusion of the session?",58,16,0.7812,0.394,12,1,3,1.6364,0.2239,0.4732,0.3551,0.6349,0,0
"After the lens is first inserted using finger-held eyelids, what colored tool is later employed to lift and remove the rigid contact lens from the eye?",87,16,0.7812,0.394,12,1,3,1.6821,0.22232,0.4715,0.4009,0.7186,0,0
"After the initial hookah-setup conversation, what specific shape do the participants repeatedly create with their exhaled smoke in the subsequent darker scenes?",50,16,0.7812,0.394,12,1,3,1.7333,0.21827,0.4672,0.4521,0.8394,0,0
"After the kayak is dragged from the parking lot to the pebble beach and the paddlers later move through a reed-lined waterway, what on-screen phrase names the channel they are entering?",99,16,0.7812,0.394,12,1,3,1.466,0.21595,0.4647,0.1847,0.42,0,0
"After a tractor hoists the giant pumpkin into a metal support frame, what does the man lying beneath that frame subsequently do to the pumpkin?",121,16,0.7812,0.3522,11,3,2,1.6689,0.20961,0.4578,0.3876,0.7241,0,0
"During the suburban mowing sequence, when the front-mounted camera tilts upward instead of showing the lawn ahead, what scene does it primarily reveal?",112,16,0.7812,0.3522,11,3,2,1.5019,0.20616,0.454,0.2206,0.5882,0,0
"After a man ties another person’s shoelaces in the lively restaurant, what precise task does a different man perform before the red-shirted waitress later serves food?",2,16,0.7812,0.3522,11,3,2,1.4379,0.19837,0.4454,0.1566,0.7148,0,0
"After the onscreen text boasts '30-PERCENT LESS GRINDING' and 'HIGHER QUALITY, FASTER ROOT PASS' during the grinding scene, what metalworking process is shown next on the two pipes?",62,16,0.7812,0.394,12,1,3,1.6534,0.1762,0.4198,0.3721,0.75,0,0
"Following the scene where the gray-haired woman stands motionless with her hands on her hips in a medical office, what detailed activity does she demonstrate at the stainless steel sink later in the video?",110,16,0.7812,0.248,9,7,0,2.0842,0.13737,0.3706,0.803,0.9741,0,0
"After initially only rotating and stretching the yellow knitted fabric with bare hands, which tool do the hands later employ to form additional stitches in the fabric?",94,16,0.7812,0.3046,10,5,1,1.3922,0.08229,0.2869,0.1109,0.2174,0,0
What two items are placed on opposite sides of the clogged sink drain before the hand points at one of them?,116,16,0.7812,0.248,9,7,0,1.6491,0.07784,0.279,0.3679,0.6667,0,0
"During the whimsical forest scene featuring a friendly owl above the trees, what patterned garment does the lower character wear that the artist meticulously details?",105,16,0.7812,0.248,9,7,0,1.3612,0.06613,0.2572,0.0799,0.296,0,0
"Following the salt-and-pepper seasoning, which ingredient does the chef squeeze onto the tomato salad immediately before pouring olive oil?",68,16,0.75,0.433,12,0,4,1.6889,0.44985,0.6707,0.4389,0.8197,0,0
Which single letter is featured both on the illuminated display behind the initial accessories and on the bold storefront window later in the video?,47,16,0.75,0.433,12,0,4,1.7484,0.43047,0.6561,0.5297,0.9892,0,0
"After the huskies are first shown tethered around the trees in the snowy forest, what collective task are they later shown performing with human assistance?",110,16,0.75,0.3953,11,2,3,1.6534,0.37594,0.6131,0.4346,0.875,0,0
"Which javelin athlete first stands beside Brema Greer as Greer watches his own throw, then later celebrates after officials measure a 278.4-meter first-round attempt?",56,16,0.75,0.433,12,0,4,1.7033,0.35694,0.5974,0.4533,0.9058,0,0
"In the blueprint sequence that appears after the sanding segment, which label is displayed between the frames titled “DOORS” and the multiple frames titled “WINDOWS”?",103,16,0.75,0.433,12,0,4,1.6566,0.33175,0.576,0.4378,0.6667,0,0
"Before the red- and black-clad players begin their squash rallies, what color hoodie is worn by the man introducing the challenge in the corridor?",2,16,0.75,0.433,12,0,4,1.8206,0.32958,0.5741,0.5706,0.9091,0,0
"After the scene showing players resting among their badminton gear and two others rallying on the court, what image remains on screen at the very end of the video?",46,16,0.75,0.3953,11,2,3,1.7051,0.32149,0.567,0.4551,0.98,0,0
"After the text instructs viewers to cool the ski for at least an hour, which tool does the man use next on the ski?",7,16,0.75,0.433,12,0,4,1.6126,0.30781,0.5548,0.3626,0.9023,0,0
"After the earlier swing-bar flips shown during the ""Crazy Taxi!"" segment, what bold on-screen exclamation appears while the boy in a blue shirt swings horizontally upside down?",117,16,0.75,0.433,12,0,4,1.5168,0.30597,0.5531,0.2668,0.8333,0,0
What specific word that briefly appears in white cursive amid the initial floating pink letters later shows up as a freshly tattooed script on a wrist?,78,16,0.75,0.433,12,0,4,1.7206,0.30201,0.5496,0.4706,0.8511,0,0
"Immediately after the batsman powerfully hits the ball, which motionless figure with intermittently glowing green eyes is shown next?",67,16,0.75,0.3953,11,2,3,1.4099,0.28158,0.5306,0.1599,0.531,0,0
"When the man in the black shirt shifts from the sidewalk argument to executing spins, jumps, and a finishing handstand, which single-digit number is printed on the back of his shirt?",116,16,0.75,0.433,12,0,4,1.4179,0.27959,0.5288,0.1679,0.4667,0,0
"During the choppy-water sequence in which another windsurfer is visible far away, what words repeatedly appear as on-screen text?",66,16,0.75,0.433,12,0,4,1.3798,0.27868,0.5279,0.1298,0.5882,0,0
What shared swimwear color links the boy who climbs the pool staircase early on with the young man who later walks to and dives from the 10-meter platform?,98,16,0.75,0.433,12,0,4,1.5174,0.277,0.5263,0.2674,0.7308,0,0
Who is named as the British Ladies Open left arm champion after beating a man in an arm-wrestling match and later discussing techniques?,63,16,0.75,0.433,12,0,4,1.6726,0.27525,0.5246,0.4226,0.9474,0,0
"After first striking the congas with his hands, what implement does the percussionist switch to using during the later, more intense part of the performance?",44,16,0.75,0.433,12,0,4,1.5607,0.27164,0.5212,0.3107,0.9259,0,0
Whose image is shown on the cereal box that appears right before the scene of Korean archer Park Sung-soo gearing up to shoot?,74,16,0.75,0.433,12,0,4,1.3683,0.27067,0.5203,0.1183,0.4,0,0
"After the woman checks the red-capped man’s arm with a stethoscope, which device does she use while working on his chest?",27,16,0.75,0.433,12,0,4,1.4438,0.25831,0.5082,0.1938,0.585,0,0
"After the cashier finishes the card payment and the viewpoint moves outside to the store entrance, which new word appears on the door sign that earlier said 'Open'?",19,16,0.75,0.433,12,0,4,1.4169,0.25695,0.5069,0.1669,0.6,0,0
"Following the TV clip that shows a formally dressed man and woman, which video game’s loading screen appears next on the television?",96,16,0.75,0.433,12,0,4,1.3487,0.25589,0.5059,0.0987,0.4742,0,0
Which household task is performed first on the bed and later on the floor while a second person watches from the bed?,5,16,0.75,0.3953,11,2,3,1.6365,0.25559,0.5056,0.449,0.795,0,0
"After the opening pole-vault sequence where the athlete lands on a mat labeled “PORTA PIT,” which brand name appears on the landing mats during the later high-jump scenes once the bar height has been raised?",133,16,0.75,0.433,12,0,4,1.543,0.25462,0.5046,0.293,0.752,0,0
"While the flutist speaks against the brick wall backdrop before and after his performances, which other large musical instrument remains visible in the background but is never played?",45,16,0.75,0.433,12,0,4,1.8634,0.2417,0.4916,0.6134,0.9933,0,0
"After completing push-ups on the grass using resistance bands, what athletic activity does the man practice next on the nearby track?",97,16,0.75,0.433,12,0,4,1.5827,0.23894,0.4888,0.3327,0.9091,0,0
Which flotation device appears both when one girl tests the river by dipping her toe and later when another girl floats downstream giving a thumbs-up?,121,16,0.75,0.433,12,0,4,1.6894,0.23375,0.4835,0.4707,0.8333,0,0
"During both the foamy Kaboom cleaner spray and the later blue powder spraying, what object remains stationary on the edge of the bathroom sink?",17,16,0.75,0.433,12,0,4,1.4686,0.2239,0.4732,0.2186,0.711,0,0
"After the man in a black sleeveless shirt and camouflage shorts successfully rides a unicycle over the bench, what wheeled equipment does he later use to perform tricks along a wooden bench?",63,16,0.75,0.433,12,0,4,1.5789,0.2211,0.4702,0.3289,0.7357,0,0
"Which tool, first displayed alone against a beige background with text describing it as a soft nylon brush, does the demonstrator later use to sweep along the ski’s surface?",114,16,0.75,0.3953,11,2,3,1.3687,0.21682,0.4656,0.1187,0.75,0,0
"During the segment labeled ""Upwind - Incorrect Set Up"", what number is visible on the sail of the boat?",109,16,0.75,0.433,12,0,4,1.8129,0.21121,0.4596,0.5629,0.8333,0,0
"Before the shoe is later coated with brown Easy Crust and finally buffed with PW-4040 wax, what color paint is initially brushed into its perforations?",90,16,0.75,0.3536,10,4,2,1.5095,0.20785,0.4559,0.2595,0.5,0,0
"After the manual clothes-washing scene transitions through abstract light visuals, which cleaning device is emphasized under dramatic spotlights?",64,16,0.75,0.3953,11,2,3,1.304,0.20421,0.4519,0.054,0.5,0,0
Which color is the cloth the man first uses to scrub the kitchen sink and later to wipe down the large knife?,95,16,0.75,0.433,12,0,4,1.8623,0.20168,0.4491,0.6123,0.97,0,0
"What additional protective item, besides his red helmet, is the young boy wearing both while he pumps a tire at the table and later assists an adult with the wheel repair?",8,16,0.75,0.3953,11,2,3,1.5611,0.19996,0.4472,0.3111,0.875,0,0
"After the diver allows an octopus to coil around their arm, which animal does the same diver later swim alongside underwater?",120,16,0.75,0.433,12,0,4,1.2705,0.19941,0.4466,0.0517,0.2222,0,0
"After skillfully steering through the rapids, which object that had served for navigation do the rafters hold aloft while cheering?",70,16,0.75,0.433,12,0,4,1.303,0.18559,0.4308,0.053,0.269,0,0
"After the camera pans along the tangled bright orange cable lying on the grass, what object does it zoom in on, revealing cut grass and debris around its blades?",51,16,0.75,0.3953,11,2,3,1.3786,0.18456,0.4296,0.1286,0.628,0,0
"Which object is successively inserted into the sink drain to prevent clogs, later adjusted while water flows, and finally removed to reveal caught debris?",122,16,0.75,0.433,12,0,4,1.831,0.18281,0.4276,0.581,0.861,0,0
"After the surfer in a yellow wetsuit struggles with the waves, what color cap is Will Tant wearing when he speaks on the beach?",62,16,0.75,0.3953,11,2,3,1.3406,0.17581,0.4193,0.0906,0.4444,0,0
What appears on screen between the initial turbulent water sequence and the moment the man first sits at the table with the shoe-care products?,94,16,0.75,0.3062,9,6,1,1.7378,0.16679,0.4084,0.4878,0.8671,0,0
Which first name appears both in the introductory contributor list at the beginning of the video and again in the closing brown-screen credits as a main performer?,74,16,0.75,0.433,12,0,4,1.6243,0.16031,0.4004,0.3743,0.6318,0,0
"After sharpening and inspecting the knife, what object does the person use to wipe the sharpening tool?",106,16,0.75,0.3953,11,2,3,1.25,0.15625,0.3953,0.0,0.0,0,0
"What color cloth covers the table in the early adult haircut scene, and what is the main wall color in the later haircut scenes with the young boy?",50,16,0.75,0.25,8,8,0,1.9498,0.13475,0.3671,0.6998,0.9646,0,0
"What city is written on the championship T-shirt at the beginning, and what arena name is shown later during the baton-twirling performances?",36,16,0.75,0.25,8,8,0,1.7222,0.12422,0.3524,0.4722,0.9141,0,0
"Across the successive drumline performances that follow the audience and bagpiper scenes, which two accent colors consistently appear on the black drums?",6,16,0.75,0.3062,9,6,1,1.9219,0.08685,0.2947,0.6719,0.9421,0,0
"Which exact phrase, shown on pink-tinted frames, marks the time jump just before the woman demonstrates the “Red Eye” wipe around her eyes?",38,16,0.7188,0.4319,11,1,4,1.5568,0.4273,0.6537,0.3381,0.9,0,0
"After the early walk where the handler keeps the leash hand against his stomach, what object does he later throw sideways to deliberately distract the dog during training?",4,16,0.7188,0.4319,11,1,4,1.522,0.36974,0.6081,0.3032,0.9018,0,0
What item on the wooden table displays inspirational pumpkin-carving images before the person with red nails begins marking the real pumpkin?,47,16,0.7188,0.394,10,3,3,1.3089,0.29144,0.5399,0.1214,0.3249,0,0
"During the kitchen sequence where the hand lifts the loaf of bread and later turns a mayonnaise jar, which packaged food does it display in between?",88,16,0.7188,0.4319,11,1,4,1.446,0.2743,0.5237,0.2272,0.9333,0,0
"After the woman pins her hair into an elevated bun in the step-by-step tutorial, which styling tool does she use next, before later switching to a curling iron?",107,16,0.7188,0.4319,11,1,4,1.4989,0.24143,0.4914,0.2801,0.7692,0,0
"After the woman who meticulously fastens knee pads and wrist guards crosses the zebra crossing, what activity does she engage in?",125,16,0.7188,0.4319,11,1,4,1.2725,0.23053,0.4801,0.0538,0.4667,0,0
What title is printed on the large ceremonial check presented to the bowler who earlier delivered the ball to the red-uniformed batsman?,78,16,0.7188,0.3046,8,7,1,1.602,0.23049,0.4801,0.3832,0.793,0,0
"Compared with his balcony speech where he held only a microphone, what additional object does the singer grasp when he later performs indoors?",117,16,0.7188,0.4319,11,1,4,1.5571,0.22876,0.4783,0.3384,0.6478,0,0
"After the wakeboarder is shown from an aerial view struggling in the water, what do they do next?",121,16,0.7188,0.394,10,3,3,1.1954,0.2202,0.4692,0.0079,0.0602,0,0
"After the woman finishes tapping white body paint over the latex, which color paint does she apply next using a different brush?",28,16,0.7188,0.4319,11,1,4,1.2649,0.21714,0.466,0.0462,0.22,0,0
"Following numerous welding sequences, what kind of object does the man in a dark jacket and beige pants carefully examine and work on in the workshop?",88,16,0.7188,0.394,10,3,3,1.1969,0.21193,0.4604,0.0094,0.0768,0,0
"During both the portions where the woman stands beside the stationary bike and the ones where she pedals it, what gym equipment is consistently visible neatly racked beneath the “GO HARD.” sign in the background?",32,16,0.7188,0.4319,11,1,4,1.4287,0.21099,0.4593,0.2099,0.5625,0,0
"In the strategic analysis segments where on-screen text explains the server’s positioning during break or game points, which specific opponent shot does the player expect and prepare for?",121,16,0.7188,0.4319,11,1,4,1.7329,0.19257,0.4388,0.5142,0.9128,0,0
"After the large screen in the cycling studio shows a virtual road, what does it later display that lists each rider’s power output, heart rate, and calories burned?",77,16,0.7188,0.3522,9,5,2,1.3842,0.19227,0.4385,0.1655,0.5455,0,0
Which piece of safety equipment is first shown hanging on the wall in the initial indoor gear room and later worn by the people leaping from the bridge?,130,16,0.7188,0.4319,11,1,4,1.6375,0.18633,0.4317,0.4188,0.8493,0,0
What brand name is visible on the blue mats first used by the gymnast for flips and later serving as the cushioned landing area for the skater’s 1 m 45 jump?,111,16,0.7188,0.4319,11,1,4,1.795,0.18387,0.4288,0.5762,0.9865,0,0
"When the traditionally dressed demonstrator stands in the open field displaying two different bows, which two specific Grózer Turkish bow models does he present?",125,16,0.7188,0.3522,9,5,2,1.5012,0.14069,0.3751,0.2825,0.5263,0,0
"Following the portion where the lab-coated woman lectures beside the nursing sign, what practical hygiene technique is demonstrated step-by-step at the bathroom sink?",9,16,0.7188,0.3046,8,7,1,1.4622,0.13431,0.3665,0.2435,0.5143,0,0
"During back-to-back scenes of the woman using the Octane Fitness elliptical beside the instructor, what two benefit statistics are shown in the on-screen text overlays?",89,16,0.7188,0.3046,8,7,1,1.5286,0.1065,0.3263,0.3099,0.5795,0,0
"After the person who first exposes their side beneath a black T-shirt reading “TAKE ME TO THE HOSPITAL” later lies on a black tattoo bed, what instrument does the artist use and on which body area?",84,16,0.7188,0.248,7,9,0,1.3664,0.07572,0.2752,0.1477,0.414,0,0
Which prominent device seen above the athletes during the early fencing bouts is absent when the victorious fencer later speaks to reporters with several microphones?,59,16,0.6875,0.4635,11,0,5,1.7237,0.5272,0.7261,0.5362,0.9308,0,0
"After the series of gym exercises ends and the scene shifts to François Bourque’s downhill run, which beverage brand’s banner is visible beside the snowy racecourse?",60,16,0.6875,0.4635,11,0,5,1.4594,0.51735,0.7193,0.3344,0.9402,0,0
"After the intricate red nail design is finished but before the final thank-you screen, what instruction briefly appears against the purple background?",117,16,0.6875,0.4635,11,0,5,1.5794,0.41077,0.6409,0.3919,0.9091,0,0
"After the video first displays the book cover with the cross-legged water skier, what maneuver later appears on-screen as text while a live skier performs it?",47,16,0.6875,0.4635,11,0,5,1.3444,0.40893,0.6395,0.1881,0.7353,0,0
"Immediately before the hand turns the large black dial on the handheld device, what color are the diamond-embedded abrasive pads shown in the split-screen view?",83,16,0.6875,0.4635,11,0,5,1.3679,0.3909,0.6252,0.2117,0.7725,0,0
"Before she later waves her national flag on the medal podium, in which athletic event is the woman shown competing?",70,16,0.6875,0.4635,11,0,5,1.4603,0.36442,0.6037,0.2728,0.7355,0,0
"During the sudden blurred interlude that interrupts the man's explanation, what exact phrase is shown repeatedly on the screen?",80,16,0.6875,0.4635,11,0,5,1.3141,0.31832,0.5642,0.1266,0.5,0,0
Which logo is displayed almost immediately after the glowing orange play button appears and is shown again in the final static frame of the video?,92,16,0.6875,0.4635,11,0,5,1.625,0.30986,0.5567,0.4375,1.0,0,0
"After the camera passes the blue “ZONE 4” sign and walks down the concrete steps onto the sand, what small structure is visible near the shoreline?",79,16,0.6875,0.4285,10,2,4,1.5364,0.30676,0.5539,0.3489,0.625,0,0
"After the cook dissolves sugar in warm water on the stove and continues stirring, which dried ingredient do they pour into the gently boiling pot before closing its lid?",8,16,0.6875,0.4635,11,0,5,1.383,0.30489,0.5522,0.1955,0.5924,0,0
"Which specific tool, absent during the child’s hair rinse in the bathtub, does the woman later hold while helping the child at the bathroom sink?",61,16,0.6875,0.4635,11,0,5,1.2863,0.29463,0.5428,0.0988,0.4438,0,0
"After the person walks from the living room into the kitchen, what chore do they begin doing at the sink?",38,16,0.6875,0.4285,10,2,4,1.336,0.25898,0.5089,0.1485,0.5543,0,0
"Following his initial period of solely drumming, what activity does the musician add to his performance while remaining seated behind the conga drums?",40,16,0.6875,0.4635,11,0,5,1.3088,0.25382,0.5038,0.1213,0.3136,0,0
"Just before the video cuts to the “World Championships Germany August 2011” screen, the referee raises one fighter’s hand to signal victory; what color uniform is that winning competitor wearing?",96,16,0.6875,0.4635,11,0,5,1.4522,0.24076,0.4907,0.2647,0.9048,0,0
"Which object, removed and inspected after the first handwash, later sits on the counter beside the sink throughout subsequent washing scenes?",118,16,0.6875,0.4635,11,0,5,1.5829,0.23399,0.4837,0.3954,0.543,0,0
"Before the later scenes showing hands painting palm trees and leaves, which object does the woman in the opening studio segment repeatedly hold up while discussing her art?",23,16,0.6875,0.4285,10,2,4,1.7394,0.2274,0.4769,0.5519,0.8333,0,0
"After the lemon juice has been squeezed, what type of substance is later scooped from a glass jar and added to the yellow drink on the cutting board?",115,16,0.6875,0.4635,11,0,5,1.499,0.22338,0.4726,0.3115,0.6179,0,0
"After the person finishes slicing lemons, which fruit do they next cut in half and press on the manual juicer?",34,16,0.6875,0.4635,11,0,5,1.2658,0.22329,0.4725,0.0783,0.3656,0,0
"After the two adult players end their match with a handshake, whom does the adult player rally with in the following scene inside the court?",125,16,0.6875,0.4635,11,0,5,1.3954,0.22203,0.4712,0.2079,0.5957,0,0
Which appliance does the person employ to dry the sneaker immediately after untying its laces beneath the running water?,115,16,0.6875,0.4635,11,0,5,1.1875,0.21484,0.4635,0.0,0.0,0,0
"Following the moment where a lone person adjusts a skateboard in a dark room, what objects do the group later fill with beer while arranging them in triangular patterns on a table?",106,16,0.6875,0.4285,10,2,4,1.3672,0.21371,0.4623,0.1797,0.8,0,0
"During the bout, a piece of a fencer’s protective gear slips off, prompting the referee to stop the action and fix it. Which item does the referee readjust before the duel resumes?",56,16,0.6875,0.4635,11,0,5,1.3172,0.21291,0.4614,0.1297,0.4961,0,0
"After the hands completely smooth out the famous poster of the woman wearing a red polka-dot headscarf, which topic features on the next poster the hand later points to and traces?",68,16,0.6875,0.4635,11,0,5,1.2092,0.20981,0.4581,0.0217,0.1754,0,0
"After the man briefly forms a heart shape with his hands, which specific hand gesture does he flash later while still inside the car?",61,16,0.6875,0.4635,11,0,5,1.4106,0.20309,0.4507,0.2231,0.8571,0,0
What piece of furniture does the woman stand behind while presenting with her phone that the young person later sits on when using a smartphone?,133,16,0.6875,0.4285,10,2,4,1.275,0.20065,0.4479,0.0875,0.351,0,0
What colour are the woman’s fingernails when she switches from drawing eyeliner on her upper eyelid to coating her eyelashes with mascara?,65,16,0.6875,0.2997,7,8,1,1.3415,0.17057,0.413,0.154,0.6601,0,0
"After the two men finish untangling the rope in the yard, what activity does a woman help a young child do next?",124,16,0.6875,0.3903,9,4,3,1.2586,0.16304,0.4038,0.0711,0.3281,0,0
"After the dog's clipped fur is wrapped in aluminum foil, what is done to the dog in a separate sink area before grooming resumes?",47,16,0.6875,0.348,8,6,2,1.5249,0.13709,0.3703,0.3374,0.8155,0,0
"In the arm-wrestling bout where the black-shirted competitor props a leg on the mosaic table, what color shirt is worn by the opponent who ultimately wins?",7,16,0.6875,0.4635,11,0,5,1.4765,0.12193,0.3492,0.289,0.6996,0,0
"After the skier launches off the only ramp seen in the video, what immediately happens upon landing?",120,16,0.6875,0.348,8,6,2,1.1901,0.11761,0.343,0.0026,0.0417,0,0
"Before the rider later races across the sandy track, what vehicle is visible strapped to the trailer being towed by the black UTV?",14,16,0.6562,0.4582,10,1,5,1.2449,0.35805,0.5984,0.1199,0.6667,0,0
What brand name appears both on the cookbook shown beside the chefs at the start and on the bag of gigli pasta the woman later breaks apart?,28,16,0.6562,0.4582,10,1,5,1.6767,0.35361,0.5947,0.5204,0.9351,0,0
"Before Adrien Lecomte’s name appears, which word sits between two glowing eye-like shapes, and what brand name is printed on the red T-shirt of the rider later adjusting his mountain bike in the forest?",52,16,0.6562,0.3409,7,7,2,1.5282,0.35157,0.5929,0.4032,0.9177,0,0
Which two colors make up the patterned cloth draped over the upright piano that is seen both during the girl's solo performance and during the later group gathering where onlookers clap along?,27,16,0.6562,0.4227,9,3,4,1.6779,0.32102,0.5666,0.5217,0.8001,0,0
"After the cyclist pedals along the curved suburban road, what obstacles does the following rollerblader slalom around on the street?",29,16,0.6562,0.4582,10,1,5,1.2975,0.30107,0.5487,0.1412,0.7323,0,0
What specific site is named on the sign that the camera lingers on just after the vehicle’s road-side journey that follows the beachgoers wading in the waves?,6,16,0.6562,0.384,8,5,3,1.2826,0.27091,0.5205,0.1889,0.5556,0,0
"After the purple opening titles introduce a ""special guest,"" what distinctive headwear does that guest wear when she later joins Dee and Marie in front of the wooden door?",64,16,0.6562,0.4582,10,1,5,1.59,0.27075,0.5203,0.4337,0.7588,0,0
"After the barber completes the straight-razor shave, which color towel does she repeatedly use to wipe the client’s face before the video ends?",90,16,0.6562,0.4582,10,1,5,1.2385,0.25396,0.5039,0.0823,0.4214,0,0
What celestial object is shown both right after hands lift the American-flag patterned ball on the field and again at the start of the next scene before the video moves indoors?,63,16,0.6562,0.4582,10,1,5,1.4738,0.2518,0.5018,0.3176,0.8889,0,0
"After the upside-down floral plate is rhythmically tapped toward the sink with a rolling pin, what tool is later used to scrub it in the soapy water?",67,16,0.6562,0.4227,9,3,4,1.34,0.25138,0.5014,0.1838,0.5455,0,0
Which subject is illustrated on the second poster that the person tapes beside the pre-hung “We Can Do It!” poster near the video’s end?,115,16,0.6562,0.4582,10,1,5,1.2685,0.22077,0.4699,0.1123,0.4379,0,0
"After brushing the outdoor air-conditioning unit and placing the brush back in the red bucket, what does the man clean next with the green tool he dips into the blue bucket?",56,16,0.6562,0.384,8,5,3,1.4288,0.21605,0.4648,0.2726,0.6523,0,0
"What structure appears behind the person aiming a handgun and is revisited, now bearing purple graffiti, immediately before the text labels cyclists as ""annoying""?",19,16,0.6562,0.384,8,5,3,1.3367,0.21469,0.4633,0.1805,0.5594,0,0
"Before red arrows illustrate upward airflow during ironing, which two operating modes of the blue ironing board are demonstrated using its control panel?",17,16,0.6562,0.4227,9,3,4,1.3654,0.21291,0.4614,0.2092,0.5549,0,0
What indoor training apparatus appears immediately after the outdoor scene of a skier weaving among pine trees?,76,16,0.6562,0.4582,10,1,5,1.2133,0.20004,0.4473,0.0571,0.4,0,0
"After completing his work on the wheel hub assembly indoors, into what container outside the garage does the mechanic discard some of the removed parts?",131,16,0.6562,0.4227,9,3,4,1.1767,0.19899,0.4461,0.0204,0.3265,0,0
What two colors are painted on the railings of the high platform where the man in black athletic wear edges forward before his bungee jump over the arid landscape?,124,16,0.6562,0.2318,5,11,0,1.7009,0.14686,0.3832,0.5446,1.0,0,0
"After Patrick Osborne is shown ranked sixth, which athlete is later presented with a higher placing, and what position is credited to him?",85,16,0.6562,0.3409,7,7,2,1.3763,0.14143,0.3761,0.22,0.7587,0,0
"After initially walking across the lawn with the leaf blower, how does the worker position their body when later clearing debris under the elevated deck?",112,16,0.6562,0.2318,5,11,0,1.6154,0.07338,0.2709,0.4592,0.86,0,0
"What synchronized activity are the two men performing immediately before the video briefly shows three shirtless men tossing medicine balls, and what do they resume doing right afterward?",126,16,0.6562,0.2318,5,11,0,1.3498,0.05298,0.2302,0.1936,0.266,0,0
Which airline’s parked plane appears on screen immediately after the close-up of an airline ticket that follows the skier shaking off powder?,20,16,0.625,0.4841,10,0,6,1.3911,0.54505,0.7383,0.2974,0.8,0,0
"In the Bavarian Championship portion, after the female weightlifter’s failed attempt with the 75 kg barbell, which heavier weight does she successfully lift overhead?",31,16,0.625,0.4841,10,0,6,1.3881,0.43248,0.6576,0.2631,0.8125,0,0
"During which portion of the video does the operator wear a visible safety harness across his chest—while the tractor with the Tine Dropper is actively moving, or while he sits stationary on the riding lawnmower giving explanations?",55,16,0.625,0.4841,10,0,6,1.4866,0.31962,0.5653,0.3616,0.8571,0,0
"After completing his ride on a horse along the beach, which animal does the shirtless man ride next in the video?",78,16,0.625,0.4841,10,0,6,1.3571,0.3105,0.5572,0.2321,0.6485,0,0
What color is the spray canister that the person in the blue jacket picks up to apply after previously smoothing wax on the Madshus ski with a cloth?,60,16,0.625,0.4841,10,0,6,1.4148,0.31042,0.5572,0.321,0.85,0,0
What color jacket does the skier wear when the video returns outdoors immediately after the indoor discussion between the two men?,93,16,0.625,0.4841,10,0,6,1.2029,0.30377,0.5512,0.0779,0.3333,0,0
"Which material, brushed around the nail edges early in the tutorial, shown drying beneath a two-minute clock, is later peeled off with tweezers to reveal clean boundaries?",13,16,0.625,0.4841,10,0,6,1.5441,0.30183,0.5494,0.4191,0.8921,0,0
"After drinking from his water bottle, the man meets a woman who is eating an ice-cream cone. What tool does he hand to her?",26,16,0.625,0.4841,10,0,6,1.4704,0.2943,0.5425,0.3454,0.8571,0,0
"After styling a client's hair with a rolling pin earlier, which oversized device does the stylist enthusiastically move back and forth over the client’s head in a later scene?",45,16,0.625,0.4507,9,2,5,1.3681,0.29416,0.5424,0.2431,0.6632,0,0
Which cloth does the woman first wash by the stream and later wedge into a crack in the rock?,54,16,0.625,0.4841,10,0,6,1.4462,0.29275,0.5411,0.3524,0.8,0,0
How many bungee jumps does the on-screen text proclaim right after the man finishes his upside-down bungee swing and before the two women start their synchronized climbing-frame routine?,34,16,0.625,0.4841,10,0,6,1.2048,0.28763,0.5363,0.0798,0.6087,0,0
Which shape of tiles does the worker first unwrap before mixing cement and later apply a sealing treatment to in their metallic-finished form?,16,16,0.625,0.4841,10,0,6,1.5883,0.28722,0.5359,0.4633,0.9211,0,0
"After the announcer in a white T-shirt finishes speaking under the red canopy, what color is the top worn by the woman shown watching the windsurfers from the shoreline?",129,16,0.625,0.4841,10,0,6,1.5495,0.28712,0.5358,0.4245,0.6533,0,0
"After digging with a yellow shovel, the man later pours water onto the finished sandcastle towers. What color is the bucket he uses for the water?",65,16,0.625,0.4841,10,0,6,1.2391,0.28207,0.5311,0.1141,0.678,0,0
"After the sneakers are first cleaned bare-handed with a cloth and sponge, what color gloves does the person wear for the next, more detailed brushing stage?",118,16,0.625,0.4841,10,0,6,1.2472,0.27879,0.528,0.1222,0.4667,0,0
"After the camera exits the convenience store through the automatic glass door and scans the nighttime plaza, what kind of small vehicles are shown parked along the walkway?",40,16,0.625,0.4507,9,2,5,1.2008,0.27743,0.5267,0.1071,0.4,0,0
"After the nighttime clip of the skateboarder gliding beneath the bridge, what structure does he grind during the next daylight scene?",81,16,0.625,0.4507,9,2,5,1.3372,0.27081,0.5204,0.2122,0.6667,0,0
"After the slide announcing “III Arpinder Singh ONGC 15.89 Mtrs,” what number is shown on his bib when he later runs down the track and completes his jump?",129,16,0.625,0.4841,10,0,6,1.5867,0.27074,0.5203,0.4617,0.7407,0,0
"After the early slip-stitching done solely with hands and yarn, what color is the small tool that later appears to lift the yarn loops over the loom’s pegs?",28,16,0.625,0.4841,10,0,6,1.3375,0.25912,0.509,0.2125,0.5,0,0
What color shirts are the guides wearing both when they first welcome the tourists off the bus and later when they lead the camels during the ride?,92,16,0.625,0.4841,10,0,6,1.7642,0.25654,0.5065,0.6392,0.9814,0,0
What name identifies the British athlete first shown gazing ahead before his event and later interviewed on the track as the 2006 European Championship silver medalist?,75,16,0.625,0.4841,10,0,6,1.1986,0.25271,0.5027,0.0736,0.2222,0,0
"After completing handstands, cartwheels, and splits on the wooden floor stage, what object does the gymnast pick up to continue her routine?",71,16,0.625,0.4841,10,0,6,1.1419,0.25132,0.5013,0.0169,0.2703,0,0
"After earlier showing a small purple object to the camera, how does the woman later use that same purple tool beside the horse?",64,16,0.625,0.4146,8,4,4,1.3607,0.25107,0.5011,0.2357,0.6953,0,0
"After the camera discovers a book titled 'Do It!' tucked beneath a cushion, what title appears on the magazine that someone tapes on the couch?",127,16,0.625,0.4841,10,0,6,1.1475,0.24383,0.4938,0.0225,0.2649,0,0
"After the boy finishes assisting an adult in trimming a cat’s claws, which animal does he later sit on the carpet and gently pet?",122,16,0.625,0.4841,10,0,6,1.1896,0.23902,0.4889,0.0646,0.5273,0,0
"After the artist sketches with a red pen and wipes the blood away, the video later showcases the completed swirling red design before cutting to a chest tattoo. On which part of the client's body is that finished design located?",72,16,0.625,0.4507,9,2,5,1.3393,0.23434,0.4841,0.2143,0.3953,0,0
"After the person employs a tool to remove the bathroom sink’s drain cover, what color is the cable they subsequently insert into the drain?",72,16,0.625,0.4841,10,0,6,1.2825,0.23368,0.4834,0.1575,0.7522,0,0
"Immediately after tightening the chain around the wheelchair’s wheel with the metal handle, from which labeled container does the person retrieve the seatbelt?",77,16,0.625,0.4507,9,2,5,1.5603,0.22934,0.4789,0.4353,0.8621,0,0
"After the woman in a red tank top fails to balance and falls onto the grass, what coordinated activity do she and her companion later perform together out on the road?",78,16,0.625,0.4507,9,2,5,1.3618,0.22379,0.4731,0.2368,0.6029,0,0
"After filming inside the pavilion and then entering the illuminated snowy slope, what gesture does the woman make with her hand while sliding downhill in the snow tube?",15,16,0.625,0.4146,8,4,4,1.1958,0.22126,0.4704,0.1021,0.4917,0,0
"What culturally traditional performance, featuring kilt-clad dancers moving in synchronized steps, takes place on the field between the earlier and later tug-of-war contests?",43,16,0.625,0.4146,8,4,4,1.2963,0.21676,0.4656,0.1713,0.5278,0,0
"After successfully completing his earlier lifts, what is the outcome of Luis Javier Mosquera Lozano’s final heavier attempt later in the video?",104,16,0.625,0.4841,10,0,6,1.1746,0.19425,0.4407,0.0496,0.5888,0,0
"After the bald man inspects the wave print beside the plant, which motivational poster does the camera later dwell on, and what color are the flowers in the vase on the nearby glass table?",21,16,0.625,0.4146,8,4,4,1.1616,0.19352,0.4399,0.0366,0.1887,0,0
"After the man spins one hula hoop around his neck and then rolls it at his waist, what change does he make to increase the difficulty of the routine?",11,16,0.625,0.3307,6,8,2,1.3444,0.18558,0.4308,0.2194,0.8905,0,0
"After the artist sets aside the mountain photograph, what does she begin doing next in the studio?",5,16,0.625,0.375,7,6,3,1.2367,0.17772,0.4216,0.1429,0.4278,0,0
Which team name briefly appears onscreen after the young player rushes forward to deliver her serve but before the woman with a microphone starts talking on another court?,65,16,0.625,0.4146,8,4,4,1.125,0.17188,0.4146,0.0,0.0,0,0
"During the solo accordion performance, what cluttered items does the camera briefly show before returning to the musician?",114,16,0.625,0.2795,5,10,1,1.2649,0.16975,0.412,0.1399,0.7,0,0
"What vehicle, carrying three passengers, do the helmet-and-life-jacket-clad adventurers follow along the dirt road after wading through the shallow river?",16,16,0.625,0.375,7,6,3,1.2595,0.1629,0.4036,0.1345,0.465,0,0
"After the quartet’s routine featuring a solo acrobatic highlight, how many dancers appear in the very next stage scene, and what color shirts do they have?",9,16,0.625,0.3307,6,8,2,1.2251,0.15931,0.3991,0.1001,0.8686,0,0
"While the man steers the lawn mower around the tree near the end of the video, what vehicle briefly passes by on the street in the background?",58,16,0.625,0.375,7,6,3,1.125,0.14062,0.375,0.0,0.0,0,0
"After the wide mountain landscape shots transition to the indoor interview scene, what pattern appears on the curtains behind the speaker, and what two layers of upper clothing is he wearing?",61,16,0.625,0.2795,5,10,1,1.4587,0.10286,0.3207,0.3337,0.7491,0,0
What scene appears right after the man in the red shirt inside the convenience store flashes a thumbs-up to the camera?,25,16,0.5938,0.4408,8,3,5,1.4688,0.44009,0.6634,0.3751,0.8602,0,0
What specific breakdancing move does the man introduce and demonstrate in the initial notebook-screen alley tutorial before the later outdoor scenes of stretches and handstands?,45,16,0.5938,0.4408,8,3,5,1.4801,0.41288,0.6426,0.3864,1.0,0,0
What color is common to both the rail skateboarders grind on at the basketball court and the portable ramp they later set up beside the pathway?,34,16,0.5938,0.475,9,1,6,1.4683,0.40398,0.6356,0.3745,0.8854,0,0
"After the segment showing visitors walking among hillside stupas on the Thimpu-to-Punakha route, which natural landmark does the video highlight before focusing on Punakha Dzong?",40,16,0.5938,0.475,9,1,6,1.2858,0.35197,0.5933,0.192,0.9091,0,0
What prominently colored vehicle is seen parked by the rocky shoreline during the tranquil coastal shots that come after the windsurfing and sailing scenes?,110,16,0.5938,0.4038,7,5,4,1.4333,0.34085,0.5838,0.3396,0.9028,0,0
"After the man greets the camera in the backyard and before the scene shifts to the salon haircut, what round object is lying on the grass?",18,16,0.5938,0.4038,7,5,4,1.6438,0.33118,0.5755,0.5501,1.0,0,0
"After thoroughly soaking the mop back and forth in the rectangular wetting station, what area does the cleaner immediately begin mopping next?",79,16,0.5938,0.475,9,1,6,1.3433,0.32411,0.5693,0.2495,0.697,0,0
What kind of structure does the yellow kayak first pause beside and later paddle away from during its early journey?,92,16,0.5938,0.475,9,1,6,1.605,0.30049,0.5482,0.5112,0.9926,0,0
"During the various living room panoramas, which video-game device is repeatedly shown resting on the glass coffee table among the snacks and other items?",28,16,0.5938,0.475,9,1,6,1.3779,0.27992,0.5291,0.2841,0.8639,0,0
"Which grooming product is repeatedly spread over the seated man's leg—first by himself, later by a child, and eventually by a woman—before a can labeled “Sally Hansen” appears for waxing?",2,16,0.5938,0.475,9,1,6,1.6592,0.2735,0.523,0.5654,0.9221,0,0
"During the moment when the knitter’s fingernails are painted green instead of teal, what color yarn is she working with?",18,16,0.5938,0.4408,8,3,5,1.1406,0.26538,0.5152,0.0469,0.75,0,0
"After she completes the eyeshadow primer step but before starting the brown eyeshadow portion of the tutorial, what makeup product does the woman apply to her eye area?",133,16,0.5938,0.475,9,1,6,1.5958,0.26413,0.5139,0.502,0.789,0,0
"Across the playful mid-video hair-drying scenes, what object consistently rests on the small side table near the closed door beneath the lamp?",128,16,0.5938,0.4038,7,5,4,1.518,0.24976,0.4998,0.4555,0.7889,0,0
What object promoting social distancing lies on the floor directly in front of the automatic doors just before the view expands to show bicycles outside?,93,16,0.5938,0.4408,8,3,5,1.203,0.23746,0.4873,0.1093,0.4118,0,0
"After the child finishes exploring the smartphone in the high chair, what object do they immediately pick up and begin playing?",8,16,0.5938,0.475,9,1,6,1.1328,0.23129,0.4809,0.039,0.5495,0,0
"After the hand drops yellow fruits into a clear plastic bag at the fruit stand, which household product section does the camera later highlight, showing brands like Viva and Scott?",118,16,0.5938,0.4038,7,5,4,1.247,0.23051,0.4801,0.1533,0.5714,0,0
"After the referee tends to the boxer wearing blue shorts who was knocked down, what gesture does the boxer in gray shorts make inside the ring?",9,16,0.5938,0.475,9,1,6,1.097,0.22842,0.4779,0.0033,0.0526,0,0
"Earlier in the video, before the man eventually sets his phone aside to speak, which labeled product container does he hold up close to the camera?",98,16,0.5938,0.4038,7,5,4,1.2785,0.21484,0.4635,0.1847,0.6047,0,0
"After the sequence where someone confidently walks away from a tree and starts jumping higher on yellow stilts, what mishap happens the next time stilts are used in the video?",125,16,0.5938,0.3631,6,7,3,1.3723,0.13552,0.3681,0.2786,0.485,0,0
"During the indoor cycling demonstrations that follow the outdoor jogging scenes, which athletic shoe brand is visible when the instructor tightens the bike’s foot straps?",50,16,0.5625,0.4961,9,0,7,1.2657,0.50228,0.7087,0.2032,0.97,0,0
What happens on the shrub-lined white runway right after the envelope is placed in the bright Veuve Clicquot mailbox?,53,16,0.5625,0.4961,9,0,7,1.4379,0.48114,0.6936,0.3754,0.9091,0,0
"After the person repeatedly stamps a dusty sneaker on the wooden plank, what tool do they later use to rinse another shoe?",5,16,0.5625,0.4635,8,2,6,1.3351,0.40944,0.6399,0.2726,0.904,0,0
"Before the plank is cut with a blade that throws off sawdust, through what machine is it first guided to smooth its surface?",1,16,0.5625,0.4961,9,0,7,1.4861,0.40937,0.6398,0.4236,0.7389,0,0
"After the group finishes filling out forms at the Sand Dollar Sports hut, what specific leisure activity are they next shown doing underwater?",2,16,0.5625,0.4961,9,0,7,1.3215,0.40821,0.6389,0.259,0.8681,0,0
How is the patient positioned during the first abdominal injection compared with the later injection that uses a syringe filled with red liquid?,42,16,0.5625,0.4635,8,2,6,1.671,0.40619,0.6373,0.6085,0.9911,0,0
"Following the product discussion that centers on Cetaphil Gentle Skin Cleanser, what implement does the makeup artist use to apply liquid foundation to the model’s face in the subsequent demonstration?",13,16,0.5625,0.4961,9,0,7,1.2303,0.39206,0.6261,0.1678,0.7938,0,0
"After the group installs fresh fence panels, what color wood stain do they apply to the fence during the next day's painting activity?",4,16,0.5625,0.4961,9,0,7,1.2928,0.38456,0.6201,0.2303,0.7186,0,0
"Following the outdoor soccer game with players in green and yellow jerseys, which person appears indoors to explain a small rectangular object?",18,16,0.5625,0.4961,9,0,7,1.4163,0.37501,0.6124,0.3538,0.8844,0,0
"During the portion where the belly dancer performs in front of four judges rather than three, which traditional drumming instrument is mentioned in the on-screen text?",92,16,0.5625,0.4961,9,0,7,1.2977,0.36639,0.6053,0.2352,0.6536,0,0
Which ski brand does the man hold up for close inspection just before the footage cuts to a skier descending the tree-lined slope?,120,16,0.5625,0.4961,9,0,7,1.2003,0.36597,0.605,0.1378,0.7571,0,0
"Of the Coca-Cola bottle, Red Bull can, and milk bottle first arranged on the table, which beverage is poured into the glass immediately after the Coca-Cola is poured?",52,16,0.5625,0.4961,9,0,7,1.3945,0.36435,0.6036,0.332,0.828,0,0
"Which object is first shown in a close-up right after the sled ride, is later sharpened on a stone, and finally used by the man while carving wood that sparks a nighttime fire?",12,16,0.5625,0.4961,9,0,7,1.12,0.34084,0.5838,0.0887,0.4,0,0
"Following the initial outdoor scene with four instructors, how many instructors are typically shown leading the class on elevated bikes throughout the rest of the video?",42,16,0.5625,0.4961,9,0,7,1.6973,0.33013,0.5746,0.6348,0.8516,0,0
"After the dog is towel-dried but before it is brushed and rewarded with treats, what device does the caretaker use on the dog’s fur?",54,16,0.5625,0.4961,9,0,7,1.2803,0.32944,0.574,0.2178,0.6814,0,0
"During the studio scene where the artist alternates between speaking to an audience and painting, which instrument is played by one of the traditionally dressed onlookers?",54,16,0.5625,0.4961,9,0,7,1.187,0.32028,0.5659,0.1245,0.4225,0,0
"After the player in a black shirt loses possession to two light-blue-shirted defenders on the nighttime court, what exact text appears on the subsequent black screen?",109,16,0.5625,0.4285,7,4,5,1.2365,0.31055,0.5573,0.174,0.5556,0,0
"After staff members secure riders into enclosed blue, red, and green tubes at the tower’s top, which color slide is later shown from the rider’s first-person perspective during the swift descent?",101,16,0.5625,0.4961,9,0,7,1.2193,0.30624,0.5534,0.1568,0.3477,0,0
"What colour is the suitcase carried by the woman wearing flippers as she runs ahead, just before the schoolgirls break into their synchronized stick-and-drum dance?",74,16,0.5625,0.4961,9,0,7,1.1271,0.2982,0.5461,0.0646,0.4,0,0
"Immediately after the orange rectangle displaying the contact email disappears, what exact three-word phrase is shown in the central banner on the next screen?",104,16,0.5625,0.4961,9,0,7,1.1931,0.28262,0.5316,0.1306,0.4286,0,0
"After the initial scene of needles weaving dark-and-light rows, which tool do the hands use in the very next crafting segment before switching back to needles later?",59,16,0.5625,0.4635,8,2,6,1.3812,0.27875,0.528,0.3187,0.85,0,0
"After soaring off the steep ramp during the daytime lake event, what happens to the water skier when he reaches the makeshift landing platform built from stacked barrels and debris?",5,16,0.5625,0.4635,8,2,6,1.1123,0.25868,0.5086,0.0498,0.3333,0,0
"After filling the red wheelbarrow near the tarp-covered soil pile, where does the child later wheel it in the yard?",22,16,0.5625,0.4635,8,2,6,1.1162,0.25336,0.5033,0.0537,0.2175,0,0
Which color rope is used both when the man rebounds after his bridge bungee jump and when he hauls himself onto the rescue platform from the water?,18,16,0.5625,0.4961,9,0,7,1.1543,0.24199,0.4919,0.0918,0.2778,0,0
"When the man in the orange shirt walks across the lawn with a leaf blower, what color is the shirt of the person simultaneously driving the riding lawn mower?",58,16,0.5625,0.4961,9,0,7,1.0694,0.23906,0.4889,0.0069,0.1102,0,0
"After the instructor finishes speaking directly to the camera and lifts a knitted sample for viewers, which two colours dominate that fabric before the video shifts to close-up handwork?",32,16,0.5625,0.4285,7,4,5,1.4892,0.22519,0.4745,0.4267,1.0,0,0
Which garment color is worn both by the male dancer who leads the opening ensemble and by one of the two tap dancers who later emerge onto the dimly lit stage?,93,16,0.5625,0.4961,9,0,7,1.663,0.22142,0.4706,0.6005,0.9549,0,0
Which whisky label is on the bottle the man uses when he pours some into a glass and then into his hand before rubbing his palms together?,107,16,0.5625,0.2997,4,10,2,1.3637,0.21977,0.4688,0.3012,0.6958,0,0
Which percussion instrument is first showcased by a woman right after the suited host’s opening and is later played again when the curly-haired singer switches from singing to rhythm?,79,16,0.5625,0.4285,7,4,5,1.5887,0.21946,0.4685,0.5262,0.9,0,0
"After the groomer finishes brushing the West Highland White Terrier on the table, where does she move the dog for its wash?",43,16,0.5625,0.4635,8,2,6,1.1284,0.20956,0.4578,0.0659,0.25,0,0
"After the woman finishes speaking, from what elevated surface does the male instructor lead the cycling class while riding his stationary bike?",57,16,0.5625,0.3903,6,6,4,1.0368,0.20226,0.4497,0.0056,0.0889,0,0
"Right after the series of close-up winch-winding shots, the camera pulls back to show the boat sailing; what landform is visible in the distance behind the vessel then?",108,16,0.5625,0.4285,7,4,5,1.2061,0.19411,0.4406,0.1436,0.6,0,0
"After the series of forest firefight scenes, in what sort of environment does the lone camouflaged player navigate immediately before the closing Yakuza Tactico Paintball logo appears?",2,16,0.5625,0.4285,7,4,5,1.1116,0.1874,0.4329,0.0491,0.4294,0,0
"After the video’s early focus on just the sky and the ancient stone wall, what kind of modern buildings later appear in the background during the kite-flying scenes?",24,16,0.5625,0.2997,4,10,2,1.1878,0.16675,0.4084,0.1253,0.625,0,0
"After someone holds up a fluffy garment beneath the mountain mural with a red sun, which accessory does a woman later put on and adjust while she poses in front of a mirror?",73,16,0.5625,0.4635,8,2,6,1.2236,0.16146,0.4018,0.1611,0.7364,0,0
What distinctive item of clothing does the archer wear immediately after the screen stating “Then Dan and Gav” appears?,122,16,0.5625,0.2421,3,12,1,1.5026,0.13231,0.3637,0.4401,0.8,0,0
What word and accompanying web address appear on a red background both immediately after the animated letters assemble and just before the screen fades to black?,77,16,0.5625,0.2421,3,12,1,1.2008,0.10184,0.3191,0.1383,0.9998,0,0
What appears onscreen immediately after the yellow-shirted badminton player and her green-shirted opponent finish their rally with a handshake at the net?,81,16,0.5312,0.4831,8,1,7,1.2761,0.49109,0.7008,0.2449,0.9571,0,0
"Before she later appears putting on the green, what golfing activity is the woman wearing a pink shirt and black shorts shown practicing earlier in the video?",71,16,0.5312,0.4496,7,3,6,1.3804,0.41371,0.6432,0.3804,0.9864,0,0
Which tool does the person use on the light switch both before and after they apply a white substance around its edges?,102,16,0.5312,0.4831,8,1,7,1.6674,0.37563,0.6129,0.6361,0.9713,0,0
"After the kneeling diver gives a thumbs-up on the pool floor, what form of direct contact do the two divers share when they later meet near the pool wall?",10,16,0.5312,0.4496,7,3,6,1.3766,0.37221,0.6101,0.3454,0.9662,0,0
"When the onscreen instructions reading “Rows: 1 – 4 Knit 3, Purl 2” appear, which color yarn are the hands looping around the pegs of the circular loom?",91,16,0.5312,0.4831,8,1,7,1.3519,0.3657,0.6047,0.3207,0.6,0,0
Which prominent black image reappears on the red backdrop at both the opening scene and later sections when seated observers watch the central dancer?,116,16,0.5312,0.4831,8,1,7,1.7639,0.36282,0.6023,0.7326,0.9807,0,0
Which team’s tally climbs from two to four during the mid-game on-screen score update in the beer pong match?,49,16,0.5312,0.4831,8,1,7,1.1871,0.32328,0.5686,0.1558,0.6567,0,0
"What item does the standing child take from the red storage bag after brushing, while the seated child tries to brush the woman’s teeth?",88,16,0.5312,0.4496,7,3,6,1.2183,0.32158,0.5671,0.187,0.5294,0,0
"Which poster is later measured with a tape after its abbreviation ""WCD"" has been written earlier on lined paper?",24,16,0.5312,0.4831,8,1,7,1.1723,0.31674,0.5628,0.141,0.6086,0,0
"After finishing rubbing sunscreen onto the leg of the person lying on the lounge chair, which body part does the man then apply sunscreen to on the standing person by the pool?",57,16,0.5312,0.4831,8,1,7,1.3418,0.31225,0.5588,0.3106,0.6826,0,0
"For the snowboarder wearing a red jacket, what action does he undertake once the orange-jacketed helper releases his arm after assisting him to stand on the yellow board?",117,16,0.5312,0.4831,8,1,7,1.1454,0.30441,0.5517,0.1141,0.4412,0,0
"After closing both the sliding glass and wooden doors, from what spot in the room does the cleaner begin vacuuming before moving systematically toward the entrance?",36,16,0.5312,0.4831,8,1,7,1.3742,0.29679,0.5448,0.343,0.766,0,0
"After the man in a white T-shirt leans forward preparing to jump on the bridge, how is he oriented against the concrete structure in the next segment while still secured by his harness?",108,16,0.5312,0.4831,8,1,7,1.0637,0.27219,0.5217,0.0637,0.334,0,0
"After showing the sunscreen lotion, which item does the woman dip into the water-filled blue bowl before rubbing it on her arm?",121,16,0.5312,0.4831,8,1,7,1.3461,0.26387,0.5137,0.3149,0.65,0,0
"After she finishes drying her roller-clipped hair with the medium-heat hairdryer, which body part does she gently massage with her hands?",125,16,0.5312,0.4496,7,3,6,1.1179,0.26176,0.5116,0.0867,0.3571,0,0
"After completing the routine inside the gymnasium, where do the cheerleaders next perform their lifts and pyramid stunts?",23,16,0.5312,0.4831,8,1,7,1.1492,0.25847,0.5084,0.1179,0.303,0,0
"After the man in the vest walks through the busy street and, inside the shop, examines a blue packaged fan, what sporting item does he and his companion closely inspect next at the counter?",128,16,0.5312,0.4831,8,1,7,1.3714,0.25709,0.507,0.3401,0.532,0,0
"After the woman first presents the “Uncommon” hair product while transforming her curls, which brand of hair elastics does she later showcase before finishing her high bun?",119,16,0.5312,0.4134,6,5,5,1.1677,0.23655,0.4864,0.1365,0.4567,0,0
"After celebrating his goal by waving to the crowd, how is the blue-jerseyed player with number 26 later shown moving through the hallway area?",70,16,0.5312,0.4134,6,5,5,1.4746,0.23536,0.4851,0.4746,0.9091,0,0
Which specialized activity do participants perform both when they move around inside the graffiti-covered underground tunnel and later when the main performer continues under a rainy bridge?,79,16,0.5312,0.4496,7,3,6,1.5668,0.23178,0.4814,0.5356,0.899,0,0
"After the bags of fallen leaves are loaded into the car trunk, where are those leaves later emptied and spread?",132,16,0.5312,0.4496,7,3,6,1.1703,0.22593,0.4753,0.139,0.3277,0,0
"After a clear base coat is applied but before a yellow sponge is shown being trimmed, what kind of polish is painted onto the nails?",82,16,0.5312,0.4134,6,5,5,1.2343,0.21877,0.4677,0.2031,0.3571,0,0
"After steering the red lawn mower around the stone fire pit, what suspended object hanging from a tree does the operator navigate around next?",27,16,0.5312,0.4134,6,5,5,1.0903,0.21431,0.4629,0.0591,0.597,0,0
"After the man identified as Travis Doran finishes his red-cup drink and talks to the camera, what machine is later shown stationed on the grassy shore, pulling skiers across the lake?",33,16,0.5312,0.4496,7,3,6,1.0797,0.21155,0.4599,0.0484,0.1587,0,0
"Which additional tool, absent during the earlier two-needle knitting, does the right hand introduce later while guiding the light blue yarn through the loops?",45,16,0.5312,0.4831,8,1,7,1.1833,0.19728,0.4442,0.1521,0.5556,0,0
"In the video, the man first loses his balance and falls off an object, but later he sits on that same object while conducting imaginary music with his arms; what is the shared object?",8,16,0.5312,0.4134,6,5,5,1.2585,0.18497,0.4301,0.2273,0.5205,0,0
What does the scorecard displayed directly before Anne BOOZ’s post-match interview reveal about how many sets Amicale Nîmes Volley Ball won and their set scores against Cannes?,43,16,0.5312,0.3737,5,7,4,1.1079,0.16946,0.4116,0.0767,0.3375,0,0
What visual elements appear on the screen just before the violinist in the blue gown enters and begins her performance?,30,16,0.5312,0.2142,2,13,1,1.4344,0.14317,0.3784,0.4031,0.8333,0,0
Which cutting tool is used on the CD before a knife later slices a rectangular section to fit a clear lens?,23,16,0.5,0.5,8,0,8,1.4414,0.49605,0.7043,0.4414,0.9155,0,0
Which manicure product is introduced after the pale pink varnish is applied and before the later steps that use clear varnish and glitter?,95,16,0.5,0.5,8,0,8,1.3578,0.44852,0.6697,0.3578,0.8017,0,0
What warning message is printed on the sign positioned beside the wooden deck that participants pass while dragging their tubes toward the snowy slope?,73,16,0.5,0.5,8,0,8,1.2443,0.41973,0.6479,0.2443,0.6216,0,0
Which hair styling tool does the woman introduce to the camera in the hotel room immediately before she starts using the black hot air brush on her own hair?,95,16,0.5,0.4677,7,2,7,1.537,0.40195,0.634,0.537,1.0,0,0
"After the diver recovers the lost sunglasses, what object is later held underwater while on-screen text states it ""Doesn't Biodegrade""?",29,16,0.5,0.433,6,4,6,1.4286,0.34823,0.5901,0.4286,0.9231,0,0
"After the factory’s detailed charts and graphs appear, which label is printed on the yellow quality-control sign shown before the camera switches to workers adjusting bicycle wheels on the overhead conveyor?",66,16,0.5,0.5,8,0,8,1.2315,0.34569,0.588,0.2315,0.6,0,0
What natural scene appears after the footage of bright flames and before the man begins speaking to the camera again?,42,16,0.5,0.4677,7,2,7,1.1358,0.3449,0.5873,0.1358,0.6667,0,0
What major hair treatment occurs after the head is completely wrapped in plastic but before the blow-drying scene that features a phone displaying an ongoing call?,48,16,0.5,0.433,6,4,6,1.2516,0.32736,0.5721,0.2516,0.7264,0,0
"During the series of three rip-through reveals on the brown paper backdrop at the start, which figure emerges in the third opening, and what activity are they engaged in?",8,16,0.5,0.4677,7,2,7,1.4695,0.32438,0.5695,0.4695,0.875,0,0
"What repeated visual element frames the entire video, appearing both before the first winter sports scene and again after the final skiing footage?",119,16,0.5,0.3953,5,6,5,1.6184,0.31684,0.5629,0.6184,1.0,0,0
"After the screen instructs viewers to ""MOISTEN SHIRT,"" which shirt section does the next onscreen text say to iron before the tutorial later focuses on the cuffs?",92,16,0.5,0.5,8,0,8,1.2687,0.31389,0.5603,0.2687,0.5437,0,0
"After she shows a red apple near the start, what specific tool does the blue-haired woman later use on her eyelashes right before picking up the mascara?",97,16,0.5,0.5,8,0,8,1.2194,0.31197,0.5585,0.2194,0.6182,0,0
Which single word appears on screen right after the man in a black Sierra Snowboard T-shirt addresses the camera against a plain white background?,19,16,0.5,0.5,8,0,8,1.0391,0.31195,0.5585,0.0391,0.625,0,0
"After several segments featuring wooden knitting needles, what material are the needles made of when they first appear different while the blue-yarn knitting continues?",82,16,0.5,0.5,8,0,8,1.0882,0.30924,0.5561,0.0882,0.6035,0,0
Which kitchen surface does the person clean immediately after spraying and wiping the countertop beside the espresso machine?,42,16,0.5,0.5,8,0,8,1.1434,0.29668,0.5447,0.1434,0.7073,0,0
"Instead of standing on the shoreline like earlier spectators, where do the two people watch from while the man later walks the slackline high over the lake?",111,16,0.5,0.3953,5,6,5,1.1876,0.28224,0.5313,0.1876,0.4938,0,0
"Following the segment where the pianist performs “What a Friend We Have in Jesus” on a grand piano, what kind of piano appears when the screen shows the words “Keep on the Firing Line”?",120,16,0.5,0.5,8,0,8,1.1657,0.28163,0.5307,0.1657,0.3438,0,0
"Immediately after the dark-uniformed TSV Pfersee player’s shot beats the yellow-clad goalkeeper, what score does the scoreboard display between TSV Schwaben Augsburg and TSV Pfersee?",54,16,0.5,0.5,8,0,8,1.1347,0.2812,0.5303,0.1347,0.7323,0,0
"After the man locks the double-door storage unit inside the ski shop, where is that same cabinet relocated later in the video?",28,16,0.5,0.4677,7,2,7,1.2264,0.27976,0.5289,0.2264,0.5714,0,0
"Which athletic event, featuring athletes spinning inside a safety-netted circle to release a metal ball on a wire, takes place after the discus preparation scene but before the long-jump attempt?",59,16,0.5,0.5,8,0,8,1.0914,0.26725,0.517,0.0914,0.5,0,0
"After the video’s professional cricket footage showing a bowler in green-and-yellow clothing, what color are the wickets that the children later set up for their own game?",55,16,0.5,0.5,8,0,8,1.0597,0.26445,0.5142,0.0597,0.2174,0,0
"After the artist brushes gold wax onto the spoon drawing, which paint color is later used to intensify its shadows while the artist’s wristwatch is visible?",41,16,0.5,0.5,8,0,8,1.013,0.25566,0.5056,0.013,0.1385,0,0
"Across the entire video’s sequence of different throwing practices, which discipline does the athlete perform most often?",8,16,0.5,0.5,8,0,8,1.6863,0.23532,0.4851,0.6863,0.9542,0,0
"Immediately after shutting the open drawer full of assorted items, how does the person interact with the laptop on the desk?",16,16,0.5,0.4677,7,2,7,1.0413,0.23009,0.4797,0.0413,0.3072,0,0
"After the artist uses a thin green tool to add black lines to the light-blue nails, which winged creature with metallic blue-green coloring is later gently moved with tools beside a silver-polished nail?",76,16,0.5,0.433,6,4,6,1.1234,0.2258,0.4752,0.1234,0.3448,0,0
"As chopped hay pours from the top of the green 950 Jaguar forage harvester, what color tractor towing a trailer drives toward it?",34,16,0.5,0.5,8,0,8,1.1282,0.22375,0.473,0.1282,0.6936,0,0
"After the words “ADVENTURE SQUAD” appear during the faucet-filling scene, what specific care activity does the man later carry out with both black dogs in that same bathtub before he dries one with a towel?",10,16,0.5,0.3536,4,8,4,1.1676,0.17269,0.4156,0.1676,0.5263,0,0
"Prior to the scene where the wall timer counts down from 0:57, what does a drumstick do with the wall-mounted control panel?",76,16,0.5,0.3953,5,6,5,1.0329,0.17248,0.4153,0.0329,0.5263,0,0
"After gloved hands meticulously apply makeup to the seated woman near the beginning, what procedure do those same gloved hands later perform on her nose during the party?",48,16,0.5,0.3953,5,6,5,1.041,0.13765,0.371,0.041,0.1547,0,0
"During the synchronized dive attempt later in the video, what mistake does one diver make and what immediate visual result is seen when they hit the water?",78,16,0.5,0.3536,4,8,4,1.0249,0.13109,0.3621,0.0249,0.3174,0,0
"During the later sequence where the martial artists leap into the air in unison, what distinctive marking now appears on the front of their black attire?",100,16,0.5,0.3062,3,10,3,1.0871,0.12887,0.359,0.1184,0.7692,0,0
"Right after the man finishes his martial-arts demonstration inside the wooden room, what setting does the video switch to, and how many practitioners are shown there?",57,16,0.5,0.25,2,12,2,1.0,0.0625,0.25,0.0,0.0,0,0
"Which object, depicted beside the red “MDAUS” text in the opening logo, later appears in real form loaded onto the barbell the athlete lifts?",20,16,0.4688,0.4831,7,1,8,1.4164,0.45305,0.6731,0.4476,0.866,0,0
Which two players immediately start a new squash match right after Vinod’s outdoor 3-0 victory celebration?,74,16,0.4688,0.4831,7,1,8,1.2531,0.45063,0.6713,0.2843,0.8,0,0
"After advancing with plank steps in his routine, which push-up variation that draws a knee toward the elbow does the man perform next?",107,16,0.4688,0.4831,7,1,8,1.1865,0.34955,0.5912,0.2178,0.8182,0,0
"When the on-screen directions for Row 1 appear, what material are the knitting needles made of, replacing the golden pair used earlier in the video?",70,16,0.4688,0.4831,7,1,8,1.2734,0.33144,0.5757,0.3046,0.8671,0,0
"Which object, first shown as a shiny household fixture among the germ-prone items displayed after the toys, reappears later in a close-up revealing its scratched brass surface?",17,16,0.4688,0.4831,7,1,8,1.1503,0.33013,0.5746,0.1815,0.4156,0,0
"After the baking-soda paste is mixed indoors, where are the sneakers left to dry before they are later brought back inside for lacing?",32,16,0.4688,0.4134,5,5,6,1.0954,0.31149,0.5581,0.1266,0.4286,0,0
"After the green-shirted arm wrestler wins and just before the sequence jumps to the activity montage, what courtesy do the two competitors exchange?",107,16,0.4688,0.4831,7,1,8,1.2013,0.29718,0.5451,0.2326,0.7,0,0
"After the chef finishes drizzling hot sauce over the chopped pineapple mixture, which colored utensil does he use to squeeze lemon juice into the bowl?",103,16,0.4688,0.4134,5,5,6,1.2727,0.29574,0.5438,0.3352,0.6087,0,0
"After the cowboy gets bucked off his horse, which animal does the very next rider pursue in the subsequent scene?",11,16,0.4688,0.4496,6,3,7,1.0667,0.25233,0.5023,0.0979,0.4115,0,0
"After the man swings an axe beside the open trunk of the white car, what does he later smash repeatedly with a sledgehammer?",64,16,0.4688,0.4496,6,3,7,1.0533,0.23823,0.4881,0.0846,0.315,0,0
What distinctive upper-body garment is worn by the musician who is first only partly seen but later stands to sing beside the guitarist?,53,16,0.4688,0.4496,6,3,7,1.1106,0.23375,0.4835,0.1419,0.6207,0,0
"After the lead musician finishes tapping the cymbal in the open field, which instrument does he pick up next, and from what unusual material is it made?",103,16,0.4688,0.3737,4,7,5,1.1929,0.23229,0.482,0.2242,0.7143,0,0
"After the outdoor interview with the bald man in the red hoodie, what club’s emblem is shown on the T-shirt the camera focuses on?",37,16,0.4688,0.4134,5,5,6,1.2393,0.22408,0.4734,0.2706,0.7281,0,0
"Across the different scenes, what ceiling fixtures are repeatedly cited as providing the room’s warm lighting, and how many are there?",56,16,0.4688,0.4134,5,5,6,1.1072,0.18143,0.426,0.1385,0.3333,0,0
"During the red- and blue-lit stage sequence where the words “unquenchable thirst” appear, what does the white-clad newcomer do to the red-haired dancer?",1,16,0.4688,0.4831,7,1,8,1.2976,0.16112,0.4014,0.3288,1.0,0,0
"After the needle has been guided through her navel near the end of the video, what does the practitioner fasten there that was not present when an adhesive strip was first pressed onto her abdomen?",12,16,0.4688,0.3737,4,7,5,1.0557,0.14241,0.3774,0.087,0.6233,0,0
"After the red screen with the 'Veterans Make Movies' logo fades, what exact wording appears on the building sign that the camera slowly pans across?",109,16,0.4688,0.2142,1,13,2,1.3573,0.14142,0.3761,0.3886,0.9091,0,0
"After the skateboarder crashes onto his back during his failed wall jump in the graffiti-covered skate park, what striking effect suddenly fills the surroundings as onlookers converge?",55,16,0.4688,0.3292,3,9,4,1.0714,0.13202,0.3633,0.1027,0.7143,0,0
"After the riders have mounted and start trotting together across the field, which two man-made structures can be seen behind them near the treeline?",131,16,0.4688,0.3737,4,7,5,1.1999,0.10578,0.3252,0.2312,0.4231,0,0
"After the outdoor field hockey penalty shot is saved, which drinking game do participants play around a long table indoors before the scene switches to dancing?",35,16,0.4375,0.4961,7,0,9,1.1586,0.55454,0.7447,0.2523,0.9,0,0
"According to the marathon map displayed just before the wheelchair athlete is shown crossing the finish line, at which park does the highlighted ""Two-Person Exchange"" occur?",15,16,0.4375,0.4961,7,0,9,1.2039,0.52269,0.723,0.2664,0.8447,0,0
"Between the discus throws by the men in a white shirt and a red shirt, what brief playful action featuring a child is shown?",111,16,0.4375,0.4635,6,2,8,1.3502,0.45741,0.6763,0.4127,0.885,0,0
What number is painted on the long canoe that first carries a pink flag at its bow and later paddles alongside the canoe marked 57?,125,16,0.4375,0.4961,7,0,9,1.2271,0.45143,0.6719,0.2896,0.8604,0,0
"After the person empties the bucket of plant debris into the green-lidded trash bin and walks away down the alley, which animal is later seen watching them?",97,16,0.4375,0.4961,7,0,9,1.1362,0.41292,0.6426,0.1987,0.6875,0,0
"After Viktor Kjaell’s interview and before Frederik Lindberg appears, the video shows a national coach; which country does he coach?",38,16,0.4375,0.4961,7,0,9,1.3179,0.40598,0.6372,0.3804,0.8421,0,0
"Right before the jumper in the yellow shirt actually steps off the cliff platform, what hand gesture is shown to signal that he is ready?",62,16,0.4375,0.4961,7,0,9,1.0517,0.38948,0.6241,0.1142,0.7692,0,0
"After the television shifts from showing a starry sky to later displaying a single-word message, what word appears on its screen?",100,16,0.4375,0.4961,7,0,9,1.0848,0.36214,0.6018,0.1473,0.4778,0,0
"After the hands stop pressing near the thermostat and the camera begins showing the living room, what object repeatedly remains centered in the later scenes?",38,16,0.4375,0.4961,7,0,9,1.5986,0.35714,0.5976,0.6611,0.9649,0,0
"After the boy in a red shirt loses the arm-wrestling match, what color sleeveless top does the next challenger wear?",103,16,0.4375,0.4961,7,0,9,1.0833,0.35119,0.5926,0.1458,0.7143,0,0
"After the blue-uniformed players celebrate their rebound goal, what play does the referee immediately supervise to restart the action on the field?",94,16,0.4375,0.4961,7,0,9,1.2069,0.34502,0.5874,0.2694,0.83,0,0
Which rider appears performing nighttime tricks right after the video finishes displaying close-ups of components such as the Genesis sealed integrated headset and VLM flangeless grips?,51,16,0.4375,0.4961,7,0,9,1.0201,0.34363,0.5862,0.0826,0.3704,0,0
"After the plain background changes to a blue surface, into what geometric shape does the pink crochet piece initially develop before it is enlarged?",9,16,0.4375,0.4961,7,0,9,1.0377,0.33241,0.5765,0.1002,0.8333,0,0
"After the on-screen words ""Because an Alaskan Winter is not a Weakness,"" where is the same runner shown next, and what new headgear are they wearing?",12,16,0.4375,0.4285,5,4,7,1.2739,0.32731,0.5721,0.3364,0.8271,0,0
"The fighter who starts the bout by dodging side-to-side defensively and later floors his opponent, triggering the referee’s count, wears gloves of what color?",40,16,0.4375,0.4961,7,0,9,1.056,0.31693,0.563,0.1185,0.46,0,0
"After the camera leaves the clothing boutique and passes through the hallway, which kind of store does it enter, and what merchandise is primarily shown there?",90,16,0.4375,0.348,3,8,5,1.164,0.31254,0.5591,0.2265,0.8497,0,0
"After the teammates rush to celebrate the late goal on the field, where does the video immediately cut to?",99,16,0.4375,0.4961,7,0,9,0.9801,0.29896,0.5468,0.0426,0.1789,0,0
"After the shirtless skateboarder successfully clears the high bar, what does he do while standing among the crowd?",122,16,0.4375,0.3903,4,6,6,1.2099,0.28566,0.5345,0.3037,0.6814,0,0
What patterned accessory does the stylist finally place over the finished heart-shaped braids to secure the style?,98,16,0.4375,0.348,3,8,5,1.2669,0.274,0.5234,0.3294,0.8383,0,0
"After first drying her hair earlier in the video, which household appliance does the woman later pretend to sing into like a microphone?",59,16,0.4375,0.4961,7,0,9,1.3846,0.2639,0.5137,0.4471,0.8375,0,0
"After the camera cuts from the man’s initial empty-handed Tai Chi to a close-up of the stone wall and flowers, what object is he holding when he reappears?",51,16,0.4375,0.4961,7,0,9,0.979,0.26133,0.5112,0.0415,0.1591,0,0
"Following the initial smoothing of the white cushion on the ironing board, what color is the fabric that the person next folds and aligns over that cushion?",16,16,0.4375,0.4961,7,0,9,1.3294,0.25158,0.5016,0.3919,0.8,0,0
"Between the artist's first and subsequent return to tattooing the client's foot, which body part does he tattoo in the intervening session?",105,16,0.4375,0.4961,7,0,9,1.0696,0.2441,0.4941,0.1321,0.36,0,0
Which foot is both the first to receive a sock and later the first to be put into a boot during the sequence?,41,16,0.4375,0.4961,7,0,9,1.2519,0.23186,0.4815,0.3144,0.7782,0,0
"After the man in the green top launches the kite on the beach, what color shirt is worn by the individual who later takes over its control?",24,16,0.4375,0.4961,7,0,9,0.9703,0.22587,0.4753,0.0328,0.2405,0,0
"Following the repeated black-screen text commenting on “smooth moves diving on the family,” what unusual implements are the kite lines attached to when the beach scene returns?",13,16,0.4375,0.4285,5,4,7,1.0594,0.21384,0.4624,0.1219,0.5882,0,0
What hand-held tool is used both when the man slices non-woven wallcovering along a straight edge early on and when he later trims a thin wooden strip on the table?,39,16,0.4375,0.4285,5,4,7,1.4337,0.18969,0.4355,0.4962,0.8571,0,0
"Although the campfire is first lit by someone wearing a dark jacket, what color jacket does the person wear later when kneeling to tend the fire with a stick?",103,16,0.4375,0.3903,4,6,6,1.0941,0.16584,0.4072,0.1566,0.5,0,0
"After the person in the yellow shirt finishes filming and steps out of the bathroom, what does the towel-wrapped individual do at the sink?",126,16,0.4375,0.3903,4,6,6,0.9861,0.14798,0.3847,0.0486,0.2105,0,0
Which instrument’s name is shown in an on-screen title before the later appearance of the words “PERCUSSION INSTRUMENTS”?,5,16,0.4062,0.475,6,1,9,1.1802,0.46372,0.681,0.274,1.0,0,0
"While the blue-clad athlete wearing number 097 begins her long-jump run, which British competitor is simultaneously filmed making her fifth javelin throw?",40,16,0.4062,0.475,6,1,9,1.0587,0.43605,0.6603,0.1524,0.7699,0,0
What color top does the fencer who wins the bout and is hugged by the conceding opponent wear?,35,16,0.4062,0.475,6,1,9,1.0159,0.36985,0.6082,0.1096,0.626,0,0
Which geometric shape is central to both the colored arm tattoo finished midway through the video and the fresh ankle tattoo displayed at the end?,84,16,0.4062,0.475,6,1,9,1.0892,0.33579,0.5795,0.1829,0.6241,0,0
"During the sequence where a woman uses an electric jigsaw to shape a pumpkin on a blue-covered table, what drink is the man beside her shown sipping?",15,16,0.4062,0.4408,5,3,8,1.0705,0.32632,0.5712,0.1955,0.8107,0,0
"After raking leaves in the yard, what distinctive garment is the same person wearing when he later turns toward the camera and wields the rake like a weapon?",44,16,0.4062,0.4408,5,3,8,1.1955,0.323,0.5683,0.2893,0.8919,0,0
"Which special-effects product does Victor Nogueira display and apply at the start of the video, before later showcasing the “Special FX Brush Set by Bruna Nogueira” during his Joker makeup transformation?",132,16,0.4062,0.4408,5,3,8,1.6013,0.28754,0.5362,0.695,0.9808,0,0
"After the person slides the blue canister under the table and picks up the keys, which piece of furniture do they attempt to unlock?",2,16,0.4062,0.475,6,1,9,0.93,0.26225,0.5121,0.0238,0.38,0,0
What balance-based activity is shown immediately after the man finishes stretching with a green resistance band attached to a graffitied pole?,14,16,0.4062,0.475,6,1,9,0.9683,0.25847,0.5084,0.0933,0.5556,0,0
What item that the tattooed woman methodically places on her desk earlier in the video does the hairstylist later use to dampen the seated man's hair during his haircut?,84,16,0.4062,0.4408,5,3,8,1.1643,0.25502,0.505,0.258,0.641,0,0
"What brightly colored object outside the store, seen through the large windows during the mannequin 'Flash Sale' scene and again when people walk in the rain later, stands out in both moments?",73,16,0.4062,0.475,6,1,9,1.0157,0.25468,0.5047,0.1094,0.3595,0,0
Which specific tool does the blue-gloved hand first use to tighten a bolt on the brake caliper before later switching to pliers for pad compression?,89,16,0.4062,0.4408,5,3,8,1.1031,0.2367,0.4865,0.1969,0.5231,0,0
"After the rafters disembark to pull their stuck raft free from submerged debris and resume their journey, what overhead obstacle makes them duck as they continue downstream?",23,16,0.4062,0.475,6,1,9,0.9062,0.22559,0.475,0.0,0.0,0,0
"After executing a front wheelie near the grassy patch, which part of the bicycle does the rider lift and adjust once they dismount in the park?",47,16,0.4062,0.475,6,1,9,0.9062,0.22559,0.475,0.0,0.0,0,0
"After the blue text that states '360 Wave Music Ahhhh!!! Relax & Enjoy!!!' appears, which hairstyle does the person first showcase in the following scene?",54,16,0.4062,0.475,6,1,9,1.2547,0.20457,0.4523,0.3484,0.8,0,0
"What exact phrase first appears as small on-screen text during the early guitar lesson, later titles the demonstrated website, and finally dominates the screen as a colorful logo at the end?",72,16,0.4062,0.475,6,1,9,1.7305,0.20436,0.4521,0.8243,1.0,0,0
"After the stylist clips and parts the client’s hair and replaces her scissors with a hair-dryer, which additional handheld tool does she repeatedly use alongside the dryer to smooth each separated section?",7,16,0.4062,0.4408,5,3,8,1.0367,0.19836,0.4454,0.1305,0.2889,0,0
Which item that first sits on the wooden desk beside the smartphone later turns up next to the couch in the living-room scenes?,48,16,0.4062,0.475,6,1,9,1.2038,0.18586,0.4311,0.2976,0.588,0,0
"During the climbing sequences that follow the instructor’s initial harness setup, what accessory can repeatedly be seen worn around the climber’s wrist?",84,16,0.4062,0.4038,4,5,7,1.0241,0.17669,0.4203,0.1178,0.2361,0,0
"After thick gray mortar is poured into a rectangular container and before construction workers in yellow uniforms pour the mixed solution into machinery, which labeled product is poured into a red bucket of water?",85,16,0.4062,0.3172,2,9,5,1.1763,0.11374,0.3372,0.2701,0.6667,0,0
"During the moment when a second worker wearing a red cap is visible behind him, which two cleaning tools is the main window cleaner simultaneously holding?",95,16,0.4062,0.3172,2,9,5,0.9062,0.10059,0.3172,0.0,0.0,0,0
"After the hand puts “HGTV Magazine – The Makeover Issue” back in the drawer, which magazine does the hand pick up from beneath the snare drum a few moments later?",14,16,0.375,0.4841,6,0,10,1.12,0.50454,0.7103,0.245,0.7143,0,0
What celestial body on the solar-system poster does the person measure just before switching the tape measure to the blank white wall?,27,16,0.375,0.4841,6,0,10,1.0399,0.47792,0.6913,0.1961,0.6872,0,0
"After the scoreboard introduces the next competitor for round eight, which diver is subsequently shown standing on the platform and executing a graceful dive into the pool?",119,16,0.375,0.4841,6,0,10,1.0448,0.44231,0.6651,0.1698,0.6788,0,0
"After the dog has been rinsed and allowed to roam in the tub, what object does the person later hold above the bubbly water that the dog repeatedly tries to grab with its mouth?",49,16,0.375,0.4146,4,4,8,1.2249,0.44096,0.664,0.3499,0.83,0,0
"After inflating the repaired bicycle wheel and securing it back onto the frame, what does the person do to verify the repair’s success?",14,16,0.375,0.4841,6,0,10,1.0489,0.35589,0.5966,0.1739,0.7805,0,0
"After the Harvard sailboat dramatically tips and then rights itself, what setting does the video cut to next?",93,16,0.375,0.4841,6,0,10,0.9519,0.33591,0.5796,0.1081,0.5595,0,0
"When the two men emerge outdoors and shake hands to start their rock-paper-scissors duel after the black “VS” screen, what color T-shirt is worn by the man opposing the one in the black graphic shirt?",40,16,0.375,0.4841,6,0,10,0.9192,0.33128,0.5756,0.0754,0.6364,0,0
"Following the on-screen clarification that the snowy letters actually read “SNOM” when viewed upside-down, what type of machine is next shown carving a path through the snow?",1,16,0.375,0.4841,6,0,10,1.124,0.32831,0.573,0.249,0.9728,0,0
"Between the instructor’s tabletop explanations and the later close-ups of her knitting with red yarn, what fiber-craft is briefly demonstrated using maroon yarn and a hook?",4,16,0.375,0.4841,6,0,10,0.8615,0.32559,0.5706,0.049,0.1593,0,0
"In the indoor practice and competition scenes where divers repeatedly leap off the boards, what color are the cones placed on or near the diving boards as position markers?",127,16,0.375,0.4841,6,0,10,0.9412,0.29977,0.5475,0.0662,0.4,0,0
"During the close-up knitting demonstrations that follow the instructor’s initial desk explanation, which hand wears the visible silver ring while manipulating the needles?",59,16,0.375,0.4841,6,0,10,1.0931,0.29687,0.5449,0.2181,0.5482,0,0
"After the camera abruptly pans from the man’s cluttered workspace to the kitchen scene with a spice rack labeled “HOODLE-DIDDLE,” what small green object is positioned on top of the microwave above the rack?",123,16,0.375,0.4507,5,2,9,1.2648,0.28804,0.5367,0.3898,0.8831,0,0
"Before the player later reaches down to turn the guitar’s knobs and step on floor pedals, what part of the guitar had earlier been shown in an extreme close-up?",68,16,0.375,0.4841,6,0,10,1.0265,0.28376,0.5327,0.1827,0.4469,0,0
"Immediately after the outdoor scene where children in red uniforms jump and raise their hands, what indoor activity is shown?",57,16,0.375,0.4507,5,2,9,1.0151,0.2816,0.5307,0.1401,0.7273,0,0
Which famous building appears between the modern squash match and the ensuing animated world-map sequence?,115,16,0.375,0.4841,6,0,10,1.2413,0.28084,0.5299,0.3663,0.7143,0,0
"Later in the performance, after the initial close-up of the guitarist’s intricate fingerwork, the camera zooms in on the keys of which instrument during another detailed close-up?",132,16,0.375,0.4841,6,0,10,0.9083,0.2751,0.5245,0.0333,0.435,0,0
"After the operator discovers grass clogging the mower, what specific action does he perform before resuming the mowing task?",81,16,0.375,0.4146,4,4,8,0.8774,0.27112,0.5207,0.0337,0.5385,0,0
"After laying the black pants on the straw, what object does the person lift and carry together with the gathered clothes while walking across the rooftop?",91,16,0.375,0.4507,5,2,9,0.9433,0.26812,0.5178,0.0683,0.4508,0,0
"After the camera moves away from the cluttered desk lit by a candle, which kitchen appliance adorned with magnets and notes is shown in the adjacent room?",97,16,0.375,0.4841,6,0,10,1.114,0.2616,0.5115,0.239,0.6,0,0
Which diver listed as first place on the Women's 3 m springboard scoreboard later occupies the central top step of the medal podium?,11,16,0.375,0.4841,6,0,10,0.9458,0.25958,0.5095,0.0708,0.4545,0,0
"After the white-shirted climber had earlier belayed from the floor, who manages the safety rope when he later starts climbing the wall himself?",61,16,0.375,0.4841,6,0,10,0.8968,0.25147,0.5015,0.0218,0.237,0,0
"When the video briefly shows the 'SELF-CUT SYSTEM' case alone before the man in a black cap checks his hair in the twin mirrors, what color is that case?",51,16,0.375,0.4841,6,0,10,0.8862,0.24916,0.4992,0.0112,0.0981,0,0
"After the brief pool view framed by a blooming red flower, what color surfboard does the man shoulder while walking toward the wooden gate?",85,16,0.375,0.4841,6,0,10,0.8956,0.24759,0.4976,0.0206,0.1579,0,0
"After the person carefully organizes the Operation game pieces and before he starts arranging the Sorry! board, which board game’s box remains on the coffee table?",9,16,0.375,0.4841,6,0,10,0.8755,0.23402,0.4838,0.0005,0.0077,0,0
"After the room has been vacuumed and carpet-cleaned, what long illuminated object does the person later swing near the white box on the floor?",65,16,0.375,0.4507,5,2,9,1.0697,0.22735,0.4768,0.1947,0.6133,0,0
"At the start of the beer pong tournament, a scoreboard beside the Miller Lite banner lists the prize for the competition; after the winning team later hugs in celebration, what dollar amount had that scoreboard displayed?",83,16,0.375,0.4841,6,0,10,0.89,0.22504,0.4744,0.0462,0.4,0,0
"As the woman in the light blue tank top pours liquid dish soap onto a sponge before her partner scrubs a white plate, what partial word is printed across her shirt?",3,16,0.375,0.375,3,6,7,1.1432,0.2216,0.4707,0.2682,0.8447,0,0
"While the man in the red hoodie moves from a handstand to lying down and finally stands confidently with his hands on his hips, what posture does the woman who observes him consistently maintain?",45,16,0.375,0.4507,5,2,9,0.9533,0.22038,0.4695,0.0783,0.1333,0,0
Which single object is seen lying on the wooden surface right after the bilingual title about potato-cleaning tools but before the first potatoes are rinsed in the sink?,29,16,0.375,0.4146,4,4,8,1.0555,0.21598,0.4647,0.1805,0.6667,0,0
"Following the sequence where a hand carefully fills the ornate ceiling’s cracks with plaster, what type of repair activity is shown immediately afterward?",48,16,0.375,0.4841,6,0,10,0.9256,0.21128,0.4597,0.0506,0.2885,0,0
"Following the initial preparation sequence with Brian Drake on the one-meter board, later scenes show divers at a pool whose wall has a depth label; which single word marks the pool’s depth?",107,16,0.375,0.4841,6,0,10,1.0453,0.21032,0.4586,0.1703,0.7143,0,0
"Earlier in the video, before a hand later lifts the white video-game controller from the floor, on what piece of furniture was that controller originally shown resting?",36,16,0.375,0.4507,5,2,9,1.108,0.19838,0.4454,0.233,0.75,0,0
"After the close-up on potato gnocchi and macaroni boxes, the camera pans out to a wider store view. Which two types of furniture become visible?",7,16,0.375,0.4146,4,4,8,0.875,0.17188,0.4146,0.0,0.0,0,0
"After brewing coffee at the kitchenette, what object does the woman carry into the living room and set on the white coffee table before sitting down?",15,16,0.375,0.4146,4,4,8,0.875,0.17188,0.4146,0.0,0.0,0,0
Which unfinished material is visible on the walls surrounding the foosball table during several parts of the video?,3,16,0.375,0.375,3,6,7,0.9842,0.14964,0.3868,0.1092,0.4405,0,0
"After the individual finishes pouring dish soap and scrubbing at the sink, what activity is visible on the stove when the camera pans back?",69,16,0.375,0.2795,1,10,5,0.9692,0.10357,0.3218,0.0942,0.3067,0,0
What physical property of the kayak paddle does the presenter visibly demonstrate in the indoor studio just before the video transitions to the kayakers using it on rough water?,75,16,0.3438,0.4582,5,1,10,1.0862,0.33476,0.5786,0.2424,0.9,0,0
"When the four-person crew navigates the rapids, how does the helmet color of the person steering at the rear differ from that of the three teammates paddling ahead?",17,16,0.3438,0.4582,5,1,10,0.9143,0.31557,0.5618,0.1018,0.4607,0,0
"After families are seen eating under the green-and-white striped tent at Brickley’s, what item does employee Elizabeth Rounds remove from the baking machine inside the shop?",38,16,0.3438,0.4227,4,3,9,1.1188,0.30743,0.5545,0.2751,0.7486,0,0
"When the suited man tosses a ball to the striped-jersey player beside the goalpost, what were the team members shown holding during their earlier group photograph on the same field?",37,16,0.3438,0.4582,5,1,10,0.9619,0.30378,0.5512,0.1494,0.6364,0,0
"After the woman points at the peeling paint and the camera begins its room tour, what object can be seen placed on the small table?",10,16,0.3438,0.4582,5,1,10,1.1115,0.30332,0.5507,0.2678,0.6667,0,0
"After the women finish examining the hair-dye tube and the small bottle, which item does the blonde woman later display and simulate using by drawing on it?",92,16,0.3438,0.4582,5,1,10,0.9837,0.30022,0.5479,0.1712,1.0,0,0
"After first stepping onto the blue pad, the participant later kneels on it for a stability drill; what part of his body does the trainer press down on during that kneeling phase?",60,16,0.3438,0.4582,5,1,10,1.2147,0.28812,0.5368,0.3709,0.7222,0,0
"Between Jackie Baxter’s axe-splitting display and Sandy Van Steenis’s later bow-saw interview, which large hand tool do several participants jointly slide back and forth to cut through a clamped log?",38,16,0.3438,0.4227,4,3,9,1.0,0.26562,0.5154,0.1875,0.5,0,0
"After the green-handled electric mixer is used to beat the yolk mixture, what utensil is then used to whip the separate bowl of whites into stiff peaks?",75,16,0.3438,0.4582,5,1,10,0.999,0.24147,0.4914,0.1552,0.7886,0,0
"During the volleyball action that resumes immediately after the night scene with tree silhouettes and the year ""2007,"" which text overlay appears on the screen?",50,16,0.3438,0.4582,5,1,10,0.9019,0.24083,0.4907,0.0581,0.4348,0,0
"After the creamy substance is spread over the seated woman’s face, what object does the standing woman hold while explaining its benefits in the next shot before the red curtains?",39,16,0.3438,0.4227,4,3,9,1.0297,0.22693,0.4764,0.186,0.7143,0,0
"After the man completes the house window-cleaning demonstration using the pole-and-brush system, what products are next displayed on screen alone against a plain background?",22,16,0.3438,0.4227,4,3,9,0.9056,0.21896,0.4679,0.0618,0.2896,0,0
"After the children who earlier spelled out “I ♥ MUSIK” on their white T-shirts gather at the railing to receive small items, what color shirts are the adults distributing those items wearing?",102,16,0.3438,0.4582,5,1,10,0.8438,0.20996,0.4582,0.0,0.0,0,0
"After the earlier sequences of red-vacuum cleaning, what shimmering object does the person later untangle and secure along the windowsill?",108,16,0.3438,0.4582,5,1,10,0.8438,0.20996,0.4582,0.0,0.0,0,0
"Immediately before the video shifts from Susannah Scanlan’s post-match celebration to the medal-award hall, how do the two white-clad fencers acknowledge each other on the strip?",26,16,0.3438,0.4582,5,1,10,0.9815,0.20135,0.4487,0.1377,0.4714,0,0
"After demonstrating finger placement while holding the bow horizontally, what action does the instructor take next?",87,16,0.3438,0.3409,2,7,7,1.0961,0.19026,0.4362,0.2524,0.7753,0,0
"After first leaving the classroom looking frustrated, what does the older man do when he later comes back and approaches the young drummer?",110,16,0.3438,0.384,3,5,8,0.9666,0.18687,0.4323,0.1228,0.5294,0,0
"After the child approaches the black-and-purple vacuum cleaner, where does the child rest their head just before sitting up and laughing?",32,16,0.3438,0.4227,4,3,9,0.8438,0.17871,0.4227,0.0,0.0,0,0
"In the video’s only outdoor scene, immediately before the footage switches back to synchronized divers indoors, what action does the swimmer perform in the outdoor pool?",118,16,0.3438,0.4227,4,3,9,0.8572,0.17216,0.4149,0.0135,0.216,0,0
"After the four-member team finishes its synchronized somersault jump-rope routine, bows, and exits, which performers step into the gym’s center to continue the show?",39,16,0.3438,0.384,3,5,8,0.8607,0.13874,0.3725,0.0169,0.2214,0,0
"After the animated demonstration in which two fingers show the anti-blocking blades preventing damage, what maximum operating time does the on-screen text claim for the hedge trimmer?",41,16,0.3125,0.4635,5,0,11,1.0798,0.52608,0.7253,0.2986,0.8333,0,0
"During the light-hearted rally between the man in a white shirt and the woman in a blue dress, what exact phrase flashes on the screen immediately before the slow-motion dive replay?",20,16,0.3125,0.4635,5,0,11,0.9622,0.46541,0.6822,0.1497,1.0,0,0
"After the two motocross riders line up together, what number is displayed on the bike that stays behind when the other rider speeds off across the sand?",31,16,0.3125,0.4635,5,0,11,0.959,0.3832,0.619,0.1465,0.5767,0,0
"When the wrestling transitions from the bed covered by a red blanket to the carpeted floor later in the video, what colored book or notebook is visible lying nearby?",44,16,0.3125,0.4635,5,0,11,0.9609,0.35555,0.5963,0.1484,0.8095,0,0
"After the red-jacketed skier completes smooth turns on the lower slope, what colour jacket does the skier wear who later demonstrates linked turns for speed control on the steeper section?",73,16,0.3125,0.4635,5,0,11,1.2536,0.35205,0.5933,0.4411,0.9026,0,0
"After the woman demonstrates a lone croquet swing, what phrase repeatedly appears on the black screen before the scene changes to two people playing together?",109,16,0.3125,0.4635,5,0,11,0.9046,0.3424,0.5851,0.0921,0.6667,0,0
"After one worker pulls up the carpet and another vacuums the newly exposed floor, what large white material do they unroll and spread across the room?",87,16,0.3125,0.4635,5,0,11,1.0603,0.32664,0.5715,0.2478,0.65,0,0
"Counting both the straight-bar dips that follow the regular pull-ups and the parallel-bar dips that follow the wide pull-ups, how many total dip repetitions does the man complete before signaling the end of the first round?",5,16,0.3125,0.4635,5,0,11,1.2808,0.3252,0.5703,0.4683,0.7267,0,0
"Immediately after the two individuals end their handshake, which tool does one of them carefully pick up for a precision-focused demonstration?",102,16,0.3125,0.4635,5,0,11,1.0514,0.30632,0.5535,0.2702,0.7778,0,0
"After displaying a bottle of alcohol to the camera earlier, what handheld device does the man later speak into while standing in the shower?",104,16,0.3125,0.4635,5,0,11,0.9557,0.3046,0.5519,0.1432,0.7059,0,0
"After the technician thoroughly wipes the ski board clean and then marks positions along it, which measuring tool does he use for those markings before later waxing with an iron?",7,16,0.3125,0.4635,5,0,11,0.9943,0.3025,0.55,0.1818,0.75,0,0
Which exercise mentioned in the opening written workout routine is later shown being performed when several people swing their bodies up and down on wall-mounted bars?,28,16,0.3125,0.4635,5,0,11,1.1608,0.29224,0.5406,0.3483,0.6742,0,0
Which utensil does the cook use both to place yellow cheese slices onto the brown sauce layer and later to arrange the flat pasta sheets over the filling?,65,16,0.3125,0.4635,5,0,11,0.8028,0.28697,0.5357,0.0216,0.3448,0,0
"During the initial collage before any dance-studio interviews, which sport is shown right after the misty arched bridge scene?",97,16,0.3125,0.4635,5,0,11,1.2926,0.28386,0.5328,0.4801,1.0,0,0
Which company’s logo is displayed on the office computer screen and later reappears on activist webpages condemning rodeo sponsorship?,21,16,0.3125,0.4635,5,0,11,0.9036,0.28301,0.532,0.0911,0.5961,0,0
"After the shot fades to darkness while the bearded man stands by the window, what personal grooming service is he receiving the next time he appears?",79,16,0.3125,0.4285,4,2,10,0.9386,0.26872,0.5184,0.1261,0.4966,0,0
What color is the shopping basket into which the shopper drops wrapped candies taken from a brown paper bag in the candy aisle?,3,16,0.3125,0.4635,5,0,11,0.8391,0.26196,0.5118,0.0266,0.4251,0,0
Which acrobatic move does the person execute immediately before the scene cuts to multiple dogs running across the open field?,76,16,0.3125,0.4635,5,0,11,0.8648,0.259,0.5089,0.0523,0.4867,0,0
"After first emphasizing a paddle brush as essential, which different kind of brush does the stylist later use together with the blow dryer while drying the client’s hair?",45,16,0.3125,0.4635,5,0,11,0.9285,0.24507,0.495,0.116,0.3659,0,0
"After the two workers use a red circular saw to cut wood, which handheld power tool does one person later move steadily along a long plank to remove thin layers?",126,16,0.3125,0.4635,5,0,11,0.932,0.23867,0.4885,0.1195,0.4,0,0
Which game are the two men playing on the outdoor court both before the brief push-up scene and again after the focus returns to them?,35,16,0.3125,0.4635,5,0,11,1.2687,0.23789,0.4877,0.4562,0.7844,0,0
"After three people finish straightening the tree and spreading the Santa-and-snowflake skirt, what color netted ribbon do the two women then wrap together around the Christmas tree?",72,16,0.3125,0.4285,4,2,10,0.9403,0.20898,0.4571,0.159,0.5419,0,0
"Across multiple store scenes, individual red letters pop up on windows, signs, and displays; taken together, these letters form a single four-letter word advertising a discount. What word is it?",24,16,0.3125,0.4635,5,0,11,1.2453,0.19111,0.4372,0.4328,0.7397,0,0
"After the sequence where the horse is fitted with a green halter, what color halter is the horse wearing later when the man repeatedly pets and calms its back?",80,16,0.3125,0.4635,5,0,11,0.8731,0.18624,0.4316,0.0606,0.1429,0,0
"After tightening and pointing out the snowboard’s bindings, what tool does the person later slide along the board to scrape it clean?",109,16,0.3125,0.348,2,6,8,0.9945,0.17275,0.4156,0.182,0.5714,0,0
"After the men line up in the narrow stone passageway preparing for an activity, which item does a man near the arena barrier receive before later facing the animal in the ring?",116,16,0.3125,0.3903,3,4,9,0.8874,0.16485,0.406,0.0749,0.1875,0,0
"After the initial glass-shattering transition introduces the drummer, what exact phrase later appears on-screen while she is still playing?",113,16,0.3125,0.2421,0,10,6,0.8161,0.06011,0.2452,0.0036,0.0568,0,0
"After the opening text 'We present to you' accompanies the scenic pool overview, what object sits next to the lifeguard when he is shown later?",131,16,0.2812,0.4319,4,1,11,0.9605,0.40068,0.633,0.2105,0.8,0,0
Which type of boat appears steering through the rapids after the sequences with the yellow raft and right before the screen turns blue with credit names?,102,16,0.2812,0.4319,4,1,11,0.9008,0.31955,0.5653,0.1195,0.7949,0,0
"After the vertical column of identical white squares has completed forming, what does the bottom square do in the subsequent scene, and which direction does it move?",87,16,0.2812,0.394,3,3,10,1.0684,0.31722,0.5632,0.2872,0.7567,0,0
"After the man operates the remote-controlled helicopter, which bright structure in the field do the woman and young girl walk toward?",59,16,0.2812,0.4319,4,1,11,0.8939,0.31356,0.56,0.1127,0.7,0,0
"After the man and woman raise their coffee cups and sip together, what does the man do next as she gradually moves out of the shot?",89,16,0.2812,0.3522,2,5,9,1.0404,0.25863,0.5086,0.2592,0.8061,0,0
"While the girls are still fluffing the branches and before any lights are unpacked, which festive item they had been wearing do they place on the top of the Christmas tree?",13,16,0.2812,0.4319,4,1,11,0.9863,0.25785,0.5078,0.2051,0.7197,0,0
"After the outdoor pole-vault scene and before two people bounce on a trampoline, what are the individuals shown doing indoors?",96,16,0.2812,0.394,3,3,10,0.9543,0.23356,0.4833,0.1731,0.75,0,0
"Immediately before the man starts aiming the bow in the desert, how is his raised arm positioned?",87,16,0.2812,0.4319,4,1,11,0.75,0.21875,0.4677,0.0,0.0,0,0
What body modification procedure is shown immediately after the syringe is inserted into the patient’s lower gum?,120,16,0.2812,0.4319,4,1,11,0.9249,0.19135,0.4374,0.1436,0.4545,0,0
"In the single segment where the matches shift away from beach soccer, what sport are Vasilitsa and Boca Juniors shown playing?",131,16,0.2812,0.4319,4,1,11,0.8637,0.1902,0.4361,0.0824,0.4,0,0
What mishap briefly slows the lead windsurfer with the red-orange sail while the camera-wearing surfer follows him?,33,16,0.2812,0.3522,2,5,9,0.7938,0.16671,0.4083,0.0438,0.3333,0,0
"After the floating particles spell out a word and then disappear, what scene bathed in warm orange-yellow light is shown next?",63,16,0.2812,0.3522,2,5,9,1.1756,0.15415,0.3926,0.3944,0.8696,0,0
"After finishing using the leaf blower to scatter leaves, what object does the boy hold to his ear while walking along the stone pathway?",17,16,0.2812,0.4319,4,1,11,0.8784,0.15413,0.3926,0.0972,0.5194,0,0
"After the heart-shaped floral arrangement is displayed, what decorative element does the artist subsequently paint around the pink roses and purple flowers?",86,16,0.2812,0.3522,2,5,9,0.8376,0.13599,0.3688,0.0564,0.2857,0,0
"After the blue striped sweater is inspected earlier, which patterned garment does a hand later pick up for closer examination before returning it to the rack?",55,16,0.2812,0.3046,1,7,8,0.8462,0.13446,0.3667,0.0649,0.2857,0,0
"While the DJ is manipulating his turntables with yellow vinyl records, what athletic feat is someone else performing elsewhere in the gym?",94,16,0.2812,0.3522,2,5,9,0.9151,0.13228,0.3637,0.1338,0.5,0,0
"During the nighttime frisbee session shown, which two different ground-level positions does the man take while still playing with the dog?",116,16,0.2812,0.3046,1,7,8,0.9569,0.12868,0.3587,0.1757,0.2976,0,0
"After the yellow button is firmly sewn onto the fabric, what does the hand do with the items on the wooden shelf in the next salon scene?",80,16,0.2812,0.3522,2,5,9,1.0852,0.12738,0.3569,0.304,0.8333,0,0
"What are the colors of the two different bowls the girl washes—one midway when she scrubs then rinses it, and the other later when she happily cleans another under running water?",107,16,0.2812,0.3046,1,7,8,1.0277,0.11523,0.3395,0.2464,0.7143,0,0
How many points does Yakov add between his early 1–0 advantage and the later scoreboard tie of 4–4 against Ethan?,41,16,0.25,0.433,4,0,12,1.3709,0.32721,0.572,0.6209,0.9419,0,0
"Immediately after the resistance bands are shown spread out on the floor, which specifically labeled jump rope (name and weight) does the man pick up to continue jumping?",36,16,0.25,0.433,4,0,12,0.889,0.32164,0.5671,0.139,0.5727,0,0
"During the segment that shows starburst graphics and the text “YOUR WATCHING!”, which color hurdle does the horse strike, causing its top bar to fall?",21,16,0.25,0.433,4,0,12,1.1164,0.30666,0.5538,0.3664,0.8571,0,0
"After the diver lands cleanly and the camera shows bored spectators by the pool, what exact caption appears on screen?",6,16,0.25,0.433,4,0,12,0.8048,0.30515,0.5524,0.0548,0.7781,0,0
"After the ice is bored with a green auger and a vibrant yellow fish is hauled up, into what color water-filled bucket do the fishermen finally deposit the fish?",73,16,0.25,0.433,4,0,12,0.8353,0.2971,0.5451,0.0853,0.6,0,0
"After the man tightens the ARMADA snowboard’s bindings, what color is the tool he later uses to sharpen the board’s edge?",88,16,0.25,0.433,4,0,12,1.0341,0.29261,0.5409,0.2841,0.854,0,0
"Prior to the later scoreboard reading 20-18, to what score does the hand finish increasing the Whippersnappers while the Shuffleboard Kings stay on 08?",46,16,0.25,0.433,4,0,12,0.8342,0.28783,0.5365,0.1154,0.4286,0,0
"While three students in white, striped, and checkered tops combine forces on one side of the rope, what color hoodie does the lone student opposing them wear?",68,16,0.25,0.433,4,0,12,1.0403,0.26999,0.5196,0.2903,0.8808,0,0
"After the mechanic rolls the detached tire across the garage, to which storage unit does he walk to get a wrench?",48,16,0.25,0.433,4,0,12,0.9111,0.26838,0.5181,0.1611,0.5518,0,0
"After the room briefly darkens and then brightens again while the woman keeps playing guitar, what text appears in the bottom-right corner of the screen?",121,16,0.25,0.3953,3,2,11,0.8766,0.2635,0.5133,0.1266,0.5569,0,0
"After the man finishes inflating the previously removed bicycle tire, which fastening mechanism does he use to secure the wheel back onto the bike frame?",114,16,0.25,0.433,4,0,12,1.0369,0.23376,0.4835,0.2869,0.85,0,0
"After pulling the fish onto the snow beside the red tackle box, what does the fisherman do with the fish before kneeling again to continue fishing?",43,16,0.25,0.3953,3,2,11,0.8868,0.22268,0.4719,0.1368,0.6952,0,0
"After the man in the park falls onto a cushioned mat and resumes slacklining, what color shirt does the slackliner wear in the next wooded scene?",16,16,0.25,0.433,4,0,12,0.7924,0.22199,0.4712,0.0424,0.3448,0,0
"After the segment where the hands knit with thick purple yarn, which yarn color is used in the demonstrations that follow?",114,16,0.25,0.433,4,0,12,0.7967,0.21789,0.4668,0.0467,0.35,0,0
What component does the person fasten onto the machine just before sanding the bar-shaped object?,24,16,0.25,0.433,4,0,12,0.7188,0.21777,0.4667,0.0,0.0,0,0
"While one person is busy scooping leaves into a large bag, what playful action does the standing partner direct toward the camera?",30,16,0.25,0.3536,2,4,10,0.9031,0.21425,0.4629,0.1531,0.785,0,0
"After finishing watering the plants near the window but before filling a glass to water plants in the bedroom, what kitchen chore does the person carry out?",31,16,0.25,0.3953,3,2,11,0.7775,0.21404,0.4626,0.0588,0.4286,0,0
What specific gesture does the bungee jumper perform while preparing on the platform that precedes the later moment when they step forward and jump?,53,16,0.25,0.3953,3,2,11,0.8825,0.20585,0.4537,0.1325,0.8,0,0
"While the person leaves the quiet living room and heads down the hallway before entering the busy office, what dominant color covers the mountain-shaped mural on the corridor wall they walk past?",85,16,0.25,0.433,4,0,12,0.7944,0.20527,0.4531,0.0444,0.2632,0,0
How does the role of the woman wearing a purple top change from the opening scene to the subsequent salon demonstrations?,49,16,0.25,0.3536,2,4,10,1.3526,0.19401,0.4405,0.6026,0.9176,0,0
"After the video segment that ends with the “Best throw of series: 118'8""” text, what piece of equipment does the next athlete repeatedly spin and hurl in the tree-lined field?",132,16,0.25,0.433,4,0,12,1.117,0.19238,0.4386,0.367,0.48,0,0
"Following the moment when the red-shirted man hurls the trophy into the air and sprints away, which sport are players engaged in during the next scene?",12,16,0.25,0.433,4,0,12,0.9067,0.18712,0.4326,0.1567,0.9048,0,0
What hand gesture does the official identifiable by a metallic bracelet make during the arm-wrestling match under the transparent canopy?,24,16,0.25,0.433,4,0,12,0.7618,0.18277,0.4275,0.0118,0.1333,0,0
"After the artist finishes applying lipstick to the young man who later talks to the camera, which part of his face does she groom next?",46,16,0.25,0.3953,3,2,11,0.7769,0.1745,0.4177,0.0269,0.2172,0,0
"During the dark opening sequence, what words appear on screen before the rafters in yellow helmets and blue life jackets are shown preparing by the river?",10,16,0.25,0.25,0,8,8,1.4887,0.16613,0.4076,0.7387,1.0,0,0
"After completing the lotion application demonstration and while still talking to the camera, what object does the girl later hold and repeatedly use to wipe her face?",12,16,0.25,0.3953,3,2,11,0.75,0.15625,0.3953,0.0,0.0,0,0
"After the indoor skate park talk that closes on a vending machine, where is the pianist next shown performing?",13,16,0.25,0.3953,3,2,11,0.8391,0.14561,0.3816,0.0891,0.4,0,0
"After the trio of archers finish their shots in the open field, what object placed on a tee stand do the next two men aim their arrows at?",113,16,0.25,0.3536,2,4,10,0.75,0.125,0.3536,0.0,0.0,0,0
"After the blue-tarp-covered wooden ramp is first shown, what item does another person later use to tap the ball farther along that ramp?",86,16,0.25,0.3536,2,4,10,0.969,0.10979,0.3313,0.219,0.9,0,0
"During the split-screen sequence where the carver peels pieces of template from the pumpkin to reveal the design, which two instruments does the musician play simultaneously?",130,16,0.25,0.25,0,8,8,0.8553,0.05583,0.2363,0.1053,0.3029,0,0
"After the bartender pours the measured Triple Sec into the ice-filled mug, what kind of container does he pick up to measure the next ingredient?",18,16,0.2188,0.394,3,1,12,1.0092,0.29866,0.5465,0.2905,0.7323,0,0
"After holding a measuring tape against a wall-and-ceiling corner with dripping paint, which surface does the man subsequently clean using a yellow sponge?",59,16,0.2188,0.394,3,1,12,0.8109,0.27231,0.5218,0.0922,0.5,0,0
What part of the girl's body becomes the main focus when the camera shifts to a close-up of something flowing into a water-filled basin between her tooth-brushing and spitting scenes?,19,16,0.2188,0.394,3,1,12,0.8486,0.26503,0.5148,0.1298,0.6214,0,0
What two colors appear on the bumper car ridden by the man-child pair early on and by the child who later reclines while laughing?,60,16,0.2188,0.394,3,1,12,1.2865,0.22464,0.474,0.5677,0.914,0,0
"Immediately after completing the kneeling cable pulls, where does the man place his hands during the static hold he performs next?",100,16,0.2188,0.394,3,1,12,0.7495,0.21098,0.4593,0.0308,0.3333,0,0
"After the first skier finishes descending the grassy embankment beside the water, what type of terrain does the next skier descend?",23,16,0.2188,0.394,3,1,12,0.8498,0.21075,0.4591,0.1311,0.87,0,0
"After the stylist dispenses the white volumising mousse, which large styling tool does he later highlight and use to smooth the client's hair?",93,16,0.2188,0.394,3,1,12,1.0805,0.20661,0.4545,0.3618,0.872,0,0
The man who begins the video speaking on the busy New York street later celebrates a pool shot inside the office recreation area; what single word is displayed on the front of his sweatshirt in both scenes?,24,16,0.2188,0.3522,2,3,11,1.4323,0.19347,0.4399,0.7136,0.9752,0,0
"After repeatedly sharing the stage earlier, how do the curly-haired man in a suit and the cap-wearing performer greet each other when the latter returns near the end of the show?",33,16,0.2188,0.248,0,7,9,0.8922,0.1851,0.4302,0.1735,0.7954,0,0
"Following the scenes where a worker brushes adhesive from a yellow bucket onto roof tiles, what machinery-driven method is later shown for lifting shingles to the rooftop?",49,16,0.2188,0.394,3,1,12,1.07,0.17193,0.4146,0.3512,0.7391,0,0
What does the woman do after the two golf carts stop near the small building and a person leaves the front cart?,52,16,0.2188,0.3046,1,5,10,0.8469,0.16654,0.4081,0.1282,0.6667,0,0
"As the windsurfer heads toward the sandy beach dotted with palm trees, what unexpected event momentarily plunges the camera underwater?",42,16,0.2188,0.394,3,1,12,0.7809,0.15924,0.399,0.0621,0.6154,0,0
"After the vintage Sony boombox is shown, what piece of equipment does the gymnast immediately use to stretch her leg?",122,16,0.2188,0.394,3,1,12,0.7552,0.15068,0.3882,0.0365,0.42,0,0
"After the violinist’s nighttime parking-lot performance, to what kind of indoor location does the video cut as he keeps playing?",41,16,0.2188,0.394,3,1,12,0.752,0.14737,0.3839,0.0332,0.1754,0,0
"After the hand abandons trying to cut the pink rubber glove with pliers, how is the glove immediately repurposed inside the white sink?",111,16,0.2188,0.394,3,1,12,0.8145,0.14584,0.3819,0.0957,0.5882,0,0
"After the man finishes smoothing the fully adhered map with his squeegee, which object does he pick up to dab and clean spots on the map?",26,16,0.2188,0.3046,1,5,10,0.7188,0.09277,0.3046,0.0,0.0,0,0
"After the wrestlers finish their synchronized crouching and hand gestures, how is the match between the two competitors decided, and what does the victor do right afterward?",96,16,0.2188,0.3046,1,5,10,0.8242,0.0877,0.2961,0.1054,0.4,0,0
"After walking along the quiet nighttime sidewalk while looking at her phone and pausing near the red bus-stop sign, what labeled vehicle does the woman finally board?",82,16,0.2188,0.248,0,7,9,0.7753,0.05641,0.2375,0.0566,0.4167,0,0
"While the young man begins speaking to the camera in the snowy neighborhood, what specific visual detail does the camera briefly cut away to show before returning to him?",60,16,0.1875,0.348,2,2,12,0.8766,0.49565,0.704,0.2203,1.0,0,0
"After the opening close-up of lime-green Zumba wristbands, what color is the sleeveless top worn by the man who later performs solo on the stage?",49,16,0.1875,0.3903,3,0,13,0.9487,0.30144,0.549,0.2612,0.8841,0,0
"Following the stealth bomber’s flyover but before the Nebraska Scarletts stand at attention, which name is printed on the back of the red-jerseyed mascot who bends over backward on the field?",48,16,0.1875,0.3903,3,0,13,0.9942,0.28699,0.5357,0.3067,0.615,0,0
Which physics concept is defined in text right after the skateboarder performs a curb jump and lands back on his board?,68,16,0.1875,0.3903,3,0,13,0.7246,0.27556,0.5249,0.0684,0.4975,0,0
"After the woman in a teal top leaves the building with the man carrying a green basket, what color is the shoulder bag she still carries while walking along the twilight park pathway?",82,16,0.1875,0.3903,3,0,13,0.9859,0.26786,0.5176,0.2984,0.7891,0,0
Which sea creature is shown as a finished sand sculpture before the video switches to artists carving a whale design?,89,16,0.1875,0.3903,3,0,13,1.154,0.24564,0.4956,0.4665,0.9375,0,0
What color is shared by the flag waved by the official after the long-jump attempt and the shirt worn by the man who addresses the camera shortly afterward?,56,16,0.1875,0.3903,3,0,13,1.1535,0.23175,0.4814,0.466,0.9375,0,0
What single word is printed on the black T-shirt worn by both the man sanding cardboard in the warehouse and the skateboarder tweaking his board beside the SUV?,40,16,0.1875,0.348,2,2,12,1.0124,0.23053,0.4801,0.3249,0.7226,0,0
"While following the shopper in a green striped shirt carrying a red basket, which news outlet’s article about a school shooting is shown on the accompanying smartphone screen?",33,16,0.1875,0.3903,3,0,13,0.7785,0.22757,0.477,0.091,0.3846,0,0
"Between the initial close-up guitar shots and the later rain-soaked leaves, which natural scene briefly appears?",103,16,0.1875,0.348,2,2,12,0.7459,0.2222,0.4714,0.0896,0.3448,0,0
"After the moment where two people alternately raise and lower a wooden seesaw, what specific text overlay appears on the screen?",4,16,0.1875,0.3903,3,0,13,0.8121,0.21326,0.4618,0.1246,0.5542,0,0
"After the athlete lands in the sandpit and lifts her arms in celebration, which drill title appears on the screen?",37,16,0.1875,0.3903,3,0,13,0.7383,0.21298,0.4615,0.0508,0.2913,0,0
"After earlier scenes featuring yellow and orange kayaks surging through rapids, what color is the kayak that first drops over the waterfall later in the video?",56,16,0.1875,0.3903,3,0,13,0.7313,0.19279,0.4391,0.0438,0.2643,0,0
"In the video, the same piece of exercise equipment first appears resting beside a weight bench in the home gym area and later rolls across the floor near the window. What object is it?",128,16,0.1875,0.348,2,2,12,0.9636,0.17769,0.4215,0.2761,0.4808,0,0
"When the girls’ high-jump bar is raised from 4'8"" to 4'10"", what color uniform does the first athlete who successfully clears the new height wear?",15,16,0.1875,0.348,2,2,12,1.0168,0.17682,0.4205,0.3293,0.708,0,0
"Following the moment when a fish is lifted from the ice hole but before the view moves underwater, what piece of equipment beside the hole does the camera focus on?",123,16,0.1875,0.3903,3,0,13,0.7237,0.17449,0.4177,0.0362,0.2667,0,0
"After finishing his saxophone solo while the drummer and other musicians continue playing, what does the bearded saxophonist do next?",72,16,0.1875,0.3903,3,0,13,0.7138,0.17333,0.4163,0.0263,0.2121,0,0
"Immediately after the guitar performance on the theater stage and right before the footage returns to curling on the ice, what startling visual dominates the screen?",130,16,0.1875,0.2997,1,4,11,0.9235,0.15628,0.3953,0.236,0.8447,0,0
"After the office shot showing only magazines and a small plant on the glass coffee table, what two electronic items are seen on the table in the following living-room scene?",67,16,0.1875,0.2421,0,6,10,0.7748,0.15603,0.395,0.0873,0.7576,0,0
"When the shopper’s smartphone displays details about KIND bars, which snack bar brand is prominently arranged on the shelf they face?",41,16,0.1875,0.3903,3,0,13,0.6875,0.15234,0.3903,0.0,0.0,0,0
"While the girl in a pink top finishes her jumps and the child in a red outfit begins, which wheeled object briefly passes in front of the jump-ropers?",112,16,0.1875,0.3903,3,0,13,0.6987,0.15003,0.3873,0.0112,0.1786,0,0
"During the forest segment that comes just before the scenes of people floating on tubes again, what object is spraying water that produces the small rainbows?",31,16,0.1875,0.348,2,2,12,0.749,0.14654,0.3828,0.0615,0.4,0,0
"During the continuous navel procedure that begins when gloved hands arrive with scissors and tweezers and continues through needle insertion and jewelry placement, which tool do the gloved hands consistently use to grasp and stabilize the skin?",62,16,0.1875,0.3903,3,0,13,1.2578,0.13302,0.3647,0.5703,0.753,0,0
"After the early setup of Sorry! pawns, what kind of game pieces does the person later take from a tin box and spread across the table?",14,16,0.1875,0.348,2,2,12,0.6952,0.12786,0.3576,0.0077,0.102,0,0
"After the tutorial segment where the person inserts contact lenses into both eyes, what item do they next raise toward the camera to demonstrate?",63,16,0.1875,0.348,2,2,12,0.7225,0.12637,0.3555,0.035,0.5607,0,0
"After finishing her kite-flying and starting the solitary walk toward the distant house, what pattern is on the dress the girl is wearing?",30,16,0.1875,0.348,2,2,12,0.7667,0.12197,0.3492,0.0792,0.3008,0,0
What indoor activity is depicted between the nighttime aerial view of the illuminated city landmarks and the subsequent outdoor stage performance beneath the grand archway?,123,16,0.1875,0.2421,0,6,10,1.0241,0.10026,0.3166,0.3366,0.7143,0,0
"After the scene of two people swimming in the lake, what does one of them do immediately after grabbing the tow rope from the boat?",117,16,0.1875,0.2997,1,4,11,0.707,0.08735,0.2955,0.0195,0.0875,0,0
"Right after the woman finishes picking up the small white objects with a stick, which object does she demonstrate techniques with in the very next segment?",43,16,0.1562,0.3409,2,1,13,0.9021,0.2793,0.5285,0.2771,0.784,0,0
Which item does the person repurpose to open the freezer door after having just wiped down the refrigerator exterior with it?,23,16,0.1562,0.3409,2,1,13,0.9556,0.27053,0.5201,0.2993,0.9704,0,0
"Following the initial overview that highlights a jug labeled ""Primer AP9,"" into what color cup does the woman later dip her tool while spreading adhesive on the floor?",113,16,0.1562,0.3409,2,1,13,0.8335,0.24998,0.5,0.2085,0.8824,0,0
"Right before the scene where the man stands to play a clarinet, which instrument is he shown playing while seated?",106,16,0.1562,0.3409,2,1,13,0.9471,0.19788,0.4448,0.2909,0.7273,0,0
"After Scotty Miller finishes his 17'6"" vault, which athlete appears next to attempt a jump and what height is he trying to clear?",6,16,0.1562,0.2915,1,3,12,0.7594,0.18678,0.4322,0.1031,0.5167,0,0
"Following the moment when a colorful book lies open on the tufted leather couch beside a white pillow, which item is later measured with a tape measure while resting on that same couch?",38,16,0.1562,0.3409,2,1,13,0.7195,0.17102,0.4135,0.0632,0.3571,0,0
"After the elderly man carefully examines a pair of eyeglasses, what task does he complete while sitting cross-legged on the floor before he stands and walks away?",119,16,0.1562,0.3409,2,1,13,0.7034,0.12797,0.3577,0.0471,0.1462,0,0
"After showing a hand holding a white can in front of a Star Wars poster, what decorative object does the camera focus on next before later revealing the sofa with blue and yellow cushions?",110,16,0.1562,0.3409,2,1,13,0.6582,0.11953,0.3457,0.0019,0.0309,0,0
What does the person do to the white fabric just before using it to wipe the wooden table clean?,67,16,0.1562,0.3409,2,1,13,0.6884,0.11513,0.3393,0.0322,0.375,0,0
"What two-word phrase is shown as an on-screen text overlay while the instructor talks, before he later demonstrates the move on the purple rail?",70,16,0.1562,0.3409,2,1,13,0.7742,0.10206,0.3195,0.1492,0.4651,0,0
"Following the daytime scene in which a cyclist rides calmly across the plaza outside the modern building, what interior feature does the camera later concentrate on during the nighttime sequence inside the building?",41,16,0.1562,0.2915,1,3,12,0.6832,0.10099,0.3178,0.0269,0.1613,0,0
"After creating the first set of smoke rings with no device in his hands, what object does the man raise to his mouth before blowing the next rings?",92,16,0.1562,0.2915,1,3,12,0.7147,0.1003,0.3167,0.0585,0.2308,0,0
"How do the athlete's two consecutive tries at the 5'9"" high-jump bar differ in outcome?",12,16,0.1562,0.2915,1,3,12,0.7721,0.09541,0.3089,0.1471,0.4082,0,0
"After the freshly ironed and folded pink shirt is placed aside, what garment does the person pull from the white plastic bag to fold next?",27,16,0.1562,0.2915,1,3,12,0.6779,0.08183,0.2861,0.0216,0.2264,0,0
"After earlier scenes where the woman must hold the child to keep him afloat, what self-directed movement does the child later complete in the pool before returning to her?",105,16,0.1562,0.2915,1,3,12,0.7027,0.07725,0.2779,0.0464,0.2281,0,0
"Besides the yellow popsicle, what additional object does the toddler hold before the princess-costumed child joins him on the couch?",101,16,0.125,0.3307,2,0,14,0.8482,0.35304,0.5942,0.2232,1.0,0,0
"Right before the green canoe labeled ""CASCADE"" drifts into view, what object is lying along the edge of the blue boat shown in the preceding shot?",4,16,0.125,0.3307,2,0,14,0.6413,0.30766,0.5547,0.0788,0.7143,0,0
What lawn-care device is pushed over the grass right after the person finishes raking debris from the lawn?,71,16,0.125,0.3307,2,0,14,0.8427,0.30502,0.5523,0.2177,0.7611,0,0
What wall-mounted item does the camera focus on closely just before it turns to show the staircase leading to another room?,110,16,0.125,0.3307,2,0,14,0.7943,0.27365,0.5231,0.1693,0.7857,0,0
"After the white-clad player completes his serve and walks toward the right side of the outdoor court, what phrase appears on screen to describe that delivery?",18,16,0.125,0.3307,2,0,14,0.7228,0.26487,0.5147,0.0978,0.6667,0,0
"After the furniture is coated with Chalky Flat Matt paint but before Annie Sloan Soft Wax is rubbed on, which wood-care product is applied to the surface with a cloth?",89,16,0.125,0.2795,1,2,13,0.8372,0.20437,0.4521,0.2122,0.6384,0,0
"After the men finish gathering around the outdoor pool table, what object do they later throw back and forth while running across the grassy field?",103,16,0.125,0.3307,2,0,14,0.7657,0.17971,0.4239,0.1407,0.435,0,0
Which object does the man place next to the refrigerator shortly after he slides the frosted-glass doors open and inspects them?,80,16,0.125,0.3307,2,0,14,0.6583,0.17542,0.4188,0.0333,0.2882,0,0
"After the camera shifts away from the seated woman with the hookah, who is shown standing together on the grassy hill by the water?",11,16,0.125,0.2165,0,4,12,0.8505,0.17316,0.4161,0.2255,0.835,0,0
"After the onscreen text introduces the ""HEEL HOOKS"" section, which climbing technique phrase appears next later in the video?",132,16,0.125,0.3307,2,0,14,1.1451,0.16562,0.407,0.5201,0.7908,0,0
"After the shopper selects a $5 bouquet from the basket near the ATM, which fruit does the camera later highlight when it pans over the wooden produce baskets?",30,16,0.125,0.3307,2,0,14,0.7856,0.15368,0.392,0.1919,0.8365,0,0
"Of the athletes wearing bib numbers 184, 278, and 297, which one is shown making several javelin throws in a row, and what color is his outfit?",42,16,0.125,0.3307,2,0,14,0.6721,0.15056,0.388,0.0471,0.3522,0,0
Which ingredient is added to the orange curry after the cheese chunks but before the carrots?,128,16,0.125,0.3307,2,0,14,0.8969,0.15003,0.3873,0.2719,0.45,0,0
"Across the boat-riding segments interspersed with the windsurfing footage, what part of the vessel does the unseen person keep hold of?",53,16,0.125,0.3307,2,0,14,0.81,0.14679,0.3831,0.2163,0.5344,0,0
"Immediately after the onscreen ""Semi Final Score 15-8"" announcement, what is the little girl sitting on the sand shown playing with?",102,16,0.125,0.2795,1,2,13,0.9708,0.14174,0.3765,0.3458,0.6796,0,0
"After showing the woman gesturing to colorful cookbook pages of carrots and greens, what object by the window does the camera later inspect and touch?",76,16,0.125,0.3307,2,0,14,0.7989,0.14095,0.3754,0.1739,0.6667,0,0
"After finishing his quick rock-paper-scissors game, what does the man in the orange shirt do on the baseball field?",36,16,0.125,0.2795,1,2,13,0.7666,0.1363,0.3692,0.1729,0.7273,0,0
"As the scene shifts from the initial dim reveal of tools to later knitting of teal and orange stripes, which type of needles does the knitter continuously employ?",84,16,0.125,0.2795,1,2,13,1.2395,0.13601,0.3688,0.6145,0.953,0,0
"After spending time on the laptop browsing ""For Kindle Case"" products, which object does the person later pull out of the brown case when they sit at the dining table?",118,16,0.125,0.3307,2,0,14,0.6375,0.13359,0.3655,0.0125,0.2,0,0
"After the red-shirted archer releases his shot and the scene cuts to three indoor targets, which labeled target ends up with most of the arrows?",103,16,0.125,0.3307,2,0,14,0.8038,0.13334,0.3652,0.1788,0.55,0,0
"After washing their hands at the sink, which item does the cook immediately take from the kitchen cabinet?",93,16,0.125,0.3307,2,0,14,0.7892,0.13156,0.3627,0.1954,0.6061,0,0
"After the group helps the man who toppled backward off his wheelchair, what unexpected action does he later perform when assisted again in the underground passage?",50,16,0.125,0.2795,1,2,13,0.727,0.13097,0.3619,0.102,0.6429,0,0
"Immediately after the bilingual text noting that melting iron requires 1700 °C, what activity is shown being performed with the hand-held torch?",14,16,0.125,0.2795,1,2,13,0.8906,0.12918,0.3594,0.2656,0.785,0,0
"While the band marches past The National Bar, which roadside vehicle’s reflective surface shows mirrored images of the musicians and onlookers?",83,16,0.125,0.3307,2,0,14,0.6546,0.12626,0.3553,0.0296,0.2,0,0
"After the athlete leaps over the chair and hangs from the rim, through what floor-based training apparatus does he immediately run his footwork drills?",22,16,0.125,0.3307,2,0,14,0.6293,0.10858,0.3295,0.0043,0.0682,0,0
"During the arm-wrestling contest that the woman ultimately wins against the man in black, what object does she keep holding in her right hand the entire time?",37,16,0.125,0.3307,2,0,14,0.63,0.1085,0.3294,0.005,0.0804,0,0
"During the live broadcast on the boat, what object does the man in the green shirt lift up while speaking, before he later appears showing off a fish?",99,16,0.125,0.3307,2,0,14,0.6312,0.1084,0.3292,0.0062,0.1,0,0
"As the camera walks along the quiet residential paths and eventually stops beside bright flowering shrubs, which vehicle is parked next to the plants?",21,16,0.125,0.3307,2,0,14,0.6331,0.10817,0.3289,0.0081,0.119,0,0
"Following the earlier scene where a male vaulter in white attire clears an 11-foot bar, what height is shown on the scoreboard for the male vaulter's successful jump later in the video?",74,16,0.125,0.3307,2,0,14,0.6329,0.10768,0.3282,0.0079,0.055,0,0
"After receiving assistance to step onto the chairlift, what does the snowboarder do once the camera cuts to a close-up during the lift’s ascent?",25,16,0.125,0.2165,0,4,12,0.9001,0.10525,0.3244,0.3063,0.5946,0,0
"After demonstrating how to detach lobster meat and before later finely chopping celery and mint, which fruit does the chef carefully slice on the cutting board?",80,16,0.125,0.3307,2,0,14,0.7297,0.1052,0.3243,0.1047,0.3453,0,0
"After the blue laser beams assemble the title words, which tool do the hands later use repeatedly to stitch the vivid pink yarn on the woven surface?",16,16,0.125,0.3307,2,0,14,0.7344,0.10027,0.3167,0.1094,0.3483,0,0
"After he finishes demonstrating mouth rinsing with a cup, what container does the boy next hold to pour water into the sink and splash his sister?",39,16,0.125,0.2795,1,2,13,0.7391,0.09186,0.3031,0.1141,0.7063,0,0
"After the surfing clip is interrupted by the blonde woman in a turquoise tank top speaking amid lush plants and then resumes briefly, what landscape does the video show next?",44,16,0.125,0.2795,1,2,13,0.6758,0.08976,0.2996,0.0508,0.4125,0,0
"While the slackliner balances on the line during sunset, what two tasks does the assistant simultaneously do with each hand?",64,16,0.125,0.2795,1,2,13,0.677,0.08859,0.2976,0.052,0.5263,0,0
"When the bikini-clad woman poses on the outdoor pool table and the man readies his trick shot, what object is clasped between her toes, and what objects does the man arrange along the table’s edge?",52,16,0.125,0.2165,0,4,12,0.7361,0.0869,0.2948,0.1111,0.4943,0,0
"In the only outdoor nighttime scene that contrasts with the earlier indoor range practice, what does the archer do differently with the arrow after drawing his bow?",46,16,0.125,0.2795,1,2,13,0.6473,0.08002,0.2829,0.0223,0.3571,0,0
"After opening the wooden gate and pausing to watch the cat in the alley, what does the person later toss toward the cat further along the path?",81,16,0.125,0.2795,1,2,13,0.6767,0.07803,0.2793,0.0517,0.361,0,0
"During the brief cutaway that interrupts the man’s pool-playing sequence, what specifically titled object is shown resting on a surface?",30,16,0.0938,0.2633,1,1,14,0.6169,0.22436,0.4737,0.0544,0.8182,0,0
"After the presenter sets aside the cylindrical Social Smoke container he first showcased, how is the next small container packaged when he begins to open it?",1,16,0.0938,0.2633,1,1,14,0.8137,0.18576,0.431,0.22,0.7565,0,0
"Before the man lifts a large fish from a water-filled plastic container, what dark material does he previously manipulate in that container?",54,16,0.0938,0.2633,1,1,14,0.7538,0.14223,0.3771,0.1601,0.6172,0,0
"After two people start skipping rope side by side, what does one of them do before they both reappear jumping behind the wooden gymnastic bars?",50,16,0.0938,0.2633,1,1,14,0.5975,0.12531,0.354,0.035,0.2778,0,0
"Before the young woman starts her skincare demonstration, what time is displayed on the Verizon flip phone and which playful icon appears on its screen?",113,16,0.0938,0.1952,0,3,13,0.9941,0.11009,0.3318,0.4003,0.75,0,0
"After a shopper presents a Pepto-Bismol Ultra bottle, which produce item is subsequently picked up from the woven baskets?",71,16,0.0938,0.2633,1,1,14,0.6728,0.10066,0.3173,0.0791,0.5681,0,0
"After the light-hearted moment when the man in the pool reaches toward the woman at the pool’s edge, what task are the two scuba divers focused on underwater?",112,16,0.0938,0.2633,1,1,14,1.0281,0.09021,0.3003,0.4343,0.75,0,0
"After the vibrant dance sequences, during the later self-defense demonstration, how does the woman reverse control once the man grabs her wrist?",95,16,0.0938,0.2633,1,1,14,0.6648,0.07159,0.2676,0.0711,0.1727,0,0
"Following a missed return that leaves the ball lying in the sand, which participant retrieves it and then positions himself to serve again?",20,16,0.0938,0.2633,1,1,14,0.6067,0.06942,0.2635,0.0129,0.2067,0,0
What object does the man carry over his shoulder while skateboarding when another person is lying flat on a separate skateboard behind him?,119,16,0.0938,0.2633,1,1,14,0.5938,0.06934,0.2633,0.0,0.0,0,0
"Right after the rider heads toward the sunset-lit cityscape, what natural detail does the camera focus on before cutting to the forest floor?",30,16,0.0938,0.2633,1,1,14,0.596,0.06899,0.2627,0.0022,0.0357,0,0
"After multiple baton-based routines, the dancers execute a part of the choreography where some lie on the studio floor before standing again; what new prop are they using during that floor segment?",129,16,0.0938,0.2633,1,1,14,0.6142,0.06762,0.26,0.0205,0.1667,0,0
"After the two men finish their serious discussion with a brief handshake, what simultaneous gesture do they make when the conflict flares up again?",108,16,0.0938,0.1952,0,3,13,0.738,0.06514,0.2552,0.1443,0.35,0,0
During the earlier tabletop overview of styling equipment—shown before the stylist later grabs the “K7” spray bottle—which sizable item with a clear lid is singled out on the metallic tray?,118,16,0.0938,0.1952,0,3,13,1.0349,0.05665,0.238,0.4412,0.7692,0,0
"During the later side-by-side close-up comparison, which distinct hairstyle is shown on the woman’s left side opposite her voluminous loose curls?",120,16,0.0938,0.1952,0,3,13,0.977,0.04776,0.2185,0.3833,0.7083,0,0
Which well-hidden creature becomes the central focus once the diver with the head-mounted camera has moved through the narrow rocky corridor?,50,16,0.0938,0.1952,0,3,13,0.5938,0.03809,0.1952,0.0,0.0,0,0
"After the earlier yellow-shirt segments of crunches and single-leg work, what leg position does the woman first take when her top is green?",91,16,0.0938,0.1952,0,3,13,0.6133,0.03572,0.189,0.0195,0.12,0,0
"After the series of street and stage dance acts concludes, which black-and-white object starts dissolving into pixels before the red “COOL” circle appears?",74,16,0.0625,0.1654,0,2,14,0.9473,0.18912,0.4349,0.3848,0.8111,0,0
"After the woman wins her arm-wrestling match and raises her arm in celebration, what object does the shirtless man carry while walking around the venue?",34,16,0.0625,0.2421,1,0,15,0.6846,0.18711,0.4326,0.1221,0.8046,0,0
What label is on the Essie nail polish bottle that the hand sets down just before picking up the round white stamping plate?,28,16,0.0625,0.2421,1,0,15,0.7103,0.17849,0.4225,0.1478,0.6667,0,0
"After finishing their careful page-turning through luxury fashion magazines, which object does the same lanyard-wearing person employ to flatten another magazine on the glass surface?",32,16,0.0625,0.2421,1,0,15,0.7402,0.17601,0.4195,0.2089,0.9901,0,0
Which musical instrument does the child play in the middle of the video after earlier imitating singing with a toy microphone and before later trying a toy xylophone?,51,16,0.0625,0.2421,1,0,15,0.7368,0.12691,0.3562,0.2055,0.7735,0,0
"Following the scenes where the window is wiped with a yellow cloth, what cloth color is used when only a hand is later shown scrubbing the glass?",100,16,0.0625,0.2421,1,0,15,0.6491,0.12516,0.3538,0.0866,0.4425,0,0
"After the man pauses from writing with his pen, but before later scenes show him smoking a cigarette, what does he light and leisurely smoke?",1,16,0.0625,0.2421,1,0,15,0.8082,0.12464,0.353,0.2457,0.8,0,0
"After the presenters move on from air-hockey and begin explaining the miniature pool table, what extra item does the man hold along with the cue stick while he talks to the camera?",48,16,0.0625,0.2421,1,0,15,0.6828,0.11278,0.3358,0.1515,0.7241,0,0
"After the performer’s handstand in which she balances a spinning hoop around her head, in what body position does she next balance the hoop vertically using only her feet?",90,16,0.0625,0.2421,1,0,15,0.7897,0.11073,0.3328,0.2272,0.7166,0,0
"After the snowy outdoor scene featuring a horse in a beige blanket, what grooming product does the woman later display to the camera inside the stable before she applies it to the horse?",101,16,0.0625,0.1654,0,2,14,0.7406,0.10941,0.3308,0.1781,0.6466,0,0
"After a diver briefly stops in the cavern to chase a small lost tool, which larger piece of gear does another diver later remove and let drift away in the open water?",112,16,0.0625,0.2421,1,0,15,0.8865,0.10924,0.3305,0.324,0.769,0,0
"After the two archers release their arrows in the forest, what does one of the men hold while he speaks in the open field?",11,16,0.0625,0.2421,1,0,15,0.5864,0.09754,0.3123,0.0239,0.2941,0,0
Which object does the man first closely inspect and later use to rub along the wooden gun stock?,84,16,0.0625,0.1654,0,2,14,0.9769,0.09548,0.309,0.4144,0.8571,0,0
Which kitchen tool is shown in solitary focus against a plain white background right before the scene switches to the woman pressing a lime with a wooden muddler?,121,16,0.0625,0.2421,1,0,15,0.6827,0.09462,0.3076,0.1202,0.3286,0,0
"During the hallway scene in which the first-person smartphone user finally meets an oncoming person, what item does that approaching individual hand to the phone user?",85,16,0.0625,0.2421,1,0,15,0.6079,0.09259,0.3043,0.0454,0.3722,0,0
"After she finishes applying mascara and turns to show a product toward the camera, which concealer does she hold up?",101,16,0.0625,0.1654,0,2,14,0.6698,0.08863,0.2977,0.1073,0.5,0,0
"After using a utensil to cut open a seasoning packet by the stove, which object does the person later scrub with a yellow sponge at the sink?",75,16,0.0625,0.2421,1,0,15,0.6969,0.08323,0.2885,0.1344,0.517,0,0
"After showcasing a WhistlePig Straight Rye bottle, which bottle does the man replace it with and leave as the focal object on the black table?",43,16,0.0625,0.2421,1,0,15,0.7835,0.08153,0.2855,0.221,0.5759,0,0
What phrase appears on the black screen with a red banner immediately after the man stands beside the pool table explaining his shot?,25,16,0.0625,0.2421,1,0,15,0.5312,0.07715,0.2778,0.0,0.0,0,0
"After several earlier shoe-shining scenes where workers crouch or kneel, in what position does the boy polish the man’s shoe later in the video?",102,16,0.0625,0.2421,1,0,15,0.7049,0.07425,0.2725,0.1424,0.4595,0,0
"When a hand lifts a yellow lid from a black storage bin, what object is revealed on the bin, and what color is the bicycle leaning against the shelving unit that the camera shows afterward?",90,16,0.0625,0.1654,0,2,14,0.6828,0.07327,0.2707,0.1203,1.0,0,0
"After the skiers struggle for space on the crowded lift amid on-screen captions like ""too fat – fail,"" what type of vehicle do two skiers later sit inside while preparing their gear before tackling the low-visibility slopes?",122,16,0.0625,0.2421,1,0,15,0.6537,0.07217,0.2686,0.0912,0.3571,0,0
"After the bull-riding scene introduced by the “Jimmy & Lou” title, what animal do two horseback riders pursue and repeatedly miss with their lassos in the next segment?",3,16,0.0625,0.2421,1,0,15,1.0612,0.07194,0.2682,0.4987,0.9,0,0
What number is displayed on the black canoe that is first carried through shallow water and later paddled to catch up with a green canoe downstream?,104,16,0.0625,0.2421,1,0,15,0.6269,0.07027,0.2651,0.0644,0.4503,0,0
"After folding and labeling the blue material sections on the floor, which leveling device does the worker use on the wall while on the ladder before later rolling adhesive onto it?",126,16,0.0625,0.2421,1,0,15,1.0634,0.07019,0.2649,0.5009,0.8123,0,0
"After the television’s colorful game scene transitions through several menu screens, which logo ultimately appears on the screen?",36,16,0.0625,0.2421,1,0,15,0.662,0.06953,0.2637,0.0995,0.4,0,0
What words are visible on the building behind the lumberjack wearing a blue shirt and white trousers as he chops wood in the town square?,30,16,0.0625,0.1654,0,2,14,0.5965,0.06734,0.2595,0.0652,0.3357,0,0
"Near the end of the video, as the woman keeps scooping seeds from the carved pumpkin by herself, which item suddenly flies across the frame?",107,16,0.0625,0.2421,1,0,15,0.5698,0.06548,0.2559,0.0073,0.0596,0,0
"Following the outdoor sidewalk performance by the dancer in a red shirt and grey shorts, what color are the pants worn by the next solo breakdancer who spins and does handstands indoors?",22,16,0.0625,0.2421,1,0,15,0.5833,0.0625,0.25,0.0208,0.3333,0,0
"After she sprays water on different sections and smooths them with a paddle brush, how does the woman collect her hair?",70,16,0.0625,0.1654,0,2,14,0.6415,0.05977,0.2445,0.1102,0.625,0,0
"Following the scene where the red-shirted cleaner lies flat to vacuum beneath a wooden railing, what item does a second red-shirted helper later handle while assisting the cleaner near the white door?",46,16,0.0625,0.2421,1,0,15,0.5915,0.05936,0.2436,0.029,0.2128,0,0
"Right before the person begins smoothing and tucking the bed, what color shirt do they finish buttoning?",71,16,0.0625,0.2421,1,0,15,0.59,0.05906,0.243,0.0275,0.2111,0,0
"After a skateboarder slides across the wooden crate on the sidewalk, what later change is shown in the scene featuring that same crate?",127,16,0.0625,0.2421,1,0,15,0.5763,0.05884,0.2426,0.0138,0.1818,0,0
"In the grooming scene occurring after the woman has just used a pink nail-trimming tool on the large dog, what color is the claw-clipping tool she uses next?",91,16,0.0625,0.2421,1,0,15,0.5938,0.0587,0.2423,0.0313,0.195,0,0
"After the television powers on and starts showing a dark, suspenseful scene, what electronic device positioned below the screen does a hand reach for and manipulate?",56,16,0.0625,0.2421,1,0,15,0.5625,0.05859,0.2421,0.0,0.0,0,0
"After polishing both black shoes with a white cloth, what item does the cleaner use next to buff them further?",45,16,0.0625,0.2421,1,0,15,0.5701,0.05851,0.2419,0.0076,0.122,0,0
"Before the coffee maker is shown steaming beside two teal mugs, what color is the cup into which the person empties a packet of drink mix?",61,16,0.0625,0.2421,1,0,15,0.5655,0.05835,0.2416,0.003,0.0485,0,0
"After the scene with the bobber floating beside the angled ice hole, what color buoy is later shown indicating the fishing line?",133,16,0.0625,0.2421,1,0,15,0.5667,0.05833,0.2415,0.0042,0.0676,0,0
"After the players finish their match with handshakes, what activity is later shown on the rink before another stone is delivered?",20,16,0.0625,0.2421,1,0,15,0.5669,0.05818,0.2412,0.0044,0.0421,0,0
Which two colors appear alternating on the nails just before further bright pink polish is applied in the final manicure close-up?,91,16,0.0625,0.2421,1,0,15,0.5964,0.05703,0.2388,0.0339,0.1327,0,0
"After the camera shows the stone distance marker beside the mountain path, what object featuring a mounted figure does it focus on next?",96,16,0.0625,0.1654,0,2,14,0.7674,0.0527,0.2296,0.2049,0.5442,0,0
"After multiple divers have been shown executing flips from high platforms, what phrase appears on the final blue screen?",8,16,0.0625,0.1654,0,2,14,0.5327,0.04732,0.2175,0.0015,0.0237,0,0
"After the man finishes displaying each solved face of the Rubik’s Cube to the camera, what does he do to the cube next?",130,16,0.0625,0.1654,0,2,14,0.646,0.04386,0.2094,0.0835,0.5833,0,0
"After a ball rolls into the hole he is digging, what does the boy do with it before returning to his digging?",20,16,0.0625,0.1654,0,2,14,0.5732,0.04147,0.2036,0.0419,0.3636,0,0
"After the sandcastle builder finishes drawing vertical lines with a stick, what tool do they use next to continue carving the structure?",133,16,0.0625,0.1654,0,2,14,0.6594,0.03418,0.1849,0.0969,0.4545,0,0
"After the BMX performer in a red cap and black shirt finishes his stunts, which rider takes over and what clothing identifies him while he executes jumps and spins?",49,16,0.0625,0.1654,0,2,14,0.5625,0.02734,0.1654,0.0,0.0,0,0
Which two divers take the board to perform their synchronized routine right after Christina and Thea complete theirs?,128,16,0.0625,0.1654,0,2,14,0.5697,0.02688,0.164,0.0072,0.082,0,0
"Following the athlete’s release of the hammer, what does the video show a person doing with their black-shod feet on the cracked concrete surface?",49,16,0.0312,0.121,0,1,15,0.7446,0.12561,0.3544,0.2134,0.7865,0,0
What happens immediately after the windsurfer lifts the board with one hand while still holding the sail?,94,16,0.0312,0.121,0,1,15,0.697,0.09672,0.311,0.1657,0.7471,0,0
What activity does the individual perform after raising one arm while skateboarding and before returning to the road to execute playful jumps and spins?,101,16,0.0312,0.121,0,1,15,0.6809,0.08017,0.2831,0.1496,0.9091,0,0
"After the camera lingers on vivid leaves and rough tree bark, what hanging structure becomes the new focal point in the subsequent shot among the branches?",106,16,0.0312,0.121,0,1,15,0.8145,0.07381,0.2717,0.2833,0.692,0,0
"What is the man in the white striped shirt doing when he first appears, before later standing back with folded arms during the shirtless man’s animated conversation?",26,16,0.0312,0.121,0,1,15,0.6146,0.07248,0.2692,0.0834,0.6667,0,0
Which two brand names shown in the initial underwater equipment overlay later match the sail and board that Marco uses when he windsurfs on the ocean surface?,35,16,0.0312,0.121,0,1,15,0.7339,0.07122,0.2669,0.2027,1.0,0,0
"Immediately after the elderly women pose together on the indoor basketball court, which athletic activity by another older woman is shown next?",7,16,0.0312,0.121,0,1,15,0.6129,0.06888,0.2624,0.0817,0.5556,0,0
"Which creature is seen outside the window during the later desk-writing scene, replacing the earlier view of a person in a white shirt standing there?",34,16,0.0312,0.121,0,1,15,0.6201,0.06346,0.2519,0.0888,0.9278,0,0
"During the gymnasium scene where two women rally a ping pong ball while the band in red shirts and plaid skirts performs, what distinctive item is the drummer wearing?",1,16,0.0312,0.121,0,1,15,0.6883,0.05355,0.2314,0.1571,0.8182,0,0
Which exact words printed on the decorated box the man first unboxes are later visible on the underside of the longboard while a rider cruises along the road?,85,16,0.0312,0.121,0,1,15,1.0117,0.05335,0.231,0.5117,0.8125,0,0
"After performing on the empty court with a white baton, what object does the gymnast raise above her head at the start of her next routine?",49,16,0.0312,0.121,0,1,15,0.6333,0.0459,0.2143,0.102,0.6667,0,0
"While the athlete wearing red and black shifts from practicing with a light object to throwing an actual shot put, how many observers stand nearby watching him?",29,16,0.0312,0.121,0,1,15,0.6042,0.02885,0.1698,0.073,0.3514,0,0
"After the static blue FOX logo appears on the television, what is shown next on the screen?",82,16,0.0312,0.121,0,1,15,0.7055,0.02782,0.1668,0.1742,0.4545,0,0
What scene does the video cut to immediately after the striped-shirted older man completes his low martial-arts moves on the blue mat?,12,16,0.0312,0.121,0,1,15,0.5636,0.02116,0.1454,0.0323,0.3571,0,0
What activity takes place after a rafter walks onto the rocky shore but before the group later celebrates by lifting their paddles together?,15,16,0.0312,0.121,0,1,15,0.5586,0.01866,0.1366,0.0273,0.2812,0,0
"Immediately before the completed pumpkin is later rotated and shown glowing, what kind of tool is used to trace the portrait’s pre-drawn lines during carving?",37,16,0.0312,0.121,0,1,15,0.5508,0.01779,0.1334,0.0195,0.2727,0,0
What kind of marine organisms dominate the scene between the shot of a diver near a rocky cliff and the later shot of two divers swimming together in open water?,6,16,0.0312,0.121,0,1,15,0.5963,0.01548,0.1244,0.0651,0.1878,0,0
"After the video’s opening scenes in the clothing store, which specific product does a hand later pick up from the grocery aisle’s condiment shelf?",27,16,0.0312,0.121,0,1,15,0.5312,0.01465,0.121,0.0,0.0,0,0
"During the fire-starting sequence that begins with a lighter on fatwood and later shows a red lighter sustaining the flames, what flame source does the person use in the attempt between those two steps?",39,16,0.0,0.0,0,0,16,0.7621,0.10991,0.3315,0.3246,0.7156,1,0
"After initially standing on the beach simply holding a ball, what particular skill does the same man display with it before walking away from the volleyball net?",33,16,0.0,0.0,0,0,16,0.8507,0.09514,0.3084,0.3507,0.9375,1,0
"After the person finishes detaching the green grapes and closing the plastic container, into which kitchen appliance do they place that container?",10,16,0.0,0.0,0,0,16,0.6358,0.07702,0.2775,0.1358,0.98,1,0
"Right after the BMX rider crashes during sunset and spectators look on, what item is shown close-up in someone’s hand as others gather to assist?",47,16,0.0,0.0,0,0,16,0.6703,0.06902,0.2627,0.2016,0.9333,1,0
"After Alexander Massialas’s jubilant 12-10 comeback point, what scoreboard reading is shown when only fifty seconds remain before Yuki Ota seals the win?",84,16,0.0,0.0,0,0,16,0.8363,0.06239,0.2498,0.3363,0.8421,1,0
"After the tug-of-war match finishes, what group activity do the children participate in next?",95,16,0.0,0.0,0,0,16,0.6627,0.05264,0.2294,0.1627,0.75,1,0
"Before the person irons the white shirt, what small rectangular item does she place on the fabric?",110,16,0.0,0.0,0,0,16,0.6119,0.05203,0.2281,0.1119,0.9091,1,0
"What cleaning tool does the person use to scrub the sink area earlier in the video, before the white cat is later shown sitting in the soapy sink?",73,16,0.0,0.0,0,0,16,0.6828,0.05193,0.2279,0.1828,0.673,1,0
"During the lively fist-tapping game between the two hosts in the studio, what does the woman briefly do midway before resuming the taps?",43,16,0.0,0.0,0,0,16,0.5951,0.04864,0.2206,0.0951,0.7874,1,0
"After the boxer finishes his sequence of high kicks and rapid jabs, what exercise does he start performing inside the ring?",97,16,0.0,0.0,0,0,16,0.671,0.04811,0.2193,0.171,0.8692,1,0
What type of vehicle transports the group along the narrow dirt road before they later sit together for a meal under the thatched roof?,124,16,0.0,0.0,0,0,16,0.6204,0.04776,0.2186,0.1204,0.6944,1,0
"During the earlier pink-lit indoor gathering, what unconventional item does the man in the green shirt hand out for players to throw at the dartboard before later scenes show people using real darts?",69,16,0.0,0.0,0,0,16,0.8144,0.04326,0.208,0.3144,0.6667,1,0
"After clear liquid is poured into the transparent container, which object does a hand submerge in the liquid before lifting the container away?",18,16,0.0,0.0,0,0,16,0.7192,0.04304,0.2075,0.2192,0.6667,1,0
"During the indoor practice sequence immediately before his interview beside the graffiti wall, what unconventional item does the bearded, cap-wearing man swing as a makeshift paddle?",19,16,0.0,0.0,0,0,16,0.5855,0.04113,0.2028,0.0855,0.8375,1,0
"After the prolonged sequence of static cannabis plant close-ups, what kind of mask does the indoor smoker wear while holding and puffing a cigarette?",32,16,0.0,0.0,0,0,16,0.8476,0.03897,0.1974,0.3476,0.6925,1,0
"When blood first becomes visible in the body-modification sequence, which instrument is the practitioner using to keep the client’s lip firmly in place?",88,16,0.0,0.0,0,0,16,0.5779,0.03274,0.181,0.0779,0.6,1,0
"After repeatedly adjusting her helmet while looking in the mirror, what piece of equipment does the plaid-skirted woman later use for her workout?",24,16,0.0,0.0,0,0,16,0.6277,0.03143,0.1773,0.1277,0.5,1,0
"After the shopper finishes examining the red and black checkered shirt, what logo word is printed on the front of the black T-shirt they inspect next?",64,16,0.0,0.0,0,0,16,0.6338,0.03112,0.1764,0.1338,0.5,1,0
"After finishing vacuuming the bed, what does the woman intend to clean next when she detaches the hose from the vacuum cleaner?",105,16,0.0,0.0,0,0,16,0.68,0.03088,0.1757,0.18,0.5923,1,0
"Immediately after the makeup scene ends, what specific part of the next client's mouth does the gloved professional hold and adjust with a tool during the subsequent procedure?",26,16,0.0,0.0,0,0,16,0.559,0.03031,0.1741,0.059,0.7235,1,0
What animal is the man holding indoors after the scene where the leashed white dog sniffs a Christmas tree branch on the grass?,60,16,0.0,0.0,0,0,16,0.5248,0.02805,0.1675,0.056,0.3636,1,0
"Following the batsman’s dramatic tumble during the practice, how is he positioned when the video resumes in the next scene?",83,16,0.0,0.0,0,0,16,0.5867,0.0278,0.1667,0.0867,0.5,1,0
"After the beach scene where a brown dog is led across the sand, what is notable about the leash when a barefoot girl later walks a bulldog along the sidewalk?",78,16,0.0,0.0,0,0,16,0.677,0.02438,0.1562,0.177,0.5,1,0
"What aerial activity interrupts the series of bungee jumps, occurring after the initial jumps and before the later ones resume?",29,16,0.0,0.0,0,0,16,0.6045,0.02398,0.1548,0.1045,0.5085,1,0
"After the sliced bananas and dried fruits are tipped into the mixing bowl, which ingredient does the hand immediately sprinkle over the fruit before any milk is poured?",124,16,0.0,0.0,0,0,16,0.7385,0.0236,0.1536,0.2385,0.5632,1,0
What tool does the man use to smooth the beige-covered wall sections before he later switches to a trowel for plastering?,43,16,0.0,0.0,0,0,16,0.6636,0.02237,0.1496,0.1636,0.5882,1,0
"After the welder finishes fusing the metal frames, which handheld tool does the next person use to inspect the joints?",20,16,0.0,0.0,0,0,16,0.6014,0.02211,0.1487,0.1014,0.3909,1,0
What is the seated person on the blue bench doing when the camera briefly leaves the surrounding badminton action to focus on them?,108,16,0.0,0.0,0,0,16,0.7286,0.02174,0.1475,0.2286,0.5,1,0
"After sealing the sink drain with a white shower cap and filling the basin with water, what object does the hand place into the water?",78,16,0.0,0.0,0,0,16,0.6072,0.02031,0.1425,0.1072,0.4667,1,0
"After previously appearing among the students on the school bus, what object is the man wearing a yellow cap holding when he later walks into the wooden lodge interior?",51,16,0.0,0.0,0,0,16,0.487,0.01928,0.1388,0.0182,0.2424,1,0
"Between the black-shirted man’s earlier toss and the woman’s eventual successful shot, which short on-screen phrase humorously acknowledges the ensuing mishap?",130,16,0.0,0.0,0,0,16,0.6176,0.01702,0.1305,0.1176,0.3756,1,0
"After the person adjusts a wooden board near the dashboard, what do they later do to that same board inside the dimly lit car?",37,16,0.0,0.0,0,0,16,0.5826,0.01505,0.1227,0.0826,0.4167,1,0
"After the hand adjusts the blue adapter in the power strip and then scrolls on its smartphone, which board game is stacked beside the phone on the shelf?",93,16,0.0,0.0,0,0,16,0.7281,0.01283,0.1133,0.2281,0.4667,1,0
What single word is painted on the large wooden ramp that the BMX rider descends while two other people watch from the top?,105,16,0.0,0.0,0,0,16,0.5384,0.01192,0.1092,0.0384,0.447,1,0
What animal masks are the two individuals wearing while they fight in the forest before they go skateboarding on the park path?,40,16,0.0,0.0,0,0,16,0.553,0.00911,0.0954,0.053,0.2703,1,0
"After the extended series of horseback chases roping calves and cattle, which animal is later shown calmly pulling a small cart in the evening fairground scene?",73,16,0.0,0.0,0,0,16,0.5796,0.00793,0.0891,0.0796,0.25,1,0
"After the small white dog starts walking beside the stroller, what distinctive object does the stroller pusher stop and point toward on the sidewalk route?",38,16,0.0,0.0,0,0,16,0.547,0.00777,0.0881,0.047,0.2601,1,0
"During the intense rapid sequence when the kayaker switches to a yellow-black paddle, which brand name is visible on that paddle?",27,16,0.0,0.0,0,0,16,0.5217,0.00706,0.084,0.0217,0.3471,1,0
"Immediately after the footage of someone practicing tennis swings in the empty parking area, what activity is the following person shown doing indoors?",21,16,0.0,0.0,0,0,16,0.5466,0.0064,0.08,0.0466,0.2381,1,0
Which handheld device is the mechanic pressing with his left hand while his right hand adjusts the wheel assembly during the maintenance sequence?,133,16,0.0,0.0,0,0,16,0.5441,0.00487,0.0698,0.0441,0.2,1,0
"After the sequence of scenes where children roll bowling balls, what activity is the young girl in a blue sweater and pink pants shown doing?",2,16,0.0,0.0,0,0,16,0.5299,0.00469,0.0685,0.0299,0.2412,1,0
Who is interviewed immediately after the action sequence where a green-uniformed goalkeeper dives to stop a shot from a black-and-white attacker?,53,16,0.0,0.0,0,0,16,0.5371,0.00453,0.0673,0.0371,0.2074,1,0
"After the lesson in which the brown-jacketed musician demonstrates recorder techniques, which instrument is he shown playing while instructing the white-shirted student immediately before the screen flashes the word “LEARN”?",118,16,0.0,0.0,0,0,16,0.536,0.00446,0.0668,0.036,0.2222,1,0
"After the worker adjusts the red-and-black band saw and untangles the red cable on the workshop floor, what activity do they carry out next that sends a shower of bright sparks across the wooden surface?",55,16,0.0,0.0,0,0,16,0.5244,0.0034,0.0583,0.0244,0.2174,1,0
"After completing his string of skatepark grinds, on what natural object does the skateboarder sit while talking to the camera?",47,16,0.0,0.0,0,0,16,0.5315,0.00298,0.0546,0.0315,0.2143,1,0
"In the scene where the man guides a blue-and-white craft through loops and dives instead of flying a kite, what object is he piloting over the lake?",91,16,0.0,0.0,0,0,16,0.5934,0.00157,0.0396,0.0934,0.1667,1,0
"After earlier shots where the camera repeatedly pans up to the ceiling-mounted smoke detector, what object is later seen reflected in the window during the subsequent darkened scene?",63,16,0.0,0.0,0,0,16,0.5102,0.0012,0.0346,0.0102,0.1429,1,0
"Before the video transitions from the bedroom to the outdoor window-cleaning scene, which garment is left on the striped bed?",119,16,0.0,0.0,0,0,16,0.5374,0.001,0.0316,0.0374,0.08,1,0
"After the boys move from pouring green liquid into a glass to washing dishes, which color cup does the shirtless boy scrub using a pink sponge?",66,16,0.0,0.0,0,0,16,0.5054,0.00044,0.021,0.0054,0.087,1,0
"After the credit card is slotted into the 'Super Cash' ATM, which boxed snack does the camera later focus on in the grocery store aisle?",80,16,0.0,0.0,0,0,16,0.5053,0.00041,0.0203,0.0053,0.084,1,0
"When the man leaves the living room where the Jenga tower sits on the coffee table and walks into the next room, what exercise equipment does the camera reveal?",54,16,0.0,0.0,0,0,16,0.5049,0.00035,0.0188,0.0049,0.0778,1,0
"Following the moment when a man kneels to adjust the exercise bike’s pedal plate, which heart-rate monitoring device is later highlighted during another man’s elliptical workout?",39,16,0.0,0.0,0,0,16,0.5042,0.0002,0.0141,0.0042,0.0582,1,0
"After browsing an online shopping app near the clothing display, which snack does the shopper later pick up and hold in the snack aisle?",123,16,0.0,0.0,0,0,16,0.5022,7e-05,0.0086,0.0022,0.0357,1,0
"While the woman in a green dress moves around the kitchen handling utensils and opening cabinets, what food is the other person holding and occasionally stirring?",76,16,0.0,0.0,0,0,16,0.5017,4e-05,0.0064,0.0017,0.0265,1,0
"After the group finishes talking beside the white fence but before the marching band resumes, what vehicle does a participant ride down the street?",44,16,0.0,0.0,0,0,16,0.5,0.0,0.0,0.0,0.0,1,1
"Immediately after the dentist finishes demonstrating with the oversized toothbrush and mouth model, what does the young girl do?",94,16,0.0,0.0,0,0,16,0.5,0.0,0.0,0.0,0.0,1,1
Which kitchen appliance does the hand open after the pot on the stove is shown but before the microwave is switched on?,127,16,0.0,0.0,0,0,16,0.5,0.0,0.0,0.0,0.0,1,1
